case_reference_id,court_level,case_type,number_of_cases_alleged,number_of_accused,victim_count,cross_state_indicator,cross_border_indicator,cybercrime_indicator,financial_fraud_indicator,organized_operation_indicator,repeat_offender_indicator,social_engineering_indicator,ipc_420,ipc_468_471,ipc_120b_or_34,evidence_completeness_score,charge_sheet_filed,custody_duration_days,statutory_cert_present,chain_of_custody_complete,fake_call_center_indicator,bulk_corporate_sim_indicator,forged_company_indicator,voip_calling_indicator,vishing_indicator,night_call_ratio,call_burst_frequency,imei_sim_swap_ratio,avg_call_duration_sec,multiple_calling_numbers_indicator,it_act_66d,unauthorized_transfer_amount_inr,amount_credited_to_accused_ratio,account_frozen_indicator,is_fund_transit_velocity_applicable,fund_transit_velocity_minutes,fraudulent_website_count,payment_gateway_count,linked_beneficiary_account_count,card_credential_harvesting_indicator,it_act_66c,victim_identification_success,test_identification_parade_validity,reasonable_doubt_identity_gap,network_degree,network_betweenness,topological_kingpin_score,label_entity_role,label_high_risk_cyber_syndicate,label_public_order_vs_law_and_order,label_bail_or_custody_relief,label_conviction_outcome
NCRB-SYNTH-100001,Trial Court,Sec 439 CrPC (Regular Bail),2,4,13,1,0,1,1,1,0,1,1,1,1,0.8321,1,82,1,0,1,1,0,1,1,0.6143,86,7.7795,281.69,1,1,1070507.84,0.1409,0,1,10.04,1,3,10,1,1,1,1,0,7,0.0682,0.0328,5,1,1,1,1
NCRB-SYNTH-100018,Trial Court,Sec 482 CrPC (Quashing),2,21,46,1,0,1,1,1,0,1,1,1,1,0.6518,1,24,0,0,1,1,1,0,1,0.7065,118,7.2941,207.69,1,1,3201309.35,0.0269,0,1,4.62,5,3,6,1,1,1,1,0,11,0.1631,0.0656,3,1,1,0,0
NCRB-SYNTH-100019,High Court,Sec 439 CrPC (Regular Bail),2,8,64,1,0,1,1,1,0,1,1,1,1,0.7236,1,74,1,1,1,1,0,1,1,0.6039,130,5.3189,120.63,1,1,2720106.08,0.1362,1,1,8.52,4,1,6,1,1,0,0,1,7,0.0722,0.0347,5,1,1,1,1
NCRB-SYNTH-100024,Trial Court,Sec 439 CrPC (Regular Bail),4,11,43,1,0,1,1,1,0,1,1,1,1,0.4882,1,43,1,1,1,1,1,0,1,0.5692,144,3.687,167.51,1,1,4440342.23,0.0435,0,1,5.88,1,1,9,1,1,1,1,0,6,0.1748,0.0898,5,1,1,1,0
NCRB-SYNTH-100025,Trial Court,Sec 439 CrPC (Regular Bail),1,8,95,1,0,1,1,1,1,1,1,1,1,0.5807,1,183,1,1,1,1,0,1,1,0.8216,145,6.375,282.81,1,1,658616.47,0.1059,0,1,16.49,1,1,6,1,1,1,1,0,9,0.1924,0.0836,5,1,1,0,0
NCRB-SYNTH-100028,High Court,Sec 439 CrPC (Regular Bail),2,10,97,1,0,1,1,1,1,1,1,1,1,0.967,1,24,1,1,1,1,1,1,1,0.847,56,4.6447,71.41,1,1,2153904.56,0.004,0,1,3.77,1,2,2,1,1,1,1,0,10,0.1674,0.0698,3,1,1,1,1
NCRB-SYNTH-100040,High Court,Trial Judgment,2,20,57,0,0,1,1,1,0,1,1,1,1,0.7284,1,24,1,1,1,1,1,1,1,0.7127,69,3.1054,125.1,1,1,2061515.69,0.1687,0,1,6.13,5,2,4,1,1,1,1,0,8,0.1542,0.0702,3,1,1,0,1
NCRB-SYNTH-100042,Trial Court,Sec 439 CrPC (Regular Bail),1,18,80,1,0,1,1,1,0,1,1,1,1,0.856,0,143,0,1,1,1,1,1,1,0.5695,140,6.9435,295.16,1,1,1181557.66,0.0552,1,1,16.88,5,2,5,0,1,1,1,0,5,0.1055,0.0589,5,1,1,0,0
NCRB-SYNTH-100048,Trial Court,Trial Judgment,1,17,12,1,0,1,1,1,0,1,1,1,1,0.5646,1,98,1,0,1,1,1,0,1,0.8672,115,7.2593,96.36,1,1,386682.92,0.1086,0,1,21.11,3,2,5,1,1,1,1,0,11,0.0842,0.0339,3,1,1,0,0
NCRB-SYNTH-100049,Trial Court,Sec 482 CrPC (Quashing),27,18,25,1,0,1,1,1,0,1,1,1,1,0.5354,0,80,1,1,1,1,1,1,1,0.6135,50,6.5728,292.93,1,1,668763.21,0.0852,1,1,4.74,3,3,7,1,1,1,1,0,6,0.2277,0.117,5,1,1,1,0
NCRB-SYNTH-100061,Trial Court,Writ Petition (Detention),1,16,52,1,0,1,1,1,1,1,1,1,1,0.9651,1,16,1,1,1,1,1,1,1,0.4401,136,5.6886,124.47,1,1,2808906.89,0.1481,1,1,3.25,1,2,9,0,1,1,1,0,11,0.1326,0.0533,5,1,1,0,1
NCRB-SYNTH-100064,Trial Court,Sec 439 CrPC (Regular Bail),2,6,13,1,0,1,1,1,1,1,1,1,1,0.521,1,160,0,0,1,0,1,0,1,0.7032,54,5.7117,83.95,1,1,3131657.94,0.0115,0,1,10.96,3,2,3,1,1,0,0,1,17,0.0851,0.0295,4,1,1,1,0
NCRB-SYNTH-100066,High Court,Sec 482 CrPC (Quashing),4,24,82,1,0,1,1,1,0,1,1,1,1,0.4276,1,89,1,1,1,1,1,1,1,0.6833,49,7.644,180.52,1,1,2620075.15,0.1427,1,1,1.61,1,4,9,1,1,1,1,0,11,0.0549,0.0221,3,1,1,0,0
NCRB-SYNTH-100079,High Court,Sec 439 CrPC (Regular Bail),1,5,70,1,0,1,1,1,1,1,1,1,1,0.7545,1,60,1,1,1,1,0,0,1,0.9511,55,5.3683,229.3,1,1,2911249.24,0.0303,0,1,20.39,2,4,5,1,1,0,0,1,4,0.0589,0.0366,3,1,1,0,1
NCRB-SYNTH-100090,High Court,Sec 439 CrPC (Regular Bail),1,3,35,1,0,1,1,1,0,1,1,1,1,0.9283,1,164,1,1,1,1,1,1,1,0.5364,150,5.8003,277.01,1,1,415992.26,0.0242,1,1,9.65,4,2,8,1,1,1,1,0,20,0.0849,0.0279,4,1,1,0,1
NCRB-SYNTH-100096,Trial Court,Sec 439 CrPC (Regular Bail),1,4,66,1,0,1,1,1,0,1,1,1,1,0.959,1,106,0,0,1,0,0,0,1,0.5783,60,7.3965,274.84,1,1,2917712.39,0.0613,0,1,13.03,2,3,10,1,1,1,1,0,2,0.8046,0.7324,1,1,1,0,0
NCRB-SYNTH-100097,High Court,Sec 439 CrPC (Regular Bail),2,25,43,0,0,1,1,1,1,1,1,1,1,0.4083,1,162,1,1,1,1,1,0,1,0.5343,76,3.5259,46.23,1,1,1221957.61,0.0847,0,1,21.59,2,1,8,1,1,1,1,0,31,0.2868,0.0828,4,1,1,1,0
NCRB-SYNTH-100098,High Court,Trial Judgment,1,10,7,1,0,1,1,1,1,1,1,1,1,0.7273,1,119,1,1,1,1,1,1,1,0.7569,114,4.7198,277.81,1,1,3490065.53,0.0651,0,1,8.11,3,4,2,1,1,1,1,0,9,0.1224,0.0531,5,1,1,0,1
NCRB-SYNTH-100104,Trial Court,Sec 439 CrPC (Regular Bail),27,25,62,1,0,1,1,1,1,1,1,1,1,0.723,1,71,1,1,1,1,1,1,1,0.5981,50,6.8092,192.83,1,1,3642643.37,0.0957,1,1,7.79,4,4,9,1,1,1,1,0,9,0.1923,0.0835,3,1,1,0,1
NCRB-SYNTH-100107,Trial Court,Sec 482 CrPC (Quashing),4,22,72,1,0,1,1,1,0,1,1,1,1,0.7133,1,130,1,1,1,1,1,1,1,0.9118,44,5.7899,160.18,1,1,3846581.02,0.109,0,1,1.15,2,1,10,0,1,0,0,1,5,0.1239,0.0691,5,1,1,0,1
NCRB-SYNTH-100120,High Court,Sec 439 CrPC (Regular Bail),4,17,62,1,0,1,1,1,0,1,1,1,1,0.8378,1,65,1,1,1,1,1,1,1,0.8299,65,4.2872,265.78,1,1,757294.98,0.0346,1,1,8.86,2,3,9,1,1,0,0,1,10,0.0672,0.028,5,1,1,1,1
NCRB-SYNTH-100126,High Court,Sec 482 CrPC (Quashing),27,20,57,1,1,1,1,1,0,1,1,1,1,0.4113,0,36,1,1,1,1,1,1,1,0.7017,75,7.7973,89.74,1,1,1830792.11,0.1644,0,1,3.6,4,3,5,1,1,1,1,0,6,0.1841,0.0946,3,1,1,0,0
NCRB-SYNTH-100130,Trial Court,Sec 482 CrPC (Quashing),2,12,14,1,0,1,1,1,0,1,1,1,1,0.8529,1,85,1,1,1,1,0,0,1,0.7457,113,6.0622,243.75,1,1,1839810.96,0.1282,1,1,14.91,5,3,10,1,1,0,0,1,6,0.0809,0.0416,5,1,1,0,1
NCRB-SYNTH-100131,High Court,Sec 439 CrPC (Regular Bail),1,21,82,1,0,1,1,1,1,1,1,1,1,0.8321,1,144,1,1,1,1,1,1,1,0.6681,117,3.937,250.93,1,1,549088.09,0.1176,1,1,36.59,5,2,9,1,1,1,1,0,11,0.195,0.0785,5,1,1,1,1
NCRB-SYNTH-100137,High Court,Sec 439 CrPC (Regular Bail),1,16,85,1,0,1,1,1,1,1,1,1,1,0.6539,1,84,0,0,1,1,1,1,1,0.7174,114,3.8216,76.72,1,1,539565.03,0.1069,1,1,8.39,4,3,4,1,1,1,1,0,37,0.098,0.027,4,1,1,1,0
NCRB-SYNTH-100139,High Court,Sec 482 CrPC (Quashing),1,24,67,0,0,1,1,1,1,1,1,1,1,0.635,1,165,0,0,1,0,0,1,1,0.6635,125,7.1518,267.79,1,1,2134336.69,0.0464,1,1,17.08,3,4,6,1,1,0,0,1,7,0.1788,0.086,5,1,1,1,0
NCRB-SYNTH-100143,Trial Court,Sec 439 CrPC (Regular Bail),1,16,65,1,0,1,1,1,1,1,1,1,1,0.8946,1,118,1,1,1,0,0,0,1,0.7669,78,5.0307,122.65,1,1,2932719.27,0.1449,1,1,6.33,5,3,9,1,1,1,1,0,8,0.1566,0.0713,5,1,1,1,1
NCRB-SYNTH-100148,High Court,Sec 439 CrPC (Regular Bail),15,16,50,1,0,1,1,1,0,1,1,1,1,0.7896,1,171,1,1,1,1,1,1,1,0.749,141,6.232,129.08,1,1,1852666.86,0.1941,0,1,6.14,4,4,8,1,1,1,1,0,5,0.1411,0.0788,5,1,1,1,1
NCRB-SYNTH-100154,Trial Court,Writ Petition (Detention),2,4,41,1,0,1,1,1,1,1,1,1,1,0.6673,1,109,1,1,1,1,1,0,1,0.5951,88,6.1782,226.77,1,1,4109859.6,0.1778,0,1,2.59,3,4,2,0,1,1,1,0,5,0.1193,0.0666,5,1,1,1,1
NCRB-SYNTH-100161,High Court,Sec 439 CrPC (Regular Bail),21,8,7,1,0,1,1,1,1,1,1,1,1,0.8008,1,81,0,0,1,0,1,0,1,0.5819,93,4.1727,159.2,1,1,1617768.56,0.1053,1,1,5.83,1,3,4,0,1,1,1,0,8,0.2047,0.0932,5,1,1,1,0
NCRB-SYNTH-100164,High Court,Sec 439 CrPC (Regular Bail),2,5,23,1,0,1,1,1,1,1,1,1,1,0.8479,1,93,1,1,1,0,1,1,1,0.5907,42,4.8231,78.13,1,1,3008740.26,0.1763,0,1,2.36,2,4,9,0,1,1,1,0,8,0.148,0.0674,5,1,1,0,1
NCRB-SYNTH-100173,Trial Court,Sec 439 CrPC (Regular Bail),21,21,83,1,0,1,1,1,1,1,1,1,1,0.4953,1,81,1,1,1,0,1,0,1,0.9319,135,4.5214,191.25,1,1,3820578.33,0.0067,0,1,3.0,2,3,4,1,1,1,1,0,35,0.3127,0.0873,4,1,1,0,0
NCRB-SYNTH-100178,High Court,Sec 439 CrPC (Regular Bail),2,3,28,1,0,1,1,1,0,1,1,1,1,0.736,1,81,1,1,1,1,1,1,1,0.8321,67,7.6966,221.49,1,1,691654.04,0.1415,1,1,35.56,2,2,10,1,1,1,1,0,7,0.121,0.0582,3,1,1,1,1
NCRB-SYNTH-100189,Trial Court,Sec 482 CrPC (Quashing),4,23,78,1,0,1,1,1,1,1,1,1,1,0.423,1,83,1,1,1,0,0,0,1,0.4829,144,4.7099,168.6,1,1,1338086.75,0.0102,1,1,5.76,1,2,4,0,1,1,1,0,1,0.9113,1.3148,1,1,1,1,0
NCRB-SYNTH-100211,High Court,Sec 482 CrPC (Quashing),7,17,62,0,0,1,1,1,1,1,1,1,1,0.8294,0,124,1,0,1,0,1,1,1,0.8555,56,4.8921,285.17,1,1,1079237.8,0.0707,1,1,1.78,5,3,10,1,1,0,0,1,35,0.1191,0.0332,4,1,1,0,1
NCRB-SYNTH-100224,Trial Court,Writ Petition (Detention),21,13,95,1,0,1,1,1,0,1,1,1,1,0.6294,1,115,1,1,1,0,1,1,1,0.8119,74,5.8604,212.28,1,1,2527813.45,0.1057,1,1,2.94,1,4,9,0,1,1,1,0,2,0.6867,0.625,1,1,1,1,1
NCRB-SYNTH-100228,High Court,Sec 439 CrPC (Regular Bail),1,24,19,1,0,1,1,1,0,1,1,1,1,0.5354,1,50,1,1,1,1,1,1,1,0.3649,149,5.6203,269.11,1,1,3142674.24,0.1452,0,1,9.78,3,1,5,0,1,1,1,0,11,0.226,0.0909,5,1,1,0,0
NCRB-SYNTH-100232,Trial Court,Writ Petition (Detention),1,4,78,1,0,1,1,1,0,1,1,1,1,0.5992,1,23,0,1,1,1,1,1,1,0.7629,120,7.4551,258.84,1,1,2714414.61,0.0305,1,1,5.13,3,1,3,1,1,1,1,0,23,0.1386,0.0436,4,1,1,0,0
NCRB-SYNTH-100234,High Court,Sec 482 CrPC (Quashing),1,23,91,1,0,1,1,1,0,1,1,1,1,0.5973,1,68,1,1,1,1,0,1,1,0.7237,99,5.8563,176.25,1,1,3321239.59,0.0141,0,1,3.99,2,2,8,1,1,1,1,0,1,0.8238,1.1885,1,1,1,0,0
NCRB-SYNTH-100244,High Court,Writ Petition (Detention),4,15,63,1,0,1,1,1,0,1,1,1,1,0.5716,0,44,1,1,1,1,1,1,1,0.6885,64,3.6338,227.46,1,1,1200439.63,0.0263,1,1,1.63,2,3,10,1,1,1,1,0,4,0.1621,0.1007,5,1,1,0,0
NCRB-SYNTH-100247,High Court,Sec 439 CrPC (Regular Bail),1,4,74,1,0,1,1,1,1,1,1,1,1,0.4602,1,40,1,1,1,0,1,1,1,0.6249,52,4.2216,85.01,1,1,661613.89,0.084,0,1,24.63,3,2,5,1,1,1,1,0,6,0.134,0.0689,5,1,1,0,0
NCRB-SYNTH-100252,Trial Court,Writ Petition (Detention),1,8,26,1,0,1,1,1,1,1,1,1,1,0.6473,1,52,1,1,1,0,1,1,1,0.8142,45,3.3786,236.77,1,1,4252914.62,0.159,0,1,1.8,4,3,7,0,1,1,1,0,8,0.2468,0.1123,3,1,1,0,1
NCRB-SYNTH-100264,High Court,Sec 439 CrPC (Regular Bail),1,7,32,0,0,1,1,1,1,1,1,1,1,0.5551,1,19,1,1,1,1,1,1,1,0.5998,130,6.8436,233.18,1,1,1134296.66,0.1879,0,1,5.95,4,2,3,1,1,1,1,0,4,0.1436,0.0892,3,1,1,0,0
NCRB-SYNTH-100269,Trial Court,Sec 439 CrPC (Regular Bail),7,23,18,1,0,1,1,1,0,1,1,1,1,0.6608,1,173,1,0,1,1,0,0,1,0.8036,78,4.5807,257.11,1,1,2737094.11,0.0798,0,1,2.88,5,2,6,0,1,0,0,1,6,0.0843,0.0433,5,1,1,1,1
NCRB-SYNTH-100275,High Court,Sec 439 CrPC (Regular Bail),1,4,83,1,0,1,1,1,0,1,1,1,1,0.4858,1,56,0,1,1,1,1,1,1,0.8507,45,5.4546,125.66,1,1,3747986.03,0.1989,1,1,14.31,2,4,7,1,1,0,0,1,29,0.3042,0.0894,4,1,1,0,0
NCRB-SYNTH-100276,High Court,Sec 482 CrPC (Quashing),15,20,36,1,0,1,1,1,0,1,1,1,1,0.71,1,163,1,1,1,1,1,1,1,0.6185,135,3.6059,101.41,1,1,3482496.71,0.068,0,1,7.07,4,2,4,1,1,1,1,0,30,0.0952,0.0277,4,1,1,0,1
NCRB-SYNTH-100283,High Court,Sec 482 CrPC (Quashing),1,9,87,1,0,1,1,1,0,1,1,1,1,0.8342,0,39,1,0,1,1,1,1,1,0.6589,73,5.6336,188.26,1,1,608102.54,0.1511,1,1,6.73,5,2,8,1,1,1,1,0,11,0.2188,0.0881,5,1,1,1,1
NCRB-SYNTH-100287,High Court,Sec 439 CrPC (Regular Bail),1,11,17,1,0,1,1,1,0,1,1,1,1,0.9135,1,88,1,1,1,1,1,1,1,0.5689,56,3.7919,159.3,1,1,375975.43,0.119,1,1,12.35,2,3,4,1,1,1,1,0,4,0.0521,0.0324,5,1,1,1,1
NCRB-SYNTH-100288,Trial Court,Trial Judgment,1,24,26,1,0,1,1,1,1,1,1,1,1,0.4086,1,23,0,0,1,1,1,1,1,0.7884,50,4.5951,241.06,1,1,2885994.07,0.0709,1,1,1.67,1,2,10,1,1,1,1,0,39,0.1456,0.0395,4,1,1,0,0
NCRB-SYNTH-100294,High Court,Sec 439 CrPC (Regular Bail),7,3,48,1,0,1,1,1,0,1,1,1,1,0.5602,0,136,1,1,1,1,1,1,1,0.8836,149,5.2042,147.06,1,1,4203102.48,0.1822,0,1,10.59,2,2,9,1,1,0,0,1,10,0.0532,0.0222,5,1,1,0,0
NCRB-SYNTH-100296,Trial Court,Writ Petition (Detention),7,11,28,0,0,1,1,1,0,1,1,1,1,0.7378,1,110,0,0,1,1,0,1,1,0.5975,88,3.3357,213.06,1,1,2693127.8,0.0409,1,1,3.15,5,3,7,1,1,1,1,0,6,0.1625,0.0835,3,1,1,0,0
NCRB-SYNTH-100302,Supreme Court,Writ Petition (Detention),1,3,66,1,0,1,1,1,0,1,1,1,1,0.7964,0,143,1,1,1,1,0,0,1,0.791,141,7.493,94.89,1,1,1889904.85,0.1394,0,1,3.05,5,4,10,1,1,1,1,0,7,0.1256,0.0604,5,1,1,0,1
NCRB-SYNTH-100303,High Court,Sec 439 CrPC (Regular Bail),27,7,76,1,1,1,1,1,0,1,1,1,1,0.708,1,57,1,0,1,1,1,1,1,0.5041,65,6.4863,117.35,1,1,3528466.27,0.0586,1,1,10.88,1,3,7,1,1,1,1,0,2,0.9229,0.8401,1,1,1,0,1
NCRB-SYNTH-100307,High Court,Sec 439 CrPC (Regular Bail),4,9,59,1,0,1,1,1,0,1,1,1,1,0.7608,1,88,0,0,1,1,0,1,1,0.5611,41,4.5233,255.25,1,1,4131639.65,0.0267,1,1,46.55,3,1,6,1,1,0,0,1,10,0.1032,0.0431,3,1,1,1,0
NCRB-SYNTH-100311,High Court,Sec 439 CrPC (Regular Bail),4,19,54,1,0,1,1,1,0,1,1,1,1,0.5066,1,42,1,1,1,0,0,1,1,0.5332,61,4.8224,209.59,1,1,362460.4,0.0905,0,1,6.61,4,1,7,1,1,1,1,0,30,0.1676,0.0488,4,1,1,0,0
NCRB-SYNTH-100317,Trial Court,Sec 439 CrPC (Regular Bail),2,9,86,1,0,1,1,1,0,1,1,1,1,0.5058,1,46,1,1,1,1,0,1,1,0.5607,67,3.7028,130.19,1,1,686587.82,0.0353,1,1,3.81,2,1,3,1,1,1,1,0,15,0.1913,0.069,4,1,1,0,0
NCRB-SYNTH-100321,High Court,Trial Judgment,1,16,62,1,1,1,1,1,1,1,1,1,1,0.6488,1,111,1,1,1,1,1,0,1,0.8578,116,3.5401,248.68,1,1,503027.54,0.1892,0,1,8.39,2,4,5,1,1,0,0,1,2,0.6409,0.5833,1,1,1,0,1
NCRB-SYNTH-100329,Trial Court,Sec 439 CrPC (Regular Bail),1,8,100,1,0,1,1,1,0,1,1,1,1,0.7376,1,17,1,1,1,1,1,0,1,0.6528,40,7.0587,263.13,1,1,3653886.49,0.178,0,1,2.05,2,1,4,1,1,1,1,0,8,0.2261,0.1029,3,1,1,0,1
NCRB-SYNTH-100331,High Court,Sec 439 CrPC (Regular Bail),4,4,76,1,0,1,1,1,0,1,1,1,1,0.7239,1,134,1,1,1,0,0,1,1,0.8659,47,7.4663,236.18,1,1,1435095.52,0.0494,1,1,19.41,2,4,2,0,1,0,0,1,41,0.1992,0.0533,4,1,1,0,1
NCRB-SYNTH-100339,High Court,Sec 439 CrPC (Regular Bail),1,13,90,1,0,1,1,1,0,1,1,1,1,0.4808,1,138,1,1,1,0,1,0,1,0.7091,63,7.3005,239.05,1,1,3713332.56,0.0416,1,1,12.67,3,4,7,1,1,1,1,0,20,0.1323,0.0435,4,1,1,1,0
NCRB-SYNTH-100341,Trial Court,Sec 439 CrPC (Regular Bail),1,3,24,1,0,1,1,1,0,1,1,1,1,0.82,1,150,1,1,1,1,1,1,1,0.7398,54,7.8514,122.42,1,1,1158128.69,0.1734,1,1,16.65,4,1,9,1,1,0,0,1,33,0.1577,0.0447,4,1,1,0,1
NCRB-SYNTH-100342,Trial Court,Sec 439 CrPC (Regular Bail),27,14,49,1,0,1,1,1,1,1,1,1,1,0.5613,0,162,1,1,1,1,0,1,1,0.8674,79,5.3424,104.54,1,1,1154852.29,0.0614,0,1,18.67,3,3,10,1,1,1,1,0,6,0.0523,0.0269,5,1,1,0,0
NCRB-SYNTH-100344,Trial Court,Sec 439 CrPC (Regular Bail),2,7,30,1,0,1,1,1,1,1,1,1,1,0.8069,1,61,0,0,1,1,1,1,1,0.629,123,5.9836,118.08,1,1,4410809.68,0.1024,0,1,4.19,1,3,7,1,1,1,1,0,8,0.1954,0.0889,5,1,1,1,0
NCRB-SYNTH-100345,Supreme Court,Sec 439 CrPC (Regular Bail),1,15,85,0,0,1,1,1,0,1,1,1,1,0.6026,1,52,1,0,1,1,1,0,1,0.671,98,4.7751,264.24,1,1,2394101.19,0.003,0,1,7.41,5,2,9,0,1,1,1,0,11,0.0871,0.035,5,1,1,0,1
NCRB-SYNTH-100349,Trial Court,Sec 482 CrPC (Quashing),2,25,35,1,0,1,1,1,1,1,1,1,1,0.5664,1,110,1,1,1,1,1,0,1,0.76,86,2.9929,214.92,1,1,1768834.41,0.117,1,1,13.2,2,4,4,1,1,0,0,1,11,0.1851,0.0745,5,1,1,0,0
NCRB-SYNTH-100351,High Court,Sec 439 CrPC (Regular Bail),7,11,86,1,0,1,1,1,1,1,1,1,1,0.7852,0,147,1,1,1,0,1,1,1,0.7799,61,6.963,232.51,1,1,741192.91,0.0465,1,1,30.96,5,3,8,1,1,1,1,0,10,0.0747,0.0311,5,1,1,0,1
NCRB-SYNTH-100361,High Court,Sec 439 CrPC (Regular Bail),1,24,63,1,0,1,1,1,0,1,1,1,1,0.5136,1,24,1,0,1,1,1,0,1,0.627,101,7.9594,175.72,1,1,1955474.46,0.1201,0,1,8.71,2,4,4,1,1,1,1,0,28,0.1491,0.0443,4,1,1,0,0
NCRB-SYNTH-100363,Trial Court,Sec 439 CrPC (Regular Bail),2,12,7,0,0,1,1,1,0,1,1,1,1,0.5998,1,166,0,1,1,1,1,0,1,0.7498,100,5.4591,276.61,1,1,2797492.29,0.1,1,1,25.91,5,1,5,1,1,1,1,0,8,0.1418,0.0645,5,1,1,0,0
NCRB-SYNTH-100364,Trial Court,Sec 482 CrPC (Quashing),2,11,22,1,0,1,1,1,0,1,1,1,1,0.4947,1,30,1,0,1,0,1,1,1,0.6239,88,6.6934,46.5,1,1,4241276.14,0.1028,1,1,3.25,1,3,3,1,1,1,1,0,5,0.1473,0.0822,5,1,1,0,0
NCRB-SYNTH-100366,High Court,Sec 439 CrPC (Regular Bail),4,6,88,1,0,1,1,1,1,1,1,1,1,0.8731,0,175,1,0,1,1,1,1,1,0.672,104,6.8016,132.71,1,1,4241640.16,0.1362,0,1,6.93,5,2,10,1,1,0,0,1,3,0.8093,0.5838,1,1,1,0,1
NCRB-SYNTH-100392,Trial Court,Sec 482 CrPC (Quashing),1,5,40,1,0,1,1,1,0,1,1,1,1,0.7138,1,98,1,1,1,1,0,0,1,0.9819,61,4.2155,216.42,1,1,3881489.55,0.0404,1,1,2.12,3,2,2,1,1,1,1,0,9,0.1116,0.0485,5,1,1,0,1
NCRB-SYNTH-100393,High Court,Sec 439 CrPC (Regular Bail),21,10,59,1,0,1,1,1,0,1,1,1,1,0.7992,1,105,1,1,1,1,0,1,1,0.3773,95,4.0808,272.65,1,1,1877941.25,0.0985,1,1,20.8,4,4,6,1,1,0,0,1,9,0.1325,0.0576,5,1,1,0,1
NCRB-SYNTH-100398,Trial Court,Sec 439 CrPC (Regular Bail),2,19,19,1,0,1,1,1,0,1,1,1,1,0.7674,1,70,1,1,1,1,1,1,1,0.7014,103,3.324,50.84,1,1,3917637.25,0.0481,1,1,5.57,3,1,2,1,1,1,1,0,11,0.1471,0.0592,5,1,1,1,1
NCRB-SYNTH-100403,Trial Court,Sec 482 CrPC (Quashing),1,17,61,1,0,1,1,1,0,1,1,1,1,0.5388,0,22,1,1,1,1,0,1,1,0.7792,63,7.2997,183.96,1,1,2196402.03,0.0886,0,1,24.25,1,1,9,1,1,0,0,1,9,0.0998,0.0433,5,1,1,0,0
NCRB-SYNTH-100407,High Court,Writ Petition (Detention),15,11,81,1,0,1,1,1,0,1,1,1,1,0.7078,1,35,1,1,1,1,0,1,1,0.6693,137,5.7895,214.74,1,1,4411910.39,0.0922,0,1,13.88,5,2,10,1,1,1,1,0,1,0.7237,1.0441,1,1,1,0,1
NCRB-SYNTH-100416,Trial Court,Sec 439 CrPC (Regular Bail),2,8,68,1,0,1,1,1,0,1,1,1,1,0.9283,1,30,1,1,1,1,1,1,1,0.654,150,4.5531,195.44,1,1,671159.34,0.1617,0,1,20.46,3,1,4,1,1,1,1,0,6,0.1416,0.0728,5,1,1,1,1
NCRB-SYNTH-100424,High Court,Sec 482 CrPC (Quashing),1,6,74,1,0,1,1,1,0,1,1,1,1,0.8689,1,30,0,0,1,0,1,1,1,0.6129,57,3.4568,110.88,1,1,3465872.67,0.0801,0,1,11.24,1,1,10,1,1,1,1,0,18,0.1587,0.0539,4,1,1,0,0
NCRB-SYNTH-100426,High Court,Trial Judgment,7,10,54,1,0,1,1,1,1,1,1,1,1,0.5356,1,77,1,1,1,1,1,1,1,0.6253,89,7.6648,151.87,1,1,2582546.36,0.1982,0,1,11.41,5,1,4,1,1,1,1,0,9,0.2337,0.1015,5,1,1,0,0
NCRB-SYNTH-100427,Trial Court,Sec 439 CrPC (Regular Bail),1,24,72,1,0,1,1,1,0,1,1,1,1,0.5582,1,63,1,0,1,1,1,0,1,0.6892,75,7.6575,214.3,1,1,2106651.82,0.1494,1,1,38.73,4,2,8,0,1,1,1,0,11,0.1082,0.0436,5,1,1,0,0
NCRB-SYNTH-100429,Trial Court,Sec 482 CrPC (Quashing),4,25,19,1,0,1,1,1,0,1,1,1,1,0.4196,1,173,1,1,1,1,1,1,1,0.6355,127,7.6642,239.87,1,1,4206518.76,0.0151,1,1,4.22,5,1,6,1,1,1,1,0,14,0.1816,0.0671,4,1,1,0,0
NCRB-SYNTH-100443,Trial Court,Sec 439 CrPC (Regular Bail),7,15,77,1,0,1,1,1,0,1,1,1,1,0.5882,1,173,0,1,1,0,0,1,1,0.8315,148,7.6907,82.25,1,1,1271007.37,0.0422,1,1,12.73,3,3,8,1,1,1,1,0,11,0.0753,0.0303,3,1,1,0,0
NCRB-SYNTH-100444,Trial Court,Sec 482 CrPC (Quashing),1,20,28,1,0,1,1,1,0,1,1,1,1,0.5948,1,20,0,0,1,0,1,1,1,0.6451,114,3.79,90.85,1,1,3182621.21,0.1923,1,1,19.49,4,2,2,1,1,1,1,0,1,0.7838,1.1307,1,1,1,0,0
NCRB-SYNTH-100449,High Court,Sec 439 CrPC (Regular Bail),1,20,74,1,0,1,1,1,1,1,1,1,1,0.9038,0,60,0,0,1,1,1,1,1,0.7411,41,3.4363,121.12,1,1,2042304.43,0.1568,1,1,1.13,5,2,5,1,1,1,1,0,4,0.2189,0.136,5,1,1,0,0
NCRB-SYNTH-100453,High Court,Sec 439 CrPC (Regular Bail),1,4,81,1,0,1,1,1,0,1,1,1,1,0.7615,1,139,0,1,1,1,1,1,1,0.7816,79,7.4788,68.78,1,1,3783509.13,0.1721,1,1,1.45,4,2,5,1,1,0,0,1,5,0.1014,0.0566,5,1,1,0,0
NCRB-SYNTH-100456,Trial Court,Trial Judgment,2,16,38,1,0,1,1,1,1,1,1,1,1,0.8569,1,94,1,1,1,1,0,0,1,0.7504,113,4.2,45.93,1,1,3111308.94,0.1692,1,1,9.14,1,1,8,1,1,0,0,1,11,0.1766,0.0711,5,1,1,1,1
NCRB-SYNTH-100458,Trial Court,Sec 439 CrPC (Regular Bail),1,21,29,1,0,1,1,1,0,1,1,1,1,0.7303,1,18,1,1,1,1,1,1,1,0.5802,58,4.1439,99.66,1,1,2936403.88,0.0668,1,1,5.67,5,3,4,1,1,1,1,0,4,0.1973,0.1226,5,1,1,0,1
NCRB-SYNTH-100466,Trial Court,Sec 439 CrPC (Regular Bail),2,7,77,1,0,1,1,1,1,1,1,1,1,0.7054,1,68,1,0,1,1,0,0,1,0.7838,102,6.0097,89.22,1,1,2408387.0,0.0219,0,1,35.18,4,3,7,1,1,1,1,0,7,0.0684,0.0329,3,1,1,0,1
NCRB-SYNTH-100475,Trial Court,Writ Petition (Detention),4,16,74,1,0,1,1,1,1,1,1,1,1,0.8612,1,63,1,0,1,1,1,0,1,0.5175,121,7.9069,71.4,1,1,1176497.26,0.0845,1,1,19.42,3,4,4,1,1,1,1,0,4,0.2192,0.1362,5,1,1,0,1
NCRB-SYNTH-100480,High Court,Sec 439 CrPC (Regular Bail),1,12,18,1,0,1,1,1,1,1,1,1,1,0.8924,0,142,1,1,1,1,1,0,1,0.7346,116,4.1273,293.8,1,1,1860770.7,0.1241,1,1,3.86,2,1,9,1,1,1,1,0,26,0.0929,0.0282,4,1,1,0,1
NCRB-SYNTH-100483,High Court,Sec 439 CrPC (Regular Bail),1,13,10,1,0,1,1,1,0,1,1,1,1,0.5256,1,70,1,1,1,1,1,0,1,0.5762,44,5.5296,114.37,1,1,945191.82,0.0202,1,1,10.41,4,3,8,1,1,1,1,0,8,0.2121,0.0965,3,1,1,0,0
NCRB-SYNTH-100491,Trial Court,Sec 439 CrPC (Regular Bail),1,16,86,0,0,1,1,1,1,1,1,1,1,0.8567,1,157,0,0,1,1,0,1,1,0.7267,98,3.2099,85.05,1,1,2286756.5,0.0664,1,1,1.13,1,3,2,1,1,0,0,1,6,0.1879,0.0966,5,1,1,0,0
NCRB-SYNTH-100495,Trial Court,Sec 482 CrPC (Quashing),4,24,94,1,0,1,1,1,1,1,1,1,1,0.84,1,38,1,1,1,0,1,0,1,0.4098,136,3.3347,276.05,1,1,3311728.5,0.0988,0,1,1.76,2,3,4,1,1,1,1,0,45,0.1333,0.0348,4,1,1,0,1
NCRB-SYNTH-100496,High Court,Sec 439 CrPC (Regular Bail),1,22,40,1,0,1,1,1,0,1,1,1,1,0.8328,1,177,1,0,1,1,1,1,1,0.7817,109,7.9061,201.3,1,1,2703871.15,0.0716,1,1,17.43,2,2,9,1,1,1,1,0,14,0.2974,0.1098,4,1,1,0,1
NCRB-SYNTH-100502,Trial Court,Sec 482 CrPC (Quashing),2,22,40,1,0,1,1,1,0,1,1,1,1,0.8351,1,68,0,0,1,0,1,0,1,0.7422,146,7.5362,158.19,1,1,1278738.84,0.0619,1,1,2.32,3,3,6,1,1,1,1,0,9,0.1775,0.0771,5,1,1,0,0
NCRB-SYNTH-100512,High Court,Sec 439 CrPC (Regular Bail),1,13,98,1,0,1,1,1,1,1,1,1,1,0.8791,1,38,0,0,1,0,0,0,1,0.6222,89,5.1605,265.13,1,1,3402452.98,0.1616,1,1,15.17,1,2,6,1,1,1,1,0,8,0.2229,0.1015,5,1,1,0,0
NCRB-SYNTH-100517,Trial Court,Sec 439 CrPC (Regular Bail),1,21,93,1,0,1,1,1,0,1,1,1,1,0.8297,1,29,1,1,1,1,1,0,1,0.9702,110,7.6461,148.33,1,1,3807546.46,0.021,0,1,6.98,4,3,4,0,1,0,0,1,45,0.0888,0.0232,4,1,1,1,1
NCRB-SYNTH-100522,High Court,Sec 439 CrPC (Regular Bail),1,5,80,1,0,1,1,1,0,1,1,1,1,0.9312,1,131,1,1,1,1,1,1,1,0.6408,129,5.8138,270.31,1,1,2810863.1,0.0017,1,1,26.85,4,1,8,1,1,1,1,0,3,0.5508,0.3973,1,1,1,0,1
NCRB-SYNTH-100526,High Court,Sec 482 CrPC (Quashing),1,17,58,1,0,1,1,1,1,1,1,1,1,0.8102,1,150,0,0,1,0,1,1,1,0.5729,129,6.7843,159.73,1,1,2970622.5,0.0858,0,1,5.54,5,4,2,1,1,1,1,0,39,0.0923,0.025,4,1,1,0,0
NCRB-SYNTH-100527,Trial Court,Sec 439 CrPC (Regular Bail),2,15,62,1,0,1,1,1,1,1,1,1,1,0.4199,1,153,1,1,1,0,0,1,1,0.7156,100,7.765,50.03,1,1,3042029.0,0.1941,1,1,24.39,2,1,6,1,1,1,1,0,37,0.204,0.0561,4,1,1,0,0
NCRB-SYNTH-100539,High Court,Sec 482 CrPC (Quashing),1,11,20,1,0,1,1,1,0,1,1,1,1,0.5504,1,144,0,0,1,1,0,1,1,0.7937,102,6.8904,58.66,1,1,2153161.54,0.1952,1,1,40.91,2,1,10,1,1,1,1,0,20,0.2742,0.0901,4,1,1,0,0
NCRB-SYNTH-100546,High Court,Trial Judgment,2,8,5,1,0,1,1,1,0,1,1,1,1,0.6726,0,123,1,1,1,1,0,1,1,0.6458,138,4.9269,201.72,1,1,2394502.0,0.0545,1,1,30.13,1,1,7,1,1,1,1,0,5,0.2282,0.1274,5,1,1,0,1
NCRB-SYNTH-100549,Trial Court,Sec 482 CrPC (Quashing),15,19,45,1,0,1,1,1,0,1,1,1,1,0.6285,1,20,1,1,1,1,1,1,1,0.4949,142,3.0689,265.48,1,1,2039698.68,0.1703,0,1,16.82,5,2,3,0,1,1,1,0,10,0.0747,0.0312,3,1,1,0,1
NCRB-SYNTH-100551,Trial Court,Trial Judgment,1,22,31,1,0,1,1,1,0,1,1,1,1,0.8353,0,175,1,1,1,1,1,1,1,0.5608,132,3.9948,100.15,1,1,1305285.37,0.0959,0,1,21.32,1,2,10,1,1,1,1,0,8,0.2478,0.1128,5,1,1,0,1
NCRB-SYNTH-100556,High Court,Sec 439 CrPC (Regular Bail),1,14,81,1,0,1,1,1,0,1,1,1,1,0.6631,0,55,0,1,1,1,0,0,1,0.7423,64,7.2224,200.69,1,1,1712314.97,0.0135,1,1,5.48,2,2,5,0,1,0,0,1,2,0.7398,0.6734,1,1,1,1,0
NCRB-SYNTH-100565,High Court,Sec 439 CrPC (Regular Bail),2,12,32,1,0,1,1,1,1,1,1,1,1,0.7227,1,95,1,1,1,1,0,1,1,0.8008,146,7.9956,280.62,1,1,2789823.84,0.1398,0,1,9.37,3,3,3,1,1,1,1,0,10,0.128,0.0534,5,1,1,0,1
NCRB-SYNTH-100567,High Court,Sec 482 CrPC (Quashing),1,7,24,1,0,1,1,1,1,1,1,1,1,0.5664,1,117,1,1,1,1,0,1,1,0.79,147,4.984,284.23,1,1,3622074.39,0.1781,1,1,9.71,3,1,4,1,1,1,1,0,41,0.121,0.0324,4,1,1,0,0
NCRB-SYNTH-100568,High Court,Sec 439 CrPC (Regular Bail),7,22,59,1,0,1,1,1,1,1,1,1,1,0.8619,1,50,1,1,1,1,1,0,1,0.5717,55,3.6753,132.12,1,1,3074589.89,0.0414,1,1,8.75,2,2,4,0,1,1,1,0,5,0.0541,0.0302,3,1,1,0,1
NCRB-SYNTH-100571,High Court,Sec 439 CrPC (Regular Bail),2,5,55,0,0,1,1,1,1,1,1,1,1,0.8398,1,109,1,0,1,1,0,0,1,0.7019,81,7.1288,45.23,1,1,4468763.53,0.1416,1,1,25.23,4,1,10,1,1,1,1,0,11,0.0785,0.0316,5,1,1,0,1
NCRB-SYNTH-100573,High Court,Sec 439 CrPC (Regular Bail),2,9,92,1,0,1,1,1,0,1,1,1,1,0.5118,1,26,1,1,1,1,1,1,1,0.5588,94,6.1343,45.57,1,1,3718083.36,0.0508,1,1,2.52,5,3,2,0,1,1,1,0,10,0.243,0.1014,5,1,1,0,0
NCRB-SYNTH-100579,High Court,Writ Petition (Detention),1,8,77,0,0,1,1,1,0,1,1,1,1,0.5356,1,143,1,1,1,0,0,1,1,0.5924,100,7.1272,162.75,1,1,3851211.35,0.0868,0,1,4.26,3,2,5,1,1,0,0,1,44,0.1659,0.0436,4,1,1,1,0
NCRB-SYNTH-100581,Trial Court,Trial Judgment,4,21,38,0,0,1,1,1,1,1,1,1,1,0.6819,1,148,1,0,1,1,1,1,1,0.6587,139,7.1057,157.16,1,1,1541585.72,0.154,1,1,50.97,5,3,7,0,1,0,0,1,14,0.1209,0.0447,4,1,1,1,1
NCRB-SYNTH-100583,High Court,Trial Judgment,7,12,31,0,0,1,1,1,0,1,1,1,1,0.8557,1,171,1,1,1,1,1,1,1,0.7088,108,6.9441,209.83,1,1,2572152.89,0.1548,1,1,3.11,1,4,4,1,1,1,1,0,1,0.4781,0.6897,1,1,1,0,1
NCRB-SYNTH-100596,Trial Court,Sec 439 CrPC (Regular Bail),1,4,42,1,0,1,1,1,0,1,1,1,1,0.9048,1,119,1,1,1,1,1,1,1,0.5922,107,7.237,59.57,1,1,676533.19,0.086,0,1,41.05,1,2,8,1,1,1,1,0,11,0.1532,0.0616,5,1,1,0,1
NCRB-SYNTH-100606,Trial Court,Sec 439 CrPC (Regular Bail),2,23,33,1,0,1,1,1,1,1,1,1,1,0.4175,1,12,1,1,1,1,0,0,1,0.8254,139,5.9581,77.32,1,1,3473754.57,0.0859,1,1,1.7,4,1,2,1,1,0,0,1,3,0.8207,0.592,1,1,1,1,0
NCRB-SYNTH-100608,High Court,Sec 439 CrPC (Regular Bail),1,16,39,1,0,1,1,1,0,1,1,1,1,0.6875,1,140,1,0,1,1,0,0,1,0.633,134,6.0053,109.34,1,1,2946727.32,0.173,0,1,7.07,4,1,5,1,1,1,1,0,6,0.1026,0.0527,5,1,1,1,1
NCRB-SYNTH-100609,Trial Court,Sec 439 CrPC (Regular Bail),1,15,24,1,0,1,1,1,0,1,1,1,1,0.7355,1,20,1,1,1,1,1,1,1,0.6929,67,6.2816,231.22,1,1,2211222.32,0.123,1,1,2.62,2,1,6,0,1,1,1,0,5,0.2033,0.1135,5,1,1,0,1
NCRB-SYNTH-100623,Trial Court,Writ Petition (Detention),1,18,97,0,0,1,1,1,0,1,1,1,1,0.5227,1,29,1,1,1,0,0,0,1,0.7211,79,2.9926,67.16,1,1,3205940.46,0.1483,0,1,4.36,1,2,7,1,1,1,1,0,4,0.1326,0.0824,5,1,1,0,0
NCRB-SYNTH-100624,Trial Court,Sec 439 CrPC (Regular Bail),4,8,30,1,0,1,1,1,1,1,1,1,1,0.8387,1,71,1,1,1,1,1,0,1,0.7484,129,4.8099,187.58,1,1,758090.94,0.1274,0,1,4.28,1,4,2,1,1,1,1,0,10,0.1376,0.0574,3,1,1,0,1
NCRB-SYNTH-100626,High Court,Sec 439 CrPC (Regular Bail),1,21,55,1,0,1,1,1,1,1,1,1,1,0.4135,0,80,1,1,1,1,1,1,1,0.6031,40,5.8877,88.21,1,1,3348597.36,0.1046,0,1,16.22,1,3,7,1,1,1,1,0,16,0.2807,0.0991,4,1,1,0,0
NCRB-SYNTH-100627,Supreme Court,Writ Petition (Detention),1,10,70,1,0,1,1,1,0,1,1,1,1,0.6514,1,175,0,1,1,1,1,1,1,0.7177,125,3.2001,234.22,1,1,3304189.89,0.1542,1,1,26.23,4,4,7,1,1,1,1,0,2,0.4888,0.4449,1,1,1,0,0
NCRB-SYNTH-100633,High Court,Sec 439 CrPC (Regular Bail),15,13,49,1,0,1,1,1,0,1,1,1,1,0.9475,1,30,0,0,1,1,1,1,1,0.7686,115,5.4918,171.11,1,1,1813820.45,0.0412,1,1,4.87,1,1,7,0,1,1,1,0,44,0.1443,0.0379,4,1,1,1,0
NCRB-SYNTH-100634,High Court,Sec 439 CrPC (Regular Bail),2,11,10,1,0,1,1,1,0,1,1,1,1,0.8168,1,60,1,1,1,1,1,1,1,0.5963,79,6.0453,166.01,1,1,804583.21,0.0696,0,1,33.48,5,4,9,1,1,0,0,1,11,0.1951,0.0785,5,1,1,1,1
NCRB-SYNTH-100636,Trial Court,Sec 482 CrPC (Quashing),1,18,62,1,0,1,1,1,1,1,1,1,1,0.6028,1,56,1,1,1,1,1,1,1,0.5363,52,6.459,282.01,1,1,961201.85,0.1773,1,1,9.24,1,2,9,1,1,1,1,0,7,0.1892,0.091,5,1,1,1,1
NCRB-SYNTH-100637,Trial Court,Sec 482 CrPC (Quashing),1,15,5,1,0,1,1,1,1,1,1,1,1,0.489,1,102,1,1,1,1,1,1,1,0.656,142,5.4879,220.88,1,1,2632118.97,0.1154,1,1,60.09,5,1,9,1,1,0,0,1,15,0.0999,0.036,4,1,1,1,0
NCRB-SYNTH-100640,Trial Court,Sec 439 CrPC (Regular Bail),4,12,77,1,0,1,1,1,0,1,1,1,1,0.4991,1,180,1,1,1,1,1,1,1,0.4874,86,6.0907,174.36,1,1,1056512.53,0.1003,1,1,3.33,5,4,2,1,1,0,0,1,23,0.19,0.0598,4,1,1,0,0
NCRB-SYNTH-100650,Trial Court,Sec 482 CrPC (Quashing),2,4,20,0,0,1,1,1,1,1,1,1,1,0.4733,1,23,1,1,1,1,0,0,1,0.5627,149,6.9991,274.5,1,1,2608820.33,0.0117,0,1,5.12,4,4,4,0,1,1,1,0,2,0.6478,0.5897,1,1,1,0,0
NCRB-SYNTH-100652,Trial Court,Sec 482 CrPC (Quashing),1,3,18,0,0,1,1,1,0,1,1,1,1,0.6321,1,103,0,1,1,1,1,0,1,0.6973,144,6.0107,151.02,1,1,3183850.4,0.1616,0,1,7.21,1,3,2,1,1,1,1,0,4,0.0621,0.0386,5,1,1,1,0
NCRB-SYNTH-100655,Trial Court,Sec 439 CrPC (Regular Bail),1,24,23,1,0,1,1,1,1,1,1,1,1,0.5558,1,77,1,1,1,0,1,1,1,0.7082,110,5.0233,74.57,1,1,2401299.65,0.0198,1,1,19.74,1,2,6,0,1,0,0,1,27,0.2385,0.0716,4,1,1,0,0
NCRB-SYNTH-100658,Trial Court,Sec 439 CrPC (Regular Bail),1,13,55,1,0,1,1,1,0,1,1,1,1,0.676,1,148,1,1,1,1,1,0,1,0.66,43,6.598,73.35,1,1,3166540.31,0.1057,1,1,3.58,1,3,3,0,1,0,0,1,6,0.1661,0.0854,5,1,1,0,1
NCRB-SYNTH-100661,High Court,Sec 439 CrPC (Regular Bail),15,20,12,1,0,1,1,1,1,1,1,1,1,0.5294,1,135,1,0,1,0,1,1,1,0.8332,103,4.4735,104.44,1,1,1172589.25,0.0949,0,1,15.49,2,4,4,0,1,0,0,1,8,0.2161,0.0984,3,1,1,0,0
NCRB-SYNTH-100674,High Court,Sec 439 CrPC (Regular Bail),1,23,52,1,0,1,1,1,1,1,1,1,1,0.7409,1,154,1,1,1,1,1,1,1,0.6395,93,6.4567,184.08,1,1,778044.25,0.1927,0,1,11.92,4,2,2,1,1,1,1,0,16,0.1808,0.0638,4,1,1,0,1
NCRB-SYNTH-100675,High Court,Sec 439 CrPC (Regular Bail),2,12,16,1,0,1,1,1,0,1,1,1,1,0.3718,1,126,1,1,1,0,0,1,1,0.6447,123,4.7266,103.36,1,1,2120512.25,0.1543,1,1,25.47,4,4,6,1,1,1,1,0,4,0.1209,0.0751,5,1,1,0,0
NCRB-SYNTH-100678,High Court,Sec 439 CrPC (Regular Bail),2,8,74,0,0,1,1,1,0,1,1,1,1,0.4198,0,176,1,1,1,1,1,1,1,0.8417,84,6.9327,88.51,1,1,2874960.61,0.0349,1,1,2.58,1,4,7,1,1,1,1,0,4,0.1817,0.1129,5,1,1,0,0
NCRB-SYNTH-100692,Trial Court,Trial Judgment,1,5,10,1,0,1,1,1,1,1,1,1,1,0.8171,0,104,0,0,1,1,0,1,1,0.5967,124,6.9491,204.28,1,1,2647119.87,0.1769,1,1,3.75,2,1,7,1,1,1,1,0,10,0.1218,0.0508,5,1,1,0,0
NCRB-SYNTH-100693,High Court,Sec 482 CrPC (Quashing),4,16,15,1,0,1,1,1,0,1,1,1,1,0.4688,1,26,1,0,1,0,1,1,1,1.0,135,5.2825,244.23,1,1,2424534.98,0.0322,1,1,32.2,1,4,3,1,1,1,1,0,3,0.5211,0.3759,1,1,1,0,0
NCRB-SYNTH-100700,Trial Court,Sec 482 CrPC (Quashing),2,13,42,1,0,1,1,1,0,1,1,1,1,0.4648,1,134,1,1,1,1,1,1,1,0.5989,114,4.6222,278.58,1,1,3349378.5,0.1877,1,1,10.26,4,3,7,1,1,1,1,0,5,0.2086,0.1164,3,1,1,1,0
NCRB-SYNTH-100701,High Court,Trial Judgment,21,8,95,1,0,1,1,1,0,1,1,1,1,0.7349,1,122,1,1,1,0,1,1,1,0.7363,74,4.7699,80.16,1,1,2646807.98,0.0215,1,1,17.77,5,4,9,1,1,1,1,0,40,0.275,0.0741,4,1,1,0,1
NCRB-SYNTH-100713,High Court,Trial Judgment,2,12,76,0,0,1,1,1,0,1,1,1,1,0.545,1,65,1,1,1,1,1,0,1,0.5729,103,4.1999,110.59,1,1,1988184.35,0.0372,1,1,10.07,4,1,9,1,1,0,0,1,4,0.2465,0.1531,5,1,1,0,0
NCRB-SYNTH-100714,High Court,Sec 482 CrPC (Quashing),2,17,93,1,0,1,1,1,0,1,1,1,1,0.4373,1,68,1,1,1,0,1,1,1,0.5743,70,7.7221,215.32,1,1,734758.17,0.0586,1,1,60.94,5,1,2,1,1,1,1,0,30,0.2387,0.0695,4,1,1,1,0
NCRB-SYNTH-100734,Supreme Court,Sec 482 CrPC (Quashing),27,22,19,1,0,1,1,1,1,1,1,1,1,0.5018,1,149,1,1,1,0,0,1,1,0.4867,124,5.6675,225.67,1,1,1731783.9,0.0082,1,1,29.42,4,4,5,1,1,1,1,0,7,0.1713,0.0824,5,1,1,0,0
NCRB-SYNTH-100735,High Court,Sec 439 CrPC (Regular Bail),1,7,80,1,0,1,1,1,0,1,1,1,1,0.9167,1,36,1,1,1,1,1,1,1,0.7538,86,6.9003,138.51,1,1,1280082.74,0.1659,1,1,6.73,2,4,9,1,1,1,1,0,10,0.1265,0.0528,3,1,1,0,1
NCRB-SYNTH-100737,High Court,Writ Petition (Detention),1,8,28,1,0,1,1,1,1,1,1,1,1,0.432,0,166,1,1,1,1,0,0,1,0.5202,102,5.7455,102.03,1,1,2547740.05,0.0114,1,1,9.02,1,2,9,1,1,0,0,1,44,0.3003,0.0789,4,1,1,1,0
NCRB-SYNTH-100739,Trial Court,Sec 439 CrPC (Regular Bail),2,23,63,1,0,1,1,1,1,1,1,1,1,0.9166,0,170,0,0,1,0,1,1,1,0.6181,67,6.2966,117.83,1,1,4316321.73,0.1742,0,1,8.11,4,3,2,1,1,0,0,1,25,0.1112,0.0341,4,1,1,1,0
NCRB-SYNTH-100740,High Court,Writ Petition (Detention),2,11,61,1,0,1,1,1,1,1,1,1,1,0.5067,0,140,0,0,1,1,1,0,1,0.6004,49,5.8887,264.06,1,1,1681647.4,0.1361,0,1,36.27,4,3,6,0,1,0,0,1,9,0.2489,0.1081,5,1,1,0,0
NCRB-SYNTH-100741,Trial Court,Writ Petition (Detention),1,3,21,1,0,1,1,1,0,1,1,1,1,0.4165,1,54,1,1,1,1,0,0,1,0.7494,86,7.2928,170.92,1,1,1919281.95,0.1503,0,1,24.73,3,2,8,1,1,1,1,0,23,0.1845,0.0581,4,1,1,0,0
NCRB-SYNTH-100744,High Court,Sec 439 CrPC (Regular Bail),1,8,85,1,0,1,1,1,0,1,1,1,1,0.9245,1,136,1,1,1,1,0,0,1,0.6088,62,6.3455,78.28,1,1,1902378.59,0.1678,1,1,6.79,5,1,4,1,1,1,1,0,1,0.4272,0.6164,1,1,1,0,1
NCRB-SYNTH-100747,Trial Court,Trial Judgment,4,18,5,1,0,1,1,1,1,1,1,1,1,0.559,1,66,1,0,1,0,1,1,1,0.6338,92,5.8072,58.97,1,1,1215781.17,0.0272,1,1,21.83,4,4,3,1,1,1,1,0,25,0.1237,0.038,4,1,1,0,0
NCRB-SYNTH-100748,Trial Court,Sec 439 CrPC (Regular Bail),21,22,15,1,0,1,1,1,1,1,1,1,1,0.6973,1,80,1,1,1,0,0,1,1,0.7152,65,5.824,93.82,1,1,903877.99,0.0234,0,1,12.2,5,3,2,1,1,1,1,0,37,0.1763,0.0485,4,1,1,1,1
NCRB-SYNTH-100758,High Court,Sec 439 CrPC (Regular Bail),1,10,35,1,0,1,1,1,0,1,1,1,1,0.6816,1,100,1,1,1,1,1,1,1,0.6592,57,7.0499,57.42,1,1,2973443.51,0.0412,1,1,8.14,3,3,9,1,1,1,1,0,34,0.2764,0.0777,4,1,1,0,1
NCRB-SYNTH-100774,Trial Court,Trial Judgment,15,19,57,1,0,1,1,1,0,1,1,1,1,0.4573,1,68,0,0,1,1,0,1,1,0.6655,115,3.8266,186.14,1,1,1456414.31,0.0448,1,1,26.0,2,4,6,1,1,1,1,0,9,0.2262,0.0983,5,1,1,0,0
NCRB-SYNTH-100782,High Court,Sec 439 CrPC (Regular Bail),15,6,16,1,0,1,1,1,0,1,1,1,1,0.4609,1,33,1,1,1,1,1,0,1,0.7162,132,5.9065,132.31,1,1,4416735.44,0.0661,1,1,33.44,1,4,5,1,1,1,1,0,4,0.2111,0.1312,5,1,1,0,0
NCRB-SYNTH-100788,Trial Court,Sec 439 CrPC (Regular Bail),1,24,32,1,0,1,1,1,0,1,1,1,1,0.7215,0,139,0,0,1,1,1,1,1,0.8492,132,3.9077,262.48,1,1,1184474.15,0.1871,1,1,2.6,5,1,6,1,1,1,1,0,6,0.1144,0.0588,3,1,1,0,0
NCRB-SYNTH-100789,High Court,Sec 439 CrPC (Regular Bail),7,6,83,0,0,1,1,1,1,1,1,1,1,0.582,1,157,1,1,1,1,1,1,1,0.6997,83,3.4055,179.08,1,1,2771655.4,0.1429,1,1,2.23,5,1,9,1,1,0,0,1,19,0.2202,0.0735,4,1,1,0,0
NCRB-SYNTH-100793,High Court,Sec 482 CrPC (Quashing),1,5,76,0,0,1,1,1,0,1,1,1,1,0.5299,1,134,1,1,1,1,1,1,1,0.6423,144,5.3167,95.59,1,1,1614699.9,0.1327,1,1,2.12,3,2,5,1,1,1,1,0,6,0.0861,0.0443,5,1,1,0,0
NCRB-SYNTH-100805,High Court,Sec 439 CrPC (Regular Bail),1,16,99,0,0,1,1,1,0,1,1,1,1,0.7884,1,158,1,1,1,1,0,0,1,0.8439,82,7.0632,214.07,1,1,1631539.14,0.144,1,1,8.64,3,2,5,1,1,1,1,0,1,0.9152,1.3204,1,1,1,0,1
NCRB-SYNTH-100809,Trial Court,Sec 439 CrPC (Regular Bail),7,11,39,1,0,1,1,1,1,1,1,1,1,0.6747,1,107,1,1,1,1,1,0,1,0.6413,134,3.9869,104.5,1,1,3494742.33,0.0437,0,1,1.07,4,3,9,1,1,0,0,1,12,0.2455,0.0957,4,1,1,0,1
NCRB-SYNTH-100816,Trial Court,Sec 482 CrPC (Quashing),1,22,89,1,0,1,1,1,1,1,1,1,1,0.7803,1,173,1,1,1,1,0,0,1,0.9355,100,6.0757,291.96,1,1,1347820.77,0.1543,1,1,1.82,1,2,2,0,1,1,1,0,9,0.1083,0.047,5,1,1,0,1
NCRB-SYNTH-100818,High Court,Sec 482 CrPC (Quashing),2,14,34,1,0,1,1,1,0,1,1,1,1,0.934,1,165,1,1,1,0,1,1,1,0.4888,67,7.6739,51.96,1,1,2222762.47,0.1631,1,1,5.36,3,4,4,1,1,0,0,1,6,0.1109,0.057,5,1,1,1,1
NCRB-SYNTH-100824,Trial Court,Sec 439 CrPC (Regular Bail),2,18,67,0,0,1,1,1,0,1,1,1,1,0.3382,1,153,1,1,1,1,1,1,1,0.6649,57,7.2054,250.08,1,1,1641760.5,0.0322,1,1,2.31,2,3,8,1,1,1,1,0,6,0.1383,0.0711,3,1,1,0,0
NCRB-SYNTH-100825,Trial Court,Sec 439 CrPC (Regular Bail),1,9,12,1,0,1,1,1,0,1,1,1,1,0.6319,1,20,1,1,1,1,1,1,1,0.8209,57,3.6729,251.24,1,1,3457739.91,0.0265,1,1,4.35,1,3,7,1,1,1,1,0,11,0.0758,0.0305,3,1,1,0,1
NCRB-SYNTH-100830,High Court,Writ Petition (Detention),15,12,37,1,0,1,1,1,1,1,1,1,1,0.5771,1,55,1,1,1,0,1,1,1,0.5961,84,4.7206,73.07,1,1,2536312.3,0.1938,0,1,9.08,2,4,6,1,1,1,1,0,4,0.2144,0.1332,3,1,1,0,0
NCRB-SYNTH-100832,Trial Court,Sec 482 CrPC (Quashing),7,24,47,1,0,1,1,1,0,1,1,1,1,0.7467,1,79,1,1,1,1,0,0,1,0.4872,100,5.9359,118.4,1,1,845403.94,0.162,1,1,16.04,5,2,5,1,1,1,1,0,35,0.2529,0.0706,4,1,1,0,1
NCRB-SYNTH-100835,Trial Court,Trial Judgment,4,5,80,0,0,1,1,1,0,1,1,1,1,0.8439,1,161,0,0,1,1,0,1,1,0.7735,133,3.2775,152.85,1,1,2805333.5,0.0443,0,1,10.3,5,3,5,1,1,1,1,0,4,0.0822,0.0511,5,1,1,0,0
NCRB-SYNTH-100836,Trial Court,Sec 439 CrPC (Regular Bail),1,10,47,1,0,1,1,1,0,1,1,1,1,0.8418,1,123,0,0,1,0,1,1,1,0.5466,100,7.2868,191.8,1,1,2205991.73,0.0796,1,1,31.96,4,3,2,1,1,1,1,0,7,0.2036,0.0979,5,1,1,1,0
NCRB-SYNTH-100838,Trial Court,Writ Petition (Detention),7,9,49,1,0,1,1,1,0,1,1,1,1,0.8091,1,165,1,1,1,0,1,1,1,0.5631,57,4.2718,265.96,1,1,663672.36,0.1228,0,1,13.56,3,1,4,0,1,1,1,0,4,0.0986,0.0613,5,1,1,0,1
NCRB-SYNTH-100846,High Court,Sec 439 CrPC (Regular Bail),27,24,91,1,0,1,1,1,0,1,1,1,1,0.7467,1,92,1,1,1,1,0,1,1,0.6189,58,6.3153,231.06,1,1,4454281.62,0.0907,1,1,2.1,1,3,3,0,1,1,1,0,6,0.2012,0.1034,5,1,1,0,1
NCRB-SYNTH-100849,Trial Court,Writ Petition (Detention),1,11,58,1,0,1,1,1,0,1,1,1,1,0.422,1,161,1,1,1,1,1,1,1,0.7519,74,5.4124,275.59,1,1,3859620.01,0.184,1,1,10.09,1,4,3,1,1,1,1,0,9,0.1286,0.0558,5,1,1,0,0
NCRB-SYNTH-100858,Supreme Court,Sec 439 CrPC (Regular Bail),1,23,11,1,0,1,1,1,1,1,1,1,1,0.9809,1,138,1,0,1,1,1,1,1,0.5975,76,3.7863,85.67,1,1,3214174.66,0.1693,1,1,15.94,4,2,2,1,1,1,1,0,5,0.0849,0.0474,5,1,1,0,1
NCRB-SYNTH-100862,Trial Court,Sec 439 CrPC (Regular Bail),1,22,29,1,0,1,1,1,0,1,1,1,1,0.7826,1,89,1,0,1,1,0,1,1,0.8172,135,6.1333,293.36,1,1,2870169.96,0.1753,1,1,12.94,1,4,3,0,1,1,1,0,7,0.1712,0.0823,5,1,1,0,1
NCRB-SYNTH-100863,Trial Court,Sec 439 CrPC (Regular Bail),1,17,89,1,0,1,1,1,0,1,1,1,1,0.4205,1,39,1,1,1,0,1,1,1,0.5792,133,5.8134,224.77,1,1,294308.9,0.1216,0,1,7.21,4,4,8,1,1,1,1,0,12,0.2663,0.1038,4,1,1,1,0
NCRB-SYNTH-100864,High Court,Sec 439 CrPC (Regular Bail),4,20,41,1,0,1,1,1,1,1,1,1,1,0.4023,1,166,1,1,1,0,1,1,1,0.8014,135,5.3362,87.18,1,1,840705.87,0.0946,0,1,10.86,4,2,10,0,1,1,1,0,35,0.207,0.0578,4,1,1,0,0
NCRB-SYNTH-100865,Trial Court,Writ Petition (Detention),1,11,16,1,0,1,1,1,0,1,1,1,1,0.5481,1,116,1,1,1,1,1,0,1,0.8238,74,4.0175,128.29,1,1,4425678.75,0.1118,1,1,22.22,2,1,2,1,1,1,1,0,10,0.1191,0.0497,3,1,1,1,0
NCRB-SYNTH-100871,High Court,Sec 439 CrPC (Regular Bail),1,13,36,1,0,1,1,1,0,1,1,1,1,0.6981,0,166,1,1,1,1,0,0,1,0.6078,83,4.4429,115.92,1,1,1179218.43,0.0221,0,1,1.5,3,1,6,1,1,0,0,1,2,0.6405,0.583,1,1,1,1,1
NCRB-SYNTH-100874,High Court,Sec 482 CrPC (Quashing),15,11,53,1,0,1,1,1,0,1,1,1,1,0.728,1,174,0,0,1,1,1,1,1,0.7968,126,6.4354,295.46,1,1,1368766.04,0.0014,0,1,6.21,1,4,7,1,1,1,1,0,4,0.0971,0.0603,3,1,1,0,0
NCRB-SYNTH-100894,Trial Court,Sec 439 CrPC (Regular Bail),1,4,30,0,0,1,1,1,0,1,1,1,1,0.5329,1,40,1,1,1,1,0,0,1,0.5297,52,6.4719,285.76,1,1,2290581.41,0.0576,1,1,15.81,1,1,3,1,1,1,1,0,6,0.2019,0.1037,5,1,1,0,0
NCRB-SYNTH-100905,High Court,Trial Judgment,7,5,61,0,0,1,1,1,0,1,1,1,1,0.6493,0,35,1,0,1,0,1,0,1,0.7481,113,7.2511,285.12,1,1,3835106.63,0.1851,1,1,16.52,5,3,2,0,1,1,1,0,6,0.0752,0.0386,3,1,1,1,1
NCRB-SYNTH-100910,Trial Court,Sec 439 CrPC (Regular Bail),2,8,60,0,0,1,1,1,0,1,1,1,1,0.9512,1,121,1,1,1,1,1,1,1,0.4456,83,3.5766,278.44,1,1,3095054.6,0.016,1,1,13.74,1,4,3,1,1,0,0,1,29,0.1904,0.056,4,1,1,0,1
NCRB-SYNTH-100914,Trial Court,Trial Judgment,2,10,74,1,0,1,1,1,0,1,1,1,1,0.7604,0,81,1,1,1,1,1,0,1,0.7708,42,7.2374,150.49,1,1,4273479.41,0.1564,1,1,11.42,2,3,5,1,1,1,1,0,36,0.3091,0.0856,4,1,1,0,1
NCRB-SYNTH-100916,Trial Court,Writ Petition (Detention),2,3,45,1,0,1,1,1,0,1,1,1,1,0.6813,1,145,0,0,1,1,1,1,1,0.7707,91,3.9268,170.85,1,1,3217629.17,0.1712,1,1,2.84,4,4,8,1,1,1,1,0,42,0.236,0.0627,4,1,1,0,0
NCRB-SYNTH-100922,High Court,Sec 439 CrPC (Regular Bail),1,4,88,0,1,1,1,1,0,1,1,1,1,0.9634,0,173,1,1,1,1,1,1,1,0.8662,49,3.0889,69.65,1,1,1859902.69,0.1319,1,1,24.02,4,3,8,1,1,0,0,1,44,0.0861,0.0226,4,1,1,1,1
NCRB-SYNTH-100925,Trial Court,Writ Petition (Detention),1,8,16,1,0,1,1,1,0,1,1,1,1,0.7101,1,37,0,0,1,1,1,0,1,0.5539,88,6.9603,179.68,1,1,1733662.94,0.0386,0,1,7.42,4,3,5,1,1,1,1,0,4,0.1041,0.0647,5,1,1,0,0
NCRB-SYNTH-100928,High Court,Sec 439 CrPC (Regular Bail),21,22,53,0,0,1,1,1,0,1,1,1,1,0.818,0,134,1,1,1,1,0,1,1,0.7214,114,7.7354,63.33,1,1,2694168.9,0.0214,1,1,24.39,2,4,4,0,1,0,0,1,10,0.0844,0.0352,5,1,1,0,1
NCRB-SYNTH-100934,High Court,Writ Petition (Detention),1,3,23,1,0,1,1,1,0,1,1,1,1,0.6524,1,104,1,1,1,1,1,1,1,0.5484,99,5.8021,205.06,1,1,334499.92,0.1335,1,1,7.61,1,3,4,1,1,1,1,0,7,0.0613,0.0295,5,1,1,0,1
NCRB-SYNTH-100955,Trial Court,Sec 482 CrPC (Quashing),4,13,62,1,0,1,1,1,0,1,1,1,1,0.6124,1,115,1,0,1,0,0,0,1,0.6708,61,4.1922,129.99,1,1,4455667.63,0.0701,1,1,25.87,3,4,2,0,1,1,1,0,9,0.073,0.0317,5,1,1,1,1
NCRB-SYNTH-100956,Trial Court,Sec 482 CrPC (Quashing),1,22,91,1,0,1,1,1,0,1,1,1,1,0.733,1,55,0,0,1,1,1,1,1,0.6594,101,7.2031,200.88,1,1,868835.61,0.1441,1,1,13.69,5,3,4,1,1,1,1,0,5,0.1118,0.0624,3,1,1,1,0
NCRB-SYNTH-100957,High Court,Sec 439 CrPC (Regular Bail),2,16,76,1,0,1,1,1,1,1,1,1,1,0.8676,0,159,1,1,1,1,1,1,1,0.9045,93,4.9762,83.79,1,1,4052947.44,0.1107,0,1,1.45,2,3,6,1,1,0,0,1,5,0.164,0.0915,5,1,1,0,1
NCRB-SYNTH-100964,High Court,Sec 482 CrPC (Quashing),21,4,12,1,0,1,1,1,0,1,1,1,1,0.4429,1,129,1,1,1,1,0,0,1,0.611,41,4.3175,157.01,1,1,617026.99,0.1209,0,1,10.14,3,3,9,1,1,1,1,0,10,0.0992,0.0414,3,1,1,0,0
NCRB-SYNTH-100966,Trial Court,Sec 439 CrPC (Regular Bail),4,18,31,1,0,1,1,1,0,1,1,1,1,0.8716,1,127,1,0,1,1,1,1,1,0.7869,140,3.2159,182.82,1,1,1862550.18,0.1834,1,1,1.66,5,4,10,1,1,1,1,0,4,0.052,0.0323,3,1,1,1,1
NCRB-SYNTH-100970,High Court,Sec 482 CrPC (Quashing),2,17,47,0,0,1,1,1,1,1,1,1,1,0.622,0,18,1,1,1,1,1,1,1,0.7552,57,5.1935,150.51,1,1,1650695.42,0.0623,1,1,9.25,2,4,10,1,1,1,1,0,25,0.2108,0.0647,4,1,1,0,1
NCRB-SYNTH-100979,Trial Court,Writ Petition (Detention),2,23,54,1,0,1,1,1,0,1,1,1,1,0.8299,1,129,1,1,1,0,0,1,1,0.6496,73,7.4518,265.2,1,1,1176665.56,0.1794,0,1,13.68,3,3,8,1,1,1,1,0,3,0.8065,0.5818,1,1,1,1,1
NCRB-SYNTH-100986,High Court,Sec 439 CrPC (Regular Bail),15,9,78,1,0,1,1,1,0,1,1,1,1,0.5744,0,151,0,0,1,0,1,0,1,0.7508,139,5.6999,214.01,1,1,1086515.35,0.1812,1,1,18.3,2,2,6,1,1,1,1,0,8,0.2171,0.0988,5,1,1,0,0
NCRB-SYNTH-100988,High Court,Trial Judgment,7,25,33,1,0,1,1,1,0,1,1,1,1,0.6451,1,163,1,1,1,0,0,1,1,0.7527,119,4.7016,159.92,1,1,3404412.93,0.1076,1,1,8.14,4,2,5,1,1,1,1,0,6,0.2155,0.1107,5,1,1,0,1
NCRB-SYNTH-100995,High Court,Sec 482 CrPC (Quashing),7,14,22,1,0,1,1,1,0,1,1,1,1,0.9056,1,114,1,1,1,1,0,1,1,0.728,139,4.9808,58.46,1,1,3192851.77,0.0842,0,1,7.49,1,3,5,1,1,1,1,0,3,0.9389,0.6772,1,1,1,0,1
NCRB-SYNTH-101000,High Court,Sec 482 CrPC (Quashing),4,12,85,1,0,1,1,1,0,1,1,1,1,0.8887,1,160,1,0,1,1,0,1,1,0.6464,143,6.9436,67.37,1,1,1440334.85,0.0568,1,1,4.25,3,1,10,1,1,1,1,0,1,0.5158,0.7441,1,1,1,0,1
NCRB-SYNTH-101002,High Court,Sec 439 CrPC (Regular Bail),1,19,25,0,0,1,1,1,0,1,1,1,1,0.4561,1,54,1,1,1,1,0,1,1,0.4472,134,3.2797,166.38,1,1,2156300.3,0.1515,1,1,18.56,2,2,7,1,1,0,0,1,22,0.1781,0.0568,4,1,1,0,0
NCRB-SYNTH-101010,High Court,Sec 439 CrPC (Regular Bail),1,22,100,1,0,1,1,1,1,1,1,1,1,0.8154,1,24,1,1,1,0,0,1,1,0.5465,97,7.1487,173.84,1,1,1715918.8,0.1073,1,1,1.66,4,1,3,1,1,1,1,0,9,0.0917,0.0398,5,1,1,0,1
NCRB-SYNTH-101026,High Court,Sec 439 CrPC (Regular Bail),1,24,51,1,0,1,1,1,0,1,1,1,1,0.9547,1,69,0,0,1,1,1,1,1,0.5951,101,5.6536,201.17,1,1,2559087.06,0.1483,0,1,16.9,1,2,5,1,1,0,0,1,6,0.1957,0.1006,5,1,1,1,0
NCRB-SYNTH-101041,Trial Court,Sec 482 CrPC (Quashing),1,19,95,1,0,1,1,1,0,1,1,1,1,0.7286,1,99,1,1,1,1,1,1,1,0.6659,116,3.694,193.71,1,1,3663486.51,0.1196,1,1,16.01,2,3,6,1,1,1,1,0,7,0.2363,0.1136,5,1,1,0,1
NCRB-SYNTH-101052,High Court,Sec 439 CrPC (Regular Bail),1,6,20,1,0,1,1,1,0,1,1,1,1,0.4147,1,139,1,1,1,1,1,1,1,0.5987,85,3.3988,204.95,1,1,661228.45,0.0027,0,1,13.63,2,3,9,0,1,0,0,1,6,0.0872,0.0448,5,1,1,0,0
NCRB-SYNTH-101056,Trial Court,Sec 482 CrPC (Quashing),1,12,60,1,0,1,1,1,1,1,1,1,1,0.4826,0,20,1,1,1,1,1,1,1,0.7017,121,6.782,77.96,1,1,3248444.19,0.0901,0,1,12.14,1,2,7,1,1,1,1,0,2,0.9172,0.8349,1,1,1,1,0
NCRB-SYNTH-101058,Trial Court,Sec 439 CrPC (Regular Bail),1,4,55,1,0,1,1,1,0,1,1,1,1,0.7798,1,49,1,0,1,0,1,1,1,0.6789,129,5.7668,77.16,1,1,3432244.95,0.102,1,1,26.06,3,1,8,1,1,1,1,0,41,0.1183,0.0317,4,1,1,1,1
NCRB-SYNTH-101059,Trial Court,Sec 439 CrPC (Regular Bail),1,7,31,1,0,1,1,1,1,1,1,1,1,0.6649,1,44,1,1,1,1,1,1,1,0.6981,63,6.0777,282.58,1,1,4355922.88,0.1472,1,1,16.11,3,4,3,1,1,1,1,0,3,0.6591,0.4755,1,1,1,1,1
NCRB-SYNTH-101064,Trial Court,Sec 439 CrPC (Regular Bail),4,7,70,1,0,1,1,1,0,1,1,1,1,0.4551,1,37,1,1,1,1,0,1,1,0.5428,101,4.1415,164.91,1,1,351856.96,0.1389,1,1,20.75,5,3,3,1,1,1,1,0,6,0.0504,0.0259,5,1,1,0,0
NCRB-SYNTH-101065,Trial Court,Sec 439 CrPC (Regular Bail),2,17,66,1,0,1,1,1,0,1,1,1,1,0.9198,1,29,0,0,1,1,0,1,1,0.8029,77,5.3512,126.3,1,1,3856238.09,0.0504,1,1,10.17,1,3,4,1,1,1,1,0,32,0.3182,0.091,4,1,1,0,0
NCRB-SYNTH-101069,High Court,Trial Judgment,1,20,12,1,0,1,1,1,1,1,1,1,1,0.7698,1,150,1,1,1,0,0,1,1,0.9158,94,4.294,83.02,1,1,1134836.93,0.0695,0,1,2.79,4,1,3,1,1,1,1,0,28,0.2692,0.08,4,1,1,1,1
NCRB-SYNTH-101076,Trial Court,Sec 482 CrPC (Quashing),1,20,42,1,1,1,1,1,0,1,1,1,1,0.8824,1,30,1,1,1,1,1,0,1,0.6426,72,3.8306,153.56,1,1,2875408.74,0.1866,1,1,3.95,4,3,9,1,1,1,1,0,39,0.1345,0.0365,4,1,1,0,1
NCRB-SYNTH-101077,High Court,Sec 482 CrPC (Quashing),1,6,10,1,0,1,1,1,0,1,1,1,1,0.5902,1,187,0,1,1,1,1,1,1,0.5946,118,5.1829,95.26,1,1,1822635.37,0.1616,0,1,1.75,4,3,3,0,1,1,1,0,10,0.0922,0.0384,3,1,1,0,0
NCRB-SYNTH-101083,Trial Court,Sec 439 CrPC (Regular Bail),4,9,23,1,0,1,1,1,0,1,1,1,1,0.6932,1,55,1,1,1,0,1,0,1,0.6963,139,4.0983,251.65,1,1,2911925.73,0.0989,1,1,3.46,3,4,5,1,1,1,1,0,38,0.2508,0.0685,4,1,1,0,1
NCRB-SYNTH-101086,Trial Court,Sec 439 CrPC (Regular Bail),21,10,83,1,0,1,1,1,0,1,1,1,1,0.9638,1,153,0,0,1,0,1,1,1,0.6432,73,6.1832,158.21,1,1,896850.6,0.0601,1,1,3.9,4,4,4,0,1,1,1,0,8,0.1836,0.0835,3,1,1,0,0
NCRB-SYNTH-101094,Trial Court,Writ Petition (Detention),1,24,60,1,0,1,1,1,0,1,1,1,1,0.5926,1,110,1,1,1,1,1,1,1,0.6589,112,4.2664,292.14,1,1,470488.97,0.1202,1,1,1.53,3,1,7,1,1,0,0,1,4,0.2278,0.1416,3,1,1,1,0
NCRB-SYNTH-101100,Trial Court,Sec 439 CrPC (Regular Bail),2,20,98,1,0,1,1,1,1,1,1,1,1,0.6428,1,42,1,1,1,1,1,1,1,0.5578,126,5.7238,257.15,1,1,2862753.54,0.0571,1,1,2.67,1,1,6,1,1,1,1,0,27,0.2323,0.0697,4,1,1,0,1
NCRB-SYNTH-101107,High Court,Sec 439 CrPC (Regular Bail),4,15,95,1,0,1,1,1,1,1,1,1,1,0.405,0,26,1,1,1,1,0,1,1,0.7055,64,7.3739,211.26,1,1,2201886.4,0.0818,1,1,14.64,4,4,2,1,1,0,0,1,7,0.0902,0.0434,3,1,1,1,0
NCRB-SYNTH-101114,High Court,Sec 439 CrPC (Regular Bail),2,11,99,1,0,1,1,1,0,1,1,1,1,0.6332,1,152,1,1,1,1,1,1,1,0.7464,126,3.5667,212.55,1,1,2994842.33,0.1928,0,1,1.92,4,2,3,1,1,1,1,0,4,0.1986,0.1234,5,1,1,1,1
NCRB-SYNTH-101128,Trial Court,Sec 439 CrPC (Regular Bail),1,20,54,1,0,1,1,1,0,1,1,1,1,0.8198,1,131,0,0,1,1,1,1,1,0.8001,135,6.0323,298.44,1,1,1687275.75,0.1602,1,1,2.42,5,4,6,1,1,0,0,1,4,0.09,0.0559,5,1,1,0,0
NCRB-SYNTH-101129,Trial Court,Sec 439 CrPC (Regular Bail),4,10,36,1,0,1,1,1,0,1,1,1,1,0.8725,1,178,1,1,1,1,0,0,1,0.6205,105,4.9288,189.58,1,1,4044541.96,0.1272,0,1,14.05,1,2,5,1,1,1,1,0,11,0.0741,0.0298,5,1,1,0,1
NCRB-SYNTH-101132,High Court,Writ Petition (Detention),21,5,20,1,0,1,1,1,0,1,1,1,1,0.5128,1,98,1,1,1,0,0,0,1,0.5485,149,4.158,213.35,1,1,3948814.23,0.0103,0,1,35.3,2,3,9,0,1,0,0,1,9,0.0769,0.0334,5,1,1,0,0
NCRB-SYNTH-101138,Trial Court,Sec 439 CrPC (Regular Bail),1,23,10,1,0,1,1,1,1,1,1,1,1,0.9415,1,110,1,1,1,1,0,1,1,0.4715,59,7.7802,84.95,1,1,3698995.69,0.0601,0,1,8.7,4,3,4,1,1,1,1,0,11,0.2012,0.0809,5,1,1,0,1
NCRB-SYNTH-101139,Trial Court,Sec 439 CrPC (Regular Bail),1,22,70,1,0,1,1,1,0,1,1,1,1,0.76,0,125,0,1,1,0,0,0,1,0.6854,110,5.65,129.96,1,1,3060012.66,0.1051,1,1,1.27,3,4,10,1,1,1,1,0,32,0.2173,0.0621,4,1,1,0,0
NCRB-SYNTH-101168,High Court,Sec 482 CrPC (Quashing),7,7,50,1,0,1,1,1,0,1,1,1,1,0.7048,0,150,1,1,1,1,1,0,1,0.71,96,4.4442,129.35,1,1,4038081.3,0.0366,0,1,37.23,4,1,9,1,1,1,1,0,1,0.8875,1.2804,1,1,1,1,1
NCRB-SYNTH-101176,Trial Court,Sec 439 CrPC (Regular Bail),1,13,89,1,0,1,1,1,0,1,1,1,1,0.8821,1,124,1,1,1,1,1,1,1,0.9086,145,6.5029,94.27,1,1,537199.21,0.1776,0,1,4.82,2,3,10,1,1,1,1,0,8,0.1227,0.0558,3,1,1,1,1
NCRB-SYNTH-101180,Supreme Court,Trial Judgment,2,19,68,1,0,1,1,1,0,1,1,1,1,0.543,1,94,0,0,1,0,1,1,1,0.655,127,7.3207,117.99,1,1,863749.59,0.1348,1,1,34.08,1,1,6,1,1,0,0,1,9,0.1084,0.0471,5,1,1,0,0
NCRB-SYNTH-101205,High Court,Sec 482 CrPC (Quashing),2,25,9,1,0,1,1,1,0,1,1,1,1,0.5188,0,39,1,0,1,1,1,1,1,0.6174,126,5.6817,104.66,1,1,4143654.89,0.0759,0,1,16.5,4,2,8,1,1,1,1,0,3,0.8659,0.6246,1,1,1,0,0
NCRB-SYNTH-101208,Trial Court,Sec 482 CrPC (Quashing),15,23,79,1,0,1,1,1,0,1,1,1,1,0.6463,1,55,1,1,1,0,1,1,1,0.8547,133,7.4668,241.1,1,1,2564249.07,0.1696,0,1,5.59,5,1,7,1,1,1,1,0,23,0.0913,0.0287,4,1,1,0,1
NCRB-SYNTH-101211,Trial Court,Sec 482 CrPC (Quashing),1,3,52,0,0,1,1,1,0,1,1,1,1,0.4351,1,41,1,1,1,1,1,1,1,0.6003,74,7.4226,85.26,1,1,4494505.68,0.106,1,1,23.88,2,1,6,1,1,1,1,0,32,0.2365,0.0677,4,1,1,1,0
NCRB-SYNTH-101212,High Court,Sec 439 CrPC (Regular Bail),1,22,82,1,0,1,1,1,1,1,1,1,1,0.3996,1,92,1,1,1,1,1,1,1,0.6867,140,7.8487,217.05,1,1,3055904.14,0.068,1,1,10.03,4,3,9,1,1,1,1,0,30,0.2485,0.0724,4,1,1,0,0
NCRB-SYNTH-101223,Trial Court,Trial Judgment,1,22,10,0,0,1,1,1,1,1,1,1,1,0.8042,1,154,1,1,1,1,1,1,1,0.3843,50,3.265,66.94,1,1,1080201.45,0.0298,1,1,8.51,1,4,10,1,1,0,0,1,7,0.1697,0.0816,5,1,1,1,1
NCRB-SYNTH-101225,High Court,Sec 439 CrPC (Regular Bail),4,14,62,1,0,1,1,1,0,1,1,1,1,0.945,1,95,0,0,1,1,1,1,1,0.6363,94,4.7308,169.82,1,1,4350939.64,0.101,0,1,14.05,3,2,3,0,1,1,1,0,3,0.6158,0.4442,1,1,1,0,0
NCRB-SYNTH-101227,High Court,Sec 439 CrPC (Regular Bail),1,21,18,1,0,1,1,1,0,1,1,1,1,0.5656,1,119,1,1,1,1,1,1,1,0.7874,111,4.6957,128.07,1,1,4449404.08,0.0529,1,1,18.34,5,1,7,1,1,0,0,1,42,0.2327,0.0619,4,1,1,0,0
NCRB-SYNTH-101230,Trial Court,Sec 439 CrPC (Regular Bail),2,17,76,1,0,1,1,1,1,1,1,1,1,0.7628,1,76,1,1,1,1,1,1,1,0.6137,67,5.8971,297.36,1,1,2411471.28,0.0686,1,1,12.86,3,1,5,1,1,1,1,0,43,0.2614,0.0691,4,1,1,0,1
NCRB-SYNTH-101236,High Court,Sec 439 CrPC (Regular Bail),7,7,98,1,0,1,1,1,0,1,1,1,1,0.9387,1,136,1,1,1,0,1,1,1,0.4727,109,7.0795,209.91,1,1,3639441.64,0.1415,1,1,18.32,3,1,5,1,1,1,1,0,22,0.2108,0.0672,4,1,1,1,1
NCRB-SYNTH-101238,Trial Court,Sec 439 CrPC (Regular Bail),1,13,63,1,0,1,1,1,1,1,1,1,1,0.8328,1,19,1,1,1,0,0,0,1,0.794,138,5.3364,135.89,1,1,4190419.79,0.0106,1,1,2.17,1,1,4,0,1,1,1,0,9,0.11,0.0478,3,1,1,0,1
NCRB-SYNTH-101252,Trial Court,Sec 482 CrPC (Quashing),27,10,60,0,0,1,1,1,0,1,1,1,1,0.4939,1,44,1,1,1,0,0,1,1,0.5057,142,4.6617,277.3,1,1,631119.97,0.0382,0,1,1.68,3,2,6,1,1,1,1,0,9,0.2252,0.0978,5,1,1,1,0
NCRB-SYNTH-101256,High Court,Sec 439 CrPC (Regular Bail),7,5,72,1,0,1,1,1,1,1,1,1,1,0.7693,1,129,1,1,1,1,1,0,1,0.6005,61,6.3613,50.25,1,1,1914501.38,0.0626,0,1,41.41,2,1,4,0,1,1,1,0,4,0.097,0.0603,5,1,1,1,1
NCRB-SYNTH-101258,High Court,Sec 439 CrPC (Regular Bail),2,13,63,1,0,1,1,1,0,1,1,1,1,0.894,1,54,1,1,1,1,1,1,1,0.8557,54,7.7234,101.65,1,1,4477022.57,0.1255,0,1,17.74,1,1,7,1,1,1,1,0,36,0.0974,0.027,4,1,1,0,1
NCRB-SYNTH-101264,High Court,Writ Petition (Detention),1,3,53,1,0,1,1,1,1,1,1,1,1,0.5318,1,96,0,0,1,1,1,1,1,0.6109,132,5.3236,238.41,1,1,2959234.24,0.1485,1,1,6.92,5,2,7,1,1,1,1,0,10,0.1855,0.0774,3,1,1,0,0
NCRB-SYNTH-101267,Trial Court,Sec 439 CrPC (Regular Bail),1,8,22,1,0,1,1,1,0,1,1,1,1,0.7078,1,122,1,0,1,1,0,1,1,0.8079,55,7.7218,67.5,1,1,4139248.04,0.0166,1,1,29.99,1,1,5,0,1,1,1,0,38,0.2948,0.0805,4,1,1,0,1
NCRB-SYNTH-101268,High Court,Trial Judgment,7,8,85,1,0,1,1,1,1,1,1,1,1,0.8892,1,133,0,1,1,1,1,1,1,0.6866,41,3.7864,257.3,1,1,635766.92,0.0829,1,1,2.33,3,3,9,1,1,1,1,0,11,0.1855,0.0747,5,1,1,0,0
NCRB-SYNTH-101275,Trial Court,Sec 439 CrPC (Regular Bail),1,6,80,1,0,1,1,1,1,1,1,1,1,0.4837,1,68,1,0,1,1,1,0,1,0.8098,119,4.7159,88.42,1,1,2046922.22,0.006,1,1,19.33,4,1,10,1,1,1,1,0,38,0.1841,0.0503,4,1,1,1,0
NCRB-SYNTH-101280,High Court,Trial Judgment,1,20,7,1,0,1,1,1,1,1,1,1,1,0.5773,1,28,1,1,1,1,1,1,1,0.4273,101,6.1363,124.16,1,1,2217639.37,0.1405,0,1,5.34,2,3,2,1,1,1,1,0,41,0.2344,0.0627,4,1,1,0,0
NCRB-SYNTH-101286,High Court,Writ Petition (Detention),1,25,61,1,0,1,1,1,1,1,1,1,1,0.8679,1,174,1,1,1,1,1,1,1,0.3715,124,4.7773,187.6,1,1,948128.08,0.0091,1,1,12.93,4,1,5,1,1,1,1,0,30,0.2673,0.0778,4,1,1,0,1
NCRB-SYNTH-101288,High Court,Sec 439 CrPC (Regular Bail),45,25,10,0,0,1,1,1,0,1,1,1,1,0.7587,1,86,1,1,1,1,1,1,1,0.5571,49,4.1361,234.72,1,1,3989144.43,0.1401,1,1,10.47,2,1,3,1,1,1,1,0,8,0.1418,0.0646,5,1,1,0,1
NCRB-SYNTH-101291,High Court,Sec 482 CrPC (Quashing),1,25,73,1,0,1,1,1,0,1,1,1,1,0.6579,1,43,1,0,1,1,1,1,1,0.6336,86,4.2649,46.67,1,1,2038749.34,0.0808,1,1,1.98,1,1,6,1,1,1,1,0,8,0.2037,0.0927,5,1,1,0,1
NCRB-SYNTH-101304,High Court,Sec 482 CrPC (Quashing),15,4,14,1,0,1,1,1,1,1,1,1,1,0.9103,0,35,1,1,1,1,0,1,1,0.8999,80,6.356,224.23,1,1,2553766.14,0.1697,0,1,5.37,2,2,6,1,1,0,0,1,30,0.2174,0.0633,4,1,1,0,1
NCRB-SYNTH-101313,Supreme Court,Sec 439 CrPC (Regular Bail),2,25,98,1,0,1,1,1,0,1,1,1,1,0.8471,1,59,1,1,1,1,0,1,1,0.6951,53,5.8129,159.01,1,1,3868256.86,0.0535,1,1,5.87,3,3,4,1,1,1,1,0,9,0.0937,0.0407,3,1,1,0,1
NCRB-SYNTH-101315,Supreme Court,Sec 439 CrPC (Regular Bail),1,9,25,1,0,1,1,1,0,1,1,1,1,0.4648,1,29,1,1,1,1,0,1,1,0.6395,66,3.0267,144.81,1,1,3045503.43,0.121,1,1,1.35,5,3,4,0,1,1,1,0,17,0.2237,0.0774,4,1,1,0,0
NCRB-SYNTH-101317,High Court,Sec 439 CrPC (Regular Bail),2,11,85,1,0,1,1,1,1,1,1,1,1,0.931,1,56,1,1,1,1,1,1,1,0.8433,62,6.8857,155.82,1,1,956644.85,0.0648,0,1,11.47,2,4,8,1,1,1,1,0,7,0.1433,0.0689,3,1,1,0,1
NCRB-SYNTH-101330,Supreme Court,Sec 439 CrPC (Regular Bail),2,24,33,1,0,1,1,1,0,1,1,1,1,0.4969,1,161,1,1,1,1,0,1,1,0.5373,85,5.0486,140.25,1,1,2477465.77,0.0549,1,1,20.19,1,4,4,1,1,1,1,0,6,0.1952,0.1003,5,1,1,0,0
NCRB-SYNTH-101342,High Court,Sec 439 CrPC (Regular Bail),1,14,53,1,0,1,1,1,0,1,1,1,1,0.6729,1,26,0,1,1,0,1,1,1,0.7845,90,3.5933,224.92,1,1,3341638.1,0.0499,0,1,3.59,2,2,4,1,1,0,0,1,18,0.1573,0.0534,4,1,1,0,0
NCRB-SYNTH-101346,High Court,Trial Judgment,1,18,18,0,0,1,1,1,0,1,1,1,1,0.5973,1,72,1,1,1,1,0,1,1,0.8121,41,5.5511,102.8,1,1,1956579.56,0.1479,0,1,22.65,1,4,10,1,1,0,0,1,39,0.0948,0.0257,4,1,1,0,0
NCRB-SYNTH-101348,Trial Court,Sec 439 CrPC (Regular Bail),1,16,20,1,0,1,1,1,0,1,1,1,1,0.5775,1,152,1,0,1,1,0,0,1,0.6441,134,7.9369,59.25,1,1,1077587.44,0.0286,1,1,1.82,1,4,10,1,1,1,1,0,2,0.6291,0.5726,1,1,1,0,0
NCRB-SYNTH-101353,Trial Court,Sec 482 CrPC (Quashing),2,9,20,1,0,1,1,1,1,1,1,1,1,0.8439,0,155,0,0,1,0,1,1,1,0.6471,46,4.583,281.57,1,1,4042537.7,0.028,0,1,1.04,3,2,3,1,1,1,1,0,8,0.1286,0.0585,3,1,1,0,0
NCRB-SYNTH-101355,High Court,Sec 482 CrPC (Quashing),2,12,17,1,0,1,1,1,0,1,1,1,1,0.5026,1,38,0,1,1,1,0,0,1,0.8627,148,4.7406,284.54,1,1,1591922.48,0.0328,1,1,14.63,2,3,5,1,1,1,1,0,2,0.7269,0.6617,1,1,1,1,0
NCRB-SYNTH-101358,Trial Court,Sec 439 CrPC (Regular Bail),1,3,86,0,0,1,1,1,1,1,1,1,1,0.8963,1,169,1,0,1,0,1,1,1,0.7427,80,3.2482,82.8,1,1,288135.67,0.023,1,1,13.78,5,3,4,1,1,1,1,0,4,0.0905,0.0562,3,1,1,0,1
NCRB-SYNTH-101374,High Court,Sec 439 CrPC (Regular Bail),1,7,77,0,0,1,1,1,0,1,1,1,1,0.7563,1,72,1,1,1,1,1,0,1,0.5809,84,4.7413,77.29,1,1,4398255.23,0.1391,0,1,2.7,2,2,2,0,1,1,1,0,7,0.1663,0.08,5,1,1,0,1
NCRB-SYNTH-101377,Trial Court,Writ Petition (Detention),15,12,99,1,0,1,1,1,0,1,1,1,1,0.5178,1,109,1,1,1,1,0,1,1,0.5892,83,4.5622,174.47,1,1,2174303.8,0.0572,0,1,37.31,2,1,5,1,1,1,1,0,6,0.1685,0.0866,5,1,1,0,0
NCRB-SYNTH-101378,Trial Court,Sec 482 CrPC (Quashing),1,6,65,0,0,1,1,1,0,1,1,1,1,0.9103,1,143,0,0,1,1,0,0,1,0.6011,75,5.3229,48.79,1,1,1216875.75,0.0355,1,1,5.94,4,4,2,0,1,1,1,0,11,0.1585,0.0638,5,1,1,1,0
NCRB-SYNTH-101379,High Court,Sec 482 CrPC (Quashing),1,12,41,1,0,1,1,1,0,1,1,1,1,0.4904,1,129,0,1,1,1,0,1,1,0.6275,117,6.1887,81.04,1,1,2279950.46,0.014,1,1,3.76,3,2,5,1,1,0,0,1,5,0.1473,0.0822,5,1,1,0,0
NCRB-SYNTH-101382,High Court,Sec 439 CrPC (Regular Bail),7,24,21,1,0,1,1,1,1,1,1,1,1,0.5342,0,27,1,1,1,1,1,1,1,0.6266,51,3.6401,289.75,1,1,4365817.84,0.0272,1,1,1.93,4,3,10,1,1,1,1,0,5,0.2084,0.1163,5,1,1,0,0
NCRB-SYNTH-101390,Trial Court,Sec 482 CrPC (Quashing),1,11,63,1,0,1,1,1,0,1,1,1,1,0.5651,1,30,1,1,1,1,0,0,1,0.5448,118,3.5469,210.17,1,1,3829270.8,0.1653,0,1,23.2,3,2,6,1,1,0,0,1,10,0.2433,0.1014,5,1,1,0,0
NCRB-SYNTH-101394,High Court,Sec 482 CrPC (Quashing),1,4,92,1,0,1,1,1,1,1,1,1,1,0.7999,0,177,1,1,1,1,1,1,1,0.752,130,6.2051,84.51,1,1,3257204.88,0.0491,1,1,23.33,1,3,5,1,1,1,1,0,9,0.1722,0.0748,5,1,1,0,1
NCRB-SYNTH-101397,High Court,Sec 439 CrPC (Regular Bail),1,18,10,1,0,1,1,1,1,1,1,1,1,0.519,1,66,1,1,1,1,1,1,1,0.6954,150,7.3188,176.16,1,1,3298220.55,0.1235,1,1,5.78,5,3,4,1,1,1,1,0,7,0.0756,0.0363,3,1,1,1,0
NCRB-SYNTH-101406,Trial Court,Sec 439 CrPC (Regular Bail),2,20,22,0,0,1,1,1,0,1,1,1,1,0.8105,1,153,1,0,1,1,1,1,1,0.5172,68,3.1241,173.37,1,1,464315.98,0.039,1,1,11.1,2,4,10,1,1,1,1,0,8,0.1489,0.0678,5,1,1,0,1
NCRB-SYNTH-101415,Trial Court,Sec 439 CrPC (Regular Bail),1,9,75,1,0,1,1,1,0,1,1,1,1,0.3993,0,31,0,0,1,0,1,0,1,0.616,111,3.1574,154.72,1,1,1073157.89,0.0367,0,1,3.77,1,2,5,1,1,1,1,0,4,0.1522,0.0946,5,1,1,0,0
NCRB-SYNTH-101419,Trial Court,Sec 439 CrPC (Regular Bail),1,24,30,1,0,1,1,1,1,1,1,1,1,0.6716,0,23,1,1,1,1,0,1,1,0.6897,149,7.9163,269.91,1,1,2755654.3,0.1561,1,1,1.36,2,2,8,1,1,1,1,0,17,0.1316,0.0455,4,1,1,0,1
NCRB-SYNTH-101422,Trial Court,Writ Petition (Detention),1,3,17,0,0,1,1,1,0,1,1,1,1,0.7978,1,168,1,1,1,1,0,0,1,0.6841,76,5.5579,252.64,1,1,822647.07,0.1127,1,1,9.12,5,4,10,1,1,1,1,0,11,0.0756,0.0304,5,1,1,1,1
NCRB-SYNTH-101431,Trial Court,Trial Judgment,21,6,38,1,0,1,1,1,0,1,1,1,1,0.7564,0,43,1,1,1,1,0,1,1,0.648,42,7.8009,74.75,1,1,3055868.74,0.154,0,1,2.35,4,1,10,1,1,1,1,0,7,0.2252,0.1083,3,1,1,0,1
NCRB-SYNTH-101432,Trial Court,Sec 439 CrPC (Regular Bail),7,18,47,1,0,1,1,1,1,1,1,1,1,0.4768,1,95,1,1,1,1,1,1,1,0.5778,103,3.7408,172.46,1,1,2421960.05,0.1759,1,1,15.81,5,1,2,0,1,1,1,0,9,0.1176,0.0511,5,1,1,0,0
NCRB-SYNTH-101433,Trial Court,Trial Judgment,1,20,97,1,0,1,1,1,0,1,1,1,1,0.4465,1,75,1,1,1,1,1,1,1,0.7246,98,4.9435,152.53,1,1,1018523.47,0.1094,0,1,24.66,4,4,10,1,1,1,1,0,39,0.1267,0.0343,4,1,1,1,0
NCRB-SYNTH-101444,High Court,Trial Judgment,15,12,73,1,1,1,1,1,1,1,1,1,1,0.7184,1,125,0,0,1,0,1,1,1,0.7568,100,7.2433,203.7,1,1,1938432.67,0.1462,0,1,15.43,4,1,10,1,1,0,0,1,1,0.8489,1.2248,1,1,1,1,0
NCRB-SYNTH-101451,High Court,Sec 439 CrPC (Regular Bail),1,3,83,1,0,1,1,1,0,1,1,1,1,0.4268,1,28,1,1,1,1,1,1,1,0.6464,98,7.4077,119.66,1,1,286702.93,0.052,1,1,1.0,1,4,10,0,1,1,1,0,10,0.1375,0.0574,3,1,1,0,0
NCRB-SYNTH-101461,High Court,Writ Petition (Detention),1,11,78,1,0,1,1,1,1,1,1,1,1,0.7204,1,37,1,1,1,1,0,1,1,0.9391,124,7.5794,107.18,1,1,4212719.85,0.0482,1,1,21.55,1,1,8,1,1,1,1,0,10,0.1449,0.0604,5,1,1,0,1
NCRB-SYNTH-101468,Trial Court,Sec 439 CrPC (Regular Bail),1,9,72,1,0,1,1,1,0,1,1,1,1,0.4791,1,119,1,1,1,1,0,1,1,0.8148,61,3.3072,150.81,1,1,1796977.13,0.0765,0,1,19.57,1,1,2,1,1,1,1,0,9,0.1252,0.0544,5,1,1,0,0
NCRB-SYNTH-101474,High Court,Writ Petition (Detention),21,13,49,1,0,1,1,1,1,1,1,1,1,0.637,1,74,1,1,1,1,1,1,1,0.6105,44,7.7118,56.31,1,1,3799231.85,0.1849,0,1,4.99,2,4,6,0,1,1,1,0,31,0.1065,0.0307,4,1,1,0,1
NCRB-SYNTH-101480,High Court,Sec 439 CrPC (Regular Bail),45,20,52,1,0,1,1,1,1,1,1,1,1,0.8663,1,100,1,1,1,1,0,0,1,0.861,123,7.764,255.81,1,1,4169000.26,0.1629,0,1,3.31,2,2,10,1,1,0,0,1,5,0.1732,0.0967,5,1,1,0,1
NCRB-SYNTH-101483,High Court,Sec 439 CrPC (Regular Bail),1,9,42,1,0,1,1,1,0,1,1,1,1,0.7875,1,13,1,0,1,0,0,1,1,0.7296,138,3.5806,148.8,1,1,2179046.15,0.027,1,1,26.94,4,1,2,1,1,1,1,0,34,0.3088,0.0868,4,1,1,1,1
NCRB-SYNTH-101486,High Court,Trial Judgment,27,12,72,1,1,1,1,1,0,1,1,1,1,0.6055,1,89,1,1,1,1,1,1,1,0.6845,135,3.7307,103.14,1,1,452358.14,0.1253,1,1,16.34,4,4,3,1,1,1,1,0,6,0.1199,0.0616,3,1,1,0,1
NCRB-SYNTH-101487,High Court,Sec 439 CrPC (Regular Bail),1,18,79,1,0,1,1,1,0,1,1,1,1,0.8126,0,145,1,1,1,1,1,1,1,0.5174,103,7.9019,114.47,1,1,2859449.83,0.0555,1,1,31.71,4,1,6,1,1,0,0,1,3,0.5128,0.3699,1,1,1,0,1
NCRB-SYNTH-101489,High Court,Sec 439 CrPC (Regular Bail),15,17,15,1,0,1,1,1,1,1,1,1,1,0.8272,1,138,1,0,1,1,1,1,1,0.615,110,4.0117,178.4,1,1,3019812.76,0.0011,1,1,5.13,5,4,5,0,1,0,0,1,5,0.0531,0.0296,5,1,1,1,1
NCRB-SYNTH-101490,High Court,Sec 439 CrPC (Regular Bail),1,15,20,1,0,1,1,1,1,1,1,1,1,0.6014,1,93,0,0,1,1,0,0,1,0.8276,52,4.2677,118.94,1,1,2794831.9,0.1218,1,1,32.6,5,1,5,1,1,1,1,0,7,0.1323,0.0636,5,1,1,1,0
NCRB-SYNTH-101492,Trial Court,Sec 439 CrPC (Regular Bail),4,6,69,1,0,1,1,1,0,1,1,1,1,0.7236,1,85,1,1,1,1,1,1,1,0.6494,71,7.4274,50.47,1,1,666731.51,0.0778,1,1,1.36,1,4,4,1,1,1,1,0,36,0.1579,0.0437,4,1,1,1,1
NCRB-SYNTH-101498,Trial Court,Sec 439 CrPC (Regular Bail),4,3,75,1,0,1,1,1,0,1,1,1,1,0.8578,1,73,1,1,1,1,1,1,1,0.8009,109,7.4854,120.92,1,1,4020069.28,0.1934,1,1,5.91,1,1,10,1,1,1,1,0,22,0.3177,0.1013,4,1,1,0,1
NCRB-SYNTH-101499,Trial Court,Sec 439 CrPC (Regular Bail),1,12,71,1,0,1,1,1,1,1,1,1,1,0.749,1,70,1,0,1,1,1,1,1,1.0,85,7.0756,196.6,1,1,349973.73,0.1282,0,1,3.63,5,4,9,1,1,1,1,0,12,0.2439,0.0951,4,1,1,0,1
NCRB-SYNTH-101501,Trial Court,Trial Judgment,1,5,75,1,0,1,1,1,1,1,1,1,1,0.7694,1,15,1,1,1,1,0,0,1,0.7127,105,3.7776,298.37,1,1,3351482.15,0.0697,1,1,11.77,5,3,3,0,1,0,0,1,1,0.8979,1.2953,1,1,1,0,1
NCRB-SYNTH-101502,Trial Court,Sec 439 CrPC (Regular Bail),1,16,5,1,0,1,1,1,0,1,1,1,1,0.4097,1,175,1,1,1,0,0,0,1,0.542,78,4.9273,282.42,1,1,4379490.76,0.0486,0,1,15.99,3,1,5,0,1,1,1,0,1,0.6063,0.8747,1,1,1,0,0
NCRB-SYNTH-101505,High Court,Sec 439 CrPC (Regular Bail),1,13,75,1,0,1,1,1,0,1,1,1,1,0.7842,1,169,1,1,1,1,1,0,1,0.6296,54,7.9265,262.83,1,1,600618.07,0.1444,1,1,34.24,4,1,10,0,1,0,0,1,8,0.2136,0.0972,5,1,1,0,1
NCRB-SYNTH-101506,Trial Court,Sec 439 CrPC (Regular Bail),1,7,8,1,0,1,1,1,1,1,1,1,1,0.9049,1,63,1,1,1,0,0,1,1,0.5223,78,6.3236,46.9,1,1,873225.92,0.128,0,1,22.15,4,1,9,1,1,1,1,0,21,0.2312,0.0748,4,1,1,1,1
NCRB-SYNTH-101508,Supreme Court,Sec 439 CrPC (Regular Bail),7,11,86,1,0,1,1,1,1,1,1,1,1,0.825,1,91,1,0,1,1,0,1,1,0.4362,150,3.0655,290.32,1,1,3190525.82,0.0255,0,1,2.48,3,1,8,1,1,1,1,0,42,0.208,0.0553,4,1,1,1,1
NCRB-SYNTH-101523,High Court,Sec 439 CrPC (Regular Bail),21,12,29,1,0,1,1,1,1,1,1,1,1,0.8179,1,136,0,0,1,1,1,0,1,0.9199,61,5.5532,131.04,1,1,369319.95,0.1057,0,1,18.36,3,4,10,1,1,0,0,1,3,0.8469,0.6109,1,1,1,1,0
NCRB-SYNTH-101525,Trial Court,Sec 439 CrPC (Regular Bail),1,19,86,1,0,1,1,1,1,1,1,1,1,0.4419,1,143,1,1,1,1,1,1,1,0.7513,126,4.5741,178.85,1,1,1594224.24,0.0966,1,1,12.41,5,4,4,1,1,1,1,0,10,0.1811,0.0755,5,1,1,0,0
NCRB-SYNTH-101530,Trial Court,Sec 439 CrPC (Regular Bail),1,9,70,1,0,1,1,1,1,1,1,1,1,0.4839,1,114,1,1,1,1,0,1,1,0.8414,92,3.8668,47.38,1,1,2401269.73,0.0319,1,1,11.15,5,2,6,1,1,0,0,1,44,0.2195,0.0577,4,1,1,0,0
NCRB-SYNTH-101535,Trial Court,Writ Petition (Detention),1,5,30,1,0,1,1,1,0,1,1,1,1,0.6534,0,16,0,0,1,1,1,1,1,0.5941,92,6.3007,241.61,1,1,2880019.88,0.1234,1,1,12.44,3,1,4,0,1,1,1,0,4,0.1907,0.1185,3,1,1,1,0
NCRB-SYNTH-101540,Supreme Court,Sec 439 CrPC (Regular Bail),4,6,88,1,1,1,1,1,1,1,1,1,1,0.7012,1,117,1,1,1,0,1,1,1,0.5713,58,6.1566,205.0,1,1,2890031.04,0.1264,1,1,9.45,3,4,2,1,1,1,1,0,39,0.3047,0.0826,4,1,1,0,1
NCRB-SYNTH-101546,High Court,Trial Judgment,2,7,10,1,0,1,1,1,0,1,1,1,1,0.5389,1,111,1,1,1,1,0,1,1,0.7231,143,4.1277,197.07,1,1,2135030.52,0.0768,1,1,3.21,2,4,2,0,1,1,1,0,4,0.1136,0.0706,5,1,1,0,0
NCRB-SYNTH-101558,Trial Court,Writ Petition (Detention),2,11,46,1,0,1,1,1,0,1,1,1,1,0.8861,1,154,0,0,1,1,0,1,1,0.5479,112,5.2241,84.75,1,1,4163745.16,0.1693,1,1,3.68,4,1,2,1,1,1,1,0,37,0.227,0.0624,4,1,1,0,0
NCRB-SYNTH-101561,High Court,Sec 439 CrPC (Regular Bail),1,16,20,0,0,1,1,1,0,1,1,1,1,0.9329,1,33,1,1,1,1,1,0,1,0.593,106,3.2411,201.37,1,1,3234324.09,0.0381,1,1,3.72,4,3,4,1,1,1,1,0,37,0.0869,0.0239,4,1,1,0,1
NCRB-SYNTH-101566,High Court,Sec 439 CrPC (Regular Bail),7,11,70,1,0,1,1,1,1,1,1,1,1,0.4951,1,47,0,0,1,1,0,1,1,0.5649,90,6.4198,151.41,1,1,1763895.24,0.1442,1,1,13.17,3,3,4,1,1,1,1,0,37,0.173,0.0476,4,1,1,0,0
NCRB-SYNTH-101570,Trial Court,Sec 439 CrPC (Regular Bail),1,5,69,1,0,1,1,1,1,1,1,1,1,0.6359,1,142,0,0,1,0,0,1,1,0.8185,58,3.1829,285.33,1,1,3737931.65,0.0493,0,1,26.73,3,4,10,1,1,1,1,0,1,0.5304,0.7652,1,1,1,0,0
NCRB-SYNTH-101580,High Court,Sec 439 CrPC (Regular Bail),7,11,34,1,0,1,1,1,0,1,1,1,1,0.8135,0,97,1,0,1,1,1,1,1,0.7042,150,5.8817,272.47,1,1,2754513.21,0.1007,1,1,11.26,4,2,5,1,1,1,1,0,10,0.1735,0.0724,5,1,1,1,1
NCRB-SYNTH-101582,High Court,Sec 439 CrPC (Regular Bail),1,17,99,1,0,1,1,1,1,1,1,1,1,0.3996,1,114,1,1,1,1,1,0,1,0.6288,47,6.659,268.41,1,1,1260892.61,0.0685,1,1,5.76,5,2,5,0,1,1,1,0,24,0.1151,0.0357,4,1,1,1,0
NCRB-SYNTH-101584,Trial Court,Sec 439 CrPC (Regular Bail),1,19,47,1,0,1,1,1,0,1,1,1,1,0.8789,1,114,1,1,1,1,1,1,1,0.8918,125,7.7886,49.47,1,1,4259279.04,0.1292,1,1,34.23,2,1,5,1,1,0,0,1,11,0.2259,0.0909,3,1,1,0,1
NCRB-SYNTH-101588,High Court,Writ Petition (Detention),1,13,36,1,0,1,1,1,0,1,1,1,1,0.5237,1,133,1,1,1,1,1,0,1,0.692,119,4.2912,215.55,1,1,1565670.71,0.1746,0,1,6.17,4,3,7,0,1,1,1,0,43,0.1921,0.0508,4,1,1,0,0
NCRB-SYNTH-101589,Trial Court,Trial Judgment,2,3,71,1,0,1,1,1,1,1,1,1,1,0.5363,0,56,1,1,1,0,0,1,1,0.7665,94,7.4236,157.04,1,1,4040150.13,0.0121,1,1,16.75,1,4,9,0,1,1,1,0,1,0.6803,0.9814,1,1,1,1,0
NCRB-SYNTH-101604,Trial Court,Sec 439 CrPC (Regular Bail),1,21,9,1,0,1,1,1,1,1,1,1,1,0.8818,1,80,1,1,1,1,0,1,1,0.7614,142,7.3248,101.94,1,1,3524266.63,0.0281,1,1,13.45,1,1,7,0,1,1,1,0,4,0.1162,0.0722,3,1,1,0,1
NCRB-SYNTH-101606,Trial Court,Sec 439 CrPC (Regular Bail),4,3,90,1,0,1,1,1,0,1,1,1,1,0.5004,0,173,1,1,1,1,0,1,1,0.6151,142,3.1772,103.42,1,1,4006104.24,0.0972,0,1,1.69,1,1,3,1,1,1,1,0,13,0.1194,0.0452,4,1,1,0,0
NCRB-SYNTH-101610,Supreme Court,Sec 439 CrPC (Regular Bail),15,18,63,1,0,1,1,1,1,1,1,1,1,0.7095,1,90,1,1,1,1,0,1,1,0.9015,80,5.45,100.54,1,1,1537204.82,0.1996,1,1,3.3,3,1,7,0,1,1,1,0,8,0.1923,0.0875,5,1,1,0,1
NCRB-SYNTH-101613,High Court,Writ Petition (Detention),4,7,27,1,0,1,1,1,0,1,1,1,1,0.5447,0,33,1,1,1,1,1,0,1,0.6212,146,4.0106,145.06,1,1,2184676.1,0.15,1,1,2.59,4,2,4,0,1,1,1,0,8,0.2469,0.1124,5,1,1,1,0
NCRB-SYNTH-101621,Trial Court,Trial Judgment,1,16,72,1,0,1,1,1,1,1,1,1,1,0.832,1,86,1,1,1,1,1,0,1,0.6829,67,4.2373,295.93,1,1,4232229.08,0.1871,1,1,2.24,1,4,5,1,1,1,1,0,11,0.2235,0.0899,3,1,1,1,1
NCRB-SYNTH-101628,Trial Court,Sec 439 CrPC (Regular Bail),4,8,74,1,0,1,1,1,0,1,1,1,1,0.4216,1,54,1,1,1,0,1,0,1,0.7576,78,7.1134,180.18,1,1,3437909.94,0.1346,1,1,22.65,3,1,6,1,1,0,0,1,21,0.29,0.0938,4,1,1,1,0
NCRB-SYNTH-101630,Trial Court,Sec 482 CrPC (Quashing),4,22,95,0,0,1,1,1,1,1,1,1,1,0.4774,1,141,1,1,1,1,1,1,1,0.6575,96,5.3291,87.34,1,1,1659234.16,0.1259,1,1,30.51,2,2,4,0,1,1,1,0,5,0.1761,0.0983,5,1,1,0,0
NCRB-SYNTH-101637,High Court,Trial Judgment,4,21,97,1,0,1,1,1,1,1,1,1,1,0.8955,1,56,1,0,1,1,1,0,1,0.5304,89,7.4533,184.02,1,1,2247976.84,0.1883,1,1,1.43,4,3,3,1,1,1,1,0,2,0.7128,0.6488,1,1,1,0,1
NCRB-SYNTH-101641,Trial Court,Sec 439 CrPC (Regular Bail),2,10,42,1,0,1,1,1,0,1,1,1,1,0.99,1,35,1,1,1,1,1,1,1,0.6818,127,3.6823,234.13,1,1,3473118.25,0.1779,1,1,2.99,2,4,2,1,1,0,0,1,6,0.1314,0.0675,5,1,1,1,1
NCRB-SYNTH-101643,High Court,Sec 439 CrPC (Regular Bail),2,25,10,1,0,1,1,1,0,1,1,1,1,0.8938,0,32,0,0,1,0,1,1,1,0.5881,125,3.1765,119.7,1,1,1185917.16,0.1548,0,1,27.52,5,2,6,1,1,1,1,0,10,0.1983,0.0827,5,1,1,0,0
NCRB-SYNTH-101654,High Court,Sec 439 CrPC (Regular Bail),2,17,70,1,0,1,1,1,1,1,1,1,1,0.7338,1,11,1,1,1,0,1,1,1,0.4527,137,3.7615,57.9,1,1,4038023.56,0.0188,1,1,16.02,2,4,5,1,1,1,1,0,1,0.4938,0.7124,1,1,1,0,1
NCRB-SYNTH-101659,High Court,Sec 482 CrPC (Quashing),7,19,62,1,0,1,1,1,0,1,1,1,1,0.7439,0,138,1,0,1,1,1,1,1,0.578,75,4.5403,141.8,1,1,1611889.94,0.05,0,1,7.55,3,1,7,1,1,1,1,0,4,0.1633,0.1015,5,1,1,0,1
NCRB-SYNTH-101660,Trial Court,Sec 439 CrPC (Regular Bail),1,6,30,1,0,1,1,1,1,1,1,1,1,0.8543,1,105,0,0,1,1,1,1,1,0.4256,144,5.7212,243.04,1,1,449867.12,0.0464,0,1,6.58,1,2,7,1,1,1,1,0,41,0.1153,0.0309,4,1,1,0,0
NCRB-SYNTH-101662,Trial Court,Writ Petition (Detention),1,24,32,1,0,1,1,1,1,1,1,1,1,0.4735,1,68,1,1,1,0,1,1,1,0.7179,77,5.6249,100.36,1,1,2373421.09,0.0016,1,1,3.79,5,3,3,1,1,1,1,0,11,0.1738,0.0699,3,1,1,1,0
NCRB-SYNTH-101664,Trial Court,Sec 439 CrPC (Regular Bail),1,11,47,1,0,1,1,1,0,1,1,1,1,0.7832,1,110,1,1,1,1,0,0,1,0.5795,115,7.4366,48.08,1,1,4183818.19,0.1475,1,1,6.18,5,1,8,1,1,1,1,0,29,0.0827,0.0243,4,1,1,0,1
NCRB-SYNTH-101671,High Court,Sec 439 CrPC (Regular Bail),4,11,92,1,0,1,1,1,0,1,1,1,1,0.54,1,173,1,1,1,0,1,0,1,0.679,52,6.2209,194.08,1,1,757771.95,0.1124,1,1,11.2,2,3,10,1,1,0,0,1,21,0.1203,0.0389,4,1,1,0,0
NCRB-SYNTH-101678,High Court,Sec 439 CrPC (Regular Bail),1,24,27,1,0,1,1,1,0,1,1,1,1,0.7484,1,152,0,0,1,1,0,1,1,0.6918,74,3.7576,54.07,1,1,690538.86,0.156,1,1,11.9,5,2,2,1,1,0,0,1,5,0.0937,0.0523,5,1,1,0,0
NCRB-SYNTH-101688,High Court,Sec 439 CrPC (Regular Bail),15,4,39,1,0,1,1,1,1,1,1,1,1,0.5126,1,107,1,1,1,1,1,0,1,0.6394,97,4.4737,239.75,1,1,2389214.96,0.0295,1,1,6.52,5,2,8,0,1,0,0,1,11,0.1754,0.0706,3,1,1,0,0
NCRB-SYNTH-101692,Trial Court,Sec 482 CrPC (Quashing),1,7,45,1,1,1,1,1,0,1,1,1,1,0.3664,1,82,1,1,1,1,1,0,1,0.8564,122,5.9903,275.86,1,1,3272778.81,0.1851,1,1,8.22,2,4,7,0,1,0,0,1,36,0.0902,0.025,4,1,1,1,0
NCRB-SYNTH-101693,High Court,Sec 439 CrPC (Regular Bail),2,18,26,1,0,1,1,1,0,1,1,1,1,0.8368,1,102,1,1,1,1,1,1,1,0.6117,80,4.8475,91.58,1,1,2505060.41,0.1236,1,1,21.14,4,2,5,1,1,1,1,0,9,0.0672,0.0292,5,1,1,1,1
NCRB-SYNTH-101695,Trial Court,Sec 439 CrPC (Regular Bail),2,7,78,1,0,1,1,1,1,1,1,1,1,0.5369,1,35,1,1,1,1,1,1,1,0.7363,139,7.354,242.76,1,1,2886583.56,0.1071,0,1,54.92,4,3,9,1,1,1,1,0,11,0.2387,0.0961,5,1,1,1,0
NCRB-SYNTH-101700,Trial Court,Sec 439 CrPC (Regular Bail),27,3,5,0,0,1,1,1,1,1,1,1,1,0.924,1,74,1,1,1,0,1,1,1,0.7606,128,5.7872,127.47,1,1,2340761.34,0.1129,0,1,14.39,1,4,7,0,1,1,1,0,3,0.8679,0.6261,1,1,1,0,1
NCRB-SYNTH-101702,High Court,Sec 482 CrPC (Quashing),7,12,50,1,0,1,1,1,0,1,1,1,1,0.9509,0,81,1,1,1,1,0,0,1,0.5959,112,6.0453,225.12,1,1,2213160.05,0.0162,1,1,5.28,3,1,10,1,1,1,1,0,10,0.1075,0.0449,3,1,1,1,1
NCRB-SYNTH-101704,Trial Court,Sec 439 CrPC (Regular Bail),1,4,26,1,0,1,1,1,1,1,1,1,1,0.6513,0,134,1,1,1,1,1,1,1,0.8087,107,5.5757,93.9,1,1,4330656.64,0.0944,1,1,8.2,1,4,9,1,1,1,1,0,4,0.1745,0.1085,5,1,1,0,1
NCRB-SYNTH-101705,High Court,Trial Judgment,1,18,36,1,0,1,1,1,1,1,1,1,1,0.4359,0,120,1,1,1,1,1,1,1,0.863,104,5.6397,172.78,1,1,1536916.28,0.1703,1,1,1.14,2,2,5,1,1,1,1,0,14,0.2102,0.0776,4,1,1,1,0
NCRB-SYNTH-101714,High Court,Sec 439 CrPC (Regular Bail),1,9,34,1,0,1,1,1,1,1,1,1,1,0.7901,1,24,1,1,1,1,1,1,1,0.6787,133,7.2277,223.91,1,1,3546517.14,0.1238,1,1,7.16,3,1,10,1,1,0,0,1,9,0.1528,0.0664,5,1,1,0,1
NCRB-SYNTH-101727,High Court,Trial Judgment,1,4,91,1,0,1,1,1,0,1,1,1,1,0.8557,1,110,1,1,1,1,1,1,1,0.4931,93,4.5436,126.67,1,1,3703114.33,0.1055,1,1,7.9,5,3,3,1,1,1,1,0,29,0.2457,0.0722,4,1,1,0,1
NCRB-SYNTH-101733,Trial Court,Sec 439 CrPC (Regular Bail),2,4,16,1,0,1,1,1,0,1,1,1,1,0.6771,1,114,1,1,1,1,1,1,1,0.6288,42,4.8845,267.59,1,1,3348415.5,0.0687,0,1,8.67,5,3,10,0,1,1,1,0,11,0.227,0.0913,5,1,1,0,1
NCRB-SYNTH-101734,Trial Court,Sec 439 CrPC (Regular Bail),1,17,87,1,0,1,1,1,0,1,1,1,1,0.9019,1,93,1,1,1,1,1,0,1,0.9558,43,7.7558,72.43,1,1,590382.41,0.0199,0,1,13.31,4,3,3,1,1,1,1,0,18,0.2006,0.0681,4,1,1,1,1
NCRB-SYNTH-101737,Trial Court,Sec 439 CrPC (Regular Bail),1,21,75,1,0,1,1,1,0,1,1,1,1,0.6765,1,155,0,0,1,0,1,0,1,0.5034,96,7.6553,58.49,1,1,2671098.34,0.0349,0,1,18.63,4,4,10,0,1,1,1,0,5,0.1257,0.0702,5,1,1,1,0
NCRB-SYNTH-101739,Trial Court,Sec 482 CrPC (Quashing),2,7,31,1,0,1,1,1,0,1,1,1,1,0.4217,1,32,1,1,1,1,0,1,1,0.5545,124,3.7063,287.74,1,1,1002112.19,0.1433,1,1,7.25,5,1,8,1,1,1,1,0,9,0.1123,0.0488,3,1,1,1,0
NCRB-SYNTH-101740,Supreme Court,Sec 439 CrPC (Regular Bail),2,18,30,1,0,1,1,1,1,1,1,1,1,0.4891,1,115,1,1,1,1,0,0,1,0.5851,40,5.6296,78.6,1,1,4096280.82,0.1982,0,1,6.29,3,1,10,1,1,1,1,0,45,0.1671,0.0436,4,1,1,0,0
NCRB-SYNTH-101745,High Court,Sec 439 CrPC (Regular Bail),1,5,70,1,0,1,1,1,1,1,1,1,1,0.4821,1,126,1,1,1,1,0,1,1,0.684,132,3.5878,111.95,1,1,2445821.32,0.0998,0,1,8.09,3,1,9,1,1,1,1,0,23,0.1435,0.0452,4,1,1,0,0
NCRB-SYNTH-101746,Trial Court,Sec 482 CrPC (Quashing),1,23,85,1,0,1,1,1,1,1,1,1,1,0.5888,0,135,0,0,1,1,0,1,1,0.7192,115,5.5118,269.24,1,1,4105048.76,0.0448,1,1,5.5,2,2,7,1,1,1,1,0,16,0.1305,0.0461,4,1,1,1,0
NCRB-SYNTH-101751,High Court,Writ Petition (Detention),2,7,50,1,0,1,1,1,0,1,1,1,1,0.374,1,145,1,1,1,0,0,0,1,0.773,91,6.7316,126.11,1,1,3051132.42,0.095,1,1,3.78,1,4,2,1,1,1,1,0,8,0.098,0.0446,3,1,1,0,0
NCRB-SYNTH-101758,High Court,Sec 482 CrPC (Quashing),1,4,36,1,0,1,1,1,0,1,1,1,1,0.5002,0,139,1,1,1,0,0,1,1,0.7125,47,6.032,58.14,1,1,4422808.06,0.0637,0,1,5.49,5,4,9,1,1,1,1,0,18,0.1599,0.0543,4,1,1,0,0
NCRB-SYNTH-101760,Trial Court,Sec 439 CrPC (Regular Bail),1,12,19,1,0,1,1,1,0,1,1,1,1,0.519,1,116,1,1,1,0,0,1,1,0.6949,91,5.925,174.76,1,1,3350245.44,0.0231,1,1,21.37,1,4,6,0,1,1,1,0,44,0.1036,0.0272,4,1,1,1,0
NCRB-SYNTH-101761,Trial Court,Sec 482 CrPC (Quashing),27,20,64,1,0,1,1,1,1,1,1,1,1,0.4764,1,135,1,1,1,1,1,1,1,0.7333,71,6.2669,250.28,1,1,3475232.88,0.0472,1,1,12.92,4,2,7,1,1,1,1,0,33,0.2619,0.0743,4,1,1,1,0
NCRB-SYNTH-101764,Trial Court,Sec 482 CrPC (Quashing),2,8,32,0,0,1,1,1,0,1,1,1,1,0.4549,1,103,0,0,1,0,1,0,1,0.6755,70,3.9455,93.16,1,1,750048.61,0.0397,1,1,7.8,2,4,9,0,1,1,1,0,28,0.1347,0.04,4,1,1,0,0
NCRB-SYNTH-101768,Supreme Court,Sec 439 CrPC (Regular Bail),1,19,45,1,0,1,1,1,0,1,1,1,1,0.504,1,146,0,0,1,0,1,1,1,0.6113,43,4.376,249.56,1,1,3076505.01,0.0749,1,1,7.03,5,1,4,1,1,0,0,1,42,0.1917,0.051,4,1,1,0,0
NCRB-SYNTH-101769,High Court,Trial Judgment,1,24,51,1,0,1,1,1,0,1,1,1,1,0.5399,1,91,1,1,1,0,0,0,1,0.6371,147,5.6782,255.15,1,1,1798706.21,0.0284,0,1,3.95,1,1,9,1,1,1,1,0,23,0.1177,0.037,4,1,1,0,0
NCRB-SYNTH-101770,High Court,Sec 439 CrPC (Regular Bail),1,21,37,1,0,1,1,1,0,1,1,1,1,0.5969,1,48,1,1,1,1,0,1,1,0.6932,136,5.6076,108.32,1,1,2327786.9,0.0416,1,1,16.05,4,3,9,1,1,1,1,0,9,0.1692,0.0735,5,1,1,0,0
NCRB-SYNTH-101771,Trial Court,Sec 439 CrPC (Regular Bail),2,18,48,1,0,1,1,1,1,1,1,1,1,0.7032,1,26,0,0,1,1,1,1,1,0.8397,114,6.6215,116.31,1,1,656564.55,0.018,1,1,5.82,5,2,4,1,1,1,1,0,33,0.1136,0.0322,4,1,1,0,0
NCRB-SYNTH-101778,High Court,Trial Judgment,1,14,28,1,0,1,1,1,0,1,1,1,1,0.7415,1,32,1,1,1,0,1,1,1,0.5029,119,3.4939,75.13,1,1,4426988.56,0.1706,1,1,6.13,3,3,4,1,1,1,1,0,8,0.0917,0.0417,5,1,1,0,1
NCRB-SYNTH-101783,Trial Court,Sec 439 CrPC (Regular Bail),27,7,95,1,0,1,1,1,1,1,1,1,1,0.7638,1,170,1,1,1,0,1,1,1,0.6413,94,7.3066,279.43,1,1,3281048.24,0.1319,1,1,2.01,2,2,2,0,1,1,1,0,8,0.1381,0.0628,5,1,1,0,1
NCRB-SYNTH-101790,Supreme Court,Sec 439 CrPC (Regular Bail),4,15,24,1,0,1,1,1,0,1,1,1,1,0.5514,1,168,1,1,1,1,0,0,1,0.7883,56,5.7453,164.76,1,1,1994213.18,0.0619,0,1,11.36,3,2,2,1,1,1,1,0,7,0.2354,0.1132,3,1,1,0,0
NCRB-SYNTH-101793,High Court,Sec 439 CrPC (Regular Bail),4,10,59,0,0,1,1,1,0,1,1,1,1,0.6347,1,91,1,1,1,1,0,1,1,0.7787,142,6.1646,194.59,1,1,2459144.09,0.1556,0,1,18.43,1,3,7,1,1,0,0,1,11,0.1529,0.0615,5,1,1,1,1
NCRB-SYNTH-101803,Trial Court,Sec 439 CrPC (Regular Bail),1,4,57,1,0,1,1,1,0,1,1,1,1,0.8605,1,52,1,1,1,1,1,0,1,0.7094,111,3.5808,85.35,1,1,4158645.19,0.0009,0,1,2.02,2,1,10,1,1,1,1,0,10,0.0837,0.0349,5,1,1,0,1
NCRB-SYNTH-101820,High Court,Sec 482 CrPC (Quashing),1,10,17,0,0,1,1,1,0,1,1,1,1,0.6502,1,109,1,1,1,1,1,1,1,0.7474,111,5.5956,147.31,1,1,1157288.76,0.1633,1,1,33.4,2,1,5,1,1,1,1,0,4,0.1751,0.1088,5,1,1,0,1
NCRB-SYNTH-101826,High Court,Sec 439 CrPC (Regular Bail),7,6,14,1,0,1,1,1,0,1,1,1,1,0.8953,1,132,1,1,1,1,1,1,1,0.5968,50,4.0021,155.44,1,1,3948847.67,0.0736,1,1,51.37,3,2,7,1,1,1,1,0,4,0.1773,0.1101,5,1,1,0,1
NCRB-SYNTH-101841,High Court,Sec 439 CrPC (Regular Bail),1,21,88,1,0,1,1,1,0,1,1,1,1,0.9211,0,91,1,1,1,1,1,1,1,0.6188,89,5.1033,233.22,1,1,3224684.36,0.0495,0,1,18.57,4,2,4,1,1,1,1,0,23,0.2429,0.0764,4,1,1,1,1
NCRB-SYNTH-101842,Trial Court,Sec 439 CrPC (Regular Bail),2,8,24,1,0,1,1,1,0,1,1,1,1,0.6306,1,119,1,1,1,1,1,1,1,0.6979,149,7.4063,279.66,1,1,2491178.93,0.1735,0,1,45.09,2,2,6,1,1,1,1,0,6,0.1854,0.0953,5,1,1,1,1
NCRB-SYNTH-101843,Trial Court,Sec 439 CrPC (Regular Bail),4,18,76,1,0,1,1,1,0,1,1,1,1,0.6309,1,162,1,1,1,0,0,1,1,0.9069,43,4.7868,242.19,1,1,2243520.56,0.145,1,1,8.86,5,3,8,1,1,1,1,0,11,0.1541,0.062,5,1,1,0,1
NCRB-SYNTH-101858,High Court,Sec 439 CrPC (Regular Bail),1,4,80,1,0,1,1,1,0,1,1,1,1,0.5039,0,117,0,0,1,1,1,1,1,0.5907,71,3.6751,201.21,1,1,3188371.98,0.0786,0,1,10.77,5,4,3,0,1,1,1,0,10,0.1494,0.0623,5,1,1,1,0
NCRB-SYNTH-101864,High Court,Sec 439 CrPC (Regular Bail),1,25,50,1,0,1,1,1,0,1,1,1,1,0.5317,1,106,1,1,1,1,1,1,1,0.7357,77,7.1547,150.2,1,1,530653.92,0.094,0,1,3.04,5,4,8,1,1,1,1,0,29,0.1207,0.0355,4,1,1,0,0
NCRB-SYNTH-101873,Trial Court,Sec 439 CrPC (Regular Bail),1,18,87,1,0,1,1,1,0,1,1,1,1,0.6484,1,124,0,0,1,1,0,1,1,0.8834,127,7.301,223.73,1,1,2431486.6,0.1226,0,1,7.45,5,1,8,1,1,1,1,0,11,0.1944,0.0782,5,1,1,0,0
NCRB-SYNTH-101876,High Court,Trial Judgment,2,24,48,1,0,1,1,1,0,1,1,1,1,0.6084,1,128,0,1,1,0,1,1,1,0.6356,125,4.1616,52.42,1,1,3375894.18,0.1673,1,1,6.19,4,4,10,0,1,1,1,0,2,0.9079,0.8264,1,1,1,0,0
NCRB-SYNTH-101878,Trial Court,Sec 439 CrPC (Regular Bail),2,24,81,1,0,1,1,1,0,1,1,1,1,0.5988,1,71,1,1,1,0,1,1,1,0.648,55,5.9548,139.9,1,1,1114408.09,0.0419,1,1,2.66,3,4,7,1,1,1,1,0,4,0.239,0.1485,3,1,1,1,0
NCRB-SYNTH-101886,High Court,Trial Judgment,1,14,53,1,0,1,1,1,1,1,1,1,1,0.5765,1,119,1,0,1,1,1,1,1,0.7129,142,3.9865,176.32,1,1,3190427.28,0.1209,1,1,1.42,1,3,10,1,1,1,1,0,11,0.157,0.0632,5,1,1,1,0
NCRB-SYNTH-101892,Trial Court,Sec 439 CrPC (Regular Bail),2,21,15,1,0,1,1,1,1,1,1,1,1,0.9375,1,134,1,1,1,1,0,0,1,0.8298,40,6.115,134.67,1,1,1012156.14,0.0572,0,1,4.06,5,1,10,1,1,1,1,0,10,0.0956,0.0399,5,1,1,0,1
NCRB-SYNTH-101899,Trial Court,Sec 439 CrPC (Regular Bail),4,24,68,1,0,1,1,1,1,1,1,1,1,0.4087,1,126,1,1,1,0,1,1,1,0.3481,113,7.625,68.51,1,1,1901645.17,0.1316,0,1,6.98,2,2,8,1,1,1,1,0,27,0.1724,0.0518,4,1,1,0,0
NCRB-SYNTH-101908,Trial Court,Sec 439 CrPC (Regular Bail),1,10,93,1,0,1,1,1,0,1,1,1,1,0.7232,1,14,1,1,1,0,1,1,1,0.7468,99,3.0145,194.34,1,1,702904.39,0.0148,1,1,30.52,3,3,2,1,1,0,0,1,6,0.1684,0.0866,3,1,1,1,1
NCRB-SYNTH-101914,Trial Court,Writ Petition (Detention),1,11,5,1,0,1,1,1,0,1,1,1,1,0.5382,0,33,1,0,1,1,1,0,1,0.7276,78,7.7152,244.13,1,1,3601682.77,0.0457,0,1,3.31,2,1,4,1,1,1,1,0,24,0.2546,0.0791,4,1,1,1,0
NCRB-SYNTH-101915,High Court,Trial Judgment,1,20,23,1,0,1,1,1,0,1,1,1,1,0.6473,0,11,0,0,1,0,1,1,1,0.7848,83,4.7481,250.83,1,1,1517602.56,0.0197,1,1,14.94,3,2,8,1,1,1,1,0,22,0.1823,0.0581,4,1,1,0,0
NCRB-SYNTH-101919,High Court,Sec 482 CrPC (Quashing),1,7,68,0,0,1,1,1,0,1,1,1,1,0.6333,1,167,1,1,1,1,1,1,1,0.5293,138,5.579,107.72,1,1,3401240.21,0.0864,0,1,25.41,1,4,7,0,1,0,0,1,5,0.1699,0.0948,3,1,1,0,1
NCRB-SYNTH-101920,Trial Court,Sec 439 CrPC (Regular Bail),1,24,38,1,0,1,1,1,1,1,1,1,1,0.5149,0,28,0,0,1,1,0,1,1,0.7238,107,5.2682,96.99,1,1,3612009.26,0.0512,1,1,3.37,2,2,8,1,1,0,0,1,44,0.122,0.0321,4,1,1,0,0
NCRB-SYNTH-101924,Trial Court,Sec 439 CrPC (Regular Bail),1,18,68,1,0,1,1,1,1,1,1,1,1,0.7859,1,53,1,1,1,1,0,1,1,0.754,123,5.1375,219.14,1,1,1639544.62,0.0105,0,1,14.68,4,2,2,1,1,1,1,0,13,0.2442,0.0925,4,1,1,1,1
NCRB-SYNTH-101928,High Court,Sec 439 CrPC (Regular Bail),4,14,80,1,0,1,1,1,0,1,1,1,1,0.4812,1,106,0,0,1,1,1,1,1,0.4953,123,4.7714,256.62,1,1,4442855.46,0.0272,1,1,18.67,2,4,5,1,1,1,1,0,7,0.1203,0.0579,5,1,1,0,0
NCRB-SYNTH-101939,Trial Court,Sec 439 CrPC (Regular Bail),2,8,70,1,0,1,1,1,0,1,1,1,1,0.7665,1,78,1,1,1,1,0,0,1,0.6047,46,3.5539,204.55,1,1,3027924.41,0.0732,1,1,11.93,2,2,2,0,1,1,1,0,7,0.1312,0.0631,3,1,1,1,1
NCRB-SYNTH-101946,High Court,Trial Judgment,7,8,61,1,0,1,1,1,0,1,1,1,1,0.4098,1,30,1,0,1,1,1,0,1,0.7198,97,6.4546,83.71,1,1,1354583.39,0.0031,1,1,2.54,5,1,10,1,1,1,1,0,7,0.1297,0.0624,5,1,1,0,0
NCRB-SYNTH-101947,High Court,Sec 439 CrPC (Regular Bail),7,13,88,1,0,1,1,1,1,1,1,1,1,0.8942,1,36,1,1,1,1,1,1,1,0.7163,51,3.0672,185.54,1,1,2316228.32,0.0244,1,1,10.46,2,4,7,1,1,1,1,0,4,0.2408,0.1496,5,1,1,0,1
NCRB-SYNTH-101950,High Court,Trial Judgment,2,15,64,1,0,1,1,1,0,1,1,1,1,0.4574,1,38,1,1,1,0,0,1,1,1.0,137,3.9455,118.88,1,1,3827157.12,0.1428,1,1,3.4,4,2,5,1,1,1,1,0,8,0.0993,0.0452,3,1,1,1,0
NCRB-SYNTH-101958,High Court,Sec 439 CrPC (Regular Bail),1,12,10,0,0,1,1,1,0,1,1,1,1,0.7234,1,118,1,1,1,0,1,0,1,0.5808,131,7.4789,60.75,1,1,4323863.04,0.187,0,1,16.03,2,4,10,1,1,0,0,1,5,0.172,0.096,5,1,1,0,1
NCRB-SYNTH-101962,Trial Court,Sec 482 CrPC (Quashing),1,19,70,1,0,1,1,1,0,1,1,1,1,0.609,1,138,1,0,1,1,1,1,1,0.8371,147,7.2626,182.03,1,1,2645620.02,0.0126,1,1,13.05,1,3,7,1,1,1,1,0,22,0.127,0.0405,4,1,1,1,1
NCRB-SYNTH-101964,High Court,Sec 482 CrPC (Quashing),2,5,30,1,0,1,1,1,0,1,1,1,1,0.3971,1,174,0,0,1,1,0,1,1,0.6085,57,4.4365,285.75,1,1,4423071.08,0.0268,0,1,6.62,3,1,10,1,1,1,1,0,11,0.0852,0.0343,5,1,1,0,0
NCRB-SYNTH-101968,Supreme Court,Sec 439 CrPC (Regular Bail),4,15,99,1,0,1,1,1,1,1,1,1,1,0.4611,1,92,1,1,1,1,1,1,1,0.5663,126,5.0182,106.84,1,1,2659513.15,0.0412,1,1,19.16,1,3,10,1,1,1,1,0,28,0.283,0.084,4,1,1,1,0
NCRB-SYNTH-101974,Trial Court,Writ Petition (Detention),2,16,82,1,0,1,1,1,0,1,1,1,1,0.5131,1,63,1,1,1,0,0,1,1,0.595,100,7.2708,200.41,1,1,2003317.05,0.1835,1,1,14.97,3,3,6,0,1,1,1,0,10,0.2285,0.0953,3,1,1,0,0
NCRB-SYNTH-101978,Supreme Court,Sec 439 CrPC (Regular Bail),1,11,9,1,0,1,1,1,0,1,1,1,1,0.4438,1,18,1,1,1,0,0,1,1,0.6067,150,6.1841,70.19,1,1,658507.68,0.0604,0,1,23.41,4,4,6,1,1,1,1,0,11,0.0521,0.0209,5,1,1,0,0
NCRB-SYNTH-101983,High Court,Sec 482 CrPC (Quashing),1,22,88,1,0,1,1,1,1,1,1,1,1,0.8197,1,113,1,1,1,1,1,0,1,0.8563,145,3.0893,187.4,1,1,3865584.55,0.0507,0,1,3.27,4,3,2,1,1,1,1,0,28,0.1354,0.0402,4,1,1,1,1
NCRB-SYNTH-101984,Trial Court,Sec 439 CrPC (Regular Bail),1,13,6,1,0,1,1,1,1,1,1,1,1,0.6836,1,164,0,0,1,1,1,0,1,0.4924,70,7.8654,82.41,1,1,4062467.2,0.1395,0,1,26.64,5,3,10,1,1,1,1,0,3,0.6137,0.4427,1,1,1,0,0
NCRB-SYNTH-101988,Trial Court,Sec 439 CrPC (Regular Bail),7,9,14,1,0,1,1,1,1,1,1,1,1,0.7759,1,96,1,1,1,1,1,1,1,0.5572,41,6.9771,146.47,1,1,3189902.75,0.0074,1,1,17.58,5,3,3,0,1,1,1,0,10,0.2078,0.0867,3,1,1,0,1
NCRB-SYNTH-101989,High Court,Sec 439 CrPC (Regular Bail),4,20,54,1,0,1,1,1,0,1,1,1,1,0.5895,1,143,1,1,1,1,1,1,1,0.7701,62,4.5577,168.99,1,1,1210517.91,0.0722,1,1,4.44,2,2,7,0,1,1,1,0,10,0.0924,0.0385,5,1,1,1,0
NCRB-SYNTH-102007,Trial Court,Sec 482 CrPC (Quashing),2,14,81,1,0,1,1,1,0,1,1,1,1,0.9449,1,11,1,0,1,0,1,1,1,0.6471,69,5.7255,249.43,1,1,2694132.48,0.1461,1,1,4.66,1,4,4,1,1,1,1,0,1,0.6938,1.0009,1,1,1,0,1
NCRB-SYNTH-102010,Trial Court,Sec 482 CrPC (Quashing),1,3,28,1,0,1,1,1,0,1,1,1,1,0.8634,1,140,0,0,1,1,0,0,1,0.6323,118,7.8131,56.1,1,1,2263968.15,0.024,0,1,1.57,3,1,5,1,1,1,1,0,4,0.1427,0.0887,5,1,1,0,0
NCRB-SYNTH-102015,Trial Court,Sec 439 CrPC (Regular Bail),4,17,95,1,0,1,1,1,0,1,1,1,1,0.6739,0,96,1,1,1,1,0,1,1,0.5147,47,3.2895,56.89,1,1,488997.91,0.1574,1,1,2.61,1,3,3,1,1,0,0,1,38,0.1574,0.043,4,1,1,1,1
NCRB-SYNTH-102016,Trial Court,Writ Petition (Detention),1,11,60,1,0,1,1,1,1,1,1,1,1,0.7063,1,33,1,1,1,0,1,0,1,0.5485,113,5.7967,200.64,1,1,3933277.69,0.038,0,1,27.77,1,4,10,0,1,1,1,0,30,0.2317,0.0675,4,1,1,1,1
NCRB-SYNTH-102025,Trial Court,Sec 439 CrPC (Regular Bail),21,19,40,0,0,1,1,1,0,1,1,1,1,0.5148,1,67,1,0,1,0,1,0,1,0.6538,143,3.8798,68.95,1,1,2308607.76,0.1883,1,1,12.3,5,3,7,1,1,1,1,0,43,0.1971,0.0521,4,1,1,0,0
NCRB-SYNTH-102033,High Court,Sec 439 CrPC (Regular Bail),27,23,100,1,0,1,1,1,1,1,1,1,1,0.4922,1,170,0,0,1,1,0,1,1,1.0,83,5.5435,139.58,1,1,2506599.38,0.034,0,1,25.53,2,3,5,1,1,1,1,0,44,0.0905,0.0238,4,1,1,0,0
NCRB-SYNTH-102043,Trial Court,Writ Petition (Detention),7,20,60,1,0,1,1,1,0,1,1,1,1,0.4549,0,62,0,0,1,0,0,0,1,0.5512,114,3.104,147.09,1,1,4049188.22,0.0204,1,1,14.14,5,2,2,1,1,1,1,0,9,0.2044,0.0888,3,1,1,0,0
NCRB-SYNTH-102049,Supreme Court,Sec 439 CrPC (Regular Bail),1,8,16,1,0,1,1,1,1,1,1,1,1,0.6984,1,145,1,1,1,0,1,1,1,0.5939,134,3.8912,151.46,1,1,1118911.98,0.016,0,1,31.06,3,4,8,1,1,0,0,1,38,0.2938,0.0802,4,1,1,0,1
NCRB-SYNTH-102051,Trial Court,Sec 439 CrPC (Regular Bail),21,7,89,1,0,1,1,1,1,1,1,1,1,0.9287,1,58,0,1,1,0,1,1,1,0.5976,120,4.838,209.41,1,1,382365.98,0.1217,1,1,20.38,2,1,5,0,1,1,1,0,2,0.9008,0.82,1,1,1,1,0
NCRB-SYNTH-102052,Trial Court,Sec 439 CrPC (Regular Bail),2,21,76,1,0,1,1,1,0,1,1,1,1,0.6418,1,143,0,0,1,1,0,1,1,0.5125,51,4.3618,279.14,1,1,3941425.98,0.1591,1,1,5.13,4,2,2,1,1,1,1,0,7,0.1984,0.0954,3,1,1,1,0
NCRB-SYNTH-102057,Trial Court,Sec 439 CrPC (Regular Bail),1,5,78,1,0,1,1,1,0,1,1,1,1,0.4398,0,59,1,1,1,0,0,0,1,0.799,111,4.5123,148.5,1,1,3609808.92,0.0885,1,1,20.81,2,1,9,1,1,1,1,0,37,0.2125,0.0584,4,1,1,0,0
NCRB-SYNTH-102058,Trial Court,Sec 439 CrPC (Regular Bail),1,9,88,0,0,1,1,1,0,1,1,1,1,0.7034,1,66,1,1,1,1,1,0,1,0.7969,136,3.8126,193.89,1,1,2224776.86,0.1275,0,1,3.0,2,3,5,1,1,1,1,0,6,0.0969,0.0498,5,1,1,0,1
NCRB-SYNTH-102060,Trial Court,Sec 439 CrPC (Regular Bail),4,8,66,1,0,1,1,1,0,1,1,1,1,0.6925,1,88,0,0,1,1,0,1,1,0.5621,118,3.1636,131.14,1,1,676141.45,0.082,1,1,10.64,4,4,8,1,1,1,1,0,9,0.2297,0.0998,5,1,1,1,0
NCRB-SYNTH-102062,High Court,Sec 439 CrPC (Regular Bail),1,21,68,1,0,1,1,1,1,1,1,1,1,0.8885,1,123,0,0,1,0,1,1,1,0.6489,60,3.1568,103.68,1,1,1851358.33,0.0827,1,1,2.54,5,4,2,1,1,1,1,0,4,0.1841,0.1144,5,1,1,0,0
NCRB-SYNTH-102064,High Court,Sec 482 CrPC (Quashing),1,10,93,1,0,1,1,1,0,1,1,1,1,0.7066,1,72,1,1,1,1,0,1,1,0.7639,145,6.6568,79.05,1,1,3470515.29,0.0797,1,1,24.14,3,2,3,1,1,1,1,0,9,0.1486,0.0645,5,1,1,0,1
NCRB-SYNTH-102072,Trial Court,Sec 439 CrPC (Regular Bail),2,21,49,1,0,1,1,1,1,1,1,1,1,0.4508,1,60,1,0,1,0,1,1,1,0.694,122,3.1238,52.93,1,1,2594585.51,0.1034,1,1,12.11,3,4,3,1,1,1,1,0,28,0.0852,0.0253,4,1,1,0,0
NCRB-SYNTH-102078,Trial Court,Sec 439 CrPC (Regular Bail),21,18,94,1,0,1,1,1,0,1,1,1,1,0.643,1,126,1,1,1,1,1,1,1,0.7154,149,3.4419,53.08,1,1,2089909.08,0.1626,1,1,3.1,4,3,10,1,1,0,0,1,23,0.1777,0.0559,4,1,1,1,1
NCRB-SYNTH-102083,Trial Court,Sec 439 CrPC (Regular Bail),1,12,87,1,0,1,1,1,0,1,1,1,1,0.7615,0,15,1,0,1,0,0,1,1,0.7972,41,7.3386,291.39,1,1,4283381.92,0.1882,0,1,1.09,1,2,6,1,1,1,1,0,4,0.2499,0.1553,5,1,1,0,1
NCRB-SYNTH-102085,High Court,Sec 439 CrPC (Regular Bail),45,11,84,1,1,1,1,1,1,1,1,1,1,0.7652,1,118,0,0,1,1,0,1,1,1.0,70,4.7773,59.65,1,1,3782857.87,0.0981,1,1,2.02,4,4,6,1,1,1,1,0,7,0.0649,0.0312,5,1,1,0,0
NCRB-SYNTH-102086,High Court,Sec 439 CrPC (Regular Bail),7,18,8,1,0,1,1,1,0,1,1,1,1,0.8515,1,145,1,1,1,0,1,0,1,0.7332,98,3.5451,93.55,1,1,2100383.74,0.199,0,1,2.93,5,3,6,1,1,1,1,0,5,0.1595,0.089,5,1,1,1,1
NCRB-SYNTH-102090,Trial Court,Sec 439 CrPC (Regular Bail),4,12,88,1,0,1,1,1,1,1,1,1,1,0.7862,1,158,1,1,1,1,0,1,1,0.8008,45,6.269,279.86,1,1,3293276.44,0.0172,1,1,4.23,2,1,3,0,1,1,1,0,7,0.1037,0.0498,3,1,1,0,1
NCRB-SYNTH-102094,Trial Court,Sec 439 CrPC (Regular Bail),2,12,98,1,0,1,1,1,1,1,1,1,1,0.8568,1,138,1,1,1,1,0,1,1,0.7227,50,6.6649,130.13,1,1,4248286.36,0.1986,0,1,7.04,1,3,10,1,1,1,1,0,9,0.1579,0.0686,5,1,1,0,1
NCRB-SYNTH-102100,Supreme Court,Sec 439 CrPC (Regular Bail),7,13,60,1,0,1,1,1,0,1,1,1,1,0.7377,1,34,1,0,1,0,1,0,1,0.7089,118,4.5483,206.0,1,1,1506485.38,0.011,0,1,19.61,2,2,2,1,1,1,1,0,8,0.179,0.0815,5,1,1,0,1
NCRB-SYNTH-102102,Trial Court,Trial Judgment,1,22,85,0,0,1,1,1,0,1,1,1,1,0.907,1,61,1,1,1,0,1,1,1,0.5756,136,7.3788,150.58,1,1,1806539.84,0.0583,1,1,18.35,5,2,4,1,1,1,1,0,29,0.1212,0.0356,4,1,1,1,1
NCRB-SYNTH-102117,High Court,Sec 439 CrPC (Regular Bail),1,19,39,1,0,1,1,1,0,1,1,1,1,0.6556,1,167,1,1,1,1,1,1,1,0.2829,66,3.7857,244.42,1,1,671862.19,0.1875,1,1,8.09,5,2,8,0,1,1,1,0,36,0.1661,0.046,4,1,1,0,1
NCRB-SYNTH-102122,Trial Court,Sec 439 CrPC (Regular Bail),1,7,62,0,0,1,1,1,0,1,1,1,1,0.4995,1,21,1,1,1,1,1,1,1,0.5419,110,7.6825,183.27,1,1,1650477.61,0.1962,1,1,20.56,1,2,9,1,1,0,0,1,14,0.2721,0.1005,4,1,1,1,0
NCRB-SYNTH-102124,High Court,Writ Petition (Detention),7,20,88,0,0,1,1,1,0,1,1,1,1,0.533,1,58,1,1,1,1,0,1,1,0.6049,144,7.4977,158.38,1,1,4353321.05,0.1224,0,1,8.64,3,4,7,1,1,1,1,0,7,0.1185,0.057,5,1,1,0,0
NCRB-SYNTH-102130,Supreme Court,Sec 439 CrPC (Regular Bail),1,12,67,1,0,1,1,1,1,1,1,1,1,0.862,1,86,1,0,1,1,1,0,1,0.6413,126,6.7398,275.44,1,1,2405386.55,0.0231,0,1,5.09,2,1,7,1,1,0,0,1,6,0.1343,0.069,5,1,1,1,1
NCRB-SYNTH-102134,Supreme Court,Sec 482 CrPC (Quashing),1,6,37,1,0,1,1,1,0,1,1,1,1,0.7029,1,148,1,1,1,1,1,1,1,0.7784,75,3.3784,242.76,1,1,3210648.97,0.0342,0,1,16.7,4,3,5,1,1,1,1,0,16,0.2178,0.0769,4,1,1,0,1
NCRB-SYNTH-102142,High Court,Writ Petition (Detention),1,20,37,0,0,1,1,1,0,1,1,1,1,0.7495,1,167,1,1,1,0,1,1,1,0.6875,144,7.1805,236.91,1,1,2034067.32,0.0646,1,1,4.04,5,1,8,1,1,0,0,1,7,0.1203,0.0579,5,1,1,0,1
NCRB-SYNTH-102145,Trial Court,Sec 439 CrPC (Regular Bail),1,23,44,1,0,1,1,1,1,1,1,1,1,0.7573,1,103,1,1,1,1,0,1,1,0.5786,112,6.6676,207.6,1,1,2690499.92,0.0223,0,1,19.04,4,1,10,1,1,1,1,0,10,0.057,0.0238,5,1,1,0,1
NCRB-SYNTH-102147,Trial Court,Sec 439 CrPC (Regular Bail),1,7,49,0,0,1,1,1,0,1,1,1,1,0.4918,0,108,1,0,1,1,0,1,1,0.6272,76,6.8907,256.47,1,1,2553184.93,0.1924,1,1,3.97,2,3,5,0,1,1,1,0,9,0.1169,0.0508,3,1,1,0,0
NCRB-SYNTH-102148,Trial Court,Sec 439 CrPC (Regular Bail),2,3,31,1,0,1,1,1,0,1,1,1,1,0.9053,1,101,1,1,1,1,1,0,1,0.8204,119,5.6197,135.04,1,1,2817724.48,0.1258,1,1,36.39,1,1,8,1,1,1,1,0,11,0.2448,0.0985,5,1,1,0,1
NCRB-SYNTH-102149,Supreme Court,Sec 439 CrPC (Regular Bail),2,20,11,1,0,1,1,1,0,1,1,1,1,0.828,1,139,1,1,1,0,1,1,1,0.8133,73,6.3068,247.85,1,1,315819.66,0.0438,0,1,9.29,3,2,5,1,1,1,1,0,12,0.3063,0.1194,4,1,1,1,1
NCRB-SYNTH-102159,High Court,Sec 439 CrPC (Regular Bail),4,16,86,0,0,1,1,1,0,1,1,1,1,0.6112,1,142,1,1,1,0,1,1,1,0.7559,96,5.4893,206.83,1,1,3210352.63,0.0578,1,1,19.63,5,2,7,1,1,1,1,0,17,0.2958,0.1023,4,1,1,0,1
NCRB-SYNTH-102163,Trial Court,Sec 439 CrPC (Regular Bail),2,8,84,0,0,1,1,1,0,1,1,1,1,0.5537,1,122,1,1,1,1,1,0,1,0.7571,56,4.7704,85.5,1,1,3937371.28,0.0125,1,1,5.77,3,2,9,1,1,1,1,0,4,0.1547,0.0961,5,1,1,0,0
NCRB-SYNTH-102165,Trial Court,Sec 482 CrPC (Quashing),1,3,42,0,0,1,1,1,0,1,1,1,1,0.9186,1,119,1,1,1,1,1,1,1,0.6491,127,6.7952,297.69,1,1,356788.04,0.0111,1,1,2.59,3,1,8,1,1,1,1,0,10,0.1071,0.0447,5,1,1,0,1
NCRB-SYNTH-102180,High Court,Sec 439 CrPC (Regular Bail),21,25,50,1,0,1,1,1,0,1,1,1,1,0.6215,1,107,1,1,1,1,1,1,1,0.7225,91,4.9891,154.37,1,1,3559677.11,0.0421,0,1,5.61,3,3,9,1,1,1,1,0,10,0.1328,0.0554,3,1,1,1,1
NCRB-SYNTH-102196,Supreme Court,Sec 439 CrPC (Regular Bail),2,20,27,1,0,1,1,1,0,1,1,1,1,0.7059,1,121,1,1,1,0,0,1,1,0.707,139,3.8327,57.66,1,1,724355.7,0.0495,0,1,5.56,3,3,6,0,1,1,1,0,38,0.1411,0.0385,4,1,1,1,1
NCRB-SYNTH-102197,High Court,Sec 439 CrPC (Regular Bail),1,11,66,0,0,1,1,1,0,1,1,1,1,0.5817,1,76,1,1,1,0,1,1,1,0.5898,61,6.707,274.95,1,1,1354182.83,0.1678,1,1,1.81,5,1,2,1,1,1,1,0,4,0.0504,0.0313,5,1,1,0,0
NCRB-SYNTH-102199,Trial Court,Sec 482 CrPC (Quashing),4,24,77,1,0,1,1,1,1,1,1,1,1,0.7162,1,18,1,1,1,1,1,1,1,0.9288,51,5.8893,154.23,1,1,1229104.0,0.05,1,1,14.9,1,4,6,0,1,1,1,0,1,0.6556,0.9459,1,1,1,1,1
NCRB-SYNTH-102200,Trial Court,Writ Petition (Detention),2,13,32,1,1,1,1,1,0,1,1,1,1,0.7942,1,105,0,1,1,1,1,1,1,0.7194,126,6.9692,97.31,1,1,2682818.72,0.0666,1,1,6.28,1,3,5,0,1,0,0,1,5,0.1291,0.072,3,1,1,1,0
NCRB-SYNTH-102203,Trial Court,Sec 439 CrPC (Regular Bail),15,24,88,1,0,1,1,1,1,1,1,1,1,0.533,1,36,1,1,1,1,1,1,1,0.7676,121,7.3501,247.54,1,1,1425560.44,0.0845,1,1,7.16,3,1,8,1,1,1,1,0,11,0.0941,0.0379,3,1,1,0,0
NCRB-SYNTH-102222,High Court,Sec 439 CrPC (Regular Bail),4,20,34,1,0,1,1,1,0,1,1,1,1,0.9536,1,136,1,1,1,0,0,1,1,0.6259,65,6.9976,77.21,1,1,2317728.35,0.1587,1,1,12.79,1,2,6,1,1,1,1,0,24,0.2127,0.0661,4,1,1,0,1
NCRB-SYNTH-102226,Supreme Court,Sec 439 CrPC (Regular Bail),21,7,29,1,0,1,1,1,0,1,1,1,1,0.669,1,157,0,0,1,1,1,0,1,0.9155,108,6.8086,296.96,1,1,4199118.78,0.0356,1,1,13.88,2,2,4,0,1,0,0,1,11,0.1156,0.0465,3,1,1,0,0
NCRB-SYNTH-102246,High Court,Sec 482 CrPC (Quashing),1,3,37,1,0,1,1,1,0,1,1,1,1,0.8479,1,113,1,1,1,1,0,1,1,0.6633,141,5.4691,49.24,1,1,4182692.56,0.1466,1,1,2.88,1,4,9,1,1,0,0,1,31,0.2253,0.065,4,1,1,0,1
NCRB-SYNTH-102257,High Court,Sec 439 CrPC (Regular Bail),7,11,41,0,0,1,1,1,0,1,1,1,1,0.876,1,157,1,1,1,1,1,1,1,0.6998,102,5.5235,267.58,1,1,349417.61,0.072,1,1,20.35,4,1,3,1,1,0,0,1,10,0.1621,0.0676,5,1,1,0,1
NCRB-SYNTH-102258,High Court,Sec 439 CrPC (Regular Bail),2,5,65,1,0,1,1,1,1,1,1,1,1,0.8219,1,13,1,0,1,1,0,0,1,0.5678,54,5.8693,211.86,1,1,2659110.53,0.1476,1,1,23.91,5,4,7,1,1,1,1,0,27,0.3157,0.0947,4,1,1,0,1
NCRB-SYNTH-102260,High Court,Sec 439 CrPC (Regular Bail),1,14,12,0,0,1,1,1,0,1,1,1,1,0.6456,1,123,1,1,1,1,1,1,1,0.6869,69,7.5364,299.26,1,1,1649173.29,0.096,0,1,6.71,4,4,8,0,1,0,0,1,43,0.1442,0.0381,4,1,1,1,1
NCRB-SYNTH-102264,High Court,Sec 439 CrPC (Regular Bail),1,24,67,1,0,1,1,1,0,1,1,1,1,0.8756,1,157,1,1,1,1,0,0,1,0.7532,122,5.3353,210.42,1,1,3277748.51,0.0063,0,1,10.73,1,1,2,1,1,1,1,0,35,0.2943,0.0821,4,1,1,1,1
NCRB-SYNTH-102270,High Court,Writ Petition (Detention),2,11,69,1,0,1,1,1,1,1,1,1,1,0.4517,1,78,1,1,1,1,0,1,1,0.8695,141,6.4569,101.59,1,1,3756490.48,0.0704,1,1,6.38,3,3,10,1,1,1,1,0,24,0.1301,0.0404,4,1,1,1,0
NCRB-SYNTH-102272,Trial Court,Sec 439 CrPC (Regular Bail),2,16,50,1,0,1,1,1,0,1,1,1,1,0.4118,1,10,1,1,1,1,0,1,1,0.5893,56,7.423,238.41,1,1,1864327.85,0.0734,1,1,1.8,2,4,5,1,1,0,0,1,22,0.2522,0.0804,4,1,1,0,0
NCRB-SYNTH-102273,High Court,Sec 482 CrPC (Quashing),1,15,47,1,0,1,1,1,1,1,1,1,1,0.7147,1,65,1,1,1,1,1,1,1,0.7817,122,3.8524,157.64,1,1,1887290.33,0.089,0,1,8.51,1,2,7,0,1,1,1,0,9,0.1666,0.0723,3,1,1,1,1
NCRB-SYNTH-102278,Trial Court,Sec 439 CrPC (Regular Bail),1,9,86,1,0,1,1,1,1,1,1,1,1,0.472,1,139,1,1,1,1,0,1,1,0.5958,97,7.0964,252.15,1,1,2349390.23,0.1223,0,1,6.99,4,4,3,1,1,1,1,0,11,0.2187,0.088,5,1,1,0,0
NCRB-SYNTH-102282,Trial Court,Sec 482 CrPC (Quashing),1,24,89,1,0,1,1,1,1,1,1,1,1,0.7805,1,42,1,1,1,1,0,1,1,0.5898,68,3.1707,240.42,1,1,3963831.93,0.1555,0,1,2.91,1,4,2,1,1,1,1,0,5,0.2109,0.1177,3,1,1,0,1
NCRB-SYNTH-102283,High Court,Sec 439 CrPC (Regular Bail),1,8,14,1,0,1,1,1,1,1,1,1,1,0.8921,1,102,1,0,1,0,0,1,1,0.7177,84,6.827,54.59,1,1,3488545.3,0.1418,0,1,30.61,1,4,10,1,1,1,1,0,10,0.225,0.0938,5,1,1,0,1
NCRB-SYNTH-102289,High Court,Sec 439 CrPC (Regular Bail),1,10,66,1,0,1,1,1,0,1,1,1,1,0.7439,1,107,1,0,1,0,1,1,1,0.6469,107,4.4771,275.69,1,1,1977525.06,0.0648,0,1,5.55,3,2,9,1,1,1,1,0,11,0.0543,0.0219,3,1,1,1,1
NCRB-SYNTH-102294,High Court,Sec 439 CrPC (Regular Bail),1,10,90,1,0,1,1,1,1,1,1,1,1,0.402,0,40,1,1,1,1,1,1,1,0.8076,88,7.3092,243.3,1,1,3213879.36,0.0345,1,1,13.19,5,3,8,1,1,0,0,1,8,0.2121,0.0965,3,1,1,0,0
NCRB-SYNTH-102303,Trial Court,Sec 439 CrPC (Regular Bail),27,10,49,0,0,1,1,1,0,1,1,1,1,0.606,1,75,0,0,1,1,1,1,1,0.713,90,3.9585,163.39,1,1,3022202.32,0.1912,0,1,11.47,2,3,10,0,1,1,1,0,9,0.0554,0.0241,5,1,1,0,0
NCRB-SYNTH-102306,High Court,Sec 482 CrPC (Quashing),1,7,77,1,0,1,1,1,0,1,1,1,1,0.4961,1,111,1,0,1,0,1,0,1,0.8001,119,3.8985,81.91,1,1,2389523.01,0.1297,1,1,1.24,5,3,2,0,1,1,1,0,10,0.1305,0.0544,5,1,1,0,0
NCRB-SYNTH-102311,High Court,Sec 439 CrPC (Regular Bail),21,22,77,1,0,1,1,1,0,1,1,1,1,0.6071,1,30,1,0,1,1,1,1,1,0.6356,87,6.5491,253.09,1,1,1055355.05,0.1853,1,1,4.37,4,2,4,1,1,1,1,0,11,0.0675,0.0272,3,1,1,0,1
NCRB-SYNTH-102313,Trial Court,Sec 439 CrPC (Regular Bail),4,24,49,1,0,1,1,1,1,1,1,1,1,0.4168,1,101,1,1,1,1,0,1,1,0.7175,70,4.2255,152.68,1,1,4217543.3,0.043,1,1,21.73,2,2,6,0,1,0,0,1,17,0.2535,0.0877,4,1,1,0,0
NCRB-SYNTH-102318,High Court,Sec 439 CrPC (Regular Bail),2,5,62,1,1,1,1,1,1,1,1,1,1,0.8129,1,113,1,1,1,1,1,1,1,0.8049,115,6.6203,178.54,1,1,790658.47,0.0554,1,1,3.96,4,3,10,1,1,1,1,0,7,0.0994,0.0478,5,1,1,1,1
NCRB-SYNTH-102319,Trial Court,Sec 439 CrPC (Regular Bail),1,6,99,1,0,1,1,1,0,1,1,1,1,0.6826,1,131,0,0,1,0,0,0,1,0.4501,124,7.0058,277.37,1,1,1808629.66,0.1224,1,1,15.93,3,3,2,0,1,1,1,0,10,0.2284,0.0953,5,1,1,0,0
NCRB-SYNTH-102320,Trial Court,Sec 482 CrPC (Quashing),1,21,70,1,0,1,1,1,0,1,1,1,1,0.6064,1,78,1,1,1,1,1,0,1,0.75,74,5.4104,100.02,1,1,2911750.46,0.1621,1,1,4.42,5,2,7,1,1,0,0,1,5,0.1556,0.0868,3,1,1,0,1
NCRB-SYNTH-102336,High Court,Sec 439 CrPC (Regular Bail),1,3,59,1,0,1,1,1,0,1,1,1,1,0.5835,0,42,1,1,1,1,1,1,1,0.6378,132,3.7217,156.3,1,1,2906701.12,0.0848,1,1,8.82,1,1,5,1,1,1,1,0,6,0.1481,0.0761,5,1,1,0,0
NCRB-SYNTH-102337,Trial Court,Sec 439 CrPC (Regular Bail),21,17,55,1,0,1,1,1,0,1,1,1,1,0.5352,1,38,1,0,1,1,1,0,1,0.7305,41,5.7936,100.04,1,1,626698.22,0.1752,0,1,1.76,4,3,8,1,1,1,1,0,8,0.1329,0.0605,5,1,1,0,0
NCRB-SYNTH-102338,Trial Court,Sec 439 CrPC (Regular Bail),1,7,76,1,0,1,1,1,1,1,1,1,1,0.4823,1,70,1,1,1,1,1,1,1,0.5446,100,5.7053,112.72,1,1,3666405.18,0.0045,0,1,1.77,2,4,10,1,1,1,1,0,5,0.2487,0.1388,5,1,1,0,0
NCRB-SYNTH-102340,Trial Court,Sec 439 CrPC (Regular Bail),7,23,77,0,0,1,1,1,1,1,1,1,1,0.8463,0,118,0,1,1,0,0,1,1,0.7587,142,4.8023,109.96,1,1,2641776.25,0.1084,1,1,8.14,5,4,5,0,1,1,1,0,10,0.2218,0.0925,5,1,1,0,0
NCRB-SYNTH-102344,Trial Court,Trial Judgment,1,7,51,1,0,1,1,1,0,1,1,1,1,0.9456,1,137,1,1,1,0,1,1,1,0.587,85,3.6085,299.59,1,1,903998.72,0.0458,0,1,26.99,3,1,6,1,1,1,1,0,44,0.1857,0.0488,4,1,1,0,1
NCRB-SYNTH-102348,Trial Court,Sec 482 CrPC (Quashing),1,6,26,1,0,1,1,1,1,1,1,1,1,0.7026,1,85,0,0,1,0,1,1,1,0.7173,56,3.8781,233.04,1,1,3077175.61,0.0048,1,1,15.82,5,3,3,0,1,1,1,0,10,0.0704,0.0293,3,1,1,1,0
NCRB-SYNTH-102359,Trial Court,Sec 439 CrPC (Regular Bail),4,15,44,1,0,1,1,1,0,1,1,1,1,0.8191,1,172,0,0,1,1,1,1,1,0.6222,43,5.7874,298.04,1,1,1681154.97,0.084,1,1,8.96,1,1,7,1,1,0,0,1,10,0.1958,0.0817,3,1,1,0,0
NCRB-SYNTH-102362,Trial Court,Sec 439 CrPC (Regular Bail),1,16,7,1,0,1,1,1,0,1,1,1,1,0.7199,1,96,1,1,1,1,1,1,1,0.8226,147,5.4791,260.71,1,1,456198.06,0.1724,0,1,12.61,5,1,6,1,1,1,1,0,26,0.1299,0.0394,4,1,1,1,1
NCRB-SYNTH-102364,Trial Court,Sec 482 CrPC (Quashing),1,4,53,1,0,1,1,1,0,1,1,1,1,0.7651,1,92,1,0,1,1,1,0,1,0.5969,113,6.9428,121.76,1,1,3536912.74,0.1224,1,1,2.85,5,3,10,1,1,1,1,0,39,0.2663,0.0722,4,1,1,0,1
NCRB-SYNTH-102374,Trial Court,Writ Petition (Detention),7,15,15,1,0,1,1,1,1,1,1,1,1,0.7502,1,42,1,1,1,1,1,1,1,0.644,68,5.0886,84.31,1,1,1721775.09,0.1436,1,1,6.61,1,3,10,1,1,1,1,0,41,0.1385,0.0371,4,1,1,0,1
NCRB-SYNTH-102379,Trial Court,Sec 439 CrPC (Regular Bail),7,5,93,1,0,1,1,1,0,1,1,1,1,0.5202,1,28,0,0,1,0,1,1,1,0.4897,41,3.4969,116.64,1,1,839256.82,0.0247,1,1,2.59,1,4,7,1,1,1,1,0,13,0.2162,0.0819,4,1,1,0,0
NCRB-SYNTH-102384,High Court,Sec 482 CrPC (Quashing),1,11,52,1,1,1,1,1,0,1,1,1,1,0.41,1,49,1,1,1,1,1,0,1,0.6257,51,7.2426,275.62,1,1,1290782.7,0.1203,0,1,11.98,2,1,2,1,1,1,1,0,11,0.1136,0.0457,5,1,1,0,0
NCRB-SYNTH-102387,High Court,Sec 482 CrPC (Quashing),1,22,36,0,0,1,1,1,0,1,1,1,1,0.6612,1,180,1,1,1,1,1,1,1,0.7625,85,5.1635,215.56,1,1,2034754.94,0.0557,1,1,19.02,3,1,5,0,1,1,1,0,2,0.8301,0.7556,1,1,1,0,1
NCRB-SYNTH-102391,Trial Court,Trial Judgment,7,25,49,1,0,1,1,1,0,1,1,1,1,0.4144,1,56,1,1,1,0,1,1,1,0.6939,66,5.6164,121.43,1,1,2801758.92,0.0876,1,1,8.63,3,1,8,1,1,1,1,0,17,0.1742,0.0603,4,1,1,1,0
NCRB-SYNTH-102393,High Court,Sec 439 CrPC (Regular Bail),2,18,93,1,0,1,1,1,0,1,1,1,1,0.7446,1,165,1,1,1,1,1,1,1,0.708,75,5.4706,189.15,1,1,4380747.92,0.0213,1,1,20.54,2,3,7,1,1,0,0,1,39,0.1997,0.0541,4,1,1,0,1
NCRB-SYNTH-102403,Supreme Court,Sec 482 CrPC (Quashing),1,25,24,1,0,1,1,1,1,1,1,1,1,0.425,1,49,1,0,1,1,1,1,1,0.6535,150,3.2,112.63,1,1,2288128.43,0.1607,1,1,2.73,1,3,4,1,1,1,1,0,11,0.1316,0.0529,5,1,1,0,0
NCRB-SYNTH-102407,High Court,Sec 439 CrPC (Regular Bail),2,25,24,1,0,1,1,1,1,1,1,1,1,0.4745,1,24,0,0,1,1,1,1,1,0.6826,48,5.7034,110.11,1,1,3872162.21,0.0109,0,1,22.11,1,3,7,1,1,1,1,0,16,0.0894,0.0316,4,1,1,0,0
NCRB-SYNTH-102410,Trial Court,Sec 439 CrPC (Regular Bail),1,8,55,1,0,1,1,1,0,1,1,1,1,0.7475,1,33,1,0,1,1,0,0,1,0.6627,101,3.3981,247.32,1,1,2184192.11,0.1733,1,1,14.67,3,3,4,0,1,0,0,1,25,0.2682,0.0823,4,1,1,0,1
NCRB-SYNTH-102413,High Court,Sec 439 CrPC (Regular Bail),2,17,85,1,0,1,1,1,0,1,1,1,1,0.6157,1,144,1,1,1,1,1,1,1,0.839,118,6.5786,125.19,1,1,4194293.49,0.007,1,1,3.18,4,1,3,1,1,0,0,1,10,0.248,0.1034,3,1,1,0,1
NCRB-SYNTH-102415,Trial Court,Sec 439 CrPC (Regular Bail),1,5,24,1,0,1,1,1,0,1,1,1,1,0.9344,1,65,1,1,1,1,0,0,1,0.5565,68,6.7272,171.32,1,1,3848664.23,0.0893,1,1,2.32,4,3,9,1,1,1,1,0,4,0.0964,0.0599,5,1,1,0,1
NCRB-SYNTH-102417,Trial Court,Sec 439 CrPC (Regular Bail),15,6,86,1,0,1,1,1,1,1,1,1,1,0.9321,1,131,1,0,1,1,1,1,1,0.739,85,4.3091,209.02,1,1,349476.14,0.1568,1,1,5.63,4,3,3,1,1,1,1,0,10,0.0673,0.0281,3,1,1,0,1
NCRB-SYNTH-102420,Trial Court,Sec 482 CrPC (Quashing),4,19,18,0,0,1,1,1,0,1,1,1,1,0.5672,1,167,1,1,1,0,1,1,1,0.7145,85,5.0591,143.69,1,1,2410138.56,0.0384,0,1,5.84,3,4,7,1,1,1,1,0,10,0.0988,0.0412,5,1,1,0,0
NCRB-SYNTH-102424,Trial Court,Sec 439 CrPC (Regular Bail),1,4,36,1,0,1,1,1,1,1,1,1,1,0.5596,1,68,1,1,1,1,1,0,1,0.7177,69,5.2875,173.77,1,1,3279991.91,0.108,1,1,6.35,5,1,9,1,1,1,1,0,22,0.1905,0.0608,4,1,1,0,0
NCRB-SYNTH-102436,High Court,Writ Petition (Detention),1,8,46,1,0,1,1,1,0,1,1,1,1,0.96,1,179,1,1,1,1,0,1,1,0.7808,108,6.319,204.91,1,1,3253093.39,0.1053,0,1,4.89,1,4,3,1,1,1,1,0,8,0.0687,0.0313,3,1,1,1,1
NCRB-SYNTH-102437,High Court,Writ Petition (Detention),4,7,84,1,0,1,1,1,0,1,1,1,1,0.4162,1,34,1,1,1,1,0,1,1,0.7,52,4.6921,164.68,1,1,3119506.23,0.149,0,1,5.38,5,1,7,0,1,1,1,0,15,0.259,0.0934,4,1,1,0,0
NCRB-SYNTH-102439,High Court,Sec 439 CrPC (Regular Bail),1,8,43,1,0,1,1,1,0,1,1,1,1,0.7974,1,70,1,1,1,1,1,1,1,0.9104,150,5.0022,240.51,1,1,660349.02,0.1401,1,1,12.62,5,2,5,1,1,1,1,0,3,0.5492,0.3962,1,1,1,0,1
NCRB-SYNTH-102442,Trial Court,Writ Petition (Detention),1,23,42,1,0,1,1,1,1,1,1,1,1,0.8954,1,28,0,0,1,1,1,1,1,0.5231,51,3.8473,198.95,1,1,3875600.72,0.014,1,1,3.11,4,2,3,1,1,1,1,0,4,0.0771,0.0479,5,1,1,1,0
NCRB-SYNTH-102445,Trial Court,Sec 439 CrPC (Regular Bail),1,8,96,1,0,1,1,1,0,1,1,1,1,0.7077,0,25,1,0,1,1,0,0,1,0.8066,53,5.437,238.9,1,1,4133481.99,0.0754,1,1,1.49,4,2,4,1,1,1,1,0,14,0.2485,0.0918,4,1,1,0,1
NCRB-SYNTH-102457,Trial Court,Sec 439 CrPC (Regular Bail),7,12,67,1,0,1,1,1,0,1,1,1,1,0.643,1,165,1,1,1,1,1,0,1,0.5632,145,7.1534,202.54,1,1,1806815.42,0.0153,0,1,14.59,1,3,8,1,1,0,0,1,8,0.1714,0.078,3,1,1,0,1
NCRB-SYNTH-102459,Trial Court,Sec 439 CrPC (Regular Bail),1,5,65,1,0,1,1,1,1,1,1,1,1,0.4919,0,175,0,0,1,1,1,1,1,0.6214,86,7.822,82.34,1,1,657461.05,0.0599,1,1,4.59,2,1,5,1,1,1,1,0,7,0.1596,0.0767,5,1,1,0,0
NCRB-SYNTH-102460,Supreme Court,Writ Petition (Detention),4,17,82,0,0,1,1,1,0,1,1,1,1,0.5513,0,149,1,1,1,1,1,1,1,0.7156,87,6.8517,204.51,1,1,2230127.32,0.1396,1,1,8.05,3,2,9,1,1,1,1,0,10,0.215,0.0897,5,1,1,0,0
NCRB-SYNTH-102467,High Court,Sec 439 CrPC (Regular Bail),7,12,9,1,0,1,1,1,0,1,1,1,1,0.4197,0,174,0,0,1,0,1,0,1,0.5968,132,5.6381,157.67,1,1,3417276.98,0.1398,0,1,5.13,1,2,9,1,1,1,1,0,4,0.0725,0.0451,5,1,1,0,0
NCRB-SYNTH-102469,Supreme Court,Trial Judgment,1,16,70,1,0,1,1,1,0,1,1,1,1,0.6676,1,83,1,1,1,0,0,1,1,0.791,115,6.0731,115.12,1,1,697590.9,0.1539,1,1,9.91,2,3,4,1,1,1,1,0,8,0.1518,0.0691,5,1,1,0,1
NCRB-SYNTH-102470,High Court,Sec 439 CrPC (Regular Bail),1,4,49,1,0,1,1,1,0,1,1,1,1,0.4272,1,85,1,0,1,1,1,0,1,0.7019,129,4.3177,51.73,1,1,3116498.24,0.1977,1,1,4.95,5,3,3,1,1,1,1,0,4,0.126,0.0783,3,1,1,0,0
NCRB-SYNTH-102475,Trial Court,Sec 439 CrPC (Regular Bail),1,18,92,0,0,1,1,1,1,1,1,1,1,0.71,1,89,1,1,1,1,0,1,1,0.8103,49,4.4906,167.15,1,1,2591269.35,0.0151,0,1,1.16,1,3,3,1,1,1,1,0,40,0.1399,0.0377,4,1,1,1,1
NCRB-SYNTH-102485,Trial Court,Sec 482 CrPC (Quashing),1,3,15,1,0,1,1,1,0,1,1,1,1,0.4268,0,14,1,1,1,1,1,1,1,0.7482,104,5.0848,194.16,1,1,337152.94,0.045,0,1,6.51,3,3,10,1,1,1,1,0,5,0.1536,0.0857,3,1,1,0,0
NCRB-SYNTH-102487,Trial Court,Writ Petition (Detention),1,8,42,1,0,1,1,1,1,1,1,1,1,0.8023,1,97,0,0,1,1,1,0,1,0.6628,103,5.6051,51.69,1,1,2879645.27,0.1438,1,1,6.16,5,2,8,1,1,1,1,0,40,0.149,0.0401,4,1,1,1,0
NCRB-SYNTH-102490,Trial Court,Sec 439 CrPC (Regular Bail),27,4,60,1,0,1,1,1,0,1,1,1,1,0.911,1,129,1,1,1,1,0,0,1,0.4982,40,7.0219,234.71,1,1,1270322.02,0.1061,1,1,22.88,1,3,5,1,1,1,1,0,1,0.7727,1.1147,1,1,1,0,1
NCRB-SYNTH-102494,High Court,Sec 482 CrPC (Quashing),1,16,69,1,0,1,1,1,0,1,1,1,1,0.3588,1,27,1,1,1,1,1,1,1,0.6401,40,6.0294,175.1,1,1,2824659.24,0.0029,1,1,7.17,5,3,5,1,1,0,0,1,11,0.2277,0.0916,3,1,1,0,0
NCRB-SYNTH-102495,Trial Court,Sec 439 CrPC (Regular Bail),15,25,10,1,0,1,1,1,0,1,1,1,1,0.8767,1,116,1,1,1,1,0,0,1,0.6913,42,4.4514,208.66,1,1,1318097.32,0.1549,1,1,3.47,5,4,6,1,1,0,0,1,6,0.0921,0.0473,3,1,1,0,1
NCRB-SYNTH-102496,Trial Court,Sec 439 CrPC (Regular Bail),4,3,74,1,0,1,1,1,1,1,1,1,1,0.7598,1,102,1,1,1,0,1,0,1,0.8146,69,4.2201,120.91,1,1,462835.29,0.0998,0,1,11.62,1,1,9,1,1,1,1,0,11,0.0507,0.0204,5,1,1,0,1
NCRB-SYNTH-102500,High Court,Sec 439 CrPC (Regular Bail),1,8,44,1,0,1,1,1,1,1,1,1,1,0.7511,1,174,0,0,1,1,1,1,1,0.6958,82,6.2919,149.8,1,1,1708741.9,0.0344,0,1,1.35,4,4,9,1,1,1,1,0,4,0.174,0.1081,3,1,1,0,0
NCRB-SYNTH-102508,High Court,Sec 439 CrPC (Regular Bail),1,8,17,0,0,1,1,1,1,1,1,1,1,0.7595,1,161,0,0,1,1,1,1,1,0.7751,71,5.9759,124.43,1,1,4311312.14,0.0927,1,1,13.43,3,3,5,1,1,1,1,0,2,0.6683,0.6083,1,1,1,0,0
NCRB-SYNTH-102513,Trial Court,Sec 439 CrPC (Regular Bail),4,18,90,1,0,1,1,1,1,1,1,1,1,0.6719,1,165,1,1,1,0,0,1,1,0.5522,125,6.8128,270.35,1,1,2135931.31,0.0859,1,1,2.85,2,1,4,1,1,1,1,0,8,0.1507,0.0686,5,1,1,0,1
NCRB-SYNTH-102514,High Court,Sec 439 CrPC (Regular Bail),15,19,85,1,0,1,1,1,0,1,1,1,1,0.9059,1,68,1,1,1,1,1,1,1,0.5445,52,4.794,177.71,1,1,2125305.75,0.1129,1,1,9.88,1,2,8,1,1,1,1,0,4,0.2193,0.1363,5,1,1,0,1
NCRB-SYNTH-102518,Trial Court,Trial Judgment,1,10,82,1,0,1,1,1,0,1,1,1,1,0.7974,1,140,1,1,1,0,0,1,1,0.7551,69,6.4593,57.24,1,1,2346337.04,0.1449,1,1,9.3,5,2,8,1,1,0,0,1,9,0.2476,0.1075,3,1,1,0,1
NCRB-SYNTH-102524,High Court,Trial Judgment,2,11,72,1,0,1,1,1,0,1,1,1,1,0.7993,1,173,1,1,1,0,0,1,1,0.6965,96,4.3746,57.59,1,1,333475.84,0.1773,0,1,8.46,3,2,2,1,1,1,1,0,35,0.1365,0.0381,4,1,1,0,1
NCRB-SYNTH-102546,Trial Court,Trial Judgment,21,13,51,1,0,1,1,1,0,1,1,1,1,0.8383,1,91,1,1,1,1,1,1,1,0.6726,86,4.4517,241.64,1,1,1961586.69,0.1944,1,1,14.29,5,4,2,0,1,1,1,0,39,0.2264,0.0614,4,1,1,1,1
NCRB-SYNTH-102548,Trial Court,Sec 439 CrPC (Regular Bail),2,11,8,1,0,1,1,1,0,1,1,1,1,0.4176,1,23,1,1,1,1,0,0,1,0.7367,84,3.8999,166.78,1,1,1916601.43,0.0778,0,1,24.01,5,2,2,1,1,1,1,0,36,0.3015,0.0835,4,1,1,0,0
NCRB-SYNTH-102549,High Court,Sec 439 CrPC (Regular Bail),7,14,64,1,0,1,1,1,0,1,1,1,1,0.9705,1,157,1,1,1,1,1,1,1,0.6475,59,5.649,60.85,1,1,4077559.16,0.0215,0,1,3.61,3,4,7,1,1,1,1,0,5,0.1155,0.0644,5,1,1,0,1
NCRB-SYNTH-102557,Trial Court,Sec 439 CrPC (Regular Bail),4,20,80,0,0,1,1,1,0,1,1,1,1,0.6534,1,125,1,0,1,1,0,1,1,0.4103,69,5.4784,60.5,1,1,1735072.1,0.0285,1,1,3.35,3,3,5,1,1,1,1,0,5,0.2112,0.1179,5,1,1,0,1
NCRB-SYNTH-102560,High Court,Sec 482 CrPC (Quashing),1,10,38,1,0,1,1,1,0,1,1,1,1,0.7773,1,89,1,1,1,0,0,0,1,0.6459,101,6.2099,258.04,1,1,3343176.79,0.0283,1,1,15.23,4,3,3,1,1,1,1,0,11,0.1047,0.0421,3,1,1,0,1
NCRB-SYNTH-102565,High Court,Sec 482 CrPC (Quashing),4,23,89,1,0,1,1,1,0,1,1,1,1,0.5515,1,72,1,1,1,1,0,1,1,0.6431,106,7.7511,207.94,1,1,1341728.23,0.0321,1,1,10.37,5,2,3,1,1,1,1,0,1,0.5391,0.7777,1,1,1,0,0
NCRB-SYNTH-102571,Trial Court,Writ Petition (Detention),7,23,96,1,0,1,1,1,1,1,1,1,1,0.7302,1,69,1,0,1,1,1,0,1,0.686,114,3.1593,140.44,1,1,2521944.46,0.0541,0,1,1.38,3,1,8,1,1,0,0,1,43,0.2566,0.0678,4,1,1,0,1
NCRB-SYNTH-102574,High Court,Sec 482 CrPC (Quashing),7,15,46,1,0,1,1,1,1,1,1,1,1,0.7349,1,47,1,1,1,0,0,1,1,0.3677,43,3.3238,55.83,1,1,4220342.81,0.1467,0,1,33.45,1,4,8,1,1,1,1,0,7,0.1844,0.0887,5,1,1,0,1
NCRB-SYNTH-102579,High Court,Sec 439 CrPC (Regular Bail),1,23,54,1,0,1,1,1,1,1,1,1,1,0.9004,0,64,1,1,1,1,0,0,1,0.6451,87,5.6921,96.06,1,1,705680.21,0.0787,0,1,12.17,2,1,10,1,1,1,1,0,18,0.1146,0.0389,4,1,1,0,1
NCRB-SYNTH-102583,Trial Court,Sec 482 CrPC (Quashing),4,20,73,1,0,1,1,1,1,1,1,1,1,0.4082,1,146,1,1,1,0,0,0,1,0.5898,44,6.4857,143.61,1,1,2503289.56,0.1049,0,1,20.24,4,4,10,1,1,1,1,0,22,0.2067,0.0659,4,1,1,0,0
NCRB-SYNTH-102584,High Court,Trial Judgment,2,23,37,1,0,1,1,1,1,1,1,1,1,0.5331,1,52,1,1,1,1,1,0,1,0.7942,138,7.9292,250.5,1,1,2520765.42,0.163,1,1,27.81,2,1,5,1,1,0,0,1,30,0.1121,0.0326,4,1,1,0,0
NCRB-SYNTH-102594,High Court,Sec 439 CrPC (Regular Bail),4,8,46,1,0,1,1,1,0,1,1,1,1,0.5726,1,158,1,0,1,1,1,0,1,0.5428,101,7.7046,181.0,1,1,2668892.31,0.1594,1,1,32.07,5,4,3,1,1,1,1,0,8,0.0829,0.0377,5,1,1,0,0
NCRB-SYNTH-102598,High Court,Writ Petition (Detention),1,16,72,1,0,1,1,1,0,1,1,1,1,0.6673,1,137,1,0,1,1,0,1,1,0.701,80,3.0386,146.34,1,1,557804.94,0.0659,0,1,5.24,1,1,8,1,1,1,1,0,43,0.2057,0.0544,4,1,1,0,1
NCRB-SYNTH-102606,High Court,Sec 482 CrPC (Quashing),2,7,40,1,0,1,1,1,0,1,1,1,1,0.6997,1,144,1,1,1,1,1,1,1,0.8172,72,3.3985,82.75,1,1,1105964.99,0.1382,0,1,7.5,4,4,2,1,1,1,1,0,10,0.1447,0.0604,5,1,1,0,1
NCRB-SYNTH-102617,High Court,Sec 439 CrPC (Regular Bail),15,11,60,1,0,1,1,1,0,1,1,1,1,0.8277,1,102,1,1,1,1,1,1,1,0.688,78,3.5272,48.33,1,1,2697207.4,0.1464,0,1,8.91,2,3,6,1,1,1,1,0,22,0.1912,0.061,4,1,1,0,1
NCRB-SYNTH-102623,Supreme Court,Sec 439 CrPC (Regular Bail),1,13,43,0,0,1,1,1,1,1,1,1,1,0.582,1,38,1,1,1,0,1,1,1,0.6753,46,5.637,59.52,1,1,1019317.48,0.198,1,1,2.04,4,2,2,1,1,1,1,0,5,0.19,0.1061,5,1,1,0,0
NCRB-SYNTH-102625,High Court,Trial Judgment,21,10,44,1,0,1,1,1,0,1,1,1,1,0.4927,1,18,0,0,1,1,0,0,1,0.6283,69,7.2058,189.76,1,1,1898548.97,0.0956,0,1,20.92,5,1,3,1,1,1,1,0,23,0.1565,0.0493,4,1,1,0,0
NCRB-SYNTH-102629,Trial Court,Trial Judgment,21,15,43,0,0,1,1,1,0,1,1,1,1,0.8871,1,86,1,1,1,0,1,0,1,0.7044,69,7.9543,105.05,1,1,4378927.5,0.1008,0,1,17.47,5,3,2,1,1,1,1,0,11,0.2113,0.0851,3,1,1,0,1
NCRB-SYNTH-102630,Trial Court,Trial Judgment,27,10,31,1,0,1,1,1,1,1,1,1,1,0.8677,0,122,1,0,1,1,0,1,1,0.4924,80,3.2867,76.49,1,1,799940.84,0.0204,1,1,7.87,2,1,7,1,1,0,0,1,9,0.1592,0.0691,3,1,1,1,1
NCRB-SYNTH-102646,Trial Court,Sec 439 CrPC (Regular Bail),1,23,7,1,0,1,1,1,0,1,1,1,1,0.3853,0,64,1,1,1,1,0,1,1,0.6867,148,3.1021,215.83,1,1,534864.28,0.074,1,1,42.71,1,4,2,1,1,0,0,1,7,0.1803,0.0867,5,1,1,0,0
NCRB-SYNTH-102648,High Court,Sec 482 CrPC (Quashing),4,22,41,0,0,1,1,1,0,1,1,1,1,0.3719,0,109,1,1,1,0,1,0,1,0.4447,45,6.0397,95.59,1,1,777923.86,0.0989,1,1,8.82,2,2,7,1,1,1,1,0,10,0.2358,0.0983,3,1,1,0,0
NCRB-SYNTH-102649,High Court,Sec 439 CrPC (Regular Bail),21,22,24,1,0,1,1,1,1,1,1,1,1,0.8528,1,148,0,0,1,1,1,1,1,0.8918,44,3.4875,238.02,1,1,3521270.94,0.0754,1,1,16.11,1,3,7,1,1,0,0,1,6,0.2438,0.1253,5,1,1,0,0
NCRB-SYNTH-102650,Trial Court,Sec 482 CrPC (Quashing),2,11,15,1,0,1,1,1,0,1,1,1,1,0.5314,0,150,1,1,1,1,1,1,1,0.757,119,6.3026,166.78,1,1,2407324.81,0.0533,1,1,3.08,3,2,7,1,1,0,0,1,6,0.0774,0.0398,5,1,1,0,0
NCRB-SYNTH-102652,Trial Court,Sec 439 CrPC (Regular Bail),1,24,87,1,0,1,1,1,0,1,1,1,1,0.9397,1,157,0,0,1,1,1,1,1,0.7394,75,5.4624,171.95,1,1,2496887.95,0.0862,1,1,15.48,1,1,9,1,1,1,1,0,42,0.2136,0.0568,4,1,1,0,0
NCRB-SYNTH-102653,Trial Court,Sec 439 CrPC (Regular Bail),1,10,95,1,0,1,1,1,1,1,1,1,1,0.7219,1,151,1,1,1,1,1,1,1,0.5225,41,6.9028,209.43,1,1,2129322.92,0.1,1,1,5.82,3,4,4,1,1,1,1,0,5,0.0817,0.0456,5,1,1,0,1
NCRB-SYNTH-102656,Trial Court,Sec 439 CrPC (Regular Bail),1,19,74,1,0,1,1,1,1,1,1,1,1,0.6663,1,68,1,0,1,1,1,1,1,0.5623,63,6.3934,288.56,1,1,2323485.33,0.0022,1,1,6.2,5,1,5,1,1,1,1,0,2,0.7335,0.6677,1,1,1,1,1
NCRB-SYNTH-102661,High Court,Sec 482 CrPC (Quashing),1,17,87,1,0,1,1,1,0,1,1,1,1,0.6065,1,125,1,1,1,1,1,0,1,0.8551,117,7.1303,279.45,1,1,4200026.36,0.1898,1,1,4.91,3,1,10,1,1,1,1,0,43,0.0897,0.0237,4,1,1,1,1
NCRB-SYNTH-102672,High Court,Sec 439 CrPC (Regular Bail),15,16,36,1,0,1,1,1,1,1,1,1,1,0.698,1,48,1,1,1,1,1,1,1,0.8241,137,5.1491,130.17,1,1,297636.08,0.1624,1,1,2.15,3,4,8,0,1,1,1,0,42,0.2284,0.0607,4,1,1,0,1
NCRB-SYNTH-102677,Supreme Court,Sec 439 CrPC (Regular Bail),1,22,59,1,0,1,1,1,0,1,1,1,1,0.7785,1,60,0,0,1,1,1,1,1,0.9179,115,4.5063,299.66,1,1,865229.8,0.0082,0,1,85.66,4,3,2,1,1,1,1,0,15,0.2665,0.0961,4,1,1,0,0
NCRB-SYNTH-102680,Trial Court,Trial Judgment,1,23,40,1,0,1,1,1,0,1,1,1,1,0.7895,1,33,1,1,1,0,1,1,1,0.5773,112,6.6358,287.29,1,1,295149.92,0.0067,1,1,1.54,3,1,10,1,1,1,1,0,26,0.2404,0.0729,4,1,1,0,1
NCRB-SYNTH-102684,High Court,Sec 482 CrPC (Quashing),1,7,41,1,0,1,1,1,0,1,1,1,1,0.9288,1,145,1,1,1,1,1,1,1,0.5473,139,3.0607,116.16,1,1,1561998.52,0.0973,1,1,31.08,2,2,10,1,1,0,0,1,5,0.1479,0.0825,5,1,1,0,1
NCRB-SYNTH-102688,High Court,Trial Judgment,7,19,18,1,0,1,1,1,0,1,1,1,1,0.5973,1,88,1,1,1,1,1,1,1,0.4381,101,7.9235,132.3,1,1,2488889.09,0.1055,1,1,60.82,2,2,3,1,1,1,1,0,7,0.1728,0.0831,5,1,1,1,0
NCRB-SYNTH-102689,High Court,Sec 439 CrPC (Regular Bail),1,3,50,0,0,1,1,1,0,1,1,1,1,0.5773,1,53,1,1,1,1,1,1,1,0.5606,43,5.8326,178.67,1,1,3715252.85,0.0104,0,1,21.42,2,1,10,1,1,1,1,0,37,0.132,0.0363,4,1,1,1,0
NCRB-SYNTH-102690,High Court,Sec 439 CrPC (Regular Bail),4,15,81,1,0,1,1,1,1,1,1,1,1,0.8918,0,146,1,0,1,0,1,0,1,0.6862,42,6.4897,126.37,1,1,3249988.27,0.1378,1,1,9.04,1,4,9,1,1,1,1,0,34,0.212,0.0596,4,1,1,0,1
NCRB-SYNTH-102691,Trial Court,Sec 439 CrPC (Regular Bail),1,9,60,1,0,1,1,1,1,1,1,1,1,0.677,1,138,0,0,1,0,1,1,1,0.4864,140,3.9344,223.94,1,1,1213642.11,0.1825,0,1,12.54,3,1,9,0,1,1,1,0,5,0.2228,0.1244,5,1,1,1,0
NCRB-SYNTH-102694,Trial Court,Sec 439 CrPC (Regular Bail),4,23,54,1,0,1,1,1,0,1,1,1,1,0.8643,1,116,1,0,1,0,1,1,1,0.5246,81,7.0961,205.89,1,1,2124248.66,0.1965,1,1,3.66,4,4,6,1,1,1,1,0,26,0.1463,0.0444,4,1,1,0,1
NCRB-SYNTH-102696,High Court,Sec 482 CrPC (Quashing),4,7,65,1,0,1,1,1,1,1,1,1,1,0.8546,1,146,1,1,1,1,1,1,1,0.7597,109,3.807,63.67,1,1,4146744.17,0.0948,0,1,32.61,1,2,9,0,1,1,1,0,4,0.1282,0.0797,5,1,1,0,1
NCRB-SYNTH-102701,High Court,Sec 482 CrPC (Quashing),4,15,58,1,0,1,1,1,1,1,1,1,1,0.6047,0,111,0,0,1,1,1,0,1,0.695,120,4.4393,247.35,1,1,2986801.57,0.0457,0,1,17.77,5,2,2,1,1,1,1,0,18,0.0846,0.0287,4,1,1,1,0
NCRB-SYNTH-102712,High Court,Sec 439 CrPC (Regular Bail),2,10,29,1,0,1,1,1,1,1,1,1,1,0.4556,1,22,1,1,1,1,0,1,1,0.7459,40,6.5348,112.74,1,1,2884095.76,0.0765,1,1,12.86,1,3,6,0,1,1,1,0,9,0.2366,0.1028,3,1,1,1,0
NCRB-SYNTH-102714,Trial Court,Sec 439 CrPC (Regular Bail),1,18,92,1,0,1,1,1,1,1,1,1,1,0.6006,0,57,1,1,1,1,1,1,1,0.8084,70,7.3149,103.95,1,1,2818259.67,0.1956,0,1,4.83,1,3,4,1,1,1,1,0,35,0.1301,0.0363,4,1,1,0,1
NCRB-SYNTH-102724,Supreme Court,Sec 482 CrPC (Quashing),7,12,40,1,0,1,1,1,0,1,1,1,1,0.8958,1,51,1,1,1,1,0,1,1,0.8424,148,4.7824,151.41,1,1,1573567.8,0.0787,1,1,25.15,3,3,7,0,1,1,1,0,8,0.2189,0.0996,5,1,1,0,1
NCRB-SYNTH-102725,Trial Court,Sec 439 CrPC (Regular Bail),1,15,10,1,0,1,1,1,1,1,1,1,1,0.7124,1,61,1,0,1,1,1,0,1,0.4031,70,4.5691,221.92,1,1,4397549.83,0.1894,0,1,9.93,1,3,3,1,1,1,1,0,7,0.1606,0.0772,5,1,1,0,1
NCRB-SYNTH-102730,Supreme Court,Sec 439 CrPC (Regular Bail),1,10,84,1,0,1,1,1,1,1,1,1,1,0.7858,1,105,1,0,1,1,1,1,1,0.6917,114,3.7274,242.26,1,1,3535611.61,0.1317,1,1,39.29,3,2,3,0,1,1,1,0,5,0.2052,0.1145,5,1,1,0,1
NCRB-SYNTH-102732,High Court,Sec 482 CrPC (Quashing),1,7,43,1,0,1,1,1,1,1,1,1,1,0.936,1,14,1,1,1,0,1,1,1,0.7309,76,6.9188,122.83,1,1,3682180.54,0.1905,0,1,27.84,5,3,7,1,1,1,1,0,10,0.1688,0.0704,5,1,1,0,1
NCRB-SYNTH-102738,High Court,Sec 439 CrPC (Regular Bail),15,23,95,0,0,1,1,1,0,1,1,1,1,0.6888,1,109,0,0,1,1,1,1,1,0.8895,124,6.8814,148.16,1,1,2927307.1,0.0135,0,1,3.45,5,4,5,1,1,1,1,0,11,0.0652,0.0262,3,1,1,0,0
NCRB-SYNTH-102741,High Court,Sec 482 CrPC (Quashing),2,21,70,1,0,1,1,1,1,1,1,1,1,0.5258,0,26,1,1,1,1,0,1,1,0.5301,104,7.8996,272.32,1,1,290552.88,0.1831,1,1,9.06,4,1,9,1,1,0,0,1,6,0.0828,0.0425,3,1,1,1,0
NCRB-SYNTH-102751,Trial Court,Writ Petition (Detention),2,5,13,1,0,1,1,1,0,1,1,1,1,0.6524,1,174,1,1,1,1,0,1,1,0.5401,83,5.0617,83.15,1,1,2289371.65,0.0718,0,1,13.57,5,1,3,1,1,1,1,0,7,0.0875,0.0421,5,1,1,0,1
NCRB-SYNTH-102757,Trial Court,Sec 439 CrPC (Regular Bail),1,11,81,1,0,1,1,1,1,1,1,1,1,0.6383,1,83,1,1,1,1,0,1,1,0.5863,70,3.5449,283.65,1,1,3150214.73,0.0165,0,1,23.62,4,2,3,1,1,1,1,0,11,0.1999,0.0804,5,1,1,0,1
NCRB-SYNTH-102764,Trial Court,Sec 439 CrPC (Regular Bail),1,13,31,1,0,1,1,1,0,1,1,1,1,0.4257,1,83,1,1,1,1,1,1,1,0.3981,94,6.2957,297.92,1,1,3419939.21,0.1834,0,1,4.74,1,1,3,1,1,0,0,1,8,0.1425,0.0649,5,1,1,0,0
NCRB-SYNTH-102767,Trial Court,Writ Petition (Detention),7,13,50,1,0,1,1,1,0,1,1,1,1,0.8938,1,78,1,0,1,1,0,1,1,0.5582,52,7.815,64.02,1,1,3080515.6,0.0029,0,1,24.94,3,2,2,1,1,0,0,1,1,0.7259,1.0473,1,1,1,1,1
NCRB-SYNTH-102769,High Court,Sec 439 CrPC (Regular Bail),1,16,67,1,0,1,1,1,0,1,1,1,1,0.8644,1,96,1,1,1,1,0,0,1,0.6796,143,3.2505,208.85,1,1,1765567.05,0.1741,1,1,12.31,2,2,2,1,1,1,1,0,11,0.2451,0.0986,5,1,1,0,1
NCRB-SYNTH-102774,Trial Court,Sec 482 CrPC (Quashing),2,25,89,1,0,1,1,1,0,1,1,1,1,0.4649,0,77,0,0,1,1,0,1,1,0.7758,95,7.4759,258.77,1,1,1671366.49,0.1013,1,1,32.57,1,3,3,1,1,1,1,0,9,0.208,0.0903,5,1,1,1,0
NCRB-SYNTH-102775,High Court,Writ Petition (Detention),2,24,45,1,0,1,1,1,0,1,1,1,1,0.588,0,74,1,1,1,0,1,1,1,0.6431,98,7.2307,145.83,1,1,1530426.14,0.1368,0,1,2.39,4,1,3,1,1,1,1,0,7,0.1779,0.0856,3,1,1,0,0
NCRB-SYNTH-102776,Trial Court,Sec 482 CrPC (Quashing),2,17,38,1,0,1,1,1,0,1,1,1,1,0.4606,1,37,1,1,1,0,0,0,1,0.5382,143,4.1493,130.05,1,1,388962.3,0.1224,0,1,3.65,5,2,9,0,1,0,0,1,31,0.2968,0.0856,4,1,1,0,0
NCRB-SYNTH-102779,High Court,Sec 482 CrPC (Quashing),15,18,97,1,0,1,1,1,0,1,1,1,1,0.565,1,161,1,1,1,0,1,1,1,0.74,47,2.9626,87.0,1,1,3861949.9,0.1919,0,1,15.66,2,4,2,0,1,1,1,0,30,0.113,0.0329,4,1,1,0,0
NCRB-SYNTH-102795,High Court,Sec 482 CrPC (Quashing),1,13,5,1,0,1,1,1,0,1,1,1,1,0.7996,0,33,1,1,1,0,1,1,1,0.7102,89,4.8017,88.24,1,1,3998403.23,0.1939,1,1,12.39,3,4,6,1,1,1,1,0,9,0.209,0.0908,5,1,1,0,1
NCRB-SYNTH-102805,Trial Court,Sec 439 CrPC (Regular Bail),1,7,51,1,0,1,1,1,0,1,1,1,1,0.6208,1,151,1,1,1,1,1,1,1,0.4403,136,4.7936,297.07,1,1,2661773.22,0.1984,0,1,13.81,2,4,4,0,1,0,0,1,8,0.1198,0.0545,5,1,1,0,1
NCRB-SYNTH-102809,Trial Court,Sec 439 CrPC (Regular Bail),21,19,34,0,0,1,1,1,0,1,1,1,1,0.4299,1,33,1,1,1,0,1,1,1,0.785,80,6.2403,235.98,1,1,2044738.23,0.0812,0,1,2.51,1,1,8,1,1,1,1,0,7,0.1825,0.0878,5,1,1,0,0
NCRB-SYNTH-102817,Trial Court,Sec 482 CrPC (Quashing),2,15,88,0,0,1,1,1,1,1,1,1,1,0.8792,1,57,1,1,1,1,0,1,1,0.6104,111,4.2526,162.37,1,1,1607616.45,0.0182,1,1,4.24,3,2,3,1,1,1,1,0,10,0.1343,0.056,3,1,1,0,1
NCRB-SYNTH-102820,High Court,Sec 482 CrPC (Quashing),1,18,42,1,0,1,1,1,1,1,1,1,1,0.7392,1,18,1,1,1,0,0,0,1,0.5304,57,3.2225,88.83,1,1,3177444.62,0.0845,1,1,12.38,5,1,8,1,1,1,1,0,30,0.1024,0.0298,4,1,1,1,1
NCRB-SYNTH-102829,High Court,Sec 482 CrPC (Quashing),1,23,61,1,0,1,1,1,0,1,1,1,1,0.7235,1,43,0,0,1,1,1,1,1,0.7154,73,6.1895,135.81,1,1,465654.58,0.0161,1,1,21.42,3,3,6,0,1,1,1,0,8,0.1816,0.0827,5,1,1,0,0
NCRB-SYNTH-102831,Trial Court,Sec 439 CrPC (Regular Bail),1,14,85,0,0,1,1,1,0,1,1,1,1,0.8122,0,77,0,0,1,1,1,0,1,0.3534,94,6.3894,54.82,1,1,932683.95,0.1233,0,1,12.64,2,1,8,0,1,0,0,1,44,0.2556,0.0672,4,1,1,0,0
NCRB-SYNTH-102835,High Court,Sec 439 CrPC (Regular Bail),1,12,39,1,0,1,1,1,0,1,1,1,1,0.3433,1,170,1,1,1,1,1,0,1,0.7314,101,6.9896,95.31,1,1,4258251.28,0.0283,1,1,9.67,1,2,2,1,1,1,1,0,8,0.1454,0.0662,5,1,1,0,0
NCRB-SYNTH-102840,Trial Court,Sec 482 CrPC (Quashing),1,24,57,0,0,1,1,1,0,1,1,1,1,0.5638,1,70,1,1,1,1,1,1,1,0.7987,57,5.8444,178.98,1,1,2447708.2,0.1204,1,1,23.4,2,3,5,1,1,0,0,1,9,0.1097,0.0476,5,1,1,0,0
NCRB-SYNTH-102841,High Court,Sec 439 CrPC (Regular Bail),45,7,35,1,0,1,1,1,0,1,1,1,1,0.9168,0,85,1,0,1,1,1,1,1,0.772,113,2.9138,147.38,1,1,2091520.2,0.0468,0,1,3.81,1,2,9,1,1,1,1,0,8,0.1951,0.0888,5,1,1,0,1
NCRB-SYNTH-102846,Trial Court,Sec 439 CrPC (Regular Bail),1,23,35,1,0,1,1,1,1,1,1,1,1,0.4964,1,85,0,0,1,1,0,0,1,0.626,146,4.0967,130.7,1,1,1744821.5,0.1178,0,1,5.7,2,3,7,0,1,1,1,0,11,0.1409,0.0567,3,1,1,0,0
NCRB-SYNTH-102850,High Court,Writ Petition (Detention),1,22,84,1,0,1,1,1,0,1,1,1,1,0.9413,1,171,1,1,1,1,0,1,1,0.6356,138,4.7609,48.32,1,1,1458525.02,0.1463,1,1,6.21,5,4,2,1,1,1,1,0,9,0.0526,0.0228,3,1,1,0,1
NCRB-SYNTH-102856,High Court,Sec 439 CrPC (Regular Bail),1,13,16,1,0,1,1,1,0,1,1,1,1,0.8564,1,174,1,1,1,1,0,1,1,0.3867,78,7.4481,164.54,1,1,2382866.37,0.0892,0,1,24.54,2,1,3,1,1,1,1,0,37,0.2272,0.0625,4,1,1,0,1
NCRB-SYNTH-102865,High Court,Sec 439 CrPC (Regular Bail),21,9,57,1,0,1,1,1,1,1,1,1,1,0.8138,1,170,1,1,1,1,1,1,1,0.5829,147,3.8564,257.7,1,1,2327052.93,0.0051,1,1,16.17,2,1,10,1,1,1,1,0,10,0.0986,0.0411,5,1,1,0,1
NCRB-SYNTH-102867,Trial Court,Writ Petition (Detention),2,9,60,1,0,1,1,1,0,1,1,1,1,0.6023,1,140,1,1,1,0,0,1,1,0.6932,104,3.7849,121.9,1,1,2716990.55,0.0493,0,1,10.04,5,2,7,1,1,1,1,0,43,0.3165,0.0836,4,1,1,0,1
NCRB-SYNTH-102870,Trial Court,Sec 439 CrPC (Regular Bail),1,21,66,1,0,1,1,1,1,1,1,1,1,0.6776,1,63,1,1,1,1,1,0,1,0.8641,138,5.1345,295.97,1,1,3941933.6,0.0839,0,1,27.36,5,3,10,1,1,1,1,0,4,0.2423,0.1505,5,1,1,1,1
NCRB-SYNTH-102874,High Court,Sec 439 CrPC (Regular Bail),1,18,48,1,0,1,1,1,0,1,1,1,1,0.6735,1,32,1,1,1,1,1,0,1,0.6242,146,3.3067,212.91,1,1,2080763.49,0.1584,0,1,5.44,3,2,9,0,1,1,1,0,5,0.1226,0.0684,5,1,1,0,1
NCRB-SYNTH-102876,Trial Court,Sec 439 CrPC (Regular Bail),2,16,81,1,0,1,1,1,0,1,1,1,1,0.8626,1,99,1,1,1,1,0,1,1,0.6883,61,3.1406,237.63,1,1,2237052.38,0.1949,0,1,28.95,4,3,6,1,1,1,1,0,9,0.1735,0.0753,5,1,1,0,1
NCRB-SYNTH-102877,Trial Court,Sec 439 CrPC (Regular Bail),1,15,69,1,0,1,1,1,0,1,1,1,1,0.594,1,82,1,0,1,1,1,0,1,0.3901,99,5.196,297.05,1,1,4343091.76,0.1731,1,1,15.44,4,2,5,1,1,1,1,0,4,0.0549,0.0341,3,1,1,0,0
NCRB-SYNTH-102887,High Court,Sec 439 CrPC (Regular Bail),2,15,17,1,0,1,1,1,0,1,1,1,1,0.8916,0,36,0,0,1,1,0,1,1,0.4384,127,5.8713,291.94,1,1,1601068.33,0.1499,0,1,17.32,1,3,6,1,1,1,1,0,2,0.8946,0.8143,1,1,1,0,0
NCRB-SYNTH-102888,Trial Court,Sec 439 CrPC (Regular Bail),1,9,65,1,0,1,1,1,0,1,1,1,1,0.6039,1,132,1,1,1,1,1,1,1,0.6706,140,5.2152,169.43,1,1,2848529.07,0.1456,1,1,19.56,4,4,10,1,1,1,1,0,34,0.2374,0.0668,4,1,1,0,1
NCRB-SYNTH-102897,Trial Court,Sec 439 CrPC (Regular Bail),1,16,52,1,0,1,1,1,0,1,1,1,1,0.3549,1,81,1,0,1,0,1,0,1,0.6688,85,4.5599,209.38,1,1,1541230.31,0.1682,1,1,1.01,2,1,10,1,1,1,1,0,6,0.2247,0.1155,3,1,1,0,0
NCRB-SYNTH-102899,High Court,Sec 439 CrPC (Regular Bail),1,6,99,1,0,1,1,1,0,1,1,1,1,0.8304,1,25,1,1,1,0,0,1,1,0.5818,102,3.9085,264.22,1,1,3301059.03,0.0985,1,1,21.85,4,2,7,1,1,0,0,1,9,0.1819,0.079,3,1,1,1,1
NCRB-SYNTH-102904,Trial Court,Writ Petition (Detention),7,7,76,1,0,1,1,1,0,1,1,1,1,0.4283,1,71,1,0,1,1,0,1,1,0.5156,45,6.3253,274.79,1,1,3650109.0,0.0641,1,1,25.88,2,2,5,1,1,0,0,1,7,0.2141,0.103,5,1,1,0,0
NCRB-SYNTH-102905,Trial Court,Sec 439 CrPC (Regular Bail),4,8,95,0,0,1,1,1,0,1,1,1,1,0.7912,1,123,1,0,1,1,1,0,1,0.6714,108,4.994,199.71,1,1,4230878.07,0.0773,0,1,14.67,2,1,8,0,1,1,1,0,5,0.1148,0.0641,3,1,1,0,1
NCRB-SYNTH-102919,High Court,Sec 439 CrPC (Regular Bail),2,6,90,1,0,1,1,1,0,1,1,1,1,0.3979,1,95,1,1,1,1,1,1,1,0.6879,105,5.018,212.73,1,1,1014456.37,0.1721,0,1,1.59,3,3,9,1,1,0,0,1,9,0.1069,0.0464,5,1,1,0,0
NCRB-SYNTH-102925,High Court,Sec 439 CrPC (Regular Bail),1,9,77,1,0,1,1,1,1,1,1,1,1,0.6312,1,27,0,0,1,1,0,1,1,0.7693,44,7.3197,79.94,1,1,2850271.48,0.0882,0,1,13.86,4,1,4,1,1,1,1,0,6,0.2274,0.1169,5,1,1,1,0
NCRB-SYNTH-102930,Trial Court,Sec 439 CrPC (Regular Bail),2,23,100,1,0,1,1,1,1,1,1,1,1,0.4642,1,138,0,0,1,1,1,1,1,0.6082,61,6.97,122.4,1,1,3008637.67,0.055,1,1,13.78,5,4,6,0,1,1,1,0,6,0.0894,0.046,3,1,1,0,0
NCRB-SYNTH-102934,High Court,Sec 439 CrPC (Regular Bail),1,22,88,1,0,1,1,1,1,1,1,1,1,0.7943,1,51,0,1,1,0,0,1,1,0.8524,122,3.8621,111.44,1,1,4320997.95,0.0034,1,1,15.02,1,1,5,1,1,1,1,0,17,0.1326,0.0459,4,1,1,0,0
NCRB-SYNTH-102947,High Court,Sec 482 CrPC (Quashing),2,10,27,1,0,1,1,1,0,1,1,1,1,0.9335,1,69,1,0,1,1,1,1,1,0.7284,83,2.9801,98.32,1,1,495828.22,0.1252,0,1,1.14,1,3,9,1,1,1,1,0,33,0.1921,0.0545,4,1,1,0,1
NCRB-SYNTH-102948,Trial Court,Trial Judgment,1,13,22,1,0,1,1,1,1,1,1,1,1,0.7056,1,102,1,0,1,1,1,1,1,0.7478,110,3.0912,230.32,1,1,2911184.31,0.1844,1,1,3.92,4,2,8,0,1,1,1,0,4,0.0949,0.059,5,1,1,0,1
NCRB-SYNTH-102949,Trial Court,Sec 439 CrPC (Regular Bail),21,21,99,1,0,1,1,1,0,1,1,1,1,0.4749,1,182,1,1,1,1,0,1,1,0.7412,95,7.1883,243.82,1,1,2931807.8,0.0714,1,1,33.82,4,1,9,1,1,1,1,0,16,0.2677,0.0945,4,1,1,0,0
NCRB-SYNTH-102954,Trial Court,Sec 439 CrPC (Regular Bail),1,22,16,1,0,1,1,1,0,1,1,1,1,0.7609,1,70,0,0,1,1,1,1,1,0.3801,65,2.9472,137.26,1,1,2387684.3,0.098,0,1,1.94,1,4,5,1,1,1,1,0,37,0.2179,0.0599,4,1,1,0,0
NCRB-SYNTH-102970,High Court,Sec 439 CrPC (Regular Bail),7,10,31,1,0,1,1,1,1,1,1,1,1,0.7576,1,91,1,1,1,1,0,1,1,0.7069,130,3.4389,263.88,1,1,568123.11,0.1154,0,1,14.83,1,2,5,0,1,1,1,0,9,0.1402,0.0609,5,1,1,0,1
NCRB-SYNTH-102971,High Court,Sec 439 CrPC (Regular Bail),7,7,57,1,0,1,1,1,1,1,1,1,1,0.4338,1,38,1,1,1,1,1,1,1,0.5855,138,5.7321,74.53,1,1,4173641.36,0.1429,1,1,6.89,5,3,5,1,1,1,1,0,2,0.5123,0.4663,1,1,1,0,0
NCRB-SYNTH-102975,Trial Court,Sec 439 CrPC (Regular Bail),4,7,11,1,0,1,1,1,0,1,1,1,1,0.6041,1,52,1,1,1,1,0,1,1,0.7423,149,5.407,52.32,1,1,1328877.56,0.0117,1,1,5.99,2,1,5,1,1,1,1,0,5,0.0767,0.0428,5,1,1,1,1
NCRB-SYNTH-102981,High Court,Trial Judgment,1,23,8,1,0,1,1,1,0,1,1,1,1,0.4547,1,137,1,1,1,1,1,1,1,0.7164,96,7.456,267.88,1,1,1587685.31,0.1383,0,1,14.18,4,1,8,1,1,1,1,0,4,0.1406,0.0873,5,1,1,0,0
NCRB-SYNTH-102985,High Court,Sec 482 CrPC (Quashing),15,25,55,1,0,1,1,1,1,1,1,1,1,0.5295,1,144,0,0,1,1,1,1,1,0.5911,58,7.861,268.53,1,1,3740373.72,0.0856,0,1,2.6,2,3,7,1,1,1,1,0,13,0.1492,0.0565,4,1,1,0,0
NCRB-SYNTH-102988,Trial Court,Sec 482 CrPC (Quashing),1,7,81,1,0,1,1,1,1,1,1,1,1,0.7495,1,164,1,1,1,1,0,1,1,0.8341,138,3.6295,51.88,1,1,3635301.99,0.0209,1,1,11.97,3,3,5,1,1,1,1,0,8,0.0599,0.0273,3,1,1,0,1
NCRB-SYNTH-102994,High Court,Sec 439 CrPC (Regular Bail),1,17,22,1,0,1,1,1,0,1,1,1,1,0.5542,1,94,1,1,1,1,1,1,1,0.8458,65,3.4311,156.1,1,1,607268.69,0.1913,0,1,4.13,2,3,9,1,1,1,1,0,3,0.6019,0.4342,1,1,1,0,0
NCRB-SYNTH-103011,Trial Court,Sec 439 CrPC (Regular Bail),4,11,34,1,0,1,1,1,0,1,1,1,1,0.5749,1,59,1,0,1,1,1,1,1,0.8229,112,6.988,66.51,1,1,4259283.8,0.0148,1,1,11.59,5,4,9,0,1,1,1,0,8,0.2228,0.1014,5,1,1,1,0
NCRB-SYNTH-103014,High Court,Trial Judgment,1,15,99,1,0,1,1,1,0,1,1,1,1,0.5527,1,126,1,1,1,1,1,1,1,0.6949,135,3.3815,235.21,1,1,2716321.63,0.0591,1,1,1.68,2,1,8,1,1,1,1,0,17,0.1606,0.0556,4,1,1,1,0
NCRB-SYNTH-103018,High Court,Sec 482 CrPC (Quashing),1,19,65,1,0,1,1,1,0,1,1,1,1,0.8751,1,159,0,0,1,1,1,1,1,0.6625,109,6.0988,261.31,1,1,1129120.59,0.0547,0,1,23.56,2,2,6,1,1,0,0,1,6,0.1552,0.0798,5,1,1,0,0
NCRB-SYNTH-103022,High Court,Sec 439 CrPC (Regular Bail),2,18,85,1,0,1,1,1,0,1,1,1,1,0.6525,1,67,1,1,1,1,1,1,1,0.639,101,5.8699,196.4,1,1,825896.22,0.0339,1,1,11.25,1,1,2,1,1,1,1,0,7,0.0689,0.0332,5,1,1,0,1
NCRB-SYNTH-103026,High Court,Sec 482 CrPC (Quashing),45,15,39,1,0,1,1,1,0,1,1,1,1,0.7984,1,88,1,1,1,1,1,1,1,0.721,91,6.4937,83.67,1,1,2310462.42,0.0414,1,1,6.38,1,3,7,0,1,1,1,0,7,0.1966,0.0945,5,1,1,0,1
NCRB-SYNTH-103032,High Court,Trial Judgment,1,4,83,1,1,1,1,1,1,1,1,1,1,0.7721,1,94,0,0,1,1,0,1,1,0.6727,146,4.3842,283.2,1,1,1420538.5,0.1233,1,1,3.03,3,1,10,1,1,1,1,0,10,0.0864,0.036,5,1,1,1,0
NCRB-SYNTH-103037,High Court,Sec 439 CrPC (Regular Bail),1,8,79,0,0,1,1,1,1,1,1,1,1,0.5278,1,118,1,1,1,1,0,0,1,0.5986,97,6.3347,181.8,1,1,771704.34,0.0948,0,1,6.69,2,3,9,1,1,1,1,0,6,0.2187,0.1124,3,1,1,0,0
NCRB-SYNTH-103040,High Court,Writ Petition (Detention),1,7,76,1,0,1,1,1,0,1,1,1,1,0.6868,1,68,1,1,1,1,1,1,1,0.9194,96,5.8963,135.41,1,1,2338469.58,0.1302,0,1,27.91,5,3,2,1,1,0,0,1,8,0.0992,0.0452,5,1,1,1,1
NCRB-SYNTH-103044,High Court,Writ Petition (Detention),7,5,19,1,0,1,1,1,0,1,1,1,1,0.6571,1,132,1,1,1,1,1,1,1,0.8618,66,6.0521,290.67,1,1,2472487.92,0.1883,0,1,9.56,1,1,2,0,1,1,1,0,11,0.1944,0.0782,3,1,1,1,1
NCRB-SYNTH-103047,High Court,Sec 482 CrPC (Quashing),1,15,41,1,0,1,1,1,0,1,1,1,1,0.8641,0,43,0,0,1,1,1,1,1,0.5871,113,5.0218,162.61,1,1,2283305.03,0.0501,0,1,20.02,2,2,8,1,1,1,1,0,7,0.1142,0.0549,3,1,1,0,0
NCRB-SYNTH-103049,Trial Court,Sec 482 CrPC (Quashing),27,25,91,1,0,1,1,1,1,1,1,1,1,0.8264,1,105,1,1,1,0,1,1,1,0.5766,73,5.1436,214.17,1,1,1500708.98,0.169,0,1,23.54,5,4,9,1,1,1,1,0,9,0.082,0.0356,3,1,1,0,1
NCRB-SYNTH-103052,High Court,Sec 439 CrPC (Regular Bail),1,4,66,1,0,1,1,1,0,1,1,1,1,0.8075,1,87,1,1,1,1,0,1,1,0.4864,47,7.8866,274.49,1,1,4320015.52,0.1039,1,1,7.1,5,4,10,1,1,1,1,0,1,0.9098,1.3125,1,1,1,0,1
NCRB-SYNTH-103087,High Court,Sec 482 CrPC (Quashing),4,23,79,1,0,1,1,1,0,1,1,1,1,0.5268,1,117,1,1,1,0,1,1,1,0.706,147,5.544,80.12,1,1,2291511.43,0.1289,0,1,18.19,5,4,9,1,1,1,1,0,42,0.1535,0.0408,4,1,1,1,0
NCRB-SYNTH-103091,High Court,Trial Judgment,1,16,16,1,0,1,1,1,1,1,1,1,1,0.8264,1,162,0,0,1,1,0,1,1,0.4359,55,4.7606,210.02,1,1,3118823.48,0.0119,0,1,3.14,4,2,7,1,1,1,1,0,5,0.114,0.0636,5,1,1,1,0
NCRB-SYNTH-103093,Supreme Court,Sec 439 CrPC (Regular Bail),1,7,76,1,0,1,1,1,1,1,1,1,1,0.5092,1,78,0,0,1,1,1,0,1,0.6362,59,7.0202,66.01,1,1,1160627.26,0.01,1,1,20.9,4,2,3,1,1,1,1,0,9,0.0862,0.0374,5,1,1,1,0
NCRB-SYNTH-103100,Trial Court,Sec 439 CrPC (Regular Bail),2,14,45,0,0,1,1,1,1,1,1,1,1,0.8026,1,157,0,0,1,1,0,1,1,0.8465,99,3.0134,197.68,1,1,2087654.61,0.1973,0,1,8.78,1,1,8,1,1,1,1,0,3,0.6406,0.4621,1,1,1,0,0
NCRB-SYNTH-103104,Trial Court,Sec 482 CrPC (Quashing),1,20,78,1,0,1,1,1,0,1,1,1,1,0.5741,1,54,1,0,1,1,1,0,1,0.6384,62,5.3484,225.56,1,1,2347267.72,0.0008,0,1,3.43,5,4,7,1,1,1,1,0,11,0.2371,0.0954,3,1,1,0,0
NCRB-SYNTH-103106,Trial Court,Sec 439 CrPC (Regular Bail),1,14,7,1,0,1,1,1,0,1,1,1,1,0.9052,0,143,1,1,1,1,0,1,1,0.5466,73,5.9239,76.43,1,1,1560452.61,0.1576,0,1,4.31,1,1,7,0,1,1,1,0,35,0.2366,0.066,4,1,1,0,1
NCRB-SYNTH-103124,High Court,Sec 439 CrPC (Regular Bail),1,11,61,1,0,1,1,1,0,1,1,1,1,0.9381,1,182,1,1,1,1,0,1,1,0.6676,100,3.4119,241.11,1,1,3000322.13,0.0882,0,1,26.41,1,1,9,1,1,1,1,0,6,0.0815,0.0419,5,1,1,1,1
NCRB-SYNTH-103134,High Court,Sec 439 CrPC (Regular Bail),1,20,12,1,0,1,1,1,0,1,1,1,1,0.8348,1,116,1,1,1,1,0,0,1,0.5043,54,2.9749,63.25,1,1,1322402.68,0.0626,1,1,9.44,5,2,2,1,1,1,1,0,28,0.2584,0.0767,4,1,1,0,1
NCRB-SYNTH-103139,Supreme Court,Trial Judgment,1,22,83,1,0,1,1,1,0,1,1,1,1,0.4829,1,98,1,1,1,0,0,1,1,0.937,135,7.1916,251.34,1,1,1017691.74,0.1823,1,1,7.47,2,2,6,1,1,1,1,0,7,0.2076,0.0998,3,1,1,0,0
NCRB-SYNTH-103141,Trial Court,Sec 482 CrPC (Quashing),1,20,5,1,0,1,1,1,0,1,1,1,1,0.8432,1,74,1,1,1,1,1,1,1,0.8843,79,4.2204,81.4,1,1,4029876.03,0.063,1,1,29.38,5,4,2,1,1,1,1,0,14,0.19,0.0701,4,1,1,1,1
NCRB-SYNTH-103144,High Court,Writ Petition (Detention),7,7,17,0,1,1,1,1,1,1,1,1,1,0.9218,1,67,1,1,1,1,1,0,1,0.6194,78,6.6842,150.39,1,1,4489471.8,0.162,1,1,6.64,1,3,3,1,1,1,1,0,18,0.1005,0.0341,4,1,1,1,1
NCRB-SYNTH-103146,High Court,Sec 439 CrPC (Regular Bail),2,22,72,1,0,1,1,1,0,1,1,1,1,0.4553,0,37,1,1,1,1,0,1,1,0.7046,128,6.789,245.22,1,1,4095368.29,0.0291,1,1,1.47,3,1,6,1,1,1,1,0,10,0.2488,0.1038,5,1,1,0,0
NCRB-SYNTH-103150,High Court,Sec 439 CrPC (Regular Bail),4,24,48,1,0,1,1,1,0,1,1,1,1,0.8291,1,131,1,1,1,1,1,0,1,0.7957,132,6.1803,55.21,1,1,3427697.63,0.0646,1,1,2.9,2,4,10,0,1,0,0,1,1,0.7771,1.1211,1,1,1,0,1
NCRB-SYNTH-103154,Trial Court,Sec 439 CrPC (Regular Bail),1,18,18,1,0,1,1,1,1,1,1,1,1,0.8441,1,68,1,1,1,0,1,0,1,0.6971,118,3.6359,199.95,1,1,1261901.41,0.074,0,1,6.39,2,3,7,1,1,1,1,0,1,0.4888,0.7052,1,1,1,1,1
NCRB-SYNTH-103155,High Court,Sec 439 CrPC (Regular Bail),1,12,95,1,0,1,1,1,0,1,1,1,1,0.5686,0,29,1,1,1,1,1,1,1,0.5458,54,6.831,46.87,1,1,666975.85,0.0036,0,1,2.52,2,4,8,1,1,1,1,0,6,0.2301,0.1182,3,1,1,0,0
NCRB-SYNTH-103161,Supreme Court,Sec 439 CrPC (Regular Bail),2,3,36,1,0,1,1,1,0,1,1,1,1,0.7753,1,145,1,1,1,0,1,1,1,0.6428,121,6.6017,75.4,1,1,3897523.44,0.1277,0,1,2.52,3,4,6,1,1,1,1,0,5,0.2083,0.1162,5,1,1,0,1
NCRB-SYNTH-103164,Supreme Court,Sec 439 CrPC (Regular Bail),1,14,6,1,0,1,1,1,0,1,1,1,1,0.6193,1,154,1,1,1,0,0,1,1,0.7669,59,4.0023,280.36,1,1,313348.52,0.1796,1,1,6.46,2,4,7,0,1,1,1,0,9,0.1855,0.0806,5,1,1,0,1
NCRB-SYNTH-103166,High Court,Sec 482 CrPC (Quashing),15,15,20,1,0,1,1,1,1,1,1,1,1,0.7431,1,94,1,0,1,1,1,0,1,0.652,73,5.3839,261.4,1,1,2159228.37,0.0147,1,1,6.21,5,3,5,1,1,1,1,0,20,0.1467,0.0482,4,1,1,1,1
NCRB-SYNTH-103170,High Court,Sec 439 CrPC (Regular Bail),4,21,53,1,0,1,1,1,0,1,1,1,1,0.8998,1,114,1,1,1,1,1,0,1,0.5273,107,5.0338,222.2,1,1,424976.83,0.018,1,1,21.16,5,4,8,1,1,1,1,0,9,0.1504,0.0653,5,1,1,1,1
NCRB-SYNTH-103185,Trial Court,Sec 482 CrPC (Quashing),1,17,79,0,0,1,1,1,1,1,1,1,1,0.6386,1,123,0,0,1,1,1,1,1,0.7639,101,7.9307,250.37,1,1,277677.19,0.197,1,1,13.54,5,1,8,0,1,1,1,0,26,0.2233,0.0677,4,1,1,0,0
NCRB-SYNTH-103186,Trial Court,Sec 439 CrPC (Regular Bail),1,15,27,1,0,1,1,1,1,1,1,1,1,0.57,0,62,1,1,1,1,1,1,1,0.5954,86,6.1388,230.98,1,1,2625272.43,0.1792,0,1,2.36,4,2,5,1,1,1,1,0,44,0.1858,0.0488,4,1,1,1,0
NCRB-SYNTH-103187,Supreme Court,Trial Judgment,2,15,98,1,0,1,1,1,0,1,1,1,1,0.5492,1,15,1,1,1,1,0,1,1,0.577,133,5.1636,82.86,1,1,1757768.18,0.1664,1,1,3.93,5,3,9,1,1,1,1,0,4,0.2331,0.1448,3,1,1,1,0
NCRB-SYNTH-103188,Trial Court,Sec 439 CrPC (Regular Bail),45,5,64,0,0,1,1,1,0,1,1,1,1,0.6157,1,144,1,1,1,1,0,0,1,0.7961,59,7.9354,205.91,1,1,3340192.58,0.1193,0,1,1.84,1,3,6,1,1,1,1,0,42,0.3145,0.0836,4,1,1,0,1
NCRB-SYNTH-103195,Trial Court,Trial Judgment,1,8,24,1,0,1,1,1,0,1,1,1,1,0.7656,0,129,1,1,1,1,0,1,1,0.482,80,5.4209,134.15,1,1,3631275.38,0.1422,0,1,7.06,2,3,6,1,1,1,1,0,28,0.2242,0.0666,4,1,1,1,1
NCRB-SYNTH-103196,Trial Court,Sec 439 CrPC (Regular Bail),1,19,97,1,0,1,1,1,0,1,1,1,1,0.5202,1,86,1,0,1,0,1,1,1,0.7995,122,6.212,237.06,1,1,4223452.38,0.1572,1,1,1.96,2,3,8,1,1,1,1,0,45,0.1209,0.0316,4,1,1,0,0
NCRB-SYNTH-103200,High Court,Sec 439 CrPC (Regular Bail),1,13,78,1,0,1,1,1,0,1,1,1,1,0.8686,1,159,1,1,1,0,1,0,1,0.7205,98,5.3208,164.54,1,1,2940234.33,0.1939,1,1,30.51,5,3,10,0,1,0,0,1,37,0.242,0.0665,4,1,1,1,1
NCRB-SYNTH-103202,High Court,Sec 439 CrPC (Regular Bail),2,17,22,1,0,1,1,1,0,1,1,1,1,0.5181,1,75,1,1,1,1,1,0,1,0.9469,148,5.5957,113.99,1,1,3676866.66,0.1058,1,1,6.91,1,4,7,1,1,0,0,1,38,0.1903,0.052,4,1,1,1,0
NCRB-SYNTH-103209,Trial Court,Trial Judgment,1,13,8,1,0,1,1,1,1,1,1,1,1,0.778,0,165,1,1,1,1,0,1,1,0.7899,127,6.6637,52.86,1,1,861205.85,0.1652,1,1,2.1,3,4,3,1,1,1,1,0,9,0.1911,0.083,3,1,1,0,1
NCRB-SYNTH-103221,High Court,Trial Judgment,1,8,67,1,0,1,1,1,1,1,1,1,1,0.8075,1,78,1,1,1,1,0,1,1,0.7564,78,6.9657,153.55,1,1,2082727.43,0.0033,1,1,4.41,5,2,9,1,1,1,1,0,8,0.1188,0.0541,3,1,1,0,1
NCRB-SYNTH-103228,High Court,Sec 439 CrPC (Regular Bail),2,21,99,1,0,1,1,1,0,1,1,1,1,0.5507,1,150,0,1,1,1,1,1,1,0.6648,41,6.4411,182.05,1,1,1826109.03,0.0573,1,1,43.68,5,1,5,0,1,1,1,0,5,0.2208,0.1232,5,1,1,1,0
NCRB-SYNTH-103231,Trial Court,Sec 482 CrPC (Quashing),1,22,75,1,0,1,1,1,1,1,1,1,1,0.4506,1,23,1,1,1,0,1,1,1,0.9397,142,4.9556,87.95,1,1,3074460.37,0.0339,1,1,7.12,5,2,9,1,1,1,1,0,35,0.0995,0.0278,4,1,1,1,0
NCRB-SYNTH-103235,Trial Court,Writ Petition (Detention),2,15,23,1,0,1,1,1,0,1,1,1,1,0.5364,1,17,1,1,1,1,1,0,1,0.8099,133,7.7371,86.0,1,1,1791726.87,0.0302,1,1,52.64,3,4,7,0,1,1,1,0,3,0.707,0.51,1,1,1,0,0
NCRB-SYNTH-103241,High Court,Sec 482 CrPC (Quashing),1,11,43,1,0,1,1,1,1,1,1,1,1,0.7319,1,71,0,0,1,1,1,0,1,0.6826,128,3.623,164.65,1,1,1779645.24,0.0927,1,1,16.62,5,1,3,1,1,1,1,0,5,0.1474,0.0823,5,1,1,0,0
NCRB-SYNTH-103242,High Court,Trial Judgment,1,7,70,1,0,1,1,1,1,1,1,1,1,0.4623,1,10,1,1,1,1,1,0,1,0.6452,115,6.2304,177.15,1,1,831179.44,0.1172,0,1,26.86,1,2,4,1,1,1,1,0,37,0.2594,0.0713,4,1,1,0,0
NCRB-SYNTH-103243,Trial Court,Sec 439 CrPC (Regular Bail),1,19,82,0,0,1,1,1,1,1,1,1,1,0.868,1,166,1,1,1,1,1,1,1,1.0,135,7.1914,103.22,1,1,3911818.12,0.1786,1,1,12.77,1,1,8,1,1,1,1,0,1,0.7018,1.0125,1,1,1,1,1
NCRB-SYNTH-103247,Trial Court,Sec 439 CrPC (Regular Bail),45,21,96,1,0,1,1,1,0,1,1,1,1,0.8295,0,80,0,0,1,1,1,1,1,0.8182,150,3.2799,229.11,1,1,4016978.44,0.0032,1,1,20.57,5,3,10,1,1,1,1,0,7,0.0624,0.03,3,1,1,0,0
NCRB-SYNTH-103248,Trial Court,Sec 439 CrPC (Regular Bail),1,17,42,1,0,1,1,1,0,1,1,1,1,0.3709,1,161,1,1,1,1,0,1,1,0.8,136,6.5239,60.96,1,1,2950013.84,0.1007,0,1,25.81,5,2,2,1,1,1,1,0,10,0.2025,0.0844,5,1,1,0,0
NCRB-SYNTH-103251,Trial Court,Sec 439 CrPC (Regular Bail),1,11,71,1,0,1,1,1,0,1,1,1,1,0.5246,1,153,0,0,1,1,1,1,1,0.727,117,6.2576,194.28,1,1,4300991.29,0.1446,1,1,2.74,1,3,2,0,1,0,0,1,27,0.1687,0.0506,4,1,1,0,0
NCRB-SYNTH-103259,Trial Court,Writ Petition (Detention),7,6,33,1,0,1,1,1,0,1,1,1,1,0.7336,1,157,1,0,1,1,1,1,1,0.5729,107,5.3118,135.04,1,1,837985.86,0.0065,1,1,1.33,5,4,6,1,1,1,1,0,8,0.2472,0.1125,5,1,1,0,1
NCRB-SYNTH-103262,High Court,Sec 482 CrPC (Quashing),7,5,95,1,0,1,1,1,0,1,1,1,1,0.4373,1,40,1,1,1,0,0,1,1,0.9037,101,2.9509,181.52,1,1,2067044.75,0.1232,1,1,5.62,5,3,6,0,1,1,1,0,4,0.239,0.1485,5,1,1,0,0
NCRB-SYNTH-103263,High Court,Sec 439 CrPC (Regular Bail),21,11,61,0,0,1,1,1,0,1,1,1,1,0.6568,1,45,0,1,1,1,1,1,1,0.8149,121,8.0992,179.79,1,1,2857388.86,0.0561,1,1,5.38,2,4,9,1,1,1,1,0,8,0.1953,0.0889,3,1,1,0,0
NCRB-SYNTH-103267,High Court,Sec 439 CrPC (Regular Bail),2,13,56,1,0,1,1,1,1,1,1,1,1,0.712,1,121,1,1,1,1,1,0,1,0.6616,80,7.4826,248.81,1,1,3049569.65,0.0058,0,1,16.16,3,1,2,1,1,0,0,1,6,0.1769,0.0909,3,1,1,0,1
NCRB-SYNTH-103274,Trial Court,Sec 482 CrPC (Quashing),1,25,65,1,0,1,1,1,0,1,1,1,1,0.8832,1,170,1,1,1,1,1,1,1,0.7605,60,7.0996,77.69,1,1,756989.14,0.0395,0,1,5.61,5,3,3,1,1,1,1,0,9,0.1187,0.0516,5,1,1,1,1
NCRB-SYNTH-103278,High Court,Sec 439 CrPC (Regular Bail),4,22,86,1,0,1,1,1,1,1,1,1,1,0.7426,1,181,1,0,1,1,1,0,1,0.6873,74,6.3062,254.27,1,1,982319.43,0.1883,1,1,8.35,4,2,10,1,1,1,1,0,17,0.0957,0.0331,4,1,1,0,1
NCRB-SYNTH-103281,Trial Court,Sec 439 CrPC (Regular Bail),1,11,78,1,0,1,1,1,0,1,1,1,1,0.7966,1,23,1,1,1,1,0,1,1,0.7054,61,5.4296,177.21,1,1,1356483.78,0.0198,1,1,8.4,3,1,2,1,1,1,1,0,11,0.1178,0.0474,5,1,1,1,1
NCRB-SYNTH-103285,Trial Court,Sec 439 CrPC (Regular Bail),2,4,90,1,0,1,1,1,0,1,1,1,1,0.6071,1,155,1,0,1,0,1,1,1,0.6114,58,6.5862,279.6,1,1,762325.7,0.1961,0,1,11.8,3,3,2,1,1,0,0,1,8,0.1273,0.0579,5,1,1,0,1
NCRB-SYNTH-103287,High Court,Writ Petition (Detention),1,11,92,1,0,1,1,1,0,1,1,1,1,0.6618,1,81,0,0,1,1,1,1,1,0.6603,50,5.992,116.97,1,1,2366988.95,0.0546,0,1,15.44,5,4,10,0,1,1,1,0,27,0.1126,0.0338,4,1,1,1,0
NCRB-SYNTH-103293,High Court,Sec 439 CrPC (Regular Bail),4,10,18,0,0,1,1,1,0,1,1,1,1,0.6668,1,136,1,1,1,1,1,0,1,0.6916,112,4.7406,143.08,1,1,789222.57,0.1683,0,1,37.08,4,2,8,0,1,1,1,0,3,0.4944,0.3567,1,1,1,0,1
NCRB-SYNTH-103294,Trial Court,Sec 482 CrPC (Quashing),1,9,51,1,0,1,1,1,1,1,1,1,1,0.4248,0,96,0,0,1,0,1,1,1,0.6042,105,5.9338,271.63,1,1,2129832.34,0.1666,0,1,8.5,2,3,9,1,1,0,0,1,11,0.0955,0.0384,5,1,1,0,0
NCRB-SYNTH-103299,High Court,Sec 439 CrPC (Regular Bail),2,22,28,1,0,1,1,1,0,1,1,1,1,0.7565,1,30,1,1,1,1,0,1,1,0.6177,56,7.832,69.3,1,1,2795680.83,0.1458,0,1,18.08,5,2,3,1,1,1,1,0,35,0.1345,0.0375,4,1,1,0,1
NCRB-SYNTH-103301,High Court,Sec 439 CrPC (Regular Bail),1,17,66,0,0,1,1,1,0,1,1,1,1,0.6918,0,163,1,1,1,0,0,1,1,0.7742,139,7.6683,251.48,1,1,1924552.0,0.0356,0,1,3.83,1,4,2,0,1,1,1,0,11,0.1489,0.0599,3,1,1,0,1
NCRB-SYNTH-103306,High Court,Sec 439 CrPC (Regular Bail),7,24,62,1,0,1,1,1,0,1,1,1,1,0.78,0,77,1,1,1,1,1,1,1,0.7077,99,3.8259,160.65,1,1,408157.87,0.1155,0,1,1.83,2,1,5,1,1,0,0,1,41,0.0904,0.0242,4,1,1,1,1
NCRB-SYNTH-103307,High Court,Trial Judgment,4,10,38,1,0,1,1,1,0,1,1,1,1,0.8073,0,136,1,1,1,1,1,0,1,0.7708,138,7.3472,192.24,1,1,3490874.13,0.0855,1,1,5.5,5,3,5,0,1,1,1,0,4,0.2074,0.1288,3,1,1,0,1
NCRB-SYNTH-103309,Supreme Court,Writ Petition (Detention),7,19,35,1,0,1,1,1,1,1,1,1,1,0.9797,1,97,1,0,1,1,1,1,1,0.8677,120,3.5037,227.27,1,1,3460067.18,0.1524,1,1,3.28,5,2,2,0,1,1,1,0,38,0.124,0.0338,4,1,1,0,1
NCRB-SYNTH-103310,High Court,Writ Petition (Detention),1,21,52,1,0,1,1,1,1,1,1,1,1,0.6712,0,153,1,0,1,1,0,1,1,0.9708,51,5.6986,295.68,1,1,3962469.17,0.1684,0,1,14.74,2,4,9,1,1,1,1,0,32,0.2443,0.0699,4,1,1,1,1
NCRB-SYNTH-103317,High Court,Sec 439 CrPC (Regular Bail),1,14,33,1,0,1,1,1,0,1,1,1,1,0.5324,1,62,1,0,1,0,1,0,1,0.6654,110,5.8301,255.14,1,1,2405107.48,0.0216,1,1,4.17,2,2,5,0,1,1,1,0,5,0.1073,0.0599,5,1,1,0,0
NCRB-SYNTH-103321,Trial Court,Sec 439 CrPC (Regular Bail),1,21,52,1,0,1,1,1,1,1,1,1,1,0.6594,0,103,0,0,1,1,1,0,1,0.5688,68,7.5551,193.18,1,1,554562.51,0.0727,1,1,6.96,4,1,6,1,1,1,1,0,5,0.198,0.1105,5,1,1,0,0
NCRB-SYNTH-103328,Trial Court,Sec 482 CrPC (Quashing),2,13,70,1,0,1,1,1,0,1,1,1,1,0.7838,1,52,1,1,1,1,0,0,1,0.5729,124,7.5294,199.16,1,1,4017024.02,0.0594,1,1,13.45,3,3,3,0,1,1,1,0,45,0.1767,0.0462,4,1,1,0,1
NCRB-SYNTH-103345,High Court,Sec 439 CrPC (Regular Bail),1,9,22,1,0,1,1,1,1,1,1,1,1,0.791,0,63,1,1,1,1,0,1,1,0.7191,57,6.8262,214.2,1,1,3199655.51,0.1443,0,1,16.79,3,4,7,1,1,1,1,0,7,0.0536,0.0258,3,1,1,0,1
NCRB-SYNTH-103352,High Court,Writ Petition (Detention),1,17,77,1,0,1,1,1,0,1,1,1,1,0.4649,1,139,0,0,1,0,1,0,1,0.656,148,6.1429,166.33,1,1,3159351.06,0.0834,1,1,2.45,4,4,3,1,1,1,1,0,18,0.1205,0.0409,4,1,1,0,0
NCRB-SYNTH-103354,Trial Court,Sec 482 CrPC (Quashing),1,13,33,1,0,1,1,1,0,1,1,1,1,0.6328,1,94,1,0,1,1,1,0,1,0.6601,142,7.7772,146.02,1,1,530066.37,0.1893,0,1,6.22,4,1,5,1,1,1,1,0,11,0.0691,0.0278,3,1,1,1,1
NCRB-SYNTH-103358,Supreme Court,Sec 439 CrPC (Regular Bail),1,25,60,1,0,1,1,1,0,1,1,1,1,0.8784,1,172,0,0,1,1,1,1,1,0.737,93,3.8374,137.11,1,1,899009.43,0.176,1,1,44.18,3,2,5,1,1,1,1,0,36,0.1155,0.032,4,1,1,1,0
NCRB-SYNTH-103381,Trial Court,Sec 439 CrPC (Regular Bail),27,10,65,1,0,1,1,1,0,1,1,1,1,0.5274,1,100,1,1,1,1,1,0,1,0.568,67,3.1639,151.61,1,1,3162368.48,0.1124,1,1,6.92,4,4,3,1,1,1,1,0,8,0.2304,0.1049,5,1,1,0,0
NCRB-SYNTH-103382,High Court,Sec 439 CrPC (Regular Bail),2,21,90,0,0,1,1,1,0,1,1,1,1,0.8639,1,173,1,1,1,0,1,1,1,0.5499,144,4.6571,72.07,1,1,4382479.58,0.0293,1,1,5.94,5,4,6,1,1,1,1,0,9,0.1522,0.0661,5,1,1,1,1
NCRB-SYNTH-103411,Trial Court,Sec 439 CrPC (Regular Bail),2,11,5,1,0,1,1,1,0,1,1,1,1,0.7605,1,158,1,0,1,1,1,1,1,0.6365,102,4.2855,50.93,1,1,1150481.89,0.1948,1,1,1.53,4,4,10,1,1,1,1,0,8,0.1211,0.0551,5,1,1,1,1
NCRB-SYNTH-103414,Trial Court,Sec 439 CrPC (Regular Bail),1,25,99,1,0,1,1,1,0,1,1,1,1,0.8446,1,147,0,0,1,1,1,1,1,0.4861,64,7.1529,50.62,1,1,946645.67,0.1849,1,1,29.74,1,3,9,1,1,1,1,0,1,0.5314,0.7666,1,1,1,0,0
NCRB-SYNTH-103434,High Court,Sec 439 CrPC (Regular Bail),2,13,66,1,0,1,1,1,0,1,1,1,1,0.9185,1,21,1,1,1,1,1,1,1,0.6113,100,6.021,211.04,1,1,1171205.06,0.0687,1,1,24.21,1,4,5,1,1,1,1,0,4,0.1891,0.1175,5,1,1,0,1
NCRB-SYNTH-103436,Trial Court,Sec 439 CrPC (Regular Bail),27,24,46,0,0,1,1,1,1,1,1,1,1,0.5267,1,58,1,1,1,1,0,0,1,0.829,76,3.1258,50.44,1,1,1829270.3,0.141,1,1,24.12,5,1,4,0,1,0,0,1,6,0.235,0.1208,3,1,1,0,0
NCRB-SYNTH-103442,Trial Court,Sec 439 CrPC (Regular Bail),1,10,31,1,0,1,1,1,0,1,1,1,1,0.4593,1,103,1,1,1,1,0,0,1,0.5916,40,4.8646,243.4,1,1,3024910.58,0.0835,0,1,12.59,4,3,10,1,1,1,1,0,20,0.2225,0.0731,4,1,1,0,0
NCRB-SYNTH-103451,High Court,Sec 482 CrPC (Quashing),2,17,86,1,0,1,1,1,0,1,1,1,1,0.6172,1,21,1,1,1,0,0,1,1,0.5539,145,4.9526,114.8,1,1,1599961.04,0.0145,1,1,2.82,1,2,8,1,1,1,1,0,13,0.1371,0.052,4,1,1,1,1
NCRB-SYNTH-103454,High Court,Sec 439 CrPC (Regular Bail),2,13,89,1,0,1,1,1,0,1,1,1,1,0.9199,1,75,1,1,1,0,0,1,1,0.741,104,6.1139,230.9,1,1,3833461.52,0.1221,1,1,13.28,5,3,9,0,1,1,1,0,32,0.1006,0.0288,4,1,1,1,1
NCRB-SYNTH-103457,High Court,Trial Judgment,1,20,69,1,0,1,1,1,0,1,1,1,1,0.5775,1,86,1,0,1,1,1,1,1,0.5869,57,4.1142,131.93,1,1,2320888.62,0.0839,1,1,11.13,1,1,10,1,1,1,1,0,8,0.123,0.056,3,1,1,1,0
NCRB-SYNTH-103467,Supreme Court,Trial Judgment,2,6,36,1,0,1,1,1,0,1,1,1,1,0.8092,1,99,1,0,1,1,1,1,1,0.3861,78,3.7903,65.91,1,1,2167044.75,0.0494,0,1,17.22,5,2,7,1,1,1,1,0,23,0.2272,0.0715,4,1,1,0,1
NCRB-SYNTH-103478,Trial Court,Sec 482 CrPC (Quashing),1,23,40,1,0,1,1,1,0,1,1,1,1,0.6534,1,50,1,1,1,1,0,1,1,0.7726,110,3.4292,284.48,1,1,503285.46,0.1483,1,1,3.02,3,2,10,1,1,1,1,0,4,0.2167,0.1346,3,1,1,0,1
NCRB-SYNTH-103479,High Court,Writ Petition (Detention),1,19,100,1,0,1,1,1,0,1,1,1,1,0.4863,1,31,0,0,1,1,0,0,1,0.5884,105,4.0123,192.74,1,1,4133721.49,0.1797,0,1,3.87,5,2,4,1,1,1,1,0,15,0.2578,0.093,4,1,1,0,0
NCRB-SYNTH-103480,High Court,Sec 482 CrPC (Quashing),7,19,13,1,0,1,1,1,0,1,1,1,1,0.7097,0,31,1,1,1,0,1,1,1,0.7423,94,7.8017,148.2,1,1,3984332.8,0.0952,0,1,2.07,5,3,3,1,1,1,1,0,12,0.1706,0.0665,4,1,1,0,1
NCRB-SYNTH-103487,Supreme Court,Sec 439 CrPC (Regular Bail),1,19,39,1,0,1,1,1,0,1,1,1,1,0.4495,1,108,1,1,1,1,0,1,1,0.6894,72,3.7622,217.62,1,1,1583741.83,0.1001,1,1,4.97,3,1,3,1,1,1,1,0,34,0.2486,0.0699,4,1,1,1,0
NCRB-SYNTH-103490,High Court,Sec 439 CrPC (Regular Bail),2,11,29,1,0,1,1,1,0,1,1,1,1,0.8892,1,75,0,0,1,1,1,1,1,0.8165,134,4.6903,176.12,1,1,3994469.36,0.101,0,1,16.56,2,4,10,1,1,1,1,0,9,0.2221,0.0965,5,1,1,0,0
NCRB-SYNTH-103508,High Court,Sec 439 CrPC (Regular Bail),4,5,17,1,0,1,1,1,0,1,1,1,1,0.7145,0,51,1,1,1,1,0,1,1,0.6996,132,4.9955,88.58,1,1,4296234.05,0.1967,1,1,1.82,2,1,6,1,1,1,1,0,45,0.2824,0.0738,4,1,1,0,1
NCRB-SYNTH-103518,High Court,Sec 439 CrPC (Regular Bail),1,10,36,1,0,1,1,1,1,1,1,1,1,0.7196,0,63,1,1,1,0,1,0,1,0.7298,133,6.4878,137.4,1,1,3886609.25,0.1538,0,1,1.72,4,3,5,1,1,1,1,0,14,0.1369,0.0506,4,1,1,0,1
NCRB-SYNTH-103522,Trial Court,Sec 439 CrPC (Regular Bail),21,8,34,1,0,1,1,1,0,1,1,1,1,0.8472,0,26,1,1,1,1,0,1,1,0.5952,116,4.8932,138.66,1,1,928143.26,0.139,1,1,2.23,5,2,3,1,1,1,1,0,1,0.6405,0.924,1,1,1,1,1
NCRB-SYNTH-103530,Trial Court,Sec 439 CrPC (Regular Bail),1,23,60,1,0,1,1,1,0,1,1,1,1,0.8837,1,80,1,1,1,1,0,1,1,0.4378,136,7.3969,188.22,1,1,3749259.19,0.1384,1,1,8.46,3,4,4,0,1,0,0,1,9,0.0928,0.0403,5,1,1,0,1
NCRB-SYNTH-103538,High Court,Writ Petition (Detention),4,8,75,1,0,1,1,1,1,1,1,1,1,0.532,1,153,1,1,1,1,1,0,1,0.6598,107,6.8269,167.19,1,1,950604.97,0.1536,1,1,7.13,3,3,7,0,1,1,1,0,11,0.0669,0.0269,5,1,1,1,0
NCRB-SYNTH-103548,High Court,Writ Petition (Detention),2,8,12,1,0,1,1,1,0,1,1,1,1,0.4989,1,42,1,1,1,0,1,1,1,0.628,102,6.1376,247.91,1,1,4100652.97,0.0722,1,1,3.83,3,1,9,1,1,1,1,0,11,0.0925,0.0372,3,1,1,0,0
NCRB-SYNTH-103554,High Court,Sec 439 CrPC (Regular Bail),2,4,52,1,0,1,1,1,1,1,1,1,1,0.867,1,84,1,1,1,1,0,1,1,0.4546,129,5.6954,53.1,1,1,3747389.25,0.0627,0,1,2.65,5,2,6,0,1,1,1,0,3,0.6807,0.491,1,1,1,0,1
NCRB-SYNTH-103558,High Court,Writ Petition (Detention),1,21,62,1,1,1,1,1,0,1,1,1,1,0.4861,0,32,1,1,1,1,1,0,1,0.7452,65,7.6827,171.67,1,1,3988736.05,0.0519,0,1,10.43,3,2,10,1,1,0,0,1,6,0.2334,0.12,5,1,1,0,0
NCRB-SYNTH-103560,Trial Court,Sec 439 CrPC (Regular Bail),15,15,36,0,0,1,1,1,0,1,1,1,1,0.3967,1,164,1,1,1,1,1,1,1,0.9552,98,4.3827,277.94,1,1,3200169.73,0.0604,1,1,15.81,3,4,10,1,1,1,1,0,31,0.1272,0.0367,4,1,1,0,0
NCRB-SYNTH-103564,High Court,Sec 439 CrPC (Regular Bail),1,13,73,1,0,1,1,1,0,1,1,1,1,0.411,1,16,1,1,1,1,1,1,1,0.5851,92,6.471,261.84,1,1,2908788.83,0.1057,0,1,7.01,5,1,8,1,1,1,1,0,27,0.1577,0.0473,4,1,1,1,0
NCRB-SYNTH-103565,Trial Court,Sec 482 CrPC (Quashing),1,20,11,1,0,1,1,1,1,1,1,1,1,0.5748,1,110,1,0,1,1,0,1,1,0.64,46,4.3111,81.15,1,1,375201.64,0.1955,1,1,6.48,1,1,10,1,1,1,1,0,4,0.1862,0.1157,5,1,1,0,0
NCRB-SYNTH-103572,Trial Court,Sec 439 CrPC (Regular Bail),1,12,66,1,0,1,1,1,0,1,1,1,1,0.6686,1,85,1,1,1,1,1,0,1,0.7152,72,6.0464,154.47,1,1,1552424.62,0.1533,1,1,28.72,1,4,4,1,1,1,1,0,8,0.2011,0.0915,5,1,1,1,1
NCRB-SYNTH-103576,Trial Court,Sec 439 CrPC (Regular Bail),1,6,96,1,0,1,1,1,1,1,1,1,1,0.93,1,103,1,0,1,1,1,0,1,0.7923,107,6.7967,56.6,1,1,4075595.4,0.0056,1,1,18.03,1,1,2,1,1,1,1,0,8,0.2007,0.0914,5,1,1,0,1
NCRB-SYNTH-103578,High Court,Writ Petition (Detention),1,5,33,1,0,1,1,1,0,1,1,1,1,0.4898,0,84,1,0,1,0,1,1,1,0.8215,78,3.9583,94.25,1,1,2717383.55,0.0897,0,1,6.86,2,4,4,1,1,1,1,0,11,0.2028,0.0816,5,1,1,0,0
NCRB-SYNTH-103580,Trial Court,Sec 439 CrPC (Regular Bail),15,18,42,1,0,1,1,1,0,1,1,1,1,0.6853,1,93,1,0,1,1,1,1,1,0.4832,93,4.4805,60.42,1,1,4170651.24,0.0542,0,1,1.32,2,4,4,1,1,1,1,0,24,0.1421,0.0441,4,1,1,1,1
NCRB-SYNTH-103581,High Court,Sec 439 CrPC (Regular Bail),1,23,46,1,0,1,1,1,1,1,1,1,1,0.6542,1,109,0,1,1,0,1,0,1,0.7313,131,5.3532,85.94,1,1,776503.63,0.0801,1,1,2.64,3,3,5,1,1,0,0,1,6,0.0543,0.0279,3,1,1,0,0
NCRB-SYNTH-103583,Trial Court,Sec 439 CrPC (Regular Bail),2,20,41,1,0,1,1,1,1,1,1,1,1,0.585,0,176,1,0,1,1,0,0,1,0.6254,41,5.592,261.77,1,1,374821.16,0.1188,1,1,10.9,2,2,6,1,1,1,1,0,14,0.1083,0.04,4,1,1,0,0
NCRB-SYNTH-103585,Trial Court,Sec 439 CrPC (Regular Bail),1,3,21,0,0,1,1,1,0,1,1,1,1,0.5428,1,160,1,1,1,1,1,1,1,0.6698,76,5.2645,124.87,1,1,4414413.02,0.1737,1,1,12.25,4,1,2,1,1,1,1,0,11,0.1111,0.0447,5,1,1,1,0
NCRB-SYNTH-103587,High Court,Trial Judgment,2,21,37,1,0,1,1,1,1,1,1,1,1,0.932,1,19,1,1,1,1,0,1,1,0.7902,108,7.7634,237.5,1,1,3749532.5,0.1368,1,1,8.34,2,3,4,1,1,1,1,0,8,0.1571,0.0715,5,1,1,0,1
NCRB-SYNTH-103595,High Court,Sec 439 CrPC (Regular Bail),4,13,41,0,0,1,1,1,1,1,1,1,1,0.7302,1,102,1,1,1,0,0,1,1,0.7029,123,4.0212,77.25,1,1,3224071.61,0.0896,0,1,12.06,2,3,5,1,1,1,1,0,10,0.223,0.093,5,1,1,0,1
NCRB-SYNTH-103599,Trial Court,Sec 482 CrPC (Quashing),2,16,37,1,0,1,1,1,0,1,1,1,1,0.5165,1,160,1,1,1,1,0,0,1,0.5853,97,7.4782,61.03,1,1,3429235.36,0.0353,0,1,10.67,3,2,10,1,1,1,1,0,3,0.6882,0.4964,1,1,1,1,0
NCRB-SYNTH-103613,Trial Court,Sec 439 CrPC (Regular Bail),1,9,91,1,0,1,1,1,0,1,1,1,1,0.7289,0,76,1,1,1,1,0,1,1,0.732,137,2.976,145.83,1,1,816995.09,0.1512,0,1,2.1,4,1,8,1,1,1,1,0,11,0.083,0.0334,3,1,1,0,1
NCRB-SYNTH-103615,High Court,Sec 439 CrPC (Regular Bail),1,7,62,1,0,1,1,1,1,1,1,1,1,0.6347,1,24,1,1,1,0,0,0,1,0.8687,84,6.0811,65.76,1,1,908245.67,0.18,1,1,13.79,3,3,8,0,1,1,1,0,28,0.174,0.0517,4,1,1,0,1
NCRB-SYNTH-103633,Trial Court,Sec 439 CrPC (Regular Bail),2,17,20,1,0,1,1,1,0,1,1,1,1,0.8533,1,70,0,0,1,0,1,1,1,0.663,92,7.4385,93.1,1,1,3811975.22,0.057,0,1,1.52,1,4,9,1,1,1,1,0,4,0.0911,0.0566,3,1,1,0,0
NCRB-SYNTH-103634,High Court,Sec 439 CrPC (Regular Bail),1,25,100,1,0,1,1,1,0,1,1,1,1,0.9724,1,82,0,0,1,1,1,0,1,0.6617,141,4.6971,273.42,1,1,907969.52,0.1594,1,1,7.65,2,2,2,1,1,1,1,0,3,0.9268,0.6685,1,1,1,0,0
NCRB-SYNTH-103636,Trial Court,Sec 482 CrPC (Quashing),1,6,66,1,0,1,1,1,1,1,1,1,1,0.4488,1,63,1,1,1,1,0,1,1,0.5628,149,6.659,115.36,1,1,1481917.14,0.0333,0,1,1.35,2,1,10,1,1,1,1,0,10,0.1105,0.0461,5,1,1,0,0
NCRB-SYNTH-103643,Trial Court,Sec 439 CrPC (Regular Bail),1,25,53,1,0,1,1,1,1,1,1,1,1,0.8195,1,32,1,1,1,1,0,1,1,0.851,132,2.929,59.61,1,1,906074.08,0.0509,0,1,13.98,2,1,10,1,1,0,0,1,7,0.112,0.0539,5,1,1,0,1
NCRB-SYNTH-103644,Trial Court,Sec 439 CrPC (Regular Bail),2,23,93,1,0,1,1,1,1,1,1,1,1,0.6032,1,56,1,1,1,1,1,0,1,0.6652,68,6.7412,214.9,1,1,974827.71,0.0456,1,1,1.78,2,3,9,1,1,0,0,1,4,0.1081,0.0672,3,1,1,0,1
NCRB-SYNTH-103647,High Court,Sec 439 CrPC (Regular Bail),2,13,20,1,0,1,1,1,1,1,1,1,1,0.9501,0,138,1,1,1,1,1,1,1,0.5459,56,3.1222,135.66,1,1,1466750.94,0.0258,0,1,2.14,2,3,6,0,1,1,1,0,7,0.0523,0.0251,3,1,1,0,1
NCRB-SYNTH-103648,High Court,Sec 439 CrPC (Regular Bail),7,25,85,1,0,1,1,1,0,1,1,1,1,0.7677,1,74,1,1,1,1,1,1,1,0.7829,88,5.8432,102.65,1,1,2616875.99,0.1935,0,1,5.35,5,1,2,0,1,1,1,0,8,0.0633,0.0288,3,1,1,0,1
NCRB-SYNTH-103652,Trial Court,Sec 439 CrPC (Regular Bail),2,24,51,1,0,1,1,1,0,1,1,1,1,0.7367,0,121,1,0,1,1,0,1,1,0.8009,84,6.5718,180.26,1,1,3179000.34,0.0292,0,1,4.34,2,2,4,1,1,1,1,0,43,0.1482,0.0392,4,1,1,0,1
NCRB-SYNTH-103658,High Court,Sec 439 CrPC (Regular Bail),1,10,76,1,0,1,1,1,1,1,1,1,1,0.4086,1,141,1,1,1,1,1,1,1,0.6555,149,4.8547,73.77,1,1,2268621.75,0.005,1,1,4.14,4,4,6,1,1,1,1,0,8,0.2263,0.103,5,1,1,1,0
NCRB-SYNTH-103661,High Court,Sec 439 CrPC (Regular Bail),4,3,45,1,0,1,1,1,0,1,1,1,1,0.9292,1,118,0,0,1,1,1,1,1,0.7146,113,7.5354,84.82,1,1,652868.17,0.1098,0,1,10.38,4,3,9,0,1,0,0,1,11,0.1111,0.0447,3,1,1,1,0
NCRB-SYNTH-103662,High Court,Sec 439 CrPC (Regular Bail),1,23,15,1,0,1,1,1,0,1,1,1,1,0.5199,0,36,1,1,1,0,1,0,1,0.5038,97,5.0658,124.97,1,1,791422.06,0.1292,1,1,13.84,2,4,9,1,1,1,1,0,43,0.2597,0.0686,4,1,1,0,0
NCRB-SYNTH-103666,Trial Court,Sec 439 CrPC (Regular Bail),1,18,95,1,0,1,1,1,0,1,1,1,1,0.7395,0,67,1,1,1,1,0,1,1,0.7443,75,5.8881,267.84,1,1,345411.6,0.1966,1,1,33.84,5,3,5,0,1,0,0,1,35,0.2116,0.0591,4,1,1,0,1
NCRB-SYNTH-103670,Trial Court,Trial Judgment,2,14,58,1,0,1,1,1,0,1,1,1,1,0.5602,0,27,1,0,1,1,1,0,1,0.6683,135,3.4542,176.33,1,1,2441263.54,0.1182,1,1,7.62,4,2,7,1,1,1,1,0,15,0.2397,0.0865,4,1,1,0,0
NCRB-SYNTH-103678,High Court,Sec 439 CrPC (Regular Bail),7,18,11,1,0,1,1,1,1,1,1,1,1,0.652,0,86,0,0,1,1,1,1,1,0.8805,77,6.8253,237.92,1,1,2178252.39,0.0358,1,1,17.38,4,3,6,0,1,0,0,1,43,0.2184,0.0577,4,1,1,1,0
NCRB-SYNTH-103680,Trial Court,Sec 482 CrPC (Quashing),2,21,98,1,0,1,1,1,0,1,1,1,1,0.9622,1,178,1,1,1,1,1,0,1,0.4929,89,7.5551,131.37,1,1,2205466.95,0.0744,1,1,7.84,4,4,6,1,1,1,1,0,1,0.4306,0.6212,1,1,1,0,1
NCRB-SYNTH-103688,Trial Court,Sec 439 CrPC (Regular Bail),1,6,40,1,0,1,1,1,0,1,1,1,1,0.6032,1,10,1,0,1,1,0,0,1,0.6805,112,7.7519,134.77,1,1,859802.86,0.0252,1,1,9.02,1,2,2,1,1,0,0,1,11,0.1136,0.0457,5,1,1,0,1
NCRB-SYNTH-103692,High Court,Sec 439 CrPC (Regular Bail),1,14,67,1,0,1,1,1,1,1,1,1,1,0.8147,1,118,1,1,1,1,1,0,1,0.6705,60,5.4133,260.35,1,1,2458308.66,0.0135,0,1,8.24,1,4,2,1,1,1,1,0,11,0.0841,0.0338,3,1,1,0,1
NCRB-SYNTH-103719,Trial Court,Sec 439 CrPC (Regular Bail),1,14,30,1,0,1,1,1,1,1,1,1,1,0.4882,0,165,1,1,1,1,0,0,1,0.5313,60,6.2181,145.79,1,1,4427110.88,0.0939,0,1,24.41,5,3,10,1,1,1,1,0,37,0.3134,0.0862,4,1,1,0,0
NCRB-SYNTH-103725,Trial Court,Sec 439 CrPC (Regular Bail),1,5,57,1,0,1,1,1,0,1,1,1,1,0.9062,1,77,1,1,1,1,1,0,1,0.5195,117,3.9595,198.43,1,1,3580823.4,0.1407,1,1,3.1,2,4,8,0,1,0,0,1,41,0.1394,0.0373,4,1,1,0,1
NCRB-SYNTH-103733,Trial Court,Sec 482 CrPC (Quashing),1,11,47,1,0,1,1,1,1,1,1,1,1,0.4667,1,87,1,0,1,1,1,1,1,0.8106,149,4.9891,72.85,1,1,2615760.91,0.1453,0,1,8.99,1,4,10,0,1,1,1,0,5,0.0767,0.0428,5,1,1,0,0
NCRB-SYNTH-103734,High Court,Writ Petition (Detention),2,24,21,1,0,1,1,1,0,1,1,1,1,0.8833,1,157,1,1,1,1,0,1,1,0.5098,140,3.1246,200.41,1,1,511723.96,0.1374,1,1,3.85,2,2,8,1,1,1,1,0,43,0.2536,0.067,4,1,1,0,1
NCRB-SYNTH-103736,Trial Court,Sec 439 CrPC (Regular Bail),4,10,31,1,0,1,1,1,0,1,1,1,1,0.6141,0,67,1,1,1,1,0,1,1,0.5909,54,5.5764,199.96,1,1,4134856.88,0.1752,1,1,10.34,2,4,7,1,1,0,0,1,10,0.1431,0.0597,5,1,1,0,1
NCRB-SYNTH-103748,High Court,Sec 439 CrPC (Regular Bail),1,23,94,1,0,1,1,1,0,1,1,1,1,0.8163,1,180,1,0,1,1,0,1,1,0.6633,94,3.8583,55.96,1,1,2567562.41,0.0327,1,1,5.16,2,2,8,0,1,0,0,1,29,0.3036,0.0893,4,1,1,0,1
NCRB-SYNTH-103749,High Court,Writ Petition (Detention),45,14,99,1,0,1,1,1,1,1,1,1,1,0.4933,1,95,0,0,1,1,1,1,1,0.5991,150,7.928,144.99,1,1,4194231.65,0.0432,1,1,5.34,5,2,5,1,1,1,1,0,37,0.2083,0.0573,4,1,1,0,0
NCRB-SYNTH-103759,High Court,Sec 439 CrPC (Regular Bail),2,23,57,0,0,1,1,1,0,1,1,1,1,0.7124,1,139,1,0,1,0,0,1,1,0.6895,88,7.9516,175.15,1,1,2954597.01,0.1867,1,1,2.57,2,1,10,0,1,1,1,0,9,0.0626,0.0272,5,1,1,0,1
NCRB-SYNTH-103763,Trial Court,Sec 439 CrPC (Regular Bail),1,6,33,1,0,1,1,1,0,1,1,1,1,0.4826,0,124,1,0,1,1,1,0,1,0.6881,43,3.9498,162.68,1,1,3624966.39,0.0891,1,1,6.54,4,3,6,1,1,1,1,0,34,0.1667,0.0469,4,1,1,1,0
NCRB-SYNTH-103765,Trial Court,Trial Judgment,1,20,42,1,0,1,1,1,0,1,1,1,1,0.5616,1,156,0,0,1,1,0,0,1,0.8011,49,6.8552,181.97,1,1,1686145.18,0.0361,0,1,11.5,2,2,8,0,1,1,1,0,3,0.7249,0.5229,1,1,1,0,0
NCRB-SYNTH-103768,High Court,Sec 482 CrPC (Quashing),4,5,62,0,0,1,1,1,1,1,1,1,1,0.6422,0,50,1,1,1,1,0,1,1,0.7682,96,7.1495,73.84,1,1,3805596.92,0.177,1,1,6.73,5,3,3,1,1,1,1,0,8,0.1507,0.0686,3,1,1,0,1
NCRB-SYNTH-103771,Trial Court,Writ Petition (Detention),1,14,19,1,0,1,1,1,1,1,1,1,1,0.6904,0,96,1,1,1,1,0,1,1,0.5385,50,3.4784,293.86,1,1,2633159.9,0.1617,1,1,30.61,5,4,3,1,1,1,1,0,11,0.0747,0.0301,3,1,1,0,1
NCRB-SYNTH-103781,High Court,Sec 439 CrPC (Regular Bail),21,21,61,1,0,1,1,1,0,1,1,1,1,0.5289,1,126,0,0,1,1,1,1,1,0.6163,97,4.939,226.04,1,1,1892726.51,0.1368,1,1,18.23,2,1,10,1,1,1,1,0,10,0.0933,0.0389,5,1,1,0,0
NCRB-SYNTH-103788,Trial Court,Sec 482 CrPC (Quashing),2,18,62,1,0,1,1,1,0,1,1,1,1,0.4359,1,104,1,1,1,1,0,0,1,0.8254,47,7.1475,177.25,1,1,1650579.99,0.0297,1,1,3.56,5,1,10,1,1,0,0,1,34,0.3186,0.0896,4,1,1,1,0
NCRB-SYNTH-103797,High Court,Trial Judgment,2,17,57,1,0,1,1,1,0,1,1,1,1,0.486,1,161,1,0,1,1,1,0,1,0.6342,45,7.1095,97.28,1,1,1807687.16,0.0062,1,1,7.73,1,3,7,1,1,1,1,0,3,0.8467,0.6108,1,1,1,1,0
NCRB-SYNTH-103807,Trial Court,Writ Petition (Detention),7,8,37,1,0,1,1,1,0,1,1,1,1,0.9243,1,181,1,1,1,0,1,1,1,0.8315,110,7.4495,179.68,1,1,2697664.75,0.1364,1,1,3.2,1,3,2,1,1,1,1,0,11,0.0677,0.0272,5,1,1,0,1
NCRB-SYNTH-103812,High Court,Sec 439 CrPC (Regular Bail),1,4,50,1,0,1,1,1,0,1,1,1,1,0.6734,1,70,1,1,1,1,1,1,1,0.3906,77,4.5403,196.68,1,1,627081.02,0.0851,0,1,25.51,2,4,8,1,1,1,1,0,31,0.1919,0.0554,4,1,1,0,1
NCRB-SYNTH-103817,Trial Court,Trial Judgment,21,15,58,0,0,1,1,1,0,1,1,1,1,0.8576,1,62,1,1,1,1,1,0,1,0.6817,92,4.8647,97.79,1,1,3369929.74,0.1382,1,1,1.91,5,1,5,0,1,1,1,0,35,0.137,0.0382,4,1,1,0,1
NCRB-SYNTH-103820,Trial Court,Sec 439 CrPC (Regular Bail),2,19,11,0,0,1,1,1,1,1,1,1,1,0.4519,1,77,0,0,1,1,1,1,1,0.5352,132,7.8788,226.65,1,1,2863299.52,0.0992,1,1,5.51,1,4,5,1,1,1,1,0,8,0.1949,0.0887,5,1,1,0,0
NCRB-SYNTH-103821,High Court,Writ Petition (Detention),2,8,33,1,0,1,1,1,0,1,1,1,1,0.7578,1,165,0,0,1,1,1,1,1,0.8361,130,3.7357,257.53,1,1,821540.04,0.0857,1,1,6.07,2,2,10,1,1,1,1,0,33,0.0906,0.0257,4,1,1,1,0
NCRB-SYNTH-103822,High Court,Sec 439 CrPC (Regular Bail),1,16,13,1,0,1,1,1,0,1,1,1,1,0.6343,1,116,1,1,1,1,1,1,1,0.7544,131,6.8422,79.57,1,1,1610642.13,0.0691,1,1,10.54,4,3,8,1,1,1,1,0,42,0.3179,0.0845,4,1,1,1,1
NCRB-SYNTH-103827,High Court,Sec 439 CrPC (Regular Bail),2,4,75,1,0,1,1,1,0,1,1,1,1,0.5034,1,125,1,0,1,1,1,0,1,0.7766,41,6.6569,95.61,1,1,2953322.88,0.1721,0,1,11.32,2,2,3,1,1,1,1,0,7,0.177,0.0851,5,1,1,0,0
NCRB-SYNTH-103828,High Court,Sec 482 CrPC (Quashing),1,16,82,0,0,1,1,1,0,1,1,1,1,0.5697,1,101,1,1,1,1,1,1,1,0.7496,47,4.8623,91.33,1,1,2298863.62,0.1034,0,1,30.84,2,3,6,1,1,0,0,1,1,0.8608,1.2418,1,1,1,1,0
NCRB-SYNTH-103831,High Court,Sec 439 CrPC (Regular Bail),4,21,92,1,0,1,1,1,1,1,1,1,1,0.7107,1,19,1,1,1,1,1,0,1,0.7152,93,7.0792,60.33,1,1,1473153.09,0.0002,0,1,13.62,1,2,7,1,1,1,1,0,10,0.1733,0.0723,5,1,1,0,1
NCRB-SYNTH-103834,Trial Court,Sec 439 CrPC (Regular Bail),15,23,59,1,0,1,1,1,1,1,1,1,1,0.5533,1,177,1,1,1,0,1,1,1,0.761,79,6.7808,73.01,1,1,4109753.45,0.0315,1,1,6.53,4,2,9,1,1,1,1,0,6,0.1408,0.0723,5,1,1,0,0
NCRB-SYNTH-103835,Trial Court,Sec 439 CrPC (Regular Bail),45,14,69,1,0,1,1,1,0,1,1,1,1,0.6303,1,119,1,0,1,0,1,0,1,0.77,127,2.9003,243.08,1,1,1851111.1,0.0996,1,1,40.52,3,3,5,1,1,0,0,1,6,0.0884,0.0455,3,1,1,0,1
NCRB-SYNTH-103841,High Court,Writ Petition (Detention),21,5,88,1,0,1,1,1,0,1,1,1,1,0.6781,1,49,1,0,1,0,0,1,1,0.8705,74,5.748,293.09,1,1,385937.41,0.0252,1,1,3.79,1,2,7,1,1,1,1,0,4,0.1013,0.063,5,1,1,1,1
NCRB-SYNTH-103843,Trial Court,Sec 482 CrPC (Quashing),1,12,99,1,0,1,1,1,1,1,1,1,1,0.7113,1,55,1,1,1,1,1,1,1,0.744,43,3.2734,164.57,1,1,363559.55,0.1169,1,1,4.8,1,3,2,1,1,1,1,0,31,0.1274,0.0368,4,1,1,1,1
NCRB-SYNTH-103844,High Court,Sec 482 CrPC (Quashing),1,10,83,1,0,1,1,1,0,1,1,1,1,0.6379,1,124,1,0,1,1,1,1,1,0.5546,94,4.4864,59.7,1,1,3529080.95,0.0487,1,1,37.85,5,2,8,1,1,1,1,0,7,0.125,0.0601,5,1,1,0,1
NCRB-SYNTH-103851,Trial Court,Sec 439 CrPC (Regular Bail),27,5,55,0,0,1,1,1,0,1,1,1,1,0.5447,0,30,1,1,1,1,1,1,1,0.5579,74,4.5593,191.11,1,1,1434416.29,0.1964,1,1,4.7,2,1,10,1,1,1,1,0,18,0.1959,0.0665,4,1,1,0,0
NCRB-SYNTH-103857,Trial Court,Sec 439 CrPC (Regular Bail),1,14,38,0,0,1,1,1,1,1,1,1,1,0.5219,1,149,0,0,1,1,1,1,1,0.5966,148,7.0105,58.6,1,1,332555.14,0.1069,1,1,7.56,4,2,10,1,1,1,1,0,28,0.3196,0.0949,4,1,1,0,0
NCRB-SYNTH-103859,Trial Court,Sec 439 CrPC (Regular Bail),1,10,73,1,0,1,1,1,0,1,1,1,1,0.4505,1,119,1,1,1,1,0,1,1,0.6844,98,4.4794,58.51,1,1,1828192.71,0.1043,0,1,1.55,1,2,2,1,1,1,1,0,13,0.2989,0.1133,4,1,1,0,0
NCRB-SYNTH-103863,High Court,Sec 439 CrPC (Regular Bail),1,13,49,1,0,1,1,1,0,1,1,1,1,0.8975,0,68,1,1,1,1,1,1,1,0.6667,40,3.9251,122.59,1,1,3120793.12,0.0865,1,1,1.99,2,1,10,0,1,1,1,0,10,0.1656,0.0691,5,1,1,0,1
NCRB-SYNTH-103866,High Court,Sec 482 CrPC (Quashing),1,18,35,1,0,1,1,1,1,1,1,1,1,0.7214,1,163,1,1,1,0,1,1,1,0.7389,84,3.7658,48.71,1,1,4140689.75,0.1813,0,1,14.42,4,1,9,1,1,1,1,0,4,0.2097,0.1303,3,1,1,0,1
NCRB-SYNTH-103867,Trial Court,Sec 439 CrPC (Regular Bail),1,16,58,1,0,1,1,1,1,1,1,1,1,0.5522,1,44,0,0,1,1,1,1,1,0.5739,131,5.3228,67.57,1,1,3147620.14,0.1813,1,1,3.93,5,2,8,0,1,1,1,0,7,0.1353,0.065,5,1,1,0,0
NCRB-SYNTH-103871,Trial Court,Sec 482 CrPC (Quashing),1,16,97,1,0,1,1,1,1,1,1,1,1,0.877,0,21,1,1,1,1,1,1,1,0.5969,137,4.5963,165.31,1,1,2156319.02,0.0784,1,1,12.91,1,3,7,0,1,1,1,0,24,0.2673,0.0831,4,1,1,1,1
NCRB-SYNTH-103876,High Court,Sec 482 CrPC (Quashing),2,19,76,0,0,1,1,1,1,1,1,1,1,0.9184,1,74,1,1,1,1,1,0,1,1.0,84,6.6894,124.39,1,1,2752366.37,0.1496,0,1,18.99,2,2,7,1,1,1,1,0,3,0.5661,0.4084,1,1,1,0,1
NCRB-SYNTH-103881,Trial Court,Sec 482 CrPC (Quashing),1,14,68,1,0,1,1,1,0,1,1,1,1,0.8739,1,41,1,1,1,1,1,1,1,0.6666,112,4.7328,221.03,1,1,2725490.0,0.0539,1,1,24.65,3,1,10,1,1,0,0,1,7,0.0895,0.043,5,1,1,1,1
NCRB-SYNTH-103890,High Court,Sec 482 CrPC (Quashing),1,9,32,0,0,1,1,1,0,1,1,1,1,0.6845,1,80,1,1,1,1,1,0,1,0.7394,124,6.264,130.6,1,1,827136.63,0.0484,0,1,12.49,2,3,3,1,1,1,1,0,7,0.1874,0.0901,3,1,1,0,1
NCRB-SYNTH-103892,High Court,Sec 439 CrPC (Regular Bail),2,18,79,1,0,1,1,1,0,1,1,1,1,0.396,1,88,1,1,1,1,0,1,1,0.5931,123,5.1709,173.36,1,1,617339.16,0.0549,0,1,29.62,1,4,3,1,1,1,1,0,8,0.1945,0.0885,3,1,1,0,0
NCRB-SYNTH-103894,Supreme Court,Sec 439 CrPC (Regular Bail),4,5,79,1,0,1,1,1,0,1,1,1,1,0.502,1,157,1,1,1,1,1,0,1,0.6018,122,5.7883,271.59,1,1,570943.61,0.1349,0,1,10.07,4,4,7,1,1,1,1,0,32,0.2676,0.0765,4,1,1,0,0
NCRB-SYNTH-103899,High Court,Sec 482 CrPC (Quashing),1,19,31,1,0,1,1,1,0,1,1,1,1,0.5422,1,148,1,1,1,1,0,1,1,0.8845,55,5.9227,81.27,1,1,1148840.27,0.1813,0,1,6.46,3,4,3,1,1,1,1,0,34,0.3028,0.0852,4,1,1,0,0
NCRB-SYNTH-103901,Trial Court,Trial Judgment,7,18,94,1,0,1,1,1,0,1,1,1,1,0.5141,1,106,0,1,1,1,0,0,1,0.6789,83,7.4121,267.98,1,1,3381849.28,0.1182,1,1,19.1,4,4,6,1,1,1,1,0,10,0.0703,0.0293,5,1,1,0,0
NCRB-SYNTH-103902,Supreme Court,Sec 439 CrPC (Regular Bail),4,20,40,1,0,1,1,1,0,1,1,1,1,0.6627,1,110,1,1,1,0,1,0,1,0.7168,108,6.5511,220.71,1,1,869167.69,0.1205,1,1,1.87,2,2,8,1,1,1,1,0,9,0.213,0.0925,5,1,1,0,1
NCRB-SYNTH-103906,High Court,Writ Petition (Detention),45,16,20,1,0,1,1,1,1,1,1,1,1,0.6912,1,69,1,0,1,1,1,0,1,0.5143,80,4.8515,119.56,1,1,2713243.74,0.0093,0,1,15.8,1,1,2,0,1,1,1,0,9,0.0705,0.0306,3,1,1,0,1
NCRB-SYNTH-103907,High Court,Sec 482 CrPC (Quashing),1,14,78,1,0,1,1,1,0,1,1,1,1,0.9478,1,41,1,1,1,1,0,1,1,0.4501,69,6.6254,116.53,1,1,459557.06,0.1495,0,1,8.61,4,3,6,0,1,0,0,1,5,0.1795,0.1002,3,1,1,0,1
NCRB-SYNTH-103916,Trial Court,Sec 439 CrPC (Regular Bail),2,4,47,1,0,1,1,1,1,1,1,1,1,0.4837,1,153,1,1,1,0,1,0,1,0.697,123,4.9741,159.86,1,1,3066559.89,0.0097,1,1,10.61,4,1,9,1,1,1,1,0,7,0.1722,0.0828,5,1,1,0,0
NCRB-SYNTH-103922,Supreme Court,Trial Judgment,1,3,56,1,0,1,1,1,0,1,1,1,1,0.4642,1,38,1,1,1,1,0,0,1,0.6268,75,5.8626,269.41,1,1,3805418.51,0.0531,1,1,28.37,1,3,7,0,1,1,1,0,8,0.1574,0.0716,3,1,1,1,0
NCRB-SYNTH-103936,High Court,Sec 439 CrPC (Regular Bail),4,19,56,1,0,1,1,1,0,1,1,1,1,0.7806,1,156,0,1,1,1,1,0,1,0.7258,78,5.5872,219.55,1,1,3001327.25,0.0341,1,1,9.66,1,3,7,1,1,1,1,0,5,0.1217,0.0679,5,1,1,0,0
NCRB-SYNTH-103937,High Court,Trial Judgment,1,17,47,1,0,1,1,1,1,1,1,1,1,0.9753,0,160,1,0,1,1,1,1,1,0.7689,62,6.6715,69.58,1,1,2875125.85,0.0995,1,1,1.96,2,4,6,1,1,1,1,0,43,0.1898,0.0501,4,1,1,0,1
NCRB-SYNTH-103940,Trial Court,Sec 439 CrPC (Regular Bail),1,6,27,1,0,1,1,1,0,1,1,1,1,0.6782,1,95,0,0,1,1,1,1,1,0.7652,73,5.171,45.48,1,1,2826014.44,0.1666,1,1,7.82,3,3,5,1,1,1,1,0,6,0.0933,0.0479,5,1,1,0,0
NCRB-SYNTH-103944,Trial Court,Sec 439 CrPC (Regular Bail),1,14,97,1,0,1,1,1,0,1,1,1,1,0.5237,1,49,1,1,1,1,0,1,1,0.5257,108,7.4433,199.4,1,1,2336661.7,0.1001,0,1,6.6,4,1,10,1,1,1,1,0,9,0.1445,0.0628,3,1,1,0,0
NCRB-SYNTH-103958,Supreme Court,Sec 439 CrPC (Regular Bail),1,7,10,1,0,1,1,1,1,1,1,1,1,0.5136,1,69,1,1,1,1,0,1,1,0.6543,101,7.0699,100.23,1,1,3121259.71,0.1698,0,1,1.2,5,2,4,0,1,1,1,0,11,0.1855,0.0747,5,1,1,1,0
NCRB-SYNTH-103962,High Court,Sec 439 CrPC (Regular Bail),1,8,78,0,0,1,1,1,1,1,1,1,1,0.4757,0,30,1,1,1,0,0,1,1,0.7941,142,5.0962,113.32,1,1,342053.97,0.1644,1,1,17.05,3,2,2,1,1,1,1,0,9,0.1754,0.0762,3,1,1,1,0
NCRB-SYNTH-103970,Trial Court,Sec 439 CrPC (Regular Bail),2,23,82,1,0,1,1,1,0,1,1,1,1,0.431,1,133,1,1,1,1,0,1,1,0.6689,123,3.0543,80.08,1,1,4183476.33,0.1928,1,1,14.22,5,4,9,1,1,0,0,1,10,0.2141,0.0893,5,1,1,1,0
NCRB-SYNTH-103972,High Court,Sec 439 CrPC (Regular Bail),1,12,27,1,0,1,1,1,0,1,1,1,1,0.7749,1,117,1,0,1,1,1,1,1,0.806,49,2.9993,90.86,1,1,743101.4,0.0621,1,1,4.79,1,3,10,1,1,0,0,1,8,0.2394,0.1089,5,1,1,0,1
NCRB-SYNTH-103977,Trial Court,Writ Petition (Detention),7,9,60,1,0,1,1,1,0,1,1,1,1,0.9497,1,32,1,1,1,1,1,1,1,0.6049,96,3.214,158.11,1,1,1293065.88,0.0739,0,1,13.98,3,4,6,1,1,1,1,0,5,0.1108,0.0618,5,1,1,0,1
NCRB-SYNTH-103978,Trial Court,Sec 439 CrPC (Regular Bail),1,17,57,0,0,1,1,1,0,1,1,1,1,0.6107,1,109,1,1,1,0,1,0,1,1.0,70,6.296,100.58,1,1,1580946.31,0.1122,0,1,2.86,5,2,9,0,1,1,1,0,1,0.6635,0.9572,1,1,1,1,1
NCRB-SYNTH-103980,Trial Court,Sec 439 CrPC (Regular Bail),1,4,35,1,0,1,1,1,1,1,1,1,1,0.8741,1,17,0,0,1,1,1,0,1,0.6791,109,8.0021,284.72,1,1,1295155.74,0.1853,0,1,5.03,5,4,7,0,1,1,1,0,28,0.3037,0.0902,4,1,1,1,0
NCRB-SYNTH-103988,Trial Court,Sec 439 CrPC (Regular Bail),2,10,81,1,0,1,1,1,0,1,1,1,1,0.437,1,115,1,1,1,1,1,1,1,0.6785,110,7.4883,285.11,1,1,4335554.56,0.1635,1,1,1.54,2,2,9,1,1,1,1,0,6,0.1764,0.0907,3,1,1,0,0
NCRB-SYNTH-103995,Trial Court,Sec 482 CrPC (Quashing),7,23,62,1,0,1,1,1,0,1,1,1,1,0.9041,1,102,1,1,1,0,0,1,1,0.7556,112,6.438,91.75,1,1,1169398.45,0.1449,0,1,7.01,5,3,5,1,1,1,1,0,29,0.1329,0.0391,4,1,1,0,1
NCRB-SYNTH-103996,Trial Court,Sec 439 CrPC (Regular Bail),1,14,85,1,0,1,1,1,0,1,1,1,1,0.8307,1,114,1,1,1,0,0,1,1,0.5352,121,5.5359,148.29,1,1,4205873.41,0.0018,1,1,6.81,5,1,6,1,1,1,1,0,11,0.1532,0.0616,5,1,1,0,1
NCRB-SYNTH-103998,Trial Court,Sec 439 CrPC (Regular Bail),1,6,36,1,0,1,1,1,0,1,1,1,1,0.4872,1,82,1,1,1,1,1,1,1,0.9062,121,2.9517,292.95,1,1,3669114.46,0.1935,0,1,7.88,4,4,7,1,1,1,1,0,4,0.1951,0.1212,3,1,1,0,0
NCRB-SYNTH-103999,High Court,Sec 439 CrPC (Regular Bail),7,15,53,0,0,1,1,1,0,1,1,1,1,0.9303,1,51,1,1,1,1,0,0,1,0.7843,67,6.9139,251.88,1,1,4411405.37,0.127,1,1,21.92,4,1,9,0,1,1,1,0,5,0.2046,0.1142,5,1,1,0,1
NCRB-SYNTH-104007,High Court,Sec 439 CrPC (Regular Bail),2,5,33,0,0,1,1,1,0,1,1,1,1,0.4794,1,27,1,1,1,1,1,1,1,0.5417,94,5.9642,175.22,1,1,2388618.72,0.0084,1,1,10.95,3,2,2,1,1,1,1,0,4,0.1165,0.0724,5,1,1,0,0
NCRB-SYNTH-104008,High Court,Sec 439 CrPC (Regular Bail),1,9,92,1,0,1,1,1,0,1,1,1,1,0.5745,1,171,0,0,1,1,1,1,1,0.658,117,6.9152,239.01,1,1,1724312.01,0.0509,1,1,21.04,2,1,5,1,1,1,1,0,31,0.0972,0.028,4,1,1,1,0
NCRB-SYNTH-104012,Trial Court,Sec 439 CrPC (Regular Bail),1,19,52,1,0,1,1,1,0,1,1,1,1,0.8476,1,30,1,1,1,1,1,0,1,0.4784,128,4.6926,170.09,1,1,3587853.56,0.0157,1,1,17.97,4,1,9,1,1,1,1,0,8,0.1633,0.0743,5,1,1,0,1
NCRB-SYNTH-104021,Trial Court,Trial Judgment,15,7,84,0,0,1,1,1,1,1,1,1,1,0.4031,1,149,1,1,1,1,1,0,1,0.9147,116,6.5292,153.74,1,1,2309774.96,0.1826,0,1,7.39,4,3,3,1,1,1,1,0,7,0.1451,0.0698,3,1,1,0,0
NCRB-SYNTH-104027,High Court,Sec 439 CrPC (Regular Bail),1,14,11,1,0,1,1,1,1,1,1,1,1,0.8625,1,40,1,1,1,1,1,1,1,0.6883,68,6.9124,189.82,1,1,692578.05,0.0124,1,1,31.32,5,1,4,1,1,1,1,0,1,0.8531,1.2308,1,1,1,0,1
NCRB-SYNTH-104030,Supreme Court,Sec 482 CrPC (Quashing),4,6,18,1,0,1,1,1,1,1,1,1,1,0.8894,1,107,1,1,1,1,1,1,1,0.6792,126,7.4233,216.78,1,1,695647.3,0.1555,0,1,5.98,4,3,4,1,1,1,1,0,4,0.1423,0.0884,5,1,1,1,1
NCRB-SYNTH-104043,Trial Court,Sec 482 CrPC (Quashing),4,10,36,1,0,1,1,1,0,1,1,1,1,0.6348,1,126,1,1,1,0,1,1,1,0.5974,68,4.3895,114.7,1,1,3671655.76,0.004,0,1,2.86,3,2,6,1,1,1,1,0,6,0.2205,0.1133,5,1,1,0,1
NCRB-SYNTH-104045,Trial Court,Sec 439 CrPC (Regular Bail),1,5,79,1,0,1,1,1,1,1,1,1,1,0.6438,1,27,1,1,1,0,0,1,1,0.8432,74,4.0137,90.36,1,1,2407950.99,0.0001,1,1,1.36,3,3,3,1,1,0,0,1,5,0.2199,0.1227,5,1,1,1,1
NCRB-SYNTH-104046,High Court,Sec 439 CrPC (Regular Bail),7,15,36,1,0,1,1,1,1,1,1,1,1,0.4813,1,120,1,1,1,1,1,0,1,0.5532,114,4.7957,87.97,1,1,2561220.77,0.136,1,1,14.66,4,3,3,1,1,1,1,0,2,0.6364,0.5793,1,1,1,0,0
NCRB-SYNTH-104077,High Court,Sec 439 CrPC (Regular Bail),2,10,65,0,0,1,1,1,0,1,1,1,1,0.6718,1,116,1,1,1,1,0,1,1,0.6984,147,7.5181,270.74,1,1,4217048.78,0.1969,0,1,15.17,4,4,3,1,1,0,0,1,7,0.2303,0.1107,5,1,1,0,1
NCRB-SYNTH-104093,Trial Court,Sec 439 CrPC (Regular Bail),1,4,80,1,0,1,1,1,0,1,1,1,1,0.69,1,144,1,1,1,1,1,0,1,0.698,59,4.5606,278.33,1,1,4171406.81,0.0594,1,1,7.48,3,3,3,1,1,1,1,0,8,0.2276,0.1036,5,1,1,0,1
NCRB-SYNTH-104096,High Court,Sec 439 CrPC (Regular Bail),1,18,35,1,0,1,1,1,1,1,1,1,1,0.5741,1,154,1,1,1,1,0,1,1,0.5963,103,2.9984,284.85,1,1,3893140.6,0.1818,1,1,41.08,3,1,4,1,1,1,1,0,44,0.2266,0.0595,4,1,1,1,0
NCRB-SYNTH-104102,High Court,Sec 482 CrPC (Quashing),1,17,33,1,0,1,1,1,0,1,1,1,1,0.7897,1,100,1,0,1,1,0,0,1,0.8949,103,5.532,278.49,1,1,3041199.08,0.1193,0,1,1.72,4,3,4,1,1,1,1,0,8,0.0696,0.0317,5,1,1,0,1
NCRB-SYNTH-104103,Supreme Court,Sec 439 CrPC (Regular Bail),1,21,35,1,0,1,1,1,1,1,1,1,1,0.94,1,84,1,1,1,1,0,1,1,0.5944,78,5.0969,279.41,1,1,2018862.89,0.1136,1,1,22.3,2,3,5,1,1,1,1,0,33,0.2731,0.0774,4,1,1,0,1
NCRB-SYNTH-104112,Trial Court,Sec 482 CrPC (Quashing),1,23,16,1,0,1,1,1,0,1,1,1,1,0.7493,1,160,1,1,1,1,1,1,1,0.6911,86,3.0434,116.43,1,1,3081712.75,0.1752,1,1,13.55,4,3,9,1,1,1,1,0,18,0.2928,0.0994,4,1,1,0,1
NCRB-SYNTH-104118,Supreme Court,Sec 482 CrPC (Quashing),7,16,39,1,0,1,1,1,0,1,1,1,1,0.5947,1,165,1,1,1,1,1,1,1,0.8853,83,5.2465,188.64,1,1,806028.99,0.0565,1,1,6.13,1,3,4,1,1,1,1,0,11,0.1301,0.0523,5,1,1,1,0
NCRB-SYNTH-104122,Trial Court,Sec 439 CrPC (Regular Bail),1,24,45,1,0,1,1,1,0,1,1,1,1,0.684,1,139,1,1,1,1,0,1,1,0.7303,48,3.2518,294.88,1,1,1846141.41,0.1436,0,1,1.85,4,2,2,1,1,1,1,0,20,0.2732,0.0898,4,1,1,1,1
NCRB-SYNTH-104148,High Court,Sec 482 CrPC (Quashing),1,10,75,1,0,1,1,1,0,1,1,1,1,0.6794,1,18,1,1,1,1,1,1,1,0.5426,109,7.0501,177.88,1,1,2586010.18,0.0269,1,1,7.83,1,2,7,1,1,0,0,1,3,0.7934,0.5723,1,1,1,1,1
NCRB-SYNTH-104154,High Court,Sec 439 CrPC (Regular Bail),2,9,28,1,0,1,1,1,0,1,1,1,1,0.4923,1,89,1,1,1,1,1,0,1,0.7499,45,4.9232,202.19,1,1,2290244.08,0.0091,0,1,4.88,4,4,7,1,1,1,1,0,32,0.3032,0.0867,4,1,1,0,0
NCRB-SYNTH-104157,Trial Court,Sec 439 CrPC (Regular Bail),7,21,100,1,0,1,1,1,0,1,1,1,1,0.6962,1,125,0,1,1,1,1,0,1,0.7941,111,6.7921,289.98,1,1,1652641.74,0.0999,0,1,5.47,5,1,7,1,1,1,1,0,14,0.1223,0.0451,4,1,1,0,0
NCRB-SYNTH-104161,High Court,Sec 439 CrPC (Regular Bail),4,15,80,0,0,1,1,1,0,1,1,1,1,0.8471,1,180,1,1,1,0,1,1,1,0.5274,128,3.7407,119.58,1,1,3780833.59,0.0724,0,1,31.27,4,3,4,0,1,0,0,1,5,0.1293,0.0722,3,1,1,1,1
NCRB-SYNTH-104163,Trial Court,Sec 482 CrPC (Quashing),2,19,32,1,0,1,1,1,1,1,1,1,1,0.69,1,136,0,0,1,1,0,0,1,0.5867,60,4.6208,232.02,1,1,1145236.7,0.1235,1,1,3.05,4,1,4,1,1,1,1,0,5,0.0969,0.0541,3,1,1,0,0
NCRB-SYNTH-104164,Trial Court,Sec 439 CrPC (Regular Bail),1,14,79,1,0,1,1,1,0,1,1,1,1,0.5198,1,91,0,0,1,1,1,1,1,0.5848,111,6.2268,260.61,1,1,1337944.13,0.0927,0,1,5.88,3,1,4,1,1,0,0,1,10,0.2391,0.0997,5,1,1,1,0
NCRB-SYNTH-104166,Trial Court,Trial Judgment,2,16,7,1,0,1,1,1,0,1,1,1,1,0.9744,1,115,1,1,1,1,0,1,1,0.6455,61,4.27,258.1,1,1,4254903.74,0.1466,0,1,1.52,3,4,4,1,1,1,1,0,24,0.2432,0.0755,4,1,1,0,1
NCRB-SYNTH-104173,High Court,Sec 439 CrPC (Regular Bail),4,18,7,1,0,1,1,1,0,1,1,1,1,0.6852,1,169,1,1,1,0,0,1,1,0.3513,122,4.5468,275.98,1,1,436524.99,0.0487,1,1,17.6,1,3,7,1,1,1,1,0,4,0.1752,0.1088,3,1,1,1,1
NCRB-SYNTH-104174,Trial Court,Sec 439 CrPC (Regular Bail),2,14,33,0,0,1,1,1,0,1,1,1,1,0.6563,1,70,0,0,1,1,1,0,1,0.734,64,5.9999,293.55,1,1,1347600.58,0.0395,1,1,3.83,1,2,8,1,1,1,1,0,7,0.0989,0.0475,3,1,1,0,0
NCRB-SYNTH-104181,High Court,Sec 439 CrPC (Regular Bail),1,4,58,1,0,1,1,1,0,1,1,1,1,0.8894,0,166,1,1,1,0,0,1,1,0.4067,136,3.68,54.4,1,1,1762382.22,0.1185,0,1,32.35,2,4,4,1,1,1,1,0,1,0.9219,1.33,1,1,1,0,1
NCRB-SYNTH-104193,Trial Court,Sec 439 CrPC (Regular Bail),7,9,60,1,0,1,1,1,1,1,1,1,1,0.7941,1,68,1,1,1,1,0,1,1,0.6577,97,4.5716,220.81,1,1,1555575.85,0.0581,1,1,18.82,1,3,7,1,1,1,1,0,5,0.0909,0.0507,3,1,1,0,1
NCRB-SYNTH-104199,Trial Court,Sec 439 CrPC (Regular Bail),1,9,25,1,0,1,1,1,0,1,1,1,1,0.4392,1,57,1,1,1,1,1,1,1,0.4513,120,6.6997,278.43,1,1,4439020.51,0.0302,1,1,7.49,3,2,4,1,1,0,0,1,9,0.1144,0.0497,5,1,1,0,0
NCRB-SYNTH-104206,Trial Court,Sec 439 CrPC (Regular Bail),7,19,24,1,0,1,1,1,0,1,1,1,1,0.9217,0,136,1,1,1,0,1,0,1,0.5181,49,8.0069,238.79,1,1,1690759.0,0.0914,1,1,24.03,3,1,2,1,1,1,1,0,7,0.207,0.0995,5,1,1,0,1
NCRB-SYNTH-104208,High Court,Sec 439 CrPC (Regular Bail),2,18,64,0,0,1,1,1,0,1,1,1,1,0.668,0,86,1,1,1,1,1,1,1,0.5815,85,4.526,171.6,1,1,906317.79,0.1828,0,1,17.19,4,1,9,1,1,1,1,0,9,0.2388,0.1037,3,1,1,0,1
NCRB-SYNTH-104213,Trial Court,Sec 439 CrPC (Regular Bail),1,7,79,0,0,1,1,1,1,1,1,1,1,0.6696,1,160,0,0,1,1,1,1,1,0.6187,73,6.3814,175.63,1,1,3608150.61,0.1606,1,1,2.97,1,1,3,1,1,1,1,0,2,0.8904,0.8105,1,1,1,0,0
NCRB-SYNTH-104218,Trial Court,Sec 439 CrPC (Regular Bail),7,13,78,1,0,1,1,1,0,1,1,1,1,0.8448,1,20,0,0,1,1,0,1,1,0.5898,145,3.8461,83.11,1,1,3999519.78,0.1924,1,1,27.87,3,4,5,1,1,0,0,1,29,0.2979,0.0876,4,1,1,0,0
NCRB-SYNTH-104227,Trial Court,Sec 482 CrPC (Quashing),1,21,18,1,0,1,1,1,0,1,1,1,1,0.7073,1,41,1,0,1,1,0,1,1,0.6903,61,5.3846,159.88,1,1,683477.13,0.0211,0,1,5.13,5,1,3,0,1,1,1,0,26,0.211,0.064,4,1,1,0,1
NCRB-SYNTH-104229,Trial Court,Sec 439 CrPC (Regular Bail),4,15,49,1,0,1,1,1,0,1,1,1,1,0.6719,1,175,1,0,1,1,1,1,1,0.7136,40,5.8665,207.99,1,1,3222538.72,0.0392,0,1,2.31,4,2,5,1,1,1,1,0,26,0.1096,0.0333,4,1,1,1,1
NCRB-SYNTH-104233,High Court,Sec 482 CrPC (Quashing),1,12,64,0,0,1,1,1,0,1,1,1,1,0.767,1,160,0,0,1,0,1,0,1,0.6989,103,6.8199,168.56,1,1,3129122.14,0.105,1,1,11.52,1,3,6,0,1,0,0,1,9,0.1376,0.0597,5,1,1,0,0
NCRB-SYNTH-104242,High Court,Sec 439 CrPC (Regular Bail),2,7,58,1,0,1,1,1,0,1,1,1,1,0.6741,1,29,1,1,1,1,1,1,1,0.8891,56,5.32,134.49,1,1,2604216.78,0.1556,1,1,10.33,5,4,3,1,1,1,1,0,9,0.1508,0.0655,5,1,1,1,1
NCRB-SYNTH-104244,Trial Court,Writ Petition (Detention),1,17,97,1,0,1,1,1,1,1,1,1,1,0.7013,0,57,1,1,1,1,0,0,1,0.7716,121,5.5188,174.0,1,1,1623633.06,0.142,0,1,7.5,5,3,6,1,1,0,0,1,11,0.2174,0.0875,3,1,1,1,1
NCRB-SYNTH-104245,Trial Court,Sec 439 CrPC (Regular Bail),1,12,56,1,0,1,1,1,0,1,1,1,1,0.9139,1,180,0,1,1,1,0,1,1,0.5178,90,5.9093,111.66,1,1,278687.02,0.0678,1,1,3.37,2,2,8,1,1,1,1,0,9,0.2435,0.1058,5,1,1,0,0
NCRB-SYNTH-104251,High Court,Sec 439 CrPC (Regular Bail),1,15,67,0,0,1,1,1,0,1,1,1,1,0.6031,1,152,1,1,1,1,1,0,1,0.7254,145,6.306,277.26,1,1,1674119.35,0.1104,0,1,5.45,3,2,8,1,1,0,0,1,39,0.2575,0.0698,4,1,1,0,1
NCRB-SYNTH-104254,Trial Court,Sec 439 CrPC (Regular Bail),1,11,56,1,0,1,1,1,1,1,1,1,1,0.768,1,100,0,0,1,1,1,1,1,0.6112,43,5.8586,135.75,1,1,2846710.53,0.1022,1,1,10.57,1,3,10,0,1,0,0,1,33,0.1273,0.0361,4,1,1,0,0
NCRB-SYNTH-104258,High Court,Writ Petition (Detention),2,22,26,1,0,1,1,1,1,1,1,1,1,0.9364,1,117,1,1,1,1,0,1,1,0.6091,98,7.0998,186.42,1,1,3095552.94,0.1979,0,1,8.79,4,3,9,1,1,1,1,0,34,0.312,0.0878,4,1,1,0,1
NCRB-SYNTH-104259,Trial Court,Sec 439 CrPC (Regular Bail),1,23,59,1,0,1,1,1,0,1,1,1,1,0.6382,1,49,1,1,1,1,1,1,1,0.5654,104,4.6152,278.83,1,1,742827.86,0.128,1,1,8.08,4,2,8,1,1,1,1,0,5,0.246,0.1373,5,1,1,1,1
NCRB-SYNTH-104260,Trial Court,Sec 482 CrPC (Quashing),4,9,7,1,0,1,1,1,1,1,1,1,1,0.4596,1,66,1,1,1,1,1,1,1,0.8,71,5.588,160.25,1,1,1534492.12,0.1138,0,1,1.59,1,3,3,1,1,1,1,0,31,0.106,0.0306,4,1,1,0,0
NCRB-SYNTH-104263,High Court,Sec 439 CrPC (Regular Bail),7,8,6,1,0,1,1,1,1,1,1,1,1,0.7421,1,49,1,1,1,0,1,1,1,0.8146,87,7.1088,144.35,1,1,2228338.24,0.1976,0,1,3.01,3,2,7,1,1,1,1,0,9,0.1916,0.0832,5,1,1,0,1
NCRB-SYNTH-104264,High Court,Sec 439 CrPC (Regular Bail),1,18,63,1,0,1,1,1,1,1,1,1,1,0.4538,1,86,1,0,1,0,1,0,1,0.6291,77,7.6894,91.06,1,1,2964313.99,0.035,0,1,4.76,5,1,9,1,1,1,1,0,45,0.158,0.0413,4,1,1,0,0
NCRB-SYNTH-104266,Trial Court,Trial Judgment,21,17,32,1,0,1,1,1,0,1,1,1,1,0.7775,1,71,0,1,1,0,1,1,1,0.6604,131,5.6607,277.38,1,1,3512905.3,0.0585,0,1,14.86,5,3,10,1,1,0,0,1,31,0.1891,0.0546,4,1,1,0,0
NCRB-SYNTH-104274,Trial Court,Writ Petition (Detention),2,21,73,1,0,1,1,1,0,1,1,1,1,0.8222,1,25,1,1,1,1,0,0,1,0.8619,109,3.2853,291.97,1,1,1775553.95,0.1292,1,1,2.06,1,4,6,1,1,1,1,0,10,0.183,0.0763,3,1,1,0,1
NCRB-SYNTH-104277,Trial Court,Sec 439 CrPC (Regular Bail),15,12,13,1,0,1,1,1,1,1,1,1,1,0.5853,1,147,0,1,1,1,1,1,1,0.8131,129,6.9494,294.79,1,1,3705501.61,0.0679,1,1,5.35,2,2,8,1,1,0,0,1,10,0.0697,0.0291,5,1,1,1,0
NCRB-SYNTH-104280,High Court,Sec 439 CrPC (Regular Bail),1,14,66,1,0,1,1,1,0,1,1,1,1,0.5995,1,123,0,0,1,0,0,0,1,0.85,56,6.6129,150.35,1,1,1551567.78,0.1799,0,1,10.14,2,4,9,1,1,1,1,0,8,0.0927,0.0422,5,1,1,1,0
NCRB-SYNTH-104291,High Court,Trial Judgment,1,21,79,1,0,1,1,1,0,1,1,1,1,0.6273,1,120,1,1,1,0,0,1,1,0.8194,117,4.4909,220.48,1,1,3580318.56,0.1793,1,1,6.33,3,4,3,1,1,1,1,0,7,0.1003,0.0482,3,1,1,0,1
NCRB-SYNTH-104295,Trial Court,Sec 482 CrPC (Quashing),15,7,39,1,0,1,1,1,0,1,1,1,1,0.4383,0,33,0,0,1,1,1,1,1,0.5331,116,5.0506,122.98,1,1,2013049.59,0.1063,0,1,30.72,1,3,5,0,1,1,1,0,5,0.2054,0.1146,5,1,1,1,0
NCRB-SYNTH-104299,Trial Court,Sec 439 CrPC (Regular Bail),1,6,51,1,0,1,1,1,1,1,1,1,1,0.7987,1,108,1,1,1,1,1,0,1,0.6039,50,4.949,76.95,1,1,1808261.01,0.1143,1,1,6.78,5,1,5,1,1,1,1,0,9,0.2485,0.1079,3,1,1,1,1
NCRB-SYNTH-104307,Trial Court,Writ Petition (Detention),7,12,23,1,0,1,1,1,0,1,1,1,1,0.7921,1,16,1,1,1,1,1,0,1,0.7593,148,6.6501,166.27,1,1,1480289.46,0.0344,1,1,25.96,2,4,4,1,1,1,1,0,30,0.159,0.0463,4,1,1,0,1
NCRB-SYNTH-104319,Trial Court,Sec 439 CrPC (Regular Bail),1,11,99,1,0,1,1,1,0,1,1,1,1,0.9525,1,46,1,1,1,1,1,1,1,0.5954,113,3.9911,202.51,1,1,4427083.07,0.084,1,1,15.37,4,3,5,1,1,1,1,0,35,0.1149,0.0321,4,1,1,1,1
NCRB-SYNTH-104320,Trial Court,Sec 482 CrPC (Quashing),2,20,27,1,0,1,1,1,0,1,1,1,1,0.849,1,44,0,0,1,0,1,0,1,0.6235,49,3.2057,298.79,1,1,1728568.14,0.0455,1,1,6.67,3,1,9,1,1,1,1,0,9,0.2154,0.0936,5,1,1,0,0
NCRB-SYNTH-104324,High Court,Sec 439 CrPC (Regular Bail),7,11,82,0,0,1,1,1,0,1,1,1,1,0.9412,1,52,1,1,1,0,1,1,1,0.658,111,4.806,280.25,1,1,4082231.82,0.09,1,1,6.34,4,1,9,0,1,0,0,1,6,0.1451,0.0746,3,1,1,0,1
NCRB-SYNTH-104333,Trial Court,Sec 482 CrPC (Quashing),7,6,81,1,0,1,1,1,1,1,1,1,1,0.9299,1,133,1,1,1,0,1,1,1,0.7133,143,5.0877,143.71,1,1,851051.57,0.1302,1,1,4.28,5,4,8,1,1,1,1,0,5,0.0656,0.0366,5,1,1,1,1
NCRB-SYNTH-104335,Trial Court,Sec 439 CrPC (Regular Bail),4,3,59,1,0,1,1,1,1,1,1,1,1,0.8361,1,172,1,1,1,1,0,1,1,0.6978,102,6.4876,212.09,1,1,1798616.28,0.0657,0,1,13.57,3,4,2,0,1,0,0,1,6,0.1888,0.097,5,1,1,0,1
NCRB-SYNTH-104339,High Court,Sec 439 CrPC (Regular Bail),1,3,40,0,0,1,1,1,0,1,1,1,1,0.6865,1,111,1,1,1,1,1,1,1,0.5793,134,6.9859,155.68,1,1,2037037.85,0.1742,1,1,21.86,4,1,8,1,1,1,1,0,11,0.117,0.0471,5,1,1,1,1
NCRB-SYNTH-104341,Trial Court,Trial Judgment,15,24,92,1,0,1,1,1,0,1,1,1,1,0.8044,1,125,1,0,1,1,0,1,1,0.7611,101,8.0214,78.08,1,1,4418868.63,0.1673,0,1,13.64,2,4,6,1,1,1,1,0,3,0.7789,0.5618,1,1,1,0,1
NCRB-SYNTH-104346,Trial Court,Sec 439 CrPC (Regular Bail),2,7,25,1,0,1,1,1,0,1,1,1,1,0.8456,1,81,1,1,1,1,0,1,1,0.5616,149,5.4601,84.92,1,1,1906302.13,0.1215,0,1,10.15,3,3,7,1,1,1,1,0,10,0.0965,0.0403,5,1,1,1,1
NCRB-SYNTH-104353,Trial Court,Sec 482 CrPC (Quashing),1,15,93,1,0,1,1,1,0,1,1,1,1,0.5404,0,96,1,1,1,1,0,0,1,0.6088,47,3.3082,192.61,1,1,3798346.68,0.1929,0,1,5.4,2,4,10,1,1,1,1,0,7,0.1406,0.0676,3,1,1,0,0
NCRB-SYNTH-104355,Trial Court,Sec 482 CrPC (Quashing),21,3,69,1,0,1,1,1,1,1,1,1,1,0.4813,1,139,0,1,1,1,0,1,1,0.5522,42,3.3083,178.99,1,1,917291.14,0.1265,0,1,17.92,4,2,10,1,1,1,1,0,5,0.1902,0.1062,3,1,1,0,0
NCRB-SYNTH-104364,High Court,Sec 482 CrPC (Quashing),1,16,84,1,0,1,1,1,0,1,1,1,1,0.8443,1,107,1,1,1,1,1,0,1,0.4947,145,3.2148,297.71,1,1,1767639.44,0.1703,1,1,23.66,1,1,3,1,1,1,1,0,8,0.0572,0.026,5,1,1,0,1
NCRB-SYNTH-104368,High Court,Sec 439 CrPC (Regular Bail),1,7,91,1,0,1,1,1,0,1,1,1,1,0.5366,1,53,1,0,1,1,0,0,1,0.6311,85,7.0718,101.25,1,1,2484881.19,0.1701,1,1,12.97,2,2,9,1,1,0,0,1,1,0.8689,1.2535,1,1,1,0,0
NCRB-SYNTH-104372,Trial Court,Sec 439 CrPC (Regular Bail),2,9,19,1,0,1,1,1,1,1,1,1,1,0.7998,1,145,1,1,1,1,1,1,1,0.7013,125,4.2378,263.28,1,1,1812378.43,0.1611,1,1,4.94,4,1,5,1,1,1,1,0,7,0.1758,0.0845,5,1,1,0,1
NCRB-SYNTH-104374,Trial Court,Sec 439 CrPC (Regular Bail),4,23,31,1,0,1,1,1,1,1,1,1,1,0.8594,1,155,1,1,1,1,0,1,1,0.8821,113,3.0137,147.94,1,1,4467628.35,0.0157,0,1,6.78,3,3,5,1,1,1,1,0,11,0.2127,0.0856,3,1,1,0,1
NCRB-SYNTH-104375,Trial Court,Writ Petition (Detention),1,18,20,1,0,1,1,1,0,1,1,1,1,0.5672,1,159,1,1,1,1,1,1,1,0.5993,54,5.778,158.81,1,1,3434454.87,0.1138,1,1,4.52,3,2,4,1,1,1,1,0,41,0.1125,0.0301,4,1,1,0,0
NCRB-SYNTH-104376,High Court,Sec 439 CrPC (Regular Bail),15,17,50,1,0,1,1,1,0,1,1,1,1,0.7604,0,82,1,1,1,1,1,1,1,0.7688,128,6.2756,73.86,1,1,2285687.27,0.0774,1,1,9.42,1,3,9,0,1,1,1,0,8,0.217,0.0988,5,1,1,1,1
NCRB-SYNTH-104377,High Court,Sec 439 CrPC (Regular Bail),1,8,76,1,0,1,1,1,1,1,1,1,1,0.4132,1,135,1,1,1,1,0,0,1,0.7194,124,6.3995,289.17,1,1,2141570.38,0.1337,0,1,6.55,4,4,5,1,1,1,1,0,22,0.2242,0.0715,4,1,1,1,0
NCRB-SYNTH-104380,Trial Court,Trial Judgment,2,20,69,1,0,1,1,1,0,1,1,1,1,0.4615,1,69,1,1,1,1,1,0,1,0.4011,99,4.4061,117.88,1,1,4381108.11,0.0927,1,1,14.71,5,3,3,1,1,0,0,1,6,0.2283,0.1173,5,1,1,0,0
NCRB-SYNTH-104392,Trial Court,Sec 439 CrPC (Regular Bail),2,16,23,1,0,1,1,1,0,1,1,1,1,0.7648,1,163,1,0,1,0,0,1,1,0.6079,141,4.3408,197.53,1,1,3947259.8,0.1237,1,1,18.39,3,4,2,1,1,0,0,1,8,0.2244,0.1021,5,1,1,0,1
NCRB-SYNTH-104402,Trial Court,Sec 439 CrPC (Regular Bail),1,12,41,1,0,1,1,1,0,1,1,1,1,0.5921,1,151,0,0,1,1,0,1,1,0.66,63,5.9808,212.01,1,1,294359.59,0.1165,1,1,4.35,5,1,8,1,1,1,1,0,9,0.0518,0.0225,3,1,1,0,0
NCRB-SYNTH-104404,High Court,Sec 439 CrPC (Regular Bail),1,11,62,1,0,1,1,1,0,1,1,1,1,0.4966,1,69,1,1,1,1,1,1,1,0.5621,107,6.6794,71.72,1,1,2752052.15,0.1623,1,1,8.52,2,4,10,1,1,1,1,0,36,0.1924,0.0533,4,1,1,0,0
NCRB-SYNTH-104409,High Court,Sec 482 CrPC (Quashing),1,11,59,0,0,1,1,1,0,1,1,1,1,0.6781,1,64,1,1,1,1,0,1,1,0.7145,68,4.9429,246.87,1,1,1931024.5,0.0751,0,1,5.69,1,1,6,1,1,0,0,1,5,0.1911,0.1066,3,1,1,1,1
NCRB-SYNTH-104415,High Court,Sec 439 CrPC (Regular Bail),1,25,57,1,0,1,1,1,1,1,1,1,1,0.5651,1,98,1,1,1,1,1,1,1,0.7208,106,3.1862,277.24,1,1,3589456.63,0.0282,1,1,8.81,1,2,7,1,1,1,1,0,8,0.0943,0.0429,5,1,1,0,0
NCRB-SYNTH-104416,Trial Court,Sec 439 CrPC (Regular Bail),4,4,51,1,0,1,1,1,1,1,1,1,1,0.6236,1,19,1,1,1,1,0,0,1,0.7824,61,6.5817,270.03,1,1,2053260.8,0.1704,1,1,2.85,2,3,6,1,1,1,1,0,38,0.2664,0.0727,4,1,1,0,1
NCRB-SYNTH-104417,High Court,Sec 482 CrPC (Quashing),7,9,7,1,0,1,1,1,0,1,1,1,1,0.7603,1,24,1,0,1,1,1,1,1,0.6684,42,4.514,177.46,1,1,2200031.33,0.0252,1,1,3.01,4,3,2,1,1,1,1,0,5,0.0698,0.0389,5,1,1,0,1
NCRB-SYNTH-104426,High Court,Sec 482 CrPC (Quashing),7,9,90,1,0,1,1,1,0,1,1,1,1,0.8453,0,162,0,1,1,1,1,0,1,0.5874,108,4.6387,216.92,1,1,1058857.6,0.1291,1,1,10.11,3,3,5,1,1,1,1,0,1,0.715,1.0316,1,1,1,0,0
NCRB-SYNTH-104432,High Court,Writ Petition (Detention),1,12,5,1,0,1,1,1,0,1,1,1,1,0.3636,1,154,1,1,1,1,0,1,1,0.4655,48,3.143,100.16,1,1,1441711.72,0.1076,1,1,2.14,3,3,3,1,1,1,1,0,9,0.1499,0.0651,3,1,1,1,0
NCRB-SYNTH-104433,Trial Court,Trial Judgment,2,8,43,1,0,1,1,1,0,1,1,1,1,0.4638,1,56,1,1,1,1,1,1,1,0.7632,139,6.6781,266.64,1,1,4401950.55,0.1785,1,1,7.2,1,1,10,1,1,1,1,0,4,0.1177,0.0731,5,1,1,0,0
NCRB-SYNTH-104444,High Court,Sec 482 CrPC (Quashing),21,20,27,0,0,1,1,1,0,1,1,1,1,0.8953,1,95,1,1,1,0,1,0,1,0.6582,107,7.2679,98.84,1,1,387113.28,0.1728,1,1,6.61,3,4,5,1,1,1,1,0,6,0.2182,0.1121,5,1,1,0,1
NCRB-SYNTH-104445,Trial Court,Sec 439 CrPC (Regular Bail),1,11,38,1,0,1,1,1,1,1,1,1,1,0.557,1,32,0,0,1,1,1,1,1,0.7075,90,4.3794,269.25,1,1,3128327.68,0.1708,1,1,7.11,5,4,4,0,1,0,0,1,43,0.2353,0.0622,4,1,1,0,0
NCRB-SYNTH-104451,High Court,Sec 482 CrPC (Quashing),2,11,53,0,0,1,1,1,0,1,1,1,1,0.9075,1,161,1,0,1,1,0,1,1,0.5533,46,5.1958,264.2,1,1,1098757.82,0.0723,0,1,13.7,2,4,9,1,1,0,0,1,14,0.2935,0.1084,4,1,1,0,1
NCRB-SYNTH-104459,Trial Court,Sec 439 CrPC (Regular Bail),1,24,70,1,0,1,1,1,0,1,1,1,1,0.5521,1,171,0,0,1,1,1,1,1,0.7015,109,3.7761,61.2,1,1,835306.33,0.0496,0,1,4.79,2,1,10,1,1,1,1,0,32,0.2924,0.0836,4,1,1,0,0
NCRB-SYNTH-104460,High Court,Sec 439 CrPC (Regular Bail),1,13,75,1,0,1,1,1,0,1,1,1,1,0.7378,1,125,1,1,1,1,1,1,1,0.6528,145,3.5323,79.07,1,1,4454110.63,0.1005,1,1,29.04,4,2,10,1,1,1,1,0,3,0.5514,0.3977,1,1,1,1,1
NCRB-SYNTH-104461,High Court,Sec 439 CrPC (Regular Bail),1,18,92,1,0,1,1,1,1,1,1,1,1,0.8657,1,98,1,1,1,1,0,1,1,0.6385,53,5.9699,48.23,1,1,3463208.55,0.1536,1,1,14.11,5,3,10,1,1,1,1,0,2,0.5649,0.5142,1,1,1,0,1
NCRB-SYNTH-104462,Trial Court,Sec 482 CrPC (Quashing),4,13,71,1,0,1,1,1,0,1,1,1,1,0.5487,1,72,1,1,1,1,1,1,1,0.5867,90,4.4913,199.99,1,1,1625234.33,0.0863,1,1,6.78,3,1,10,0,1,1,1,0,8,0.2436,0.1109,5,1,1,0,0
NCRB-SYNTH-104466,High Court,Sec 439 CrPC (Regular Bail),7,16,80,0,0,1,1,1,0,1,1,1,1,0.5836,1,108,1,1,1,1,1,1,1,0.5834,67,7.5298,102.22,1,1,2631818.91,0.1871,0,1,2.66,5,2,7,1,1,1,1,0,6,0.1911,0.0982,3,1,1,1,0
NCRB-SYNTH-104474,Trial Court,Sec 439 CrPC (Regular Bail),15,3,43,1,0,1,1,1,1,1,1,1,1,0.7926,1,47,1,0,1,0,1,1,1,0.7195,111,5.2741,253.49,1,1,3850322.01,0.1994,1,1,1.95,5,3,8,0,1,1,1,0,31,0.2262,0.0653,4,1,1,1,1
NCRB-SYNTH-104476,Trial Court,Trial Judgment,4,11,46,1,0,1,1,1,1,1,1,1,1,0.9536,1,167,1,1,1,1,0,1,1,0.705,148,4.4512,106.53,1,1,848530.98,0.0782,0,1,1.33,1,4,3,1,1,1,1,0,20,0.1259,0.0413,4,1,1,0,1
NCRB-SYNTH-104477,Trial Court,Sec 482 CrPC (Quashing),1,20,95,1,1,1,1,1,1,1,1,1,1,0.5973,1,129,1,1,1,1,1,1,1,0.6598,89,6.6598,220.52,1,1,965435.52,0.197,1,1,2.51,1,4,6,1,1,0,0,1,15,0.1407,0.0507,4,1,1,0,0
NCRB-SYNTH-104478,Trial Court,Writ Petition (Detention),27,13,5,0,0,1,1,1,0,1,1,1,1,0.6231,1,41,1,1,1,1,0,0,1,0.6881,49,7.8784,97.06,1,1,1101379.17,0.1028,1,1,2.49,5,3,6,1,1,1,1,0,3,0.4503,0.3248,1,1,1,1,1
NCRB-SYNTH-104482,High Court,Sec 439 CrPC (Regular Bail),4,6,50,1,0,1,1,1,0,1,1,1,1,0.7148,1,78,1,1,1,0,1,0,1,0.8528,83,3.3157,228.47,1,1,3905177.65,0.1016,0,1,25.59,5,4,7,1,1,1,1,0,5,0.1788,0.0998,5,1,1,0,1
NCRB-SYNTH-104488,Trial Court,Sec 482 CrPC (Quashing),4,11,100,1,0,1,1,1,1,1,1,1,1,0.4299,0,67,0,1,1,0,0,0,1,0.7738,105,7.1501,222.59,1,1,1972657.12,0.1783,1,1,2.53,1,3,10,1,1,1,1,0,20,0.2534,0.0832,4,1,1,1,0
NCRB-SYNTH-104497,High Court,Writ Petition (Detention),4,3,62,1,1,1,1,1,0,1,1,1,1,0.4741,1,28,1,1,1,0,1,1,1,0.5657,106,7.8646,202.62,1,1,1213685.06,0.1601,1,1,1.3,3,3,8,1,1,1,1,0,7,0.1397,0.0672,5,1,1,0,0
NCRB-SYNTH-104500,High Court,Sec 439 CrPC (Regular Bail),2,20,100,1,0,1,1,1,0,1,1,1,1,0.4378,1,142,1,1,1,1,1,1,1,0.7996,115,7.1408,191.98,1,1,2312308.92,0.0266,0,1,41.67,4,1,7,1,1,0,0,1,7,0.1461,0.0703,5,1,1,0,0
NCRB-SYNTH-104502,High Court,Sec 439 CrPC (Regular Bail),7,4,8,1,0,1,1,1,1,1,1,1,1,0.4919,1,69,1,0,1,1,1,1,1,0.6286,140,7.6241,74.54,1,1,3644675.27,0.1646,1,1,13.92,5,1,3,0,1,1,1,0,25,0.1198,0.0368,4,1,1,0,0
NCRB-SYNTH-104505,High Court,Sec 439 CrPC (Regular Bail),27,6,57,1,0,1,1,1,0,1,1,1,1,0.669,1,30,1,1,1,1,0,1,1,0.7393,58,4.3522,270.97,1,1,3922144.71,0.0552,0,1,15.32,3,1,9,1,1,1,1,0,1,0.6368,0.9187,1,1,1,1,1
NCRB-SYNTH-104512,Trial Court,Sec 439 CrPC (Regular Bail),7,22,97,1,0,1,1,1,0,1,1,1,1,0.7071,1,68,1,1,1,0,1,1,1,0.5723,42,5.8296,133.34,1,1,2259867.26,0.0837,1,1,3.0,5,4,2,1,1,1,1,0,20,0.1951,0.0641,4,1,1,1,1
NCRB-SYNTH-104516,High Court,Sec 439 CrPC (Regular Bail),1,21,61,1,0,1,1,1,0,1,1,1,1,0.7383,1,88,1,1,1,0,1,1,1,0.6665,145,5.6805,160.39,1,1,2539588.73,0.1014,1,1,1.49,5,3,9,1,1,1,1,0,9,0.067,0.0291,5,1,1,0,1
NCRB-SYNTH-104517,Trial Court,Sec 439 CrPC (Regular Bail),2,10,77,1,0,1,1,1,1,1,1,1,1,0.469,1,22,1,1,1,1,0,1,1,0.7772,63,4.1225,201.03,1,1,3206969.03,0.0064,1,1,6.34,2,1,6,1,1,1,1,0,3,0.8802,0.635,1,1,1,0,0
NCRB-SYNTH-104526,High Court,Sec 439 CrPC (Regular Bail),2,11,54,1,0,1,1,1,0,1,1,1,1,0.5189,1,83,1,1,1,1,1,1,1,0.6551,115,4.6884,71.1,1,1,1889247.35,0.1944,0,1,5.24,2,4,6,1,1,1,1,0,6,0.1341,0.0689,5,1,1,1,0
NCRB-SYNTH-104537,High Court,Sec 439 CrPC (Regular Bail),1,14,56,1,0,1,1,1,1,1,1,1,1,0.8887,1,54,1,1,1,1,1,0,1,0.6258,95,6.9291,148.27,1,1,1567136.32,0.1201,1,1,15.35,5,2,5,1,1,0,0,1,12,0.125,0.0487,4,1,1,0,1
NCRB-SYNTH-104542,High Court,Sec 482 CrPC (Quashing),7,21,21,1,0,1,1,1,1,1,1,1,1,0.7185,1,83,1,1,1,0,1,1,1,0.7728,92,3.4853,62.05,1,1,810563.76,0.0912,1,1,4.49,3,3,8,1,1,1,1,0,6,0.1183,0.0608,3,1,1,1,1
NCRB-SYNTH-104545,Trial Court,Sec 482 CrPC (Quashing),1,10,36,1,0,1,1,1,1,1,1,1,1,0.4304,1,25,1,0,1,1,0,0,1,0.7951,81,5.2246,85.04,1,1,2053096.81,0.1621,1,1,31.04,5,1,9,1,1,1,1,0,24,0.1101,0.0342,4,1,1,1,0
NCRB-SYNTH-104555,High Court,Sec 439 CrPC (Regular Bail),1,13,97,1,0,1,1,1,0,1,1,1,1,0.627,1,76,1,1,1,1,1,1,1,0.6832,54,5.6908,78.61,1,1,451925.77,0.1932,1,1,6.36,5,1,10,0,1,1,1,0,1,0.8583,1.2382,1,1,1,0,1
NCRB-SYNTH-104571,High Court,Sec 439 CrPC (Regular Bail),1,5,65,1,0,1,1,1,1,1,1,1,1,0.5402,1,150,1,1,1,0,0,1,1,0.5254,89,7.3255,141.88,1,1,4418469.97,0.0401,1,1,28.83,2,1,8,1,1,1,1,0,6,0.172,0.0884,5,1,1,0,0
NCRB-SYNTH-104577,High Court,Sec 439 CrPC (Regular Bail),2,13,57,1,0,1,1,1,0,1,1,1,1,0.6487,1,72,1,1,1,1,0,1,1,0.6443,144,6.6359,56.69,1,1,1816773.67,0.1772,0,1,8.53,2,1,6,0,1,1,1,0,8,0.172,0.0783,5,1,1,0,1
NCRB-SYNTH-104587,Trial Court,Sec 439 CrPC (Regular Bail),7,23,8,1,0,1,1,1,0,1,1,1,1,0.7233,1,136,1,1,1,1,1,0,1,0.5979,125,5.3034,132.32,1,1,3567164.92,0.0591,1,1,39.38,1,1,3,1,1,0,0,1,7,0.2125,0.1022,5,1,1,1,1
NCRB-SYNTH-104593,High Court,Sec 482 CrPC (Quashing),7,20,36,1,0,1,1,1,1,1,1,1,1,0.7526,1,65,0,0,1,1,1,0,1,0.6658,82,3.1888,297.04,1,1,959217.8,0.0473,0,1,10.99,1,2,2,1,1,0,0,1,9,0.1438,0.0625,5,1,1,0,0
NCRB-SYNTH-104595,Trial Court,Sec 482 CrPC (Quashing),21,18,88,1,0,1,1,1,1,1,1,1,1,0.7527,1,37,1,1,1,1,1,1,1,0.5491,116,5.4742,251.66,1,1,2670527.32,0.0137,1,1,5.46,1,4,9,1,1,0,0,1,5,0.1001,0.0559,5,1,1,0,1
NCRB-SYNTH-104599,High Court,Sec 482 CrPC (Quashing),4,11,66,1,0,1,1,1,0,1,1,1,1,0.4991,1,158,0,0,1,0,1,1,1,0.5361,67,6.239,187.35,1,1,3523493.89,0.0099,0,1,5.75,1,4,8,1,1,1,1,0,11,0.228,0.0918,3,1,1,0,0
NCRB-SYNTH-104604,High Court,Sec 439 CrPC (Regular Bail),2,24,58,1,0,1,1,1,0,1,1,1,1,0.4732,1,109,1,1,1,0,0,1,1,0.5723,139,4.9843,217.58,1,1,3104323.47,0.1634,0,1,1.49,3,1,3,1,1,0,0,1,11,0.1187,0.0478,3,1,1,1,0
NCRB-SYNTH-104610,Trial Court,Sec 439 CrPC (Regular Bail),1,6,28,1,0,1,1,1,0,1,1,1,1,0.78,1,61,1,1,1,1,0,1,1,0.5923,81,3.4551,282.97,1,1,3861944.42,0.0819,1,1,24.84,3,1,9,1,1,1,1,0,8,0.1373,0.0625,3,1,1,0,1
NCRB-SYNTH-104613,Trial Court,Sec 439 CrPC (Regular Bail),2,10,70,1,0,1,1,1,0,1,1,1,1,0.8326,1,126,1,1,1,0,1,1,1,0.8121,104,5.5515,144.99,1,1,3314317.77,0.0269,0,1,8.1,4,4,6,1,1,1,1,0,4,0.2394,0.1488,5,1,1,0,1
NCRB-SYNTH-104628,High Court,Sec 439 CrPC (Regular Bail),4,14,52,1,0,1,1,1,0,1,1,1,1,0.4398,1,145,0,0,1,1,1,1,1,0.6013,131,7.8454,205.34,1,1,2436292.47,0.1125,0,1,24.96,4,2,3,1,1,1,1,0,17,0.1932,0.0669,4,1,1,1,0
NCRB-SYNTH-104630,Trial Court,Sec 439 CrPC (Regular Bail),1,18,50,1,0,1,1,1,0,1,1,1,1,0.9049,0,91,1,1,1,0,0,1,1,0.7553,112,6.1744,255.31,1,1,512556.19,0.1183,0,1,5.92,2,2,6,0,1,1,1,0,15,0.1508,0.0544,4,1,1,1,1
NCRB-SYNTH-104653,Trial Court,Trial Judgment,1,14,69,1,0,1,1,1,0,1,1,1,1,0.8196,1,172,1,1,1,0,0,0,1,0.7092,145,4.9087,101.3,1,1,1320406.53,0.1995,1,1,3.6,4,2,5,1,1,1,1,0,4,0.0964,0.0599,3,1,1,1,1
NCRB-SYNTH-104655,High Court,Sec 439 CrPC (Regular Bail),4,18,5,1,0,1,1,1,0,1,1,1,1,0.772,1,138,1,1,1,1,1,1,1,0.7947,99,2.9624,256.67,1,1,3197082.3,0.0594,1,1,1.26,1,3,6,1,1,1,1,0,8,0.1936,0.0881,5,1,1,0,1
NCRB-SYNTH-104658,High Court,Sec 439 CrPC (Regular Bail),1,17,44,1,0,1,1,1,1,1,1,1,1,0.8966,1,119,1,1,1,0,1,0,1,0.8973,145,4.563,285.93,1,1,1171821.41,0.1559,1,1,12.08,4,4,2,1,1,1,1,0,11,0.1972,0.0794,5,1,1,0,1
NCRB-SYNTH-104661,High Court,Sec 439 CrPC (Regular Bail),4,17,21,1,0,1,1,1,0,1,1,1,1,0.666,1,105,1,1,1,0,1,1,1,0.5084,125,5.4939,230.35,1,1,545345.71,0.1296,0,1,2.87,3,1,2,0,1,1,1,0,5,0.1159,0.0647,5,1,1,0,1
NCRB-SYNTH-104663,Trial Court,Trial Judgment,27,14,5,1,0,1,1,1,0,1,1,1,1,0.8064,1,128,0,0,1,1,0,1,1,0.8653,91,4.9074,118.05,1,1,4036110.82,0.1919,1,1,12.47,2,4,3,1,1,1,1,0,34,0.1771,0.0498,4,1,1,0,0
NCRB-SYNTH-104671,Trial Court,Sec 439 CrPC (Regular Bail),1,8,71,1,0,1,1,1,1,1,1,1,1,0.765,1,131,1,1,1,1,1,1,1,0.7236,104,7.1169,141.01,1,1,3868697.81,0.078,1,1,4.96,5,3,7,1,1,1,1,0,10,0.203,0.0846,5,1,1,0,1
NCRB-SYNTH-104675,High Court,Trial Judgment,1,11,39,1,0,1,1,1,0,1,1,1,1,0.4601,1,124,1,1,1,1,1,1,1,0.8917,127,6.2308,119.37,1,1,522551.97,0.1713,1,1,3.7,2,3,6,1,1,1,1,0,7,0.0987,0.0474,5,1,1,1,0
NCRB-SYNTH-104686,High Court,Sec 439 CrPC (Regular Bail),7,10,18,1,0,1,1,1,1,1,1,1,1,0.4289,1,53,1,1,1,1,0,1,1,0.6691,50,3.5697,72.44,1,1,562290.36,0.0335,0,1,2.81,5,4,8,0,1,1,1,0,4,0.2282,0.1418,3,1,1,0,0
NCRB-SYNTH-104689,High Court,Sec 439 CrPC (Regular Bail),2,17,49,1,0,1,1,1,0,1,1,1,1,0.8692,1,167,1,1,1,0,1,1,1,0.7305,63,7.0816,166.4,1,1,1828978.44,0.1567,1,1,8.76,4,4,4,0,1,1,1,0,22,0.2544,0.0811,4,1,1,0,1
NCRB-SYNTH-104691,High Court,Sec 439 CrPC (Regular Bail),45,18,90,0,0,1,1,1,0,1,1,1,1,0.8127,1,82,1,0,1,1,1,1,1,0.9038,78,3.9249,206.3,1,1,2999267.91,0.1558,0,1,10.21,4,3,7,1,1,1,1,0,11,0.1156,0.0465,5,1,1,1,1
NCRB-SYNTH-104692,Trial Court,Sec 482 CrPC (Quashing),7,16,37,0,0,1,1,1,0,1,1,1,1,0.6079,1,41,1,1,1,1,0,1,1,0.5495,123,6.5164,238.3,1,1,680786.24,0.1164,1,1,18.11,1,1,4,1,1,1,1,0,18,0.2275,0.0772,4,1,1,0,1
NCRB-SYNTH-104694,Trial Court,Sec 439 CrPC (Regular Bail),7,18,16,1,0,1,1,1,0,1,1,1,1,0.5185,0,65,1,1,1,1,0,1,1,0.619,148,5.3368,122.2,1,1,1163876.55,0.152,1,1,47.86,1,2,9,1,1,1,1,0,9,0.1278,0.0555,5,1,1,0,0
NCRB-SYNTH-104695,High Court,Sec 439 CrPC (Regular Bail),1,9,28,1,0,1,1,1,1,1,1,1,1,0.529,1,85,1,1,1,0,1,1,1,0.5184,108,6.3476,151.76,1,1,3794998.81,0.0139,0,1,43.5,5,2,9,1,1,1,1,0,9,0.2128,0.0924,3,1,1,1,0
NCRB-SYNTH-104697,High Court,Writ Petition (Detention),2,20,73,1,0,1,1,1,1,1,1,1,1,0.7653,1,114,1,1,1,1,1,1,1,0.3961,73,7.2156,67.1,1,1,4001780.92,0.1243,0,1,2.19,3,2,2,1,1,1,1,0,6,0.0722,0.0371,5,1,1,1,1
NCRB-SYNTH-104698,High Court,Sec 439 CrPC (Regular Bail),1,19,61,1,0,1,1,1,0,1,1,1,1,0.6802,1,72,1,1,1,1,1,1,1,0.7024,66,6.244,280.35,1,1,1274288.16,0.1173,0,1,18.85,2,1,10,1,1,0,0,1,10,0.1362,0.0568,5,1,1,0,1
NCRB-SYNTH-104705,High Court,Sec 439 CrPC (Regular Bail),1,22,13,1,0,1,1,1,1,1,1,1,1,0.5888,1,170,0,0,1,0,0,1,1,0.5825,106,4.7118,140.57,1,1,4478658.94,0.1154,1,1,9.61,2,4,2,1,1,1,1,0,4,0.0617,0.0383,5,1,1,0,0
NCRB-SYNTH-104706,High Court,Sec 439 CrPC (Regular Bail),1,7,6,1,0,1,1,1,1,1,1,1,1,0.53,0,64,1,1,1,1,1,1,1,0.7179,130,6.6858,269.02,1,1,3584678.38,0.1168,1,1,9.06,3,3,6,1,1,1,1,0,7,0.2434,0.117,3,1,1,0,0
NCRB-SYNTH-104711,High Court,Sec 439 CrPC (Regular Bail),2,20,33,1,0,1,1,1,0,1,1,1,1,0.8531,1,96,1,1,1,1,1,0,1,0.6625,80,7.3304,131.83,1,1,1674350.1,0.0978,1,1,4.48,3,3,10,1,1,1,1,0,8,0.1797,0.0818,5,1,1,1,1
NCRB-SYNTH-104712,Trial Court,Sec 439 CrPC (Regular Bail),1,15,97,1,0,1,1,1,0,1,1,1,1,0.8436,1,52,1,1,1,1,1,1,1,0.5025,133,5.6473,217.78,1,1,4129936.4,0.0612,0,1,21.98,4,4,8,1,1,1,1,0,9,0.0518,0.0225,3,1,1,0,1
NCRB-SYNTH-104715,Supreme Court,Sec 439 CrPC (Regular Bail),2,13,98,1,0,1,1,1,0,1,1,1,1,0.5965,1,26,0,0,1,1,0,1,1,0.5889,43,4.508,160.63,1,1,3977366.36,0.149,1,1,19.26,1,2,6,0,1,1,1,0,15,0.1051,0.0379,4,1,1,0,0
NCRB-SYNTH-104719,High Court,Sec 482 CrPC (Quashing),2,8,26,1,0,1,1,1,0,1,1,1,1,0.4483,1,59,0,1,1,0,1,1,1,0.7516,74,5.7845,162.28,1,1,2908012.85,0.0695,0,1,8.31,3,3,8,1,1,1,1,0,7,0.0682,0.0328,3,1,1,1,0
NCRB-SYNTH-104724,Trial Court,Sec 439 CrPC (Regular Bail),4,13,89,1,1,1,1,1,1,1,1,1,1,0.5968,1,166,0,0,1,0,0,1,1,0.6188,133,7.4448,230.16,1,1,2073638.32,0.0232,0,1,11.27,4,4,3,1,1,1,1,0,6,0.1922,0.0988,5,1,1,0,0
NCRB-SYNTH-104735,High Court,Sec 439 CrPC (Regular Bail),1,20,93,1,0,1,1,1,0,1,1,1,1,0.783,1,96,0,1,1,1,1,1,1,0.8682,96,5.5949,268.44,1,1,680566.43,0.1443,1,1,5.1,3,3,7,1,1,0,0,1,6,0.2399,0.1233,5,1,1,1,0
NCRB-SYNTH-104737,Trial Court,Sec 439 CrPC (Regular Bail),15,3,12,0,0,1,1,1,1,1,1,1,1,0.8501,1,33,1,0,1,1,1,0,1,0.6073,93,5.6713,120.87,1,1,1840834.54,0.1964,1,1,8.05,2,2,10,1,1,1,1,0,7,0.1206,0.058,5,1,1,0,1
NCRB-SYNTH-104739,High Court,Sec 482 CrPC (Quashing),7,23,20,1,0,1,1,1,1,1,1,1,1,0.9207,1,103,1,1,1,1,1,1,1,1.0,135,3.5775,66.97,1,1,1638995.56,0.1879,1,1,4.76,4,2,8,1,1,1,1,0,2,0.5927,0.5395,1,1,1,0,1
NCRB-SYNTH-104749,Trial Court,Sec 439 CrPC (Regular Bail),4,9,49,1,0,1,1,1,1,1,1,1,1,0.5313,1,21,1,1,1,0,0,1,1,0.7156,112,4.2684,164.88,1,1,2422110.79,0.1174,0,1,8.52,3,1,4,0,1,1,1,0,9,0.2279,0.099,5,1,1,1,0
NCRB-SYNTH-104752,High Court,Sec 439 CrPC (Regular Bail),2,17,67,1,0,1,1,1,1,1,1,1,1,0.4136,0,63,0,0,1,1,1,1,1,0.7832,120,6.8207,243.2,1,1,2209510.17,0.171,1,1,2.12,4,4,8,1,1,0,0,1,7,0.2079,0.1,3,1,1,1,0
NCRB-SYNTH-104754,High Court,Sec 439 CrPC (Regular Bail),2,23,55,1,0,1,1,1,0,1,1,1,1,0.7,1,153,0,0,1,1,0,1,1,0.4469,93,6.4956,246.58,1,1,409139.07,0.1819,1,1,1.49,2,1,7,1,1,0,0,1,37,0.2436,0.067,4,1,1,0,0
NCRB-SYNTH-104759,High Court,Sec 439 CrPC (Regular Bail),4,9,80,1,0,1,1,1,1,1,1,1,1,0.5211,1,78,1,1,1,1,1,1,1,0.5739,93,7.4589,236.7,1,1,3262416.62,0.0539,1,1,15.34,1,4,6,1,1,1,1,0,6,0.163,0.0838,5,1,1,0,0
NCRB-SYNTH-104761,High Court,Sec 439 CrPC (Regular Bail),1,14,90,1,0,1,1,1,1,1,1,1,1,0.4744,1,113,1,1,1,1,1,1,1,0.5973,124,4.6785,232.53,1,1,2091928.86,0.0405,0,1,7.44,4,4,5,1,1,1,1,0,6,0.2114,0.1087,5,1,1,1,0
NCRB-SYNTH-104765,High Court,Writ Petition (Detention),1,12,49,1,0,1,1,1,0,1,1,1,1,0.4705,1,117,1,1,1,1,0,1,1,0.5979,138,5.3494,246.25,1,1,4413342.25,0.0657,1,1,13.53,1,3,3,1,1,1,1,0,2,0.8904,0.8104,1,1,1,1,0
NCRB-SYNTH-104772,Trial Court,Trial Judgment,2,24,60,1,0,1,1,1,0,1,1,1,1,0.5154,1,25,1,1,1,1,1,1,1,0.619,79,5.4358,177.92,1,1,1555125.9,0.046,1,1,8.12,3,1,7,1,1,1,1,0,35,0.2195,0.0613,4,1,1,1,0
NCRB-SYNTH-104785,Trial Court,Sec 439 CrPC (Regular Bail),2,5,88,0,0,1,1,1,1,1,1,1,1,0.4079,1,34,0,0,1,1,1,1,1,0.5418,81,5.8165,90.92,1,1,3921433.58,0.1845,1,1,3.84,1,4,2,1,1,1,1,0,11,0.2218,0.0893,5,1,1,0,0
NCRB-SYNTH-104786,High Court,Writ Petition (Detention),4,17,17,1,0,1,1,1,0,1,1,1,1,0.9442,1,143,0,0,1,1,1,0,1,0.6315,86,7.4118,93.52,1,1,2040553.9,0.1412,1,1,2.56,5,2,2,1,1,1,1,0,4,0.1889,0.1173,3,1,1,0,0
NCRB-SYNTH-104789,Trial Court,Sec 439 CrPC (Regular Bail),2,22,68,1,0,1,1,1,1,1,1,1,1,0.4644,1,63,1,1,1,1,0,1,1,0.7798,88,3.8061,65.02,1,1,2712654.51,0.1845,1,1,6.73,5,1,9,1,1,0,0,1,45,0.1017,0.0266,4,1,1,0,0
NCRB-SYNTH-104806,Trial Court,Sec 439 CrPC (Regular Bail),1,10,56,1,0,1,1,1,1,1,1,1,1,0.4388,1,97,1,1,1,1,1,1,1,0.6795,71,5.1394,61.16,1,1,3997800.16,0.0661,1,1,1.82,1,2,10,1,1,1,1,0,10,0.0547,0.0228,5,1,1,1,0
NCRB-SYNTH-104814,Trial Court,Sec 439 CrPC (Regular Bail),4,7,58,1,0,1,1,1,0,1,1,1,1,0.4975,1,137,1,1,1,0,0,1,1,0.4412,112,4.9791,278.01,1,1,4101986.29,0.0161,1,1,3.48,1,1,5,0,1,1,1,0,5,0.0796,0.0444,5,1,1,0,0
NCRB-SYNTH-104823,Trial Court,Sec 439 CrPC (Regular Bail),2,9,29,1,0,1,1,1,0,1,1,1,1,0.8343,1,75,1,1,1,0,0,1,1,0.7359,112,3.8877,114.13,1,1,3365641.05,0.0326,0,1,5.51,2,3,9,1,1,1,1,0,10,0.2092,0.0872,5,1,1,0,1
NCRB-SYNTH-104824,High Court,Sec 482 CrPC (Quashing),2,6,57,0,0,1,1,1,1,1,1,1,1,0.6112,1,57,1,1,1,1,1,0,1,0.6853,76,6.3591,122.4,1,1,989257.31,0.1929,0,1,3.11,1,4,8,1,1,1,1,0,12,0.2105,0.0821,4,1,1,0,1
NCRB-SYNTH-104825,High Court,Sec 439 CrPC (Regular Bail),1,21,24,1,0,1,1,1,1,1,1,1,1,0.5417,1,72,1,1,1,1,1,1,1,0.6626,114,6.2949,48.16,1,1,4017220.77,0.0435,1,1,22.0,4,2,6,1,1,0,0,1,9,0.0529,0.023,3,1,1,1,0
NCRB-SYNTH-104830,Trial Court,Sec 439 CrPC (Regular Bail),4,16,15,1,0,1,1,1,0,1,1,1,1,0.6731,1,167,1,1,1,1,1,0,1,0.6886,127,6.9211,178.3,1,1,3442400.99,0.0021,1,1,1.45,1,2,5,1,1,0,0,1,7,0.1452,0.0698,5,1,1,1,1
NCRB-SYNTH-104835,High Court,Sec 439 CrPC (Regular Bail),2,12,94,0,0,1,1,1,0,1,1,1,1,0.9553,0,43,1,0,1,1,1,0,1,0.6659,137,3.502,282.98,1,1,2178011.55,0.1446,1,1,26.96,2,1,2,0,1,1,1,0,7,0.0947,0.0455,5,1,1,1,1
NCRB-SYNTH-104837,Trial Court,Sec 439 CrPC (Regular Bail),15,15,91,1,0,1,1,1,0,1,1,1,1,0.5294,1,60,1,1,1,1,1,0,1,0.8751,73,4.3629,262.76,1,1,3703558.61,0.1986,1,1,6.84,4,4,6,1,1,1,1,0,4,0.0846,0.0526,3,1,1,0,0
NCRB-SYNTH-104838,High Court,Sec 482 CrPC (Quashing),1,12,46,1,0,1,1,1,0,1,1,1,1,0.7757,1,89,1,1,1,1,0,0,1,0.8879,90,3.1958,170.64,1,1,1016548.14,0.0175,1,1,50.7,4,4,7,1,1,1,1,0,15,0.2008,0.0724,4,1,1,1,1
NCRB-SYNTH-104843,Trial Court,Sec 482 CrPC (Quashing),15,24,51,1,0,1,1,1,0,1,1,1,1,0.739,1,7,1,1,1,1,1,1,1,0.6241,73,5.2193,109.77,1,1,909497.17,0.1075,1,1,2.35,3,3,2,1,1,1,1,0,6,0.2162,0.1111,5,1,1,0,1
NCRB-SYNTH-104846,High Court,Sec 439 CrPC (Regular Bail),1,15,60,1,0,1,1,1,1,1,1,1,1,0.8854,1,130,0,0,1,0,1,1,1,0.6959,125,7.4947,274.81,1,1,4431917.32,0.0954,1,1,8.08,5,1,9,1,1,1,1,0,34,0.2004,0.0564,4,1,1,1,0
NCRB-SYNTH-104852,Trial Court,Sec 439 CrPC (Regular Bail),1,14,93,1,0,1,1,1,0,1,1,1,1,0.6019,1,21,1,1,1,1,1,0,1,0.7515,113,4.7974,228.22,1,1,4114209.64,0.1664,1,1,65.89,2,1,9,0,1,0,0,1,33,0.1545,0.0438,4,1,1,0,1
NCRB-SYNTH-104867,Trial Court,Writ Petition (Detention),2,16,33,1,1,1,1,1,0,1,1,1,1,0.9281,0,68,1,1,1,1,1,0,1,0.9301,101,5.5117,251.23,1,1,2218435.89,0.1916,1,1,1.71,2,4,5,1,1,1,1,0,7,0.1907,0.0917,5,1,1,0,1
NCRB-SYNTH-104871,High Court,Sec 439 CrPC (Regular Bail),1,10,64,1,0,1,1,1,1,1,1,1,1,0.6008,1,173,1,1,1,1,0,1,1,0.5866,121,7.6795,239.0,1,1,697545.27,0.1174,0,1,32.35,4,4,8,0,1,1,1,0,10,0.0635,0.0265,5,1,1,0,1
NCRB-SYNTH-104879,Trial Court,Sec 439 CrPC (Regular Bail),4,11,95,1,0,1,1,1,0,1,1,1,1,0.4686,1,30,0,1,1,1,1,1,1,0.5906,110,3.1861,148.42,1,1,3599346.08,0.102,1,1,3.65,5,1,3,0,1,1,1,0,42,0.3092,0.0822,4,1,1,0,0
NCRB-SYNTH-104882,Supreme Court,Writ Petition (Detention),2,10,29,1,0,1,1,1,0,1,1,1,1,0.6865,1,64,1,1,1,0,1,1,1,0.7465,109,6.7054,59.54,1,1,1820889.69,0.0653,1,1,2.85,4,4,8,1,1,0,0,1,11,0.2327,0.0936,5,1,1,1,1
NCRB-SYNTH-104895,High Court,Writ Petition (Detention),7,12,48,1,0,1,1,1,1,1,1,1,1,0.757,1,170,1,1,1,1,0,1,1,0.6587,135,7.8914,269.71,1,1,3141226.65,0.0983,1,1,20.91,1,2,2,1,1,1,1,0,38,0.1158,0.0316,4,1,1,0,1
NCRB-SYNTH-104902,Trial Court,Sec 482 CrPC (Quashing),2,19,38,1,0,1,1,1,0,1,1,1,1,0.5415,1,69,1,1,1,1,1,1,1,0.4508,54,5.1724,245.85,1,1,2623205.7,0.1529,0,1,2.48,5,4,10,1,1,1,1,0,8,0.2294,0.1044,5,1,1,1,0
NCRB-SYNTH-104910,High Court,Trial Judgment,1,12,97,1,0,1,1,1,0,1,1,1,1,0.8469,1,152,1,1,1,1,1,1,1,0.667,61,5.642,54.73,1,1,4377440.67,0.129,0,1,1.57,1,2,2,1,1,0,0,1,32,0.0902,0.0258,4,1,1,1,1
NCRB-SYNTH-104913,Trial Court,Trial Judgment,1,18,43,1,0,1,1,1,0,1,1,1,1,0.4986,1,180,1,1,1,1,1,1,1,0.8524,132,5.1111,264.15,1,1,1339196.02,0.1622,1,1,8.98,2,1,4,1,1,1,1,0,39,0.108,0.0293,4,1,1,0,0
NCRB-SYNTH-104918,High Court,Sec 439 CrPC (Regular Bail),2,25,23,0,0,1,1,1,0,1,1,1,1,0.9107,1,158,0,1,1,1,0,1,1,0.693,86,6.3728,229.84,1,1,1303762.2,0.0808,0,1,1.89,4,1,8,0,1,1,1,0,10,0.1476,0.0616,5,1,1,0,0
NCRB-SYNTH-104927,Supreme Court,Sec 439 CrPC (Regular Bail),2,4,70,1,0,1,1,1,1,1,1,1,1,0.4789,1,123,1,1,1,1,1,1,1,0.8046,56,7.1442,270.77,1,1,3379079.57,0.1424,1,1,30.0,2,4,9,1,1,1,1,0,30,0.1814,0.0528,4,1,1,0,0
NCRB-SYNTH-104931,Trial Court,Sec 439 CrPC (Regular Bail),15,10,98,1,0,1,1,1,0,1,1,1,1,0.3906,1,124,1,1,1,1,0,1,1,0.5521,80,6.2816,63.85,1,1,3299327.75,0.1156,1,1,28.52,2,2,2,1,1,1,1,0,9,0.1168,0.0507,5,1,1,0,0
NCRB-SYNTH-104934,High Court,Sec 482 CrPC (Quashing),1,21,80,1,0,1,1,1,0,1,1,1,1,0.8186,1,158,1,1,1,1,1,1,1,0.7166,142,4.5808,294.45,1,1,2824910.21,0.1653,0,1,17.3,5,4,10,1,1,1,1,0,16,0.2491,0.0879,4,1,1,0,1
NCRB-SYNTH-104935,Trial Court,Sec 439 CrPC (Regular Bail),1,6,24,1,0,1,1,1,0,1,1,1,1,0.7492,0,142,1,1,1,0,0,1,1,0.7979,87,5.4302,248.05,1,1,701638.28,0.0197,0,1,4.37,2,1,10,1,1,1,1,0,7,0.0614,0.0295,5,1,1,1,1
NCRB-SYNTH-104936,High Court,Sec 482 CrPC (Quashing),1,13,61,1,0,1,1,1,0,1,1,1,1,0.8846,1,85,1,1,1,1,0,1,1,0.7364,48,6.6477,120.34,1,1,3040134.2,0.0572,1,1,20.93,3,3,10,1,1,1,1,0,7,0.215,0.1034,5,1,1,0,1
NCRB-SYNTH-104942,Trial Court,Sec 439 CrPC (Regular Bail),1,21,32,1,0,1,1,1,0,1,1,1,1,0.428,1,55,1,1,1,1,1,0,1,0.5291,109,3.8376,294.96,1,1,1057196.43,0.1308,0,1,32.52,4,4,7,1,1,1,1,0,1,0.9425,1.3597,1,1,1,0,0
NCRB-SYNTH-104944,Trial Court,Sec 439 CrPC (Regular Bail),15,18,25,1,0,1,1,1,1,1,1,1,1,0.506,1,23,1,0,1,1,0,0,1,0.6044,106,6.8637,296.76,1,1,1586828.06,0.185,1,1,12.55,2,2,3,1,1,1,1,0,39,0.2253,0.0611,4,1,1,1,0
NCRB-SYNTH-104951,Supreme Court,Sec 482 CrPC (Quashing),1,16,9,1,0,1,1,1,0,1,1,1,1,0.7872,1,52,1,1,1,1,1,0,1,0.7673,42,4.6214,296.02,1,1,2648999.98,0.056,1,1,32.41,1,3,10,1,1,1,1,0,8,0.0671,0.0306,5,1,1,0,1
NCRB-SYNTH-104953,Trial Court,Sec 439 CrPC (Regular Bail),1,7,89,1,0,1,1,1,0,1,1,1,1,0.9104,1,21,1,1,1,0,0,1,1,0.741,112,5.7564,135.44,1,1,3469505.44,0.03,1,1,3.71,5,1,6,1,1,1,1,0,21,0.2309,0.0747,4,1,1,1,1
NCRB-SYNTH-104955,High Court,Sec 439 CrPC (Regular Bail),1,19,26,1,0,1,1,1,1,1,1,1,1,0.6497,1,110,0,1,1,0,0,1,1,0.6834,58,3.1294,248.97,1,1,2400427.78,0.0303,1,1,19.15,5,2,10,0,1,1,1,0,7,0.1733,0.0833,5,1,1,0,0
NCRB-SYNTH-104957,High Court,Sec 439 CrPC (Regular Bail),21,9,44,1,0,1,1,1,0,1,1,1,1,0.868,1,59,1,0,1,1,0,1,1,0.7424,81,6.2594,190.96,1,1,2226217.02,0.0537,0,1,16.31,4,2,10,1,1,0,0,1,4,0.137,0.0851,5,1,1,0,1
NCRB-SYNTH-104961,High Court,Sec 482 CrPC (Quashing),2,8,96,1,0,1,1,1,0,1,1,1,1,0.7331,1,149,0,1,1,1,0,1,1,0.8276,49,7.7905,191.14,1,1,1448322.72,0.0889,1,1,21.97,5,1,6,1,1,1,1,0,8,0.2098,0.0955,5,1,1,1,0
NCRB-SYNTH-104965,High Court,Sec 482 CrPC (Quashing),4,10,36,1,0,1,1,1,0,1,1,1,1,0.8086,1,127,1,1,1,1,0,1,1,0.6577,54,4.1094,174.61,1,1,3861105.83,0.0322,1,1,9.13,5,3,2,1,1,1,1,0,13,0.0809,0.0306,4,1,1,0,1
NCRB-SYNTH-104970,High Court,Sec 439 CrPC (Regular Bail),1,7,87,1,0,1,1,1,0,1,1,1,1,0.6116,1,29,1,1,1,1,0,0,1,0.85,49,6.1493,245.05,1,1,2921087.69,0.059,0,1,2.63,2,4,4,0,1,0,0,1,26,0.1994,0.0605,4,1,1,0,1
NCRB-SYNTH-104971,Trial Court,Trial Judgment,1,18,96,0,0,1,1,1,1,1,1,1,1,0.8443,1,73,1,1,1,1,1,0,1,0.6571,84,7.2323,182.58,1,1,736725.91,0.055,1,1,1.81,3,1,10,1,1,1,1,0,4,0.2277,0.1415,5,1,1,0,1
NCRB-SYNTH-104973,High Court,Sec 482 CrPC (Quashing),27,22,91,1,0,1,1,1,1,1,1,1,1,0.6429,1,145,0,1,1,0,1,0,1,0.9413,126,5.8514,101.02,1,1,936696.99,0.0763,1,1,21.15,2,2,3,1,1,1,1,0,11,0.0643,0.0259,5,1,1,0,0
NCRB-SYNTH-104976,High Court,Trial Judgment,1,9,86,1,0,1,1,1,0,1,1,1,1,0.4789,1,144,1,1,1,1,1,1,1,0.5697,55,4.0823,294.76,1,1,3166710.14,0.0775,1,1,3.92,5,1,7,1,1,0,0,1,9,0.058,0.0252,5,1,1,0,0
NCRB-SYNTH-105001,Trial Court,Sec 439 CrPC (Regular Bail),1,22,94,1,0,1,1,1,1,1,1,1,1,0.4117,1,159,1,0,1,1,1,1,1,0.5207,140,6.8237,187.64,1,1,1584890.69,0.0574,0,1,46.13,3,1,10,0,1,1,1,0,4,0.0576,0.0358,5,1,1,0,0
NCRB-SYNTH-105002,Trial Court,Sec 439 CrPC (Regular Bail),1,5,30,1,0,1,1,1,0,1,1,1,1,0.6411,1,126,1,1,1,1,1,1,1,0.7542,46,5.3449,128.88,1,1,3907834.82,0.062,1,1,2.81,3,4,4,0,1,1,1,0,11,0.2442,0.0983,3,1,1,0,1
NCRB-SYNTH-105010,High Court,Writ Petition (Detention),1,20,9,1,0,1,1,1,0,1,1,1,1,0.4706,0,43,1,1,1,1,1,1,1,0.711,146,4.704,192.01,1,1,967395.83,0.1259,0,1,9.56,3,4,7,1,1,0,0,1,6,0.1944,0.0999,3,1,1,0,0
NCRB-SYNTH-105013,Supreme Court,Sec 439 CrPC (Regular Bail),1,10,36,1,0,1,1,1,0,1,1,1,1,0.5435,1,29,1,1,1,1,1,0,1,0.7477,86,3.1036,141.29,1,1,310172.86,0.1215,0,1,8.67,5,3,2,0,1,1,1,0,6,0.2367,0.1216,5,1,1,0,0
NCRB-SYNTH-105022,Supreme Court,Writ Petition (Detention),4,18,83,1,0,1,1,1,0,1,1,1,1,0.7354,1,99,1,1,1,0,1,1,1,0.5772,108,5.946,212.73,1,1,897329.17,0.0087,1,1,18.99,5,1,8,0,1,0,0,1,9,0.217,0.0942,5,1,1,0,1
NCRB-SYNTH-105026,High Court,Sec 439 CrPC (Regular Bail),1,25,85,1,0,1,1,1,0,1,1,1,1,0.4221,1,137,1,1,1,1,0,1,1,0.6298,81,7.4926,103.38,1,1,4153143.63,0.0446,1,1,5.57,1,3,9,1,1,1,1,0,1,0.8635,1.2457,1,1,1,0,0
NCRB-SYNTH-105032,Trial Court,Trial Judgment,27,11,61,1,0,1,1,1,0,1,1,1,1,0.4359,1,46,1,1,1,0,0,0,1,0.7826,143,7.9059,299.02,1,1,1053499.09,0.0882,0,1,34.18,2,4,5,1,1,1,1,0,22,0.2919,0.0931,4,1,1,1,0
NCRB-SYNTH-105036,High Court,Sec 482 CrPC (Quashing),4,13,84,1,0,1,1,1,1,1,1,1,1,0.4973,1,63,1,0,1,1,1,0,1,0.6008,150,3.4368,167.63,1,1,2578222.07,0.0581,1,1,14.53,1,4,10,1,1,1,1,0,37,0.1273,0.035,4,1,1,0,0
NCRB-SYNTH-105047,High Court,Sec 439 CrPC (Regular Bail),2,6,99,1,0,1,1,1,0,1,1,1,1,0.5324,0,59,1,1,1,0,0,0,1,0.5725,75,3.5688,213.01,1,1,1377649.93,0.1556,0,1,17.47,4,2,8,1,1,1,1,0,12,0.1679,0.0654,4,1,1,1,0
NCRB-SYNTH-105048,Trial Court,Writ Petition (Detention),2,23,84,1,0,1,1,1,1,1,1,1,1,0.8293,1,34,1,1,1,0,0,1,1,0.6877,121,5.4819,116.41,1,1,4309698.33,0.0824,1,1,5.42,5,2,7,1,1,0,0,1,2,0.545,0.4961,1,1,1,0,1
NCRB-SYNTH-105050,Trial Court,Sec 439 CrPC (Regular Bail),1,16,82,1,0,1,1,1,0,1,1,1,1,0.9039,1,98,1,1,1,1,0,0,1,0.6034,139,6.7776,229.69,1,1,1752429.26,0.0591,1,1,5.57,5,2,3,1,1,1,1,0,45,0.1765,0.0461,4,1,1,1,1
NCRB-SYNTH-105055,Trial Court,Sec 482 CrPC (Quashing),7,11,70,1,0,1,1,1,0,1,1,1,1,0.901,0,177,1,1,1,1,1,1,1,0.5838,104,5.5479,229.08,1,1,3927963.95,0.1205,0,1,33.21,5,4,5,1,1,1,1,0,9,0.1035,0.045,5,1,1,0,1
NCRB-SYNTH-105057,High Court,Sec 482 CrPC (Quashing),27,25,45,1,0,1,1,1,0,1,1,1,1,0.5745,1,151,1,1,1,0,1,1,1,0.7566,123,4.9981,73.28,1,1,3954518.29,0.0274,1,1,2.73,3,4,5,1,1,1,1,0,11,0.2217,0.0892,5,1,1,0,0
NCRB-SYNTH-105063,Trial Court,Sec 439 CrPC (Regular Bail),1,12,90,1,1,1,1,1,0,1,1,1,1,0.52,1,114,0,1,1,1,0,1,1,0.7166,40,5.5495,134.95,1,1,1085935.59,0.0691,1,1,4.62,2,1,6,1,1,1,1,0,35,0.256,0.0714,4,1,1,0,0
NCRB-SYNTH-105067,Trial Court,Sec 439 CrPC (Regular Bail),4,6,68,1,0,1,1,1,1,1,1,1,1,0.8048,1,138,1,1,1,1,1,1,1,0.732,45,6.698,176.73,1,1,2939831.91,0.0594,1,1,10.25,4,3,5,0,1,1,1,0,10,0.0763,0.0318,5,1,1,0,1
NCRB-SYNTH-105073,Trial Court,Sec 482 CrPC (Quashing),2,18,45,1,0,1,1,1,1,1,1,1,1,0.4877,1,28,0,0,1,1,1,0,1,0.578,59,4.6958,179.14,1,1,3244711.93,0.0216,1,1,4.81,1,3,3,1,1,0,0,1,7,0.2307,0.111,3,1,1,0,0
NCRB-SYNTH-105076,Trial Court,Sec 482 CrPC (Quashing),4,13,49,1,0,1,1,1,0,1,1,1,1,0.5333,0,155,0,0,1,1,0,0,1,0.7031,58,4.314,292.28,1,1,3913195.08,0.0458,1,1,50.15,3,1,9,1,1,1,1,0,5,0.0964,0.0538,5,1,1,0,0
NCRB-SYNTH-105079,Trial Court,Writ Petition (Detention),15,3,48,1,0,1,1,1,1,1,1,1,1,0.8712,1,83,1,1,1,1,1,1,1,0.6752,73,7.3865,244.86,1,1,2706796.17,0.1665,0,1,40.1,5,3,6,1,1,1,1,0,4,0.1098,0.0682,5,1,1,1,1
NCRB-SYNTH-105080,High Court,Trial Judgment,2,5,34,1,0,1,1,1,1,1,1,1,1,0.5531,1,50,1,1,1,1,0,1,1,0.8888,52,7.0245,284.05,1,1,3027944.6,0.0984,1,1,1.04,4,3,10,0,1,1,1,0,12,0.2884,0.1124,4,1,1,1,0
NCRB-SYNTH-105086,Trial Court,Sec 439 CrPC (Regular Bail),1,6,43,1,0,1,1,1,0,1,1,1,1,0.8416,0,127,1,1,1,0,0,0,1,0.7088,59,4.5809,119.2,1,1,4062032.85,0.1029,1,1,40.48,5,4,6,1,1,0,0,1,1,0.4541,0.6552,1,1,1,0,1
NCRB-SYNTH-105096,High Court,Sec 439 CrPC (Regular Bail),2,3,42,1,0,1,1,1,1,1,1,1,1,0.4315,1,135,1,1,1,1,1,0,1,0.7736,40,7.1854,158.77,1,1,2469125.68,0.038,0,1,8.6,3,4,4,1,1,1,1,0,31,0.084,0.0242,4,1,1,0,0
NCRB-SYNTH-105099,High Court,Sec 439 CrPC (Regular Bail),2,12,78,1,0,1,1,1,0,1,1,1,1,0.905,1,101,1,1,1,1,1,1,1,0.5755,107,4.2595,237.6,1,1,454375.48,0.0047,0,1,3.63,2,4,7,1,1,0,0,1,43,0.193,0.051,4,1,1,1,1
NCRB-SYNTH-105101,High Court,Sec 482 CrPC (Quashing),15,14,83,1,1,1,1,1,0,1,1,1,1,0.7221,1,48,1,0,1,1,1,1,1,0.5036,114,6.7234,236.06,1,1,4024457.0,0.0938,0,1,6.47,5,3,9,1,1,1,1,0,4,0.2204,0.137,5,1,1,1,1
NCRB-SYNTH-105107,High Court,Sec 439 CrPC (Regular Bail),1,15,73,1,0,1,1,1,0,1,1,1,1,0.5114,0,122,0,1,1,1,0,1,1,0.6769,141,5.8493,230.59,1,1,459201.97,0.1476,1,1,20.84,2,3,3,1,1,1,1,0,19,0.2802,0.0935,4,1,1,0,0
NCRB-SYNTH-105117,Trial Court,Sec 482 CrPC (Quashing),1,8,5,1,0,1,1,1,0,1,1,1,1,0.6838,1,37,1,0,1,1,0,1,1,0.6325,123,5.7846,89.25,1,1,2989008.71,0.0824,1,1,1.45,3,1,2,1,1,1,1,0,20,0.1569,0.0515,4,1,1,0,1
NCRB-SYNTH-105118,Trial Court,Sec 439 CrPC (Regular Bail),1,3,85,1,0,1,1,1,1,1,1,1,1,0.798,0,24,1,1,1,0,0,1,1,0.7124,128,6.5944,273.45,1,1,3679014.98,0.0803,1,1,16.34,4,3,2,1,1,1,1,0,5,0.0594,0.0331,5,1,1,1,1
NCRB-SYNTH-105124,Trial Court,Sec 439 CrPC (Regular Bail),2,16,62,1,0,1,1,1,1,1,1,1,1,0.7682,1,173,1,1,1,1,0,0,1,0.6893,100,4.8989,229.05,1,1,555571.17,0.0366,1,1,6.39,2,3,5,1,1,1,1,0,29,0.2901,0.0853,4,1,1,0,1
NCRB-SYNTH-105127,Supreme Court,Sec 439 CrPC (Regular Bail),1,12,26,1,0,1,1,1,0,1,1,1,1,0.3541,1,34,1,1,1,1,1,1,1,0.7667,128,5.192,265.07,1,1,1949429.33,0.1735,1,1,3.87,3,4,4,1,1,0,0,1,26,0.1938,0.0588,4,1,1,1,0
NCRB-SYNTH-105132,Trial Court,Sec 482 CrPC (Quashing),1,23,9,0,0,1,1,1,0,1,1,1,1,0.4452,1,54,1,1,1,0,0,1,1,0.649,124,7.7279,263.4,1,1,2657164.12,0.0602,0,1,26.4,2,3,5,1,1,1,1,0,7,0.1936,0.0931,5,1,1,0,0
NCRB-SYNTH-105136,High Court,Writ Petition (Detention),15,17,64,1,0,1,1,1,0,1,1,1,1,0.6839,1,181,1,1,1,1,1,0,1,0.6904,132,6.3402,210.31,1,1,1456095.25,0.0252,1,1,32.24,2,4,3,0,1,1,1,0,35,0.1825,0.0509,4,1,1,1,1
NCRB-SYNTH-105145,High Court,Sec 439 CrPC (Regular Bail),2,4,13,1,0,1,1,1,1,1,1,1,1,0.7509,1,132,1,1,1,1,0,1,1,0.6772,140,4.193,234.25,1,1,570915.33,0.0923,0,1,6.63,5,3,5,1,1,1,1,0,41,0.2582,0.0691,4,1,1,1,1
NCRB-SYNTH-105159,High Court,Sec 439 CrPC (Regular Bail),1,15,82,1,0,1,1,1,0,1,1,1,1,0.9381,1,65,1,0,1,0,1,0,1,0.5809,92,5.4237,212.3,1,1,301685.02,0.0566,0,1,8.41,1,3,3,1,1,1,1,0,11,0.2286,0.092,5,1,1,0,1
NCRB-SYNTH-105164,High Court,Writ Petition (Detention),1,10,88,1,0,1,1,1,1,1,1,1,1,0.7658,1,82,1,1,1,1,0,1,1,0.7207,125,5.8323,233.92,1,1,3758937.74,0.0332,1,1,30.72,3,4,9,1,1,1,1,0,10,0.2387,0.0996,5,1,1,0,1
NCRB-SYNTH-105171,High Court,Sec 482 CrPC (Quashing),1,16,8,1,0,1,1,1,1,1,1,1,1,0.5654,1,158,0,0,1,1,1,1,1,0.5227,94,3.2923,251.63,1,1,2096885.32,0.0459,0,1,7.3,4,3,8,1,1,1,1,0,7,0.2116,0.1018,3,1,1,1,0
NCRB-SYNTH-105175,Trial Court,Sec 439 CrPC (Regular Bail),1,21,55,1,0,1,1,1,0,1,1,1,1,0.7449,1,60,1,1,1,1,0,0,1,0.7891,102,5.0797,278.4,1,1,813165.62,0.1763,1,1,5.13,4,4,5,1,1,1,1,0,9,0.1188,0.0516,5,1,1,0,1
NCRB-SYNTH-105179,High Court,Sec 439 CrPC (Regular Bail),2,20,88,1,1,1,1,1,0,1,1,1,1,0.5818,1,91,0,1,1,1,1,1,1,0.8288,65,5.4729,256.24,1,1,3720897.42,0.0077,1,1,11.7,4,2,2,1,1,1,1,0,6,0.0637,0.0327,5,1,1,0,0
NCRB-SYNTH-105181,Trial Court,Trial Judgment,1,12,56,1,0,1,1,1,1,1,1,1,1,0.457,1,148,1,1,1,1,0,0,1,0.8248,91,6.046,254.4,1,1,4204713.75,0.0957,1,1,20.53,4,3,7,1,1,1,1,0,9,0.1261,0.0548,5,1,1,0,0
NCRB-SYNTH-105188,High Court,Sec 482 CrPC (Quashing),1,12,59,1,0,1,1,1,0,1,1,1,1,0.9021,1,146,1,1,1,1,0,1,1,0.4138,60,3.8045,189.05,1,1,1537901.18,0.0054,0,1,17.17,4,4,10,1,1,1,1,0,44,0.092,0.0242,4,1,1,0,1
NCRB-SYNTH-105199,High Court,Sec 439 CrPC (Regular Bail),1,25,19,1,0,1,1,1,0,1,1,1,1,0.5063,1,129,1,1,1,1,1,1,1,0.4861,127,4.5437,222.21,1,1,3142749.24,0.1095,1,1,4.61,4,1,10,0,1,1,1,0,9,0.0825,0.0358,5,1,1,0,0
NCRB-SYNTH-105206,Trial Court,Sec 482 CrPC (Quashing),2,9,14,1,0,1,1,1,1,1,1,1,1,0.6005,1,119,1,1,1,1,0,1,1,0.5466,113,7.0844,172.73,1,1,2127873.72,0.0741,0,1,2.13,1,2,5,1,1,1,1,0,22,0.1321,0.0421,4,1,1,1,1
NCRB-SYNTH-105208,High Court,Sec 439 CrPC (Regular Bail),7,5,92,1,0,1,1,1,0,1,1,1,1,0.7242,1,129,1,1,1,0,1,1,1,0.646,122,4.0798,133.79,1,1,3904176.67,0.1684,1,1,23.84,2,1,2,1,1,1,1,0,28,0.2554,0.0758,4,1,1,1,1
NCRB-SYNTH-105215,Trial Court,Sec 482 CrPC (Quashing),1,3,52,1,0,1,1,1,0,1,1,1,1,0.73,1,58,0,0,1,1,1,0,1,0.6003,40,5.3647,91.99,1,1,2993068.17,0.1684,0,1,25.45,1,3,3,1,1,1,1,0,10,0.0802,0.0335,5,1,1,0,0
NCRB-SYNTH-105217,High Court,Sec 482 CrPC (Quashing),1,3,25,1,0,1,1,1,0,1,1,1,1,0.6861,1,70,1,1,1,1,1,1,1,0.9704,139,7.1472,133.94,1,1,3787547.76,0.1333,1,1,2.99,4,4,2,1,1,1,1,0,34,0.1571,0.0442,4,1,1,0,1
NCRB-SYNTH-105222,High Court,Writ Petition (Detention),7,22,28,1,0,1,1,1,0,1,1,1,1,0.5342,0,29,1,1,1,1,1,1,1,0.7558,63,5.4003,233.23,1,1,2333544.56,0.0793,1,1,6.35,3,2,9,1,1,1,1,0,10,0.082,0.0342,3,1,1,1,0
NCRB-SYNTH-105224,High Court,Sec 439 CrPC (Regular Bail),2,9,78,0,1,1,1,1,0,1,1,1,1,0.4675,1,99,1,1,1,1,1,1,1,0.5642,43,4.034,251.87,1,1,1111269.07,0.0967,1,1,2.19,3,1,10,1,1,0,0,1,28,0.2099,0.0623,4,1,1,1,0
NCRB-SYNTH-105225,Trial Court,Sec 439 CrPC (Regular Bail),2,14,27,1,0,1,1,1,0,1,1,1,1,0.6904,1,147,1,1,1,1,0,0,1,0.7463,56,5.4985,144.99,1,1,619967.95,0.1566,0,1,4.08,4,1,2,1,1,1,1,0,4,0.0978,0.0608,5,1,1,1,1
NCRB-SYNTH-105232,Trial Court,Sec 439 CrPC (Regular Bail),1,22,84,1,0,1,1,1,0,1,1,1,1,0.6162,1,84,1,1,1,1,0,0,1,0.668,128,6.4325,57.27,1,1,2908093.55,0.0298,1,1,16.54,3,1,6,1,1,1,1,0,42,0.3178,0.0845,4,1,1,1,1
NCRB-SYNTH-105234,High Court,Sec 439 CrPC (Regular Bail),1,22,37,1,0,1,1,1,0,1,1,1,1,0.8505,1,121,1,1,1,0,1,1,1,0.5701,102,3.2679,248.41,1,1,1289408.82,0.1629,0,1,6.26,1,4,3,1,1,1,1,0,7,0.1425,0.0685,5,1,1,1,1
NCRB-SYNTH-105235,High Court,Sec 439 CrPC (Regular Bail),1,21,40,1,0,1,1,1,1,1,1,1,1,0.7356,1,40,1,1,1,1,1,0,1,0.5095,56,7.7171,293.48,1,1,2195613.6,0.1181,0,1,6.8,2,4,2,0,1,1,1,0,10,0.1951,0.0814,5,1,1,0,1
NCRB-SYNTH-105240,Trial Court,Sec 439 CrPC (Regular Bail),1,13,29,1,0,1,1,1,0,1,1,1,1,0.3868,1,160,1,0,1,1,0,0,1,0.5362,106,3.3538,76.71,1,1,2840680.4,0.0124,1,1,2.05,3,3,6,1,1,1,1,0,11,0.0933,0.0375,5,1,1,0,0
NCRB-SYNTH-105242,Trial Court,Trial Judgment,1,22,62,0,0,1,1,1,1,1,1,1,1,0.9614,0,158,1,0,1,1,0,1,1,0.7205,76,7.3847,277.92,1,1,2481222.28,0.1919,0,1,5.03,2,4,7,1,1,1,1,0,33,0.3179,0.0901,4,1,1,1,1
NCRB-SYNTH-105243,Trial Court,Sec 439 CrPC (Regular Bail),1,7,94,1,0,1,1,1,1,1,1,1,1,0.8373,1,74,1,0,1,1,0,1,1,0.4664,117,3.3164,138.62,1,1,3581282.49,0.0747,1,1,1.8,2,1,2,1,1,1,1,0,25,0.2928,0.0899,4,1,1,1,1
NCRB-SYNTH-105249,Supreme Court,Sec 482 CrPC (Quashing),2,18,48,1,0,1,1,1,0,1,1,1,1,0.7313,1,152,1,1,1,1,1,1,1,0.7797,139,6.0977,290.01,1,1,2657991.81,0.096,1,1,1.96,1,1,10,0,1,1,1,0,30,0.2619,0.0763,4,1,1,1,1
NCRB-SYNTH-105250,Trial Court,Trial Judgment,1,12,67,1,0,1,1,1,1,1,1,1,1,0.4346,1,16,1,1,1,1,1,1,1,0.7468,52,7.3202,121.15,1,1,3915826.45,0.1579,0,1,8.7,3,1,6,1,1,1,1,0,22,0.1773,0.0566,4,1,1,0,0
NCRB-SYNTH-105251,Trial Court,Writ Petition (Detention),27,23,49,1,0,1,1,1,1,1,1,1,1,0.5877,0,41,0,1,1,1,0,1,1,0.9191,117,4.8829,116.73,1,1,620782.19,0.0638,1,1,2.69,2,3,6,1,1,1,1,0,6,0.1528,0.0785,5,1,1,0,0
NCRB-SYNTH-105256,High Court,Sec 439 CrPC (Regular Bail),27,8,87,1,0,1,1,1,0,1,1,1,1,0.7986,1,79,0,1,1,0,1,0,1,0.6296,66,7.219,92.2,1,1,1090455.02,0.1845,0,1,13.2,1,1,6,1,1,1,1,0,19,0.236,0.0788,4,1,1,0,0
NCRB-SYNTH-105258,Trial Court,Sec 439 CrPC (Regular Bail),1,14,86,1,0,1,1,1,0,1,1,1,1,0.7706,1,89,1,1,1,1,1,1,1,0.6266,120,4.5464,287.84,1,1,1391202.37,0.1843,1,1,8.19,1,4,6,1,1,1,1,0,5,0.1658,0.0925,3,1,1,0,1
NCRB-SYNTH-105259,High Court,Sec 439 CrPC (Regular Bail),1,9,54,1,0,1,1,1,1,1,1,1,1,0.9502,1,68,1,1,1,1,0,1,1,0.7547,132,3.2364,113.97,1,1,3535543.43,0.1842,1,1,61.98,1,3,6,0,1,0,0,1,10,0.068,0.0284,5,1,1,1,1
NCRB-SYNTH-105266,Trial Court,Sec 439 CrPC (Regular Bail),4,5,75,1,0,1,1,1,1,1,1,1,1,0.5826,1,139,1,1,1,1,0,1,1,0.7438,74,5.5599,270.87,1,1,2993920.29,0.1118,0,1,22.0,5,4,8,0,1,1,1,0,1,0.5622,0.8111,1,1,1,1,0
NCRB-SYNTH-105268,Trial Court,Sec 482 CrPC (Quashing),1,18,91,0,0,1,1,1,0,1,1,1,1,0.4897,1,175,1,1,1,1,0,1,1,0.6618,84,4.3042,205.31,1,1,1654596.05,0.1259,1,1,3.07,5,3,5,0,1,1,1,0,9,0.0759,0.033,3,1,1,0,0
NCRB-SYNTH-105275,High Court,Sec 439 CrPC (Regular Bail),45,10,75,1,0,1,1,1,0,1,1,1,1,0.5232,1,39,0,0,1,1,0,1,1,0.7195,85,6.1529,138.59,1,1,1232380.67,0.0298,1,1,7.41,3,4,9,1,1,1,1,0,10,0.1728,0.0721,5,1,1,0,0
NCRB-SYNTH-105282,Trial Court,Sec 439 CrPC (Regular Bail),1,7,90,1,0,1,1,1,0,1,1,1,1,0.6645,1,79,0,0,1,1,0,1,1,0.8135,127,3.5662,100.79,1,1,1274605.02,0.1779,0,1,2.24,4,4,2,1,1,1,1,0,9,0.0888,0.0385,5,1,1,1,0
NCRB-SYNTH-105285,Trial Court,Sec 482 CrPC (Quashing),1,19,71,1,0,1,1,1,1,1,1,1,1,0.8846,1,153,0,0,1,1,1,1,1,0.7841,48,5.0501,70.93,1,1,1225354.48,0.0503,0,1,1.89,2,1,7,1,1,0,0,1,10,0.2229,0.093,5,1,1,1,0
NCRB-SYNTH-105297,Trial Court,Sec 439 CrPC (Regular Bail),27,11,39,1,0,1,1,1,0,1,1,1,1,0.7842,1,107,1,1,1,1,0,1,1,0.848,96,7.6687,132.04,1,1,2983685.22,0.1979,1,1,2.94,4,3,7,0,1,1,1,0,13,0.1687,0.0639,4,1,1,0,1
NCRB-SYNTH-105299,Trial Court,Sec 482 CrPC (Quashing),1,14,17,1,0,1,1,1,0,1,1,1,1,0.3984,1,41,1,1,1,1,0,0,1,0.67,88,6.1033,111.35,1,1,713681.6,0.0011,1,1,19.69,1,4,2,0,1,1,1,0,45,0.2351,0.0614,4,1,1,0,0
NCRB-SYNTH-105305,High Court,Sec 439 CrPC (Regular Bail),1,13,55,1,0,1,1,1,0,1,1,1,1,0.4449,1,147,1,1,1,1,1,0,1,0.7891,63,6.6265,82.3,1,1,1177890.06,0.1776,0,1,22.29,5,4,2,0,1,0,0,1,2,0.5248,0.4777,1,1,1,0,0
NCRB-SYNTH-105306,Trial Court,Sec 439 CrPC (Regular Bail),1,10,96,1,0,1,1,1,1,1,1,1,1,0.7006,1,22,1,1,1,0,1,1,1,0.6844,86,4.4108,220.09,1,1,951494.74,0.0208,0,1,1.58,3,3,2,1,1,1,1,0,16,0.2645,0.0934,4,1,1,0,1
NCRB-SYNTH-105307,Supreme Court,Sec 439 CrPC (Regular Bail),2,22,29,1,0,1,1,1,1,1,1,1,1,0.705,1,112,1,1,1,1,1,1,1,0.6615,143,4.4351,264.07,1,1,3250524.1,0.039,1,1,7.78,4,3,7,1,1,1,1,0,3,0.7439,0.5366,1,1,1,0,1
NCRB-SYNTH-105308,High Court,Sec 482 CrPC (Quashing),2,23,60,1,0,1,1,1,0,1,1,1,1,0.6935,1,26,0,0,1,0,1,1,1,0.5369,68,3.545,236.86,1,1,1776868.04,0.1096,1,1,13.79,5,3,9,1,1,1,1,0,35,0.1441,0.0402,4,1,1,0,0
NCRB-SYNTH-105315,Trial Court,Writ Petition (Detention),2,6,43,1,0,1,1,1,0,1,1,1,1,0.9436,1,178,1,1,1,1,1,0,1,0.6906,43,7.8118,46.35,1,1,504259.12,0.1124,1,1,14.97,5,3,7,0,1,1,1,0,7,0.0655,0.0315,5,1,1,1,1
NCRB-SYNTH-105316,Trial Court,Sec 482 CrPC (Quashing),1,13,7,0,0,1,1,1,0,1,1,1,1,0.5359,1,153,1,1,1,1,1,1,1,0.5991,81,5.9155,248.15,1,1,555833.55,0.0266,0,1,4.71,2,3,8,0,1,1,1,0,5,0.209,0.1166,5,1,1,0,0
NCRB-SYNTH-105323,High Court,Sec 482 CrPC (Quashing),7,6,79,1,0,1,1,1,0,1,1,1,1,0.8821,1,132,1,1,1,1,0,1,1,0.6859,70,5.0888,124.94,1,1,1558108.14,0.172,1,1,18.62,2,3,6,0,1,1,1,0,2,0.4948,0.4504,1,1,1,0,1
NCRB-SYNTH-105329,Trial Court,Sec 439 CrPC (Regular Bail),2,8,98,1,0,1,1,1,0,1,1,1,1,0.8067,1,153,0,1,1,1,1,1,1,0.5987,94,7.3775,259.42,1,1,1512069.37,0.1571,1,1,10.36,2,1,9,1,1,1,1,0,5,0.0564,0.0315,3,1,1,0,0
NCRB-SYNTH-105330,Trial Court,Trial Judgment,4,11,57,1,0,1,1,1,0,1,1,1,1,0.8179,1,82,1,0,1,1,1,0,1,0.7058,91,3.4686,63.62,1,1,928164.14,0.0959,0,1,10.11,3,2,9,1,1,0,0,1,38,0.307,0.0838,4,1,1,0,1
NCRB-SYNTH-105346,Trial Court,Sec 439 CrPC (Regular Bail),21,20,66,1,0,1,1,1,0,1,1,1,1,0.604,1,87,1,1,1,1,0,0,1,0.7179,62,4.81,281.16,1,1,1612625.95,0.1787,0,1,4.6,2,4,10,1,1,1,1,0,25,0.29,0.089,4,1,1,0,1
NCRB-SYNTH-105349,High Court,Trial Judgment,2,22,71,1,0,1,1,1,0,1,1,1,1,0.6573,0,103,0,0,1,0,1,1,1,0.7409,101,7.6614,79.79,1,1,4401520.77,0.1639,0,1,9.31,3,4,3,1,1,0,0,1,17,0.1901,0.0658,4,1,1,0,0
NCRB-SYNTH-105354,High Court,Writ Petition (Detention),4,19,99,1,0,1,1,1,0,1,1,1,1,0.4798,1,33,1,1,1,1,1,1,1,0.781,67,5.9204,54.56,1,1,1056887.25,0.0823,1,1,13.51,3,1,4,1,1,1,1,0,20,0.1032,0.0339,4,1,1,0,0
NCRB-SYNTH-105355,Trial Court,Trial Judgment,1,11,8,1,0,1,1,1,1,1,1,1,1,0.5589,1,77,0,0,1,1,1,1,1,0.6155,125,4.4143,128.78,1,1,1137409.59,0.1841,0,1,9.13,5,4,10,1,1,1,1,0,31,0.1566,0.0452,4,1,1,0,0
NCRB-SYNTH-105356,High Court,Sec 482 CrPC (Quashing),4,15,76,1,0,1,1,1,0,1,1,1,1,0.8816,1,176,1,1,1,0,0,1,1,0.7288,59,5.6967,270.25,1,1,2853542.96,0.0797,1,1,1.28,4,3,4,1,1,1,1,0,9,0.0748,0.0325,3,1,1,0,1
NCRB-SYNTH-105360,High Court,Trial Judgment,2,4,63,1,0,1,1,1,0,1,1,1,1,0.7432,0,52,1,1,1,1,1,1,1,0.5662,111,6.8469,93.6,1,1,2455443.5,0.0446,1,1,4.5,1,2,2,1,1,1,1,0,21,0.313,0.1013,4,1,1,0,1
NCRB-SYNTH-105363,Trial Court,Writ Petition (Detention),4,20,21,1,0,1,1,1,0,1,1,1,1,0.5793,1,141,1,1,1,1,1,1,1,0.756,121,6.5816,221.66,1,1,2363477.22,0.1763,0,1,12.36,4,3,9,1,1,1,1,0,6,0.1276,0.0656,5,1,1,0,0
NCRB-SYNTH-105365,High Court,Trial Judgment,4,4,26,1,0,1,1,1,0,1,1,1,1,0.5312,1,122,1,1,1,1,1,1,1,0.8438,43,5.8963,192.92,1,1,3570691.96,0.1979,0,1,2.35,4,3,7,1,1,1,1,0,1,0.8948,1.2909,1,1,1,1,0
NCRB-SYNTH-105368,High Court,Sec 482 CrPC (Quashing),1,7,42,1,0,1,1,1,0,1,1,1,1,0.895,1,114,0,0,1,1,1,1,1,0.4621,117,5.8707,229.8,1,1,2118691.34,0.1233,1,1,10.08,4,4,8,0,1,0,0,1,24,0.2917,0.0906,4,1,1,0,0
NCRB-SYNTH-105371,Supreme Court,Sec 439 CrPC (Regular Bail),4,20,35,0,0,1,1,1,0,1,1,1,1,0.916,1,169,1,1,1,0,0,1,1,0.8052,118,7.0673,264.28,1,1,1625777.77,0.1671,1,1,8.27,3,1,8,1,1,1,1,0,5,0.1396,0.0779,3,1,1,0,1
NCRB-SYNTH-105373,Trial Court,Sec 439 CrPC (Regular Bail),2,6,53,1,0,1,1,1,0,1,1,1,1,0.8674,1,159,1,1,1,1,0,1,1,0.6887,106,4.0769,142.2,1,1,3604366.5,0.0632,1,1,6.53,1,1,9,1,1,1,1,0,1,0.4752,0.6856,1,1,1,0,1
NCRB-SYNTH-105375,Supreme Court,Sec 439 CrPC (Regular Bail),1,17,93,1,0,1,1,1,1,1,1,1,1,0.4914,1,125,0,1,1,1,1,1,1,0.4888,40,7.8148,196.47,1,1,3537534.03,0.1846,1,1,32.18,5,4,10,0,1,0,0,1,26,0.2315,0.0702,4,1,1,0,0
NCRB-SYNTH-105382,High Court,Sec 439 CrPC (Regular Bail),2,4,53,1,0,1,1,1,0,1,1,1,1,0.9351,1,144,1,1,1,1,0,1,1,0.8162,66,5.486,109.91,1,1,367256.08,0.1814,1,1,29.64,3,4,8,1,1,1,1,0,6,0.223,0.1146,5,1,1,0,1
NCRB-SYNTH-105386,High Court,Trial Judgment,15,19,94,1,0,1,1,1,1,1,1,1,1,0.6048,1,84,1,1,1,1,1,1,1,0.7452,125,6.7227,68.01,1,1,3354934.63,0.0718,0,1,19.06,4,3,10,1,1,1,1,0,1,0.7475,1.0784,1,1,1,0,1
NCRB-SYNTH-105387,High Court,Sec 439 CrPC (Regular Bail),4,22,31,1,0,1,1,1,0,1,1,1,1,0.7316,0,168,0,0,1,1,0,1,1,0.6913,100,5.6307,47.83,1,1,3607827.71,0.0187,0,1,1.58,4,3,2,1,1,0,0,1,7,0.2022,0.0972,5,1,1,0,0
NCRB-SYNTH-105396,Trial Court,Sec 439 CrPC (Regular Bail),1,8,88,1,0,1,1,1,0,1,1,1,1,0.7763,1,54,1,1,1,0,1,1,1,0.672,132,4.6449,184.94,1,1,837512.46,0.1714,1,1,11.67,5,4,2,1,1,1,1,0,11,0.2301,0.0926,5,1,1,1,1
NCRB-SYNTH-105398,High Court,Writ Petition (Detention),4,7,31,1,0,1,1,1,0,1,1,1,1,0.5669,1,177,1,1,1,1,1,1,1,0.5468,135,5.3443,62.27,1,1,3648753.0,0.1262,0,1,1.95,2,3,5,1,1,1,1,0,10,0.1191,0.0497,5,1,1,0,0
NCRB-SYNTH-105399,High Court,Sec 439 CrPC (Regular Bail),1,6,85,1,0,1,1,1,0,1,1,1,1,0.8424,0,131,1,1,1,1,0,0,1,0.4737,89,5.7394,165.13,1,1,3542275.95,0.1677,0,1,42.9,3,4,4,1,1,1,1,0,4,0.0708,0.044,5,1,1,0,1
NCRB-SYNTH-105408,Trial Court,Sec 439 CrPC (Regular Bail),2,15,18,1,0,1,1,1,0,1,1,1,1,0.5143,1,121,1,1,1,1,0,0,1,0.7733,117,6.4563,120.84,1,1,2757187.4,0.0821,1,1,11.01,1,4,10,1,1,1,1,0,4,0.1283,0.0797,5,1,1,0,0
NCRB-SYNTH-105410,Trial Court,Sec 439 CrPC (Regular Bail),7,22,7,1,0,1,1,1,0,1,1,1,1,0.4248,1,42,1,1,1,1,1,1,1,0.7628,134,6.8335,252.58,1,1,3346854.15,0.05,1,1,23.01,3,3,6,1,1,1,1,0,6,0.1469,0.0755,3,1,1,0,0
NCRB-SYNTH-105416,Trial Court,Sec 439 CrPC (Regular Bail),2,24,66,1,0,1,1,1,1,1,1,1,1,0.6445,1,152,1,1,1,1,1,0,1,0.6793,143,3.2145,263.78,1,1,2063067.25,0.0231,1,1,9.95,3,2,6,1,1,1,1,0,8,0.09,0.0409,3,1,1,0,1
NCRB-SYNTH-105417,High Court,Sec 439 CrPC (Regular Bail),2,18,18,1,0,1,1,1,0,1,1,1,1,0.7071,1,68,0,0,1,1,0,0,1,0.687,84,5.2517,258.81,1,1,4207658.57,0.0821,0,1,5.2,1,3,10,1,1,1,1,0,20,0.2059,0.0676,4,1,1,0,0
NCRB-SYNTH-105419,High Court,Sec 482 CrPC (Quashing),1,15,96,1,0,1,1,1,1,1,1,1,1,0.8524,1,17,1,1,1,1,0,1,1,0.6728,66,4.7008,130.16,1,1,3372655.89,0.1269,0,1,2.19,2,2,4,1,1,1,1,0,4,0.1135,0.0705,3,1,1,1,1
NCRB-SYNTH-105424,Trial Court,Sec 482 CrPC (Quashing),1,25,48,0,0,1,1,1,0,1,1,1,1,0.8099,0,52,0,1,1,1,0,1,1,0.6791,111,3.2131,280.68,1,1,3487203.19,0.0768,1,1,7.92,2,1,9,1,1,1,1,0,6,0.0584,0.03,5,1,1,0,0
NCRB-SYNTH-105425,Trial Court,Sec 439 CrPC (Regular Bail),1,3,29,1,0,1,1,1,0,1,1,1,1,0.8756,1,156,1,0,1,1,0,1,1,0.8876,46,5.2523,49.78,1,1,2220073.49,0.1162,0,1,6.54,2,2,8,1,1,0,0,1,5,0.1005,0.0561,5,1,1,0,1
NCRB-SYNTH-105441,High Court,Sec 439 CrPC (Regular Bail),4,22,88,1,0,1,1,1,0,1,1,1,1,0.9722,1,68,1,1,1,1,0,1,1,0.5893,81,4.6772,153.74,1,1,3824105.75,0.0967,0,1,2.07,3,2,5,0,1,1,1,0,9,0.1191,0.0517,3,1,1,0,1
NCRB-SYNTH-105449,High Court,Sec 482 CrPC (Quashing),1,5,38,1,0,1,1,1,1,1,1,1,1,0.5557,1,171,1,1,1,1,1,0,1,0.6882,44,7.916,253.5,1,1,1059518.35,0.1274,1,1,10.0,4,1,6,1,1,1,1,0,25,0.0926,0.0284,4,1,1,1,0
NCRB-SYNTH-105454,Trial Court,Writ Petition (Detention),1,12,27,1,0,1,1,1,0,1,1,1,1,0.5804,1,152,1,1,1,1,1,1,1,0.544,43,4.5209,288.83,1,1,1046487.29,0.154,0,1,21.91,1,3,6,1,1,1,1,0,5,0.1329,0.0742,3,1,1,1,0
NCRB-SYNTH-105457,Trial Court,Sec 439 CrPC (Regular Bail),1,19,5,1,0,1,1,1,1,1,1,1,1,0.7244,0,116,1,1,1,0,1,0,1,0.7287,67,6.614,99.76,1,1,1849669.83,0.1264,0,1,3.52,2,4,9,1,1,0,0,1,36,0.272,0.0753,4,1,1,0,1
NCRB-SYNTH-105458,Trial Court,Writ Petition (Detention),1,14,78,1,0,1,1,1,1,1,1,1,1,0.7084,1,59,1,1,1,1,0,1,1,0.6118,45,5.6524,146.61,1,1,2531787.71,0.1668,1,1,4.17,5,3,3,1,1,1,1,0,21,0.2637,0.0853,4,1,1,0,1
NCRB-SYNTH-105466,High Court,Sec 439 CrPC (Regular Bail),1,14,9,1,0,1,1,1,0,1,1,1,1,0.5648,1,30,1,0,1,1,1,0,1,0.729,101,5.1503,172.62,1,1,2311941.0,0.1075,0,1,10.22,4,3,8,1,1,0,0,1,5,0.1551,0.0865,3,1,1,1,0
NCRB-SYNTH-105470,High Court,Sec 482 CrPC (Quashing),2,14,47,0,0,1,1,1,0,1,1,1,1,0.4376,0,55,1,0,1,1,0,1,1,0.5076,49,6.1052,179.72,1,1,1703429.15,0.1842,1,1,1.94,2,2,3,1,1,1,1,0,1,0.8684,1.2529,1,1,1,0,0
NCRB-SYNTH-105476,Supreme Court,Writ Petition (Detention),1,5,77,1,0,1,1,1,0,1,1,1,1,0.7969,1,178,1,1,1,0,1,1,1,0.6426,143,6.936,145.25,1,1,1710356.75,0.1212,1,1,16.83,5,4,10,1,1,1,1,0,43,0.1527,0.0403,4,1,1,0,1
NCRB-SYNTH-105483,Trial Court,Sec 439 CrPC (Regular Bail),1,3,75,0,0,1,1,1,0,1,1,1,1,0.5766,1,61,1,1,1,0,1,1,1,0.4619,147,7.6275,218.32,1,1,3649610.54,0.1137,1,1,2.36,1,3,8,1,1,0,0,1,6,0.1883,0.0968,5,1,1,0,0
NCRB-SYNTH-105495,High Court,Sec 439 CrPC (Regular Bail),1,14,44,1,0,1,1,1,0,1,1,1,1,0.5177,1,43,1,1,1,1,0,1,1,0.8633,40,7.6185,141.64,1,1,2519637.52,0.1971,0,1,2.09,3,3,2,0,1,1,1,0,6,0.1885,0.0969,5,1,1,0,0
NCRB-SYNTH-105501,High Court,Sec 439 CrPC (Regular Bail),1,5,77,1,0,1,1,1,0,1,1,1,1,0.7082,1,129,0,1,1,1,1,1,1,0.4768,123,4.6171,168.96,1,1,264932.52,0.1102,1,1,2.25,1,3,8,1,1,1,1,0,1,0.6049,0.8726,1,1,1,0,0
NCRB-SYNTH-105504,Trial Court,Sec 439 CrPC (Regular Bail),7,21,53,1,0,1,1,1,1,1,1,1,1,0.464,1,79,1,1,1,1,1,0,1,0.4015,46,5.9217,150.39,1,1,2301205.39,0.0551,1,1,1.58,2,3,7,1,1,0,0,1,4,0.1375,0.0854,5,1,1,0,0
NCRB-SYNTH-105507,Trial Court,Sec 482 CrPC (Quashing),1,8,16,1,0,1,1,1,0,1,1,1,1,0.821,1,162,1,0,1,1,0,0,1,0.6413,138,7.8349,103.06,1,1,2445540.58,0.095,1,1,9.92,3,3,5,1,1,1,1,0,11,0.0507,0.0204,5,1,1,0,1
NCRB-SYNTH-105510,High Court,Sec 439 CrPC (Regular Bail),2,19,77,1,0,1,1,1,1,1,1,1,1,0.8497,1,82,1,1,1,1,1,0,1,0.6663,84,4.2158,132.9,1,1,1703875.97,0.0009,1,1,6.91,3,2,8,0,1,1,1,0,6,0.2495,0.1282,5,1,1,1,1
NCRB-SYNTH-105524,High Court,Sec 439 CrPC (Regular Bail),1,19,20,0,0,1,1,1,0,1,1,1,1,0.5221,1,87,1,1,1,0,1,0,1,0.6184,98,6.6585,152.38,1,1,471138.49,0.0111,0,1,18.31,5,1,2,1,1,1,1,0,4,0.233,0.1448,3,1,1,0,0
NCRB-SYNTH-105525,Trial Court,Sec 439 CrPC (Regular Bail),2,20,53,1,0,1,1,1,1,1,1,1,1,0.809,1,158,0,0,1,1,0,0,1,0.6116,69,7.8278,86.76,1,1,4092820.66,0.0533,0,1,3.21,4,2,4,1,1,1,1,0,16,0.2021,0.0713,4,1,1,1,0
NCRB-SYNTH-105529,Trial Court,Sec 439 CrPC (Regular Bail),7,8,31,1,0,1,1,1,0,1,1,1,1,0.8064,1,14,1,1,1,0,1,1,1,0.4774,138,3.5854,48.37,1,1,716532.74,0.0879,0,1,4.68,3,1,7,1,1,1,1,0,22,0.248,0.0791,4,1,1,0,1
NCRB-SYNTH-105531,High Court,Sec 439 CrPC (Regular Bail),1,10,10,1,0,1,1,1,0,1,1,1,1,0.4485,0,76,1,1,1,1,1,1,1,0.5041,109,5.4341,80.41,1,1,2291880.65,0.1719,1,1,1.73,4,2,5,1,1,1,1,0,9,0.249,0.1081,5,1,1,0,0
NCRB-SYNTH-105539,Supreme Court,Sec 439 CrPC (Regular Bail),7,19,62,1,0,1,1,1,1,1,1,1,1,0.902,1,30,1,1,1,1,1,1,1,0.7502,60,6.2896,228.9,1,1,392916.2,0.0319,1,1,2.47,5,4,5,0,1,1,1,0,34,0.2191,0.0616,4,1,1,1,1
NCRB-SYNTH-105540,High Court,Sec 439 CrPC (Regular Bail),2,19,36,1,0,1,1,1,0,1,1,1,1,0.849,1,27,1,1,1,1,0,1,1,0.752,86,4.6791,151.63,1,1,3582679.68,0.0075,1,1,4.89,3,1,3,1,1,1,1,0,6,0.0584,0.03,3,1,1,0,1
NCRB-SYNTH-105552,Trial Court,Trial Judgment,2,18,34,1,0,1,1,1,0,1,1,1,1,0.5593,1,33,0,1,1,1,1,1,1,0.7178,70,4.0541,244.56,1,1,3120266.29,0.0024,0,1,9.73,3,3,2,0,1,1,1,0,30,0.1726,0.0503,4,1,1,0,0
NCRB-SYNTH-105580,Trial Court,Sec 439 CrPC (Regular Bail),1,8,85,1,0,1,1,1,1,1,1,1,1,0.7456,1,130,0,0,1,1,1,1,1,0.4382,125,6.4386,126.74,1,1,858872.23,0.0055,1,1,11.06,3,4,4,0,1,1,1,0,31,0.2372,0.0684,4,1,1,0,0
NCRB-SYNTH-105582,Trial Court,Sec 482 CrPC (Quashing),2,20,21,1,0,1,1,1,0,1,1,1,1,0.5973,1,141,1,1,1,1,1,0,1,0.7539,134,6.1685,78.45,1,1,1907024.39,0.0812,1,1,5.41,5,2,9,1,1,0,0,1,7,0.0761,0.0366,5,1,1,0,0
NCRB-SYNTH-105585,High Court,Trial Judgment,15,11,51,1,0,1,1,1,0,1,1,1,1,0.6001,1,91,1,1,1,1,1,0,1,0.6675,41,7.3733,208.06,1,1,3091329.14,0.137,0,1,6.23,2,4,6,1,1,1,1,0,11,0.0759,0.0305,5,1,1,0,1
NCRB-SYNTH-105587,High Court,Sec 482 CrPC (Quashing),15,23,36,1,0,1,1,1,1,1,1,1,1,0.6796,0,171,1,1,1,1,0,1,1,0.5721,57,4.9299,147.24,1,1,1579563.11,0.0348,1,1,7.44,4,1,9,1,1,1,1,0,29,0.1069,0.0314,4,1,1,0,1
NCRB-SYNTH-105588,High Court,Writ Petition (Detention),7,10,32,1,0,1,1,1,1,1,1,1,1,0.4561,1,127,1,0,1,1,1,1,1,0.8588,111,3.2849,107.52,1,1,3214377.44,0.183,0,1,3.45,2,2,9,1,1,1,1,0,7,0.0876,0.0422,5,1,1,0,0
NCRB-SYNTH-105592,Trial Court,Sec 439 CrPC (Regular Bail),1,4,15,1,0,1,1,1,0,1,1,1,1,0.7924,0,144,0,0,1,1,1,1,1,0.8237,99,6.5032,64.66,1,1,2997384.37,0.0432,1,1,5.36,2,4,7,1,1,1,1,0,20,0.2338,0.0768,4,1,1,1,0
NCRB-SYNTH-105595,High Court,Sec 439 CrPC (Regular Bail),15,11,43,1,0,1,1,1,1,1,1,1,1,0.7054,1,149,1,1,1,1,0,1,1,0.6153,49,4.1603,291.7,1,1,2070512.0,0.181,1,1,2.46,2,1,10,0,1,0,0,1,4,0.1998,0.1241,3,1,1,0,1
NCRB-SYNTH-105596,High Court,Trial Judgment,1,8,21,1,0,1,1,1,0,1,1,1,1,0.4319,1,47,1,0,1,0,1,1,1,0.5136,121,5.2925,241.59,1,1,893947.6,0.0665,1,1,3.53,1,2,6,0,1,1,1,0,8,0.1717,0.0782,5,1,1,0,0
NCRB-SYNTH-105597,Supreme Court,Sec 439 CrPC (Regular Bail),1,21,80,1,0,1,1,1,0,1,1,1,1,0.6008,1,161,1,1,1,1,1,1,1,0.6574,58,5.9219,145.61,1,1,3963437.82,0.0863,1,1,7.65,3,2,8,1,1,0,0,1,14,0.2241,0.0828,4,1,1,0,1
NCRB-SYNTH-105609,High Court,Trial Judgment,2,9,77,1,0,1,1,1,1,1,1,1,1,0.5881,1,145,0,0,1,1,0,0,1,0.6258,90,3.3332,229.8,1,1,2154004.26,0.0029,1,1,5.78,1,2,8,0,1,0,0,1,4,0.152,0.0945,5,1,1,0,0
NCRB-SYNTH-105610,High Court,Writ Petition (Detention),7,23,29,1,0,1,1,1,0,1,1,1,1,0.6008,1,142,1,1,1,0,0,1,1,0.7589,145,6.7196,198.85,1,1,1675753.16,0.1373,1,1,16.02,5,4,7,0,1,1,1,0,7,0.1537,0.0739,5,1,1,0,1
NCRB-SYNTH-105615,High Court,Writ Petition (Detention),7,4,72,1,0,1,1,1,1,1,1,1,1,0.7798,1,144,1,0,1,1,1,0,1,0.6087,128,4.834,76.11,1,1,3869242.1,0.0839,0,1,2.43,3,3,6,1,1,1,1,0,9,0.2131,0.0925,5,1,1,1,1
NCRB-SYNTH-105627,Trial Court,Sec 439 CrPC (Regular Bail),1,5,58,1,0,1,1,1,1,1,1,1,1,0.5211,1,132,1,1,1,1,1,1,1,0.4164,147,5.9761,149.09,1,1,3820637.59,0.0786,0,1,5.54,3,1,10,0,1,0,0,1,8,0.0624,0.0284,5,1,1,1,0
NCRB-SYNTH-105629,Supreme Court,Trial Judgment,27,24,77,1,0,1,1,1,0,1,1,1,1,0.3911,1,24,1,1,1,1,1,1,1,0.6573,112,6.4227,102.29,1,1,1538499.03,0.0847,1,1,29.26,4,2,7,1,1,1,1,0,7,0.1484,0.0714,3,1,1,1,0
NCRB-SYNTH-105654,Trial Court,Sec 439 CrPC (Regular Bail),15,19,13,1,0,1,1,1,0,1,1,1,1,0.7137,1,149,1,1,1,0,0,1,1,0.478,94,7.1671,152.91,1,1,2933410.35,0.0275,0,1,11.97,4,4,2,1,1,1,1,0,9,0.1794,0.0779,5,1,1,1,1
NCRB-SYNTH-105682,High Court,Writ Petition (Detention),7,23,76,0,0,1,1,1,0,1,1,1,1,0.5565,1,86,1,1,1,0,1,1,1,0.863,119,5.6843,166.14,1,1,1766439.25,0.0407,1,1,13.06,2,3,10,1,1,1,1,0,4,0.1874,0.1164,5,1,1,0,0
NCRB-SYNTH-105687,Supreme Court,Sec 482 CrPC (Quashing),2,21,81,1,0,1,1,1,0,1,1,1,1,0.5879,1,165,1,0,1,1,0,0,1,0.7206,128,7.0516,275.9,1,1,1520736.56,0.0943,1,1,17.93,2,4,3,1,1,1,1,0,26,0.1857,0.0564,4,1,1,0,0
NCRB-SYNTH-105697,Trial Court,Sec 482 CrPC (Quashing),1,9,51,0,0,1,1,1,1,1,1,1,1,0.8876,1,99,1,1,1,0,1,1,1,0.5943,134,4.3846,92.57,1,1,2523710.54,0.0809,0,1,1.86,2,4,4,0,1,1,1,0,9,0.1945,0.0845,3,1,1,0,1
NCRB-SYNTH-105698,High Court,Sec 439 CrPC (Regular Bail),1,19,36,1,0,1,1,1,1,1,1,1,1,0.6715,1,119,1,1,1,0,1,1,1,0.7129,124,8.0011,119.89,1,1,3571421.21,0.0604,0,1,17.55,5,2,6,1,1,0,0,1,8,0.2258,0.1028,5,1,1,1,1
NCRB-SYNTH-105702,High Court,Writ Petition (Detention),1,7,40,1,0,1,1,1,0,1,1,1,1,0.568,1,45,0,1,1,1,1,0,1,0.6957,64,3.7742,172.5,1,1,1234304.02,0.1178,0,1,3.04,1,1,2,1,1,1,1,0,5,0.2074,0.1157,5,1,1,0,0
NCRB-SYNTH-105713,High Court,Trial Judgment,1,10,53,1,0,1,1,1,0,1,1,1,1,0.6553,1,58,1,1,1,1,1,1,1,0.7114,133,7.081,222.16,1,1,1717328.03,0.0868,0,1,1.86,3,1,5,1,1,0,0,1,35,0.0926,0.0258,4,1,1,0,1
NCRB-SYNTH-105722,High Court,Sec 439 CrPC (Regular Bail),1,6,57,1,0,1,1,1,0,1,1,1,1,0.9133,1,105,1,1,1,1,1,0,1,0.9848,148,6.6302,236.62,1,1,4062361.41,0.0245,0,1,9.15,4,3,5,0,1,1,1,0,15,0.1432,0.0516,4,1,1,0,1
NCRB-SYNTH-105732,High Court,Sec 439 CrPC (Regular Bail),4,6,22,1,0,1,1,1,0,1,1,1,1,0.8912,1,167,1,1,1,1,1,0,1,0.8248,46,3.4117,269.2,1,1,942902.7,0.0059,1,1,11.97,2,4,7,1,1,1,1,0,19,0.144,0.0481,4,1,1,0,1
NCRB-SYNTH-105734,High Court,Writ Petition (Detention),7,9,16,1,0,1,1,1,0,1,1,1,1,0.8271,1,57,1,0,1,0,1,1,1,0.742,42,3.9459,261.44,1,1,2212870.79,0.0005,1,1,1.07,2,2,2,1,1,0,0,1,11,0.1292,0.052,5,1,1,0,1
NCRB-SYNTH-105740,Trial Court,Writ Petition (Detention),1,19,91,1,0,1,1,1,1,1,1,1,1,0.7955,1,172,1,1,1,1,0,1,1,0.5528,76,6.6541,47.01,1,1,4169024.16,0.1116,1,1,1.41,3,4,10,1,1,1,1,0,4,0.1032,0.0641,5,1,1,0,1
NCRB-SYNTH-105756,Trial Court,Sec 439 CrPC (Regular Bail),7,15,35,1,0,1,1,1,1,1,1,1,1,0.8385,1,116,1,1,1,1,1,1,1,0.7781,99,3.9876,261.14,1,1,4312058.02,0.0643,0,1,9.24,2,1,2,0,1,1,1,0,26,0.2592,0.0787,4,1,1,0,1
NCRB-SYNTH-105758,Trial Court,Sec 439 CrPC (Regular Bail),7,25,52,1,0,1,1,1,0,1,1,1,1,0.6946,0,113,1,1,1,0,1,1,1,0.6392,141,4.6871,247.46,1,1,3633251.31,0.0662,0,1,1.64,3,3,7,1,1,1,1,0,38,0.3054,0.0834,4,1,1,1,1
NCRB-SYNTH-105759,High Court,Sec 439 CrPC (Regular Bail),1,20,90,1,0,1,1,1,0,1,1,1,1,0.5051,1,96,0,0,1,0,0,0,1,0.5402,45,7.8777,54.4,1,1,3957607.95,0.0126,1,1,20.43,3,4,5,1,1,1,1,0,7,0.1576,0.0758,3,1,1,0,0
NCRB-SYNTH-105776,Trial Court,Sec 439 CrPC (Regular Bail),2,15,22,1,0,1,1,1,0,1,1,1,1,0.7965,1,80,1,1,1,1,1,0,1,0.8097,65,6.9616,59.84,1,1,3906049.32,0.1221,1,1,5.47,5,1,10,1,1,1,1,0,10,0.1384,0.0577,5,1,1,0,1
NCRB-SYNTH-105782,High Court,Sec 439 CrPC (Regular Bail),7,5,35,1,0,1,1,1,1,1,1,1,1,0.7458,1,84,1,1,1,0,1,1,1,0.9078,69,4.5302,199.82,1,1,2563013.92,0.0247,0,1,26.36,4,2,10,1,1,1,1,0,7,0.2171,0.1044,5,1,1,0,1
NCRB-SYNTH-105795,Trial Court,Writ Petition (Detention),4,3,32,0,0,1,1,1,0,1,1,1,1,0.904,1,171,1,1,1,1,1,1,1,0.5447,60,4.327,195.79,1,1,3740847.85,0.0957,1,1,6.88,1,4,9,1,1,1,1,0,16,0.1356,0.0479,4,1,1,0,1
NCRB-SYNTH-105805,High Court,Sec 482 CrPC (Quashing),45,13,32,1,0,1,1,1,0,1,1,1,1,0.5294,1,140,1,1,1,1,1,1,1,0.9142,139,5.1944,74.02,1,1,4033457.98,0.1262,0,1,9.01,3,2,8,1,1,1,1,0,3,0.8544,0.6163,1,1,1,0,0
NCRB-SYNTH-105810,Trial Court,Sec 439 CrPC (Regular Bail),1,14,96,1,0,1,1,1,1,1,1,1,1,0.5735,1,64,1,1,1,1,1,1,1,0.7077,46,5.2931,55.35,1,1,2386495.06,0.052,1,1,5.74,2,4,5,1,1,1,1,0,7,0.2275,0.1094,5,1,1,0,0
NCRB-SYNTH-105820,High Court,Sec 439 CrPC (Regular Bail),2,20,19,1,0,1,1,1,1,1,1,1,1,0.4406,1,84,1,1,1,1,0,1,1,0.6968,98,5.873,173.05,1,1,2256607.05,0.1737,1,1,7.15,5,1,7,1,1,1,1,0,6,0.1297,0.0667,3,1,1,1,0
NCRB-SYNTH-105822,High Court,Sec 482 CrPC (Quashing),1,13,93,1,0,1,1,1,0,1,1,1,1,0.6887,1,10,1,1,1,0,1,0,1,0.6126,57,4.9718,96.84,1,1,1484822.15,0.0081,0,1,10.16,2,1,3,1,1,1,1,0,6,0.1869,0.096,5,1,1,0,1
NCRB-SYNTH-105826,High Court,Sec 439 CrPC (Regular Bail),1,15,95,1,0,1,1,1,0,1,1,1,1,0.6455,1,150,1,0,1,1,1,1,1,0.5495,108,3.4795,227.77,1,1,1304251.29,0.1633,1,1,1.04,2,3,3,1,1,1,1,0,27,0.2307,0.0692,4,1,1,1,1
NCRB-SYNTH-105829,High Court,Sec 439 CrPC (Regular Bail),7,19,80,1,0,1,1,1,1,1,1,1,1,0.7093,1,23,1,1,1,0,1,0,1,0.7854,79,7.7785,190.82,1,1,3953995.11,0.1704,0,1,1.14,2,1,2,0,1,1,1,0,6,0.21,0.1079,3,1,1,0,1
NCRB-SYNTH-105830,High Court,Trial Judgment,4,16,78,1,0,1,1,1,1,1,1,1,1,0.5591,0,149,1,0,1,1,1,1,1,0.8219,86,6.4261,297.07,1,1,641975.68,0.1466,1,1,6.37,3,2,4,1,1,1,1,0,11,0.1372,0.0552,5,1,1,0,0
NCRB-SYNTH-105832,High Court,Sec 482 CrPC (Quashing),4,11,77,1,0,1,1,1,0,1,1,1,1,0.7359,1,121,0,0,1,0,1,0,1,0.7824,73,5.4257,235.21,1,1,4174965.47,0.1267,1,1,18.78,3,2,9,1,1,1,1,0,6,0.189,0.0971,5,1,1,0,0
NCRB-SYNTH-105834,High Court,Sec 482 CrPC (Quashing),2,4,77,1,0,1,1,1,0,1,1,1,1,0.4833,1,27,1,1,1,0,0,0,1,0.9204,58,3.9873,210.32,1,1,3495343.44,0.1131,1,1,13.41,2,3,7,1,1,1,1,0,6,0.056,0.0288,3,1,1,1,0
NCRB-SYNTH-105838,Trial Court,Sec 439 CrPC (Regular Bail),4,12,20,1,0,1,1,1,0,1,1,1,1,0.8603,1,66,1,1,1,1,1,0,1,0.6504,90,6.137,118.39,1,1,1394474.98,0.1941,1,1,1.26,4,3,9,0,1,1,1,0,6,0.1604,0.0824,3,1,1,0,1
NCRB-SYNTH-105841,High Court,Sec 439 CrPC (Regular Bail),1,8,69,1,0,1,1,1,1,1,1,1,1,0.8191,1,49,1,1,1,1,1,1,1,0.7015,66,4.8413,105.97,1,1,950502.94,0.0573,1,1,8.63,5,1,9,1,1,1,1,0,5,0.0509,0.0284,5,1,1,1,1
NCRB-SYNTH-105850,High Court,Sec 439 CrPC (Regular Bail),1,15,61,1,0,1,1,1,1,1,1,1,1,0.9282,1,90,1,1,1,1,1,0,1,0.8989,43,3.9395,186.43,1,1,2028318.56,0.0909,1,1,38.24,3,4,9,1,1,0,0,1,33,0.1984,0.0563,4,1,1,0,1
NCRB-SYNTH-105855,Trial Court,Trial Judgment,4,11,41,1,0,1,1,1,0,1,1,1,1,0.9586,1,155,1,1,1,0,0,0,1,0.6377,46,5.6413,71.39,1,1,2097800.06,0.0826,1,1,1.97,5,3,8,1,1,1,1,0,30,0.084,0.0245,4,1,1,0,1
NCRB-SYNTH-105861,High Court,Sec 439 CrPC (Regular Bail),15,17,69,1,0,1,1,1,1,1,1,1,1,0.4891,0,173,1,1,1,1,1,1,1,0.6794,95,7.7425,232.56,1,1,1571288.29,0.1412,1,1,9.38,2,2,7,1,1,1,1,0,39,0.1828,0.0496,4,1,1,1,0
NCRB-SYNTH-105862,High Court,Sec 439 CrPC (Regular Bail),1,14,53,1,0,1,1,1,1,1,1,1,1,0.693,1,150,1,1,1,1,1,1,1,0.9379,43,5.8291,60.8,1,1,500791.25,0.1648,1,1,2.01,5,1,7,1,1,1,1,0,8,0.137,0.0623,5,1,1,0,1
NCRB-SYNTH-105864,Supreme Court,Sec 482 CrPC (Quashing),2,14,51,1,0,1,1,1,0,1,1,1,1,0.9743,1,116,1,0,1,1,1,0,1,0.5314,96,4.8585,288.35,1,1,2988227.47,0.1684,1,1,31.83,1,3,7,0,1,0,0,1,7,0.2346,0.1128,3,1,1,0,1
NCRB-SYNTH-105866,Supreme Court,Sec 439 CrPC (Regular Bail),1,17,18,1,0,1,1,1,0,1,1,1,1,0.8926,1,165,1,1,1,1,1,1,1,0.7379,101,4.333,216.76,1,1,2377884.46,0.1206,1,1,2.64,3,1,9,1,1,1,1,0,8,0.1482,0.0674,5,1,1,1,1
NCRB-SYNTH-105875,Trial Court,Sec 439 CrPC (Regular Bail),1,7,92,0,0,1,1,1,1,1,1,1,1,0.4266,1,155,0,0,1,1,0,0,1,0.5677,93,6.8002,182.42,1,1,2599956.64,0.0436,1,1,2.76,4,4,3,1,1,0,0,1,11,0.0734,0.0296,3,1,1,0,0
NCRB-SYNTH-105879,Trial Court,Sec 439 CrPC (Regular Bail),1,24,43,1,0,1,1,1,0,1,1,1,1,0.537,0,125,1,1,1,1,1,0,1,0.6821,48,5.5945,269.52,1,1,3121234.4,0.0348,1,1,1.82,1,4,7,1,1,1,1,0,30,0.3131,0.0912,4,1,1,0,0
NCRB-SYNTH-105880,Trial Court,Trial Judgment,1,19,37,1,0,1,1,1,1,1,1,1,1,0.7207,1,122,1,1,1,1,0,1,1,0.5402,132,7.8968,203.9,1,1,4273526.84,0.1287,1,1,6.09,1,2,10,1,1,0,0,1,12,0.2027,0.079,4,1,1,1,1
NCRB-SYNTH-105883,Trial Court,Sec 439 CrPC (Regular Bail),1,22,34,0,0,1,1,1,0,1,1,1,1,0.3855,1,154,1,1,1,0,1,1,1,0.5498,140,6.975,126.77,1,1,3548083.62,0.014,0,1,12.4,1,1,2,0,1,0,0,1,7,0.0944,0.0454,5,1,1,0,0
NCRB-SYNTH-105885,High Court,Sec 439 CrPC (Regular Bail),1,25,30,1,0,1,1,1,1,1,1,1,1,0.7801,1,133,1,1,1,0,1,1,1,0.7488,70,5.0713,216.15,1,1,2606842.22,0.0075,1,1,15.81,5,4,5,1,1,1,1,0,6,0.2392,0.1229,5,1,1,0,1
NCRB-SYNTH-105886,Trial Court,Writ Petition (Detention),1,14,47,1,0,1,1,1,0,1,1,1,1,0.6132,1,72,1,0,1,0,1,0,1,0.5363,48,6.4239,63.14,1,1,4449340.29,0.0605,1,1,2.13,5,3,10,1,1,0,0,1,25,0.2054,0.063,4,1,1,1,1
NCRB-SYNTH-105890,High Court,Writ Petition (Detention),1,21,48,1,0,1,1,1,0,1,1,1,1,0.5902,1,108,1,1,1,1,0,0,1,0.5919,124,4.2689,123.69,1,1,2996744.98,0.1695,1,1,4.7,1,3,3,0,1,1,1,0,4,0.1435,0.0891,3,1,1,0,0
NCRB-SYNTH-105893,High Court,Sec 482 CrPC (Quashing),7,8,80,1,0,1,1,1,0,1,1,1,1,0.6796,0,122,1,1,1,0,0,1,1,0.4821,101,7.2959,106.55,1,1,2758098.93,0.0652,1,1,12.87,5,4,7,1,1,1,1,0,5,0.1055,0.0589,3,1,1,0,1
NCRB-SYNTH-105895,High Court,Writ Petition (Detention),4,23,7,0,0,1,1,1,0,1,1,1,1,0.6177,0,20,1,1,1,0,0,0,1,0.6003,88,3.8592,142.18,1,1,4096370.2,0.0532,0,1,2.39,4,2,2,1,1,1,1,0,10,0.2416,0.1007,5,1,1,0,1
NCRB-SYNTH-105900,Trial Court,Sec 439 CrPC (Regular Bail),1,5,11,1,0,1,1,1,1,1,1,1,1,0.4448,0,93,1,1,1,0,1,1,1,0.7701,101,4.9039,106.1,1,1,1451769.17,0.0888,1,1,4.8,4,3,7,1,1,1,1,0,6,0.1765,0.0907,5,1,1,0,0
NCRB-SYNTH-105902,Trial Court,Sec 439 CrPC (Regular Bail),1,20,89,1,0,1,1,1,0,1,1,1,1,0.5249,1,146,0,0,1,1,1,1,1,0.7095,62,6.3046,60.95,1,1,3499171.33,0.026,1,1,8.19,1,4,10,1,1,1,1,0,10,0.0789,0.0329,5,1,1,0,0
NCRB-SYNTH-105904,Trial Court,Sec 439 CrPC (Regular Bail),7,19,62,1,0,1,1,1,0,1,1,1,1,0.7373,1,105,1,1,1,1,0,1,1,0.4891,70,4.558,89.18,1,1,3021206.32,0.1946,0,1,4.66,2,3,10,1,1,1,1,0,7,0.1568,0.0754,5,1,1,0,1
NCRB-SYNTH-105907,Trial Court,Sec 439 CrPC (Regular Bail),1,4,95,1,0,1,1,1,0,1,1,1,1,0.7493,1,161,1,1,1,1,0,0,1,0.5376,139,8.08,199.57,1,1,1964572.21,0.1855,0,1,2.4,2,3,7,0,1,1,1,0,9,0.2222,0.0965,5,1,1,0,1
NCRB-SYNTH-105911,Supreme Court,Sec 439 CrPC (Regular Bail),1,7,14,1,0,1,1,1,0,1,1,1,1,0.5605,0,93,1,1,1,0,1,0,1,0.6946,82,3.1484,289.92,1,1,759924.48,0.0588,1,1,7.39,2,3,9,1,1,1,1,0,32,0.2516,0.0719,4,1,1,0,0
NCRB-SYNTH-105914,High Court,Sec 439 CrPC (Regular Bail),4,8,46,1,0,1,1,1,0,1,1,1,1,0.8198,1,90,1,1,1,1,1,1,1,0.672,121,7.152,169.84,1,1,3555303.29,0.1762,1,1,17.44,2,1,5,0,1,1,1,0,8,0.2346,0.1068,3,1,1,0,1
NCRB-SYNTH-105915,Trial Court,Sec 482 CrPC (Quashing),1,21,38,0,0,1,1,1,1,1,1,1,1,0.3857,1,168,1,1,1,1,1,0,1,0.62,106,6.7981,122.17,1,1,4279420.63,0.0165,1,1,9.85,2,2,2,0,1,1,1,0,29,0.254,0.0747,4,1,1,0,0
NCRB-SYNTH-105935,High Court,Trial Judgment,15,19,64,1,1,1,1,1,0,1,1,1,1,0.8376,1,104,1,0,1,1,1,1,1,0.9022,116,5.0619,70.06,1,1,1192640.54,0.0267,1,1,12.88,1,2,7,1,1,1,1,0,8,0.1949,0.0887,5,1,1,0,1
NCRB-SYNTH-105941,Trial Court,Writ Petition (Detention),2,9,77,1,0,1,1,1,0,1,1,1,1,0.6875,1,146,1,1,1,1,0,1,1,0.6793,113,7.1807,192.11,1,1,1109313.33,0.1144,1,1,14.09,2,4,8,1,1,1,1,0,16,0.3105,0.1096,4,1,1,1,1
NCRB-SYNTH-105958,High Court,Trial Judgment,1,3,30,0,0,1,1,1,1,1,1,1,1,0.4847,1,45,1,1,1,1,0,0,1,0.5141,56,5.9941,90.12,1,1,858260.46,0.0217,1,1,2.47,2,4,2,0,1,1,1,0,8,0.0647,0.0294,3,1,1,0,0
NCRB-SYNTH-105961,Trial Court,Sec 439 CrPC (Regular Bail),1,22,30,1,0,1,1,1,0,1,1,1,1,0.4821,1,42,1,1,1,0,1,0,1,0.6613,90,5.2856,259.47,1,1,2551373.7,0.0087,1,1,3.51,4,2,8,1,1,0,0,1,17,0.1961,0.0678,4,1,1,0,0
NCRB-SYNTH-105963,High Court,Sec 439 CrPC (Regular Bail),15,21,96,1,0,1,1,1,0,1,1,1,1,0.7256,1,166,1,1,1,1,0,1,1,0.7655,142,6.0776,68.56,1,1,1810329.14,0.0229,1,1,55.92,1,1,3,0,1,0,0,1,2,0.677,0.6162,1,1,1,0,1
NCRB-SYNTH-105965,Trial Court,Sec 482 CrPC (Quashing),1,9,89,1,0,1,1,1,1,1,1,1,1,0.6799,1,48,1,1,1,1,0,0,1,0.6401,92,3.3544,294.89,1,1,3203006.55,0.003,1,1,9.13,4,1,4,1,1,0,0,1,10,0.1519,0.0634,5,1,1,0,1
NCRB-SYNTH-105979,Trial Court,Writ Petition (Detention),1,7,46,1,0,1,1,1,0,1,1,1,1,0.9001,1,108,1,1,1,1,1,0,1,0.872,47,7.4635,158.86,1,1,1500999.25,0.0706,1,1,5.36,5,1,10,1,1,1,1,0,10,0.2032,0.0847,5,1,1,0,1
NCRB-SYNTH-105992,Trial Court,Sec 439 CrPC (Regular Bail),1,9,35,1,0,1,1,1,1,1,1,1,1,0.7176,1,96,1,1,1,1,1,1,1,0.6967,119,7.9687,187.77,1,1,3844101.21,0.1586,1,1,8.34,5,1,4,1,1,1,1,0,9,0.0881,0.0383,3,1,1,0,1
NCRB-SYNTH-105993,Trial Court,Sec 439 CrPC (Regular Bail),7,3,79,1,0,1,1,1,0,1,1,1,1,0.8189,1,25,0,0,1,1,1,0,1,0.5503,119,6.8828,283.81,1,1,1451881.87,0.0941,1,1,7.02,1,4,9,1,1,1,1,0,39,0.2471,0.067,4,1,1,1,0
NCRB-SYNTH-105994,High Court,Sec 482 CrPC (Quashing),1,21,85,1,0,1,1,1,0,1,1,1,1,0.6435,1,154,1,1,1,1,0,1,1,0.5859,98,4.9105,84.35,1,1,2878255.33,0.1981,0,1,3.02,5,4,2,1,1,1,1,0,29,0.1395,0.041,4,1,1,0,1
NCRB-SYNTH-105997,Trial Court,Sec 439 CrPC (Regular Bail),1,14,90,1,0,1,1,1,0,1,1,1,1,0.6265,0,92,1,1,1,1,1,1,1,0.8119,47,7.3252,230.99,1,1,3687857.9,0.1609,1,1,1.23,4,4,9,1,1,1,1,0,33,0.1621,0.046,4,1,1,0,1
NCRB-SYNTH-105999,High Court,Sec 482 CrPC (Quashing),2,18,40,1,0,1,1,1,1,1,1,1,1,0.6458,1,142,0,0,1,0,0,1,1,0.6939,83,4.8058,174.47,1,1,2826856.67,0.1289,1,1,8.36,1,4,8,1,1,1,1,0,6,0.2298,0.1181,3,1,1,0,0
NCRB-SYNTH-106007,High Court,Sec 439 CrPC (Regular Bail),1,14,70,1,0,1,1,1,0,1,1,1,1,0.8273,0,21,1,1,1,1,0,0,1,0.479,69,5.5618,279.35,1,1,2722120.1,0.0314,0,1,6.43,3,3,7,1,1,1,1,0,23,0.0939,0.0296,4,1,1,1,1
NCRB-SYNTH-106014,High Court,Trial Judgment,15,9,67,0,0,1,1,1,0,1,1,1,1,0.6161,1,63,1,0,1,1,1,1,1,0.5448,86,3.822,189.97,1,1,1974768.43,0.1655,1,1,14.43,3,2,10,1,1,1,1,0,4,0.0731,0.0454,5,1,1,0,1
NCRB-SYNTH-106015,High Court,Sec 439 CrPC (Regular Bail),1,9,27,1,1,1,1,1,0,1,1,1,1,0.5612,1,90,1,1,1,0,1,0,1,0.7186,66,4.8907,62.89,1,1,3725718.8,0.1789,1,1,5.31,3,4,5,1,1,1,1,0,6,0.1616,0.083,5,1,1,0,0
NCRB-SYNTH-106018,Trial Court,Sec 439 CrPC (Regular Bail),1,22,69,1,0,1,1,1,1,1,1,1,1,0.6816,1,180,1,1,1,1,0,1,1,0.6123,106,5.1751,231.99,1,1,4031165.61,0.0805,1,1,8.95,5,2,9,0,1,0,0,1,20,0.3142,0.1032,4,1,1,0,1
NCRB-SYNTH-106019,High Court,Sec 482 CrPC (Quashing),1,15,73,1,0,1,1,1,0,1,1,1,1,0.8155,1,15,1,1,1,1,1,0,1,0.8628,91,5.3324,255.48,1,1,1981349.57,0.124,0,1,3.17,4,4,7,0,1,1,1,0,1,0.5951,0.8586,1,1,1,1,1
NCRB-SYNTH-106021,High Court,Sec 482 CrPC (Quashing),1,22,48,1,0,1,1,1,1,1,1,1,1,0.6406,1,22,1,1,1,1,0,1,1,0.6354,48,4.0624,215.08,1,1,1000870.32,0.0367,1,1,1.75,1,4,9,1,1,1,1,0,9,0.0816,0.0354,3,1,1,0,1
NCRB-SYNTH-106032,High Court,Trial Judgment,2,18,61,1,0,1,1,1,1,1,1,1,1,0.5364,1,53,1,1,1,1,0,1,1,0.4878,110,3.96,145.67,1,1,3681897.67,0.0777,0,1,15.18,2,2,7,1,1,1,1,0,19,0.1786,0.0596,4,1,1,0,0
NCRB-SYNTH-106043,High Court,Sec 482 CrPC (Quashing),4,10,22,1,0,1,1,1,0,1,1,1,1,0.6085,1,169,1,1,1,0,0,1,1,0.785,137,7.273,264.07,1,1,1257313.02,0.0894,1,1,20.23,1,3,10,1,1,1,1,0,3,0.5301,0.3824,1,1,1,1,1
NCRB-SYNTH-106048,High Court,Sec 439 CrPC (Regular Bail),4,17,100,1,0,1,1,1,0,1,1,1,1,0.9545,1,108,0,0,1,1,1,1,1,0.5042,94,6.4546,172.13,1,1,4209932.94,0.1472,1,1,13.28,4,3,5,1,1,1,1,0,6,0.114,0.0586,5,1,1,0,0
NCRB-SYNTH-106051,Trial Court,Sec 439 CrPC (Regular Bail),1,10,37,1,0,1,1,1,1,1,1,1,1,0.8596,1,102,1,1,1,1,1,1,1,0.6666,47,6.8701,57.72,1,1,3561534.88,0.0138,1,1,7.88,3,1,4,1,1,1,1,0,6,0.0525,0.027,3,1,1,1,1
NCRB-SYNTH-106053,High Court,Trial Judgment,1,25,46,1,0,1,1,1,0,1,1,1,1,0.7703,0,68,1,1,1,0,1,1,1,0.6883,44,3.0599,234.0,1,1,1005613.79,0.1786,0,1,1.46,1,4,6,1,1,1,1,0,7,0.2137,0.1028,3,1,1,0,1
NCRB-SYNTH-106054,High Court,Sec 439 CrPC (Regular Bail),4,20,92,1,0,1,1,1,1,1,1,1,1,0.7861,1,27,0,0,1,1,0,1,1,0.8977,58,5.3887,149.01,1,1,749157.72,0.0143,1,1,10.47,5,4,5,0,1,1,1,0,25,0.2098,0.0644,4,1,1,0,0
NCRB-SYNTH-106056,Trial Court,Sec 439 CrPC (Regular Bail),7,24,58,1,0,1,1,1,1,1,1,1,1,0.868,1,102,1,0,1,1,1,1,1,0.551,145,5.9994,161.74,1,1,949850.15,0.0222,0,1,17.23,2,2,9,1,1,1,1,0,9,0.0673,0.0292,5,1,1,1,1
NCRB-SYNTH-106057,High Court,Sec 439 CrPC (Regular Bail),2,14,87,0,0,1,1,1,0,1,1,1,1,0.8582,1,39,1,1,1,0,1,1,1,0.5859,146,4.5627,258.15,1,1,2406466.17,0.0803,0,1,37.7,1,1,4,1,1,1,1,0,11,0.1248,0.0502,3,1,1,0,1
NCRB-SYNTH-106058,Trial Court,Trial Judgment,1,17,86,1,0,1,1,1,1,1,1,1,1,0.5428,0,32,1,1,1,0,0,0,1,0.5975,42,7.2658,182.04,1,1,1604205.22,0.139,0,1,18.53,5,1,3,1,1,1,1,0,5,0.1796,0.1002,5,1,1,0,0
NCRB-SYNTH-106061,Trial Court,Trial Judgment,1,7,79,0,0,1,1,1,0,1,1,1,1,0.8502,0,131,1,1,1,0,1,1,1,0.7805,115,6.2592,153.44,1,1,3675508.74,0.1317,1,1,15.3,5,3,10,1,1,1,1,0,6,0.0889,0.0457,3,1,1,0,1
NCRB-SYNTH-106063,High Court,Sec 439 CrPC (Regular Bail),1,7,28,1,0,1,1,1,1,1,1,1,1,0.5945,1,81,1,1,1,1,1,1,1,0.5047,88,7.436,148.92,1,1,1274530.87,0.1405,1,1,5.69,1,3,7,1,1,1,1,0,8,0.1099,0.05,3,1,1,0,0
NCRB-SYNTH-106067,High Court,Sec 439 CrPC (Regular Bail),2,17,43,1,0,1,1,1,0,1,1,1,1,0.7141,1,37,1,1,1,1,0,0,1,0.7966,103,7.5304,166.81,1,1,2966417.05,0.1859,0,1,20.74,4,2,10,1,1,1,1,0,5,0.1036,0.0578,5,1,1,0,1
NCRB-SYNTH-106074,High Court,Sec 439 CrPC (Regular Bail),1,10,75,1,1,1,1,1,0,1,1,1,1,0.6016,1,70,1,1,1,1,1,1,1,0.5188,65,3.6343,232.57,1,1,2497225.57,0.0342,1,1,16.17,3,4,10,0,1,0,0,1,2,0.5627,0.5122,1,1,1,1,1
NCRB-SYNTH-106078,High Court,Sec 439 CrPC (Regular Bail),4,14,16,1,0,1,1,1,1,1,1,1,1,0.5903,1,114,1,1,1,1,0,0,1,0.6149,139,4.7423,149.2,1,1,3879181.74,0.0704,0,1,17.81,4,4,7,1,1,0,0,1,3,0.8399,0.6059,1,1,1,1,0
NCRB-SYNTH-106080,Trial Court,Sec 439 CrPC (Regular Bail),1,11,37,1,0,1,1,1,0,1,1,1,1,0.4774,1,120,0,0,1,1,1,0,1,0.8116,116,3.5676,177.83,1,1,3139738.01,0.0824,1,1,2.68,1,2,3,0,1,1,1,0,41,0.1139,0.0305,4,1,1,0,0
NCRB-SYNTH-106081,High Court,Sec 439 CrPC (Regular Bail),21,17,26,0,0,1,1,1,1,1,1,1,1,0.4067,1,168,0,0,1,0,0,0,1,0.5427,145,5.0848,262.89,1,1,2325161.83,0.1369,1,1,7.19,3,1,5,1,1,0,0,1,26,0.1508,0.0458,4,1,1,1,0
NCRB-SYNTH-106083,Trial Court,Sec 439 CrPC (Regular Bail),1,17,39,1,0,1,1,1,1,1,1,1,1,0.888,1,56,1,1,1,1,1,0,1,0.8607,113,6.7979,220.57,1,1,4330404.13,0.037,1,1,18.37,3,4,6,0,1,1,1,0,23,0.2729,0.0859,4,1,1,0,1
NCRB-SYNTH-106086,Trial Court,Sec 439 CrPC (Regular Bail),1,15,18,1,0,1,1,1,0,1,1,1,1,0.844,0,124,1,1,1,1,0,1,1,0.6089,143,6.5645,166.83,1,1,2582637.08,0.155,1,1,4.89,4,1,2,1,1,0,0,1,4,0.1226,0.0762,5,1,1,0,1
NCRB-SYNTH-106091,Trial Court,Sec 439 CrPC (Regular Bail),1,7,89,1,0,1,1,1,0,1,1,1,1,0.493,1,123,0,0,1,0,0,1,1,0.6163,89,7.7557,221.18,1,1,300419.69,0.0376,1,1,1.48,1,1,4,1,1,1,1,0,7,0.1178,0.0566,5,1,1,0,0
NCRB-SYNTH-106101,High Court,Sec 439 CrPC (Regular Bail),4,19,49,1,0,1,1,1,0,1,1,1,1,0.6226,1,46,1,1,1,0,0,1,1,0.7654,88,7.9526,213.49,1,1,3265604.29,0.1108,0,1,1.78,1,4,7,1,1,1,1,0,35,0.2129,0.0594,4,1,1,0,1
NCRB-SYNTH-106107,High Court,Sec 439 CrPC (Regular Bail),1,7,73,1,0,1,1,1,0,1,1,1,1,0.9011,1,122,0,0,1,1,1,1,1,0.8377,110,4.3623,245.05,1,1,1442126.86,0.0403,0,1,5.03,4,3,7,1,1,1,1,0,14,0.2553,0.0943,4,1,1,1,0
NCRB-SYNTH-106112,High Court,Sec 482 CrPC (Quashing),1,11,21,0,0,1,1,1,1,1,1,1,1,0.5562,1,21,0,0,1,1,0,0,1,0.8092,51,3.3771,143.81,1,1,3653286.7,0.1371,1,1,1.32,1,1,8,1,1,0,0,1,22,0.2821,0.09,4,1,1,0,0
NCRB-SYNTH-106114,High Court,Sec 439 CrPC (Regular Bail),1,7,64,0,0,1,1,1,0,1,1,1,1,0.8974,1,77,0,0,1,0,1,1,1,0.6025,66,6.6221,260.97,1,1,4065404.16,0.1673,0,1,1.51,5,1,6,1,1,1,1,0,26,0.1364,0.0414,4,1,1,1,0
NCRB-SYNTH-106127,Trial Court,Sec 482 CrPC (Quashing),7,7,98,1,0,1,1,1,1,1,1,1,1,0.4375,0,52,0,0,1,1,1,1,1,0.4519,42,6.5033,173.89,1,1,2259112.41,0.0578,1,1,9.55,1,4,7,1,1,1,1,0,10,0.1291,0.0538,5,1,1,1,0
NCRB-SYNTH-106131,High Court,Sec 439 CrPC (Regular Bail),4,9,13,1,0,1,1,1,1,1,1,1,1,0.6887,1,98,1,1,1,1,1,1,1,0.799,131,3.86,202.56,1,1,2201419.58,0.1577,1,1,43.65,5,1,10,1,1,1,1,0,24,0.0839,0.0261,4,1,1,0,1
NCRB-SYNTH-106133,Trial Court,Trial Judgment,1,22,94,1,0,1,1,1,0,1,1,1,1,0.5019,0,92,1,1,1,1,0,1,1,0.73,67,3.6904,164.81,1,1,4386315.12,0.0927,0,1,2.32,4,4,9,1,1,1,1,0,10,0.2107,0.0879,5,1,1,0,0
NCRB-SYNTH-106137,Trial Court,Sec 439 CrPC (Regular Bail),27,19,26,1,0,1,1,1,1,1,1,1,1,0.8813,1,37,1,1,1,1,1,1,1,0.3705,148,4.8668,60.59,1,1,4308576.27,0.0265,1,1,16.69,4,3,10,1,1,1,1,0,10,0.236,0.0984,3,1,1,0,1
NCRB-SYNTH-106141,High Court,Sec 439 CrPC (Regular Bail),1,6,27,1,0,1,1,1,0,1,1,1,1,0.9139,1,157,1,0,1,0,0,0,1,0.5381,62,4.8433,129.03,1,1,2262260.38,0.1236,0,1,4.36,5,3,4,1,1,1,1,0,9,0.1769,0.0768,5,1,1,1,1
NCRB-SYNTH-106142,High Court,Sec 482 CrPC (Quashing),1,3,65,1,0,1,1,1,1,1,1,1,1,0.8504,1,122,1,1,1,1,1,0,1,0.7989,51,7.7866,134.48,1,1,1380907.57,0.11,1,1,10.28,3,2,4,1,1,1,1,0,8,0.1929,0.0878,3,1,1,0,1
NCRB-SYNTH-106147,High Court,Trial Judgment,1,16,99,1,0,1,1,1,0,1,1,1,1,0.7142,1,61,1,1,1,1,0,1,1,0.418,117,5.1377,91.08,1,1,3040721.12,0.1909,0,1,10.09,4,4,5,1,1,1,1,0,24,0.2582,0.0802,4,1,1,0,1
NCRB-SYNTH-106148,High Court,Sec 439 CrPC (Regular Bail),4,23,21,1,0,1,1,1,1,1,1,1,1,0.8297,1,132,1,1,1,1,1,1,1,0.7261,59,3.0775,188.39,1,1,3831793.21,0.1388,0,1,11.37,5,3,9,1,1,0,0,1,2,0.4652,0.4235,1,1,1,1,1
NCRB-SYNTH-106152,High Court,Writ Petition (Detention),7,10,59,1,0,1,1,1,0,1,1,1,1,0.4614,1,50,1,1,1,1,1,0,1,0.6976,135,5.3799,293.8,1,1,1995199.48,0.1889,1,1,5.19,3,1,2,1,1,1,1,0,11,0.1849,0.0744,3,1,1,0,0
NCRB-SYNTH-106164,High Court,Sec 439 CrPC (Regular Bail),7,13,45,1,0,1,1,1,1,1,1,1,1,0.5841,1,120,1,1,1,1,1,0,1,0.9085,103,7.5106,75.15,1,1,1539752.32,0.0766,1,1,19.64,4,1,6,1,1,1,1,0,8,0.091,0.0414,5,1,1,1,0
NCRB-SYNTH-106166,Trial Court,Trial Judgment,1,6,19,0,0,1,1,1,0,1,1,1,1,0.8049,1,82,0,1,1,1,1,1,1,0.5305,106,5.449,245.6,1,1,421769.05,0.022,0,1,1.48,3,4,3,1,1,1,1,0,8,0.0879,0.04,5,1,1,0,0
NCRB-SYNTH-106167,Trial Court,Writ Petition (Detention),1,10,100,1,0,1,1,1,1,1,1,1,1,0.7109,1,99,1,1,1,1,1,1,1,0.4429,135,7.5545,97.64,1,1,4072899.12,0.1023,1,1,12.68,1,1,6,0,1,0,0,1,4,0.057,0.0354,5,1,1,0,1
NCRB-SYNTH-106175,Trial Court,Sec 439 CrPC (Regular Bail),1,6,19,1,0,1,1,1,1,1,1,1,1,0.5564,1,167,1,1,1,0,0,1,1,0.6536,105,6.4872,110.48,1,1,4237692.36,0.1551,1,1,14.35,2,2,4,0,1,1,1,0,2,0.7544,0.6867,1,1,1,0,0
NCRB-SYNTH-106176,Trial Court,Trial Judgment,21,12,33,1,0,1,1,1,0,1,1,1,1,0.7199,1,130,1,1,1,1,0,1,1,0.8392,112,3.5755,128.22,1,1,1547108.97,0.1116,0,1,15.34,5,1,9,1,1,1,1,0,9,0.2212,0.0961,5,1,1,1,1
NCRB-SYNTH-106202,Trial Court,Writ Petition (Detention),2,10,93,1,0,1,1,1,1,1,1,1,1,0.7147,1,88,0,0,1,1,1,1,1,0.5926,50,6.2497,204.04,1,1,2763165.4,0.1222,1,1,5.86,5,3,7,1,1,1,1,0,7,0.0991,0.0477,5,1,1,0,0
NCRB-SYNTH-106209,Supreme Court,Sec 439 CrPC (Regular Bail),7,19,89,1,0,1,1,1,1,1,1,1,1,0.6084,1,98,0,0,1,1,1,1,1,0.6092,140,6.5731,228.32,1,1,2581636.82,0.1884,1,1,8.74,3,3,10,1,1,1,1,0,10,0.0626,0.0261,3,1,1,0,0
NCRB-SYNTH-106211,High Court,Sec 439 CrPC (Regular Bail),2,25,92,1,0,1,1,1,1,1,1,1,1,0.8014,1,108,1,1,1,1,1,1,1,0.714,140,5.1564,123.77,1,1,2698303.1,0.0538,0,1,4.81,1,4,5,1,1,1,1,0,20,0.2351,0.0772,4,1,1,0,1
NCRB-SYNTH-106213,High Court,Sec 439 CrPC (Regular Bail),1,18,60,0,0,1,1,1,0,1,1,1,1,0.7744,1,148,1,0,1,0,1,1,1,0.6853,112,6.5058,142.86,1,1,1122421.4,0.0405,1,1,15.78,2,4,6,1,1,1,1,0,4,0.0977,0.0607,3,1,1,1,1
NCRB-SYNTH-106214,Trial Court,Sec 439 CrPC (Regular Bail),2,18,96,1,0,1,1,1,0,1,1,1,1,0.6918,1,65,1,1,1,0,1,1,1,0.8436,49,4.9648,134.35,1,1,2336097.17,0.0383,1,1,2.72,2,4,3,1,1,1,1,0,9,0.1015,0.0441,5,1,1,1,1
NCRB-SYNTH-106218,Trial Court,Writ Petition (Detention),4,18,17,1,0,1,1,1,0,1,1,1,1,0.7807,1,76,1,0,1,1,1,1,1,0.8094,121,3.4118,60.21,1,1,762329.2,0.0587,1,1,13.05,5,4,6,1,1,1,1,0,7,0.1042,0.0501,5,1,1,0,1
NCRB-SYNTH-106219,Trial Court,Sec 439 CrPC (Regular Bail),1,17,42,1,0,1,1,1,0,1,1,1,1,0.6959,1,136,1,1,1,1,1,1,1,0.7966,63,3.3326,291.15,1,1,1376424.55,0.1921,1,1,31.54,4,3,7,1,1,1,1,0,10,0.1784,0.0744,3,1,1,0,1
NCRB-SYNTH-106224,High Court,Writ Petition (Detention),2,4,27,1,0,1,1,1,0,1,1,1,1,0.6858,1,71,1,1,1,1,1,1,1,0.7249,130,6.1207,201.94,1,1,1130401.75,0.0407,1,1,3.53,2,3,4,0,1,1,1,0,37,0.1688,0.0464,4,1,1,0,1
NCRB-SYNTH-106230,Trial Court,Sec 439 CrPC (Regular Bail),1,20,60,1,0,1,1,1,1,1,1,1,1,0.8594,1,163,1,1,1,1,0,0,1,0.5814,49,4.4376,224.35,1,1,3148950.3,0.009,0,1,15.92,2,4,5,1,1,1,1,0,7,0.2279,0.1096,5,1,1,0,1
NCRB-SYNTH-106235,High Court,Sec 439 CrPC (Regular Bail),7,4,21,1,0,1,1,1,0,1,1,1,1,0.5456,1,17,0,0,1,1,1,1,1,0.8777,69,6.0498,257.2,1,1,2806140.5,0.1096,0,1,33.72,1,4,6,1,1,0,0,1,9,0.1931,0.0839,5,1,1,0,0
NCRB-SYNTH-106243,High Court,Sec 439 CrPC (Regular Bail),1,15,87,0,0,1,1,1,0,1,1,1,1,0.8991,1,137,1,0,1,0,1,1,1,0.6823,134,7.4161,295.91,1,1,1245840.42,0.1648,0,1,5.62,1,1,3,1,1,0,0,1,10,0.1153,0.0481,5,1,1,0,1
NCRB-SYNTH-106251,High Court,Sec 439 CrPC (Regular Bail),7,18,23,0,0,1,1,1,0,1,1,1,1,0.9166,1,58,1,1,1,1,1,1,1,0.7098,97,4.2961,227.51,1,1,1993753.03,0.1175,1,1,11.31,5,2,2,1,1,1,1,0,7,0.0601,0.0289,5,1,1,0,1
NCRB-SYNTH-106255,Trial Court,Sec 439 CrPC (Regular Bail),1,22,91,1,0,1,1,1,0,1,1,1,1,0.9072,1,61,1,1,1,1,1,1,1,0.8477,140,5.8919,119.85,1,1,2197544.34,0.1709,1,1,7.25,5,1,3,1,1,1,1,0,6,0.1037,0.0533,3,1,1,0,1
NCRB-SYNTH-106256,High Court,Trial Judgment,1,22,96,1,0,1,1,1,0,1,1,1,1,0.7318,1,102,1,1,1,1,1,1,1,0.7946,48,6.8694,267.03,1,1,4221106.33,0.0983,1,1,6.37,1,1,5,1,1,0,0,1,4,0.0935,0.0581,5,1,1,1,1
NCRB-SYNTH-106266,High Court,Sec 439 CrPC (Regular Bail),27,22,51,1,0,1,1,1,1,1,1,1,1,0.4917,1,57,1,1,1,1,1,1,1,0.6441,121,5.1134,243.37,1,1,4354155.67,0.0626,0,1,4.41,3,2,3,1,1,0,0,1,35,0.192,0.0536,4,1,1,1,0
NCRB-SYNTH-106271,High Court,Sec 439 CrPC (Regular Bail),7,14,35,1,0,1,1,1,1,1,1,1,1,0.7105,1,64,1,1,1,1,0,0,1,0.764,109,7.2637,291.76,1,1,1786639.32,0.0768,0,1,10.63,1,2,3,1,1,1,1,0,8,0.1028,0.0468,5,1,1,1,1
NCRB-SYNTH-106274,Trial Court,Sec 439 CrPC (Regular Bail),1,19,9,1,0,1,1,1,1,1,1,1,1,0.5427,1,128,1,1,1,1,1,1,1,0.5486,93,4.1972,170.05,1,1,732500.65,0.1624,0,1,10.96,1,4,9,1,1,1,1,0,10,0.1136,0.0474,5,1,1,0,0
NCRB-SYNTH-106278,Trial Court,Trial Judgment,1,11,37,1,0,1,1,1,1,1,1,1,1,0.4975,0,174,1,1,1,1,0,1,1,0.6856,101,7.2271,138.01,1,1,2254925.58,0.113,1,1,19.51,3,2,6,1,1,1,1,0,14,0.1791,0.0661,4,1,1,0,0
NCRB-SYNTH-106288,Trial Court,Sec 439 CrPC (Regular Bail),4,4,68,1,0,1,1,1,1,1,1,1,1,0.8162,1,136,1,1,1,0,1,1,1,0.6094,74,5.0655,157.86,1,1,4416459.57,0.1659,1,1,13.43,3,4,6,1,1,1,1,0,16,0.2092,0.0738,4,1,1,0,1
NCRB-SYNTH-106290,Supreme Court,Sec 482 CrPC (Quashing),4,15,51,1,0,1,1,1,1,1,1,1,1,0.7652,1,37,1,1,1,1,1,1,1,0.8219,116,5.4847,185.94,1,1,442869.07,0.0967,1,1,7.71,4,4,7,1,1,0,0,1,42,0.3057,0.0813,4,1,1,0,1
NCRB-SYNTH-106292,Trial Court,Writ Petition (Detention),15,13,13,1,0,1,1,1,0,1,1,1,1,0.7044,1,66,0,0,1,0,1,1,1,0.5902,56,4.0616,150.92,1,1,701610.91,0.1042,1,1,22.53,3,3,2,0,1,1,1,0,4,0.2465,0.1531,3,1,1,0,0
NCRB-SYNTH-106297,Supreme Court,Sec 439 CrPC (Regular Bail),1,11,39,0,0,1,1,1,0,1,1,1,1,0.723,1,130,1,1,1,0,1,1,1,0.8338,72,5.4115,108.98,1,1,830632.61,0.1914,1,1,5.3,3,4,10,1,1,1,1,0,6,0.0559,0.0287,3,1,1,0,1
NCRB-SYNTH-106302,Trial Court,Trial Judgment,1,25,86,0,1,1,1,1,0,1,1,1,1,0.4529,1,95,1,1,1,1,1,0,1,0.6727,45,6.3704,266.7,1,1,4138959.18,0.1932,1,1,2.75,3,3,3,1,1,0,0,1,9,0.0713,0.031,5,1,1,0,0
NCRB-SYNTH-106303,Trial Court,Sec 439 CrPC (Regular Bail),2,17,21,1,0,1,1,1,1,1,1,1,1,0.5125,0,129,1,1,1,0,0,1,1,0.6259,97,5.6178,209.67,1,1,2810789.97,0.0493,1,1,2.24,5,1,10,0,1,1,1,0,21,0.1712,0.0554,4,1,1,0,0
NCRB-SYNTH-106305,High Court,Sec 439 CrPC (Regular Bail),1,12,59,1,0,1,1,1,0,1,1,1,1,0.4032,1,159,1,1,1,0,1,1,1,0.8495,110,3.165,232.18,1,1,2264885.32,0.1019,1,1,2.05,1,3,5,1,1,0,0,1,9,0.1897,0.0824,5,1,1,0,0
NCRB-SYNTH-106306,Trial Court,Sec 482 CrPC (Quashing),1,4,15,1,0,1,1,1,0,1,1,1,1,0.8823,1,56,1,1,1,1,0,1,1,0.7861,100,6.1532,223.25,1,1,2386294.54,0.1842,0,1,3.9,4,4,6,0,1,1,1,0,10,0.1261,0.0526,5,1,1,0,1
NCRB-SYNTH-106307,High Court,Sec 482 CrPC (Quashing),2,17,37,1,0,1,1,1,1,1,1,1,1,0.7785,1,148,0,0,1,1,1,0,1,0.9253,116,4.6606,95.91,1,1,4025570.11,0.0194,0,1,7.44,4,1,8,1,1,0,0,1,26,0.2033,0.0617,4,1,1,1,0
NCRB-SYNTH-106308,High Court,Sec 439 CrPC (Regular Bail),1,20,74,0,0,1,1,1,0,1,1,1,1,0.5969,1,131,0,0,1,1,0,1,1,0.6026,125,6.5617,101.53,1,1,491792.59,0.0962,0,1,16.19,5,4,4,0,1,1,1,0,32,0.1554,0.0445,4,1,1,0,0
NCRB-SYNTH-106309,High Court,Trial Judgment,1,15,60,1,0,1,1,1,0,1,1,1,1,0.7547,0,64,1,0,1,1,1,1,1,0.7897,133,7.8326,114.91,1,1,467436.46,0.198,1,1,6.22,3,2,10,1,1,0,0,1,10,0.1505,0.0628,5,1,1,0,1
NCRB-SYNTH-106311,High Court,Sec 439 CrPC (Regular Bail),1,21,97,1,0,1,1,1,0,1,1,1,1,0.7171,1,143,1,1,1,1,1,0,1,0.5814,86,3.6263,206.81,1,1,1732586.46,0.1818,1,1,13.25,3,4,9,0,1,1,1,0,11,0.051,0.0205,3,1,1,0,1
NCRB-SYNTH-106312,High Court,Sec 439 CrPC (Regular Bail),1,3,62,1,0,1,1,1,1,1,1,1,1,0.6942,1,185,1,1,1,1,1,0,1,0.6573,124,5.4416,176.89,1,1,2305299.64,0.0616,1,1,1.97,4,4,10,1,1,1,1,0,12,0.1033,0.0403,4,1,1,1,1
NCRB-SYNTH-106322,Supreme Court,Sec 482 CrPC (Quashing),1,6,22,1,0,1,1,1,1,1,1,1,1,0.5224,1,117,1,1,1,1,1,1,1,0.7999,102,4.7218,263.05,1,1,1335083.23,0.1989,1,1,13.86,3,3,7,1,1,0,0,1,8,0.1661,0.0756,5,1,1,0,0
NCRB-SYNTH-106323,Trial Court,Sec 439 CrPC (Regular Bail),2,24,82,1,0,1,1,1,0,1,1,1,1,0.8372,1,31,0,0,1,1,0,0,1,0.6207,93,6.7398,265.26,1,1,872358.25,0.1631,0,1,7.31,5,1,2,1,1,1,1,0,18,0.2608,0.0886,4,1,1,1,0
NCRB-SYNTH-106324,High Court,Sec 439 CrPC (Regular Bail),1,22,49,1,0,1,1,1,0,1,1,1,1,0.564,1,59,1,1,1,1,1,0,1,0.7848,131,7.5443,277.21,1,1,1293105.64,0.13,0,1,39.79,3,4,3,1,1,1,1,0,2,0.4435,0.4037,1,1,1,0,0
NCRB-SYNTH-106328,High Court,Sec 439 CrPC (Regular Bail),4,5,47,1,0,1,1,1,0,1,1,1,1,0.523,1,77,1,1,1,0,1,1,1,0.6722,89,5.0661,121.15,1,1,2247599.11,0.0193,0,1,2.15,5,3,9,0,1,0,0,1,10,0.1848,0.0771,5,1,1,1,0
NCRB-SYNTH-106329,Supreme Court,Writ Petition (Detention),1,7,24,0,0,1,1,1,0,1,1,1,1,0.5912,1,168,1,1,1,1,1,1,1,0.849,65,7.761,59.33,1,1,894817.2,0.0723,1,1,4.94,3,1,10,0,1,1,1,0,6,0.0533,0.0274,3,1,1,0,0
NCRB-SYNTH-106333,High Court,Sec 482 CrPC (Quashing),1,10,86,1,0,1,1,1,0,1,1,1,1,0.4851,0,28,1,1,1,1,1,1,1,0.769,48,6.8085,124.63,1,1,2777650.44,0.0417,1,1,1.71,1,3,10,1,1,0,0,1,8,0.0833,0.0379,5,1,1,1,0
NCRB-SYNTH-106334,Supreme Court,Sec 482 CrPC (Quashing),1,8,31,1,0,1,1,1,1,1,1,1,1,0.4966,0,139,1,0,1,1,0,1,1,0.6337,44,3.1321,52.87,1,1,2648929.06,0.0865,1,1,14.14,3,3,5,0,1,1,1,0,41,0.0956,0.0256,4,1,1,0,0
NCRB-SYNTH-106339,High Court,Trial Judgment,1,8,21,1,0,1,1,1,1,1,1,1,1,0.5619,1,57,0,1,1,1,1,1,1,0.6135,62,5.334,184.83,1,1,1851175.61,0.004,1,1,1.9,2,1,6,1,1,0,0,1,6,0.0508,0.0261,5,1,1,1,0
NCRB-SYNTH-106345,Trial Court,Sec 482 CrPC (Quashing),1,18,93,1,0,1,1,1,0,1,1,1,1,0.4205,1,13,0,0,1,1,1,0,1,0.8468,103,6.7087,98.83,1,1,661695.37,0.1177,0,1,3.64,3,2,6,0,1,0,0,1,9,0.1679,0.0729,3,1,1,0,0
NCRB-SYNTH-106352,High Court,Writ Petition (Detention),1,7,10,1,0,1,1,1,1,1,1,1,1,0.4533,1,78,1,1,1,1,0,1,1,0.9265,138,7.7046,147.62,1,1,3369675.36,0.0899,1,1,4.91,4,4,2,1,1,0,0,1,9,0.0562,0.0244,5,1,1,0,0
NCRB-SYNTH-106357,High Court,Sec 439 CrPC (Regular Bail),1,22,19,1,0,1,1,1,0,1,1,1,1,0.5737,1,88,1,0,1,1,1,1,1,0.4641,147,5.4216,143.34,1,1,2790823.08,0.1753,1,1,37.51,2,3,9,1,1,1,1,0,8,0.1112,0.0506,5,1,1,0,0
NCRB-SYNTH-106358,High Court,Sec 439 CrPC (Regular Bail),1,4,43,1,0,1,1,1,1,1,1,1,1,0.7403,0,10,1,0,1,1,1,1,1,0.7289,70,3.2134,285.59,1,1,1759514.77,0.1084,1,1,4.08,5,4,6,1,1,1,1,0,10,0.1596,0.0666,5,1,1,1,1
NCRB-SYNTH-106362,Trial Court,Sec 439 CrPC (Regular Bail),1,20,84,1,0,1,1,1,0,1,1,1,1,0.8998,1,95,1,0,1,0,1,1,1,0.7332,100,3.0587,286.67,1,1,3478622.78,0.0305,1,1,9.15,3,3,7,1,1,1,1,0,11,0.1041,0.0419,5,1,1,1,1
NCRB-SYNTH-106364,High Court,Trial Judgment,7,20,43,1,0,1,1,1,0,1,1,1,1,0.4949,1,32,1,0,1,1,0,1,1,0.8605,133,5.7197,137.45,1,1,3394921.88,0.1133,1,1,3.18,3,3,3,1,1,1,1,0,8,0.1016,0.0462,5,1,1,0,0
NCRB-SYNTH-106365,Trial Court,Sec 439 CrPC (Regular Bail),1,20,92,1,0,1,1,1,0,1,1,1,1,0.7843,1,40,1,1,1,1,0,1,1,0.5961,64,6.0867,168.95,1,1,1844857.37,0.0435,1,1,10.01,3,2,2,1,1,1,1,0,21,0.1341,0.0434,4,1,1,1,1
NCRB-SYNTH-106367,High Court,Trial Judgment,1,7,25,1,0,1,1,1,1,1,1,1,1,0.6113,1,72,1,1,1,1,1,1,1,0.904,102,6.7655,102.59,1,1,540198.05,0.0834,1,1,7.86,5,2,10,1,1,1,1,0,5,0.0666,0.0371,5,1,1,0,1
NCRB-SYNTH-106369,Trial Court,Sec 439 CrPC (Regular Bail),1,4,17,1,0,1,1,1,1,1,1,1,1,0.632,1,17,0,0,1,1,1,0,1,0.741,93,6.7658,93.33,1,1,2592140.9,0.0212,1,1,31.39,1,1,4,0,1,1,1,0,1,0.9321,1.3448,1,1,1,1,0
NCRB-SYNTH-106382,High Court,Sec 482 CrPC (Quashing),1,4,25,1,0,1,1,1,0,1,1,1,1,0.8059,1,128,1,1,1,1,1,1,1,0.5171,127,7.4299,254.08,1,1,402831.05,0.0452,1,1,1.84,1,1,6,1,1,1,1,0,14,0.1049,0.0387,4,1,1,1,1
NCRB-SYNTH-106385,Trial Court,Trial Judgment,1,14,13,0,0,1,1,1,0,1,1,1,1,0.6479,1,148,0,0,1,1,1,1,1,0.616,45,7.5941,150.35,1,1,251247.97,0.0575,0,1,7.46,4,4,4,1,1,1,1,0,24,0.0919,0.0285,4,1,1,0,0
NCRB-SYNTH-106392,Trial Court,Sec 439 CrPC (Regular Bail),4,20,48,1,0,1,1,1,1,1,1,1,1,0.6815,1,11,1,1,1,1,1,1,1,0.7613,146,4.3109,204.84,1,1,2084765.08,0.0228,1,1,12.77,2,1,2,1,1,1,1,0,2,0.8918,0.8117,1,1,1,1,1
NCRB-SYNTH-106397,High Court,Sec 439 CrPC (Regular Bail),2,6,98,1,0,1,1,1,0,1,1,1,1,0.6725,1,152,1,0,1,0,0,1,1,0.5599,47,5.5459,182.41,1,1,2844405.66,0.0245,1,1,4.13,5,3,7,1,1,1,1,0,44,0.2386,0.0627,4,1,1,0,1
NCRB-SYNTH-106399,Trial Court,Sec 439 CrPC (Regular Bail),7,6,71,1,0,1,1,1,1,1,1,1,1,0.7647,1,62,1,1,1,1,0,0,1,0.4947,45,5.6072,52.02,1,1,2461416.72,0.1166,1,1,8.35,5,1,6,1,1,1,1,0,11,0.0673,0.0271,3,1,1,0,1
NCRB-SYNTH-106409,Trial Court,Sec 439 CrPC (Regular Bail),2,19,66,1,0,1,1,1,0,1,1,1,1,0.5949,1,21,1,0,1,1,0,1,1,0.4158,49,6.4083,152.84,1,1,673432.29,0.0785,0,1,9.41,4,1,2,0,1,1,1,0,27,0.1907,0.0572,4,1,1,0,0
NCRB-SYNTH-106412,Trial Court,Sec 482 CrPC (Quashing),4,22,66,1,0,1,1,1,0,1,1,1,1,0.5868,1,70,1,0,1,0,0,1,1,0.5493,114,3.8584,198.06,1,1,1528608.9,0.0032,1,1,1.07,1,3,8,1,1,1,1,0,29,0.2538,0.0746,4,1,1,1,0
NCRB-SYNTH-106414,High Court,Sec 439 CrPC (Regular Bail),1,12,64,1,0,1,1,1,0,1,1,1,1,0.6946,1,146,1,0,1,0,0,1,1,0.7017,146,4.1059,117.17,1,1,4022316.55,0.0367,0,1,1.1,2,3,9,1,1,1,1,0,26,0.2858,0.0867,4,1,1,1,1
NCRB-SYNTH-106416,High Court,Sec 439 CrPC (Regular Bail),2,3,53,1,0,1,1,1,0,1,1,1,1,0.6634,1,44,1,0,1,1,0,0,1,0.8067,148,4.3918,260.16,1,1,2012242.53,0.1588,1,1,32.53,5,4,8,1,1,1,1,0,11,0.1921,0.0773,5,1,1,1,1
NCRB-SYNTH-106417,Trial Court,Sec 439 CrPC (Regular Bail),4,24,43,1,0,1,1,1,0,1,1,1,1,0.8669,1,152,1,1,1,1,0,1,1,0.6238,141,4.2988,228.98,1,1,1896899.72,0.0568,1,1,7.45,4,2,2,1,1,0,0,1,4,0.2357,0.1464,3,1,1,0,1
NCRB-SYNTH-106420,High Court,Sec 482 CrPC (Quashing),7,17,54,1,0,1,1,1,0,1,1,1,1,0.4349,1,153,0,0,1,1,0,1,1,0.881,87,7.9356,61.65,1,1,3532599.14,0.0406,1,1,10.64,3,1,6,0,1,1,1,0,5,0.2413,0.1347,3,1,1,0,0
NCRB-SYNTH-106422,Trial Court,Trial Judgment,1,12,21,1,0,1,1,1,0,1,1,1,1,0.9279,0,113,1,1,1,1,0,0,1,0.5035,101,5.4455,276.85,1,1,4367609.7,0.1977,1,1,3.07,1,3,6,1,1,1,1,0,6,0.2239,0.1151,5,1,1,0,1
NCRB-SYNTH-106425,High Court,Writ Petition (Detention),4,18,57,1,0,1,1,1,0,1,1,1,1,0.7986,1,99,1,1,1,1,1,1,1,0.6213,42,5.8969,284.48,1,1,2609268.64,0.1274,1,1,13.27,2,2,7,1,1,0,0,1,10,0.1506,0.0628,5,1,1,1,1
NCRB-SYNTH-106434,High Court,Sec 439 CrPC (Regular Bail),1,13,79,0,0,1,1,1,0,1,1,1,1,0.6855,0,119,0,0,1,0,1,1,1,0.6677,137,6.8753,161.08,1,1,1906577.31,0.1354,1,1,19.08,4,4,8,1,1,0,0,1,9,0.0612,0.0266,5,1,1,0,0
NCRB-SYNTH-106440,Supreme Court,Sec 482 CrPC (Quashing),1,4,5,1,0,1,1,1,0,1,1,1,1,0.3568,1,160,0,0,1,0,1,1,1,0.808,54,6.055,136.09,1,1,2390854.1,0.0857,1,1,11.21,1,1,2,1,1,1,1,0,5,0.1064,0.0594,3,1,1,0,0
NCRB-SYNTH-106446,High Court,Writ Petition (Detention),7,22,68,1,0,1,1,1,0,1,1,1,1,0.8586,1,125,1,1,1,1,1,1,1,0.6718,145,7.1648,84.06,1,1,557871.0,0.1431,0,1,3.2,3,3,7,1,1,1,1,0,4,0.1024,0.0636,3,1,1,0,1
NCRB-SYNTH-106448,Trial Court,Sec 439 CrPC (Regular Bail),1,21,56,1,0,1,1,1,1,1,1,1,1,0.771,1,59,0,0,1,1,1,0,1,0.439,58,6.3163,158.89,1,1,4228172.69,0.0799,1,1,19.43,2,2,4,0,1,1,1,0,5,0.1618,0.0903,5,1,1,0,0
NCRB-SYNTH-106453,Trial Court,Sec 439 CrPC (Regular Bail),1,10,6,1,0,1,1,1,1,1,1,1,1,0.6508,0,62,1,1,1,1,1,1,1,0.6371,98,3.3682,157.87,1,1,3663932.14,0.0241,0,1,24.54,4,2,5,1,1,1,1,0,4,0.1667,0.1036,5,1,1,1,1
NCRB-SYNTH-106458,High Court,Sec 439 CrPC (Regular Bail),2,11,16,1,0,1,1,1,0,1,1,1,1,0.4352,1,98,1,1,1,1,0,0,1,0.6987,146,6.7555,165.37,1,1,3575818.11,0.0907,1,1,22.27,5,4,8,1,1,1,1,0,11,0.0696,0.028,5,1,1,1,0
NCRB-SYNTH-106467,Trial Court,Trial Judgment,2,7,61,0,0,1,1,1,0,1,1,1,1,0.4537,1,142,1,1,1,1,1,0,1,0.5402,45,7.9827,160.09,1,1,2552440.7,0.1875,0,1,3.79,4,1,4,1,1,1,1,0,9,0.2209,0.0959,5,1,1,0,0
NCRB-SYNTH-106477,Trial Court,Sec 439 CrPC (Regular Bail),4,18,66,1,1,1,1,1,1,1,1,1,1,0.7922,0,28,1,1,1,1,1,1,1,0.6923,47,3.5143,198.59,1,1,3343123.41,0.1896,0,1,18.21,1,1,6,1,1,0,0,1,43,0.2759,0.0729,4,1,1,0,1
NCRB-SYNTH-106479,Trial Court,Sec 439 CrPC (Regular Bail),2,22,38,1,0,1,1,1,1,1,1,1,1,0.664,1,77,1,0,1,0,1,1,1,0.7693,150,4.9498,264.37,1,1,852230.91,0.1351,1,1,4.01,3,3,5,1,1,1,1,0,7,0.1324,0.0637,5,1,1,0,1
NCRB-SYNTH-106482,Trial Court,Sec 439 CrPC (Regular Bail),4,20,21,1,0,1,1,1,0,1,1,1,1,0.3825,1,119,1,1,1,1,1,1,1,0.9236,113,5.4981,51.16,1,1,3949454.73,0.0104,1,1,9.0,5,3,6,1,1,1,1,0,4,0.0673,0.0418,5,1,1,0,0
NCRB-SYNTH-106486,High Court,Sec 439 CrPC (Regular Bail),2,8,45,1,1,1,1,1,0,1,1,1,1,0.6415,1,124,1,1,1,1,1,1,1,0.3549,95,3.9998,237.2,1,1,2950565.2,0.1482,0,1,35.15,3,3,7,1,1,1,1,0,7,0.1052,0.0506,3,1,1,1,1
NCRB-SYNTH-106488,Trial Court,Sec 439 CrPC (Regular Bail),1,24,82,1,0,1,1,1,0,1,1,1,1,0.6392,1,85,1,1,1,1,1,0,1,0.764,122,3.2851,97.84,1,1,4227505.77,0.1667,0,1,5.97,2,2,10,1,1,1,1,0,8,0.2112,0.0961,5,1,1,0,1
NCRB-SYNTH-106489,Trial Court,Sec 439 CrPC (Regular Bail),1,3,79,0,0,1,1,1,0,1,1,1,1,0.9288,1,178,1,0,1,1,1,0,1,0.6589,138,3.6579,110.04,1,1,3392651.42,0.0021,0,1,3.03,1,1,3,1,1,1,1,0,34,0.1088,0.0306,4,1,1,0,1
NCRB-SYNTH-106493,High Court,Sec 439 CrPC (Regular Bail),2,14,75,1,0,1,1,1,0,1,1,1,1,0.7051,1,160,1,0,1,1,0,0,1,0.7637,107,6.0368,77.27,1,1,4129843.07,0.101,0,1,7.68,4,3,6,1,1,1,1,0,6,0.0669,0.0344,5,1,1,0,1
NCRB-SYNTH-106497,Trial Court,Sec 439 CrPC (Regular Bail),1,16,69,1,1,1,1,1,1,1,1,1,1,0.778,1,155,1,1,1,1,0,1,1,0.754,137,7.5155,131.65,1,1,1741771.63,0.0644,1,1,18.01,1,3,4,1,1,1,1,0,23,0.1054,0.0332,4,1,1,0,1
NCRB-SYNTH-106503,Supreme Court,Sec 439 CrPC (Regular Bail),4,18,42,1,0,1,1,1,1,1,1,1,1,0.6279,1,82,1,1,1,1,1,1,1,0.7702,71,8.0157,263.47,1,1,1809561.39,0.1135,1,1,13.32,4,2,9,0,1,1,1,0,6,0.1107,0.0569,5,1,1,0,1
NCRB-SYNTH-106515,Trial Court,Sec 439 CrPC (Regular Bail),1,22,90,1,0,1,1,1,0,1,1,1,1,0.7885,1,76,1,1,1,1,1,0,1,0.5847,75,7.1578,122.56,1,1,2958474.9,0.1173,1,1,7.11,1,3,10,1,1,0,0,1,8,0.0556,0.0253,3,1,1,0,1
NCRB-SYNTH-106529,High Court,Sec 439 CrPC (Regular Bail),2,10,23,0,0,1,1,1,0,1,1,1,1,0.638,1,182,1,1,1,1,1,1,1,0.7355,66,5.1143,290.49,1,1,2167306.8,0.0528,0,1,10.92,1,4,7,1,1,0,0,1,27,0.1845,0.0554,4,1,1,0,1
NCRB-SYNTH-106539,Trial Court,Sec 439 CrPC (Regular Bail),7,25,70,1,0,1,1,1,1,1,1,1,1,0.7306,1,162,0,1,1,1,1,1,1,0.794,78,3.2983,249.28,1,1,2614800.03,0.1721,1,1,11.69,3,2,3,1,1,1,1,0,15,0.1501,0.0541,4,1,1,1,0
NCRB-SYNTH-106545,Trial Court,Sec 439 CrPC (Regular Bail),1,19,79,1,0,1,1,1,0,1,1,1,1,0.7234,1,166,1,1,1,1,1,0,1,0.6745,46,3.4815,256.97,1,1,3042987.25,0.005,1,1,4.89,1,2,2,0,1,1,1,0,4,0.2353,0.1462,3,1,1,0,1
NCRB-SYNTH-106548,Trial Court,Trial Judgment,1,23,12,1,0,1,1,1,0,1,1,1,1,0.9386,1,56,1,1,1,1,1,1,1,0.6997,50,7.2663,119.17,1,1,3870897.84,0.0985,0,1,64.71,1,3,8,0,1,1,1,0,5,0.0822,0.0459,5,1,1,0,1
NCRB-SYNTH-106550,High Court,Trial Judgment,1,17,73,1,0,1,1,1,1,1,1,1,1,0.5016,0,173,1,1,1,1,0,1,1,0.851,68,3.055,135.07,1,1,2620171.34,0.1147,0,1,18.59,5,3,8,1,1,1,1,0,8,0.0734,0.0334,5,1,1,0,0
NCRB-SYNTH-106552,High Court,Sec 482 CrPC (Quashing),1,7,36,1,0,1,1,1,0,1,1,1,1,0.6365,1,72,1,1,1,1,1,1,1,0.7893,75,7.6245,265.93,1,1,2811600.52,0.1185,0,1,4.22,5,2,8,0,1,1,1,0,9,0.2357,0.1023,3,1,1,0,1
NCRB-SYNTH-106557,High Court,Sec 482 CrPC (Quashing),2,14,12,0,0,1,1,1,0,1,1,1,1,0.4096,1,45,1,1,1,0,1,1,1,0.6857,98,7.3254,86.48,1,1,3633297.74,0.1311,1,1,30.32,2,3,9,1,1,1,1,0,10,0.248,0.1034,5,1,1,0,0
NCRB-SYNTH-106566,Trial Court,Sec 439 CrPC (Regular Bail),1,20,8,1,0,1,1,1,1,1,1,1,1,0.6383,1,34,1,0,1,1,1,1,1,0.7159,74,7.9907,286.55,1,1,3463241.63,0.1414,1,1,7.21,4,2,4,1,1,1,1,0,27,0.0893,0.0268,4,1,1,0,1
NCRB-SYNTH-106569,Trial Court,Sec 439 CrPC (Regular Bail),15,17,40,1,0,1,1,1,0,1,1,1,1,0.4294,1,38,1,1,1,1,1,1,1,0.8582,92,7.5751,48.23,1,1,1130002.15,0.1051,1,1,16.28,5,3,9,1,1,1,1,0,27,0.1346,0.0404,4,1,1,1,0
NCRB-SYNTH-106570,Trial Court,Writ Petition (Detention),4,8,48,1,0,1,1,1,0,1,1,1,1,0.5236,1,81,0,0,1,1,1,1,1,0.8476,41,6.1981,92.1,1,1,2990841.99,0.0515,1,1,4.42,5,2,6,1,1,1,1,0,4,0.1816,0.1128,5,1,1,0,0
NCRB-SYNTH-106579,Trial Court,Sec 439 CrPC (Regular Bail),4,4,30,1,0,1,1,1,0,1,1,1,1,0.9419,0,81,1,1,1,0,1,1,1,0.8878,82,6.4304,58.92,1,1,2383282.93,0.0053,0,1,15.59,2,2,9,1,1,1,1,0,8,0.0842,0.0383,3,1,1,0,1
NCRB-SYNTH-106586,Trial Court,Sec 439 CrPC (Regular Bail),1,23,13,1,0,1,1,1,0,1,1,1,1,0.9045,1,161,1,1,1,1,1,1,1,0.6404,99,6.2892,287.85,1,1,2262166.11,0.042,1,1,44.55,4,1,8,0,1,1,1,0,22,0.0926,0.0295,4,1,1,1,1
NCRB-SYNTH-106587,Supreme Court,Sec 439 CrPC (Regular Bail),21,14,51,1,0,1,1,1,0,1,1,1,1,0.473,1,57,1,1,1,0,1,1,1,0.8582,56,5.9573,262.79,1,1,679005.84,0.1368,0,1,8.66,4,4,9,1,1,1,1,0,10,0.0921,0.0384,3,1,1,0,0
NCRB-SYNTH-106591,High Court,Sec 439 CrPC (Regular Bail),2,3,21,1,0,1,1,1,1,1,1,1,1,0.6575,1,158,1,1,1,1,1,1,1,0.5796,137,5.2081,246.78,1,1,915963.97,0.0511,1,1,11.58,4,1,7,1,1,0,0,1,26,0.1878,0.057,4,1,1,1,1
NCRB-SYNTH-106593,High Court,Sec 439 CrPC (Regular Bail),21,12,19,1,0,1,1,1,0,1,1,1,1,0.8859,1,36,1,0,1,1,1,0,1,0.8101,101,4.2319,57.55,1,1,2329751.97,0.0979,1,1,1.25,5,1,5,0,1,1,1,0,45,0.2757,0.072,4,1,1,1,1
NCRB-SYNTH-106601,High Court,Sec 439 CrPC (Regular Bail),4,19,58,1,0,1,1,1,0,1,1,1,1,0.5652,1,118,1,0,1,1,1,1,1,0.461,87,4.2538,160.88,1,1,3534349.11,0.1784,0,1,1.2,1,2,9,1,1,1,1,0,4,0.1094,0.068,3,1,1,0,0
NCRB-SYNTH-106603,High Court,Sec 482 CrPC (Quashing),21,3,17,1,0,1,1,1,0,1,1,1,1,0.494,1,156,1,0,1,1,1,1,1,0.7601,56,3.2528,132.85,1,1,3373499.04,0.0183,1,1,2.52,1,2,3,1,1,1,1,0,1,0.7884,1.1374,1,1,1,0,0
NCRB-SYNTH-106605,Trial Court,Sec 439 CrPC (Regular Bail),1,15,48,1,0,1,1,1,0,1,1,1,1,0.6573,1,95,0,0,1,1,1,1,1,0.5904,146,3.0751,254.07,1,1,4487394.64,0.0226,0,1,9.29,3,4,10,1,1,1,1,0,11,0.1164,0.0469,3,1,1,0,0
NCRB-SYNTH-106608,High Court,Writ Petition (Detention),1,15,7,1,0,1,1,1,1,1,1,1,1,0.5006,1,97,1,1,1,1,0,0,1,0.9442,74,4.2672,87.61,1,1,3704444.88,0.173,0,1,10.13,5,4,3,1,1,1,1,0,4,0.1325,0.0823,5,1,1,1,0
NCRB-SYNTH-106618,High Court,Sec 439 CrPC (Regular Bail),1,4,58,1,0,1,1,1,0,1,1,1,1,0.6067,1,110,1,1,1,1,1,1,1,0.5569,137,6.6344,141.9,1,1,1622894.18,0.0413,1,1,11.72,5,2,9,1,1,1,1,0,26,0.3105,0.0942,4,1,1,0,1
NCRB-SYNTH-106619,Trial Court,Sec 439 CrPC (Regular Bail),4,25,61,1,0,1,1,1,0,1,1,1,1,0.8337,1,139,1,0,1,0,0,0,1,0.7004,116,6.3942,268.14,1,1,344628.48,0.14,0,1,15.33,3,2,3,1,1,1,1,0,7,0.0937,0.045,3,1,1,0,1
NCRB-SYNTH-106622,Trial Court,Sec 439 CrPC (Regular Bail),15,9,97,1,0,1,1,1,0,1,1,1,1,0.3921,1,22,1,1,1,1,1,1,1,0.6453,91,6.9537,113.49,1,1,401802.29,0.1165,0,1,6.03,4,1,4,1,1,1,1,0,11,0.1918,0.0772,3,1,1,0,0
NCRB-SYNTH-106623,Supreme Court,Sec 439 CrPC (Regular Bail),4,22,63,1,0,1,1,1,0,1,1,1,1,0.9464,0,69,1,1,1,0,1,0,1,0.4796,86,7.7593,97.46,1,1,4368470.56,0.106,1,1,7.06,2,2,3,1,1,1,1,0,11,0.1174,0.0473,5,1,1,1,1
NCRB-SYNTH-106624,High Court,Sec 439 CrPC (Regular Bail),1,12,69,1,0,1,1,1,0,1,1,1,1,0.4179,1,63,1,1,1,1,0,1,1,0.6382,119,3.3691,264.5,1,1,3652316.41,0.1614,1,1,3.21,2,4,8,0,1,1,1,0,7,0.0924,0.0444,5,1,1,0,0
NCRB-SYNTH-106631,Trial Court,Writ Petition (Detention),2,7,24,1,0,1,1,1,0,1,1,1,1,0.9691,1,107,1,0,1,1,0,1,1,0.4974,65,3.7297,277.64,1,1,3475758.98,0.1283,1,1,6.42,3,4,3,1,1,0,0,1,5,0.244,0.1362,5,1,1,0,1
NCRB-SYNTH-106634,High Court,Sec 482 CrPC (Quashing),1,22,76,1,0,1,1,1,1,1,1,1,1,0.4795,1,149,1,1,1,1,0,0,1,0.5322,98,7.9662,242.82,1,1,2635585.45,0.1926,0,1,2.09,3,3,5,1,1,1,1,0,2,0.4583,0.4172,1,1,1,0,0
NCRB-SYNTH-106640,Trial Court,Sec 439 CrPC (Regular Bail),1,16,41,1,0,1,1,1,0,1,1,1,1,0.6292,1,22,0,0,1,1,0,1,1,0.5577,78,5.5632,182.83,1,1,4474565.77,0.1345,1,1,25.18,3,1,5,1,1,1,1,0,18,0.0974,0.0331,4,1,1,1,0
NCRB-SYNTH-106643,Trial Court,Writ Petition (Detention),1,11,29,1,0,1,1,1,0,1,1,1,1,0.4819,0,44,1,1,1,1,0,1,1,0.6013,66,5.4475,267.11,1,1,4294198.06,0.0616,1,1,2.63,1,4,3,1,1,1,1,0,1,0.5042,0.7274,1,1,1,0,0
NCRB-SYNTH-106646,Trial Court,Sec 482 CrPC (Quashing),1,7,54,0,0,1,1,1,1,1,1,1,1,0.6928,1,120,1,1,1,1,1,1,1,0.7265,80,6.597,58.38,1,1,580403.51,0.0051,1,1,1.25,4,4,9,1,1,1,1,0,4,0.228,0.1417,5,1,1,0,1
NCRB-SYNTH-106656,Trial Court,Sec 439 CrPC (Regular Bail),15,8,53,0,0,1,1,1,0,1,1,1,1,0.8141,0,159,1,1,1,0,1,0,1,0.7719,59,6.7989,279.14,1,1,1412817.38,0.0353,0,1,9.27,2,4,9,1,1,1,1,0,4,0.1802,0.112,5,1,1,0,1
NCRB-SYNTH-106662,High Court,Sec 439 CrPC (Regular Bail),1,16,12,1,0,1,1,1,0,1,1,1,1,0.8015,1,92,1,1,1,1,1,1,1,0.7858,109,6.5994,53.03,1,1,3892285.0,0.1647,0,1,1.48,1,2,9,1,1,1,1,0,4,0.1244,0.0773,5,1,1,1,1
NCRB-SYNTH-106680,High Court,Sec 439 CrPC (Regular Bail),1,11,17,1,0,1,1,1,1,1,1,1,1,0.9015,0,125,1,1,1,0,1,1,1,0.7029,119,7.1438,90.14,1,1,2609822.2,0.0584,0,1,7.96,1,1,3,0,1,1,1,0,34,0.3115,0.0876,4,1,1,0,1
NCRB-SYNTH-106687,High Court,Sec 439 CrPC (Regular Bail),2,20,25,1,0,1,1,1,0,1,1,1,1,0.8851,0,133,0,0,1,1,1,1,1,0.5495,95,6.3621,159.13,1,1,3661568.58,0.1371,0,1,3.57,4,2,8,1,1,1,1,0,26,0.1668,0.0506,4,1,1,1,0
NCRB-SYNTH-106688,Trial Court,Trial Judgment,1,15,77,0,0,1,1,1,0,1,1,1,1,0.9228,1,170,1,1,1,0,1,1,1,0.76,100,4.2053,91.98,1,1,1851769.38,0.1395,0,1,13.17,4,1,6,1,1,1,1,0,11,0.0524,0.0211,3,1,1,0,1
NCRB-SYNTH-106689,High Court,Trial Judgment,1,3,28,1,0,1,1,1,0,1,1,1,1,0.9154,1,112,1,1,1,0,1,1,1,0.5857,67,4.7629,222.57,1,1,1711655.02,0.167,1,1,3.75,5,4,10,1,1,0,0,1,7,0.1465,0.0704,5,1,1,1,1
NCRB-SYNTH-106698,Trial Court,Sec 439 CrPC (Regular Bail),2,11,76,0,0,1,1,1,0,1,1,1,1,0.7039,1,174,0,0,1,1,0,1,1,0.5538,74,4.9583,132.27,1,1,1817289.28,0.0015,0,1,9.58,4,2,5,1,1,1,1,0,6,0.2373,0.122,5,1,1,0,0
NCRB-SYNTH-106703,Trial Court,Sec 439 CrPC (Regular Bail),1,6,18,0,0,1,1,1,0,1,1,1,1,0.6903,1,45,1,1,1,0,1,1,1,0.7551,94,5.0224,86.08,1,1,1165215.38,0.1091,1,1,16.36,5,4,8,1,1,1,1,0,30,0.2444,0.0712,4,1,1,0,1
NCRB-SYNTH-106705,High Court,Sec 439 CrPC (Regular Bail),1,12,53,1,0,1,1,1,0,1,1,1,1,0.6321,1,101,1,0,1,0,1,1,1,0.4317,75,6.8725,172.48,1,1,3300108.41,0.0079,0,1,2.47,4,1,6,1,1,0,0,1,8,0.183,0.0833,5,1,1,0,1
NCRB-SYNTH-106708,Trial Court,Trial Judgment,1,20,8,0,0,1,1,1,0,1,1,1,1,0.7746,1,159,1,1,1,1,0,1,1,0.8215,47,6.8827,157.71,1,1,3666432.33,0.1704,0,1,8.86,5,3,6,1,1,1,1,0,4,0.1478,0.0918,5,1,1,1,1
NCRB-SYNTH-106716,Trial Court,Sec 439 CrPC (Regular Bail),4,4,51,0,0,1,1,1,0,1,1,1,1,0.6769,0,119,0,0,1,1,1,1,1,0.5934,131,4.5913,270.67,1,1,1780427.99,0.1897,1,1,23.76,5,3,10,0,1,1,1,0,45,0.1887,0.0493,4,1,1,0,0
NCRB-SYNTH-106718,Trial Court,Sec 439 CrPC (Regular Bail),2,9,17,1,0,1,1,1,0,1,1,1,1,0.4837,1,28,1,0,1,1,0,1,1,0.5595,94,5.8224,250.81,1,1,369538.07,0.1604,0,1,20.05,2,3,5,1,1,1,1,0,10,0.1657,0.0691,5,1,1,0,0
NCRB-SYNTH-106724,Trial Court,Sec 439 CrPC (Regular Bail),1,17,77,0,0,1,1,1,0,1,1,1,1,0.3942,1,30,1,0,1,0,1,0,1,0.5809,74,4.4579,204.51,1,1,3109406.62,0.148,0,1,6.23,2,2,3,1,1,0,0,1,21,0.1252,0.0405,4,1,1,0,0
NCRB-SYNTH-106731,High Court,Sec 439 CrPC (Regular Bail),1,12,42,1,0,1,1,1,0,1,1,1,1,0.9512,1,89,0,0,1,1,1,1,1,1.0,90,4.3059,175.26,1,1,2259124.7,0.0955,0,1,37.52,4,1,9,1,1,1,1,0,20,0.2891,0.095,4,1,1,1,0
NCRB-SYNTH-106745,Supreme Court,Sec 439 CrPC (Regular Bail),27,21,39,1,0,1,1,1,0,1,1,1,1,0.5471,1,178,1,1,1,1,0,0,1,0.2188,127,3.3353,51.81,1,1,4168130.55,0.0574,1,1,15.97,5,3,9,1,1,1,1,0,10,0.1648,0.0687,5,1,1,0,0
NCRB-SYNTH-106750,High Court,Sec 482 CrPC (Quashing),1,10,97,1,0,1,1,1,0,1,1,1,1,0.9401,0,40,0,0,1,1,0,1,1,0.5784,75,4.4275,206.74,1,1,2189213.77,0.0349,0,1,10.54,1,2,6,1,1,1,1,0,5,0.1348,0.0752,5,1,1,0,0
NCRB-SYNTH-106756,High Court,Sec 482 CrPC (Quashing),4,22,59,0,0,1,1,1,0,1,1,1,1,0.7553,1,117,1,1,1,1,1,1,1,0.8059,134,4.9766,162.22,1,1,2042702.04,0.1014,0,1,1.87,2,4,5,1,1,1,1,0,2,0.545,0.4961,1,1,1,0,1
NCRB-SYNTH-106775,High Court,Sec 439 CrPC (Regular Bail),1,3,38,0,0,1,1,1,1,1,1,1,1,0.8941,0,162,1,1,1,1,1,1,1,0.7731,97,6.1003,88.29,1,1,3094647.88,0.0673,1,1,17.67,5,4,7,1,1,1,1,0,6,0.1579,0.0811,5,1,1,0,1
NCRB-SYNTH-106778,High Court,Trial Judgment,1,22,46,1,0,1,1,1,0,1,1,1,1,0.9201,1,76,1,1,1,1,1,1,1,0.5949,50,7.4332,275.97,1,1,1244436.1,0.1484,1,1,13.85,3,1,8,1,1,0,0,1,10,0.1016,0.0424,5,1,1,0,1
NCRB-SYNTH-106781,Trial Court,Sec 439 CrPC (Regular Bail),1,4,96,1,0,1,1,1,1,1,1,1,1,0.6235,1,43,0,0,1,0,1,1,1,0.7198,61,6.2634,245.35,1,1,3440840.84,0.0526,1,1,4.42,1,3,7,1,1,1,1,0,17,0.2756,0.0954,4,1,1,0,0
NCRB-SYNTH-106782,High Court,Sec 439 CrPC (Regular Bail),2,3,55,1,0,1,1,1,1,1,1,1,1,0.6527,0,103,1,0,1,1,1,0,1,0.8177,99,6.7069,99.29,1,1,4077853.27,0.0159,1,1,11.68,5,4,2,1,1,1,1,0,15,0.1848,0.0667,4,1,1,0,1
NCRB-SYNTH-106783,Trial Court,Sec 439 CrPC (Regular Bail),1,21,98,1,0,1,1,1,1,1,1,1,1,0.4277,1,43,0,1,1,1,1,0,1,0.6783,100,4.4603,193.19,1,1,3389445.45,0.1843,0,1,19.72,3,2,6,1,1,1,1,0,23,0.1715,0.054,4,1,1,1,0
NCRB-SYNTH-106793,High Court,Sec 482 CrPC (Quashing),21,24,38,1,0,1,1,1,0,1,1,1,1,0.7746,1,130,1,1,1,1,0,1,1,0.591,142,3.6191,166.24,1,1,3139878.41,0.0783,1,1,5.19,3,2,9,1,1,1,1,0,42,0.119,0.0316,4,1,1,1,1
NCRB-SYNTH-106795,Trial Court,Sec 439 CrPC (Regular Bail),1,8,87,1,0,1,1,1,0,1,1,1,1,0.7362,1,79,0,0,1,1,1,0,1,0.7098,98,3.8432,79.46,1,1,4020823.55,0.126,0,1,6.19,1,2,6,1,1,1,1,0,37,0.1698,0.0467,4,1,1,0,0
NCRB-SYNTH-106800,High Court,Sec 439 CrPC (Regular Bail),1,25,42,1,0,1,1,1,1,1,1,1,1,0.7385,1,157,1,1,1,1,1,0,1,0.4437,70,7.1159,206.22,1,1,1401447.38,0.0689,0,1,4.82,3,1,6,1,1,1,1,0,1,0.9494,1.3698,1,1,1,0,1
NCRB-SYNTH-106804,High Court,Trial Judgment,1,19,35,1,0,1,1,1,0,1,1,1,1,0.8628,1,103,0,1,1,1,0,1,1,0.9301,101,6.0952,150.32,1,1,1300307.43,0.1336,1,1,1.53,5,1,5,1,1,1,1,0,5,0.1583,0.0883,5,1,1,1,0
NCRB-SYNTH-106805,Supreme Court,Sec 482 CrPC (Quashing),1,22,30,1,0,1,1,1,0,1,1,1,1,0.6523,1,79,0,0,1,0,1,1,1,0.8248,81,6.9285,158.36,1,1,4264059.97,0.1769,1,1,19.07,3,3,4,0,1,1,1,0,9,0.0589,0.0256,5,1,1,0,0
NCRB-SYNTH-106808,High Court,Sec 439 CrPC (Regular Bail),1,11,30,1,0,1,1,1,1,1,1,1,1,0.8509,1,158,1,0,1,1,0,1,1,0.6292,128,7.7443,171.6,1,1,485980.01,0.0193,1,1,2.21,5,2,8,1,1,1,1,0,30,0.3138,0.0914,4,1,1,0,1
NCRB-SYNTH-106815,Trial Court,Writ Petition (Detention),1,10,99,1,0,1,1,1,0,1,1,1,1,0.7858,1,90,1,1,1,1,0,1,1,0.5657,59,7.267,134.81,1,1,956207.34,0.0554,1,1,1.38,2,4,3,1,1,1,1,0,16,0.1099,0.0388,4,1,1,1,1
NCRB-SYNTH-106821,High Court,Sec 482 CrPC (Quashing),4,9,14,1,0,1,1,1,1,1,1,1,1,0.538,1,170,1,1,1,1,1,1,1,0.612,43,6.4553,161.83,1,1,636128.5,0.1837,0,1,14.98,4,1,5,0,1,1,1,0,3,0.775,0.5591,1,1,1,0,0
NCRB-SYNTH-106822,Trial Court,Sec 439 CrPC (Regular Bail),2,9,40,1,0,1,1,1,0,1,1,1,1,0.6684,1,173,1,1,1,1,1,1,1,0.6507,143,6.3204,65.37,1,1,1714711.04,0.062,1,1,2.98,4,2,3,1,1,1,1,0,11,0.0687,0.0277,5,1,1,1,1
NCRB-SYNTH-106830,Trial Court,Sec 439 CrPC (Regular Bail),2,15,30,1,0,1,1,1,1,1,1,1,1,0.4137,1,167,0,0,1,0,1,0,1,0.468,55,3.7132,141.62,1,1,325148.72,0.0573,1,1,9.15,5,4,6,0,1,1,1,0,27,0.2567,0.077,4,1,1,0,0
NCRB-SYNTH-106833,Trial Court,Sec 482 CrPC (Quashing),4,20,13,1,0,1,1,1,0,1,1,1,1,0.536,1,125,1,1,1,1,1,1,1,0.7316,76,2.9769,98.93,1,1,1053492.56,0.0469,1,1,8.55,3,3,9,0,1,0,0,1,34,0.3125,0.0879,4,1,1,1,0
NCRB-SYNTH-106837,Trial Court,Sec 482 CrPC (Quashing),1,20,57,1,0,1,1,1,0,1,1,1,1,0.5474,1,130,1,1,1,0,1,1,1,0.6975,129,7.5851,58.68,1,1,845768.22,0.1371,0,1,6.94,5,3,2,1,1,0,0,1,44,0.2806,0.0737,4,1,1,0,0
NCRB-SYNTH-106847,High Court,Sec 439 CrPC (Regular Bail),7,15,85,1,0,1,1,1,1,1,1,1,1,0.6033,0,135,1,1,1,1,1,0,1,0.5767,142,4.3955,248.27,1,1,1569306.07,0.0542,1,1,8.65,1,1,6,1,1,1,1,0,9,0.1495,0.0649,5,1,1,1,1
NCRB-SYNTH-106848,High Court,Trial Judgment,1,5,74,1,0,1,1,1,0,1,1,1,1,0.9439,1,106,1,1,1,0,0,1,1,0.4329,86,6.3868,128.51,1,1,2593407.76,0.0664,0,1,6.8,5,2,10,1,1,0,0,1,7,0.0655,0.0315,5,1,1,1,1
NCRB-SYNTH-106865,High Court,Sec 439 CrPC (Regular Bail),15,8,84,1,0,1,1,1,0,1,1,1,1,0.8084,1,113,0,0,1,1,1,1,1,0.8416,84,6.0156,76.56,1,1,2505386.3,0.0919,1,1,13.04,2,4,7,1,1,1,1,0,7,0.1817,0.0874,3,1,1,0,0
NCRB-SYNTH-106867,Trial Court,Sec 439 CrPC (Regular Bail),1,15,90,1,0,1,1,1,1,1,1,1,1,0.747,1,159,1,1,1,1,0,1,1,0.6859,96,6.8233,157.49,1,1,2777523.82,0.0152,1,1,3.31,1,4,10,1,1,1,1,0,31,0.1455,0.042,4,1,1,0,1
NCRB-SYNTH-106871,Trial Court,Sec 482 CrPC (Quashing),2,7,57,1,0,1,1,1,0,1,1,1,1,0.3975,1,97,0,0,1,1,1,1,1,0.6805,97,6.3714,133.18,1,1,2933924.49,0.0893,1,1,2.46,4,1,5,1,1,1,1,0,10,0.2454,0.1024,5,1,1,1,0
NCRB-SYNTH-106876,Trial Court,Trial Judgment,1,13,43,1,0,1,1,1,1,1,1,1,1,0.6363,1,164,1,1,1,1,0,1,1,0.7442,124,4.2727,157.77,1,1,3997303.79,0.097,0,1,1.38,5,2,9,1,1,1,1,0,1,0.8185,1.1809,1,1,1,1,1
NCRB-SYNTH-106884,Trial Court,Sec 439 CrPC (Regular Bail),1,6,72,0,0,1,1,1,0,1,1,1,1,0.5477,1,144,0,0,1,1,0,1,1,0.7846,50,7.0958,261.08,1,1,3627899.02,0.0457,0,1,4.46,2,2,2,1,1,0,0,1,3,0.5685,0.4101,1,1,1,1,0
NCRB-SYNTH-106888,Trial Court,Sec 439 CrPC (Regular Bail),2,12,72,1,0,1,1,1,0,1,1,1,1,0.6692,1,162,1,1,1,0,0,0,1,0.8298,60,5.9662,274.24,1,1,4108398.76,0.0523,1,1,13.38,3,3,7,1,1,1,1,0,45,0.2958,0.0773,4,1,1,1,1
NCRB-SYNTH-106890,Trial Court,Writ Petition (Detention),1,23,77,1,0,1,1,1,0,1,1,1,1,0.4628,1,172,1,1,1,1,1,1,1,0.8193,72,3.5986,60.71,1,1,1193051.33,0.0031,1,1,19.56,1,1,7,1,1,1,1,0,3,0.5465,0.3942,1,1,1,0,0
NCRB-SYNTH-106891,High Court,Sec 439 CrPC (Regular Bail),2,22,82,1,0,1,1,1,1,1,1,1,1,0.9315,0,160,1,1,1,0,0,1,1,0.7959,69,3.8285,207.56,1,1,3486885.21,0.0321,0,1,26.21,4,2,7,0,1,1,1,0,3,0.9019,0.6506,1,1,1,0,1
NCRB-SYNTH-106894,High Court,Sec 439 CrPC (Regular Bail),2,17,46,1,0,1,1,1,1,1,1,1,1,0.4306,1,17,1,1,1,1,1,1,1,0.7166,72,5.3993,205.9,1,1,692294.21,0.0359,0,1,15.52,2,1,7,1,1,1,1,0,5,0.1987,0.1109,5,1,1,0,0
NCRB-SYNTH-106895,High Court,Sec 482 CrPC (Quashing),1,25,94,1,0,1,1,1,1,1,1,1,1,0.8657,1,83,1,1,1,1,0,0,1,0.7444,109,4.2077,191.27,1,1,3457368.78,0.071,0,1,13.57,3,4,4,1,1,1,1,0,20,0.1555,0.0511,4,1,1,0,1
NCRB-SYNTH-106900,Trial Court,Sec 482 CrPC (Quashing),15,21,100,0,0,1,1,1,0,1,1,1,1,0.5961,0,81,1,1,1,0,1,1,1,0.7028,93,5.0462,69.89,1,1,2397624.05,0.0128,0,1,2.52,1,2,9,0,1,1,1,0,5,0.2025,0.113,5,1,1,0,0
NCRB-SYNTH-106910,High Court,Sec 439 CrPC (Regular Bail),21,18,55,1,0,1,1,1,1,1,1,1,1,0.4562,1,82,1,1,1,1,1,1,1,0.6187,79,3.4499,233.92,1,1,2786737.99,0.0178,0,1,19.27,5,3,9,0,1,1,1,0,5,0.1502,0.0838,5,1,1,0,0
NCRB-SYNTH-106911,High Court,Sec 439 CrPC (Regular Bail),1,22,7,1,0,1,1,1,0,1,1,1,1,0.539,1,64,0,0,1,1,0,1,1,0.7751,56,4.1621,203.25,1,1,3294550.98,0.1136,1,1,18.36,2,4,9,1,1,1,1,0,22,0.2223,0.0709,4,1,1,1,0
NCRB-SYNTH-106917,Trial Court,Writ Petition (Detention),4,7,17,0,0,1,1,1,1,1,1,1,1,0.4411,0,137,1,0,1,0,0,1,1,0.6594,123,7.1468,222.69,1,1,2756280.77,0.1208,0,1,5.39,1,2,4,1,1,1,1,0,36,0.289,0.08,4,1,1,0,0
NCRB-SYNTH-106920,Trial Court,Sec 439 CrPC (Regular Bail),27,5,17,1,0,1,1,1,1,1,1,1,1,0.7168,1,152,0,0,1,0,1,0,1,0.6045,126,5.1016,104.74,1,1,1293359.34,0.1545,1,1,6.13,5,1,7,1,1,0,0,1,5,0.0791,0.0441,5,1,1,0,0
NCRB-SYNTH-106927,Trial Court,Sec 482 CrPC (Quashing),2,7,65,1,0,1,1,1,1,1,1,1,1,0.4559,1,51,1,0,1,1,0,0,1,0.839,55,3.6581,227.52,1,1,399869.26,0.0594,0,1,6.84,4,1,3,1,1,1,1,0,8,0.1422,0.0647,5,1,1,0,0
NCRB-SYNTH-106933,Trial Court,Sec 482 CrPC (Quashing),1,4,28,1,0,1,1,1,0,1,1,1,1,0.4123,1,87,1,0,1,1,0,0,1,0.5574,48,4.8191,123.37,1,1,3695989.88,0.1822,1,1,29.41,3,2,6,1,1,1,1,0,9,0.0684,0.0297,3,1,1,1,0
NCRB-SYNTH-106936,Trial Court,Sec 439 CrPC (Regular Bail),4,18,24,1,0,1,1,1,0,1,1,1,1,0.6498,1,170,1,1,1,0,0,1,1,0.524,128,3.5957,211.27,1,1,3794293.73,0.0559,0,1,9.66,2,3,10,1,1,1,1,0,43,0.2241,0.0592,4,1,1,0,1
NCRB-SYNTH-106939,Trial Court,Sec 439 CrPC (Regular Bail),1,19,91,1,0,1,1,1,0,1,1,1,1,0.5219,1,31,1,1,1,1,1,0,1,0.5726,109,5.5436,141.56,1,1,1190547.91,0.1545,1,1,12.35,1,4,9,1,1,0,0,1,3,0.7782,0.5613,1,1,1,0,0
NCRB-SYNTH-106952,Trial Court,Sec 439 CrPC (Regular Bail),4,11,84,1,0,1,1,1,0,1,1,1,1,0.5209,1,76,1,1,1,1,1,1,1,0.6852,105,6.334,279.48,1,1,3144271.81,0.0988,1,1,6.04,2,2,3,1,1,1,1,0,4,0.0901,0.056,5,1,1,1,0
NCRB-SYNTH-106953,Trial Court,Sec 439 CrPC (Regular Bail),2,17,34,1,0,1,1,1,0,1,1,1,1,0.427,1,42,1,1,1,0,0,1,1,0.4899,44,4.3965,229.38,1,1,1879542.08,0.0995,1,1,10.83,4,1,4,0,1,1,1,0,29,0.2563,0.0754,4,1,1,1,0
NCRB-SYNTH-106956,High Court,Sec 439 CrPC (Regular Bail),7,21,37,0,0,1,1,1,0,1,1,1,1,0.3918,1,75,1,1,1,0,0,1,1,0.9116,134,4.1477,59.05,1,1,1478407.19,0.1267,1,1,13.92,2,4,2,1,1,1,1,0,10,0.0891,0.0372,5,1,1,1,0
NCRB-SYNTH-106957,Trial Court,Sec 439 CrPC (Regular Bail),2,19,45,1,0,1,1,1,0,1,1,1,1,0.8198,1,75,0,0,1,1,1,0,1,0.4917,141,4.9835,111.07,1,1,684293.19,0.0529,0,1,12.6,5,2,3,1,1,1,1,0,11,0.1481,0.0596,5,1,1,0,0
NCRB-SYNTH-106961,High Court,Trial Judgment,1,15,53,1,0,1,1,1,0,1,1,1,1,0.5884,1,65,1,1,1,1,1,1,1,0.7963,95,4.5899,110.15,1,1,3431065.12,0.1058,1,1,8.86,2,1,5,0,1,1,1,0,11,0.1385,0.0558,3,1,1,0,0
NCRB-SYNTH-106962,Trial Court,Sec 439 CrPC (Regular Bail),1,23,12,1,0,1,1,1,1,1,1,1,1,0.5137,1,182,1,1,1,1,1,1,1,0.8976,82,3.9263,171.46,1,1,2053060.7,0.1282,0,1,12.93,2,1,7,1,1,1,1,0,6,0.244,0.1254,5,1,1,0,0
NCRB-SYNTH-106968,Trial Court,Sec 439 CrPC (Regular Bail),4,19,7,1,0,1,1,1,1,1,1,1,1,0.7787,0,147,1,1,1,1,1,0,1,0.7782,100,5.6676,68.71,1,1,1690467.28,0.0677,1,1,3.8,3,1,9,1,1,1,1,0,16,0.2654,0.0937,4,1,1,0,1
NCRB-SYNTH-106970,High Court,Sec 482 CrPC (Quashing),1,3,89,1,0,1,1,1,0,1,1,1,1,0.5516,1,137,1,1,1,1,0,1,1,0.6549,109,3.0992,183.59,1,1,3091543.52,0.0824,1,1,1.84,3,2,9,1,1,1,1,0,10,0.1384,0.0577,5,1,1,0,0
NCRB-SYNTH-106974,High Court,Sec 439 CrPC (Regular Bail),1,3,69,1,0,1,1,1,1,1,1,1,1,0.6813,1,51,1,1,1,0,1,1,1,0.537,63,5.4515,141.04,1,1,2496248.75,0.1374,0,1,13.64,3,2,2,1,1,1,1,0,36,0.2428,0.0672,4,1,1,1,1
NCRB-SYNTH-106975,Trial Court,Sec 439 CrPC (Regular Bail),2,25,89,0,0,1,1,1,0,1,1,1,1,0.9372,1,138,0,0,1,1,0,0,1,0.5077,45,7.5214,60.61,1,1,4182331.7,0.0095,0,1,5.78,2,2,3,1,1,1,1,0,8,0.0806,0.0367,5,1,1,0,0
NCRB-SYNTH-106976,High Court,Sec 439 CrPC (Regular Bail),15,25,76,1,0,1,1,1,0,1,1,1,1,0.7017,1,44,0,0,1,1,0,0,1,0.8295,113,5.9129,153.6,1,1,3579240.82,0.0516,0,1,7.28,4,2,9,1,1,1,1,0,3,0.8984,0.6481,1,1,1,0,0
NCRB-SYNTH-106982,High Court,Sec 439 CrPC (Regular Bail),7,10,57,1,0,1,1,1,0,1,1,1,1,0.6019,1,111,1,0,1,1,1,1,1,0.6535,92,6.7268,229.03,1,1,4006881.49,0.1497,0,1,1.93,1,1,7,0,1,1,1,0,29,0.1805,0.0531,4,1,1,0,1
NCRB-SYNTH-106987,Trial Court,Sec 482 CrPC (Quashing),4,21,13,1,0,1,1,1,0,1,1,1,1,0.6813,1,85,1,1,1,0,1,0,1,0.6073,86,3.8208,77.75,1,1,1217935.23,0.1956,0,1,7.74,3,3,8,1,1,1,1,0,15,0.2144,0.0773,4,1,1,0,1
NCRB-SYNTH-106988,Trial Court,Writ Petition (Detention),7,16,100,0,0,1,1,1,0,1,1,1,1,0.78,1,96,1,1,1,1,0,1,1,0.5876,90,6.8367,153.73,1,1,2981875.52,0.1028,0,1,16.77,3,3,7,1,1,1,1,0,6,0.196,0.1007,5,1,1,0,1
NCRB-SYNTH-107005,High Court,Sec 482 CrPC (Quashing),21,25,40,1,0,1,1,1,0,1,1,1,1,0.9214,1,72,1,1,1,1,0,1,1,0.7482,139,7.1415,242.47,1,1,1357552.27,0.1177,0,1,27.46,1,2,10,0,1,1,1,0,6,0.1892,0.0972,3,1,1,0,1
NCRB-SYNTH-107006,Trial Court,Sec 439 CrPC (Regular Bail),4,16,27,1,0,1,1,1,0,1,1,1,1,0.6432,1,22,1,1,1,1,1,0,1,0.5555,128,7.0845,208.98,1,1,846390.25,0.133,1,1,32.78,1,2,8,1,1,1,1,0,7,0.0683,0.0328,3,1,1,0,1
NCRB-SYNTH-107007,Trial Court,Sec 439 CrPC (Regular Bail),1,17,51,1,0,1,1,1,0,1,1,1,1,0.6657,1,21,0,0,1,1,1,1,1,0.696,143,5.6565,244.34,1,1,1467640.57,0.0296,1,1,13.19,4,1,6,1,1,1,1,0,9,0.1334,0.0579,5,1,1,1,0
NCRB-SYNTH-107015,Trial Court,Sec 482 CrPC (Quashing),1,6,59,1,0,1,1,1,0,1,1,1,1,0.7256,1,153,1,1,1,0,1,1,1,1.0,130,4.6836,263.51,1,1,913915.5,0.1575,1,1,7.21,1,4,2,0,1,1,1,0,8,0.0671,0.0305,5,1,1,1,1
NCRB-SYNTH-107019,High Court,Sec 439 CrPC (Regular Bail),2,9,98,0,0,1,1,1,0,1,1,1,1,0.7239,1,47,1,1,1,1,1,1,1,0.528,113,4.4036,151.29,1,1,1250025.54,0.123,1,1,6.97,3,4,5,1,1,1,1,0,7,0.2467,0.1186,5,1,1,1,1
NCRB-SYNTH-107026,High Court,Writ Petition (Detention),1,7,30,1,0,1,1,1,0,1,1,1,1,0.4151,1,97,1,1,1,1,1,1,1,0.5662,93,6.2866,200.36,1,1,3899524.45,0.0236,0,1,1.79,5,4,9,1,1,1,1,0,2,0.8114,0.7385,1,1,1,0,0
NCRB-SYNTH-107029,High Court,Sec 482 CrPC (Quashing),1,25,52,1,0,1,1,1,0,1,1,1,1,0.8032,1,36,1,1,1,1,1,1,1,0.7597,83,4.9874,62.65,1,1,2508121.73,0.052,0,1,2.24,3,3,6,1,1,1,1,0,30,0.3074,0.0895,4,1,1,0,1
NCRB-SYNTH-107035,High Court,Sec 439 CrPC (Regular Bail),2,8,34,1,0,1,1,1,0,1,1,1,1,0.7356,1,79,1,1,1,0,0,0,1,0.6685,108,5.9844,102.52,1,1,751302.42,0.1908,1,1,42.91,1,3,5,0,1,0,0,1,9,0.107,0.0465,5,1,1,0,1
NCRB-SYNTH-107038,Supreme Court,Sec 439 CrPC (Regular Bail),2,13,33,0,0,1,1,1,1,1,1,1,1,0.8765,0,122,1,0,1,0,1,1,1,0.6308,135,7.0944,163.56,1,1,351607.58,0.0682,1,1,4.15,3,4,9,1,1,0,0,1,13,0.2761,0.1046,4,1,1,1,1
NCRB-SYNTH-107039,High Court,Sec 482 CrPC (Quashing),1,24,58,1,0,1,1,1,0,1,1,1,1,0.6305,1,76,1,1,1,1,1,1,1,0.6351,81,4.1925,288.02,1,1,482340.34,0.062,0,1,4.28,4,3,10,1,1,1,1,0,2,0.481,0.4378,1,1,1,0,1
NCRB-SYNTH-107042,High Court,Sec 482 CrPC (Quashing),1,7,42,1,0,1,1,1,0,1,1,1,1,0.5404,1,113,1,1,1,1,1,0,1,0.5085,61,5.1699,263.85,1,1,2600406.72,0.0715,1,1,1.04,4,1,8,1,1,1,1,0,8,0.16,0.0728,5,1,1,0,0
NCRB-SYNTH-107046,Supreme Court,Sec 439 CrPC (Regular Bail),7,3,25,1,0,1,1,1,0,1,1,1,1,0.9196,0,183,1,1,1,1,0,0,1,0.742,125,6.0436,274.22,1,1,2837962.35,0.1286,0,1,29.04,5,1,9,1,1,1,1,0,8,0.2394,0.1089,5,1,1,0,1
NCRB-SYNTH-107050,Trial Court,Sec 482 CrPC (Quashing),2,14,92,1,0,1,1,1,1,1,1,1,1,0.5765,1,176,1,1,1,1,1,1,1,0.7334,132,5.0878,232.55,1,1,1301839.96,0.1381,1,1,15.61,4,2,2,1,1,1,1,0,5,0.1729,0.0965,5,1,1,0,0
NCRB-SYNTH-107052,High Court,Sec 439 CrPC (Regular Bail),7,22,38,1,0,1,1,1,0,1,1,1,1,0.5499,1,73,1,0,1,1,1,1,1,0.6302,133,6.7292,162.25,1,1,1832145.84,0.1662,1,1,8.48,4,1,9,1,1,1,1,0,11,0.1865,0.075,5,1,1,0,0
NCRB-SYNTH-107054,High Court,Sec 439 CrPC (Regular Bail),15,20,27,1,0,1,1,1,0,1,1,1,1,0.7489,1,61,0,0,1,1,0,1,1,0.5702,71,6.4718,132.63,1,1,3180941.16,0.0894,0,1,3.28,4,1,3,0,1,1,1,0,35,0.089,0.0248,4,1,1,1,0
NCRB-SYNTH-107055,High Court,Sec 439 CrPC (Regular Bail),1,22,82,1,0,1,1,1,1,1,1,1,1,0.5125,1,95,1,1,1,1,1,1,1,0.6661,59,3.9575,56.96,1,1,3234834.56,0.0551,0,1,11.93,4,1,10,0,1,1,1,0,8,0.2225,0.1013,3,1,1,0,0
NCRB-SYNTH-107062,High Court,Sec 439 CrPC (Regular Bail),2,15,73,1,0,1,1,1,1,1,1,1,1,0.4031,1,179,0,0,1,1,0,1,1,0.608,149,5.6815,209.43,1,1,2970519.26,0.1439,1,1,5.23,1,2,8,1,1,0,0,1,8,0.1199,0.0546,3,1,1,1,0
NCRB-SYNTH-107068,High Court,Sec 439 CrPC (Regular Bail),1,15,49,1,0,1,1,1,0,1,1,1,1,0.4435,1,17,1,1,1,1,0,1,1,0.6693,55,5.3899,274.91,1,1,3939859.18,0.0471,0,1,3.59,3,4,3,1,1,1,1,0,40,0.0911,0.0245,4,1,1,1,0
NCRB-SYNTH-107071,High Court,Sec 482 CrPC (Quashing),45,5,67,1,0,1,1,1,1,1,1,1,1,0.3806,0,57,1,1,1,1,0,1,1,0.7918,43,7.6874,200.39,1,1,479013.69,0.1671,1,1,14.9,4,1,6,1,1,1,1,0,9,0.1838,0.0798,3,1,1,0,0
NCRB-SYNTH-107072,High Court,Sec 439 CrPC (Regular Bail),1,23,12,1,0,1,1,1,0,1,1,1,1,0.6783,1,48,1,1,1,1,0,1,1,0.6976,93,4.1133,169.24,1,1,2295004.17,0.0692,1,1,1.64,5,4,7,1,1,0,0,1,4,0.1044,0.0648,3,1,1,1,1
NCRB-SYNTH-107075,Trial Court,Sec 482 CrPC (Quashing),1,9,11,1,0,1,1,1,0,1,1,1,1,0.5895,1,20,1,1,1,0,1,1,1,0.8362,121,5.126,183.76,1,1,2446812.0,0.0824,1,1,15.61,5,3,4,0,1,0,0,1,11,0.1768,0.0712,5,1,1,0,0
NCRB-SYNTH-107083,Trial Court,Sec 439 CrPC (Regular Bail),1,18,24,1,0,1,1,1,0,1,1,1,1,0.9104,1,160,0,0,1,1,1,1,1,0.6102,77,6.4551,160.59,1,1,1840698.67,0.0193,1,1,1.18,1,2,9,0,1,1,1,0,40,0.129,0.0347,4,1,1,1,0
NCRB-SYNTH-107084,High Court,Sec 439 CrPC (Regular Bail),4,18,68,1,0,1,1,1,0,1,1,1,1,0.4549,1,109,1,1,1,1,0,0,1,0.4126,103,5.5016,231.96,1,1,3406754.57,0.0095,1,1,8.07,4,4,5,1,1,0,0,1,11,0.2499,0.1006,5,1,1,1,0
NCRB-SYNTH-107095,Trial Court,Sec 439 CrPC (Regular Bail),15,11,33,1,0,1,1,1,0,1,1,1,1,0.4182,1,158,0,1,1,1,1,1,1,0.6628,116,6.6464,132.96,1,1,4027093.71,0.1819,1,1,8.44,1,3,5,1,1,0,0,1,39,0.2056,0.0557,4,1,1,0,0
NCRB-SYNTH-107110,Trial Court,Sec 439 CrPC (Regular Bail),4,8,16,1,0,1,1,1,1,1,1,1,1,0.4482,1,50,1,1,1,1,0,0,1,0.5344,50,5.5555,173.11,1,1,2021629.0,0.0908,1,1,11.81,2,2,10,0,1,1,1,0,29,0.2504,0.0736,4,1,1,1,0
NCRB-SYNTH-107113,Trial Court,Sec 439 CrPC (Regular Bail),1,4,26,0,0,1,1,1,0,1,1,1,1,0.7267,1,150,1,1,1,1,0,0,1,0.4049,66,3.7532,133.52,1,1,319198.32,0.0223,1,1,25.48,1,1,9,1,1,1,1,0,9,0.1921,0.0834,5,1,1,0,1
NCRB-SYNTH-107115,High Court,Sec 482 CrPC (Quashing),1,21,27,1,0,1,1,1,0,1,1,1,1,0.8036,1,139,1,1,1,1,1,1,1,0.7138,117,3.6787,171.44,1,1,600893.38,0.1343,1,1,9.93,2,1,6,1,1,1,1,0,30,0.1514,0.0441,4,1,1,1,1
NCRB-SYNTH-107123,Trial Court,Sec 439 CrPC (Regular Bail),1,20,49,1,0,1,1,1,0,1,1,1,1,0.5912,1,40,0,0,1,1,0,1,1,0.87,52,6.9305,97.16,1,1,4109346.02,0.1589,0,1,1.52,4,1,6,0,1,1,1,0,14,0.2715,0.1002,4,1,1,0,0
NCRB-SYNTH-107125,High Court,Trial Judgment,15,16,30,1,0,1,1,1,0,1,1,1,1,0.8115,1,18,1,1,1,1,0,0,1,0.6055,119,3.556,80.41,1,1,2634577.85,0.0753,0,1,17.3,1,4,8,1,1,1,1,0,41,0.2963,0.0793,4,1,1,0,1
NCRB-SYNTH-107126,High Court,Sec 439 CrPC (Regular Bail),1,4,32,1,0,1,1,1,1,1,1,1,1,0.6181,1,118,0,1,1,1,1,0,1,0.5846,85,6.5177,277.12,1,1,3457883.03,0.0566,1,1,16.25,3,4,6,0,1,1,1,0,4,0.1939,0.1205,5,1,1,1,0
NCRB-SYNTH-107132,Trial Court,Sec 482 CrPC (Quashing),4,6,59,1,0,1,1,1,0,1,1,1,1,0.5026,1,119,1,1,1,1,1,0,1,0.8141,127,6.6141,239.88,1,1,4409706.25,0.1763,1,1,1.38,2,3,5,1,1,1,1,0,6,0.1711,0.0879,5,1,1,1,0
NCRB-SYNTH-107135,Trial Court,Sec 482 CrPC (Quashing),1,23,77,1,0,1,1,1,0,1,1,1,1,0.8181,1,41,1,1,1,1,0,1,1,0.6852,52,7.2435,241.68,1,1,347818.0,0.0359,1,1,4.99,3,1,2,1,1,0,0,1,27,0.2722,0.0817,4,1,1,0,1
NCRB-SYNTH-107149,High Court,Sec 482 CrPC (Quashing),2,20,83,1,0,1,1,1,1,1,1,1,1,0.5555,1,39,1,1,1,1,1,0,1,0.7129,110,4.4918,155.16,1,1,2616007.78,0.1234,1,1,18.74,2,1,4,1,1,1,1,0,8,0.1471,0.067,5,1,1,1,0
NCRB-SYNTH-107157,High Court,Sec 482 CrPC (Quashing),1,3,50,1,0,1,1,1,0,1,1,1,1,0.8401,0,50,1,1,1,1,0,1,1,0.741,142,7.8117,201.03,1,1,668867.19,0.0319,0,1,1.49,5,4,7,1,1,1,1,0,9,0.1939,0.0842,3,1,1,0,1
NCRB-SYNTH-107158,Trial Court,Sec 439 CrPC (Regular Bail),1,6,82,1,0,1,1,1,1,1,1,1,1,0.4998,1,157,0,0,1,1,1,0,1,0.5554,122,6.3186,242.23,1,1,1961250.01,0.0977,1,1,27.71,4,2,4,0,1,1,1,0,6,0.0902,0.0463,3,1,1,0,0
NCRB-SYNTH-107162,Trial Court,Writ Petition (Detention),2,15,78,0,0,1,1,1,1,1,1,1,1,0.7197,1,113,1,1,1,1,0,0,1,0.605,142,4.9849,202.33,1,1,3688185.72,0.0348,1,1,23.97,3,4,9,1,1,0,0,1,11,0.1395,0.0562,5,1,1,1,1
NCRB-SYNTH-107168,Trial Court,Sec 482 CrPC (Quashing),1,4,24,1,0,1,1,1,1,1,1,1,1,0.7958,1,14,0,1,1,1,1,1,1,0.7996,146,3.3124,201.48,1,1,3336106.66,0.0472,1,1,17.63,2,1,10,1,1,1,1,0,9,0.1833,0.0796,5,1,1,0,0
NCRB-SYNTH-107171,Trial Court,Sec 439 CrPC (Regular Bail),1,8,39,1,0,1,1,1,0,1,1,1,1,0.5356,0,169,1,1,1,1,1,0,1,0.5723,141,3.7092,223.29,1,1,1245773.95,0.1232,1,1,12.11,2,3,6,1,1,1,1,0,12,0.232,0.0905,4,1,1,0,0
NCRB-SYNTH-107173,Trial Court,Sec 439 CrPC (Regular Bail),1,3,52,1,0,1,1,1,0,1,1,1,1,0.6259,0,96,1,1,1,1,1,1,1,0.7205,86,7.4429,48.19,1,1,4027788.68,0.0647,0,1,4.83,5,2,5,1,1,1,1,0,6,0.1504,0.0773,3,1,1,0,1
NCRB-SYNTH-107176,Trial Court,Sec 439 CrPC (Regular Bail),7,19,24,1,0,1,1,1,0,1,1,1,1,0.9586,1,87,1,1,1,0,1,1,1,0.7213,54,5.976,253.78,1,1,2402015.09,0.0764,1,1,11.06,1,1,7,1,1,1,1,0,8,0.1298,0.0591,5,1,1,1,1
NCRB-SYNTH-107180,High Court,Sec 439 CrPC (Regular Bail),7,24,7,1,0,1,1,1,0,1,1,1,1,0.5405,1,51,1,1,1,1,1,1,1,0.8272,125,5.0685,232.89,1,1,286626.92,0.1666,1,1,11.93,2,2,10,1,1,1,1,0,5,0.214,0.1194,5,1,1,0,0
NCRB-SYNTH-107182,Supreme Court,Writ Petition (Detention),1,3,72,1,0,1,1,1,1,1,1,1,1,0.5895,1,57,0,1,1,1,0,1,1,0.3332,122,6.4363,269.4,1,1,3318741.14,0.0538,1,1,7.97,3,2,3,0,1,1,1,0,11,0.1883,0.0758,5,1,1,0,0
NCRB-SYNTH-107188,High Court,Writ Petition (Detention),1,23,65,1,0,1,1,1,1,1,1,1,1,0.5432,1,20,0,0,1,1,1,1,1,0.5626,102,3.9514,171.82,1,1,371923.07,0.0552,1,1,19.15,2,3,4,1,1,1,1,0,9,0.0819,0.0356,5,1,1,0,0
NCRB-SYNTH-107189,High Court,Writ Petition (Detention),4,7,99,1,0,1,1,1,1,1,1,1,1,0.8251,1,126,1,1,1,1,1,1,1,0.5289,109,4.7816,51.65,1,1,3537921.11,0.0616,0,1,4.57,1,1,6,0,1,1,1,0,9,0.1166,0.0506,5,1,1,1,1
NCRB-SYNTH-107192,High Court,Sec 439 CrPC (Regular Bail),4,11,62,1,0,1,1,1,0,1,1,1,1,0.6569,1,119,1,1,1,1,1,0,1,0.8067,138,7.2631,241.06,1,1,3082818.66,0.0908,0,1,41.76,1,4,9,1,1,1,1,0,6,0.0721,0.0371,3,1,1,0,1
NCRB-SYNTH-107193,High Court,Writ Petition (Detention),27,16,33,1,1,1,1,1,0,1,1,1,1,0.7386,1,147,1,1,1,0,1,1,1,0.511,118,4.5667,89.33,1,1,3182454.7,0.1536,0,1,20.14,3,4,3,1,1,1,1,0,11,0.2037,0.082,5,1,1,0,1
NCRB-SYNTH-107196,Trial Court,Sec 439 CrPC (Regular Bail),15,7,88,1,0,1,1,1,0,1,1,1,1,0.7228,1,104,1,1,1,1,1,1,1,0.7214,129,7.143,91.3,1,1,2529544.63,0.0478,0,1,28.78,1,4,9,1,1,1,1,0,21,0.1796,0.0581,4,1,1,1,1
NCRB-SYNTH-107201,Trial Court,Sec 482 CrPC (Quashing),2,19,91,1,0,1,1,1,0,1,1,1,1,0.4743,1,64,1,0,1,1,1,1,1,0.8788,75,7.0272,136.83,1,1,3079599.7,0.0055,1,1,4.96,1,2,4,1,1,1,1,0,7,0.0835,0.0402,5,1,1,1,0
NCRB-SYNTH-107203,High Court,Trial Judgment,2,23,26,1,0,1,1,1,0,1,1,1,1,0.5676,1,20,1,1,1,0,1,1,1,0.7168,57,6.1427,127.36,1,1,3963158.88,0.0567,1,1,4.9,5,4,7,1,1,1,1,0,5,0.0663,0.037,5,1,1,0,0
NCRB-SYNTH-107208,High Court,Sec 439 CrPC (Regular Bail),1,14,90,1,0,1,1,1,0,1,1,1,1,0.5604,1,148,1,1,1,0,0,1,1,0.7712,45,6.8658,208.11,1,1,810050.91,0.0918,0,1,13.35,4,2,4,1,1,0,0,1,23,0.2373,0.0747,4,1,1,0,0
NCRB-SYNTH-107209,Trial Court,Sec 439 CrPC (Regular Bail),4,21,45,1,0,1,1,1,1,1,1,1,1,0.7417,1,108,1,1,1,1,1,0,1,0.5627,125,5.1716,135.83,1,1,2360419.91,0.0487,1,1,5.16,1,4,8,1,1,1,1,0,25,0.287,0.0881,4,1,1,0,1
NCRB-SYNTH-107211,Trial Court,Sec 439 CrPC (Regular Bail),1,21,67,1,0,1,1,1,1,1,1,1,1,0.6666,1,119,1,1,1,0,1,1,1,0.4688,119,3.2974,249.28,1,1,3748599.83,0.1993,1,1,32.61,5,2,7,1,1,1,1,0,10,0.1668,0.0696,5,1,1,1,1
NCRB-SYNTH-107214,High Court,Sec 439 CrPC (Regular Bail),1,14,42,1,0,1,1,1,0,1,1,1,1,0.5851,0,84,0,0,1,0,1,0,1,0.6568,67,6.902,185.37,1,1,417518.54,0.1744,0,1,9.52,5,2,9,1,1,1,1,0,11,0.2201,0.0886,3,1,1,1,0
NCRB-SYNTH-107230,Trial Court,Sec 439 CrPC (Regular Bail),1,17,11,1,0,1,1,1,0,1,1,1,1,0.6852,1,98,1,0,1,1,1,1,1,0.649,131,3.9597,151.89,1,1,748188.63,0.1759,0,1,15.68,5,2,10,1,1,1,1,0,3,0.5775,0.4166,1,1,1,0,1
NCRB-SYNTH-107232,Trial Court,Trial Judgment,1,4,28,1,0,1,1,1,0,1,1,1,1,0.5726,1,101,1,1,1,1,1,1,1,0.6539,74,7.1528,105.06,1,1,1369095.86,0.0849,1,1,3.94,1,2,9,1,1,1,1,0,14,0.126,0.0465,4,1,1,0,0
NCRB-SYNTH-107234,High Court,Sec 439 CrPC (Regular Bail),4,5,50,1,0,1,1,1,0,1,1,1,1,0.8458,1,132,1,1,1,1,0,1,1,0.8093,124,3.941,45.35,1,1,3083060.72,0.0597,0,1,9.66,2,2,8,1,1,1,1,0,3,0.7437,0.5365,1,1,1,0,1
NCRB-SYNTH-107236,High Court,Sec 439 CrPC (Regular Bail),4,3,29,0,0,1,1,1,1,1,1,1,1,0.4486,1,71,1,1,1,0,1,0,1,0.4157,108,3.3984,217.49,1,1,4429078.76,0.0326,0,1,6.58,4,2,4,1,1,1,1,0,16,0.1253,0.0442,4,1,1,0,0
NCRB-SYNTH-107240,High Court,Sec 439 CrPC (Regular Bail),7,23,82,1,0,1,1,1,1,1,1,1,1,0.8423,1,118,1,1,1,1,0,0,1,0.7404,132,5.3143,74.06,1,1,1214343.18,0.0976,1,1,20.82,4,1,2,1,1,1,1,0,5,0.0608,0.0339,3,1,1,0,1
NCRB-SYNTH-107244,High Court,Sec 439 CrPC (Regular Bail),7,20,71,1,0,1,1,1,1,1,1,1,1,0.5852,1,62,1,1,1,1,1,0,1,0.4455,103,4.5015,96.8,1,1,1383293.76,0.1618,1,1,18.95,4,1,4,1,1,1,1,0,7,0.2187,0.1052,5,1,1,0,0
NCRB-SYNTH-107260,High Court,Sec 482 CrPC (Quashing),2,24,89,1,0,1,1,1,0,1,1,1,1,0.6134,1,170,0,0,1,0,1,1,1,0.7209,45,3.055,245.12,1,1,3941202.5,0.1246,1,1,5.63,2,2,9,0,1,1,1,0,7,0.2245,0.1079,5,1,1,0,0
NCRB-SYNTH-107268,High Court,Sec 482 CrPC (Quashing),15,22,89,1,0,1,1,1,1,1,1,1,1,0.8853,1,111,1,1,1,1,1,1,1,0.4986,53,3.2737,245.35,1,1,2031374.86,0.0172,1,1,4.23,4,2,3,1,1,1,1,0,11,0.2246,0.0904,5,1,1,0,1
NCRB-SYNTH-107269,Trial Court,Sec 439 CrPC (Regular Bail),1,10,90,1,0,1,1,1,0,1,1,1,1,0.5623,1,111,0,0,1,1,0,1,1,0.7456,145,3.4227,178.75,1,1,4224741.35,0.0732,0,1,6.61,3,2,10,1,1,1,1,0,9,0.1118,0.0485,5,1,1,0,0
NCRB-SYNTH-107270,Trial Court,Sec 482 CrPC (Quashing),1,7,13,1,0,1,1,1,0,1,1,1,1,0.4719,1,105,1,1,1,1,0,1,1,0.7617,60,5.2098,166.48,1,1,645349.21,0.1386,1,1,1.62,1,2,3,1,1,1,1,0,11,0.2013,0.081,5,1,1,1,0
NCRB-SYNTH-107275,High Court,Sec 482 CrPC (Quashing),2,23,91,1,0,1,1,1,0,1,1,1,1,0.9191,1,133,1,1,1,1,1,1,1,0.6605,137,4.3297,151.07,1,1,1822123.41,0.1464,0,1,13.22,4,3,2,1,1,0,0,1,2,0.6206,0.5649,1,1,1,0,1
NCRB-SYNTH-107286,Trial Court,Sec 439 CrPC (Regular Bail),4,15,77,1,0,1,1,1,1,1,1,1,1,0.8337,0,52,1,1,1,1,1,0,1,0.6419,68,5.3719,133.12,1,1,3644502.71,0.0586,0,1,8.61,2,3,3,1,1,1,1,0,43,0.196,0.0518,4,1,1,0,1
NCRB-SYNTH-107287,Trial Court,Sec 439 CrPC (Regular Bail),2,12,100,1,0,1,1,1,0,1,1,1,1,0.5318,1,49,1,0,1,1,0,0,1,0.4752,82,5.2771,283.87,1,1,702531.47,0.0376,1,1,9.39,2,1,5,1,1,1,1,0,8,0.2066,0.094,5,1,1,1,0
NCRB-SYNTH-107294,Trial Court,Sec 439 CrPC (Regular Bail),2,12,94,1,0,1,1,1,0,1,1,1,1,0.8556,1,144,1,1,1,1,1,1,1,0.5889,142,4.5616,138.35,1,1,2892742.74,0.1007,0,1,12.73,5,4,3,1,1,1,1,0,8,0.2256,0.1027,3,1,1,0,1
NCRB-SYNTH-107298,Trial Court,Sec 439 CrPC (Regular Bail),4,23,8,1,0,1,1,1,0,1,1,1,1,0.615,1,161,0,0,1,1,1,1,1,0.7274,116,5.1183,77.81,1,1,1390529.58,0.0712,1,1,6.21,4,4,4,0,1,1,1,0,2,0.7544,0.6866,1,1,1,0,0
NCRB-SYNTH-107299,Trial Court,Sec 439 CrPC (Regular Bail),2,8,28,1,0,1,1,1,1,1,1,1,1,0.6101,1,128,1,0,1,1,1,0,1,0.7981,129,3.9872,129.09,1,1,3153936.77,0.0439,1,1,34.86,4,3,6,0,1,0,0,1,2,0.7582,0.6901,1,1,1,0,1
NCRB-SYNTH-107302,High Court,Sec 439 CrPC (Regular Bail),21,11,45,1,0,1,1,1,0,1,1,1,1,0.5182,0,68,0,1,1,1,1,1,1,0.4653,134,4.9908,151.48,1,1,1412641.45,0.0277,0,1,4.99,5,4,7,1,1,1,1,0,8,0.186,0.0847,3,1,1,0,0
NCRB-SYNTH-107312,Trial Court,Writ Petition (Detention),1,25,16,1,0,1,1,1,0,1,1,1,1,0.6623,1,147,1,1,1,1,1,0,1,0.807,105,7.7186,224.58,1,1,3133052.74,0.0897,1,1,8.05,5,4,9,1,1,1,1,0,27,0.1728,0.0519,4,1,1,0,1
NCRB-SYNTH-107314,Trial Court,Sec 482 CrPC (Quashing),2,12,86,1,0,1,1,1,1,1,1,1,1,0.4791,1,105,1,1,1,1,0,0,1,0.7585,58,5.6423,208.85,1,1,1952359.39,0.099,1,1,13.01,1,3,10,1,1,1,1,0,43,0.3038,0.0803,4,1,1,0,0
NCRB-SYNTH-107319,High Court,Sec 439 CrPC (Regular Bail),1,23,48,1,0,1,1,1,0,1,1,1,1,0.5079,1,75,0,0,1,1,1,1,1,0.6194,41,4.4798,247.07,1,1,864551.86,0.0207,1,1,2.02,2,4,10,1,1,1,1,0,10,0.2128,0.0888,5,1,1,1,0
NCRB-SYNTH-107322,High Court,Sec 439 CrPC (Regular Bail),1,9,13,0,0,1,1,1,1,1,1,1,1,0.3623,0,72,1,1,1,1,0,1,1,0.5746,149,4.2216,99.62,1,1,3899241.05,0.1247,0,1,1.23,5,2,10,0,1,0,0,1,40,0.0938,0.0252,4,1,1,0,0
NCRB-SYNTH-107323,Trial Court,Sec 482 CrPC (Quashing),2,25,70,0,0,1,1,1,1,1,1,1,1,0.8626,1,47,0,0,1,1,1,1,1,0.7825,41,4.3863,162.82,1,1,685517.86,0.1153,0,1,14.82,5,3,2,1,1,1,1,0,4,0.1984,0.1232,3,1,1,1,0
NCRB-SYNTH-107334,High Court,Sec 439 CrPC (Regular Bail),2,11,81,1,0,1,1,1,0,1,1,1,1,0.9113,0,147,1,1,1,1,1,1,1,0.7078,103,5.1562,211.52,1,1,702586.28,0.0196,1,1,3.38,4,2,3,1,1,1,1,0,6,0.093,0.0478,5,1,1,0,1
NCRB-SYNTH-107335,High Court,Sec 439 CrPC (Regular Bail),2,8,61,1,0,1,1,1,1,1,1,1,1,0.7673,0,159,1,0,1,1,0,1,1,0.5542,68,7.3635,120.44,1,1,3089451.58,0.0494,0,1,31.46,1,1,7,1,1,1,1,0,9,0.0606,0.0263,5,1,1,0,1
NCRB-SYNTH-107340,High Court,Sec 439 CrPC (Regular Bail),4,11,51,0,0,1,1,1,0,1,1,1,1,0.9088,1,149,1,1,1,1,1,1,1,0.6527,107,3.3934,83.6,1,1,1711176.61,0.1158,1,1,21.27,5,2,10,1,1,1,1,0,14,0.258,0.0953,4,1,1,1,1
NCRB-SYNTH-107342,Trial Court,Sec 439 CrPC (Regular Bail),1,17,59,1,0,1,1,1,1,1,1,1,1,0.3761,1,66,1,1,1,1,1,1,1,0.8223,110,6.8901,189.92,1,1,2752916.23,0.0384,1,1,5.56,3,2,7,0,1,0,0,1,1,0.8399,1.2117,1,1,1,0,0
NCRB-SYNTH-107344,High Court,Sec 439 CrPC (Regular Bail),1,17,92,1,0,1,1,1,0,1,1,1,1,0.5987,1,78,0,0,1,1,1,1,1,0.7993,131,5.5507,69.34,1,1,3415287.24,0.188,0,1,5.5,2,2,6,1,1,1,1,0,1,0.9359,1.3502,1,1,1,1,0
NCRB-SYNTH-107345,High Court,Sec 439 CrPC (Regular Bail),2,3,6,1,0,1,1,1,0,1,1,1,1,0.514,1,21,1,0,1,1,1,1,1,0.5926,108,7.1717,291.94,1,1,1342772.21,0.0749,0,1,39.92,3,1,7,1,1,0,0,1,6,0.1491,0.0766,5,1,1,0,0
NCRB-SYNTH-107347,High Court,Trial Judgment,1,17,87,1,0,1,1,1,1,1,1,1,1,0.6081,1,101,1,1,1,1,1,0,1,0.786,124,7.0639,78.81,1,1,2505319.12,0.019,0,1,3.41,2,3,9,1,1,0,0,1,8,0.0956,0.0435,5,1,1,0,1
NCRB-SYNTH-107348,Trial Court,Sec 482 CrPC (Quashing),4,20,22,1,0,1,1,1,1,1,1,1,1,0.5576,0,154,1,0,1,1,0,1,1,0.9557,101,4.5583,138.52,1,1,3804509.19,0.0534,1,1,9.18,3,3,9,0,1,1,1,0,10,0.0515,0.0215,3,1,1,0,0
NCRB-SYNTH-107353,High Court,Sec 439 CrPC (Regular Bail),21,5,94,1,0,1,1,1,1,1,1,1,1,0.9111,1,155,1,1,1,1,0,1,1,0.6957,142,6.7174,184.88,1,1,386546.82,0.0104,1,1,4.3,2,2,4,1,1,1,1,0,2,0.5983,0.5446,1,1,1,1,1
NCRB-SYNTH-107354,High Court,Sec 439 CrPC (Regular Bail),2,3,61,1,0,1,1,1,0,1,1,1,1,0.4606,1,161,1,1,1,1,0,1,1,0.7358,90,3.0587,99.51,1,1,2788466.72,0.0137,0,1,14.55,2,2,7,1,1,0,0,1,11,0.2051,0.0826,5,1,1,0,0
NCRB-SYNTH-107362,Trial Court,Sec 439 CrPC (Regular Bail),27,18,31,0,0,1,1,1,1,1,1,1,1,0.7493,1,111,1,1,1,1,1,1,1,0.5446,81,4.3492,284.85,1,1,1288592.92,0.1421,1,1,2.15,5,2,4,1,1,1,1,0,6,0.2387,0.1226,5,1,1,0,1
NCRB-SYNTH-107363,Trial Court,Sec 439 CrPC (Regular Bail),1,21,57,1,0,1,1,1,0,1,1,1,1,0.514,1,142,0,0,1,1,1,0,1,0.5397,98,5.1856,290.45,1,1,2483096.03,0.1875,1,1,20.77,5,1,9,1,1,1,1,0,9,0.1501,0.0652,3,1,1,0,0
NCRB-SYNTH-107365,High Court,Sec 439 CrPC (Regular Bail),2,14,33,0,0,1,1,1,0,1,1,1,1,0.4315,1,113,0,1,1,1,1,1,1,0.9154,143,6.6275,226.83,1,1,2368426.91,0.1527,1,1,5.08,3,4,2,1,1,1,1,0,27,0.272,0.0816,4,1,1,1,0
NCRB-SYNTH-107366,Trial Court,Sec 439 CrPC (Regular Bail),27,10,76,1,0,1,1,1,0,1,1,1,1,0.9472,0,59,1,1,1,1,1,0,1,0.68,59,3.0752,156.71,1,1,2925472.45,0.1852,0,1,2.67,5,4,2,1,1,1,1,0,10,0.1266,0.0528,5,1,1,0,1
NCRB-SYNTH-107367,High Court,Writ Petition (Detention),1,6,99,1,0,1,1,1,1,1,1,1,1,0.7371,1,105,1,0,1,0,1,0,1,0.4364,121,7.084,242.89,1,1,1679404.85,0.0665,0,1,23.29,5,3,9,0,1,1,1,0,35,0.3052,0.0852,4,1,1,0,1
NCRB-SYNTH-107377,Trial Court,Trial Judgment,7,14,18,1,0,1,1,1,0,1,1,1,1,0.9156,1,25,0,0,1,0,1,1,1,0.7171,115,6.8,59.19,1,1,497041.79,0.1595,1,1,2.8,4,1,6,1,1,1,1,0,11,0.1575,0.0634,3,1,1,0,0
NCRB-SYNTH-107378,Trial Court,Sec 439 CrPC (Regular Bail),1,19,72,1,0,1,1,1,0,1,1,1,1,0.7325,1,135,1,1,1,1,1,0,1,0.3026,67,5.759,167.72,1,1,3983685.53,0.0202,1,1,7.16,2,3,7,1,1,1,1,0,41,0.1525,0.0408,4,1,1,1,1
NCRB-SYNTH-107381,High Court,Sec 439 CrPC (Regular Bail),4,25,47,1,0,1,1,1,0,1,1,1,1,0.5012,1,37,0,0,1,1,1,0,1,0.5088,73,4.9717,142.17,1,1,2922646.85,0.1087,1,1,1.99,1,2,4,1,1,1,1,0,16,0.2427,0.0857,4,1,1,1,0
NCRB-SYNTH-107390,Trial Court,Sec 439 CrPC (Regular Bail),1,10,33,1,0,1,1,1,0,1,1,1,1,0.4361,0,62,0,1,1,1,1,0,1,0.6767,104,2.9493,290.48,1,1,2349851.3,0.014,0,1,8.48,4,1,3,1,1,1,1,0,6,0.1164,0.0598,5,1,1,1,0
NCRB-SYNTH-107394,Supreme Court,Sec 482 CrPC (Quashing),15,9,37,1,0,1,1,1,1,1,1,1,1,0.4795,0,21,1,1,1,1,1,1,1,0.7603,105,3.2246,196.12,1,1,802301.04,0.0017,0,1,3.39,2,4,5,1,1,1,1,0,34,0.2517,0.0708,4,1,1,0,0
NCRB-SYNTH-107404,High Court,Writ Petition (Detention),1,12,25,1,0,1,1,1,0,1,1,1,1,0.7759,0,74,1,1,1,0,0,1,1,0.6243,86,3.8515,257.2,1,1,2056976.04,0.1722,1,1,3.15,5,3,7,1,1,1,1,0,19,0.1185,0.0396,4,1,1,0,1
NCRB-SYNTH-107405,High Court,Sec 439 CrPC (Regular Bail),1,18,45,1,0,1,1,1,0,1,1,1,1,0.941,1,110,1,1,1,1,1,1,1,0.6073,136,3.3946,291.62,1,1,2576679.34,0.0335,1,1,5.27,4,1,8,1,1,1,1,0,21,0.2749,0.0889,4,1,1,0,1
NCRB-SYNTH-107411,High Court,Sec 439 CrPC (Regular Bail),4,17,5,1,0,1,1,1,1,1,1,1,1,0.9079,1,46,1,1,1,1,1,0,1,0.7749,127,4.5307,209.36,1,1,369058.71,0.1584,1,1,1.14,3,2,2,1,1,1,1,0,28,0.2048,0.0608,4,1,1,0,1
NCRB-SYNTH-107412,High Court,Sec 482 CrPC (Quashing),1,14,31,1,0,1,1,1,0,1,1,1,1,0.4704,1,144,1,1,1,1,1,1,1,0.6589,51,5.3181,246.73,1,1,2890950.66,0.1217,1,1,26.28,1,1,10,1,1,1,1,0,34,0.2445,0.0688,4,1,1,0,0
NCRB-SYNTH-107415,Trial Court,Sec 439 CrPC (Regular Bail),4,5,68,1,0,1,1,1,0,1,1,1,1,0.541,1,67,1,1,1,1,1,1,1,0.5234,147,3.1983,237.37,1,1,1142203.55,0.1266,0,1,25.06,5,4,3,1,1,1,1,0,32,0.2805,0.0802,4,1,1,0,0
NCRB-SYNTH-107416,High Court,Sec 439 CrPC (Regular Bail),1,23,55,1,0,1,1,1,0,1,1,1,1,0.6199,1,79,1,0,1,1,1,1,1,0.7012,101,7.1775,143.24,1,1,4372511.64,0.1854,1,1,7.65,2,3,5,1,1,1,1,0,40,0.3029,0.0816,4,1,1,0,1
NCRB-SYNTH-107423,Trial Court,Sec 439 CrPC (Regular Bail),1,6,78,1,0,1,1,1,0,1,1,1,1,0.4544,1,23,1,1,1,1,1,1,1,0.6793,70,3.0434,207.82,1,1,2563362.73,0.0229,0,1,7.12,5,4,4,1,1,1,1,0,11,0.1564,0.0629,3,1,1,0,0
NCRB-SYNTH-107424,Trial Court,Sec 439 CrPC (Regular Bail),1,25,78,1,0,1,1,1,1,1,1,1,1,0.7548,1,158,1,0,1,1,1,1,1,0.4487,141,3.1343,258.99,1,1,4317791.4,0.0668,1,1,1.07,2,1,8,1,1,1,1,0,8,0.202,0.0919,5,1,1,0,1
NCRB-SYNTH-107425,High Court,Sec 439 CrPC (Regular Bail),15,25,34,1,1,1,1,1,0,1,1,1,1,0.9304,0,35,1,1,1,0,1,0,1,0.6437,82,3.0166,189.83,1,1,3653455.42,0.0864,0,1,23.23,1,1,9,1,1,1,1,0,9,0.1347,0.0585,5,1,1,1,1
NCRB-SYNTH-107426,High Court,Sec 439 CrPC (Regular Bail),4,10,5,1,0,1,1,1,1,1,1,1,1,0.8344,1,103,1,0,1,1,1,1,1,0.4196,108,5.5087,289.74,1,1,3394380.56,0.1991,1,1,9.23,4,1,5,1,1,1,1,0,2,0.8721,0.7938,1,1,1,1,1
NCRB-SYNTH-107432,Trial Court,Sec 482 CrPC (Quashing),2,14,99,1,0,1,1,1,1,1,1,1,1,0.4209,0,179,0,0,1,1,1,0,1,0.8687,132,5.6225,98.44,1,1,2681970.29,0.1116,1,1,1.51,2,2,5,1,1,0,0,1,7,0.2291,0.1102,3,1,1,0,0
NCRB-SYNTH-107451,Trial Court,Sec 439 CrPC (Regular Bail),21,24,17,1,0,1,1,1,0,1,1,1,1,0.8115,1,83,1,1,1,1,1,1,1,0.8857,70,3.0188,296.51,1,1,3948301.59,0.1336,0,1,7.8,4,4,4,1,1,1,1,0,5,0.1691,0.0944,5,1,1,1,1
NCRB-SYNTH-107452,High Court,Sec 439 CrPC (Regular Bail),1,13,77,1,0,1,1,1,1,1,1,1,1,0.8649,1,24,0,1,1,1,1,1,1,0.7558,148,5.4032,75.46,1,1,1270555.47,0.024,0,1,33.31,5,2,9,1,1,1,1,0,25,0.2162,0.0664,4,1,1,0,0
NCRB-SYNTH-107458,Trial Court,Trial Judgment,1,18,47,1,0,1,1,1,0,1,1,1,1,0.8072,1,160,1,1,1,1,1,1,1,0.6868,46,4.7831,139.43,1,1,1979987.85,0.1245,0,1,4.02,5,2,4,1,1,1,1,0,4,0.1748,0.1086,3,1,1,0,1
NCRB-SYNTH-107461,High Court,Sec 439 CrPC (Regular Bail),1,8,45,1,0,1,1,1,0,1,1,1,1,0.7411,0,76,1,1,1,1,1,0,1,0.8351,102,5.8656,145.01,1,1,3691839.93,0.1345,1,1,16.04,2,1,2,1,1,1,1,0,6,0.1485,0.0763,5,1,1,0,1
NCRB-SYNTH-107462,High Court,Sec 439 CrPC (Regular Bail),1,22,79,1,0,1,1,1,0,1,1,1,1,0.8138,1,182,1,1,1,1,1,1,1,0.8286,58,7.4201,296.87,1,1,2288302.29,0.0734,0,1,10.7,1,2,5,1,1,1,1,0,10,0.2282,0.0952,5,1,1,0,1
NCRB-SYNTH-107464,Trial Court,Sec 439 CrPC (Regular Bail),1,12,92,1,0,1,1,1,0,1,1,1,1,0.5989,1,125,1,0,1,1,1,0,1,0.6318,73,5.9988,52.45,1,1,3066642.39,0.0879,0,1,3.65,4,1,9,1,1,1,1,0,26,0.1153,0.035,4,1,1,0,0
NCRB-SYNTH-107465,Trial Court,Sec 439 CrPC (Regular Bail),1,6,93,1,0,1,1,1,0,1,1,1,1,0.8671,1,153,1,1,1,0,1,1,1,0.726,131,7.8116,228.62,1,1,3447192.96,0.0422,1,1,3.64,1,3,3,1,1,1,1,0,2,0.5498,0.5005,1,1,1,0,1
NCRB-SYNTH-107466,High Court,Trial Judgment,1,8,62,1,0,1,1,1,1,1,1,1,1,0.4945,1,105,1,1,1,1,0,1,1,0.5279,122,5.4117,181.54,1,1,2739079.33,0.1042,1,1,2.19,2,4,5,1,1,1,1,0,40,0.1041,0.028,4,1,1,1,0
NCRB-SYNTH-107474,Trial Court,Sec 439 CrPC (Regular Bail),1,18,45,1,0,1,1,1,0,1,1,1,1,0.6148,1,129,0,0,1,0,0,1,1,0.5883,128,6.5351,257.0,1,1,860191.02,0.0532,1,1,16.1,1,4,10,1,1,1,1,0,6,0.1603,0.0824,5,1,1,0,0
NCRB-SYNTH-107475,Trial Court,Sec 439 CrPC (Regular Bail),1,14,71,1,0,1,1,1,1,1,1,1,1,0.5739,1,155,1,0,1,1,1,1,1,0.7781,71,7.9572,90.69,1,1,3060431.92,0.1063,1,1,6.63,5,1,4,1,1,1,1,0,8,0.0678,0.0309,5,1,1,0,0
NCRB-SYNTH-107476,Trial Court,Sec 439 CrPC (Regular Bail),1,17,58,1,0,1,1,1,0,1,1,1,1,0.9128,1,62,1,1,1,0,0,1,1,0.7358,52,6.6815,153.87,1,1,3969486.91,0.1488,1,1,6.33,3,1,9,1,1,0,0,1,3,0.9036,0.6518,1,1,1,0,1
NCRB-SYNTH-107480,Trial Court,Writ Petition (Detention),1,25,10,0,0,1,1,1,0,1,1,1,1,0.9035,1,174,1,1,1,1,0,1,1,0.8946,102,7.4563,93.9,1,1,1473612.79,0.0496,1,1,18.05,1,4,7,1,1,1,1,0,1,0.5489,0.7919,1,1,1,1,1
NCRB-SYNTH-107483,Trial Court,Sec 439 CrPC (Regular Bail),1,23,50,1,0,1,1,1,0,1,1,1,1,0.548,1,143,1,1,1,1,1,0,1,0.5674,108,5.1727,168.25,1,1,696168.23,0.0283,1,1,5.83,1,2,6,0,1,1,1,0,6,0.2357,0.1211,5,1,1,0,0
NCRB-SYNTH-107484,High Court,Sec 439 CrPC (Regular Bail),2,23,81,1,0,1,1,1,0,1,1,1,1,0.5719,1,172,1,1,1,0,0,1,1,0.7742,118,5.8035,231.87,1,1,1532595.65,0.189,1,1,4.66,5,1,5,1,1,1,1,0,2,0.7633,0.6948,1,1,1,1,0
NCRB-SYNTH-107485,High Court,Sec 439 CrPC (Regular Bail),1,20,5,1,0,1,1,1,0,1,1,1,1,0.8156,1,76,1,1,1,1,1,1,1,0.8269,136,5.0917,89.12,1,1,2885241.8,0.0781,1,1,2.06,1,3,5,0,1,0,0,1,11,0.2394,0.0963,5,1,1,1,1
NCRB-SYNTH-107487,High Court,Sec 482 CrPC (Quashing),27,8,33,1,0,1,1,1,1,1,1,1,1,0.5006,0,32,1,1,1,1,1,0,1,0.4988,61,7.8522,117.95,1,1,3670143.04,0.046,0,1,23.42,4,2,8,1,1,1,1,0,36,0.2398,0.0664,4,1,1,0,0
NCRB-SYNTH-107492,High Court,Trial Judgment,45,5,80,1,0,1,1,1,1,1,1,1,1,0.8995,1,80,1,1,1,1,1,1,1,0.626,144,6.0575,279.03,1,1,3156122.1,0.0128,1,1,23.64,1,2,8,1,1,1,1,0,7,0.2183,0.105,5,1,1,0,1
NCRB-SYNTH-107501,Trial Court,Sec 439 CrPC (Regular Bail),1,25,30,1,1,1,1,1,1,1,1,1,1,0.683,1,50,1,1,1,1,1,1,1,0.8397,69,4.8697,245.49,1,1,3297277.41,0.053,1,1,9.37,1,4,5,1,1,1,1,0,5,0.2138,0.1193,5,1,1,0,1
NCRB-SYNTH-107507,Trial Court,Sec 439 CrPC (Regular Bail),2,20,91,1,0,1,1,1,1,1,1,1,1,0.6975,1,138,1,1,1,1,1,0,1,0.6074,110,4.523,268.24,1,1,3345950.21,0.1755,1,1,7.55,3,4,4,1,1,1,1,0,10,0.0581,0.0242,3,1,1,0,1
NCRB-SYNTH-107521,High Court,Writ Petition (Detention),15,5,27,1,0,1,1,1,0,1,1,1,1,0.6633,1,95,1,1,1,1,1,1,1,0.7484,134,4.732,164.9,1,1,4069287.76,0.1048,0,1,17.59,4,3,8,1,1,1,1,0,10,0.093,0.0388,5,1,1,0,1
NCRB-SYNTH-107522,High Court,Sec 439 CrPC (Regular Bail),1,12,66,1,0,1,1,1,0,1,1,1,1,0.4917,1,46,1,1,1,1,1,0,1,0.7639,47,4.614,99.72,1,1,1323730.8,0.1752,0,1,7.22,3,3,8,1,1,1,1,0,40,0.1771,0.0477,4,1,1,0,0
NCRB-SYNTH-107525,High Court,Sec 439 CrPC (Regular Bail),2,19,8,1,0,1,1,1,0,1,1,1,1,0.8344,1,17,1,1,1,1,1,0,1,0.7726,78,7.7686,79.22,1,1,1541799.39,0.0302,0,1,23.06,5,4,9,0,1,1,1,0,1,0.9429,1.3604,1,1,1,0,1
NCRB-SYNTH-107528,High Court,Sec 439 CrPC (Regular Bail),2,7,43,1,0,1,1,1,0,1,1,1,1,0.8993,1,143,0,0,1,1,1,0,1,0.7273,78,4.2327,69.85,1,1,662633.31,0.0605,1,1,9.72,4,1,8,0,1,1,1,0,4,0.101,0.0628,5,1,1,0,0
NCRB-SYNTH-107534,High Court,Sec 439 CrPC (Regular Bail),1,17,78,1,0,1,1,1,0,1,1,1,1,0.7953,0,158,0,1,1,1,1,1,1,0.5702,85,4.668,122.88,1,1,3100177.89,0.1446,1,1,8.51,1,1,5,1,1,0,0,1,1,0.601,0.8671,1,1,1,0,0
NCRB-SYNTH-107538,Trial Court,Sec 482 CrPC (Quashing),4,21,29,1,0,1,1,1,1,1,1,1,1,0.6995,1,126,0,0,1,1,1,1,1,0.8,53,3.8776,263.31,1,1,911835.05,0.0304,1,1,4.75,2,1,7,1,1,1,1,0,34,0.2658,0.0747,4,1,1,0,0
NCRB-SYNTH-107539,High Court,Sec 439 CrPC (Regular Bail),2,12,56,1,0,1,1,1,0,1,1,1,1,0.4916,1,127,1,1,1,1,1,1,1,0.7316,84,5.4449,216.99,1,1,1630240.6,0.1204,1,1,1.74,3,3,3,1,1,0,0,1,36,0.1078,0.0299,4,1,1,1,0
NCRB-SYNTH-107540,High Court,Trial Judgment,2,13,19,1,0,1,1,1,1,1,1,1,1,0.4655,1,172,1,1,1,1,0,0,1,0.6087,46,3.949,295.31,1,1,937106.88,0.1291,1,1,6.05,5,1,2,1,1,1,1,0,12,0.0862,0.0336,4,1,1,1,0
NCRB-SYNTH-107552,Supreme Court,Sec 439 CrPC (Regular Bail),2,15,63,1,0,1,1,1,1,1,1,1,1,0.7205,1,99,0,0,1,0,1,1,1,0.7205,125,3.3886,272.87,1,1,4369561.84,0.0549,1,1,5.4,3,4,6,1,1,1,1,0,4,0.2392,0.1486,5,1,1,1,0
NCRB-SYNTH-107554,High Court,Trial Judgment,1,13,18,1,0,1,1,1,0,1,1,1,1,0.8485,1,121,1,1,1,1,1,1,1,0.59,99,3.0725,200.79,1,1,3218664.67,0.0011,0,1,8.72,1,3,10,0,1,0,0,1,7,0.1023,0.0492,5,1,1,0,1
NCRB-SYNTH-107556,High Court,Trial Judgment,1,13,35,1,0,1,1,1,1,1,1,1,1,0.636,1,28,0,0,1,0,0,1,1,0.787,40,7.5368,142.03,1,1,1792291.52,0.0819,0,1,13.16,2,2,9,1,1,0,0,1,11,0.1506,0.0606,3,1,1,1,0
NCRB-SYNTH-107558,High Court,Trial Judgment,1,12,92,1,0,1,1,1,0,1,1,1,1,0.946,1,177,1,1,1,1,1,1,1,0.8206,67,8.0111,167.81,1,1,529284.15,0.1544,1,1,1.89,4,2,9,1,1,1,1,0,5,0.1671,0.0933,5,1,1,1,1
NCRB-SYNTH-107559,High Court,Sec 439 CrPC (Regular Bail),1,18,57,1,0,1,1,1,0,1,1,1,1,0.6497,0,51,1,1,1,1,1,1,1,0.564,48,6.563,274.24,1,1,665584.57,0.0102,1,1,25.22,1,2,2,1,1,0,0,1,7,0.2259,0.1086,5,1,1,0,1
NCRB-SYNTH-107565,Supreme Court,Writ Petition (Detention),7,25,22,1,0,1,1,1,0,1,1,1,1,0.6028,0,159,1,1,1,0,1,1,1,0.6099,103,4.5917,220.04,1,1,3693523.54,0.1322,1,1,2.9,5,1,5,1,1,1,1,0,10,0.1955,0.0815,5,1,1,0,1
NCRB-SYNTH-107571,High Court,Trial Judgment,2,19,63,1,0,1,1,1,0,1,1,1,1,0.6961,1,120,1,1,1,1,0,1,1,0.6984,99,6.2371,172.68,1,1,892256.45,0.0838,1,1,5.97,5,4,7,1,1,0,0,1,4,0.0706,0.0439,5,1,1,0,1
NCRB-SYNTH-107572,High Court,Sec 482 CrPC (Quashing),7,12,80,1,0,1,1,1,1,1,1,1,1,0.9579,1,124,1,1,1,0,0,1,1,0.5586,51,7.0166,267.81,1,1,3220182.08,0.1578,1,1,8.08,1,1,4,1,1,1,1,0,5,0.1646,0.0918,5,1,1,0,1
NCRB-SYNTH-107582,Trial Court,Writ Petition (Detention),1,10,50,1,0,1,1,1,0,1,1,1,1,0.5339,0,116,0,1,1,1,0,1,1,0.9183,81,3.3912,48.22,1,1,4336472.66,0.1176,0,1,8.05,3,4,5,0,1,1,1,0,5,0.083,0.0463,5,1,1,0,0
NCRB-SYNTH-107585,High Court,Writ Petition (Detention),2,8,53,0,0,1,1,1,1,1,1,1,1,0.8101,1,148,0,0,1,1,0,0,1,0.7211,110,7.4437,269.38,1,1,726921.02,0.0383,1,1,4.88,5,4,7,1,1,1,1,0,11,0.1406,0.0566,5,1,1,1,0
NCRB-SYNTH-107587,High Court,Sec 439 CrPC (Regular Bail),1,20,27,1,0,1,1,1,1,1,1,1,1,0.6415,1,53,1,1,1,1,1,1,1,0.5864,89,7.8486,173.34,1,1,517524.81,0.1919,1,1,14.09,2,3,10,1,1,0,0,1,42,0.1545,0.0411,4,1,1,0,1
NCRB-SYNTH-107589,High Court,Sec 439 CrPC (Regular Bail),4,5,33,1,0,1,1,1,1,1,1,1,1,0.6121,1,76,1,1,1,0,0,1,1,0.7652,45,7.1685,244.68,1,1,2073389.05,0.08,1,1,6.97,3,3,7,0,1,1,1,0,4,0.1202,0.0747,5,1,1,0,1
NCRB-SYNTH-107614,Trial Court,Sec 439 CrPC (Regular Bail),7,25,63,1,0,1,1,1,1,1,1,1,1,0.4309,1,121,1,1,1,0,1,0,1,0.7238,126,3.2371,234.0,1,1,3950895.9,0.0582,1,1,6.02,3,1,9,1,1,1,1,0,10,0.1313,0.0548,3,1,1,0,0
NCRB-SYNTH-107616,High Court,Writ Petition (Detention),21,20,57,1,0,1,1,1,0,1,1,1,1,0.866,1,181,1,1,1,1,1,1,1,0.6074,117,6.0143,174.41,1,1,3997641.01,0.0831,0,1,18.58,3,4,7,0,1,1,1,0,5,0.2495,0.1392,5,1,1,0,1
NCRB-SYNTH-107620,Trial Court,Sec 439 CrPC (Regular Bail),2,14,67,1,0,1,1,1,0,1,1,1,1,0.4667,1,125,1,1,1,1,1,0,1,0.6336,92,5.6662,88.18,1,1,1322714.91,0.1189,0,1,15.38,3,2,5,1,1,1,1,0,6,0.0748,0.0385,5,1,1,0,0
NCRB-SYNTH-107625,High Court,Sec 439 CrPC (Regular Bail),2,4,33,1,0,1,1,1,0,1,1,1,1,0.5558,1,177,1,1,1,1,1,1,1,0.6052,55,4.8708,295.25,1,1,1122457.9,0.0194,0,1,4.51,3,2,9,0,1,1,1,0,14,0.2295,0.0848,4,1,1,1,0
NCRB-SYNTH-107628,Trial Court,Sec 439 CrPC (Regular Bail),1,12,7,1,0,1,1,1,0,1,1,1,1,0.655,1,86,1,1,1,1,0,1,1,0.5089,140,4.1961,88.58,1,1,1385588.33,0.1675,1,1,1.7,1,1,8,0,1,0,0,1,9,0.1548,0.0672,5,1,1,0,1
NCRB-SYNTH-107631,High Court,Sec 482 CrPC (Quashing),1,14,93,1,0,1,1,1,0,1,1,1,1,0.5584,1,22,1,0,1,1,0,1,1,0.7684,74,6.94,55.79,1,1,615245.95,0.0842,1,1,3.57,2,1,8,0,1,0,0,1,9,0.2269,0.0985,5,1,1,0,0
NCRB-SYNTH-107641,Trial Court,Sec 482 CrPC (Quashing),1,3,41,1,0,1,1,1,1,1,1,1,1,0.8016,1,159,1,1,1,1,0,1,1,0.7569,103,3.8486,133.92,1,1,4493738.82,0.0906,1,1,1.16,2,3,2,1,1,1,1,0,5,0.0821,0.0458,5,1,1,0,1
NCRB-SYNTH-107643,Trial Court,Sec 482 CrPC (Quashing),1,6,67,1,0,1,1,1,1,1,1,1,1,0.8906,1,149,1,1,1,1,0,0,1,0.7104,133,5.31,149.67,1,1,1394343.98,0.1229,0,1,14.89,3,2,7,0,1,1,1,0,7,0.118,0.0568,3,1,1,0,1
NCRB-SYNTH-107647,High Court,Sec 439 CrPC (Regular Bail),2,22,27,1,0,1,1,1,1,1,1,1,1,0.6784,1,127,1,1,1,0,1,1,1,0.5851,118,7.8978,99.05,1,1,3898914.7,0.0604,0,1,2.5,3,2,5,1,1,0,0,1,12,0.1186,0.0462,4,1,1,0,1
NCRB-SYNTH-107659,Trial Court,Sec 439 CrPC (Regular Bail),1,12,7,1,0,1,1,1,0,1,1,1,1,0.8436,0,176,1,1,1,1,1,1,1,0.465,50,5.4975,258.05,1,1,418500.91,0.1109,0,1,11.59,1,3,4,1,1,1,1,0,6,0.0843,0.0433,5,1,1,0,1
NCRB-SYNTH-107664,High Court,Sec 439 CrPC (Regular Bail),1,9,40,1,0,1,1,1,1,1,1,1,1,0.9028,1,121,1,0,1,1,1,1,1,0.7027,112,5.1705,92.58,1,1,1903330.3,0.0561,1,1,6.81,1,1,7,1,1,1,1,0,2,0.7947,0.7234,1,1,1,1,1
NCRB-SYNTH-107665,High Court,Sec 439 CrPC (Regular Bail),2,17,14,1,0,1,1,1,0,1,1,1,1,0.8971,1,134,1,1,1,1,1,1,1,0.3468,90,7.2328,155.24,1,1,3518870.72,0.0516,0,1,3.08,1,3,3,0,1,1,1,0,1,0.7139,1.0299,1,1,1,0,1
NCRB-SYNTH-107674,Supreme Court,Sec 439 CrPC (Regular Bail),7,3,60,1,0,1,1,1,1,1,1,1,1,0.5696,1,81,0,0,1,1,0,1,1,0.4908,68,6.7499,121.07,1,1,3796935.5,0.1262,0,1,20.63,3,4,4,1,1,1,1,0,36,0.2943,0.0815,4,1,1,0,0
NCRB-SYNTH-107675,Trial Court,Sec 439 CrPC (Regular Bail),2,7,59,1,0,1,1,1,0,1,1,1,1,0.9565,1,67,1,1,1,1,1,1,1,0.6069,122,6.829,57.71,1,1,2377386.13,0.0292,1,1,9.11,5,1,9,1,1,1,1,0,2,0.7161,0.6518,1,1,1,0,1
NCRB-SYNTH-107682,High Court,Trial Judgment,21,16,76,1,0,1,1,1,1,1,1,1,1,0.7155,1,97,0,0,1,1,1,1,1,0.3642,105,4.305,117.45,1,1,3299812.3,0.0845,1,1,27.68,1,3,7,1,1,1,1,0,24,0.1226,0.0381,4,1,1,0,0
NCRB-SYNTH-107684,Trial Court,Sec 482 CrPC (Quashing),1,6,37,1,0,1,1,1,1,1,1,1,1,0.4669,1,76,1,1,1,1,1,1,1,1.0,115,5.1006,193.15,1,1,1332824.05,0.1048,1,1,34.8,5,3,7,1,1,1,1,0,3,0.4964,0.358,1,1,1,0,0
NCRB-SYNTH-107697,High Court,Sec 439 CrPC (Regular Bail),1,23,35,1,0,1,1,1,0,1,1,1,1,0.6872,1,52,1,0,1,1,1,1,1,0.57,83,3.9745,200.67,1,1,2123838.43,0.1146,1,1,5.44,2,4,6,1,1,1,1,0,11,0.2479,0.0997,3,1,1,0,1
NCRB-SYNTH-107704,High Court,Sec 439 CrPC (Regular Bail),1,4,54,0,0,1,1,1,0,1,1,1,1,0.4072,1,122,1,1,1,1,1,0,1,0.7346,64,5.565,128.79,1,1,3469876.12,0.0074,1,1,8.67,1,3,3,1,1,1,1,0,11,0.141,0.0567,5,1,1,0,0
NCRB-SYNTH-107709,Trial Court,Writ Petition (Detention),1,21,82,1,0,1,1,1,0,1,1,1,1,0.5928,1,150,1,1,1,1,1,0,1,0.6359,117,3.1808,131.67,1,1,2670046.29,0.0418,0,1,18.56,3,4,6,1,1,1,1,0,11,0.0987,0.0397,5,1,1,0,0
NCRB-SYNTH-107712,Trial Court,Trial Judgment,2,25,71,0,0,1,1,1,0,1,1,1,1,0.4912,0,171,1,1,1,0,0,1,1,0.7575,113,3.3251,215.44,1,1,436398.01,0.153,0,1,9.55,5,1,6,1,1,1,1,0,10,0.0718,0.03,5,1,1,0,0
NCRB-SYNTH-107714,Trial Court,Sec 439 CrPC (Regular Bail),2,24,38,1,0,1,1,1,1,1,1,1,1,0.8693,1,138,1,1,1,1,0,1,1,0.8874,108,4.4944,202.23,1,1,2125230.36,0.093,0,1,6.34,3,4,5,1,1,1,1,0,4,0.2433,0.1511,5,1,1,0,1
NCRB-SYNTH-107719,High Court,Sec 439 CrPC (Regular Bail),1,21,55,0,0,1,1,1,0,1,1,1,1,0.6211,1,157,0,1,1,1,1,1,1,0.6454,55,3.6111,245.9,1,1,1234017.97,0.1216,1,1,1.07,2,2,7,0,1,1,1,0,10,0.0775,0.0323,5,1,1,0,0
NCRB-SYNTH-107728,Trial Court,Sec 439 CrPC (Regular Bail),1,22,87,1,0,1,1,1,1,1,1,1,1,0.4768,1,121,1,1,1,1,0,0,1,0.4936,112,3.1301,258.78,1,1,2852826.65,0.1684,1,1,2.87,4,3,2,1,1,0,0,1,8,0.2201,0.1002,3,1,1,0,0
NCRB-SYNTH-107730,High Court,Sec 439 CrPC (Regular Bail),1,7,43,1,0,1,1,1,0,1,1,1,1,0.3921,1,79,0,0,1,1,0,1,1,0.5791,124,7.6291,224.4,1,1,3776525.41,0.059,0,1,4.21,5,1,7,1,1,1,1,0,5,0.2489,0.1389,5,1,1,0,0
NCRB-SYNTH-107731,High Court,Sec 482 CrPC (Quashing),7,11,94,1,0,1,1,1,0,1,1,1,1,0.8339,1,66,1,1,1,1,1,0,1,0.616,61,6.1724,269.52,1,1,2220655.85,0.1006,0,1,13.23,5,2,10,1,1,1,1,0,7,0.2017,0.097,5,1,1,1,1
NCRB-SYNTH-107745,Supreme Court,Writ Petition (Detention),2,18,30,1,0,1,1,1,1,1,1,1,1,0.4674,1,151,1,1,1,1,0,1,1,0.7499,40,6.2008,195.96,1,1,3183532.21,0.0222,1,1,6.84,2,4,9,1,1,0,0,1,12,0.2843,0.1108,4,1,1,1,0
NCRB-SYNTH-107754,High Court,Sec 439 CrPC (Regular Bail),1,13,71,1,0,1,1,1,0,1,1,1,1,0.6672,1,181,1,0,1,1,0,0,1,0.8219,114,6.4683,234.55,1,1,1239678.13,0.1127,0,1,7.63,5,3,10,0,1,1,1,0,9,0.2407,0.1046,3,1,1,0,1
NCRB-SYNTH-107763,Trial Court,Sec 439 CrPC (Regular Bail),2,5,6,0,0,1,1,1,1,1,1,1,1,0.6264,1,107,1,1,1,1,1,1,1,0.713,129,4.3437,189.9,1,1,2889021.04,0.1961,1,1,1.74,2,2,6,1,1,1,1,0,5,0.2361,0.1318,5,1,1,0,1
NCRB-SYNTH-107768,High Court,Sec 482 CrPC (Quashing),7,17,63,1,0,1,1,1,1,1,1,1,1,0.6253,1,149,1,1,1,0,1,1,1,0.7613,63,4.0934,147.25,1,1,1994092.35,0.1949,1,1,15.7,3,3,3,0,1,0,0,1,21,0.2057,0.0665,4,1,1,0,1
NCRB-SYNTH-107771,High Court,Sec 439 CrPC (Regular Bail),21,3,55,0,0,1,1,1,1,1,1,1,1,0.8704,1,113,1,1,1,1,1,1,1,0.9761,98,5.2192,85.41,1,1,1804495.15,0.0244,1,1,19.86,5,3,10,1,1,0,0,1,8,0.061,0.0277,5,1,1,0,1
NCRB-SYNTH-107780,High Court,Sec 439 CrPC (Regular Bail),4,4,68,1,0,1,1,1,1,1,1,1,1,0.9748,1,52,1,0,1,1,1,1,1,0.7935,67,6.8964,276.02,1,1,2211961.35,0.1417,1,1,19.68,5,1,2,1,1,1,1,0,18,0.3189,0.1083,4,1,1,1,1
NCRB-SYNTH-107781,Trial Court,Sec 482 CrPC (Quashing),4,25,49,1,0,1,1,1,0,1,1,1,1,0.95,1,75,1,1,1,1,0,1,1,0.5131,51,4.9792,262.64,1,1,3123893.42,0.0576,0,1,8.21,5,1,7,1,1,1,1,0,7,0.248,0.1193,5,1,1,0,1
NCRB-SYNTH-107786,Trial Court,Sec 439 CrPC (Regular Bail),1,23,83,0,0,1,1,1,1,1,1,1,1,0.4838,1,60,1,1,1,1,0,0,1,0.7694,62,4.8199,183.76,1,1,1794303.91,0.1902,1,1,3.96,5,2,10,1,1,1,1,0,6,0.1037,0.0533,5,1,1,0,0
NCRB-SYNTH-107791,Trial Court,Sec 439 CrPC (Regular Bail),7,3,58,1,0,1,1,1,1,1,1,1,1,0.6176,1,42,1,1,1,1,1,1,1,0.7867,109,4.4135,48.84,1,1,959365.68,0.0696,1,1,46.68,3,2,3,0,1,0,0,1,8,0.1674,0.0762,5,1,1,1,1
NCRB-SYNTH-107793,Trial Court,Sec 439 CrPC (Regular Bail),1,20,10,1,0,1,1,1,0,1,1,1,1,0.6763,1,156,1,1,1,1,1,1,1,0.6121,132,3.4452,46.77,1,1,4168591.37,0.1062,1,1,4.32,4,1,3,1,1,1,1,0,34,0.2941,0.0827,4,1,1,0,1
NCRB-SYNTH-107814,Trial Court,Sec 439 CrPC (Regular Bail),2,4,12,1,0,1,1,1,0,1,1,1,1,0.8073,1,92,1,1,1,0,1,1,1,0.4858,97,5.2431,73.58,1,1,317536.74,0.0877,0,1,6.33,5,4,8,1,1,0,0,1,5,0.0827,0.0462,5,1,1,0,1
NCRB-SYNTH-107816,Trial Court,Writ Petition (Detention),7,17,42,1,0,1,1,1,1,1,1,1,1,0.7962,1,167,1,1,1,1,1,1,1,0.7205,103,3.7601,145.49,1,1,3476388.97,0.0885,1,1,2.47,1,4,4,1,1,1,1,0,1,0.4983,0.7189,1,1,1,1,1
NCRB-SYNTH-107821,High Court,Sec 439 CrPC (Regular Bail),2,12,12,0,0,1,1,1,0,1,1,1,1,0.5014,1,170,1,1,1,1,0,1,1,0.5957,64,3.7631,91.49,1,1,3249019.48,0.0952,0,1,15.15,4,2,4,1,1,1,1,0,1,0.4468,0.6446,1,1,1,0,0
NCRB-SYNTH-107822,Trial Court,Sec 439 CrPC (Regular Bail),1,17,21,0,0,1,1,1,0,1,1,1,1,0.6423,1,70,1,1,1,0,0,1,1,0.4898,59,6.6682,78.39,1,1,3491279.46,0.1798,1,1,5.78,4,3,6,1,1,1,1,0,2,0.857,0.78,1,1,1,0,1
NCRB-SYNTH-107823,High Court,Sec 439 CrPC (Regular Bail),1,8,87,1,0,1,1,1,0,1,1,1,1,0.7613,1,119,1,1,1,1,0,1,1,0.6382,84,7.6907,108.06,1,1,4474421.6,0.0279,1,1,5.89,2,4,9,1,1,1,1,0,7,0.2015,0.0969,5,1,1,0,1
NCRB-SYNTH-107825,Trial Court,Sec 482 CrPC (Quashing),15,12,45,1,0,1,1,1,0,1,1,1,1,0.8992,0,57,1,1,1,1,1,0,1,0.5944,50,7.0561,205.18,1,1,1957909.19,0.0188,1,1,1.75,5,4,6,1,1,1,1,0,7,0.2319,0.1115,5,1,1,0,1
NCRB-SYNTH-107832,High Court,Sec 439 CrPC (Regular Bail),4,15,77,1,0,1,1,1,0,1,1,1,1,0.6398,1,38,1,1,1,0,0,0,1,0.4886,77,4.0536,247.32,1,1,3128233.5,0.0701,0,1,7.31,2,2,2,1,1,1,1,0,11,0.1145,0.0461,3,1,1,1,1
NCRB-SYNTH-107836,High Court,Sec 439 CrPC (Regular Bail),7,20,57,1,0,1,1,1,0,1,1,1,1,0.4072,1,109,1,1,1,1,1,1,1,0.7934,83,5.893,104.02,1,1,3098257.28,0.0232,0,1,11.6,3,4,9,0,1,1,1,0,10,0.1864,0.0777,3,1,1,0,0
NCRB-SYNTH-107839,High Court,Sec 439 CrPC (Regular Bail),1,20,100,1,0,1,1,1,0,1,1,1,1,0.8374,1,88,1,1,1,1,1,0,1,0.7344,43,4.1119,219.94,1,1,2882045.86,0.142,1,1,42.65,2,1,9,1,1,1,1,0,8,0.137,0.0623,3,1,1,0,1
NCRB-SYNTH-107842,High Court,Sec 439 CrPC (Regular Bail),1,22,100,1,0,1,1,1,1,1,1,1,1,0.8886,1,124,1,0,1,1,1,1,1,0.5921,68,6.519,199.62,1,1,1291453.93,0.0638,0,1,2.01,3,1,4,1,1,1,1,0,6,0.1319,0.0678,5,1,1,1,1
NCRB-SYNTH-107844,Trial Court,Sec 439 CrPC (Regular Bail),2,17,74,1,0,1,1,1,1,1,1,1,1,0.8389,1,61,1,1,1,0,0,1,1,0.6878,144,5.221,158.28,1,1,265796.57,0.0835,1,1,7.36,1,2,3,1,1,1,1,0,5,0.0894,0.0499,5,1,1,1,1
NCRB-SYNTH-107848,High Court,Writ Petition (Detention),2,14,63,1,0,1,1,1,0,1,1,1,1,0.5103,0,54,1,1,1,0,1,0,1,0.5715,122,7.2138,115.82,1,1,3433989.19,0.1908,1,1,3.31,1,4,8,0,1,1,1,0,7,0.2272,0.1093,3,1,1,0,0
NCRB-SYNTH-107855,Trial Court,Sec 439 CrPC (Regular Bail),45,16,85,1,0,1,1,1,1,1,1,1,1,0.6553,1,75,0,0,1,1,1,0,1,0.3939,144,5.61,151.66,1,1,3278788.29,0.1042,1,1,18.0,1,2,7,1,1,1,1,0,9,0.2211,0.096,5,1,1,1,0
NCRB-SYNTH-107856,Trial Court,Sec 439 CrPC (Regular Bail),1,24,87,1,0,1,1,1,1,1,1,1,1,0.5778,1,46,1,1,1,0,0,1,1,0.6921,67,5.4013,78.64,1,1,2492756.78,0.1386,0,1,1.06,4,3,9,1,1,1,1,0,8,0.2393,0.1089,5,1,1,1,0
NCRB-SYNTH-107857,Trial Court,Writ Petition (Detention),1,5,99,1,0,1,1,1,0,1,1,1,1,0.4859,1,47,0,0,1,1,1,1,1,0.5641,114,6.2764,233.65,1,1,2660989.99,0.1254,1,1,2.54,2,1,2,1,1,1,1,0,16,0.1061,0.0374,4,1,1,0,0
NCRB-SYNTH-107869,High Court,Sec 482 CrPC (Quashing),2,12,87,1,0,1,1,1,1,1,1,1,1,0.6445,1,119,1,1,1,1,1,1,1,0.7198,97,6.8385,144.4,1,1,3826740.39,0.1677,0,1,19.84,3,3,7,1,1,1,1,0,45,0.2134,0.0557,4,1,1,1,1
NCRB-SYNTH-107875,Trial Court,Writ Petition (Detention),1,20,51,1,0,1,1,1,0,1,1,1,1,0.8196,1,114,1,0,1,0,1,1,1,0.4315,128,5.028,160.58,1,1,4360311.92,0.0745,0,1,9.63,1,2,2,0,1,1,1,0,5,0.0764,0.0427,5,1,1,0,1
NCRB-SYNTH-107876,High Court,Writ Petition (Detention),1,19,39,1,0,1,1,1,0,1,1,1,1,0.5668,1,57,0,0,1,1,1,1,1,0.6883,79,7.1382,128.3,1,1,2467548.71,0.0641,1,1,3.09,4,1,5,1,1,0,0,1,4,0.226,0.1404,5,1,1,0,0
NCRB-SYNTH-107878,Trial Court,Sec 439 CrPC (Regular Bail),4,3,18,1,0,1,1,1,0,1,1,1,1,0.822,1,123,0,0,1,1,0,1,1,0.6111,77,4.5836,74.87,1,1,461319.79,0.026,1,1,16.88,3,3,8,1,1,0,0,1,39,0.3086,0.0837,4,1,1,0,0
NCRB-SYNTH-107882,High Court,Sec 482 CrPC (Quashing),4,8,69,1,0,1,1,1,0,1,1,1,1,0.6495,1,23,0,0,1,1,1,0,1,0.5764,68,6.8746,64.35,1,1,3091186.13,0.1594,0,1,7.47,4,4,5,1,1,1,1,0,44,0.3076,0.0808,4,1,1,0,0
NCRB-SYNTH-107883,High Court,Trial Judgment,1,3,53,1,0,1,1,1,0,1,1,1,1,0.5799,1,143,1,0,1,1,1,1,1,0.735,84,3.2201,227.75,1,1,2001534.76,0.1656,0,1,29.89,5,3,3,1,1,1,1,0,42,0.2986,0.0794,4,1,1,1,0
NCRB-SYNTH-107888,Trial Court,Sec 439 CrPC (Regular Bail),1,14,5,1,0,1,1,1,0,1,1,1,1,0.765,1,136,1,1,1,1,0,1,1,0.5887,60,3.0669,173.09,1,1,3924762.08,0.145,1,1,17.87,2,2,2,0,1,1,1,0,21,0.239,0.0773,4,1,1,1,1
NCRB-SYNTH-107890,Trial Court,Sec 439 CrPC (Regular Bail),1,6,88,1,0,1,1,1,1,1,1,1,1,0.6404,1,170,1,1,1,1,1,1,1,0.7059,126,4.8753,59.26,1,1,1186012.84,0.1196,1,1,2.43,5,1,8,1,1,1,1,0,2,0.7262,0.661,1,1,1,0,1
NCRB-SYNTH-107892,High Court,Sec 439 CrPC (Regular Bail),2,6,26,1,0,1,1,1,0,1,1,1,1,0.6153,1,83,1,1,1,1,1,1,1,0.827,136,4.4973,49.23,1,1,2279565.18,0.0614,1,1,29.18,1,4,5,1,1,1,1,0,11,0.115,0.0463,5,1,1,0,1
NCRB-SYNTH-107894,Trial Court,Sec 439 CrPC (Regular Bail),1,25,7,1,0,1,1,1,0,1,1,1,1,0.5438,1,159,0,1,1,1,1,0,1,0.5939,81,3.9774,175.25,1,1,4179528.0,0.0574,1,1,20.06,2,2,6,0,1,0,0,1,9,0.0905,0.0393,5,1,1,0,0
NCRB-SYNTH-107895,High Court,Sec 439 CrPC (Regular Bail),1,25,16,1,0,1,1,1,1,1,1,1,1,0.6986,1,54,1,1,1,1,1,1,1,0.6586,134,6.6606,122.21,1,1,3904617.67,0.0518,0,1,6.33,4,1,9,1,1,1,1,0,20,0.1633,0.0536,4,1,1,0,1
NCRB-SYNTH-107898,High Court,Sec 482 CrPC (Quashing),1,14,81,1,0,1,1,1,0,1,1,1,1,0.4425,1,80,1,1,1,1,1,1,1,0.7135,59,5.161,111.23,1,1,2865294.33,0.0206,0,1,26.56,2,1,7,1,1,1,1,0,39,0.1025,0.0278,4,1,1,0,0
NCRB-SYNTH-107909,Trial Court,Sec 439 CrPC (Regular Bail),1,7,88,1,0,1,1,1,1,1,1,1,1,0.8947,0,85,0,0,1,1,0,1,1,0.8033,87,5.156,146.71,1,1,1945761.74,0.0765,1,1,20.42,1,3,10,1,1,0,0,1,43,0.2289,0.0605,4,1,1,0,0
NCRB-SYNTH-107910,Trial Court,Sec 439 CrPC (Regular Bail),1,17,69,1,0,1,1,1,0,1,1,1,1,0.8643,1,94,0,0,1,0,1,0,1,0.7577,77,3.5349,255.73,1,1,2245921.86,0.1217,1,1,10.37,3,1,2,1,1,1,1,0,1,0.9147,1.3197,1,1,1,0,0
NCRB-SYNTH-107912,Trial Court,Writ Petition (Detention),1,23,62,1,0,1,1,1,1,1,1,1,1,0.658,1,81,1,1,1,1,1,1,1,0.779,54,4.7089,224.13,1,1,4316773.91,0.1152,0,1,4.87,2,1,4,1,1,1,1,0,6,0.2199,0.113,3,1,1,1,1
NCRB-SYNTH-107913,Trial Court,Sec 439 CrPC (Regular Bail),15,10,64,1,0,1,1,1,1,1,1,1,1,0.6464,1,188,0,0,1,0,1,1,1,0.4987,106,3.9597,179.32,1,1,3662378.36,0.1607,1,1,6.11,5,1,6,1,1,1,1,0,5,0.0964,0.0538,5,1,1,0,0
NCRB-SYNTH-107920,Trial Court,Sec 439 CrPC (Regular Bail),2,22,45,1,0,1,1,1,0,1,1,1,1,0.4114,1,35,1,1,1,1,0,0,1,0.8614,62,3.0253,292.01,1,1,3802516.05,0.13,0,1,21.92,3,1,5,1,1,0,0,1,10,0.1476,0.0615,5,1,1,0,0
NCRB-SYNTH-107937,Trial Court,Sec 482 CrPC (Quashing),1,24,56,0,0,1,1,1,1,1,1,1,1,0.9225,1,57,1,1,1,0,0,1,1,0.7279,120,6.3076,78.5,1,1,2284862.14,0.1212,1,1,4.44,2,4,9,1,1,1,1,0,22,0.3166,0.101,4,1,1,0,1
NCRB-SYNTH-107939,Trial Court,Sec 439 CrPC (Regular Bail),2,24,56,0,0,1,1,1,0,1,1,1,1,0.8407,1,174,0,0,1,1,1,0,1,0.5709,89,3.9448,82.61,1,1,1110926.7,0.1156,0,1,16.63,5,3,4,1,1,1,1,0,4,0.1335,0.0829,5,1,1,1,0
NCRB-SYNTH-107940,Trial Court,Sec 439 CrPC (Regular Bail),1,8,66,1,0,1,1,1,0,1,1,1,1,0.6753,1,88,1,1,1,0,1,1,1,0.6288,92,4.9823,179.97,1,1,4269621.47,0.0856,0,1,3.9,2,1,3,1,1,1,1,0,27,0.2411,0.0724,4,1,1,0,1
NCRB-SYNTH-107941,Supreme Court,Sec 439 CrPC (Regular Bail),21,3,67,1,0,1,1,1,1,1,1,1,1,0.4525,0,13,1,0,1,1,1,1,1,0.7691,103,7.779,77.82,1,1,737355.75,0.1036,1,1,5.76,5,4,9,1,1,1,1,0,27,0.0885,0.0266,4,1,1,1,0
NCRB-SYNTH-107945,High Court,Sec 439 CrPC (Regular Bail),1,5,19,1,0,1,1,1,1,1,1,1,1,0.4374,1,143,0,0,1,1,0,1,1,0.7671,106,7.4418,155.89,1,1,1788601.08,0.0271,1,1,10.48,4,4,9,1,1,1,1,0,8,0.1087,0.0495,3,1,1,0,0
NCRB-SYNTH-107956,High Court,Trial Judgment,7,3,44,1,0,1,1,1,1,1,1,1,1,0.4678,1,165,0,0,1,1,1,1,1,0.7875,69,7.186,267.49,1,1,765481.44,0.0027,1,1,13.15,1,1,9,1,1,1,1,0,8,0.1298,0.0591,5,1,1,0,0
NCRB-SYNTH-107964,Trial Court,Sec 482 CrPC (Quashing),1,15,74,1,0,1,1,1,0,1,1,1,1,0.5349,0,37,1,1,1,0,1,1,1,0.5049,52,5.0532,194.39,1,1,2586529.7,0.0913,1,1,11.43,3,4,9,1,1,0,0,1,3,0.573,0.4134,1,1,1,0,0
NCRB-SYNTH-107969,Trial Court,Sec 439 CrPC (Regular Bail),15,13,21,1,0,1,1,1,0,1,1,1,1,0.7795,1,72,1,1,1,1,0,1,1,0.4149,91,5.5993,233.18,1,1,1900254.56,0.016,1,1,5.02,2,4,9,0,1,0,0,1,7,0.0915,0.044,5,1,1,1,1
NCRB-SYNTH-107975,High Court,Sec 439 CrPC (Regular Bail),1,6,27,1,0,1,1,1,0,1,1,1,1,0.6275,1,117,1,0,1,1,1,1,1,0.6304,95,7.5351,220.54,1,1,2836595.57,0.0933,1,1,1.85,1,2,9,0,1,0,0,1,21,0.1265,0.0409,4,1,1,1,1
NCRB-SYNTH-107985,High Court,Sec 439 CrPC (Regular Bail),1,14,55,1,0,1,1,1,1,1,1,1,1,0.4561,1,125,1,0,1,1,1,0,1,0.7727,126,5.0382,256.85,1,1,317920.96,0.1494,1,1,33.05,1,1,9,1,1,1,1,0,11,0.0871,0.0351,5,1,1,0,0
NCRB-SYNTH-107988,Trial Court,Writ Petition (Detention),1,8,20,1,0,1,1,1,1,1,1,1,1,0.708,1,52,0,0,1,1,0,1,1,0.5623,49,7.8515,275.31,1,1,3636949.08,0.1081,0,1,25.92,4,4,10,1,1,1,1,0,6,0.2221,0.1141,5,1,1,0,0
NCRB-SYNTH-107998,Trial Court,Writ Petition (Detention),1,13,16,1,0,1,1,1,1,1,1,1,1,0.5405,1,116,1,0,1,0,1,0,1,0.7231,119,2.7979,186.99,1,1,269625.04,0.0135,0,1,5.89,5,2,2,1,1,1,1,0,8,0.064,0.0291,3,1,1,0,0
NCRB-SYNTH-108006,High Court,Sec 439 CrPC (Regular Bail),1,13,10,1,0,1,1,1,0,1,1,1,1,0.5571,1,17,1,1,1,1,1,0,1,0.686,77,5.3883,280.41,1,1,3689683.04,0.1359,0,1,2.67,3,1,5,1,1,1,1,0,43,0.3017,0.0797,4,1,1,0,0
NCRB-SYNTH-108012,High Court,Sec 439 CrPC (Regular Bail),2,23,78,1,1,1,1,1,0,1,1,1,1,0.5014,1,144,1,1,1,1,0,1,1,0.6789,70,6.3366,113.73,1,1,3069049.47,0.059,0,1,1.94,2,2,10,0,1,1,1,0,30,0.2451,0.0714,4,1,1,0,0
NCRB-SYNTH-108017,Trial Court,Sec 439 CrPC (Regular Bail),7,18,51,0,0,1,1,1,0,1,1,1,1,0.4708,1,91,0,1,1,1,1,1,1,0.618,144,6.9274,257.59,1,1,1219844.78,0.0222,1,1,3.31,2,1,5,1,1,1,1,0,4,0.1682,0.1045,5,1,1,0,0
NCRB-SYNTH-108019,High Court,Sec 439 CrPC (Regular Bail),1,5,89,0,0,1,1,1,0,1,1,1,1,0.5994,1,95,0,1,1,1,1,1,1,0.8099,58,6.7125,111.73,1,1,2810506.78,0.1295,0,1,10.69,3,2,10,1,1,1,1,0,7,0.242,0.1164,3,1,1,0,0
NCRB-SYNTH-108021,High Court,Sec 439 CrPC (Regular Bail),4,23,23,1,0,1,1,1,1,1,1,1,1,0.5676,1,35,1,0,1,0,0,0,1,0.7961,108,3.2198,85.77,1,1,1486162.99,0.0004,0,1,22.93,4,1,6,1,1,1,1,0,10,0.183,0.0763,5,1,1,0,0
NCRB-SYNTH-108024,Supreme Court,Sec 482 CrPC (Quashing),2,9,74,1,0,1,1,1,1,1,1,1,1,0.8126,1,92,1,0,1,1,1,0,1,0.658,59,3.6728,138.47,1,1,2559554.25,0.1201,1,1,1.2,4,4,5,1,1,1,1,0,44,0.2533,0.0665,4,1,1,0,1
NCRB-SYNTH-108026,High Court,Sec 482 CrPC (Quashing),1,9,63,0,0,1,1,1,1,1,1,1,1,0.4581,1,66,1,1,1,1,0,1,1,0.9246,57,6.2076,292.53,1,1,3981938.45,0.1817,0,1,2.62,4,3,5,1,1,0,0,1,11,0.1011,0.0407,5,1,1,0,0
NCRB-SYNTH-108029,Trial Court,Trial Judgment,1,3,47,0,0,1,1,1,0,1,1,1,1,0.7111,1,28,1,0,1,1,1,1,1,0.3715,119,4.5939,207.09,1,1,2649828.72,0.0941,1,1,3.82,4,3,4,0,1,1,1,0,10,0.0644,0.0269,5,1,1,0,1
NCRB-SYNTH-108031,High Court,Sec 439 CrPC (Regular Bail),1,3,67,1,0,1,1,1,0,1,1,1,1,0.9235,0,156,1,1,1,0,0,1,1,0.58,42,7.7815,250.5,1,1,3192109.8,0.027,1,1,18.3,5,1,10,1,1,1,1,0,14,0.1101,0.0407,4,1,1,0,1
NCRB-SYNTH-108045,High Court,Sec 439 CrPC (Regular Bail),1,21,28,0,0,1,1,1,0,1,1,1,1,0.4618,1,41,1,1,1,1,1,1,1,0.5819,73,6.6798,291.57,1,1,3153915.15,0.1285,0,1,4.03,5,2,7,1,1,1,1,0,8,0.1463,0.0666,5,1,1,1,0
NCRB-SYNTH-108056,High Court,Sec 439 CrPC (Regular Bail),27,12,83,1,0,1,1,1,0,1,1,1,1,0.4142,1,169,0,0,1,1,1,1,1,0.4689,139,3.3766,60.84,1,1,1187536.63,0.0084,1,1,1.22,4,1,9,1,1,1,1,0,10,0.1356,0.0565,3,1,1,1,0
NCRB-SYNTH-108059,High Court,Sec 439 CrPC (Regular Bail),1,19,77,1,0,1,1,1,0,1,1,1,1,0.4596,1,46,0,0,1,1,0,1,1,0.7964,119,6.128,193.7,1,1,1305314.8,0.1303,0,1,4.71,1,4,6,1,1,1,1,0,40,0.2322,0.0625,4,1,1,0,0
NCRB-SYNTH-108067,High Court,Sec 482 CrPC (Quashing),1,22,43,1,0,1,1,1,0,1,1,1,1,0.4327,0,27,1,1,1,1,1,1,1,0.8683,121,7.3386,167.81,1,1,1890096.55,0.1492,1,1,12.4,5,1,6,1,1,1,1,0,9,0.2426,0.1053,5,1,1,0,0
NCRB-SYNTH-108069,Trial Court,Sec 482 CrPC (Quashing),7,14,49,0,0,1,1,1,0,1,1,1,1,0.3572,1,38,1,1,1,1,1,1,1,0.6811,67,7.4343,190.64,1,1,2167932.73,0.1058,0,1,9.37,1,3,6,1,1,1,1,0,18,0.147,0.0499,4,1,1,1,0
NCRB-SYNTH-108071,Trial Court,Sec 439 CrPC (Regular Bail),15,3,65,1,0,1,1,1,1,1,1,1,1,0.6084,1,113,1,1,1,1,1,1,1,0.4443,119,5.7733,74.14,1,1,3838779.45,0.0129,1,1,17.18,3,4,5,1,1,1,1,0,1,0.6094,0.8791,1,1,1,0,1
NCRB-SYNTH-108072,High Court,Sec 439 CrPC (Regular Bail),7,12,86,1,0,1,1,1,0,1,1,1,1,0.635,1,27,1,0,1,1,1,1,1,0.8484,51,4.8539,129.8,1,1,3767559.3,0.1718,1,1,1.63,4,2,2,1,1,1,1,0,5,0.1867,0.1042,5,1,1,0,1
NCRB-SYNTH-108079,Trial Court,Writ Petition (Detention),2,7,96,1,0,1,1,1,0,1,1,1,1,0.9411,1,116,1,0,1,1,1,1,1,0.6457,150,6.8623,175.04,1,1,618991.32,0.0927,1,1,1.51,1,4,7,1,1,0,0,1,5,0.1608,0.0898,3,1,1,0,1
NCRB-SYNTH-108080,Trial Court,Sec 482 CrPC (Quashing),1,16,84,0,0,1,1,1,0,1,1,1,1,0.6779,1,96,0,0,1,1,1,1,1,0.8333,58,5.4133,46.11,1,1,3304559.51,0.1728,1,1,2.63,1,4,8,0,1,1,1,0,23,0.2432,0.0765,4,1,1,0,0
NCRB-SYNTH-108092,Trial Court,Sec 439 CrPC (Regular Bail),2,5,45,1,0,1,1,1,0,1,1,1,1,0.9331,1,136,1,1,1,1,0,0,1,0.8109,48,4.1267,83.53,1,1,3748686.37,0.1058,0,1,2.18,4,2,8,0,1,1,1,0,40,0.1038,0.028,4,1,1,0,1
NCRB-SYNTH-108095,High Court,Sec 482 CrPC (Quashing),1,13,51,0,0,1,1,1,0,1,1,1,1,0.52,1,38,0,0,1,1,1,0,1,0.8101,67,6.803,99.87,1,1,4302018.54,0.0596,1,1,2.38,2,1,3,1,1,1,1,0,7,0.0974,0.0469,3,1,1,0,0
NCRB-SYNTH-108099,Trial Court,Sec 439 CrPC (Regular Bail),2,10,47,1,0,1,1,1,1,1,1,1,1,0.4271,1,147,1,1,1,1,1,1,1,0.6453,139,5.7938,60.1,1,1,3122055.51,0.0941,0,1,2.98,4,4,6,1,1,1,1,0,27,0.1359,0.0408,4,1,1,0,0
NCRB-SYNTH-108103,High Court,Sec 482 CrPC (Quashing),1,13,36,1,0,1,1,1,1,1,1,1,1,0.5261,1,125,1,1,1,1,0,1,1,0.6593,78,3.1074,156.64,1,1,1432571.14,0.0121,0,1,11.48,3,4,10,1,1,1,1,0,1,0.5924,0.8547,1,1,1,0,0
NCRB-SYNTH-108108,Trial Court,Sec 439 CrPC (Regular Bail),1,21,61,1,0,1,1,1,0,1,1,1,1,0.6953,1,123,1,0,1,1,1,1,1,0.7242,94,3.5484,183.12,1,1,1883748.25,0.1096,1,1,48.16,1,1,2,1,1,1,1,0,26,0.1422,0.0431,4,1,1,1,1
NCRB-SYNTH-108111,Trial Court,Sec 439 CrPC (Regular Bail),1,18,19,1,0,1,1,1,0,1,1,1,1,0.5545,1,168,0,0,1,1,1,1,1,0.5056,46,3.9666,285.26,1,1,543423.08,0.0842,1,1,11.71,1,1,10,1,1,1,1,0,4,0.1252,0.0778,5,1,1,1,0
NCRB-SYNTH-108115,Trial Court,Sec 482 CrPC (Quashing),4,25,32,1,0,1,1,1,1,1,1,1,1,0.8818,0,158,1,1,1,1,0,1,1,0.7439,110,5.0575,242.16,1,1,662390.9,0.0173,1,1,8.24,3,1,5,1,1,1,1,0,43,0.2976,0.0786,4,1,1,0,1
NCRB-SYNTH-108120,Trial Court,Sec 439 CrPC (Regular Bail),1,9,39,1,0,1,1,1,1,1,1,1,1,0.4765,1,92,1,1,1,1,1,1,1,0.6269,75,4.3572,255.54,1,1,4366107.59,0.19,0,1,6.52,1,4,7,1,1,1,1,0,7,0.13,0.0625,5,1,1,1,0
NCRB-SYNTH-108134,High Court,Sec 439 CrPC (Regular Bail),2,13,65,1,0,1,1,1,0,1,1,1,1,0.5045,1,128,0,0,1,1,0,0,1,0.5999,42,4.308,199.05,1,1,1616351.36,0.0287,1,1,22.14,3,2,6,0,1,0,0,1,11,0.2439,0.0982,5,1,1,0,0
NCRB-SYNTH-108137,High Court,Sec 439 CrPC (Regular Bail),15,17,69,1,0,1,1,1,0,1,1,1,1,0.5909,1,161,0,0,1,1,1,1,1,0.6027,148,6.5488,145.88,1,1,1058437.23,0.1837,1,1,5.18,3,1,3,1,1,1,1,0,6,0.0857,0.044,3,1,1,0,0
NCRB-SYNTH-108139,High Court,Sec 439 CrPC (Regular Bail),1,5,45,1,0,1,1,1,1,1,1,1,1,0.565,1,80,1,1,1,1,1,1,1,0.6492,115,3.3458,234.99,1,1,1237998.02,0.0454,1,1,4.76,4,3,5,1,1,0,0,1,4,0.1431,0.0889,5,1,1,0,0
NCRB-SYNTH-108144,Trial Court,Sec 439 CrPC (Regular Bail),21,19,98,1,0,1,1,1,0,1,1,1,1,0.4643,1,104,1,1,1,1,1,1,1,0.7103,85,5.7572,106.8,1,1,3077883.12,0.0831,1,1,5.53,2,3,8,1,1,0,0,1,23,0.1407,0.0443,4,1,1,0,0
NCRB-SYNTH-108151,High Court,Sec 439 CrPC (Regular Bail),1,19,90,1,0,1,1,1,1,1,1,1,1,0.6019,1,44,1,1,1,1,1,0,1,0.4228,83,7.0491,217.46,1,1,1776071.42,0.0502,1,1,3.02,2,1,10,1,1,1,1,0,8,0.1563,0.0712,5,1,1,0,1
NCRB-SYNTH-108158,Trial Court,Sec 439 CrPC (Regular Bail),2,16,18,1,0,1,1,1,0,1,1,1,1,0.5787,1,78,1,1,1,1,0,0,1,0.7386,141,4.0997,85.79,1,1,1739299.72,0.118,1,1,8.21,3,2,8,0,1,1,1,0,8,0.0813,0.037,5,1,1,1,0
NCRB-SYNTH-108159,Trial Court,Sec 439 CrPC (Regular Bail),2,22,21,1,0,1,1,1,0,1,1,1,1,0.9087,1,110,1,1,1,1,1,0,1,0.8158,45,4.7512,120.19,1,1,670477.52,0.0072,1,1,4.91,4,4,7,1,1,1,1,0,7,0.0904,0.0435,3,1,1,0,1
NCRB-SYNTH-108163,High Court,Sec 439 CrPC (Regular Bail),1,8,45,1,0,1,1,1,0,1,1,1,1,0.5611,0,79,1,1,1,0,0,1,1,0.6246,85,7.532,226.29,1,1,4302584.65,0.0407,0,1,5.05,1,1,2,1,1,0,0,1,10,0.0636,0.0265,5,1,1,0,0
NCRB-SYNTH-108164,High Court,Sec 439 CrPC (Regular Bail),2,24,66,1,0,1,1,1,1,1,1,1,1,0.553,1,178,1,1,1,1,1,0,1,0.7726,124,3.34,233.49,1,1,2701658.07,0.0126,1,1,13.38,3,4,3,0,1,1,1,0,9,0.1209,0.0525,5,1,1,1,0
NCRB-SYNTH-108165,Trial Court,Sec 482 CrPC (Quashing),1,23,56,1,0,1,1,1,0,1,1,1,1,0.6618,1,177,1,1,1,1,1,0,1,0.6162,63,2.8438,165.25,1,1,3463663.59,0.1335,1,1,4.19,3,3,2,1,1,1,1,0,4,0.0835,0.0519,3,1,1,0,1
NCRB-SYNTH-108166,Trial Court,Sec 482 CrPC (Quashing),2,19,31,1,0,1,1,1,0,1,1,1,1,0.6793,1,154,1,1,1,1,1,1,1,0.6932,137,7.5324,239.01,1,1,2460116.23,0.1652,0,1,6.76,5,3,5,1,1,0,0,1,3,0.8457,0.61,1,1,1,0,1
NCRB-SYNTH-108169,High Court,Sec 482 CrPC (Quashing),2,3,89,1,0,1,1,1,1,1,1,1,1,0.5205,1,136,1,1,1,1,1,1,1,0.7518,66,5.1299,234.96,1,1,395268.82,0.1404,1,1,35.06,3,3,8,1,1,1,1,0,11,0.1812,0.0729,5,1,1,0,0
NCRB-SYNTH-108173,Trial Court,Trial Judgment,1,19,94,1,0,1,1,1,0,1,1,1,1,0.9508,0,159,0,0,1,1,0,1,1,0.549,117,6.3012,90.02,1,1,1692887.88,0.1001,1,1,11.32,5,1,6,1,1,1,1,0,32,0.2223,0.0636,4,1,1,0,0
NCRB-SYNTH-108189,High Court,Sec 439 CrPC (Regular Bail),2,10,63,1,0,1,1,1,0,1,1,1,1,0.8148,1,171,1,1,1,0,1,1,1,0.6978,103,7.4758,121.99,1,1,1065802.15,0.1759,0,1,21.33,1,2,6,1,1,0,0,1,28,0.1989,0.0591,4,1,1,1,1
NCRB-SYNTH-108190,Supreme Court,Sec 439 CrPC (Regular Bail),1,21,53,1,0,1,1,1,1,1,1,1,1,0.893,1,30,1,0,1,0,1,1,1,0.6816,92,5.2143,187.89,1,1,1219035.12,0.1008,0,1,13.78,5,3,6,1,1,1,1,0,10,0.0777,0.0324,5,1,1,0,1
NCRB-SYNTH-108192,High Court,Sec 482 CrPC (Quashing),2,21,67,1,0,1,1,1,0,1,1,1,1,0.9005,1,109,1,1,1,1,0,1,1,0.5425,44,4.4011,51.42,1,1,528507.95,0.0363,0,1,16.7,1,2,5,1,1,1,1,0,8,0.2489,0.1133,5,1,1,1,1
NCRB-SYNTH-108195,Trial Court,Sec 482 CrPC (Quashing),1,7,15,1,0,1,1,1,0,1,1,1,1,0.9481,1,103,1,1,1,1,0,1,1,0.7892,65,7.8847,163.67,1,1,3382001.1,0.1872,1,1,7.74,5,3,8,1,1,1,1,0,10,0.1762,0.0735,5,1,1,1,1
NCRB-SYNTH-108202,High Court,Sec 439 CrPC (Regular Bail),1,15,84,1,0,1,1,1,0,1,1,1,1,0.564,0,75,0,0,1,1,0,0,1,0.6373,149,7.6896,151.0,1,1,2237212.81,0.0106,1,1,6.6,3,2,5,1,1,1,1,0,15,0.3053,0.1101,4,1,1,0,0
NCRB-SYNTH-108204,Trial Court,Sec 439 CrPC (Regular Bail),1,21,10,1,1,1,1,1,1,1,1,1,1,0.4827,0,149,1,1,1,1,1,0,1,0.9198,83,4.8305,241.52,1,1,663024.79,0.1348,1,1,32.01,2,3,3,1,1,0,0,1,6,0.1754,0.0901,3,1,1,0,0
NCRB-SYNTH-108215,Trial Court,Sec 482 CrPC (Quashing),1,8,36,1,0,1,1,1,1,1,1,1,1,0.84,1,58,1,0,1,0,0,1,1,0.6224,91,3.5009,136.06,1,1,927646.54,0.039,1,1,33.76,3,1,7,1,1,0,0,1,8,0.1565,0.0712,5,1,1,0,1
NCRB-SYNTH-108216,High Court,Sec 439 CrPC (Regular Bail),21,18,25,1,1,1,1,1,0,1,1,1,1,0.7739,1,47,0,0,1,1,0,0,1,0.7318,52,7.7233,122.56,1,1,1944538.81,0.0884,0,1,3.69,1,1,10,0,1,1,1,0,8,0.2198,0.1,3,1,1,0,0
NCRB-SYNTH-108227,Trial Court,Sec 439 CrPC (Regular Bail),1,22,79,1,0,1,1,1,0,1,1,1,1,0.5106,0,119,1,1,1,1,1,0,1,0.7873,46,5.3929,129.39,1,1,705781.08,0.0363,1,1,4.61,1,3,3,1,1,0,0,1,1,0.8124,1.1721,1,1,1,1,0
NCRB-SYNTH-108230,Trial Court,Sec 439 CrPC (Regular Bail),1,12,61,0,0,1,1,1,1,1,1,1,1,0.6988,1,29,1,0,1,0,1,1,1,0.5962,58,3.9414,88.63,1,1,677053.59,0.0332,0,1,5.82,3,2,2,1,1,1,1,0,4,0.2409,0.1497,3,1,1,1,1
NCRB-SYNTH-108232,High Court,Sec 439 CrPC (Regular Bail),2,18,9,1,0,1,1,1,0,1,1,1,1,0.7731,1,15,1,1,1,1,0,0,1,0.6674,109,4.9338,290.61,1,1,786431.77,0.0555,0,1,4.93,4,2,4,1,1,0,0,1,7,0.115,0.0553,3,1,1,1,1
NCRB-SYNTH-108236,High Court,Sec 439 CrPC (Regular Bail),1,5,32,1,0,1,1,1,0,1,1,1,1,0.4165,1,173,1,1,1,1,1,0,1,0.5725,130,7.5218,272.78,1,1,3294281.34,0.1766,0,1,16.1,1,4,5,1,1,1,1,0,5,0.183,0.1021,5,1,1,0,0
NCRB-SYNTH-108244,Trial Court,Sec 439 CrPC (Regular Bail),15,13,74,1,0,1,1,1,1,1,1,1,1,0.6653,1,46,0,1,1,0,0,1,1,0.8338,150,4.3863,249.16,1,1,2496395.1,0.0181,0,1,8.86,3,1,6,0,1,1,1,0,17,0.294,0.1017,4,1,1,0,0
NCRB-SYNTH-108255,Trial Court,Writ Petition (Detention),1,24,98,1,0,1,1,1,1,1,1,1,1,0.7346,1,175,0,1,1,1,1,0,1,0.5898,130,4.0107,179.97,1,1,2624091.59,0.0553,1,1,9.17,5,2,6,1,1,1,1,0,9,0.1668,0.0725,5,1,1,0,0
NCRB-SYNTH-108268,Trial Court,Sec 439 CrPC (Regular Bail),2,9,82,1,0,1,1,1,0,1,1,1,1,0.4231,1,62,1,1,1,1,0,1,1,0.7099,123,4.2295,296.32,1,1,1343927.29,0.1422,0,1,9.6,3,2,5,1,1,1,1,0,10,0.2175,0.0907,5,1,1,1,0
NCRB-SYNTH-108275,Trial Court,Sec 439 CrPC (Regular Bail),4,21,62,1,0,1,1,1,1,1,1,1,1,0.5561,0,75,1,1,1,1,0,1,1,0.6549,55,5.9353,265.71,1,1,1154039.89,0.0891,0,1,27.55,5,1,4,1,1,0,0,1,41,0.2079,0.0556,4,1,1,0,0
NCRB-SYNTH-108277,High Court,Sec 439 CrPC (Regular Bail),1,23,59,1,0,1,1,1,1,1,1,1,1,0.6454,0,119,0,0,1,1,0,1,1,0.748,50,5.3997,52.21,1,1,1929497.31,0.067,1,1,3.72,5,2,4,1,1,0,0,1,9,0.0757,0.0329,5,1,1,1,0
NCRB-SYNTH-108278,High Court,Sec 439 CrPC (Regular Bail),2,19,49,1,0,1,1,1,0,1,1,1,1,0.5628,1,68,1,1,1,0,1,0,1,0.7488,131,7.4556,93.61,1,1,1376779.22,0.1568,0,1,7.4,1,1,5,1,1,1,1,0,2,0.4976,0.4529,1,1,1,0,0
NCRB-SYNTH-108279,High Court,Sec 482 CrPC (Quashing),1,16,32,1,0,1,1,1,0,1,1,1,1,0.8794,1,68,0,0,1,1,0,0,1,0.5439,42,5.8162,248.37,1,1,2339747.48,0.1124,0,1,1.02,1,4,4,1,1,1,1,0,34,0.1778,0.05,4,1,1,0,0
NCRB-SYNTH-108287,Trial Court,Sec 439 CrPC (Regular Bail),1,24,50,1,0,1,1,1,0,1,1,1,1,0.6621,1,150,1,1,1,1,1,0,1,0.6134,96,5.747,97.47,1,1,3439391.27,0.0815,0,1,1.58,4,3,10,1,1,1,1,0,22,0.161,0.0513,4,1,1,1,1
NCRB-SYNTH-108290,Trial Court,Sec 439 CrPC (Regular Bail),1,12,29,1,0,1,1,1,0,1,1,1,1,0.5307,1,126,1,0,1,1,1,1,1,0.5331,65,5.9106,169.83,1,1,2296194.64,0.1455,0,1,3.41,4,4,5,0,1,1,1,0,3,0.4705,0.3394,1,1,1,0,0
NCRB-SYNTH-108309,Trial Court,Sec 439 CrPC (Regular Bail),1,14,25,1,0,1,1,1,1,1,1,1,1,0.6037,1,167,1,1,1,1,1,1,1,0.7766,87,4.3883,257.48,1,1,1876104.45,0.1804,1,1,16.36,5,3,3,1,1,0,0,1,7,0.1107,0.0532,5,1,1,0,1
NCRB-SYNTH-108310,Trial Court,Sec 439 CrPC (Regular Bail),1,11,85,0,0,1,1,1,0,1,1,1,1,0.3999,1,36,1,1,1,1,1,0,1,0.5399,128,3.0095,87.68,1,1,4417890.27,0.1362,0,1,10.28,3,4,2,0,1,1,1,0,45,0.1491,0.0389,4,1,1,0,0
NCRB-SYNTH-108311,Trial Court,Sec 439 CrPC (Regular Bail),4,20,38,1,0,1,1,1,1,1,1,1,1,0.5366,0,127,0,1,1,0,1,0,1,0.7622,91,3.8377,212.47,1,1,260963.84,0.1736,0,1,2.33,3,3,4,1,1,0,0,1,30,0.2271,0.0661,4,1,1,0,0
NCRB-SYNTH-108315,Trial Court,Sec 482 CrPC (Quashing),7,21,48,0,0,1,1,1,0,1,1,1,1,0.8701,1,144,1,1,1,1,1,1,1,0.7437,143,5.911,276.3,1,1,1145850.48,0.0815,1,1,23.77,3,3,7,1,1,1,1,0,9,0.0846,0.0367,5,1,1,1,1
NCRB-SYNTH-108320,Trial Court,Sec 439 CrPC (Regular Bail),7,10,93,1,0,1,1,1,1,1,1,1,1,0.5304,1,82,1,1,1,0,1,0,1,0.5677,85,4.5833,188.51,1,1,1103300.49,0.0173,1,1,5.18,3,4,2,0,1,1,1,0,10,0.1283,0.0535,3,1,1,0,0
NCRB-SYNTH-108324,High Court,Writ Petition (Detention),1,7,25,0,0,1,1,1,1,1,1,1,1,0.5349,1,113,0,0,1,1,1,0,1,0.6432,80,7.63,179.64,1,1,2577195.38,0.1623,1,1,9.55,2,1,6,0,1,1,1,0,3,0.8618,0.6217,1,1,1,1,0
NCRB-SYNTH-108330,High Court,Sec 482 CrPC (Quashing),1,23,40,1,0,1,1,1,0,1,1,1,1,0.5485,1,79,1,1,1,1,0,0,1,0.8751,148,3.2873,248.88,1,1,2218429.16,0.0369,1,1,8.94,4,2,10,0,1,0,0,1,7,0.1665,0.0801,5,1,1,0,0
NCRB-SYNTH-108334,High Court,Sec 482 CrPC (Quashing),21,12,57,1,0,1,1,1,0,1,1,1,1,0.7277,1,19,1,0,1,1,1,0,1,0.7669,100,3.4905,118.55,1,1,605545.33,0.0663,0,1,2.75,1,4,6,1,1,1,1,0,11,0.0939,0.0378,5,1,1,0,1
NCRB-SYNTH-108336,Trial Court,Writ Petition (Detention),2,20,100,1,0,1,1,1,0,1,1,1,1,0.5689,1,13,0,0,1,1,0,0,1,0.7244,75,7.7954,163.33,1,1,3829457.01,0.0527,1,1,7.43,3,1,9,0,1,1,1,0,5,0.1753,0.0978,5,1,1,0,0
NCRB-SYNTH-108338,High Court,Sec 439 CrPC (Regular Bail),2,25,99,1,0,1,1,1,0,1,1,1,1,0.5453,0,161,0,0,1,0,1,1,1,0.6252,126,4.6813,289.6,1,1,2428599.83,0.1241,0,1,4.04,1,1,2,1,1,1,1,0,8,0.1332,0.0606,3,1,1,0,0
NCRB-SYNTH-108339,Supreme Court,Trial Judgment,4,4,88,1,0,1,1,1,0,1,1,1,1,0.6994,1,98,1,1,1,0,0,1,1,0.5469,65,4.1676,253.27,1,1,2332385.81,0.0052,0,1,6.34,1,3,5,1,1,1,1,0,5,0.0883,0.0493,5,1,1,0,1
NCRB-SYNTH-108344,Trial Court,Sec 482 CrPC (Quashing),1,22,88,0,0,1,1,1,0,1,1,1,1,0.8119,1,113,1,1,1,1,1,0,1,0.5711,65,7.4851,115.12,1,1,1138856.48,0.1785,1,1,6.93,4,4,10,1,1,1,1,0,6,0.1905,0.0979,5,1,1,0,1
NCRB-SYNTH-108349,High Court,Sec 439 CrPC (Regular Bail),15,18,52,1,0,1,1,1,0,1,1,1,1,0.8216,0,112,1,0,1,0,1,1,1,0.6677,116,6.9563,158.02,1,1,4202637.11,0.1863,1,1,13.23,5,1,2,1,1,1,1,0,11,0.1146,0.0461,3,1,1,1,1
NCRB-SYNTH-108354,High Court,Sec 482 CrPC (Quashing),2,21,5,1,0,1,1,1,1,1,1,1,1,0.4967,1,140,1,1,1,1,0,1,1,0.6774,78,5.8516,66.93,1,1,3548468.58,0.1705,1,1,2.9,5,2,7,0,1,0,0,1,1,0.7649,1.1036,1,1,1,0,0
NCRB-SYNTH-108358,High Court,Sec 439 CrPC (Regular Bail),1,20,6,1,0,1,1,1,1,1,1,1,1,0.5289,1,172,1,1,1,1,0,0,1,0.5416,73,6.0044,72.56,1,1,2269046.06,0.1795,0,1,12.89,2,3,5,1,1,1,1,0,6,0.0614,0.0315,3,1,1,0,0
NCRB-SYNTH-108364,Trial Court,Sec 439 CrPC (Regular Bail),1,22,41,1,0,1,1,1,0,1,1,1,1,0.7056,1,68,1,1,1,1,1,0,1,0.6199,150,3.5928,254.27,1,1,3463216.2,0.1925,1,1,4.55,5,2,10,1,1,1,1,0,26,0.0972,0.0295,4,1,1,0,1
NCRB-SYNTH-108365,Trial Court,Trial Judgment,1,5,98,1,1,1,1,1,1,1,1,1,1,0.7699,1,177,1,1,1,0,0,1,1,0.5406,64,3.8763,45.87,1,1,1530305.92,0.0841,0,1,44.11,2,4,6,1,1,1,1,0,9,0.1019,0.0443,5,1,1,0,1
NCRB-SYNTH-108367,High Court,Sec 482 CrPC (Quashing),1,13,48,1,0,1,1,1,0,1,1,1,1,0.6085,1,133,1,1,1,0,1,0,1,0.6049,127,4.9112,298.96,1,1,3106433.57,0.0151,0,1,21.6,4,1,6,1,1,1,1,0,8,0.2409,0.1096,3,1,1,1,1
NCRB-SYNTH-108372,Trial Court,Sec 439 CrPC (Regular Bail),2,12,36,1,0,1,1,1,1,1,1,1,1,0.5548,1,52,1,0,1,1,1,1,1,0.66,149,5.7285,117.59,1,1,3932622.45,0.1942,1,1,11.17,2,3,6,0,1,1,1,0,24,0.1092,0.0339,4,1,1,0,0
NCRB-SYNTH-108373,High Court,Writ Petition (Detention),1,12,60,1,0,1,1,1,0,1,1,1,1,0.5289,1,53,1,0,1,1,1,1,1,0.6418,94,4.9778,297.46,1,1,1622087.0,0.0985,0,1,7.48,2,4,9,1,1,1,1,0,29,0.1481,0.0436,4,1,1,1,0
NCRB-SYNTH-108376,High Court,Sec 439 CrPC (Regular Bail),1,12,68,1,0,1,1,1,0,1,1,1,1,0.4996,0,162,1,1,1,0,0,0,1,0.7352,141,4.1868,97.18,1,1,4184525.65,0.004,1,1,7.53,2,1,10,1,1,1,1,0,3,0.4831,0.3485,1,1,1,0,0
NCRB-SYNTH-108380,Trial Court,Trial Judgment,1,25,34,1,0,1,1,1,0,1,1,1,1,0.8827,0,126,1,1,1,0,1,0,1,0.4437,133,6.7622,239.37,1,1,2894920.87,0.0945,0,1,1.71,1,4,7,1,1,1,1,0,32,0.0871,0.0249,4,1,1,1,1
NCRB-SYNTH-108381,High Court,Sec 439 CrPC (Regular Bail),1,3,42,1,0,1,1,1,1,1,1,1,1,0.5248,1,168,1,1,1,1,0,0,1,0.3959,93,6.5334,166.01,1,1,4307727.51,0.0257,1,1,18.78,5,2,9,1,1,0,0,1,8,0.1041,0.0474,5,1,1,0,0
NCRB-SYNTH-108386,High Court,Sec 439 CrPC (Regular Bail),2,21,82,1,0,1,1,1,0,1,1,1,1,0.773,1,59,1,0,1,0,0,1,1,0.7323,112,5.8701,234.14,1,1,1763430.19,0.1933,0,1,2.72,5,3,5,1,1,1,1,0,28,0.0936,0.0278,4,1,1,0,1
NCRB-SYNTH-108398,Trial Court,Sec 439 CrPC (Regular Bail),1,16,49,0,0,1,1,1,0,1,1,1,1,0.8548,1,145,1,1,1,0,1,1,1,0.9295,44,6.6663,227.65,1,1,2116206.78,0.1367,1,1,16.29,1,3,8,1,1,0,0,1,21,0.2383,0.0771,4,1,1,0,1
NCRB-SYNTH-108401,Trial Court,Sec 439 CrPC (Regular Bail),1,3,66,0,0,1,1,1,0,1,1,1,1,0.8645,0,47,1,1,1,1,1,1,1,0.7266,141,7.3296,91.27,1,1,2098037.22,0.0623,1,1,7.38,3,4,3,1,1,1,1,0,4,0.2146,0.1333,5,1,1,0,1
NCRB-SYNTH-108404,High Court,Sec 439 CrPC (Regular Bail),2,20,11,1,0,1,1,1,0,1,1,1,1,0.4512,1,123,1,1,1,1,1,1,1,0.6722,111,7.696,90.41,1,1,4264785.81,0.0283,1,1,16.3,5,4,3,1,1,1,1,0,1,0.8811,1.2711,1,1,1,1,0
NCRB-SYNTH-108405,High Court,Sec 482 CrPC (Quashing),2,8,85,1,0,1,1,1,0,1,1,1,1,0.9171,1,96,0,0,1,1,0,1,1,0.6136,84,6.8573,168.64,1,1,3340379.37,0.0405,0,1,2.8,1,4,8,1,1,0,0,1,8,0.2059,0.0937,5,1,1,0,0
NCRB-SYNTH-108409,Trial Court,Sec 439 CrPC (Regular Bail),4,21,31,1,0,1,1,1,1,1,1,1,1,0.8803,0,23,0,1,1,1,1,1,1,0.7684,49,5.264,160.73,1,1,1766106.99,0.0647,1,1,11.73,5,1,10,1,1,1,1,0,6,0.1736,0.0892,3,1,1,1,0
NCRB-SYNTH-108410,Trial Court,Sec 482 CrPC (Quashing),7,14,27,1,0,1,1,1,1,1,1,1,1,0.5895,0,124,1,1,1,1,1,0,1,0.6734,95,5.0957,126.95,1,1,2933718.88,0.1493,1,1,4.78,1,2,3,0,1,1,1,0,6,0.1718,0.0883,5,1,1,0,0
NCRB-SYNTH-108411,High Court,Writ Petition (Detention),1,20,36,1,0,1,1,1,0,1,1,1,1,0.6142,1,91,1,1,1,1,1,0,1,0.6038,67,4.6837,257.37,1,1,1358882.26,0.1932,0,1,8.12,2,1,2,1,1,1,1,0,19,0.2253,0.0752,4,1,1,1,1
NCRB-SYNTH-108413,High Court,Sec 482 CrPC (Quashing),7,5,6,1,0,1,1,1,1,1,1,1,1,0.8049,1,75,1,1,1,1,1,1,1,0.4935,138,4.562,212.76,1,1,4420257.34,0.1073,0,1,1.95,1,3,9,1,1,1,1,0,12,0.1701,0.0663,4,1,1,0,1
NCRB-SYNTH-108414,Trial Court,Sec 439 CrPC (Regular Bail),1,13,79,1,0,1,1,1,0,1,1,1,1,0.6314,1,92,1,0,1,1,0,1,1,0.6089,71,3.2276,136.14,1,1,3553336.48,0.0335,1,1,8.77,4,3,9,0,1,1,1,0,14,0.2481,0.0916,4,1,1,0,1
NCRB-SYNTH-108437,High Court,Sec 439 CrPC (Regular Bail),27,23,65,1,0,1,1,1,1,1,1,1,1,0.4327,0,62,1,1,1,1,0,1,1,0.6734,53,3.894,161.74,1,1,4009693.44,0.082,1,1,1.38,2,3,7,1,1,1,1,0,8,0.0715,0.0325,3,1,1,1,0
NCRB-SYNTH-108440,Trial Court,Sec 482 CrPC (Quashing),1,23,38,1,0,1,1,1,0,1,1,1,1,0.4565,1,26,1,1,1,1,1,1,1,0.7172,128,7.3708,222.01,1,1,754707.01,0.0632,0,1,2.03,2,2,7,0,1,1,1,0,4,0.2025,0.1258,3,1,1,1,0
NCRB-SYNTH-108444,Trial Court,Sec 439 CrPC (Regular Bail),1,11,11,1,0,1,1,1,0,1,1,1,1,0.8819,1,165,0,0,1,0,1,1,1,0.6514,118,5.6043,50.79,1,1,1570038.41,0.0813,0,1,15.89,4,2,3,1,1,1,1,0,39,0.2954,0.0801,4,1,1,0,0
NCRB-SYNTH-108454,High Court,Sec 439 CrPC (Regular Bail),1,23,93,1,0,1,1,1,0,1,1,1,1,0.786,1,25,0,0,1,0,1,1,1,0.6819,103,6.4506,86.14,1,1,758163.31,0.0632,0,1,26.58,1,1,3,1,1,1,1,0,24,0.1798,0.0559,4,1,1,0,0
NCRB-SYNTH-108458,Trial Court,Trial Judgment,2,9,6,0,0,1,1,1,0,1,1,1,1,0.741,1,89,1,1,1,1,0,1,1,0.5367,87,5.1927,263.61,1,1,770000.04,0.1094,1,1,3.45,2,1,10,0,1,1,1,0,6,0.1056,0.0543,3,1,1,0,1
NCRB-SYNTH-108467,High Court,Sec 439 CrPC (Regular Bail),2,10,85,1,0,1,1,1,0,1,1,1,1,0.6333,1,37,1,1,1,1,1,0,1,1.0,77,3.5724,253.52,1,1,1507776.33,0.1434,0,1,5.69,4,1,5,1,1,0,0,1,11,0.1551,0.0624,3,1,1,1,1
NCRB-SYNTH-108468,Trial Court,Sec 439 CrPC (Regular Bail),1,4,33,1,0,1,1,1,0,1,1,1,1,0.7686,0,29,1,1,1,1,0,1,1,0.7873,111,6.1423,160.53,1,1,1530947.24,0.0798,1,1,1.27,2,4,9,1,1,1,1,0,2,0.7503,0.6829,1,1,1,0,1
NCRB-SYNTH-108473,High Court,Sec 439 CrPC (Regular Bail),1,5,86,1,0,1,1,1,1,1,1,1,1,0.3597,1,31,1,0,1,1,0,1,1,0.7274,100,3.2411,283.73,1,1,1081433.92,0.1567,0,1,9.79,2,4,9,1,1,0,0,1,7,0.1624,0.0781,3,1,1,1,0
NCRB-SYNTH-108488,Trial Court,Sec 482 CrPC (Quashing),15,14,90,1,0,1,1,1,0,1,1,1,1,0.6722,1,157,0,0,1,1,0,0,1,0.5086,49,5.0024,253.08,1,1,438833.58,0.1893,1,1,26.51,1,3,4,0,1,1,1,0,6,0.1711,0.0879,5,1,1,0,0
NCRB-SYNTH-108493,Trial Court,Sec 439 CrPC (Regular Bail),2,20,29,1,1,1,1,1,0,1,1,1,1,0.6347,1,67,1,0,1,0,1,0,1,0.6894,73,7.5874,227.56,1,1,2283827.46,0.0547,1,1,16.53,5,3,5,1,1,1,1,0,37,0.2164,0.0595,4,1,1,0,1
NCRB-SYNTH-108501,High Court,Sec 439 CrPC (Regular Bail),1,4,88,1,0,1,1,1,0,1,1,1,1,0.603,0,110,1,1,1,1,1,1,1,0.5846,125,3.4245,285.65,1,1,3935665.31,0.0778,1,1,11.66,2,1,6,1,1,1,1,0,7,0.2204,0.106,5,1,1,0,1
NCRB-SYNTH-108519,Trial Court,Writ Petition (Detention),21,6,19,1,0,1,1,1,0,1,1,1,1,0.4691,0,83,1,1,1,0,0,1,1,0.7923,83,3.8239,92.7,1,1,974959.91,0.1122,1,1,3.38,4,1,10,1,1,0,0,1,9,0.1608,0.0698,3,1,1,0,0
NCRB-SYNTH-108521,High Court,Sec 482 CrPC (Quashing),1,22,61,1,0,1,1,1,0,1,1,1,1,0.7274,1,152,1,1,1,1,1,0,1,0.4636,65,7.1846,121.55,1,1,1930509.78,0.0564,1,1,35.54,3,3,6,0,1,1,1,0,9,0.08,0.0347,5,1,1,0,1
NCRB-SYNTH-108522,High Court,Sec 439 CrPC (Regular Bail),1,6,19,1,0,1,1,1,0,1,1,1,1,0.6975,0,87,1,1,1,1,1,0,1,0.5943,60,3.7113,229.8,1,1,3290922.6,0.1947,1,1,3.68,5,1,2,1,1,1,1,0,4,0.1171,0.0728,3,1,1,0,1
NCRB-SYNTH-108524,High Court,Sec 482 CrPC (Quashing),1,10,60,1,0,1,1,1,0,1,1,1,1,0.9156,1,65,1,1,1,0,1,0,1,0.7084,55,6.7487,179.73,1,1,690894.41,0.1828,1,1,7.85,2,2,4,1,1,1,1,0,35,0.3014,0.0841,4,1,1,0,1
NCRB-SYNTH-108525,High Court,Sec 482 CrPC (Quashing),1,9,86,1,0,1,1,1,1,1,1,1,1,0.4421,1,79,1,1,1,1,0,1,1,0.739,45,6.7048,108.54,1,1,3412390.05,0.1777,1,1,6.02,5,4,7,1,1,0,0,1,35,0.1222,0.0341,4,1,1,0,0
NCRB-SYNTH-108527,High Court,Sec 439 CrPC (Regular Bail),2,22,41,1,0,1,1,1,0,1,1,1,1,0.4843,1,18,1,0,1,1,0,1,1,0.7145,85,7.7479,284.24,1,1,398919.14,0.1937,1,1,4.06,4,2,4,1,1,1,1,0,4,0.0579,0.036,3,1,1,1,0
NCRB-SYNTH-108535,High Court,Sec 439 CrPC (Regular Bail),21,12,7,1,0,1,1,1,0,1,1,1,1,0.5784,0,13,1,1,1,1,1,0,1,0.7547,85,6.7332,184.73,1,1,1777704.51,0.0603,0,1,28.15,4,2,3,1,1,1,1,0,7,0.1293,0.0622,5,1,1,0,0
NCRB-SYNTH-108539,High Court,Sec 439 CrPC (Regular Bail),2,23,53,1,0,1,1,1,1,1,1,1,1,0.5863,1,174,1,0,1,1,1,1,1,0.7862,74,5.8338,230.07,1,1,1273828.12,0.1536,0,1,3.33,2,2,8,0,1,1,1,0,9,0.2429,0.1055,5,1,1,0,0
NCRB-SYNTH-108545,High Court,Sec 439 CrPC (Regular Bail),15,3,58,1,0,1,1,1,1,1,1,1,1,0.4417,1,114,1,1,1,1,1,1,1,0.6159,98,6.2706,282.13,1,1,3584088.02,0.0597,0,1,17.14,4,4,9,1,1,1,1,0,7,0.2481,0.1193,3,1,1,1,0
NCRB-SYNTH-108546,Trial Court,Sec 439 CrPC (Regular Bail),1,6,25,1,0,1,1,1,0,1,1,1,1,0.7999,1,107,1,0,1,1,0,1,1,0.6681,45,5.0586,88.88,1,1,2810168.62,0.1792,1,1,6.49,3,2,5,0,1,1,1,0,10,0.21,0.0876,5,1,1,1,1
NCRB-SYNTH-108548,High Court,Sec 439 CrPC (Regular Bail),1,4,8,0,0,1,1,1,1,1,1,1,1,0.5756,1,34,0,1,1,1,0,0,1,0.6956,132,7.135,246.73,1,1,2292910.8,0.1077,0,1,13.11,1,3,8,1,1,1,1,0,3,0.5972,0.4308,1,1,1,1,0
NCRB-SYNTH-108549,Trial Court,Sec 482 CrPC (Quashing),2,10,5,1,0,1,1,1,1,1,1,1,1,0.7752,1,132,0,0,1,1,1,1,1,0.7861,95,4.5156,274.99,1,1,3389873.62,0.1831,0,1,13.0,3,4,7,1,1,1,1,0,8,0.1793,0.0816,5,1,1,0,0
NCRB-SYNTH-108554,Trial Court,Sec 482 CrPC (Quashing),1,19,8,1,0,1,1,1,1,1,1,1,1,0.7255,1,174,0,0,1,1,1,1,1,0.7329,129,6.0468,70.16,1,1,1307833.28,0.1722,0,1,1.16,5,2,10,1,1,1,1,0,5,0.0937,0.0523,5,1,1,0,0
NCRB-SYNTH-108555,Trial Court,Sec 439 CrPC (Regular Bail),2,16,59,1,0,1,1,1,0,1,1,1,1,0.6676,1,33,1,1,1,1,1,1,1,0.6773,112,7.9185,299.87,1,1,1593100.4,0.1027,1,1,27.4,2,3,9,0,1,1,1,0,42,0.2966,0.0788,4,1,1,0,1
NCRB-SYNTH-108565,High Court,Sec 439 CrPC (Regular Bail),1,22,26,1,0,1,1,1,1,1,1,1,1,0.9165,1,65,0,0,1,0,1,0,1,0.5956,83,6.1303,111.23,1,1,2437637.89,0.1682,1,1,8.73,2,1,8,1,1,1,1,0,5,0.1339,0.0748,5,1,1,1,0
NCRB-SYNTH-108566,High Court,Sec 439 CrPC (Regular Bail),1,25,27,1,0,1,1,1,0,1,1,1,1,0.6084,1,90,0,0,1,1,1,0,1,0.7482,92,5.9847,290.18,1,1,2254091.79,0.1225,1,1,1.27,1,4,2,1,1,1,1,0,6,0.2128,0.1094,5,1,1,0,0
NCRB-SYNTH-108569,High Court,Sec 439 CrPC (Regular Bail),2,7,89,1,0,1,1,1,0,1,1,1,1,0.8717,1,132,1,1,1,0,1,1,1,0.7661,109,3.4344,267.94,1,1,1174055.34,0.1873,1,1,5.27,1,1,5,1,1,1,1,0,35,0.2019,0.0564,4,1,1,0,1
NCRB-SYNTH-108571,Trial Court,Sec 482 CrPC (Quashing),1,10,82,1,0,1,1,1,0,1,1,1,1,0.8908,1,61,1,1,1,1,1,1,1,0.7932,70,4.1046,237.11,1,1,3157392.11,0.0093,0,1,2.94,2,3,7,1,1,1,1,0,19,0.2418,0.0807,4,1,1,0,1
NCRB-SYNTH-108572,Trial Court,Sec 439 CrPC (Regular Bail),1,12,12,1,0,1,1,1,1,1,1,1,1,0.4772,1,52,0,0,1,1,0,1,1,0.6843,62,4.8026,105.49,1,1,2641681.6,0.0299,0,1,1.84,1,1,8,0,1,1,1,0,10,0.19,0.0792,5,1,1,0,0
NCRB-SYNTH-108585,High Court,Sec 439 CrPC (Regular Bail),1,21,84,1,0,1,1,1,0,1,1,1,1,0.6354,1,43,0,1,1,1,1,0,1,0.652,100,5.7733,115.85,1,1,2980767.62,0.0438,0,1,2.54,1,4,4,1,1,1,1,0,7,0.103,0.0495,5,1,1,0,0
NCRB-SYNTH-108586,Trial Court,Sec 439 CrPC (Regular Bail),1,19,92,1,0,1,1,1,0,1,1,1,1,0.894,0,19,1,0,1,1,0,1,1,0.3419,95,7.8948,197.32,1,1,3783380.78,0.0937,0,1,7.5,4,1,8,0,1,0,0,1,9,0.2253,0.0979,3,1,1,1,1
NCRB-SYNTH-108589,Trial Court,Sec 439 CrPC (Regular Bail),2,20,94,1,0,1,1,1,0,1,1,1,1,0.5913,1,119,1,1,1,0,1,1,1,0.6447,41,5.7449,181.34,1,1,1131976.25,0.133,1,1,13.15,5,1,8,1,1,1,1,0,41,0.2778,0.0743,4,1,1,1,0
NCRB-SYNTH-108593,Trial Court,Trial Judgment,1,15,29,1,0,1,1,1,1,1,1,1,1,0.71,1,92,1,0,1,0,0,0,1,0.7254,47,4.4326,167.09,1,1,1471163.93,0.1393,0,1,3.1,4,3,8,1,1,1,1,0,10,0.1451,0.0605,3,1,1,0,1
NCRB-SYNTH-108596,High Court,Sec 439 CrPC (Regular Bail),1,3,94,1,0,1,1,1,1,1,1,1,1,0.704,1,152,1,1,1,1,1,0,1,0.6654,57,5.2098,155.2,1,1,3628966.09,0.0061,1,1,12.22,3,4,10,0,1,1,1,0,30,0.2245,0.0654,4,1,1,1,1
NCRB-SYNTH-108597,Trial Court,Trial Judgment,1,22,30,0,0,1,1,1,0,1,1,1,1,0.4035,1,66,1,0,1,0,1,1,1,0.5615,131,3.2458,168.34,1,1,3079244.76,0.1676,1,1,20.71,2,2,5,0,1,1,1,0,7,0.051,0.0245,3,1,1,0,0
NCRB-SYNTH-108599,Trial Court,Writ Petition (Detention),4,9,34,1,0,1,1,1,1,1,1,1,1,0.5724,1,45,1,1,1,1,1,0,1,0.921,117,6.1578,299.9,1,1,3091393.93,0.1448,1,1,36.07,2,1,6,1,1,1,1,0,1,0.7121,1.0274,1,1,1,0,0
NCRB-SYNTH-108601,High Court,Sec 482 CrPC (Quashing),1,15,70,1,0,1,1,1,0,1,1,1,1,0.5868,0,159,0,0,1,1,0,1,1,0.6203,49,3.3768,220.24,1,1,2500972.69,0.0879,1,1,1.09,1,1,4,1,1,1,1,0,12,0.2442,0.0952,4,1,1,1,0
NCRB-SYNTH-108605,Trial Court,Writ Petition (Detention),1,9,77,1,0,1,1,1,0,1,1,1,1,0.8642,1,15,1,1,1,1,1,0,1,0.8499,68,7.6515,203.11,1,1,1941893.82,0.0932,0,1,36.65,1,4,10,1,1,1,1,0,6,0.2246,0.1154,5,1,1,0,1
NCRB-SYNTH-108606,High Court,Sec 482 CrPC (Quashing),1,8,43,1,0,1,1,1,0,1,1,1,1,0.6237,1,32,1,1,1,0,1,1,1,0.827,78,3.547,154.38,1,1,2190054.17,0.0702,0,1,7.18,2,2,3,1,1,1,1,0,7,0.1039,0.0499,5,1,1,0,1
NCRB-SYNTH-108611,Trial Court,Sec 439 CrPC (Regular Bail),1,10,15,1,0,1,1,1,0,1,1,1,1,0.9375,0,63,1,1,1,0,1,1,1,0.7596,102,3.2568,219.35,1,1,2794741.26,0.1734,1,1,28.05,2,2,3,1,1,0,0,1,10,0.1416,0.059,3,1,1,0,1
NCRB-SYNTH-108623,Trial Court,Sec 439 CrPC (Regular Bail),15,18,83,1,0,1,1,1,0,1,1,1,1,0.5993,1,140,1,1,1,1,0,0,1,0.5585,139,4.5793,91.75,1,1,2561375.46,0.1701,1,1,7.81,3,3,2,1,1,1,1,0,9,0.1459,0.0633,5,1,1,1,0
NCRB-SYNTH-108634,High Court,Sec 439 CrPC (Regular Bail),4,14,54,1,0,1,1,1,0,1,1,1,1,0.9206,1,168,0,0,1,1,0,1,1,0.9209,75,7.8971,253.89,1,1,2170528.25,0.1936,1,1,10.36,2,1,3,1,1,1,1,0,7,0.2282,0.1098,5,1,1,0,0
NCRB-SYNTH-108638,High Court,Trial Judgment,15,12,20,1,0,1,1,1,0,1,1,1,1,0.8174,1,163,1,1,1,1,1,1,1,0.641,112,7.4385,155.42,1,1,995237.55,0.156,0,1,2.13,3,4,6,1,1,1,1,0,9,0.1423,0.0618,5,1,1,0,1
NCRB-SYNTH-108642,High Court,Trial Judgment,1,13,36,1,0,1,1,1,0,1,1,1,1,0.5858,1,141,0,0,1,1,1,1,1,0.6673,123,3.1095,231.68,1,1,4186485.84,0.0107,0,1,22.05,5,2,4,1,1,1,1,0,23,0.1875,0.059,4,1,1,0,0
NCRB-SYNTH-108645,High Court,Sec 482 CrPC (Quashing),1,19,86,1,0,1,1,1,0,1,1,1,1,0.7363,1,63,1,1,1,1,0,1,1,0.5942,72,3.1398,176.59,1,1,1002235.82,0.0013,1,1,7.77,2,2,4,1,1,1,1,0,4,0.0916,0.0569,5,1,1,0,1
NCRB-SYNTH-108646,Trial Court,Sec 439 CrPC (Regular Bail),1,13,49,1,0,1,1,1,0,1,1,1,1,0.4935,1,17,1,1,1,1,0,1,1,0.518,51,4.8061,142.4,1,1,3533715.34,0.047,1,1,5.73,2,1,6,1,1,1,1,0,2,0.9152,0.8331,1,1,1,0,0
NCRB-SYNTH-108647,Trial Court,Sec 439 CrPC (Regular Bail),2,17,89,1,0,1,1,1,0,1,1,1,1,0.9696,0,114,1,1,1,1,1,1,1,0.6831,143,3.3831,257.81,1,1,3576624.8,0.0739,1,1,6.48,3,2,6,0,1,1,1,0,18,0.1785,0.0606,4,1,1,0,1
NCRB-SYNTH-108652,Trial Court,Sec 439 CrPC (Regular Bail),7,6,75,1,0,1,1,1,1,1,1,1,1,0.5767,1,153,1,1,1,1,1,1,1,0.8315,75,5.1597,48.69,1,1,2633062.05,0.0022,1,1,11.99,4,4,10,1,1,1,1,0,2,0.5925,0.5393,1,1,1,1,0
NCRB-SYNTH-108655,High Court,Sec 439 CrPC (Regular Bail),45,17,9,1,0,1,1,1,0,1,1,1,1,0.8485,1,154,0,0,1,1,1,1,1,0.5115,120,5.9224,250.22,1,1,2036876.46,0.0436,1,1,9.31,3,1,6,1,1,1,1,0,34,0.2335,0.0657,4,1,1,0,0
NCRB-SYNTH-108656,High Court,Writ Petition (Detention),1,16,48,1,0,1,1,1,0,1,1,1,1,0.969,0,28,0,0,1,0,0,1,1,0.5593,93,5.0727,124.86,1,1,3649155.74,0.0392,1,1,14.69,4,2,3,0,1,1,1,0,15,0.0983,0.0354,4,1,1,1,0
NCRB-SYNTH-108657,Supreme Court,Sec 439 CrPC (Regular Bail),1,11,45,0,0,1,1,1,0,1,1,1,1,0.4705,1,81,1,1,1,1,1,0,1,0.6088,107,3.678,103.9,1,1,708336.9,0.1778,0,1,3.76,4,1,7,0,1,1,1,0,11,0.1351,0.0544,3,1,1,0,0
NCRB-SYNTH-108661,Trial Court,Sec 439 CrPC (Regular Bail),1,18,99,1,0,1,1,1,0,1,1,1,1,0.4669,1,57,1,1,1,1,0,1,1,0.6935,76,5.1256,144.92,1,1,4311100.83,0.1752,0,1,3.05,4,4,3,1,1,1,1,0,10,0.1064,0.0444,3,1,1,0,0
NCRB-SYNTH-108662,High Court,Sec 439 CrPC (Regular Bail),1,3,89,1,0,1,1,1,0,1,1,1,1,0.6063,1,121,1,0,1,1,1,0,1,0.7821,120,5.9119,176.44,1,1,2029480.3,0.0797,0,1,16.29,5,2,7,0,1,1,1,0,33,0.1796,0.0509,4,1,1,0,1
NCRB-SYNTH-108664,High Court,Trial Judgment,1,5,71,1,0,1,1,1,1,1,1,1,1,0.5654,1,145,1,1,1,0,0,0,1,0.7394,81,4.9952,105.36,1,1,4032743.08,0.1506,0,1,6.86,1,1,2,1,1,1,1,0,16,0.0831,0.0293,4,1,1,1,0
NCRB-SYNTH-108673,High Court,Sec 439 CrPC (Regular Bail),1,21,26,0,0,1,1,1,0,1,1,1,1,0.501,1,94,0,0,1,0,1,0,1,0.6402,72,3.5926,87.11,1,1,2566362.74,0.0741,1,1,1.72,4,2,5,1,1,1,1,0,29,0.1291,0.038,4,1,1,0,0
NCRB-SYNTH-108679,High Court,Writ Petition (Detention),1,6,93,1,0,1,1,1,0,1,1,1,1,0.5447,1,62,1,1,1,1,1,0,1,0.8732,57,5.075,256.97,1,1,2712727.26,0.0347,1,1,20.54,4,4,9,0,1,1,1,0,10,0.0554,0.0231,5,1,1,0,0
NCRB-SYNTH-108691,High Court,Sec 482 CrPC (Quashing),2,16,54,1,0,1,1,1,0,1,1,1,1,0.8101,0,116,0,1,1,0,1,1,1,0.8691,110,4.2785,238.36,1,1,3190825.77,0.0753,1,1,26.12,1,1,9,0,1,0,0,1,7,0.147,0.0707,3,1,1,0,0
NCRB-SYNTH-108695,Trial Court,Sec 439 CrPC (Regular Bail),1,20,88,1,0,1,1,1,0,1,1,1,1,0.8754,1,147,0,0,1,1,1,1,1,0.7363,133,7.8205,216.37,1,1,366992.33,0.1999,0,1,8.39,4,1,2,1,1,1,1,0,38,0.216,0.059,4,1,1,0,0
NCRB-SYNTH-108699,Trial Court,Sec 482 CrPC (Quashing),4,17,98,0,1,1,1,1,0,1,1,1,1,0.7095,1,93,1,1,1,1,0,0,1,0.6499,130,6.908,199.17,1,1,3577838.91,0.0957,0,1,12.4,3,1,2,0,1,1,1,0,35,0.1836,0.0512,4,1,1,0,1
NCRB-SYNTH-108706,Trial Court,Sec 439 CrPC (Regular Bail),1,5,17,0,0,1,1,1,0,1,1,1,1,0.7058,1,69,1,1,1,1,1,0,1,0.6759,58,3.9921,84.58,1,1,4343647.68,0.1057,1,1,3.2,2,4,4,1,1,1,1,0,11,0.1878,0.0756,5,1,1,0,1
NCRB-SYNTH-108708,Trial Court,Sec 482 CrPC (Quashing),4,20,55,1,0,1,1,1,0,1,1,1,1,0.9752,1,164,1,0,1,1,0,1,1,0.6015,124,7.0797,52.43,1,1,2407981.68,0.1736,0,1,27.13,2,1,7,0,1,1,1,0,8,0.103,0.0469,3,1,1,0,1
NCRB-SYNTH-108714,Trial Court,Trial Judgment,2,11,52,1,0,1,1,1,0,1,1,1,1,0.6784,0,44,1,1,1,1,1,1,1,0.4475,44,7.9975,112.03,1,1,2390206.69,0.1278,0,1,13.56,3,4,7,1,1,1,1,0,8,0.2182,0.0993,5,1,1,1,1
NCRB-SYNTH-108717,Trial Court,Sec 439 CrPC (Regular Bail),1,12,76,1,0,1,1,1,0,1,1,1,1,0.3909,1,169,1,1,1,1,1,1,1,0.5839,126,5.4986,58.01,1,1,3159864.26,0.012,0,1,3.02,3,3,10,1,1,1,1,0,31,0.2039,0.0588,4,1,1,0,0
NCRB-SYNTH-108720,Trial Court,Sec 482 CrPC (Quashing),2,19,76,1,0,1,1,1,0,1,1,1,1,0.5236,0,157,0,1,1,0,1,1,1,0.7583,135,7.2685,269.15,1,1,1260241.7,0.0605,1,1,7.52,1,4,7,1,1,1,1,0,20,0.2899,0.0952,4,1,1,0,0
NCRB-SYNTH-108724,High Court,Sec 439 CrPC (Regular Bail),1,16,78,1,0,1,1,1,0,1,1,1,1,0.4389,1,119,0,0,1,1,1,1,1,0.6688,105,3.6067,207.31,1,1,2130689.59,0.0416,1,1,7.76,2,4,9,0,1,1,1,0,11,0.1295,0.0521,5,1,1,0,0
NCRB-SYNTH-108727,High Court,Sec 439 CrPC (Regular Bail),1,14,66,0,0,1,1,1,1,1,1,1,1,0.7078,1,161,0,0,1,1,1,1,1,1.0,143,3.8231,46.54,1,1,2843301.04,0.1084,0,1,11.44,4,4,7,1,1,1,1,0,15,0.2189,0.079,4,1,1,0,0
NCRB-SYNTH-108729,High Court,Sec 439 CrPC (Regular Bail),1,8,55,1,0,1,1,1,0,1,1,1,1,0.4423,0,48,1,1,1,1,1,0,1,0.9005,56,7.363,106.4,1,1,3311408.33,0.0612,0,1,34.74,5,3,3,0,1,1,1,0,39,0.2117,0.0574,4,1,1,0,0
NCRB-SYNTH-108734,Trial Court,Sec 439 CrPC (Regular Bail),2,10,74,0,0,1,1,1,1,1,1,1,1,0.8567,1,136,1,0,1,1,1,0,1,0.5544,134,7.9427,108.37,1,1,3270181.36,0.0851,1,1,10.85,3,3,4,1,1,1,1,0,10,0.2156,0.0899,5,1,1,0,1
NCRB-SYNTH-108735,Trial Court,Writ Petition (Detention),21,19,85,1,0,1,1,1,0,1,1,1,1,0.928,1,24,1,1,1,1,0,1,1,0.7195,44,3.4044,109.92,1,1,3524537.87,0.1626,0,1,3.39,3,3,6,1,1,0,0,1,1,0.5601,0.8081,1,1,1,1,1
NCRB-SYNTH-108737,Trial Court,Sec 439 CrPC (Regular Bail),1,10,25,1,0,1,1,1,0,1,1,1,1,0.7307,1,63,1,1,1,1,0,0,1,0.6606,71,7.2749,113.74,1,1,4102871.16,0.0115,0,1,6.46,2,1,5,0,1,1,1,0,2,0.7343,0.6683,1,1,1,0,1
NCRB-SYNTH-108742,Supreme Court,Sec 439 CrPC (Regular Bail),1,13,96,1,0,1,1,1,0,1,1,1,1,0.7374,0,90,1,1,1,0,0,1,1,0.5975,56,4.2318,200.65,1,1,3755441.51,0.022,1,1,36.54,4,2,10,1,1,1,1,0,19,0.165,0.0551,4,1,1,0,1
NCRB-SYNTH-108743,High Court,Sec 439 CrPC (Regular Bail),1,9,42,1,0,1,1,1,1,1,1,1,1,0.6486,1,32,1,1,1,1,1,0,1,0.6269,132,5.6295,165.14,1,1,3797802.06,0.1519,1,1,6.11,4,1,4,1,1,1,1,0,25,0.122,0.0374,4,1,1,0,1
NCRB-SYNTH-108745,Trial Court,Sec 439 CrPC (Regular Bail),1,25,19,1,0,1,1,1,1,1,1,1,1,0.7927,1,57,0,0,1,1,1,1,1,0.7176,87,4.147,179.04,1,1,2575796.14,0.0286,0,1,2.27,4,3,3,1,1,1,1,0,38,0.1738,0.0474,4,1,1,0,0
NCRB-SYNTH-108746,High Court,Sec 482 CrPC (Quashing),2,9,40,1,0,1,1,1,1,1,1,1,1,0.4268,1,156,1,1,1,1,1,1,1,0.662,85,6.6127,225.58,1,1,4282061.09,0.0131,1,1,13.91,1,4,10,1,1,1,1,0,9,0.109,0.0474,5,1,1,0,0
NCRB-SYNTH-108760,Trial Court,Writ Petition (Detention),7,18,13,0,0,1,1,1,0,1,1,1,1,0.4958,1,77,1,1,1,1,1,1,1,0.7856,63,6.8559,292.52,1,1,2497985.09,0.0045,0,1,20.81,3,1,6,1,1,1,1,0,3,0.7816,0.5638,1,1,1,0,0
NCRB-SYNTH-108763,High Court,Sec 439 CrPC (Regular Bail),4,17,63,1,0,1,1,1,1,1,1,1,1,0.4438,1,27,1,1,1,1,0,1,1,0.5341,52,3.7451,195.67,1,1,3063158.05,0.0324,1,1,10.93,4,4,8,1,1,1,1,0,6,0.2022,0.1039,5,1,1,0,0
NCRB-SYNTH-108769,Trial Court,Trial Judgment,1,13,21,1,0,1,1,1,0,1,1,1,1,0.8503,1,124,1,0,1,0,1,1,1,0.4985,139,7.4195,89.66,1,1,942725.41,0.1206,0,1,17.07,1,1,10,0,1,1,1,0,44,0.3046,0.08,4,1,1,0,1
NCRB-SYNTH-108774,Trial Court,Sec 439 CrPC (Regular Bail),2,10,86,1,0,1,1,1,0,1,1,1,1,0.8799,1,100,0,0,1,1,1,1,1,0.701,44,4.6174,61.63,1,1,4201166.12,0.0311,1,1,13.36,5,1,4,1,1,1,1,0,12,0.154,0.0601,4,1,1,0,0
NCRB-SYNTH-108786,High Court,Sec 482 CrPC (Quashing),1,4,88,1,0,1,1,1,1,1,1,1,1,0.8006,1,103,1,1,1,1,1,1,1,0.4264,106,5.4522,117.66,1,1,327989.08,0.1854,1,1,1.55,2,1,7,0,1,0,0,1,9,0.1674,0.0727,5,1,1,1,1
NCRB-SYNTH-108787,High Court,Sec 482 CrPC (Quashing),27,5,17,1,0,1,1,1,0,1,1,1,1,0.4246,1,176,1,0,1,1,1,0,1,0.6024,103,6.4567,262.45,1,1,4472653.51,0.0328,1,1,7.96,2,1,8,0,1,1,1,0,7,0.161,0.0774,3,1,1,0,0
NCRB-SYNTH-108795,High Court,Sec 482 CrPC (Quashing),2,22,96,1,0,1,1,1,1,1,1,1,1,0.9829,1,41,1,0,1,1,1,1,1,0.6015,67,3.4723,129.59,1,1,1883401.08,0.0718,1,1,24.95,4,1,5,1,1,0,0,1,31,0.3069,0.0886,4,1,1,0,1
NCRB-SYNTH-108796,High Court,Sec 439 CrPC (Regular Bail),2,9,12,1,0,1,1,1,0,1,1,1,1,0.5631,1,78,1,1,1,1,1,1,1,0.7077,76,5.5252,215.47,1,1,2837453.73,0.1845,1,1,3.77,5,3,6,1,1,1,1,0,6,0.1268,0.0652,3,1,1,1,0
NCRB-SYNTH-108798,Trial Court,Sec 439 CrPC (Regular Bail),4,21,24,1,0,1,1,1,1,1,1,1,1,0.6764,1,118,1,1,1,0,1,1,1,0.614,71,8.0079,160.11,1,1,307117.76,0.1893,0,1,2.12,2,3,9,1,1,0,0,1,3,0.7001,0.505,1,1,1,0,1
NCRB-SYNTH-108800,Trial Court,Sec 439 CrPC (Regular Bail),1,3,86,1,0,1,1,1,0,1,1,1,1,0.8501,1,145,0,0,1,1,0,0,1,0.6417,70,5.3564,123.96,1,1,2361021.96,0.0169,1,1,2.47,2,4,10,1,1,1,1,0,28,0.2576,0.0765,4,1,1,1,0
NCRB-SYNTH-108803,Supreme Court,Sec 482 CrPC (Quashing),1,16,65,1,0,1,1,1,1,1,1,1,1,0.9373,0,162,1,0,1,1,1,1,1,0.7246,53,4.8282,239.57,1,1,4115207.31,0.1832,1,1,6.79,4,2,6,1,1,1,1,0,35,0.2263,0.0631,4,1,1,1,1
NCRB-SYNTH-108807,High Court,Writ Petition (Detention),1,19,55,1,0,1,1,1,0,1,1,1,1,0.6086,0,77,1,1,1,1,1,1,1,0.7535,108,4.9153,219.17,1,1,3139787.54,0.0615,1,1,3.39,2,4,5,1,1,1,1,0,11,0.2424,0.0976,5,1,1,1,1
NCRB-SYNTH-108812,High Court,Sec 439 CrPC (Regular Bail),1,22,79,1,0,1,1,1,0,1,1,1,1,0.7074,1,153,1,1,1,1,0,1,1,0.8065,130,5.8334,191.57,1,1,867686.76,0.0984,1,1,8.98,1,4,9,1,1,1,1,0,11,0.1023,0.0412,3,1,1,1,1
NCRB-SYNTH-108818,Trial Court,Sec 439 CrPC (Regular Bail),1,18,14,0,0,1,1,1,1,1,1,1,1,0.775,1,134,1,1,1,1,0,1,1,0.5204,79,6.9777,124.62,1,1,422295.18,0.0415,0,1,2.98,5,1,6,0,1,1,1,0,9,0.1345,0.0584,3,1,1,0,1
NCRB-SYNTH-108829,High Court,Sec 439 CrPC (Regular Bail),2,20,98,1,0,1,1,1,0,1,1,1,1,0.4565,1,94,1,0,1,1,1,0,1,0.7575,44,3.7403,67.84,1,1,1302554.27,0.153,1,1,9.04,5,4,6,1,1,1,1,0,26,0.2955,0.0897,4,1,1,1,0
NCRB-SYNTH-108832,Trial Court,Trial Judgment,1,18,22,1,0,1,1,1,1,1,1,1,1,0.47,1,105,1,0,1,0,0,1,1,0.653,72,7.6324,294.47,1,1,3874832.76,0.0553,1,1,22.69,5,4,4,1,1,1,1,0,5,0.1195,0.0667,5,1,1,0,0
NCRB-SYNTH-108834,High Court,Sec 439 CrPC (Regular Bail),4,15,100,0,0,1,1,1,0,1,1,1,1,0.8735,1,176,0,0,1,1,0,1,1,0.7044,49,3.1224,209.26,1,1,1048965.1,0.024,1,1,9.27,1,3,10,1,1,1,1,0,39,0.1891,0.0513,4,1,1,1,0
NCRB-SYNTH-108837,High Court,Sec 482 CrPC (Quashing),15,18,38,1,0,1,1,1,1,1,1,1,1,0.7954,1,140,1,1,1,1,1,0,1,0.6516,53,7.8866,87.42,1,1,4141521.13,0.1297,1,1,8.33,3,2,6,1,1,1,1,0,4,0.1083,0.0673,3,1,1,0,1
NCRB-SYNTH-108849,High Court,Sec 482 CrPC (Quashing),15,9,43,1,0,1,1,1,0,1,1,1,1,0.5088,1,43,1,1,1,0,0,1,1,0.6231,121,6.515,117.84,1,1,2302504.31,0.1414,0,1,5.41,5,1,6,1,1,1,1,0,11,0.1245,0.0501,3,1,1,1,0
NCRB-SYNTH-108852,Trial Court,Sec 439 CrPC (Regular Bail),1,25,99,1,0,1,1,1,0,1,1,1,1,0.8275,1,135,1,1,1,1,1,1,1,0.5358,73,6.2471,84.46,1,1,1432468.94,0.1681,1,1,3.3,4,4,10,1,1,1,1,0,1,0.8663,1.2498,1,1,1,0,1
NCRB-SYNTH-108855,Trial Court,Sec 439 CrPC (Regular Bail),4,14,96,1,0,1,1,1,0,1,1,1,1,0.8532,1,38,1,1,1,1,0,1,1,0.7529,65,3.931,141.32,1,1,3486831.43,0.0004,0,1,10.1,2,3,2,1,1,1,1,0,8,0.1844,0.0839,5,1,1,1,1
NCRB-SYNTH-108861,Trial Court,Sec 439 CrPC (Regular Bail),2,17,94,1,0,1,1,1,1,1,1,1,1,0.7563,1,135,0,0,1,0,0,0,1,0.6592,45,5.9697,157.11,1,1,2314693.08,0.1719,0,1,8.59,4,3,5,0,1,1,1,0,10,0.2153,0.0898,5,1,1,0,0
NCRB-SYNTH-108867,High Court,Sec 439 CrPC (Regular Bail),2,7,47,1,0,1,1,1,0,1,1,1,1,0.8292,1,121,1,1,1,1,0,0,1,0.7342,96,5.6641,275.29,1,1,3709198.43,0.1218,0,1,5.82,3,2,8,0,1,1,1,0,34,0.081,0.0228,4,1,1,0,1
NCRB-SYNTH-108870,Trial Court,Sec 439 CrPC (Regular Bail),2,4,24,1,0,1,1,1,1,1,1,1,1,0.733,1,39,1,1,1,1,0,1,1,0.7429,41,5.9827,248.69,1,1,644153.08,0.085,0,1,12.08,3,1,4,1,1,1,1,0,9,0.2418,0.105,3,1,1,0,1
NCRB-SYNTH-108879,High Court,Writ Petition (Detention),21,7,76,1,0,1,1,1,1,1,1,1,1,0.9652,1,10,1,1,1,1,1,1,1,0.6514,86,7.858,94.75,1,1,1815365.67,0.0665,1,1,12.53,3,3,6,1,1,1,1,0,40,0.1404,0.0378,4,1,1,1,1
NCRB-SYNTH-108882,High Court,Sec 439 CrPC (Regular Bail),1,23,6,1,0,1,1,1,0,1,1,1,1,0.6692,1,54,1,1,1,1,0,1,1,0.7999,133,3.2248,289.62,1,1,2053657.1,0.0804,1,1,10.58,5,1,2,0,1,0,0,1,20,0.2283,0.075,4,1,1,0,1
NCRB-SYNTH-108894,High Court,Sec 439 CrPC (Regular Bail),1,8,40,0,0,1,1,1,1,1,1,1,1,0.9628,1,145,1,1,1,1,1,0,1,0.7897,95,6.7806,113.31,1,1,4419654.6,0.1276,1,1,3.19,3,1,3,1,1,1,1,0,7,0.1337,0.0643,3,1,1,0,1
NCRB-SYNTH-108901,High Court,Sec 439 CrPC (Regular Bail),2,24,89,1,0,1,1,1,0,1,1,1,1,0.6157,1,126,1,1,1,0,1,1,1,0.6456,85,3.4246,94.37,1,1,2463729.84,0.0853,1,1,16.55,3,4,6,1,1,1,1,0,18,0.2241,0.0761,4,1,1,0,1
NCRB-SYNTH-108916,High Court,Sec 439 CrPC (Regular Bail),4,18,69,1,0,1,1,1,0,1,1,1,1,0.6789,1,146,1,1,1,0,1,0,1,0.4228,85,3.0785,92.22,1,1,2852223.57,0.1689,1,1,5.57,2,1,6,1,1,1,1,0,10,0.1732,0.0722,3,1,1,1,1
NCRB-SYNTH-108917,High Court,Sec 439 CrPC (Regular Bail),2,9,89,1,0,1,1,1,0,1,1,1,1,0.8576,1,92,1,1,1,1,0,0,1,0.8895,53,6.8265,136.61,1,1,2155358.57,0.1968,1,1,12.78,1,3,6,1,1,1,1,0,9,0.1859,0.0807,5,1,1,0,1
NCRB-SYNTH-108919,Trial Court,Sec 482 CrPC (Quashing),1,10,47,1,0,1,1,1,1,1,1,1,1,0.5441,1,177,1,1,1,0,1,1,1,0.6857,90,5.1089,268.7,1,1,3354873.11,0.0235,1,1,4.6,3,1,9,1,1,1,1,0,8,0.1147,0.0522,5,1,1,0,0
NCRB-SYNTH-108921,High Court,Sec 439 CrPC (Regular Bail),1,21,78,1,0,1,1,1,1,1,1,1,1,0.8936,1,70,0,1,1,1,1,1,1,0.7245,79,3.8168,77.71,1,1,1555731.37,0.1906,0,1,11.32,2,2,9,1,1,1,1,0,37,0.2816,0.0774,4,1,1,1,0
NCRB-SYNTH-108931,High Court,Sec 439 CrPC (Regular Bail),1,5,25,0,0,1,1,1,0,1,1,1,1,0.5337,1,83,0,0,1,1,1,0,1,0.5622,100,4.4566,286.84,1,1,1204112.77,0.0153,1,1,9.32,3,3,6,1,1,1,1,0,18,0.3028,0.1028,4,1,1,0,0
NCRB-SYNTH-108939,Trial Court,Sec 439 CrPC (Regular Bail),7,7,65,1,0,1,1,1,0,1,1,1,1,0.4521,1,172,0,0,1,0,0,0,1,0.6089,84,7.6363,167.47,1,1,3987354.64,0.0999,1,1,1.67,5,1,9,1,1,1,1,0,2,0.6173,0.5619,1,1,1,0,0
NCRB-SYNTH-108941,High Court,Writ Petition (Detention),1,18,17,1,0,1,1,1,0,1,1,1,1,0.7406,1,92,1,1,1,1,1,1,1,0.7557,97,3.2083,80.45,1,1,2851299.74,0.116,1,1,5.11,3,1,10,1,1,1,1,0,7,0.1539,0.074,3,1,1,0,1
NCRB-SYNTH-108942,High Court,Sec 482 CrPC (Quashing),15,19,32,1,0,1,1,1,0,1,1,1,1,0.6717,1,55,1,1,1,0,1,1,1,0.7607,107,5.8153,144.55,1,1,2401043.99,0.1103,1,1,9.91,5,1,2,0,1,1,1,0,3,0.897,0.647,1,1,1,1,1
NCRB-SYNTH-108962,High Court,Sec 482 CrPC (Quashing),1,19,6,1,0,1,1,1,0,1,1,1,1,0.7228,1,76,0,0,1,1,0,0,1,0.7939,96,3.5201,276.34,1,1,2524033.7,0.1671,0,1,19.39,3,2,4,1,1,1,1,0,6,0.2209,0.1135,5,1,1,0,0
NCRB-SYNTH-108963,Trial Court,Sec 439 CrPC (Regular Bail),1,6,62,1,0,1,1,1,0,1,1,1,1,0.9396,1,106,1,1,1,1,1,1,1,0.75,135,5.3985,221.54,1,1,1178423.13,0.044,1,1,13.51,4,4,4,1,1,1,1,0,4,0.1974,0.1226,5,1,1,0,1
NCRB-SYNTH-108975,High Court,Sec 439 CrPC (Regular Bail),2,16,25,1,0,1,1,1,1,1,1,1,1,0.4814,1,23,1,1,1,1,1,1,1,0.6516,141,5.5836,214.24,1,1,3524301.61,0.1962,1,1,2.24,3,4,2,0,1,1,1,0,11,0.1889,0.076,5,1,1,1,0
NCRB-SYNTH-108987,Trial Court,Sec 482 CrPC (Quashing),1,9,93,1,0,1,1,1,1,1,1,1,1,0.8322,1,148,1,1,1,1,1,0,1,0.4409,61,7.5445,186.13,1,1,683691.05,0.199,1,1,4.65,2,3,10,1,1,1,1,0,19,0.1144,0.0382,4,1,1,1,1
NCRB-SYNTH-108994,High Court,Sec 439 CrPC (Regular Bail),1,8,29,1,0,1,1,1,0,1,1,1,1,0.9169,1,24,1,1,1,0,0,0,1,0.7481,150,3.1315,254.29,1,1,3263723.54,0.0386,0,1,10.94,5,1,9,1,1,0,0,1,23,0.1827,0.0575,4,1,1,0,1
NCRB-SYNTH-108996,Trial Court,Sec 439 CrPC (Regular Bail),7,25,61,1,0,1,1,1,0,1,1,1,1,0.9077,1,68,1,1,1,0,0,1,1,0.6963,123,4.8709,172.14,1,1,1002320.58,0.0158,1,1,2.13,1,3,10,1,1,1,1,0,11,0.1686,0.0679,5,1,1,1,1
NCRB-SYNTH-109002,High Court,Sec 439 CrPC (Regular Bail),1,11,24,1,0,1,1,1,1,1,1,1,1,0.7764,1,180,1,1,1,1,1,1,1,0.6523,97,6.4515,232.81,1,1,443301.43,0.0558,1,1,3.93,2,3,6,1,1,1,1,0,7,0.2263,0.1088,5,1,1,1,1
NCRB-SYNTH-109004,Trial Court,Writ Petition (Detention),1,21,22,1,1,1,1,1,1,1,1,1,1,0.8009,1,143,1,1,1,1,0,0,1,0.7403,113,3.7913,67.24,1,1,4137707.07,0.0925,0,1,1.89,2,3,6,1,1,1,1,0,9,0.0668,0.029,3,1,1,0,1
NCRB-SYNTH-109009,Trial Court,Sec 482 CrPC (Quashing),21,8,53,0,0,1,1,1,0,1,1,1,1,0.8044,1,50,1,1,1,1,0,1,1,0.6133,136,4.1817,258.98,1,1,362431.54,0.0306,0,1,9.18,5,3,5,1,1,0,0,1,13,0.2924,0.1108,4,1,1,0,1
NCRB-SYNTH-109012,Trial Court,Sec 482 CrPC (Quashing),1,14,86,1,0,1,1,1,0,1,1,1,1,0.4817,1,62,1,1,1,1,1,0,1,0.682,92,7.0024,277.62,1,1,532242.03,0.0831,0,1,18.1,1,3,6,1,1,1,1,0,11,0.2373,0.0955,5,1,1,0,0
NCRB-SYNTH-109023,Trial Court,Trial Judgment,1,18,38,1,0,1,1,1,0,1,1,1,1,0.5292,1,143,0,0,1,1,1,1,1,0.8331,100,5.4693,201.43,1,1,4028289.96,0.1409,0,1,3.43,1,1,3,1,1,1,1,0,1,0.5608,0.809,1,1,1,0,0
NCRB-SYNTH-109025,High Court,Sec 439 CrPC (Regular Bail),4,3,14,1,0,1,1,1,1,1,1,1,1,0.6488,1,171,1,0,1,0,1,1,1,0.7217,90,6.4872,198.92,1,1,2807312.14,0.1596,1,1,18.75,4,4,7,0,1,1,1,0,9,0.0755,0.0328,5,1,1,0,1
NCRB-SYNTH-109026,High Court,Sec 482 CrPC (Quashing),2,14,37,1,0,1,1,1,0,1,1,1,1,0.5052,1,121,0,0,1,1,1,0,1,0.6384,110,5.1621,123.15,1,1,1198378.26,0.1728,1,1,12.07,1,3,4,1,1,0,0,1,36,0.1086,0.0301,4,1,1,0,0
NCRB-SYNTH-109030,Trial Court,Sec 482 CrPC (Quashing),1,21,59,1,0,1,1,1,0,1,1,1,1,0.4551,1,33,0,0,1,1,1,0,1,0.7279,62,6.7676,157.7,1,1,2254293.03,0.1014,0,1,3.25,4,3,10,1,1,1,1,0,44,0.3065,0.0805,4,1,1,0,0
NCRB-SYNTH-109033,Trial Court,Sec 482 CrPC (Quashing),1,21,70,1,0,1,1,1,0,1,1,1,1,0.9554,1,145,1,1,1,0,0,0,1,0.6656,129,3.8627,98.26,1,1,1340335.02,0.1072,0,1,15.76,1,4,3,0,1,0,0,1,41,0.1181,0.0316,4,1,1,0,1
NCRB-SYNTH-109035,Trial Court,Sec 482 CrPC (Quashing),1,20,53,1,0,1,1,1,1,1,1,1,1,0.8807,1,44,1,0,1,0,0,1,1,0.785,72,6.5347,150.53,1,1,3298027.71,0.1026,1,1,15.97,1,1,2,1,1,1,1,0,2,0.8636,0.786,1,1,1,1,1
NCRB-SYNTH-109045,High Court,Sec 439 CrPC (Regular Bail),15,18,89,1,0,1,1,1,1,1,1,1,1,0.7953,1,26,1,1,1,0,1,1,1,0.6182,118,4.6945,165.46,1,1,2247738.96,0.0333,1,1,9.06,3,1,8,1,1,1,1,0,9,0.1011,0.0439,5,1,1,0,1
NCRB-SYNTH-109047,Trial Court,Sec 439 CrPC (Regular Bail),2,22,63,1,0,1,1,1,0,1,1,1,1,0.9483,1,145,1,1,1,1,0,0,1,0.4181,102,3.3699,272.98,1,1,2022618.26,0.0305,1,1,14.02,1,3,9,1,1,1,1,0,4,0.0646,0.0401,5,1,1,1,1
NCRB-SYNTH-109050,Trial Court,Sec 439 CrPC (Regular Bail),1,11,82,1,0,1,1,1,0,1,1,1,1,0.6455,1,150,1,0,1,1,1,0,1,0.8792,114,5.6523,187.36,1,1,264541.52,0.1728,1,1,11.67,2,3,6,0,1,0,0,1,11,0.0707,0.0285,5,1,1,0,1
NCRB-SYNTH-109052,Trial Court,Sec 439 CrPC (Regular Bail),15,19,25,1,0,1,1,1,0,1,1,1,1,0.5431,1,74,1,1,1,1,1,0,1,0.6057,133,5.8644,173.69,1,1,3993561.02,0.1314,1,1,25.01,5,4,5,1,1,1,1,0,9,0.1875,0.0814,5,1,1,0,0
NCRB-SYNTH-109064,Trial Court,Sec 439 CrPC (Regular Bail),1,15,57,1,0,1,1,1,0,1,1,1,1,0.791,1,146,1,1,1,0,1,0,1,0.4235,139,7.6538,144.44,1,1,2602003.34,0.1092,0,1,3.58,4,2,2,0,1,1,1,0,8,0.1775,0.0808,3,1,1,1,1
NCRB-SYNTH-109065,Trial Court,Sec 482 CrPC (Quashing),15,21,55,0,0,1,1,1,0,1,1,1,1,0.8972,1,44,1,1,1,1,1,1,1,0.697,105,5.3761,94.04,1,1,2504737.99,0.0077,1,1,5.55,3,4,4,1,1,0,0,1,17,0.2503,0.0866,4,1,1,1,1
NCRB-SYNTH-109066,Trial Court,Sec 439 CrPC (Regular Bail),1,25,28,1,0,1,1,1,1,1,1,1,1,0.8652,1,100,1,1,1,0,1,1,1,0.652,62,5.2392,81.5,1,1,1679315.55,0.0475,0,1,6.91,5,2,10,1,1,1,1,0,9,0.2363,0.1026,3,1,1,0,1
NCRB-SYNTH-109068,High Court,Sec 439 CrPC (Regular Bail),1,8,44,0,0,1,1,1,0,1,1,1,1,0.6218,1,32,0,0,1,1,1,1,1,0.6278,68,7.5078,85.2,1,1,1690044.48,0.149,0,1,10.5,2,2,2,1,1,1,1,0,25,0.1493,0.0458,4,1,1,0,0
NCRB-SYNTH-109073,High Court,Sec 482 CrPC (Quashing),1,15,24,1,0,1,1,1,1,1,1,1,1,0.7047,1,91,1,1,1,1,1,0,1,0.6586,134,6.2546,103.14,1,1,1282037.11,0.1583,0,1,20.64,1,1,4,0,1,1,1,0,6,0.102,0.0524,5,1,1,0,1
NCRB-SYNTH-109074,Trial Court,Sec 439 CrPC (Regular Bail),1,5,20,1,0,1,1,1,0,1,1,1,1,0.4945,1,148,0,0,1,1,0,0,1,1.0,135,3.9351,232.52,1,1,1210851.38,0.0224,0,1,6.75,1,2,10,1,1,1,1,0,11,0.1097,0.0442,5,1,1,1,0
NCRB-SYNTH-109075,High Court,Sec 439 CrPC (Regular Bail),2,18,62,0,0,1,1,1,0,1,1,1,1,0.6327,1,180,1,1,1,1,1,1,1,0.8177,95,4.3454,98.66,1,1,1670971.78,0.0872,1,1,7.44,3,2,6,1,1,0,0,1,3,0.8579,0.6188,1,1,1,1,1
NCRB-SYNTH-109082,Trial Court,Sec 482 CrPC (Quashing),4,20,62,1,0,1,1,1,0,1,1,1,1,0.5074,1,98,1,1,1,1,1,1,1,0.784,130,6.9599,263.0,1,1,2428001.21,0.1982,0,1,16.88,3,2,7,0,1,1,1,0,29,0.1306,0.0384,4,1,1,1,0
NCRB-SYNTH-109087,High Court,Sec 439 CrPC (Regular Bail),15,15,28,1,0,1,1,1,0,1,1,1,1,0.7488,1,89,1,1,1,1,1,1,1,0.7983,149,4.3625,99.59,1,1,2081926.84,0.0823,1,1,7.54,2,4,2,1,1,1,1,0,18,0.101,0.0343,4,1,1,0,1
NCRB-SYNTH-109091,Trial Court,Writ Petition (Detention),2,6,17,1,0,1,1,1,1,1,1,1,1,0.4781,1,90,1,1,1,1,1,1,1,0.7176,94,4.28,260.09,1,1,700830.43,0.1835,1,1,2.92,1,2,8,1,1,1,1,0,5,0.1895,0.1058,5,1,1,0,0
NCRB-SYNTH-109093,High Court,Sec 439 CrPC (Regular Bail),2,13,38,1,1,1,1,1,0,1,1,1,1,0.69,1,130,0,0,1,1,1,1,1,0.7267,80,5.5982,178.62,1,1,3511783.03,0.0338,1,1,6.24,2,3,7,1,1,1,1,0,4,0.0918,0.057,3,1,1,1,0
NCRB-SYNTH-109095,High Court,Sec 439 CrPC (Regular Bail),1,3,31,0,0,1,1,1,0,1,1,1,1,0.5844,0,130,1,1,1,0,0,1,1,0.7208,50,3.3018,258.02,1,1,1270484.58,0.1263,0,1,5.22,1,4,6,1,1,1,1,0,10,0.2381,0.0993,5,1,1,0,0
NCRB-SYNTH-109100,Trial Court,Sec 439 CrPC (Regular Bail),4,14,89,1,0,1,1,1,0,1,1,1,1,0.6314,1,139,1,1,1,0,1,1,1,0.7481,147,4.5879,99.08,1,1,3374760.58,0.1371,1,1,28.11,1,2,6,0,1,1,1,0,7,0.2031,0.0976,3,1,1,0,1
NCRB-SYNTH-109112,High Court,Writ Petition (Detention),4,20,34,1,0,1,1,1,0,1,1,1,1,0.5265,1,178,1,1,1,1,1,1,1,0.4401,137,7.0692,48.82,1,1,3038996.31,0.124,1,1,5.34,1,3,2,1,1,1,1,0,9,0.2328,0.1011,5,1,1,0,0
NCRB-SYNTH-109113,Trial Court,Sec 439 CrPC (Regular Bail),1,22,49,1,0,1,1,1,0,1,1,1,1,0.7247,1,74,1,1,1,0,0,1,1,0.5717,93,3.1431,120.1,1,1,3556147.72,0.0058,1,1,10.01,2,3,9,1,1,1,1,0,32,0.1646,0.0471,4,1,1,0,1
NCRB-SYNTH-109114,High Court,Trial Judgment,4,13,78,1,0,1,1,1,0,1,1,1,1,0.8864,1,141,1,0,1,1,0,1,1,0.7441,144,6.2284,285.31,1,1,1529697.25,0.006,1,1,12.81,4,1,2,1,1,1,1,0,7,0.2069,0.0995,5,1,1,0,1
NCRB-SYNTH-109116,Trial Court,Sec 482 CrPC (Quashing),1,24,5,0,0,1,1,1,0,1,1,1,1,0.8893,1,39,0,0,1,0,1,0,1,0.5906,99,3.9077,123.63,1,1,839137.77,0.1021,1,1,6.81,1,3,8,1,1,1,1,0,28,0.1806,0.0536,4,1,1,0,0
NCRB-SYNTH-109122,Trial Court,Sec 439 CrPC (Regular Bail),7,23,96,1,0,1,1,1,0,1,1,1,1,0.5933,1,117,1,1,1,0,1,1,1,0.6975,65,4.3996,198.58,1,1,483674.28,0.189,0,1,16.19,3,3,10,0,1,1,1,0,6,0.1043,0.0536,5,1,1,1,0
NCRB-SYNTH-109125,High Court,Sec 439 CrPC (Regular Bail),4,13,87,1,0,1,1,1,0,1,1,1,1,0.4978,1,108,1,1,1,0,1,1,1,0.689,48,6.3642,49.26,1,1,3257235.31,0.0073,0,1,15.48,2,1,6,1,1,1,1,0,1,0.8103,1.1691,1,1,1,0,0
NCRB-SYNTH-109127,Trial Court,Trial Judgment,1,12,98,1,0,1,1,1,0,1,1,1,1,0.7661,1,160,0,0,1,0,1,0,1,0.6818,88,6.9931,255.54,1,1,966738.4,0.0295,0,1,13.11,2,4,10,1,1,1,1,0,3,0.718,0.518,1,1,1,0,0
NCRB-SYNTH-109133,Trial Court,Sec 482 CrPC (Quashing),1,8,24,1,0,1,1,1,1,1,1,1,1,0.9412,1,133,0,1,1,0,0,1,1,0.5683,122,3.8872,269.98,1,1,3088466.55,0.1263,0,1,5.54,1,4,4,0,1,0,0,1,4,0.2405,0.1494,5,1,1,0,0
NCRB-SYNTH-109139,Trial Court,Sec 439 CrPC (Regular Bail),4,9,99,1,0,1,1,1,1,1,1,1,1,0.7319,1,153,1,1,1,1,1,0,1,0.6831,145,3.6321,104.1,1,1,2945726.71,0.0002,1,1,4.14,1,1,3,1,1,1,1,0,7,0.2416,0.1162,3,1,1,0,1
NCRB-SYNTH-109141,High Court,Writ Petition (Detention),2,6,100,1,0,1,1,1,0,1,1,1,1,0.6246,1,136,0,0,1,1,1,1,1,0.9412,106,7.1206,273.26,1,1,3721293.45,0.0642,1,1,7.25,2,3,10,1,1,1,1,0,11,0.05,0.0201,5,1,1,0,0
NCRB-SYNTH-109144,Trial Court,Sec 439 CrPC (Regular Bail),1,5,94,1,0,1,1,1,0,1,1,1,1,0.8565,1,168,1,1,1,1,1,1,1,0.6838,144,4.383,212.71,1,1,3120342.55,0.0973,1,1,3.55,3,3,3,0,1,1,1,0,11,0.1601,0.0644,5,1,1,0,1
NCRB-SYNTH-109146,Trial Court,Sec 439 CrPC (Regular Bail),1,6,10,1,0,1,1,1,0,1,1,1,1,0.8274,0,160,1,1,1,1,1,1,1,0.5739,95,7.4865,51.4,1,1,1704096.35,0.1324,0,1,5.52,2,3,9,1,1,1,1,0,11,0.1017,0.0409,5,1,1,0,1
NCRB-SYNTH-109147,High Court,Sec 439 CrPC (Regular Bail),1,23,37,1,0,1,1,1,0,1,1,1,1,0.609,1,139,1,0,1,1,1,1,1,0.7183,87,5.5107,103.1,1,1,3309676.63,0.1107,1,1,10.72,2,1,10,1,1,1,1,0,7,0.0856,0.0412,5,1,1,0,1
NCRB-SYNTH-109148,Trial Court,Sec 482 CrPC (Quashing),1,11,12,1,1,1,1,1,0,1,1,1,1,0.5755,1,132,1,1,1,0,1,1,1,0.5876,134,4.6936,79.4,1,1,4482413.37,0.0766,0,1,4.03,3,4,2,1,1,1,1,0,13,0.117,0.0443,4,1,1,1,0
NCRB-SYNTH-109149,Trial Court,Sec 439 CrPC (Regular Bail),2,13,67,1,0,1,1,1,0,1,1,1,1,0.8048,1,125,1,1,1,1,1,1,1,0.5817,128,4.7765,124.95,1,1,2452069.17,0.0486,1,1,3.84,3,3,9,1,1,1,1,0,4,0.1022,0.0635,5,1,1,0,1
NCRB-SYNTH-109150,Trial Court,Sec 439 CrPC (Regular Bail),4,3,8,1,0,1,1,1,0,1,1,1,1,0.8562,0,96,0,0,1,1,1,1,1,0.6824,40,5.6439,54.82,1,1,3744948.79,0.1719,1,1,20.58,5,1,7,1,1,1,1,0,4,0.1084,0.0674,5,1,1,1,0
NCRB-SYNTH-109151,Trial Court,Sec 439 CrPC (Regular Bail),1,11,17,1,0,1,1,1,1,1,1,1,1,0.7969,1,46,1,1,1,1,1,1,1,0.7867,115,6.3307,164.92,1,1,315831.96,0.0627,0,1,6.01,1,1,9,1,1,1,1,0,5,0.1153,0.0643,5,1,1,1,1
NCRB-SYNTH-109152,Trial Court,Sec 439 CrPC (Regular Bail),1,10,39,1,0,1,1,1,0,1,1,1,1,0.8687,1,168,1,0,1,1,1,1,1,0.5874,118,3.9774,247.19,1,1,1922484.07,0.1078,1,1,4.49,4,2,9,1,1,1,1,0,45,0.1374,0.0359,4,1,1,0,1
NCRB-SYNTH-109154,High Court,Sec 439 CrPC (Regular Bail),4,17,97,1,0,1,1,1,0,1,1,1,1,0.8895,1,149,1,1,1,1,1,1,1,0.5612,98,6.9387,266.85,1,1,4109052.0,0.0239,1,1,6.33,1,4,6,1,1,1,1,0,1,0.5163,0.7449,1,1,1,0,1
NCRB-SYNTH-109160,Trial Court,Sec 439 CrPC (Regular Bail),4,9,93,1,0,1,1,1,0,1,1,1,1,0.8646,1,154,1,0,1,1,0,0,1,0.708,78,5.9103,229.38,1,1,3915003.03,0.1195,0,1,5.95,3,4,10,1,1,1,1,0,4,0.2329,0.1447,3,1,1,0,1
NCRB-SYNTH-109164,Trial Court,Writ Petition (Detention),2,5,60,1,0,1,1,1,1,1,1,1,1,0.8802,1,127,1,1,1,0,0,1,1,0.8461,118,6.1104,71.42,1,1,2774498.87,0.0038,1,1,2.42,3,4,4,1,1,1,1,0,1,0.9123,1.3161,1,1,1,0,1
NCRB-SYNTH-109181,Trial Court,Trial Judgment,2,17,97,1,0,1,1,1,1,1,1,1,1,0.7622,1,45,1,1,1,1,0,1,1,0.7422,72,3.293,97.06,1,1,2139940.06,0.1557,1,1,1.94,4,1,3,1,1,1,1,0,4,0.1695,0.1053,5,1,1,0,1
NCRB-SYNTH-109182,Trial Court,Sec 439 CrPC (Regular Bail),1,16,49,1,0,1,1,1,0,1,1,1,1,0.5871,1,32,0,0,1,1,1,1,1,0.6038,75,8.0663,279.07,1,1,2569700.7,0.1496,1,1,7.6,5,2,3,1,1,1,1,0,22,0.1196,0.0382,4,1,1,1,0
NCRB-SYNTH-109202,High Court,Sec 439 CrPC (Regular Bail),1,22,78,1,0,1,1,1,1,1,1,1,1,0.7673,1,30,0,0,1,0,0,1,1,0.5675,89,6.4572,110.26,1,1,1010131.86,0.165,0,1,2.81,3,4,3,1,1,1,1,0,27,0.2595,0.0779,4,1,1,0,0
NCRB-SYNTH-109204,Trial Court,Sec 482 CrPC (Quashing),1,3,83,1,0,1,1,1,0,1,1,1,1,0.4488,0,156,0,1,1,0,0,1,1,0.8402,149,4.3404,84.0,1,1,3451156.07,0.1382,0,1,22.52,5,2,9,1,1,1,1,0,1,0.5685,0.8202,1,1,1,1,0
NCRB-SYNTH-109207,Trial Court,Sec 439 CrPC (Regular Bail),7,21,67,1,0,1,1,1,0,1,1,1,1,0.5122,1,126,0,0,1,0,1,1,1,0.8593,94,7.7967,155.21,1,1,2373622.15,0.198,1,1,6.03,3,4,2,1,1,1,1,0,9,0.1382,0.06,5,1,1,1,0
NCRB-SYNTH-109214,Trial Court,Sec 482 CrPC (Quashing),7,20,25,1,0,1,1,1,0,1,1,1,1,0.5349,1,171,0,0,1,1,1,1,1,0.5828,93,5.9448,224.66,1,1,4112316.52,0.0676,1,1,10.54,5,3,10,1,1,1,1,0,6,0.1882,0.0967,5,1,1,0,0
NCRB-SYNTH-109217,High Court,Sec 439 CrPC (Regular Bail),1,13,40,1,0,1,1,1,0,1,1,1,1,0.4468,1,80,1,1,1,1,1,1,1,0.7077,95,5.8417,201.27,1,1,744093.9,0.1263,1,1,2.35,4,3,5,1,1,1,1,0,33,0.1667,0.0473,4,1,1,0,0
NCRB-SYNTH-109223,Trial Court,Sec 439 CrPC (Regular Bail),7,5,88,0,0,1,1,1,1,1,1,1,1,0.8729,1,49,0,0,1,1,1,1,1,0.8221,144,6.2636,248.98,1,1,1732772.33,0.1395,1,1,14.64,2,1,8,0,1,1,1,0,9,0.1928,0.0837,5,1,1,0,0
NCRB-SYNTH-109227,Trial Court,Writ Petition (Detention),2,18,17,0,0,1,1,1,0,1,1,1,1,0.8661,0,106,1,1,1,1,1,1,1,0.5908,137,4.7496,213.18,1,1,4175730.07,0.0251,1,1,8.78,3,4,8,1,1,1,1,0,11,0.1903,0.0766,3,1,1,0,1
NCRB-SYNTH-109229,High Court,Sec 439 CrPC (Regular Bail),27,23,6,1,0,1,1,1,0,1,1,1,1,0.3818,0,57,0,0,1,1,0,1,1,0.5413,67,3.8307,103.63,1,1,3498735.7,0.0832,1,1,4.68,4,4,3,0,1,1,1,0,22,0.2298,0.0733,4,1,1,1,0
NCRB-SYNTH-109231,Trial Court,Sec 439 CrPC (Regular Bail),4,19,11,1,0,1,1,1,0,1,1,1,1,0.4784,1,29,1,0,1,0,1,1,1,0.7692,86,4.5911,208.53,1,1,1330960.35,0.0827,0,1,4.16,2,2,7,0,1,1,1,0,4,0.0939,0.0584,3,1,1,1,0
NCRB-SYNTH-109234,High Court,Sec 439 CrPC (Regular Bail),1,15,94,1,0,1,1,1,0,1,1,1,1,0.7063,1,25,1,1,1,0,1,1,1,0.5317,122,3.5733,153.1,1,1,3377878.37,0.108,0,1,7.57,3,1,3,1,1,1,1,0,4,0.1696,0.1054,5,1,1,0,1
NCRB-SYNTH-109236,High Court,Sec 439 CrPC (Regular Bail),1,9,23,1,0,1,1,1,0,1,1,1,1,0.7743,1,157,1,1,1,1,1,1,1,0.6832,131,6.7732,220.83,1,1,393779.77,0.0161,1,1,5.97,4,2,5,1,1,1,1,0,9,0.2031,0.0882,3,1,1,0,1
NCRB-SYNTH-109239,Trial Court,Sec 439 CrPC (Regular Bail),1,11,44,1,0,1,1,1,0,1,1,1,1,0.607,1,17,1,1,1,1,1,1,1,0.5363,150,3.9236,169.0,1,1,1340874.02,0.1079,1,1,1.24,5,1,8,0,1,1,1,0,15,0.0964,0.0348,4,1,1,1,1
NCRB-SYNTH-109245,High Court,Sec 482 CrPC (Quashing),7,17,62,0,0,1,1,1,1,1,1,1,1,0.7153,1,140,1,1,1,0,0,1,1,0.749,57,5.2124,112.25,1,1,1511600.55,0.0414,1,1,30.46,2,4,3,1,1,1,1,0,21,0.2795,0.0904,4,1,1,0,1
NCRB-SYNTH-109247,Supreme Court,Writ Petition (Detention),27,6,30,0,0,1,1,1,0,1,1,1,1,0.8453,1,74,1,1,1,1,1,1,1,0.5743,113,6.9648,276.24,1,1,756175.67,0.0827,1,1,9.05,4,2,10,1,1,1,1,0,9,0.1532,0.0665,3,1,1,1,1
NCRB-SYNTH-109248,High Court,Trial Judgment,2,12,78,0,0,1,1,1,1,1,1,1,1,0.9341,1,19,0,0,1,1,1,1,1,0.7271,69,5.5266,158.01,1,1,1093404.92,0.0833,1,1,10.26,4,2,9,1,1,1,1,0,11,0.0658,0.0265,5,1,1,0,0
NCRB-SYNTH-109261,High Court,Writ Petition (Detention),7,21,68,1,1,1,1,1,0,1,1,1,1,0.4809,1,134,1,1,1,1,0,1,1,0.7435,120,4.3485,60.47,1,1,3127879.03,0.0046,1,1,9.93,1,3,7,1,1,1,1,0,38,0.1247,0.034,4,1,1,0,0
NCRB-SYNTH-109262,Trial Court,Sec 439 CrPC (Regular Bail),1,12,31,0,0,1,1,1,0,1,1,1,1,0.7594,1,129,1,0,1,1,1,1,1,0.6638,51,6.5113,52.12,1,1,1768554.77,0.0376,0,1,2.43,4,4,6,1,1,1,1,0,1,0.6887,0.9937,1,1,1,0,1
NCRB-SYNTH-109272,Trial Court,Sec 482 CrPC (Quashing),1,22,94,1,0,1,1,1,0,1,1,1,1,0.8912,1,46,1,1,1,1,1,0,1,0.7837,118,5.6985,211.16,1,1,801673.29,0.189,1,1,19.33,1,3,5,1,1,1,1,0,4,0.0513,0.0319,5,1,1,0,1
NCRB-SYNTH-109274,High Court,Sec 439 CrPC (Regular Bail),1,15,5,1,0,1,1,1,0,1,1,1,1,0.4045,1,39,1,0,1,1,1,1,1,0.7528,63,7.3739,182.08,1,1,3198265.85,0.0223,1,1,14.24,5,1,10,1,1,1,1,0,33,0.1961,0.0556,4,1,1,1,0
NCRB-SYNTH-109278,Trial Court,Sec 439 CrPC (Regular Bail),1,19,77,1,0,1,1,1,0,1,1,1,1,0.631,1,145,1,1,1,1,0,0,1,0.6557,57,7.9735,113.49,1,1,3939228.36,0.0996,0,1,19.44,4,2,3,1,1,1,1,0,11,0.2082,0.0838,3,1,1,0,1
NCRB-SYNTH-109281,Supreme Court,Sec 482 CrPC (Quashing),1,19,35,0,0,1,1,1,1,1,1,1,1,0.7149,1,128,1,1,1,1,0,1,1,0.7606,94,3.8353,118.79,1,1,3800306.24,0.0454,1,1,13.65,3,4,4,0,1,1,1,0,4,0.101,0.0628,3,1,1,0,1
NCRB-SYNTH-109289,Trial Court,Sec 439 CrPC (Regular Bail),1,9,57,1,0,1,1,1,0,1,1,1,1,0.8537,1,149,1,1,1,1,1,1,1,0.5139,134,5.2412,73.0,1,1,4331869.53,0.0492,1,1,1.4,1,1,4,1,1,0,0,1,25,0.2515,0.0772,4,1,1,1,1
NCRB-SYNTH-109291,High Court,Sec 439 CrPC (Regular Bail),1,21,20,1,0,1,1,1,0,1,1,1,1,0.821,1,24,1,1,1,1,0,0,1,0.7144,100,4.4822,191.45,1,1,674232.26,0.0772,1,1,16.7,4,4,3,0,1,1,1,0,4,0.2178,0.1353,5,1,1,1,1
NCRB-SYNTH-109292,Trial Court,Sec 439 CrPC (Regular Bail),4,4,78,1,0,1,1,1,0,1,1,1,1,0.8292,1,26,1,1,1,1,1,1,1,0.6779,142,4.1724,230.28,1,1,1876238.49,0.1796,0,1,3.49,2,4,8,1,1,1,1,0,2,0.9139,0.8319,1,1,1,0,1
NCRB-SYNTH-109293,Trial Court,Sec 439 CrPC (Regular Bail),1,12,28,1,0,1,1,1,1,1,1,1,1,0.8126,1,146,1,1,1,1,0,0,1,0.5745,146,5.4214,238.02,1,1,3393060.06,0.0379,0,1,9.03,3,4,3,1,1,1,1,0,9,0.087,0.0378,5,1,1,0,1
NCRB-SYNTH-109302,High Court,Sec 439 CrPC (Regular Bail),1,10,50,1,0,1,1,1,0,1,1,1,1,0.5497,1,166,1,1,1,1,0,0,1,0.5999,88,6.2797,257.8,1,1,2632984.71,0.019,1,1,5.96,2,3,5,0,1,1,1,0,11,0.0515,0.0207,3,1,1,0,0
NCRB-SYNTH-109304,Trial Court,Sec 439 CrPC (Regular Bail),1,22,93,1,0,1,1,1,0,1,1,1,1,0.6028,1,118,1,1,1,1,0,0,1,0.6043,114,6.835,63.01,1,1,4354295.24,0.1402,1,1,20.5,5,2,8,1,1,1,1,0,8,0.1876,0.0854,3,1,1,1,1
NCRB-SYNTH-109310,Trial Court,Sec 439 CrPC (Regular Bail),1,23,87,1,0,1,1,1,1,1,1,1,1,0.5439,1,18,0,0,1,1,0,1,1,0.7197,70,6.107,186.19,1,1,1494299.44,0.1846,0,1,18.63,4,4,4,0,1,1,1,0,8,0.0599,0.0273,3,1,1,1,0
NCRB-SYNTH-109314,Trial Court,Sec 439 CrPC (Regular Bail),1,18,34,1,0,1,1,1,1,1,1,1,1,0.4286,1,16,1,1,1,1,1,1,1,0.7865,68,3.3061,221.77,1,1,1697552.54,0.1239,1,1,4.45,3,1,4,1,1,1,1,0,9,0.1063,0.0462,5,1,1,1,0
NCRB-SYNTH-109318,High Court,Sec 482 CrPC (Quashing),2,4,96,1,0,1,1,1,1,1,1,1,1,0.4977,1,116,0,1,1,0,0,1,1,0.813,45,5.3671,174.57,1,1,2542155.24,0.0105,1,1,12.39,5,1,6,1,1,1,1,0,22,0.1879,0.0599,4,1,1,1,0
NCRB-SYNTH-109324,Supreme Court,Sec 439 CrPC (Regular Bail),1,9,79,1,0,1,1,1,0,1,1,1,1,0.8317,0,67,1,1,1,1,0,0,1,0.6753,108,4.8392,220.39,1,1,357107.89,0.0856,1,1,1.72,1,2,6,1,1,1,1,0,1,0.7762,1.1199,1,1,1,0,1
NCRB-SYNTH-109333,Trial Court,Sec 439 CrPC (Regular Bail),7,11,95,1,0,1,1,1,1,1,1,1,1,0.4065,1,58,0,0,1,1,0,1,1,0.4142,50,7.5716,117.64,1,1,1269871.71,0.1437,1,1,8.62,3,3,3,0,1,1,1,0,9,0.1778,0.0772,3,1,1,1,0
NCRB-SYNTH-109335,Trial Court,Sec 439 CrPC (Regular Bail),1,15,5,1,0,1,1,1,1,1,1,1,1,0.8745,0,35,1,1,1,1,0,0,1,0.6476,55,7.9936,143.77,1,1,1842955.32,0.0872,1,1,6.37,5,2,9,1,1,1,1,0,2,0.8783,0.7994,1,1,1,0,1
NCRB-SYNTH-109340,Trial Court,Sec 439 CrPC (Regular Bail),2,10,20,1,0,1,1,1,0,1,1,1,1,0.5265,0,112,1,1,1,1,1,0,1,0.593,132,5.2061,258.48,1,1,3569875.0,0.1017,1,1,37.05,2,1,5,1,1,1,1,0,7,0.2455,0.1181,5,1,1,1,0
NCRB-SYNTH-109342,High Court,Sec 439 CrPC (Regular Bail),1,16,72,1,0,1,1,1,1,1,1,1,1,0.4316,1,84,1,1,1,1,0,0,1,0.5316,93,5.6156,192.44,1,1,1967685.16,0.1469,1,1,8.07,4,3,10,1,1,1,1,0,5,0.134,0.0748,3,1,1,0,0
NCRB-SYNTH-109361,Trial Court,Sec 439 CrPC (Regular Bail),1,6,89,1,0,1,1,1,0,1,1,1,1,0.8977,1,90,0,0,1,1,1,1,1,0.5677,105,7.5757,269.33,1,1,394451.4,0.1447,0,1,2.37,1,3,9,0,1,0,0,1,43,0.1321,0.0349,4,1,1,1,0
NCRB-SYNTH-109363,Trial Court,Sec 439 CrPC (Regular Bail),45,3,19,1,0,1,1,1,1,1,1,1,1,0.6463,1,115,1,1,1,1,0,1,1,0.7453,106,6.194,272.61,1,1,1278818.66,0.0743,1,1,13.81,4,4,9,1,1,1,1,0,16,0.2703,0.0954,4,1,1,0,1
NCRB-SYNTH-109366,Trial Court,Trial Judgment,1,19,79,1,0,1,1,1,1,1,1,1,1,0.5178,1,139,0,1,1,1,1,1,1,0.9116,117,7.1757,281.02,1,1,3669729.19,0.011,0,1,4.77,1,1,6,1,1,1,1,0,5,0.0935,0.0522,5,1,1,0,0
NCRB-SYNTH-109367,High Court,Sec 482 CrPC (Quashing),4,20,71,1,0,1,1,1,1,1,1,1,1,0.8836,1,46,0,0,1,1,1,1,1,0.5974,137,5.8654,145.75,1,1,1900470.04,0.147,0,1,2.19,5,2,5,0,1,1,1,0,7,0.1551,0.0746,3,1,1,1,0
NCRB-SYNTH-109378,High Court,Sec 439 CrPC (Regular Bail),2,9,48,1,0,1,1,1,0,1,1,1,1,0.9311,1,71,0,0,1,1,0,0,1,0.7122,66,6.2557,191.51,1,1,1241690.76,0.0975,0,1,3.9,5,3,9,0,1,1,1,0,8,0.2295,0.1045,5,1,1,0,0
NCRB-SYNTH-109384,High Court,Sec 439 CrPC (Regular Bail),4,13,30,1,0,1,1,1,0,1,1,1,1,0.6051,1,28,1,1,1,0,1,0,1,0.7411,94,5.4392,113.39,1,1,1868362.67,0.1503,0,1,30.06,5,1,3,1,1,1,1,0,22,0.1496,0.0477,4,1,1,1,1
NCRB-SYNTH-109385,Trial Court,Sec 439 CrPC (Regular Bail),2,8,71,1,0,1,1,1,0,1,1,1,1,0.5177,1,52,1,1,1,1,1,1,1,0.6882,143,3.5525,113.01,1,1,3907442.35,0.0989,0,1,2.35,4,1,8,1,1,1,1,0,6,0.1096,0.0563,3,1,1,0,0
NCRB-SYNTH-109389,High Court,Sec 439 CrPC (Regular Bail),4,19,36,1,0,1,1,1,0,1,1,1,1,0.5832,1,61,1,1,1,1,0,1,1,0.579,86,4.4408,126.27,1,1,885966.66,0.1939,1,1,3.18,4,4,4,1,1,1,1,0,6,0.1907,0.098,3,1,1,0,0
NCRB-SYNTH-109390,High Court,Sec 439 CrPC (Regular Bail),7,12,68,0,0,1,1,1,0,1,1,1,1,0.8431,1,80,1,0,1,1,0,0,1,0.6878,110,3.9524,190.41,1,1,2938743.71,0.1273,1,1,8.47,2,3,10,0,1,0,0,1,4,0.1099,0.0683,5,1,1,0,1
NCRB-SYNTH-109395,Trial Court,Sec 482 CrPC (Quashing),1,21,78,1,0,1,1,1,0,1,1,1,1,0.7193,1,133,0,0,1,0,1,1,1,0.6248,136,6.1281,166.14,1,1,3380170.43,0.1822,1,1,39.66,3,1,7,0,1,1,1,0,37,0.1103,0.0303,4,1,1,1,0
NCRB-SYNTH-109398,Trial Court,Sec 439 CrPC (Regular Bail),2,5,78,1,0,1,1,1,1,1,1,1,1,0.4144,1,44,1,0,1,1,1,1,1,0.7512,58,5.9251,282.52,1,1,2052431.21,0.0388,1,1,10.52,3,3,8,1,1,1,1,0,11,0.1817,0.0731,3,1,1,0,0
NCRB-SYNTH-109399,Trial Court,Sec 439 CrPC (Regular Bail),7,23,66,1,0,1,1,1,1,1,1,1,1,0.7083,1,60,0,0,1,1,0,1,1,0.666,75,6.5032,84.6,1,1,559361.22,0.0029,0,1,4.07,4,2,2,0,1,1,1,0,35,0.2491,0.0695,4,1,1,0,0
NCRB-SYNTH-109406,High Court,Sec 439 CrPC (Regular Bail),1,25,15,1,0,1,1,1,0,1,1,1,1,0.6034,1,164,0,0,1,1,1,0,1,0.9268,149,7.775,77.58,1,1,3973701.79,0.1453,0,1,10.74,4,1,8,0,1,1,1,0,4,0.1429,0.0888,5,1,1,0,0
NCRB-SYNTH-109408,High Court,Sec 482 CrPC (Quashing),7,3,82,1,0,1,1,1,1,1,1,1,1,0.604,1,102,0,0,1,1,1,1,1,0.7246,130,7.4899,104.65,1,1,1337507.71,0.1481,0,1,4.2,4,3,2,1,1,1,1,0,8,0.2377,0.1082,5,1,1,0,0
NCRB-SYNTH-109410,High Court,Sec 439 CrPC (Regular Bail),1,20,99,1,0,1,1,1,1,1,1,1,1,0.4945,1,145,1,1,1,0,0,1,1,0.5978,142,5.3877,176.62,1,1,4358783.12,0.1008,0,1,16.08,5,3,7,1,1,0,0,1,8,0.0854,0.0389,5,1,1,0,0
NCRB-SYNTH-109415,Trial Court,Sec 439 CrPC (Regular Bail),21,7,52,1,0,1,1,1,1,1,1,1,1,0.8951,1,113,0,0,1,0,1,1,1,0.5357,73,6.6318,210.02,1,1,1206592.18,0.1376,0,1,31.64,2,1,9,1,1,0,0,1,25,0.2457,0.0754,4,1,1,0,0
NCRB-SYNTH-109419,Trial Court,Sec 482 CrPC (Quashing),2,11,10,1,0,1,1,1,0,1,1,1,1,0.6596,1,85,1,1,1,1,1,1,1,0.7346,99,5.7974,282.96,1,1,1993077.97,0.1307,0,1,34.54,2,3,4,1,1,1,1,0,3,0.8223,0.5932,1,1,1,0,1
NCRB-SYNTH-109420,Supreme Court,Sec 439 CrPC (Regular Bail),1,20,58,1,0,1,1,1,0,1,1,1,1,0.7309,1,120,1,1,1,1,1,1,1,0.5376,130,4.6377,75.68,1,1,2850917.85,0.1733,1,1,3.54,4,1,10,1,1,1,1,0,9,0.2412,0.1048,5,1,1,1,1
NCRB-SYNTH-109422,Trial Court,Sec 439 CrPC (Regular Bail),27,21,66,1,0,1,1,1,0,1,1,1,1,0.8914,0,133,1,0,1,1,1,0,1,0.7418,68,7.9547,244.0,1,1,3532356.03,0.1958,0,1,5.79,2,4,2,1,1,1,1,0,10,0.2272,0.0948,5,1,1,0,1
NCRB-SYNTH-109424,High Court,Writ Petition (Detention),4,23,58,1,0,1,1,1,1,1,1,1,1,0.4018,1,35,1,1,1,1,0,1,1,0.8413,117,7.0343,82.89,1,1,4169458.14,0.0035,1,1,11.77,5,4,3,1,1,1,1,0,9,0.2285,0.0993,3,1,1,0,0
NCRB-SYNTH-109429,High Court,Sec 439 CrPC (Regular Bail),1,3,91,1,0,1,1,1,0,1,1,1,1,0.4275,1,98,1,1,1,1,0,1,1,0.7729,67,5.1926,88.55,1,1,1938672.85,0.1929,0,1,6.83,5,1,10,1,1,1,1,0,6,0.2282,0.1173,5,1,1,1,0
NCRB-SYNTH-109444,Trial Court,Sec 439 CrPC (Regular Bail),2,14,19,1,0,1,1,1,0,1,1,1,1,0.5833,1,164,1,0,1,1,0,0,1,0.7794,45,6.2679,47.43,1,1,4012804.53,0.1193,0,1,7.58,4,2,10,0,1,1,1,0,9,0.1924,0.0835,5,1,1,0,0
NCRB-SYNTH-109445,Trial Court,Sec 482 CrPC (Quashing),1,5,71,1,1,1,1,1,1,1,1,1,1,0.8364,0,18,1,1,1,1,0,1,1,0.5058,60,7.9332,171.42,1,1,1004101.81,0.0312,1,1,27.37,1,2,9,1,1,0,0,1,1,0.5397,0.7787,1,1,1,1,1
NCRB-SYNTH-109451,High Court,Sec 439 CrPC (Regular Bail),1,13,35,1,0,1,1,1,0,1,1,1,1,0.5874,0,94,0,0,1,1,1,1,1,0.7772,69,5.531,56.64,1,1,3445197.67,0.0999,1,1,15.83,3,1,6,1,1,1,1,0,24,0.245,0.0761,4,1,1,1,0
NCRB-SYNTH-109457,Trial Court,Sec 439 CrPC (Regular Bail),2,23,75,1,0,1,1,1,0,1,1,1,1,0.4487,1,135,1,1,1,1,1,1,1,0.8465,132,7.0671,253.71,1,1,3240090.47,0.0392,1,1,9.19,4,2,2,1,1,1,1,0,9,0.1424,0.0618,3,1,1,1,0
NCRB-SYNTH-109464,High Court,Sec 482 CrPC (Quashing),1,25,59,0,0,1,1,1,0,1,1,1,1,0.6426,1,42,1,1,1,1,0,1,1,0.6448,41,4.0175,287.18,1,1,3684502.84,0.1019,1,1,7.26,3,4,4,0,1,0,0,1,1,0.5986,0.8636,1,1,1,0,1
NCRB-SYNTH-109469,Trial Court,Sec 439 CrPC (Regular Bail),1,14,96,1,0,1,1,1,1,1,1,1,1,0.7942,1,120,1,1,1,1,1,0,1,0.7514,79,3.4662,76.62,1,1,3889942.15,0.1013,1,1,19.66,5,1,2,1,1,1,1,0,22,0.1593,0.0508,4,1,1,0,1
NCRB-SYNTH-109470,High Court,Sec 439 CrPC (Regular Bail),2,18,47,1,0,1,1,1,0,1,1,1,1,0.4108,1,96,0,0,1,1,1,0,1,0.6579,109,5.6625,250.74,1,1,1932929.62,0.0995,1,1,16.85,5,3,6,0,1,1,1,0,3,0.424,0.3059,1,1,1,0,0
NCRB-SYNTH-109471,High Court,Trial Judgment,4,7,29,1,0,1,1,1,1,1,1,1,1,0.643,1,145,1,1,1,0,0,1,1,1.0,140,3.2726,201.51,1,1,2827666.49,0.0837,0,1,15.94,4,4,2,1,1,1,1,0,9,0.1875,0.0814,3,1,1,1,1
NCRB-SYNTH-109490,High Court,Sec 482 CrPC (Quashing),1,11,54,1,0,1,1,1,1,1,1,1,1,0.6194,1,150,1,0,1,1,1,0,1,0.617,114,4.7182,51.76,1,1,3471369.58,0.0974,1,1,4.37,3,1,3,1,1,1,1,0,2,0.6212,0.5655,1,1,1,0,1
NCRB-SYNTH-109491,Trial Court,Sec 439 CrPC (Regular Bail),2,18,42,1,0,1,1,1,0,1,1,1,1,0.7091,1,159,1,1,1,1,0,1,1,0.7725,120,5.9646,64.11,1,1,3725477.54,0.185,1,1,11.57,3,3,10,1,1,1,1,0,10,0.0886,0.0369,5,1,1,1,1
NCRB-SYNTH-109496,High Court,Writ Petition (Detention),7,16,64,1,0,1,1,1,1,1,1,1,1,0.5586,1,62,1,1,1,1,1,0,1,0.5424,49,7.5592,95.79,1,1,1796930.05,0.1239,1,1,19.47,4,1,3,1,1,1,1,0,12,0.1655,0.0645,4,1,1,0,0
NCRB-SYNTH-109497,Trial Court,Sec 439 CrPC (Regular Bail),4,23,89,0,0,1,1,1,1,1,1,1,1,0.7885,1,163,1,1,1,0,1,0,1,0.8309,129,7.215,63.91,1,1,2639790.64,0.0789,0,1,8.26,1,1,10,1,1,0,0,1,11,0.1391,0.056,5,1,1,1,1
NCRB-SYNTH-109498,Trial Court,Sec 439 CrPC (Regular Bail),1,13,56,1,0,1,1,1,0,1,1,1,1,0.3938,1,88,1,1,1,1,1,1,1,0.8981,68,5.7688,225.97,1,1,2757881.7,0.0321,1,1,25.97,2,1,8,1,1,1,1,0,23,0.1193,0.0375,4,1,1,1,0
NCRB-SYNTH-109501,Trial Court,Sec 439 CrPC (Regular Bail),2,4,88,1,0,1,1,1,0,1,1,1,1,0.8425,1,65,1,1,1,1,1,1,1,0.659,78,3.5239,168.59,1,1,1821111.75,0.0038,0,1,7.48,3,4,5,1,1,1,1,0,4,0.1881,0.1169,5,1,1,1,1
NCRB-SYNTH-109505,Trial Court,Sec 439 CrPC (Regular Bail),2,22,74,1,0,1,1,1,0,1,1,1,1,0.8248,1,72,1,0,1,1,1,1,1,0.7995,69,4.9848,213.66,1,1,4246449.37,0.1964,1,1,1.52,3,1,4,1,1,1,1,0,7,0.2187,0.1051,5,1,1,0,1
NCRB-SYNTH-109506,Trial Court,Sec 439 CrPC (Regular Bail),7,21,80,1,0,1,1,1,0,1,1,1,1,0.5808,1,179,1,0,1,1,0,1,1,0.921,49,3.4937,158.29,1,1,1099949.46,0.0325,1,1,21.13,4,2,5,0,1,1,1,0,6,0.1884,0.0968,3,1,1,0,0
NCRB-SYNTH-109511,Trial Court,Sec 439 CrPC (Regular Bail),1,19,85,0,0,1,1,1,0,1,1,1,1,0.6722,0,43,1,1,1,1,1,1,1,0.6914,113,6.2967,150.37,1,1,3264638.98,0.013,1,1,2.25,2,1,8,1,1,1,1,0,41,0.1293,0.0346,4,1,1,0,1
NCRB-SYNTH-109512,Supreme Court,Trial Judgment,1,11,49,1,0,1,1,1,0,1,1,1,1,0.4265,1,95,1,1,1,1,0,1,1,0.6423,121,5.3064,141.27,1,1,3059225.95,0.0368,1,1,1.47,5,1,7,1,1,1,1,0,6,0.0969,0.0498,5,1,1,0,0
NCRB-SYNTH-109517,High Court,Writ Petition (Detention),1,14,23,1,0,1,1,1,0,1,1,1,1,0.5602,1,135,1,1,1,1,1,1,1,0.6843,97,3.201,185.61,1,1,3669285.65,0.0575,1,1,3.18,5,2,5,1,1,1,1,0,1,0.6861,0.9898,1,1,1,0,0
NCRB-SYNTH-109519,Trial Court,Sec 439 CrPC (Regular Bail),1,19,46,1,0,1,1,1,0,1,1,1,1,0.8277,1,60,0,0,1,1,0,1,1,0.4664,78,6.6058,216.32,1,1,4355533.27,0.0933,1,1,10.64,1,3,2,0,1,1,1,0,8,0.1043,0.0475,3,1,1,0,0
NCRB-SYNTH-109520,Supreme Court,Sec 439 CrPC (Regular Bail),15,8,97,1,0,1,1,1,1,1,1,1,1,0.3797,1,172,1,1,1,1,0,0,1,0.7772,40,4.9981,84.51,1,1,4058034.73,0.0125,0,1,3.77,1,3,8,1,1,1,1,0,4,0.0832,0.0517,5,1,1,0,0
NCRB-SYNTH-109526,Trial Court,Sec 439 CrPC (Regular Bail),4,19,34,1,0,1,1,1,1,1,1,1,1,0.6769,1,56,0,0,1,0,1,1,1,0.7682,40,7.8449,223.71,1,1,3866846.12,0.1419,0,1,7.28,3,2,5,1,1,1,1,0,9,0.1314,0.0571,3,1,1,0,0
NCRB-SYNTH-109533,Trial Court,Writ Petition (Detention),1,12,69,1,0,1,1,1,1,1,1,1,1,0.8185,1,88,0,0,1,1,1,1,1,0.5143,123,7.8087,162.95,1,1,3397412.3,0.008,0,1,28.32,2,2,9,1,1,1,1,0,9,0.1041,0.0452,3,1,1,0,0
NCRB-SYNTH-109535,High Court,Trial Judgment,1,20,83,0,0,1,1,1,1,1,1,1,1,0.7419,1,143,0,1,1,1,1,0,1,0.752,65,7.8807,81.76,1,1,1313253.48,0.1762,1,1,4.15,2,1,5,1,1,1,1,0,14,0.2613,0.0965,4,1,1,0,0
NCRB-SYNTH-109536,Trial Court,Sec 482 CrPC (Quashing),1,16,9,1,0,1,1,1,1,1,1,1,1,0.5398,1,44,1,1,1,1,0,1,1,0.9171,130,4.4435,220.97,1,1,4074978.56,0.0342,0,1,5.34,5,4,5,1,1,1,1,0,7,0.0791,0.038,5,1,1,0,0
NCRB-SYNTH-109544,High Court,Sec 482 CrPC (Quashing),4,25,15,1,0,1,1,1,0,1,1,1,1,0.363,1,130,1,1,1,0,0,1,1,0.7092,85,3.3993,278.37,1,1,2358556.48,0.1535,0,1,2.02,5,2,2,1,1,1,1,0,1,0.5667,0.8176,1,1,1,0,0
NCRB-SYNTH-109549,Trial Court,Sec 439 CrPC (Regular Bail),15,25,88,1,0,1,1,1,0,1,1,1,1,0.7731,1,172,1,1,1,1,1,1,1,0.7228,132,7.3236,219.1,1,1,2379435.38,0.0557,0,1,13.71,5,2,3,1,1,1,1,0,33,0.2198,0.0623,4,1,1,1,1
NCRB-SYNTH-109558,Trial Court,Sec 439 CrPC (Regular Bail),2,15,94,1,0,1,1,1,1,1,1,1,1,0.7733,0,116,1,1,1,1,0,1,1,0.6258,57,3.22,113.72,1,1,1635878.59,0.0533,1,1,5.12,3,4,6,0,1,1,1,0,24,0.2835,0.0881,4,1,1,0,1
NCRB-SYNTH-109564,Trial Court,Sec 439 CrPC (Regular Bail),2,24,95,1,0,1,1,1,0,1,1,1,1,0.7635,0,35,1,1,1,1,0,1,1,0.5076,105,6.6183,194.42,1,1,1687753.26,0.0869,1,1,5.15,3,3,9,1,1,1,1,0,12,0.2508,0.0978,4,1,1,0,1
NCRB-SYNTH-109565,High Court,Sec 439 CrPC (Regular Bail),4,10,93,0,0,1,1,1,0,1,1,1,1,0.9339,0,35,0,0,1,1,0,0,1,0.6189,45,4.3384,268.06,1,1,2572642.8,0.182,0,1,8.42,4,1,10,1,1,0,0,1,23,0.2769,0.0871,4,1,1,0,0
NCRB-SYNTH-109569,High Court,Sec 439 CrPC (Regular Bail),1,24,14,1,0,1,1,1,0,1,1,1,1,0.764,1,163,1,1,1,0,1,1,1,0.6835,86,4.3117,74.91,1,1,3731213.06,0.0141,1,1,9.02,5,2,10,1,1,1,1,0,9,0.1438,0.0625,5,1,1,1,1
NCRB-SYNTH-109571,High Court,Sec 439 CrPC (Regular Bail),1,8,64,1,0,1,1,1,0,1,1,1,1,0.5253,0,85,0,0,1,1,1,1,1,0.5032,42,7.2915,248.34,1,1,3402453.48,0.0242,1,1,3.61,5,2,3,1,1,1,1,0,6,0.2338,0.1202,5,1,1,0,0
NCRB-SYNTH-109575,High Court,Sec 439 CrPC (Regular Bail),2,15,100,1,0,1,1,1,0,1,1,1,1,0.4135,1,144,0,0,1,1,1,1,1,0.5689,119,4.3096,133.64,1,1,3160680.66,0.1011,0,1,16.11,1,4,8,1,1,1,1,0,8,0.0962,0.0438,3,1,1,0,0
NCRB-SYNTH-109582,Trial Court,Trial Judgment,1,7,26,1,0,1,1,1,0,1,1,1,1,0.8153,1,145,1,1,1,0,1,0,1,0.7529,136,4.4942,229.37,1,1,4270722.99,0.1507,0,1,4.29,5,4,2,1,1,1,1,0,7,0.066,0.0318,3,1,1,1,1
NCRB-SYNTH-109588,High Court,Sec 439 CrPC (Regular Bail),4,19,91,1,0,1,1,1,0,1,1,1,1,0.8428,1,61,1,1,1,0,1,0,1,0.6322,71,6.5398,84.57,1,1,1119760.66,0.1684,1,1,8.35,4,4,6,1,1,1,1,0,6,0.1607,0.0826,5,1,1,0,1
NCRB-SYNTH-109589,Trial Court,Sec 439 CrPC (Regular Bail),1,21,87,1,0,1,1,1,0,1,1,1,1,0.4516,1,13,1,0,1,1,0,0,1,0.3832,64,4.9539,71.06,1,1,4307683.67,0.0332,0,1,15.61,5,3,7,1,1,1,1,0,21,0.1058,0.0342,4,1,1,0,0
NCRB-SYNTH-109591,Trial Court,Writ Petition (Detention),4,3,26,1,0,1,1,1,0,1,1,1,1,0.4205,1,90,1,0,1,0,1,1,1,0.6735,85,5.5418,165.71,1,1,2248781.86,0.1021,1,1,2.2,3,3,8,1,1,1,1,0,11,0.198,0.0797,5,1,1,0,0
NCRB-SYNTH-109594,High Court,Trial Judgment,1,4,98,1,0,1,1,1,1,1,1,1,1,0.5945,1,86,1,1,1,1,0,0,1,0.8709,115,7.7708,110.98,1,1,268828.86,0.0047,0,1,13.77,2,4,3,1,1,1,1,0,11,0.1162,0.0468,3,1,1,0,0
NCRB-SYNTH-109596,Trial Court,Sec 482 CrPC (Quashing),1,14,23,1,0,1,1,1,1,1,1,1,1,0.4728,1,33,1,1,1,0,1,0,1,0.7482,100,3.7903,288.58,1,1,382337.97,0.0248,0,1,4.08,3,3,7,0,1,0,0,1,26,0.282,0.0856,4,1,1,0,0
NCRB-SYNTH-109597,Trial Court,Sec 482 CrPC (Quashing),2,3,26,1,0,1,1,1,1,1,1,1,1,0.5355,1,154,1,0,1,1,1,1,1,0.6441,45,5.7726,288.12,1,1,456613.87,0.1019,1,1,11.74,5,2,8,1,1,1,1,0,2,0.4711,0.4288,1,1,1,0,0
NCRB-SYNTH-109600,High Court,Sec 482 CrPC (Quashing),1,14,5,1,0,1,1,1,1,1,1,1,1,0.7673,0,175,1,1,1,1,0,1,1,0.69,75,7.0468,66.42,1,1,2774916.13,0.0846,1,1,32.18,3,1,2,1,1,1,1,0,36,0.1795,0.0497,4,1,1,0,1
NCRB-SYNTH-109608,High Court,Sec 482 CrPC (Quashing),1,7,52,1,0,1,1,1,0,1,1,1,1,0.8006,1,113,1,1,1,1,1,1,1,0.8039,88,5.3753,113.79,1,1,2113142.76,0.1495,1,1,9.41,1,2,7,1,1,1,1,0,4,0.1003,0.0623,3,1,1,0,1
NCRB-SYNTH-109621,High Court,Sec 439 CrPC (Regular Bail),1,18,96,1,0,1,1,1,0,1,1,1,1,0.9519,1,63,0,0,1,1,0,1,1,0.8462,109,3.9687,70.88,1,1,3392666.21,0.1897,1,1,34.56,4,1,10,1,1,1,1,0,7,0.1748,0.0841,5,1,1,0,0
NCRB-SYNTH-109623,Trial Court,Sec 439 CrPC (Regular Bail),1,16,41,1,0,1,1,1,0,1,1,1,1,0.5545,1,93,0,0,1,1,1,0,1,0.9191,133,4.4594,84.5,1,1,3610274.81,0.0976,1,1,2.16,3,1,7,1,1,1,1,0,6,0.197,0.1013,5,1,1,0,0
NCRB-SYNTH-109625,Trial Court,Trial Judgment,1,12,32,1,0,1,1,1,1,1,1,1,1,0.99,1,53,1,1,1,1,1,1,1,0.967,123,3.3166,170.93,1,1,2704784.87,0.0155,1,1,14.55,4,3,3,1,1,1,1,0,8,0.087,0.0396,5,1,1,0,1
NCRB-SYNTH-109630,High Court,Sec 482 CrPC (Quashing),7,18,97,1,0,1,1,1,1,1,1,1,1,0.5137,1,58,1,1,1,1,0,1,1,0.7672,121,5.2684,115.63,1,1,3545594.03,0.0455,1,1,14.24,4,3,4,1,1,1,1,0,9,0.2267,0.0985,5,1,1,1,0
NCRB-SYNTH-109639,High Court,Sec 439 CrPC (Regular Bail),1,3,88,1,0,1,1,1,0,1,1,1,1,0.7209,1,91,0,0,1,0,0,1,1,0.8127,91,6.4488,284.82,1,1,2949426.06,0.165,0,1,2.87,1,1,2,1,1,1,1,0,3,0.448,0.3232,1,1,1,0,0
NCRB-SYNTH-109641,High Court,Trial Judgment,1,11,6,1,0,1,1,1,0,1,1,1,1,0.8649,1,16,1,1,1,1,0,0,1,0.7552,47,5.6364,90.02,1,1,3221709.64,0.1614,0,1,5.89,5,1,6,1,1,0,0,1,11,0.2368,0.0953,5,1,1,0,1
NCRB-SYNTH-109642,Supreme Court,Sec 439 CrPC (Regular Bail),4,16,60,1,0,1,1,1,0,1,1,1,1,0.8675,1,24,1,0,1,1,1,1,1,0.7186,52,5.0102,71.32,1,1,3508113.21,0.095,1,1,8.15,4,3,10,1,1,0,0,1,5,0.2403,0.1341,5,1,1,0,1
NCRB-SYNTH-109645,Supreme Court,Sec 439 CrPC (Regular Bail),1,9,69,1,0,1,1,1,0,1,1,1,1,0.4454,1,141,1,1,1,0,1,0,1,0.6844,83,4.9442,245.0,1,1,2648079.86,0.1681,1,1,13.08,4,2,4,1,1,1,1,0,11,0.0524,0.0211,5,1,1,1,0
NCRB-SYNTH-109648,Trial Court,Sec 482 CrPC (Quashing),1,22,48,1,0,1,1,1,0,1,1,1,1,0.5257,1,79,1,1,1,0,0,1,1,0.6919,120,6.1809,163.69,1,1,3282038.73,0.1577,1,1,9.03,4,3,10,1,1,1,1,0,40,0.2218,0.0597,4,1,1,0,0
NCRB-SYNTH-109655,High Court,Sec 439 CrPC (Regular Bail),2,12,22,1,0,1,1,1,0,1,1,1,1,0.8957,1,34,1,1,1,1,1,0,1,0.7124,85,7.224,191.75,1,1,824126.18,0.1665,0,1,35.44,1,2,9,0,1,1,1,0,20,0.1726,0.0567,4,1,1,1,1
NCRB-SYNTH-109671,High Court,Sec 439 CrPC (Regular Bail),2,12,87,1,0,1,1,1,0,1,1,1,1,0.8259,0,66,1,1,1,1,0,1,1,0.731,61,3.6453,97.99,1,1,3802900.57,0.1948,1,1,3.9,4,4,8,1,1,1,1,0,44,0.229,0.0602,4,1,1,0,1
NCRB-SYNTH-109673,High Court,Sec 439 CrPC (Regular Bail),1,17,66,0,0,1,1,1,1,1,1,1,1,0.4145,1,84,1,1,1,1,0,1,1,0.4546,129,6.6719,268.26,1,1,4402166.02,0.1369,0,1,8.61,4,2,3,1,1,1,1,0,32,0.3115,0.0891,4,1,1,0,0
NCRB-SYNTH-109675,Trial Court,Sec 439 CrPC (Regular Bail),2,18,29,1,0,1,1,1,0,1,1,1,1,0.715,1,100,1,1,1,1,0,0,1,0.6599,47,5.9171,156.95,1,1,2269052.35,0.0813,0,1,11.11,5,2,10,1,1,0,0,1,6,0.2326,0.1195,5,1,1,1,1
NCRB-SYNTH-109679,High Court,Sec 439 CrPC (Regular Bail),4,25,56,1,0,1,1,1,1,1,1,1,1,0.7853,1,24,1,1,1,0,1,1,1,0.7246,58,6.5656,162.42,1,1,3984768.24,0.1174,1,1,13.4,4,2,2,1,1,1,1,0,6,0.1648,0.0847,5,1,1,0,1
NCRB-SYNTH-109681,High Court,Sec 439 CrPC (Regular Bail),4,7,67,1,0,1,1,1,1,1,1,1,1,0.7789,1,172,1,1,1,0,1,0,1,0.7738,108,5.2824,167.05,1,1,1566894.39,0.1834,1,1,5.75,5,2,3,1,1,1,1,0,34,0.1419,0.0399,4,1,1,1,1
NCRB-SYNTH-109686,High Court,Sec 439 CrPC (Regular Bail),4,6,50,1,0,1,1,1,0,1,1,1,1,0.918,1,82,1,1,1,1,1,0,1,0.7273,52,4.6048,102.72,1,1,1412557.89,0.1314,1,1,7.27,1,2,5,1,1,0,0,1,9,0.0773,0.0336,5,1,1,0,1
NCRB-SYNTH-109689,High Court,Writ Petition (Detention),7,3,60,0,0,1,1,1,0,1,1,1,1,0.5401,1,169,1,1,1,0,1,0,1,0.8505,40,5.7772,84.85,1,1,873866.0,0.168,1,1,17.58,3,4,10,1,1,1,1,0,38,0.2118,0.0578,4,1,1,0,0
NCRB-SYNTH-109692,Trial Court,Sec 439 CrPC (Regular Bail),2,9,68,1,0,1,1,1,0,1,1,1,1,0.9161,1,79,1,1,1,1,1,0,1,0.5498,70,7.5727,162.98,1,1,2356867.51,0.171,1,1,1.79,1,1,3,0,1,1,1,0,4,0.1224,0.076,5,1,1,1,1
NCRB-SYNTH-109693,Trial Court,Sec 439 CrPC (Regular Bail),4,5,24,1,0,1,1,1,0,1,1,1,1,0.8617,1,36,1,1,1,0,1,1,1,0.4905,108,6.7541,50.13,1,1,4250522.44,0.039,0,1,1.92,5,3,7,1,1,1,1,0,31,0.1774,0.0512,4,1,1,1,1
NCRB-SYNTH-109695,Trial Court,Sec 482 CrPC (Quashing),1,18,29,1,1,1,1,1,0,1,1,1,1,0.7085,1,149,1,1,1,0,0,1,1,0.7725,75,5.5739,211.75,1,1,381765.43,0.0593,1,1,10.82,2,1,4,1,1,0,0,1,8,0.1574,0.0717,5,1,1,1,1
NCRB-SYNTH-109699,Trial Court,Sec 439 CrPC (Regular Bail),1,13,38,0,0,1,1,1,1,1,1,1,1,0.5154,0,22,0,1,1,1,0,1,1,0.7478,93,7.1978,88.36,1,1,1940748.32,0.1979,0,1,4.44,3,4,2,1,1,1,1,0,2,0.856,0.7791,1,1,1,0,0
NCRB-SYNTH-109708,High Court,Sec 482 CrPC (Quashing),4,10,36,1,0,1,1,1,1,1,1,1,1,0.822,1,151,1,1,1,1,1,1,1,0.6235,87,5.5177,112.42,1,1,2611090.25,0.1745,1,1,4.19,1,2,10,1,1,1,1,0,32,0.2466,0.0705,4,1,1,0,1
NCRB-SYNTH-109709,Trial Court,Sec 439 CrPC (Regular Bail),4,8,5,1,0,1,1,1,0,1,1,1,1,0.5751,1,160,1,1,1,0,0,1,1,0.6847,65,5.4345,67.79,1,1,4463838.29,0.1392,0,1,21.8,4,3,5,0,1,0,0,1,42,0.2293,0.061,4,1,1,0,0
NCRB-SYNTH-109715,High Court,Trial Judgment,1,10,39,1,0,1,1,1,1,1,1,1,1,0.4001,1,65,0,0,1,1,1,0,1,0.6034,58,6.3451,82.26,1,1,4166888.36,0.1402,1,1,35.5,5,1,9,1,1,1,1,0,7,0.2438,0.1172,5,1,1,0,0
NCRB-SYNTH-109716,Trial Court,Sec 482 CrPC (Quashing),2,22,60,1,0,1,1,1,0,1,1,1,1,0.427,1,113,1,1,1,1,0,1,1,0.4707,147,4.767,115.16,1,1,1508748.17,0.0353,0,1,11.37,3,1,4,1,1,1,1,0,33,0.0864,0.0245,4,1,1,0,0
NCRB-SYNTH-109722,Trial Court,Sec 439 CrPC (Regular Bail),4,5,83,1,0,1,1,1,0,1,1,1,1,0.8517,1,61,1,1,1,0,0,0,1,0.6862,80,7.1114,206.76,1,1,1535261.41,0.0065,0,1,6.64,1,2,6,1,1,1,1,0,31,0.0876,0.0253,4,1,1,0,1
NCRB-SYNTH-109733,Trial Court,Sec 439 CrPC (Regular Bail),1,5,83,1,0,1,1,1,0,1,1,1,1,0.4718,1,126,1,1,1,1,1,1,1,0.8503,146,6.2614,107.8,1,1,3501395.97,0.007,1,1,1.07,2,2,8,1,1,1,1,0,11,0.148,0.0595,5,1,1,0,0
NCRB-SYNTH-109753,High Court,Writ Petition (Detention),1,10,94,1,0,1,1,1,0,1,1,1,1,0.9709,0,170,1,1,1,0,1,1,1,0.5576,101,7.792,298.82,1,1,2757907.6,0.027,0,1,2.38,3,4,6,1,1,0,0,1,41,0.1624,0.0434,4,1,1,1,1
NCRB-SYNTH-109774,Trial Court,Trial Judgment,21,22,64,1,0,1,1,1,1,1,1,1,1,0.975,1,77,1,1,1,1,1,1,1,0.5388,53,6.9661,181.48,1,1,3486536.81,0.049,1,1,1.85,3,2,2,1,1,1,1,0,2,0.7439,0.6771,1,1,1,1,1
NCRB-SYNTH-109776,Trial Court,Sec 439 CrPC (Regular Bail),15,22,65,1,0,1,1,1,0,1,1,1,1,0.9539,1,142,1,1,1,1,0,1,1,0.5149,60,5.3715,80.7,1,1,4186833.0,0.1683,0,1,2.08,4,2,5,1,1,1,1,0,17,0.0828,0.0287,4,1,1,0,1
NCRB-SYNTH-109777,High Court,Sec 439 CrPC (Regular Bail),1,14,19,1,0,1,1,1,1,1,1,1,1,0.5141,1,16,0,0,1,0,1,1,1,0.5906,135,7.7844,240.88,1,1,693857.07,0.1173,1,1,3.39,4,2,6,1,1,1,1,0,38,0.2219,0.0606,4,1,1,0,0
NCRB-SYNTH-109779,Supreme Court,Writ Petition (Detention),2,23,9,1,0,1,1,1,0,1,1,1,1,0.6583,1,43,0,0,1,0,1,1,1,0.6219,80,6.2221,204.66,1,1,467485.98,0.1802,0,1,11.19,2,4,5,1,1,1,1,0,10,0.1653,0.0689,3,1,1,1,0
NCRB-SYNTH-109781,High Court,Sec 482 CrPC (Quashing),2,19,36,1,0,1,1,1,1,1,1,1,1,0.6327,1,160,1,0,1,1,1,1,1,0.6109,119,5.6091,251.49,1,1,3283015.42,0.0816,0,1,3.16,2,2,5,0,1,0,0,1,9,0.0833,0.0362,5,1,1,0,1
NCRB-SYNTH-109782,Trial Court,Sec 439 CrPC (Regular Bail),1,22,100,1,0,1,1,1,0,1,1,1,1,0.6493,1,59,1,1,1,1,1,0,1,0.666,50,6.2353,192.64,1,1,1431146.55,0.0678,1,1,2.74,5,1,6,1,1,1,1,0,6,0.1197,0.0615,3,1,1,0,1
NCRB-SYNTH-109785,Trial Court,Sec 439 CrPC (Regular Bail),1,24,26,1,0,1,1,1,0,1,1,1,1,0.8529,1,124,1,1,1,0,1,0,1,0.5018,104,6.1794,66.17,1,1,3929298.04,0.1704,0,1,21.19,5,3,8,1,1,1,1,0,2,0.8996,0.8189,1,1,1,1,1
NCRB-SYNTH-109789,Supreme Court,Sec 439 CrPC (Regular Bail),1,19,16,1,0,1,1,1,0,1,1,1,1,0.5757,1,49,0,0,1,1,0,0,1,0.9221,130,6.8461,233.46,1,1,901860.38,0.1951,0,1,5.57,1,1,6,1,1,1,1,0,5,0.1336,0.0746,5,1,1,0,0
NCRB-SYNTH-109792,High Court,Writ Petition (Detention),21,7,68,0,0,1,1,1,0,1,1,1,1,0.6694,1,107,1,1,1,1,0,1,1,0.5565,103,5.5507,78.13,1,1,1072197.25,0.0665,0,1,13.04,3,4,4,1,1,1,1,0,30,0.2923,0.0851,4,1,1,1,1
NCRB-SYNTH-109795,High Court,Sec 439 CrPC (Regular Bail),1,15,79,0,0,1,1,1,0,1,1,1,1,0.6595,0,100,1,1,1,1,1,0,1,0.5873,55,4.2854,217.86,1,1,789727.23,0.1446,0,1,14.92,1,1,4,1,1,0,0,1,7,0.0714,0.0343,5,1,1,0,1
NCRB-SYNTH-109799,Trial Court,Sec 482 CrPC (Quashing),1,16,92,1,0,1,1,1,0,1,1,1,1,0.6174,1,89,1,1,1,1,1,1,1,0.748,67,6.8386,139.04,1,1,4237628.54,0.058,0,1,8.24,3,1,10,0,1,1,1,0,20,0.1416,0.0465,4,1,1,0,1
NCRB-SYNTH-109810,Trial Court,Sec 439 CrPC (Regular Bail),2,21,55,1,0,1,1,1,1,1,1,1,1,0.7827,1,152,1,1,1,0,1,1,1,0.6626,97,3.2267,293.7,1,1,2106085.28,0.1538,1,1,20.81,3,4,5,1,1,1,1,0,17,0.2475,0.0856,4,1,1,0,1
NCRB-SYNTH-109818,Trial Court,Sec 439 CrPC (Regular Bail),21,7,36,1,0,1,1,1,0,1,1,1,1,0.856,1,156,0,0,1,1,1,1,1,0.6504,56,7.553,155.66,1,1,4463209.71,0.184,1,1,23.26,1,2,2,0,1,1,1,0,43,0.1,0.0264,4,1,1,0,0
NCRB-SYNTH-109819,High Court,Sec 439 CrPC (Regular Bail),2,8,57,1,0,1,1,1,0,1,1,1,1,0.7923,0,119,1,1,1,1,1,1,1,0.5156,90,5.9167,220.62,1,1,1058316.36,0.1877,1,1,2.92,4,1,5,1,1,1,1,0,5,0.0729,0.0407,3,1,1,0,1
NCRB-SYNTH-109820,Trial Court,Sec 482 CrPC (Quashing),2,8,7,1,0,1,1,1,0,1,1,1,1,0.8795,1,39,1,1,1,1,1,1,1,0.5734,125,7.3321,291.21,1,1,2339925.73,0.031,0,1,2.49,4,3,3,1,1,1,1,0,17,0.2457,0.085,4,1,1,0,1
NCRB-SYNTH-109825,Supreme Court,Sec 439 CrPC (Regular Bail),7,21,96,1,0,1,1,1,0,1,1,1,1,0.4962,1,101,1,1,1,1,1,1,1,0.7161,106,6.6464,203.1,1,1,3399336.72,0.1545,0,1,18.34,4,4,10,1,1,1,1,0,6,0.1855,0.0953,5,1,1,1,0
NCRB-SYNTH-109827,Trial Court,Sec 482 CrPC (Quashing),27,3,62,1,0,1,1,1,0,1,1,1,1,0.5525,1,149,1,1,1,1,1,0,1,0.6692,86,7.5733,258.13,1,1,2432473.24,0.0577,1,1,1.27,2,3,4,1,1,1,1,0,7,0.2255,0.1084,3,1,1,0,0
NCRB-SYNTH-109828,High Court,Sec 482 CrPC (Quashing),7,19,49,1,0,1,1,1,1,1,1,1,1,0.37,1,101,1,1,1,1,1,0,1,0.5524,87,4.0289,260.85,1,1,3508580.28,0.0988,0,1,3.31,1,3,2,1,1,0,0,1,7,0.1241,0.0597,3,1,1,0,0
NCRB-SYNTH-109831,Trial Court,Sec 439 CrPC (Regular Bail),15,20,55,1,0,1,1,1,0,1,1,1,1,0.5343,1,91,0,0,1,0,0,1,1,0.6505,102,5.5986,250.58,1,1,2259716.32,0.0715,1,1,1.01,2,2,7,1,1,1,1,0,37,0.1457,0.0401,4,1,1,0,0
NCRB-SYNTH-109846,High Court,Trial Judgment,2,18,85,1,0,1,1,1,0,1,1,1,1,0.4705,1,19,1,1,1,1,1,1,1,0.7972,78,7.9323,61.79,1,1,2523606.46,0.0298,0,1,1.58,5,1,2,1,1,1,1,0,6,0.0795,0.0409,3,1,1,1,0
NCRB-SYNTH-109848,Trial Court,Sec 439 CrPC (Regular Bail),1,14,80,1,0,1,1,1,0,1,1,1,1,0.3883,0,73,0,1,1,1,1,1,1,0.4628,47,3.3013,153.98,1,1,954837.59,0.0092,1,1,20.63,5,3,9,1,1,0,0,1,8,0.2437,0.1109,3,1,1,1,0
NCRB-SYNTH-109850,High Court,Sec 439 CrPC (Regular Bail),21,21,53,1,0,1,1,1,1,1,1,1,1,0.5189,1,174,1,1,1,1,1,0,1,0.631,99,6.575,148.09,1,1,4154414.38,0.0675,1,1,16.59,5,3,3,1,1,1,1,0,5,0.064,0.0357,5,1,1,0,0
NCRB-SYNTH-109856,High Court,Sec 439 CrPC (Regular Bail),1,17,22,1,0,1,1,1,1,1,1,1,1,0.508,1,153,1,1,1,0,0,0,1,0.5416,58,7.6765,143.29,1,1,935786.97,0.0822,0,1,6.29,1,1,7,1,1,1,1,0,4,0.1084,0.0674,3,1,1,0,0
NCRB-SYNTH-109862,Trial Court,Trial Judgment,1,10,62,1,0,1,1,1,0,1,1,1,1,0.4423,1,42,1,0,1,1,1,1,1,0.7417,133,3.346,182.41,1,1,3445328.07,0.0782,1,1,16.29,5,3,2,1,1,1,1,0,9,0.1334,0.0579,5,1,1,0,0
NCRB-SYNTH-109867,High Court,Sec 439 CrPC (Regular Bail),1,21,38,0,0,1,1,1,1,1,1,1,1,0.9088,1,181,1,1,1,1,1,1,1,0.807,40,4.2999,171.02,1,1,3602765.74,0.1123,0,1,1.55,5,4,8,1,1,1,1,0,10,0.1377,0.0574,5,1,1,0,1
NCRB-SYNTH-109872,High Court,Sec 439 CrPC (Regular Bail),1,14,98,1,0,1,1,1,0,1,1,1,1,0.5567,1,117,1,1,1,1,0,0,1,0.5848,120,3.7298,54.39,1,1,3252184.53,0.0004,0,1,16.53,1,2,7,1,1,1,1,0,10,0.201,0.0838,3,1,1,0,0
NCRB-SYNTH-109878,High Court,Trial Judgment,1,6,100,1,0,1,1,1,0,1,1,1,1,0.8397,1,66,1,0,1,1,1,1,1,0.7732,92,6.1819,102.28,1,1,1608637.64,0.046,1,1,6.74,4,2,7,1,1,1,1,0,26,0.2115,0.0642,4,1,1,1,1
NCRB-SYNTH-109881,High Court,Sec 482 CrPC (Quashing),4,24,35,1,0,1,1,1,0,1,1,1,1,0.6182,0,157,1,1,1,0,1,0,1,0.5648,101,6.7708,288.87,1,1,2420840.1,0.1194,1,1,5.28,5,4,10,0,1,1,1,0,11,0.0738,0.0297,3,1,1,0,1
NCRB-SYNTH-109883,High Court,Writ Petition (Detention),1,3,83,0,0,1,1,1,0,1,1,1,1,0.4851,1,41,1,1,1,1,0,0,1,0.5152,105,3.7152,135.31,1,1,3123559.94,0.011,1,1,2.53,4,4,9,1,1,1,1,0,8,0.1528,0.0696,5,1,1,0,0
NCRB-SYNTH-109902,Trial Court,Sec 439 CrPC (Regular Bail),15,21,56,1,0,1,1,1,1,1,1,1,1,0.5756,1,80,0,0,1,0,1,1,1,0.6591,83,6.6216,51.26,1,1,885515.97,0.0476,1,1,4.61,1,1,5,1,1,1,1,0,7,0.0874,0.042,5,1,1,0,0
NCRB-SYNTH-109906,Trial Court,Writ Petition (Detention),7,10,61,1,0,1,1,1,1,1,1,1,1,0.802,1,165,1,1,1,1,1,1,1,0.7617,69,7.2627,273.47,1,1,1055263.68,0.0629,0,1,9.87,4,4,4,1,1,0,0,1,42,0.2269,0.0603,4,1,1,0,1
NCRB-SYNTH-109915,Supreme Court,Sec 439 CrPC (Regular Bail),1,7,55,1,0,1,1,1,0,1,1,1,1,0.5533,0,172,1,0,1,0,1,1,1,0.4444,91,7.0153,178.3,1,1,3332600.55,0.0294,1,1,3.22,5,3,10,1,1,1,1,0,6,0.0922,0.0474,5,1,1,0,0
NCRB-SYNTH-109920,Trial Court,Sec 439 CrPC (Regular Bail),2,6,87,1,0,1,1,1,1,1,1,1,1,0.6982,1,56,1,1,1,1,1,1,1,0.6362,132,5.9124,58.25,1,1,4479157.06,0.112,0,1,2.43,2,2,8,1,1,1,1,0,39,0.1108,0.03,4,1,1,0,1
NCRB-SYNTH-109925,Trial Court,Sec 439 CrPC (Regular Bail),27,15,88,1,0,1,1,1,1,1,1,1,1,0.864,0,41,1,0,1,1,0,1,1,0.4395,108,6.7263,234.28,1,1,826002.59,0.0386,0,1,2.42,3,1,9,1,1,0,0,1,21,0.1274,0.0412,4,1,1,0,1
NCRB-SYNTH-109927,High Court,Trial Judgment,1,25,67,1,0,1,1,1,1,1,1,1,1,0.6398,1,81,1,1,1,0,1,1,1,0.6878,44,6.6306,119.15,1,1,776054.4,0.1381,0,1,3.39,3,4,5,1,1,1,1,0,11,0.2086,0.0839,5,1,1,0,1
NCRB-SYNTH-109937,Trial Court,Sec 482 CrPC (Quashing),7,20,81,0,0,1,1,1,0,1,1,1,1,0.9284,1,147,0,0,1,1,1,1,1,0.5284,150,3.6713,100.29,1,1,1239080.55,0.1982,1,1,20.94,5,4,3,1,1,1,1,0,3,0.8246,0.5948,1,1,1,1,0
NCRB-SYNTH-109949,High Court,Sec 439 CrPC (Regular Bail),21,22,28,1,0,1,1,1,0,1,1,1,1,0.7011,1,132,1,1,1,1,0,0,1,0.8235,129,5.5151,255.02,1,1,3176144.81,0.1641,1,1,22.0,3,2,10,1,1,1,1,0,31,0.0807,0.0233,4,1,1,0,1
NCRB-SYNTH-109950,High Court,Sec 482 CrPC (Quashing),1,25,26,1,0,1,1,1,1,1,1,1,1,0.4554,1,20,0,1,1,1,1,1,1,0.4972,139,4.5049,202.93,1,1,3268893.31,0.0908,1,1,3.99,4,3,9,1,1,1,1,0,25,0.2025,0.0622,4,1,1,0,0
NCRB-SYNTH-109951,High Court,Sec 439 CrPC (Regular Bail),1,23,90,1,0,1,1,1,0,1,1,1,1,0.6103,1,77,1,1,1,0,1,1,1,0.6747,121,6.5667,245.03,1,1,3434677.62,0.0701,0,1,4.94,5,3,5,0,1,1,1,0,23,0.3141,0.0988,4,1,1,0,1
NCRB-SYNTH-109953,Trial Court,Sec 439 CrPC (Regular Bail),7,19,44,1,0,1,1,1,1,1,1,1,1,0.7522,1,175,1,0,1,0,1,1,1,0.6307,91,6.7462,251.54,1,1,1909476.59,0.167,1,1,33.54,5,1,9,1,1,0,0,1,2,0.6262,0.57,1,1,1,0,1
NCRB-SYNTH-109963,Trial Court,Sec 439 CrPC (Regular Bail),7,3,100,0,0,1,1,1,0,1,1,1,1,0.7514,1,44,0,0,1,1,0,1,1,0.6755,88,3.9528,242.65,1,1,1320877.35,0.1684,1,1,14.27,5,3,5,1,1,1,1,0,11,0.0904,0.0364,5,1,1,0,0
NCRB-SYNTH-109964,Trial Court,Sec 482 CrPC (Quashing),7,7,92,1,0,1,1,1,0,1,1,1,1,0.4643,1,53,1,1,1,1,1,1,1,0.6538,108,6.5957,135.04,1,1,1949668.72,0.0924,1,1,3.57,2,2,6,1,1,1,1,0,44,0.2459,0.0646,4,1,1,0,0
NCRB-SYNTH-109965,Trial Court,Sec 439 CrPC (Regular Bail),1,5,16,1,0,1,1,1,1,1,1,1,1,0.5602,1,79,1,1,1,1,0,0,1,0.4703,62,6.646,174.85,1,1,4216151.27,0.1346,1,1,2.02,2,2,7,1,1,1,1,0,7,0.1529,0.0735,5,1,1,0,0
NCRB-SYNTH-109975,Trial Court,Sec 439 CrPC (Regular Bail),21,5,71,1,0,1,1,1,0,1,1,1,1,0.9101,1,44,1,1,1,1,0,1,1,0.881,78,6.9971,144.8,1,1,4210365.63,0.1096,1,1,14.47,5,4,6,1,1,1,1,0,22,0.1188,0.0379,4,1,1,0,1
NCRB-SYNTH-109977,Trial Court,Sec 482 CrPC (Quashing),2,14,43,1,0,1,1,1,1,1,1,1,1,0.683,1,39,1,1,1,1,1,1,1,0.7885,57,3.9561,202.94,1,1,2770345.25,0.0711,1,1,9.67,1,3,10,1,1,1,1,0,19,0.2142,0.0715,4,1,1,0,1
NCRB-SYNTH-109981,High Court,Sec 439 CrPC (Regular Bail),1,12,86,0,0,1,1,1,1,1,1,1,1,0.6216,1,152,1,1,1,1,0,1,1,0.6836,140,6.6559,133.71,1,1,4410680.58,0.1401,0,1,12.46,4,3,6,1,1,1,1,0,8,0.1509,0.0687,5,1,1,0,1
NCRB-SYNTH-109991,High Court,Sec 439 CrPC (Regular Bail),1,19,66,1,0,1,1,1,0,1,1,1,1,0.892,1,93,0,0,1,0,0,1,1,0.649,119,3.7688,85.72,1,1,4211089.12,0.0527,1,1,18.1,5,3,6,0,1,1,1,0,9,0.185,0.0803,3,1,1,0,0
NCRB-SYNTH-109993,High Court,Trial Judgment,1,7,74,1,0,1,1,1,0,1,1,1,1,0.9182,0,137,0,1,1,1,1,1,1,0.7232,119,4.4319,66.01,1,1,1325280.19,0.0235,1,1,5.22,5,2,5,0,1,1,1,0,37,0.2802,0.077,4,1,1,0,0
NCRB-SYNTH-109999,High Court,Sec 439 CrPC (Regular Bail),1,16,49,1,0,1,1,1,0,1,1,1,1,0.668,1,104,1,1,1,1,1,1,1,0.4556,93,7.3921,47.96,1,1,287937.02,0.0345,1,1,3.44,2,3,6,1,1,0,0,1,9,0.136,0.0591,3,1,1,1,1
NCRB-SYNTH-110001,Trial Court,Sec 439 CrPC (Regular Bail),1,12,83,1,0,1,1,1,0,1,1,1,1,0.7368,1,40,1,1,1,1,1,1,1,0.9119,72,7.1705,236.37,1,1,2363210.55,0.0573,0,1,13.59,2,1,3,1,1,1,1,0,12,0.0888,0.0346,4,1,1,1,1
NCRB-SYNTH-110005,High Court,Sec 439 CrPC (Regular Bail),2,7,19,0,1,1,1,1,1,1,1,1,1,0.7811,1,172,1,1,1,1,1,1,1,0.7052,129,4.7339,157.59,1,1,2685714.83,0.0896,1,1,10.58,2,2,5,1,1,1,1,0,42,0.2753,0.0732,4,1,1,1,1
NCRB-SYNTH-110015,High Court,Sec 439 CrPC (Regular Bail),1,15,92,1,0,1,1,1,0,1,1,1,1,0.9014,1,51,1,1,1,1,1,1,1,0.5459,51,5.3243,193.12,1,1,992257.37,0.0065,1,1,10.47,5,4,10,0,1,1,1,0,4,0.1726,0.1073,3,1,1,1,1
NCRB-SYNTH-110052,Trial Court,Trial Judgment,45,17,75,1,0,1,1,1,0,1,1,1,1,0.8609,1,38,0,0,1,1,1,1,1,0.5248,73,3.7032,73.54,1,1,523262.49,0.0563,1,1,20.34,3,4,2,1,1,1,1,0,2,0.6331,0.5763,1,1,1,0,0
NCRB-SYNTH-110054,High Court,Writ Petition (Detention),1,5,29,1,0,1,1,1,1,1,1,1,1,0.4597,1,149,1,0,1,1,0,1,1,0.5714,56,7.2566,143.15,1,1,2297916.47,0.0687,0,1,5.97,4,4,3,1,1,1,1,0,21,0.283,0.0916,4,1,1,0,0
NCRB-SYNTH-110055,Trial Court,Sec 439 CrPC (Regular Bail),1,11,82,1,0,1,1,1,0,1,1,1,1,0.6702,1,45,1,0,1,1,1,1,1,0.606,41,4.9942,160.32,1,1,1446045.99,0.0571,1,1,3.03,2,3,4,1,1,1,1,0,6,0.1721,0.0884,5,1,1,1,1
NCRB-SYNTH-110056,Trial Court,Sec 439 CrPC (Regular Bail),4,9,69,1,0,1,1,1,0,1,1,1,1,0.9352,1,164,1,1,1,1,1,1,1,0.3653,125,7.3661,132.17,1,1,771047.11,0.1485,1,1,1.68,2,4,4,1,1,0,0,1,16,0.2015,0.0711,4,1,1,0,1
NCRB-SYNTH-110057,High Court,Sec 439 CrPC (Regular Bail),7,25,24,1,0,1,1,1,1,1,1,1,1,0.6437,1,50,1,0,1,1,1,1,1,0.5661,80,7.7523,101.07,1,1,2323207.38,0.0647,0,1,1.28,2,3,3,1,1,1,1,0,1,0.7682,1.1082,1,1,1,0,1
NCRB-SYNTH-110059,High Court,Sec 482 CrPC (Quashing),7,6,53,1,0,1,1,1,1,1,1,1,1,0.9416,1,99,1,1,1,1,1,1,1,0.5429,125,6.4914,148.22,1,1,3121695.83,0.0888,0,1,1.51,5,2,4,1,1,1,1,0,11,0.1375,0.0553,3,1,1,0,1
NCRB-SYNTH-110069,High Court,Sec 439 CrPC (Regular Bail),1,22,77,1,0,1,1,1,0,1,1,1,1,0.5889,1,79,0,1,1,0,0,1,1,0.7217,78,8.0062,239.09,1,1,4467316.82,0.0756,1,1,7.7,5,3,9,1,1,1,1,0,5,0.2061,0.115,5,1,1,0,0
NCRB-SYNTH-110078,High Court,Sec 439 CrPC (Regular Bail),1,16,99,1,0,1,1,1,1,1,1,1,1,0.6418,1,147,1,1,1,0,1,1,1,0.6765,54,4.857,143.5,1,1,1234692.68,0.158,0,1,2.31,5,2,4,0,1,1,1,0,4,0.1426,0.0886,5,1,1,0,1
NCRB-SYNTH-110084,High Court,Sec 482 CrPC (Quashing),4,3,89,1,0,1,1,1,0,1,1,1,1,0.8468,1,87,1,1,1,1,0,1,1,0.674,66,3.6423,185.31,1,1,720177.16,0.1169,0,1,2.47,3,1,4,1,1,0,0,1,6,0.1919,0.0986,3,1,1,0,1
NCRB-SYNTH-110088,Supreme Court,Sec 439 CrPC (Regular Bail),1,12,81,1,0,1,1,1,1,1,1,1,1,0.7701,0,157,1,1,1,1,0,1,1,0.8019,147,4.0827,81.43,1,1,3942895.1,0.1231,1,1,6.01,4,1,7,1,1,1,1,0,36,0.1891,0.0524,4,1,1,0,1
NCRB-SYNTH-110093,Trial Court,Sec 439 CrPC (Regular Bail),4,25,51,1,0,1,1,1,0,1,1,1,1,0.6907,1,21,1,1,1,1,1,1,1,0.6419,126,5.5811,224.94,1,1,3072111.23,0.0777,0,1,11.97,4,4,3,1,1,1,1,0,22,0.0919,0.0293,4,1,1,0,1
NCRB-SYNTH-110096,High Court,Sec 439 CrPC (Regular Bail),4,19,65,1,0,1,1,1,0,1,1,1,1,0.7932,1,35,1,0,1,0,0,1,1,0.7661,92,3.5868,103.55,1,1,744865.33,0.0867,1,1,9.23,1,2,5,1,1,0,0,1,2,0.8491,0.7729,1,1,1,0,1
NCRB-SYNTH-110108,Trial Court,Sec 439 CrPC (Regular Bail),2,25,100,1,0,1,1,1,0,1,1,1,1,0.7923,1,159,0,1,1,1,1,0,1,0.6329,97,3.727,296.93,1,1,4172848.85,0.1045,1,1,58.88,4,1,10,0,1,0,0,1,4,0.1178,0.0732,3,1,1,0,0
NCRB-SYNTH-110114,Trial Court,Sec 439 CrPC (Regular Bail),1,4,24,0,0,1,1,1,1,1,1,1,1,0.7568,1,17,1,1,1,1,1,1,1,0.5232,80,8.0503,247.76,1,1,3064820.63,0.1935,1,1,6.1,5,2,3,1,1,0,0,1,1,0.5572,0.8038,1,1,1,0,1
NCRB-SYNTH-110127,Trial Court,Sec 439 CrPC (Regular Bail),1,21,19,1,0,1,1,1,0,1,1,1,1,0.9173,1,154,1,1,1,0,1,1,1,0.5897,94,6.441,271.03,1,1,4001863.55,0.1897,1,1,4.97,1,1,4,1,1,0,0,1,7,0.1909,0.0918,5,1,1,0,1
NCRB-SYNTH-110134,High Court,Sec 439 CrPC (Regular Bail),4,7,13,1,0,1,1,1,1,1,1,1,1,0.8243,1,167,1,1,1,1,1,1,1,0.4923,67,5.1947,149.4,1,1,2907961.18,0.1422,0,1,18.12,5,2,4,1,1,1,1,0,45,0.3185,0.0832,4,1,1,1,1
NCRB-SYNTH-110142,High Court,Sec 439 CrPC (Regular Bail),1,13,48,1,0,1,1,1,0,1,1,1,1,0.9168,0,176,0,1,1,1,1,0,1,0.9269,93,5.1122,209.12,1,1,3127742.88,0.1242,1,1,3.29,1,1,2,1,1,1,1,0,8,0.1727,0.0786,3,1,1,0,0
NCRB-SYNTH-110144,High Court,Writ Petition (Detention),21,20,19,1,0,1,1,1,0,1,1,1,1,0.6578,1,111,0,0,1,1,0,0,1,0.9308,128,6.3585,81.05,1,1,3123263.29,0.1464,1,1,30.73,2,3,7,0,1,1,1,0,5,0.235,0.1312,5,1,1,0,0
NCRB-SYNTH-110148,Trial Court,Trial Judgment,1,8,16,1,0,1,1,1,0,1,1,1,1,0.4383,1,163,1,1,1,1,1,1,1,0.5657,45,5.0902,120.0,1,1,2491386.71,0.012,1,1,3.41,5,2,4,1,1,0,0,1,10,0.2024,0.0844,3,1,1,1,0
NCRB-SYNTH-110150,High Court,Writ Petition (Detention),2,9,31,0,0,1,1,1,0,1,1,1,1,0.5262,1,86,1,1,1,1,1,1,1,0.6366,101,3.1507,253.24,1,1,3754834.79,0.1943,1,1,13.76,4,1,8,0,1,1,1,0,37,0.1166,0.032,4,1,1,1,0
NCRB-SYNTH-110156,Trial Court,Sec 439 CrPC (Regular Bail),4,21,29,1,0,1,1,1,0,1,1,1,1,0.4472,1,175,1,1,1,1,0,1,1,0.8724,125,4.7831,181.44,1,1,3499648.65,0.1358,0,1,3.62,3,1,10,1,1,1,1,0,9,0.1735,0.0754,5,1,1,0,0
NCRB-SYNTH-110163,Trial Court,Sec 439 CrPC (Regular Bail),27,19,68,1,0,1,1,1,1,1,1,1,1,0.6062,0,107,1,1,1,1,1,0,1,0.7531,59,4.2686,252.95,1,1,4333421.6,0.0362,1,1,3.08,2,3,10,0,1,1,1,0,8,0.2041,0.0929,5,1,1,0,1
NCRB-SYNTH-110164,High Court,Trial Judgment,4,21,16,1,0,1,1,1,0,1,1,1,1,0.8455,1,106,1,1,1,0,0,1,1,0.6258,97,3.9038,172.51,1,1,3087830.41,0.0947,1,1,3.64,1,3,9,1,1,0,0,1,11,0.2412,0.0971,5,1,1,0,1
NCRB-SYNTH-110167,Trial Court,Sec 439 CrPC (Regular Bail),1,14,54,0,0,1,1,1,0,1,1,1,1,0.9072,1,96,1,0,1,1,1,1,1,0.5104,76,4.9663,183.77,1,1,3192280.23,0.0234,1,1,1.71,2,1,3,1,1,1,1,0,9,0.0888,0.0386,5,1,1,1,1
NCRB-SYNTH-110169,High Court,Sec 439 CrPC (Regular Bail),2,9,76,1,0,1,1,1,0,1,1,1,1,0.498,1,66,0,0,1,1,1,1,1,0.8058,75,6.2609,272.49,1,1,1747978.04,0.0702,0,1,10.35,2,3,2,1,1,1,1,0,5,0.1769,0.0987,5,1,1,0,0
NCRB-SYNTH-110170,Trial Court,Sec 482 CrPC (Quashing),1,14,15,0,0,1,1,1,1,1,1,1,1,0.8075,1,23,1,1,1,1,0,0,1,0.6455,104,6.6143,261.48,1,1,2063506.51,0.1862,0,1,16.86,3,3,7,1,1,1,1,0,7,0.0994,0.0478,5,1,1,1,1
NCRB-SYNTH-110171,Trial Court,Sec 482 CrPC (Quashing),1,19,87,1,0,1,1,1,1,1,1,1,1,0.4854,1,61,1,1,1,1,1,1,1,0.7902,146,3.0476,132.89,1,1,326620.12,0.0507,1,1,41.22,5,4,9,1,1,1,1,0,9,0.1405,0.061,3,1,1,0,0
NCRB-SYNTH-110173,High Court,Sec 439 CrPC (Regular Bail),7,17,27,1,0,1,1,1,1,1,1,1,1,0.4827,1,131,1,1,1,0,1,1,1,0.7607,120,4.4051,204.62,1,1,3564668.74,0.0016,1,1,11.56,4,1,6,1,1,0,0,1,4,0.2499,0.1553,5,1,1,0,0
NCRB-SYNTH-110178,Trial Court,Trial Judgment,1,3,19,1,0,1,1,1,1,1,1,1,1,0.8466,1,167,1,1,1,1,1,1,1,0.6709,141,7.3247,220.38,1,1,1312807.57,0.1766,1,1,10.3,1,4,10,1,1,1,1,0,10,0.0735,0.0307,5,1,1,0,1
NCRB-SYNTH-110182,Trial Court,Sec 439 CrPC (Regular Bail),7,22,24,0,0,1,1,1,1,1,1,1,1,0.857,0,127,1,1,1,1,1,1,1,0.858,65,8.0091,120.39,1,1,4004843.89,0.1466,1,1,10.72,1,2,4,1,1,0,0,1,1,0.4402,0.6351,1,1,1,1,1
NCRB-SYNTH-110183,Trial Court,Trial Judgment,1,19,93,1,0,1,1,1,1,1,1,1,1,0.5603,1,42,1,1,1,0,0,0,1,0.6955,111,5.9473,78.39,1,1,2800021.58,0.1285,0,1,10.46,2,4,7,0,1,1,1,0,8,0.1786,0.0813,5,1,1,1,0
NCRB-SYNTH-110184,High Court,Sec 439 CrPC (Regular Bail),1,18,82,1,0,1,1,1,0,1,1,1,1,0.6961,1,119,0,0,1,1,1,1,1,0.6346,56,6.4189,217.98,1,1,4471338.43,0.1882,1,1,32.85,5,2,2,1,1,0,0,1,10,0.1346,0.0561,5,1,1,0,0
NCRB-SYNTH-110186,Supreme Court,Sec 439 CrPC (Regular Bail),2,16,14,1,0,1,1,1,1,1,1,1,1,0.4543,1,175,1,1,1,1,1,1,1,0.3281,109,6.91,198.51,1,1,1494787.46,0.0407,1,1,16.06,1,2,6,1,1,1,1,0,4,0.0507,0.0315,5,1,1,0,0
NCRB-SYNTH-110201,High Court,Sec 439 CrPC (Regular Bail),7,19,53,1,0,1,1,1,0,1,1,1,1,0.5795,1,102,0,0,1,0,0,1,1,0.5929,59,5.9129,294.9,1,1,1600164.22,0.122,1,1,17.71,4,2,8,1,1,1,1,0,6,0.214,0.11,5,1,1,0,0
NCRB-SYNTH-110219,Supreme Court,Sec 439 CrPC (Regular Bail),1,20,37,1,0,1,1,1,1,1,1,1,1,0.7843,1,165,1,0,1,1,1,0,1,0.5842,94,5.487,205.6,1,1,1402614.84,0.0894,0,1,10.31,3,2,7,1,1,1,1,0,10,0.1185,0.0494,5,1,1,1,1
NCRB-SYNTH-110226,High Court,Sec 482 CrPC (Quashing),45,3,82,1,0,1,1,1,0,1,1,1,1,0.5853,0,125,0,0,1,1,0,1,1,0.5564,69,6.6845,129.26,1,1,2030671.94,0.0548,0,1,4.66,1,1,7,1,1,1,1,0,1,0.5388,0.7774,1,1,1,0,0
NCRB-SYNTH-110231,High Court,Trial Judgment,2,8,41,1,0,1,1,1,0,1,1,1,1,0.9064,0,107,1,1,1,1,1,0,1,0.5466,139,6.6413,186.48,1,1,1472390.12,0.0957,0,1,2.67,5,2,8,1,1,1,1,0,1,0.8856,1.2776,1,1,1,1,1
NCRB-SYNTH-110234,High Court,Trial Judgment,1,9,26,1,0,1,1,1,0,1,1,1,1,0.8655,1,109,1,1,1,1,1,1,1,0.6695,63,7.1413,294.36,1,1,3868551.22,0.1511,0,1,15.87,2,4,3,1,1,1,1,0,10,0.1983,0.0827,3,1,1,1,1
NCRB-SYNTH-110241,High Court,Sec 439 CrPC (Regular Bail),2,3,9,1,0,1,1,1,0,1,1,1,1,0.5557,1,95,1,1,1,1,1,0,1,0.7941,119,4.3984,173.37,1,1,2780134.54,0.1001,0,1,24.14,5,4,5,1,1,0,0,1,7,0.1581,0.076,3,1,1,0,0
NCRB-SYNTH-110243,Trial Court,Sec 482 CrPC (Quashing),1,23,95,1,0,1,1,1,0,1,1,1,1,0.4334,1,157,1,1,1,1,1,1,1,0.545,111,5.0536,125.69,1,1,1432961.62,0.0687,1,1,4.08,3,1,5,1,1,1,1,0,13,0.2705,0.1025,4,1,1,0,0
NCRB-SYNTH-110254,High Court,Sec 482 CrPC (Quashing),2,12,86,1,0,1,1,1,0,1,1,1,1,0.6503,1,25,1,0,1,1,1,1,1,0.8493,47,4.1608,123.92,1,1,2677751.28,0.02,1,1,3.65,1,4,4,0,1,1,1,0,6,0.13,0.0668,3,1,1,0,1
NCRB-SYNTH-110258,Trial Court,Trial Judgment,15,19,81,1,0,1,1,1,0,1,1,1,1,0.5458,1,91,1,1,1,1,1,0,1,0.6398,104,6.6196,69.83,1,1,1573192.7,0.0074,0,1,5.33,2,1,2,0,1,1,1,0,8,0.1644,0.0748,3,1,1,0,0
NCRB-SYNTH-110267,Trial Court,Writ Petition (Detention),7,13,81,0,0,1,1,1,1,1,1,1,1,0.7932,1,172,0,1,1,0,0,1,1,0.5957,88,4.8428,84.97,1,1,749004.69,0.0591,1,1,5.05,5,4,8,1,1,1,1,0,4,0.203,0.1262,5,1,1,0,0
NCRB-SYNTH-110268,High Court,Sec 439 CrPC (Regular Bail),1,3,16,1,0,1,1,1,1,1,1,1,1,0.6534,1,171,1,1,1,1,1,1,1,0.7709,63,6.9766,179.99,1,1,3145526.54,0.0676,1,1,6.62,2,3,8,1,1,1,1,0,19,0.0953,0.0318,4,1,1,1,1
NCRB-SYNTH-110270,Trial Court,Sec 439 CrPC (Regular Bail),7,15,36,1,0,1,1,1,0,1,1,1,1,0.7889,1,145,1,1,1,1,1,1,1,0.687,119,3.9886,106.36,1,1,4470771.31,0.0106,1,1,1.4,2,1,3,1,1,1,1,0,11,0.1041,0.0419,3,1,1,1,1
NCRB-SYNTH-110271,Supreme Court,Sec 439 CrPC (Regular Bail),7,22,62,1,0,1,1,1,0,1,1,1,1,0.8871,1,32,1,0,1,0,1,1,1,0.6723,150,4.1434,283.46,1,1,1949405.12,0.1239,0,1,5.06,2,4,10,1,1,1,1,0,33,0.2431,0.0689,4,1,1,0,1
NCRB-SYNTH-110272,High Court,Sec 439 CrPC (Regular Bail),1,4,75,0,0,1,1,1,0,1,1,1,1,0.6701,1,15,1,1,1,1,1,1,1,0.5838,106,4.3422,211.49,1,1,3272803.99,0.1307,0,1,25.32,3,3,10,1,1,1,1,0,44,0.2487,0.0653,4,1,1,0,1
NCRB-SYNTH-110276,Trial Court,Writ Petition (Detention),4,3,74,1,0,1,1,1,0,1,1,1,1,0.7983,1,114,1,1,1,0,1,1,1,0.6136,66,4.6949,278.71,1,1,1552117.81,0.1519,0,1,22.53,1,1,4,1,1,1,1,0,5,0.1576,0.088,5,1,1,0,1
NCRB-SYNTH-110279,High Court,Sec 439 CrPC (Regular Bail),1,14,10,1,0,1,1,1,0,1,1,1,1,0.6424,1,117,1,1,1,1,1,0,1,1.0,81,3.3466,82.95,1,1,482665.78,0.1751,1,1,6.78,5,4,3,1,1,1,1,0,9,0.1156,0.0502,5,1,1,0,1
NCRB-SYNTH-110280,High Court,Trial Judgment,7,13,67,1,0,1,1,1,0,1,1,1,1,0.5574,1,37,1,0,1,1,1,1,1,0.7441,140,3.504,177.83,1,1,2913416.07,0.1669,0,1,1.23,1,3,7,1,1,1,1,0,9,0.0826,0.0359,5,1,1,1,0
NCRB-SYNTH-110281,Trial Court,Sec 439 CrPC (Regular Bail),4,3,29,1,0,1,1,1,0,1,1,1,1,0.6887,1,42,1,1,1,1,0,1,1,0.7745,85,7.5637,299.97,1,1,1814990.13,0.1539,0,1,15.5,5,3,3,1,1,0,0,1,6,0.2022,0.1039,5,1,1,0,1
NCRB-SYNTH-110282,High Court,Sec 439 CrPC (Regular Bail),15,16,95,1,0,1,1,1,1,1,1,1,1,0.6089,1,76,1,1,1,1,1,0,1,0.7034,97,4.0213,169.15,1,1,2581409.14,0.041,0,1,2.38,5,2,10,1,1,1,1,0,8,0.1356,0.0617,3,1,1,0,1
NCRB-SYNTH-110287,High Court,Sec 439 CrPC (Regular Bail),7,20,87,1,0,1,1,1,0,1,1,1,1,0.7786,1,148,0,1,1,0,1,0,1,0.5132,49,7.9759,155.65,1,1,3385248.62,0.0352,1,1,27.46,1,3,4,1,1,1,1,0,11,0.0938,0.0378,5,1,1,0,0
NCRB-SYNTH-110291,Trial Court,Writ Petition (Detention),2,5,77,1,0,1,1,1,1,1,1,1,1,0.6532,1,161,1,1,1,1,1,0,1,0.6951,63,4.4982,181.84,1,1,2253934.02,0.0991,0,1,42.59,4,1,6,1,1,0,0,1,3,0.7158,0.5163,1,1,1,0,1
NCRB-SYNTH-110295,Trial Court,Sec 482 CrPC (Quashing),1,8,54,1,0,1,1,1,0,1,1,1,1,0.413,1,85,1,1,1,1,1,0,1,0.6843,125,6.3857,191.93,1,1,2977943.53,0.1831,1,1,3.68,5,4,2,1,1,1,1,0,7,0.1671,0.0804,3,1,1,0,0
NCRB-SYNTH-110298,Trial Court,Sec 439 CrPC (Regular Bail),7,23,44,0,0,1,1,1,1,1,1,1,1,0.4832,1,123,1,1,1,1,1,1,1,0.7372,133,3.2244,196.04,1,1,1545452.4,0.1642,1,1,24.05,5,1,4,1,1,1,1,0,1,0.9117,1.3153,1,1,1,0,0
NCRB-SYNTH-110316,Trial Court,Sec 439 CrPC (Regular Bail),1,6,14,1,0,1,1,1,0,1,1,1,1,0.8002,1,89,0,0,1,1,0,0,1,0.6699,101,6.8771,268.18,1,1,2638009.91,0.189,1,1,1.15,3,1,9,1,1,1,1,0,2,0.5267,0.4794,1,1,1,1,0
NCRB-SYNTH-110317,Trial Court,Sec 439 CrPC (Regular Bail),1,25,53,1,0,1,1,1,0,1,1,1,1,0.8677,1,96,1,1,1,1,1,1,1,0.6302,125,4.7962,138.26,1,1,1614804.16,0.1466,0,1,4.56,5,1,4,1,1,1,1,0,38,0.2717,0.0742,4,1,1,1,1
NCRB-SYNTH-110327,High Court,Sec 439 CrPC (Regular Bail),2,21,50,1,0,1,1,1,0,1,1,1,1,0.5794,1,91,1,1,1,1,1,1,1,0.6781,92,7.1005,153.3,1,1,3645650.52,0.0708,1,1,21.02,4,2,2,1,1,1,1,0,10,0.2289,0.0954,5,1,1,1,0
NCRB-SYNTH-110329,Trial Court,Writ Petition (Detention),2,25,44,1,0,1,1,1,0,1,1,1,1,0.5369,1,30,0,1,1,0,1,1,1,0.5648,77,3.9676,130.71,1,1,2947168.18,0.1629,0,1,7.84,2,4,8,1,1,0,0,1,9,0.1896,0.0823,5,1,1,1,0
NCRB-SYNTH-110338,High Court,Sec 439 CrPC (Regular Bail),1,9,21,1,0,1,1,1,0,1,1,1,1,0.4497,1,65,1,1,1,1,1,1,1,0.5372,122,7.653,185.18,1,1,2720279.97,0.0619,0,1,13.67,2,4,10,1,1,1,1,0,10,0.0953,0.0398,5,1,1,1,0
NCRB-SYNTH-110339,Trial Court,Writ Petition (Detention),1,15,86,1,0,1,1,1,0,1,1,1,1,0.5429,1,147,1,1,1,1,1,0,1,0.677,73,7.8194,281.38,1,1,4312990.46,0.038,0,1,3.08,5,3,2,0,1,0,0,1,4,0.1232,0.0766,5,1,1,0,0
NCRB-SYNTH-110346,Trial Court,Writ Petition (Detention),1,5,77,1,0,1,1,1,1,1,1,1,1,0.5017,0,167,1,0,1,0,0,0,1,0.7282,104,4.2353,293.77,1,1,283942.9,0.0011,0,1,29.63,4,3,9,1,1,1,1,0,10,0.181,0.0755,3,1,1,0,0
NCRB-SYNTH-110347,High Court,Sec 439 CrPC (Regular Bail),1,7,69,0,0,1,1,1,1,1,1,1,1,0.6485,1,111,0,0,1,1,1,1,1,1.0,96,6.2449,99.16,1,1,3293364.46,0.0474,1,1,24.31,2,3,5,1,1,0,0,1,4,0.1359,0.0845,3,1,1,0,0
NCRB-SYNTH-110349,High Court,Sec 439 CrPC (Regular Bail),1,25,74,1,0,1,1,1,0,1,1,1,1,0.8367,0,78,0,1,1,0,1,1,1,0.7499,82,4.3899,140.96,1,1,3417809.46,0.0144,1,1,3.13,4,1,8,0,1,1,1,0,19,0.2892,0.0965,4,1,1,1,0
NCRB-SYNTH-110350,High Court,Sec 482 CrPC (Quashing),4,5,42,1,0,1,1,1,0,1,1,1,1,0.9226,0,48,1,0,1,1,1,0,1,0.6414,149,4.0509,163.02,1,1,813783.14,0.1629,0,1,6.63,5,1,7,1,1,1,1,0,7,0.2294,0.1103,5,1,1,1,1
NCRB-SYNTH-110355,Trial Court,Sec 439 CrPC (Regular Bail),4,25,77,1,0,1,1,1,1,1,1,1,1,0.502,1,61,1,1,1,1,0,1,1,0.7456,116,6.6268,172.94,1,1,3190498.12,0.1277,1,1,3.35,1,3,7,1,1,1,1,0,10,0.0595,0.0248,3,1,1,0,0
NCRB-SYNTH-110358,High Court,Sec 439 CrPC (Regular Bail),2,7,57,1,0,1,1,1,1,1,1,1,1,0.5022,1,101,0,0,1,1,1,0,1,0.5955,69,7.3725,132.03,1,1,3826621.36,0.0437,1,1,17.44,5,1,9,1,1,1,1,0,2,0.5968,0.5432,1,1,1,0,0
NCRB-SYNTH-110366,Trial Court,Sec 482 CrPC (Quashing),15,15,22,0,0,1,1,1,0,1,1,1,1,0.5951,1,88,1,1,1,1,0,1,1,0.7413,70,3.1265,152.15,1,1,3333894.08,0.0677,1,1,23.67,3,3,7,1,1,0,0,1,10,0.1066,0.0445,5,1,1,0,0
NCRB-SYNTH-110368,Trial Court,Sec 439 CrPC (Regular Bail),2,16,39,0,1,1,1,1,1,1,1,1,1,0.907,1,98,1,0,1,1,0,1,1,0.7327,57,4.3794,71.38,1,1,1755994.41,0.002,1,1,18.08,2,4,3,0,1,1,1,0,43,0.1942,0.0513,4,1,1,0,1
NCRB-SYNTH-110371,Trial Court,Trial Judgment,1,6,48,1,0,1,1,1,1,1,1,1,1,0.6898,1,86,1,1,1,1,1,1,1,0.7034,112,7.7669,165.57,1,1,1665038.82,0.0738,1,1,4.36,2,1,7,1,1,0,0,1,6,0.1217,0.0625,5,1,1,0,1
NCRB-SYNTH-110373,High Court,Sec 439 CrPC (Regular Bail),4,23,75,1,0,1,1,1,1,1,1,1,1,0.5013,1,86,1,1,1,1,1,0,1,0.6588,125,7.6267,186.34,1,1,1567623.23,0.0773,1,1,2.66,1,4,9,1,1,1,1,0,4,0.0923,0.0573,5,1,1,0,0
NCRB-SYNTH-110374,Trial Court,Sec 482 CrPC (Quashing),1,4,43,1,0,1,1,1,0,1,1,1,1,0.8803,1,83,1,1,1,0,1,0,1,0.5677,47,3.3421,88.0,1,1,1360387.88,0.1583,0,1,22.97,3,3,7,1,1,0,0,1,25,0.2274,0.0698,4,1,1,0,1
NCRB-SYNTH-110376,High Court,Sec 439 CrPC (Regular Bail),1,18,15,1,0,1,1,1,0,1,1,1,1,0.5496,0,171,0,0,1,1,0,1,1,0.696,65,5.9572,159.15,1,1,2419382.86,0.1607,0,1,30.14,1,1,5,1,1,1,1,0,7,0.1247,0.06,3,1,1,0,0
NCRB-SYNTH-110378,High Court,Sec 439 CrPC (Regular Bail),4,7,14,0,0,1,1,1,0,1,1,1,1,0.628,1,156,1,1,1,1,0,0,1,0.7177,134,6.0762,267.81,1,1,2840004.74,0.1409,1,1,13.3,3,2,5,1,1,1,1,0,18,0.1958,0.0665,4,1,1,0,1
NCRB-SYNTH-110392,High Court,Writ Petition (Detention),2,17,100,1,0,1,1,1,0,1,1,1,1,0.7675,1,142,1,1,1,0,1,1,1,0.5613,79,7.0762,197.55,1,1,1705251.18,0.0638,0,1,23.8,3,4,6,1,1,1,1,0,5,0.1997,0.1114,3,1,1,1,1
NCRB-SYNTH-110394,Trial Court,Writ Petition (Detention),4,18,12,1,0,1,1,1,0,1,1,1,1,0.9419,1,83,1,0,1,1,1,1,1,0.5959,92,6.5227,134.68,1,1,2385125.53,0.13,0,1,32.1,2,4,5,1,1,1,1,0,7,0.21,0.101,3,1,1,0,1
NCRB-SYNTH-110397,Trial Court,Sec 482 CrPC (Quashing),2,23,25,1,0,1,1,1,1,1,1,1,1,0.4017,0,140,0,0,1,1,1,1,1,0.5411,138,6.8751,75.75,1,1,2441875.36,0.1574,1,1,1.22,3,4,9,1,1,0,0,1,8,0.1288,0.0586,3,1,1,0,0
NCRB-SYNTH-110399,Trial Court,Sec 482 CrPC (Quashing),1,22,84,1,0,1,1,1,0,1,1,1,1,0.6387,0,105,1,1,1,1,1,1,1,0.4924,61,4.6135,269.06,1,1,574065.38,0.0036,1,1,9.53,2,2,10,0,1,1,1,0,37,0.235,0.0646,4,1,1,0,1
NCRB-SYNTH-110400,Trial Court,Sec 482 CrPC (Quashing),1,12,93,1,0,1,1,1,1,1,1,1,1,0.9419,1,157,1,1,1,1,0,0,1,0.5493,68,3.5766,194.8,1,1,3559549.26,0.1115,0,1,5.63,5,3,3,1,1,0,0,1,6,0.1457,0.0749,5,1,1,1,1
NCRB-SYNTH-110419,High Court,Sec 439 CrPC (Regular Bail),2,25,27,1,0,1,1,1,0,1,1,1,1,0.7896,1,54,0,0,1,1,1,1,1,0.5929,139,3.9339,98.29,1,1,2005782.56,0.0488,0,1,29.94,4,4,4,1,1,1,1,0,8,0.0931,0.0424,5,1,1,1,0
NCRB-SYNTH-110422,High Court,Sec 439 CrPC (Regular Bail),1,10,77,1,0,1,1,1,0,1,1,1,1,0.7434,1,111,0,0,1,1,1,1,1,0.5505,88,5.9116,217.24,1,1,415770.12,0.0565,1,1,15.92,3,3,4,1,1,1,1,0,4,0.1041,0.0647,5,1,1,0,0
NCRB-SYNTH-110434,High Court,Sec 439 CrPC (Regular Bail),1,16,61,0,1,1,1,1,0,1,1,1,1,0.6779,1,132,0,0,1,1,1,0,1,1.0,112,3.3821,146.19,1,1,3923619.3,0.043,1,1,8.38,5,4,4,0,1,1,1,0,24,0.121,0.0376,4,1,1,1,0
NCRB-SYNTH-110436,High Court,Sec 439 CrPC (Regular Bail),1,3,33,1,0,1,1,1,0,1,1,1,1,0.9104,1,78,0,0,1,1,1,1,1,0.507,79,4.2479,279.86,1,1,3700089.52,0.118,0,1,4.26,5,2,6,1,1,1,1,0,8,0.1394,0.0635,5,1,1,1,0
NCRB-SYNTH-110438,High Court,Sec 439 CrPC (Regular Bail),7,7,89,1,0,1,1,1,1,1,1,1,1,0.66,1,165,1,1,1,1,1,0,1,0.6647,132,3.9279,167.79,1,1,1439029.07,0.061,1,1,2.68,5,4,6,0,1,1,1,0,19,0.2484,0.0829,4,1,1,1,1
NCRB-SYNTH-110439,Trial Court,Sec 439 CrPC (Regular Bail),1,17,71,1,0,1,1,1,0,1,1,1,1,0.5661,1,136,1,1,1,1,0,0,1,0.6428,149,3.502,270.07,1,1,2156163.89,0.0955,0,1,9.82,1,4,6,0,1,1,1,0,11,0.1039,0.0418,5,1,1,1,0
NCRB-SYNTH-110447,Supreme Court,Writ Petition (Detention),4,13,92,1,0,1,1,1,0,1,1,1,1,0.4556,1,60,1,1,1,1,1,0,1,0.3979,135,6.1959,184.58,1,1,2817017.73,0.0589,1,1,8.5,2,2,7,1,1,0,0,1,10,0.1895,0.079,5,1,1,0,0
NCRB-SYNTH-110449,Trial Court,Sec 439 CrPC (Regular Bail),1,8,34,1,0,1,1,1,0,1,1,1,1,0.6002,1,133,1,1,1,1,0,0,1,0.6606,137,5.8278,114.6,1,1,2199288.46,0.1364,1,1,3.37,3,4,9,1,1,1,1,0,9,0.1249,0.0542,3,1,1,0,1
NCRB-SYNTH-110456,High Court,Sec 439 CrPC (Regular Bail),4,24,59,1,0,1,1,1,1,1,1,1,1,0.618,1,52,1,1,1,1,0,1,1,0.6813,114,4.3803,273.78,1,1,922326.21,0.0478,1,1,8.44,4,4,5,1,1,0,0,1,8,0.2408,0.1096,3,1,1,0,1
NCRB-SYNTH-110458,High Court,Sec 482 CrPC (Quashing),2,7,27,1,0,1,1,1,0,1,1,1,1,0.4067,0,30,1,1,1,1,0,1,1,0.9302,120,4.2081,235.44,1,1,1197034.63,0.0116,0,1,7.25,1,1,6,1,1,1,1,0,9,0.2058,0.0894,3,1,1,0,0
NCRB-SYNTH-110460,High Court,Writ Petition (Detention),2,22,41,1,0,1,1,1,1,1,1,1,1,0.5972,1,88,1,0,1,1,0,1,1,0.6421,49,3.4666,210.6,1,1,3067409.24,0.0712,0,1,5.74,3,1,9,1,1,1,1,0,9,0.0891,0.0387,3,1,1,0,0
NCRB-SYNTH-110461,Trial Court,Sec 439 CrPC (Regular Bail),2,16,30,1,0,1,1,1,0,1,1,1,1,0.4962,1,139,1,0,1,1,1,1,1,0.8576,46,5.486,110.95,1,1,3198371.88,0.0621,0,1,1.63,5,1,6,1,1,0,0,1,10,0.2237,0.0933,5,1,1,1,0
NCRB-SYNTH-110462,High Court,Sec 439 CrPC (Regular Bail),1,14,40,1,0,1,1,1,1,1,1,1,1,0.7339,1,157,1,0,1,0,0,0,1,0.447,82,5.4836,286.34,1,1,3591694.75,0.1231,1,1,22.65,5,1,3,0,1,1,1,0,6,0.137,0.0704,5,1,1,0,1
NCRB-SYNTH-110466,High Court,Sec 439 CrPC (Regular Bail),2,6,96,1,0,1,1,1,1,1,1,1,1,0.6242,1,56,1,1,1,1,1,1,1,0.5219,51,4.5606,165.57,1,1,3858013.87,0.1462,1,1,5.74,2,2,7,1,1,1,1,0,16,0.2725,0.0962,4,1,1,0,1
NCRB-SYNTH-110467,High Court,Sec 482 CrPC (Quashing),1,11,67,0,0,1,1,1,0,1,1,1,1,0.6887,1,44,1,1,1,1,1,1,1,0.6879,139,6.5675,269.48,1,1,1493176.01,0.1673,1,1,10.44,1,1,3,1,1,1,1,0,4,0.0568,0.0353,3,1,1,0,1
NCRB-SYNTH-110468,High Court,Sec 482 CrPC (Quashing),1,20,41,1,0,1,1,1,1,1,1,1,1,0.8639,1,126,1,1,1,1,1,1,1,0.5635,150,3.976,299.58,1,1,3469967.76,0.1216,0,1,15.9,1,4,7,1,1,1,1,0,41,0.1573,0.0421,4,1,1,1,1
NCRB-SYNTH-110470,Trial Court,Sec 439 CrPC (Regular Bail),1,9,72,1,0,1,1,1,1,1,1,1,1,0.8723,1,77,0,0,1,1,0,1,1,0.6506,47,3.0094,283.27,1,1,2947854.2,0.1234,0,1,8.31,1,4,9,1,1,0,0,1,9,0.1885,0.0819,5,1,1,0,0
NCRB-SYNTH-110476,Trial Court,Sec 439 CrPC (Regular Bail),1,16,67,1,0,1,1,1,0,1,1,1,1,0.6875,1,129,1,1,1,1,1,1,1,0.8254,145,4.8421,48.16,1,1,3864537.43,0.1037,1,1,6.59,3,1,3,1,1,1,1,0,9,0.2276,0.0989,5,1,1,0,1
NCRB-SYNTH-110479,Supreme Court,Sec 439 CrPC (Regular Bail),15,6,41,1,0,1,1,1,0,1,1,1,1,0.8979,1,49,1,1,1,1,1,1,1,0.8139,77,6.6884,168.55,1,1,2288492.54,0.1853,0,1,1.53,2,4,8,1,1,1,1,0,30,0.0847,0.0247,4,1,1,0,1
NCRB-SYNTH-110480,High Court,Sec 439 CrPC (Regular Bail),1,8,35,1,0,1,1,1,0,1,1,1,1,0.6982,0,142,1,0,1,0,1,1,1,0.7955,74,5.2755,242.57,1,1,2876838.87,0.0831,0,1,8.23,3,3,9,1,1,1,1,0,6,0.1133,0.0582,5,1,1,0,1
NCRB-SYNTH-110497,High Court,Sec 439 CrPC (Regular Bail),1,3,77,1,0,1,1,1,0,1,1,1,1,0.7914,1,94,1,1,1,0,0,1,1,0.9082,133,6.9151,236.97,1,1,4316652.3,0.101,0,1,22.6,4,2,2,1,1,0,0,1,9,0.2334,0.1014,5,1,1,1,1
NCRB-SYNTH-110506,Trial Court,Sec 482 CrPC (Quashing),1,15,93,1,0,1,1,1,0,1,1,1,1,0.5985,1,82,1,1,1,1,1,1,1,0.6606,130,3.3655,236.7,1,1,1556419.26,0.0664,1,1,1.42,2,4,3,0,1,1,1,0,4,0.0819,0.0509,3,1,1,0,0
NCRB-SYNTH-110507,Trial Court,Sec 439 CrPC (Regular Bail),1,18,34,1,0,1,1,1,0,1,1,1,1,0.7177,1,68,1,0,1,1,0,1,1,0.5559,62,7.438,67.82,1,1,2044622.79,0.0206,1,1,7.88,3,1,4,1,1,1,1,0,6,0.126,0.0647,5,1,1,0,1
NCRB-SYNTH-110508,Trial Court,Writ Petition (Detention),2,21,24,1,0,1,1,1,0,1,1,1,1,0.5232,1,103,1,1,1,1,1,1,1,0.6924,95,3.2038,230.7,1,1,4151022.35,0.1169,0,1,12.18,4,4,10,1,1,1,1,0,11,0.1862,0.075,5,1,1,0,0
NCRB-SYNTH-110514,Trial Court,Sec 439 CrPC (Regular Bail),1,25,5,1,0,1,1,1,0,1,1,1,1,0.5542,1,51,0,0,1,1,1,1,1,0.6027,56,3.3396,145.13,1,1,2937237.33,0.1146,1,1,27.31,5,4,5,0,1,1,1,0,5,0.1504,0.084,5,1,1,0,0
NCRB-SYNTH-110516,Trial Court,Sec 439 CrPC (Regular Bail),1,24,19,1,0,1,1,1,0,1,1,1,1,0.5455,1,104,0,0,1,0,1,1,1,0.6924,69,3.9536,164.94,1,1,3409096.68,0.0244,0,1,7.52,4,3,3,1,1,1,1,0,25,0.2894,0.0888,4,1,1,0,0
NCRB-SYNTH-110518,Trial Court,Sec 482 CrPC (Quashing),1,24,25,0,0,1,1,1,0,1,1,1,1,0.6383,1,131,1,1,1,1,1,1,1,0.7326,64,4.109,74.57,1,1,3116113.91,0.1273,1,1,14.37,1,1,7,0,1,0,0,1,10,0.1462,0.0609,3,1,1,0,1
NCRB-SYNTH-110521,High Court,Sec 482 CrPC (Quashing),4,3,94,1,0,1,1,1,1,1,1,1,1,0.7154,1,183,1,1,1,1,1,1,1,0.7837,108,7.6317,48.81,1,1,1786888.63,0.1383,0,1,28.53,4,2,8,0,1,1,1,0,45,0.2699,0.0705,4,1,1,0,1
NCRB-SYNTH-110524,High Court,Sec 482 CrPC (Quashing),1,6,56,1,0,1,1,1,1,1,1,1,1,0.8828,0,81,1,1,1,1,0,1,1,0.7206,78,5.1526,179.21,1,1,2786512.19,0.1857,1,1,10.63,3,2,10,0,1,1,1,0,11,0.1085,0.0437,5,1,1,1,1
NCRB-SYNTH-110525,Trial Court,Writ Petition (Detention),4,17,34,0,0,1,1,1,0,1,1,1,1,0.4912,1,30,0,0,1,1,1,1,1,0.5551,53,4.7479,143.6,1,1,2130846.34,0.0358,1,1,4.57,3,2,8,0,1,1,1,0,29,0.2599,0.0764,4,1,1,0,0
NCRB-SYNTH-110536,High Court,Sec 439 CrPC (Regular Bail),7,12,38,1,0,1,1,1,0,1,1,1,1,0.8009,1,163,1,1,1,1,1,1,1,0.6216,141,3.8665,171.53,1,1,4114102.03,0.161,0,1,4.44,2,1,7,1,1,1,1,0,4,0.2205,0.137,3,1,1,0,1
NCRB-SYNTH-110540,High Court,Trial Judgment,15,21,37,1,0,1,1,1,0,1,1,1,1,0.4392,0,148,1,1,1,1,1,1,1,0.83,149,7.8799,122.2,1,1,2443082.42,0.1928,1,1,24.99,5,2,10,1,1,1,1,0,11,0.0858,0.0345,5,1,1,0,0
NCRB-SYNTH-110546,Trial Court,Sec 439 CrPC (Regular Bail),1,24,83,1,0,1,1,1,1,1,1,1,1,0.6395,1,105,1,0,1,1,1,0,1,0.7993,99,4.4632,205.76,1,1,2444365.31,0.0519,1,1,21.05,5,2,3,0,1,1,1,0,45,0.1261,0.0329,4,1,1,0,1
NCRB-SYNTH-110551,High Court,Sec 439 CrPC (Regular Bail),4,10,35,1,0,1,1,1,0,1,1,1,1,0.4729,1,171,1,0,1,0,0,1,1,0.4558,128,7.7776,73.91,1,1,2254377.27,0.0204,0,1,6.96,3,1,6,1,1,1,1,0,10,0.1231,0.0514,3,1,1,0,0
NCRB-SYNTH-110552,High Court,Sec 439 CrPC (Regular Bail),1,19,60,0,0,1,1,1,0,1,1,1,1,0.3905,1,165,1,1,1,1,1,1,1,0.6708,66,5.5057,223.52,1,1,4316976.25,0.156,0,1,10.17,5,2,7,0,1,1,1,0,8,0.1911,0.087,3,1,1,0,0
NCRB-SYNTH-110556,Trial Court,Sec 439 CrPC (Regular Bail),1,10,75,1,0,1,1,1,0,1,1,1,1,0.7923,0,88,1,1,1,1,0,0,1,0.5398,143,8.0069,178.55,1,1,2879443.11,0.0846,0,1,23.25,2,2,4,0,1,0,0,1,6,0.1225,0.063,3,1,1,1,1
NCRB-SYNTH-110568,Trial Court,Trial Judgment,2,4,37,1,0,1,1,1,1,1,1,1,1,0.6094,0,106,1,1,1,1,1,1,1,0.5206,68,3.6127,211.36,1,1,1767513.54,0.1546,1,1,4.65,5,1,6,1,1,1,1,0,7,0.1281,0.0616,5,1,1,0,1
NCRB-SYNTH-110574,Trial Court,Sec 439 CrPC (Regular Bail),1,25,55,1,0,1,1,1,0,1,1,1,1,0.4392,1,15,1,1,1,1,1,1,1,0.6027,68,4.8767,84.21,1,1,2667007.55,0.0636,1,1,3.32,2,2,9,1,1,1,1,0,7,0.0891,0.0429,5,1,1,1,0
NCRB-SYNTH-110581,High Court,Sec 439 CrPC (Regular Bail),4,5,42,1,0,1,1,1,1,1,1,1,1,0.7482,1,19,0,0,1,1,0,1,1,0.7323,113,5.4829,99.94,1,1,2286109.83,0.1527,1,1,13.35,2,1,2,1,1,0,0,1,34,0.3169,0.0891,4,1,1,1,0
NCRB-SYNTH-110583,Trial Court,Trial Judgment,1,11,9,1,0,1,1,1,0,1,1,1,1,0.7007,1,46,1,0,1,1,1,1,1,0.7515,67,4.6965,242.51,1,1,3618174.1,0.1702,1,1,37.45,4,4,6,1,1,1,1,0,9,0.166,0.0721,5,1,1,0,1
NCRB-SYNTH-110585,Trial Court,Sec 482 CrPC (Quashing),1,8,60,1,0,1,1,1,0,1,1,1,1,0.8407,1,57,1,1,1,1,1,1,1,0.694,67,3.298,247.87,1,1,4278096.07,0.009,0,1,9.48,4,1,9,0,1,1,1,0,27,0.1598,0.048,4,1,1,1,1
NCRB-SYNTH-110593,High Court,Sec 439 CrPC (Regular Bail),1,5,93,1,0,1,1,1,0,1,1,1,1,0.8952,1,35,0,0,1,1,1,1,1,0.717,131,5.0912,189.8,1,1,1068778.4,0.1343,0,1,3.06,4,1,9,1,1,1,1,0,9,0.1853,0.0805,5,1,1,1,0
NCRB-SYNTH-110597,Trial Court,Sec 439 CrPC (Regular Bail),4,10,71,1,0,1,1,1,1,1,1,1,1,0.5017,1,160,1,1,1,1,0,1,1,0.7684,47,4.3899,258.58,1,1,3808341.82,0.1488,0,1,21.75,1,4,10,1,1,1,1,0,16,0.1012,0.0357,4,1,1,1,0
NCRB-SYNTH-110600,Supreme Court,Sec 439 CrPC (Regular Bail),15,18,56,1,0,1,1,1,0,1,1,1,1,0.8157,1,100,1,1,1,1,0,1,1,0.7418,65,6.273,103.94,1,1,3656627.42,0.0569,1,1,3.3,4,3,5,1,1,1,1,0,7,0.0874,0.042,3,1,1,1,1
NCRB-SYNTH-110605,Trial Court,Trial Judgment,15,9,40,1,0,1,1,1,0,1,1,1,1,0.99,1,162,1,1,1,1,1,1,1,0.6679,46,3.973,71.86,1,1,1001143.8,0.131,1,1,7.49,5,4,3,1,1,1,1,0,8,0.1903,0.0866,5,1,1,0,1
NCRB-SYNTH-110611,High Court,Sec 482 CrPC (Quashing),7,11,27,1,0,1,1,1,1,1,1,1,1,0.6117,0,98,0,0,1,0,1,1,1,0.7391,80,3.0054,174.46,1,1,4435465.3,0.1739,1,1,11.74,4,2,10,0,1,1,1,0,5,0.1385,0.0773,3,1,1,0,0
NCRB-SYNTH-110615,Trial Court,Sec 439 CrPC (Regular Bail),1,9,35,1,0,1,1,1,1,1,1,1,1,0.5856,1,136,0,0,1,0,1,1,1,0.4626,94,3.3679,225.71,1,1,2359336.61,0.1764,1,1,1.42,3,3,10,1,1,1,1,0,7,0.1367,0.0658,5,1,1,1,0
NCRB-SYNTH-110616,Trial Court,Trial Judgment,1,18,67,1,0,1,1,1,1,1,1,1,1,0.7067,0,157,1,1,1,1,1,0,1,0.7205,41,4.5372,247.78,1,1,266295.21,0.113,1,1,12.11,1,3,8,1,1,1,1,0,8,0.1319,0.06,3,1,1,0,1
NCRB-SYNTH-110621,Trial Court,Sec 439 CrPC (Regular Bail),21,9,25,1,0,1,1,1,1,1,1,1,1,0.7557,0,63,1,1,1,0,1,1,1,0.4448,118,4.0567,216.67,1,1,2383829.2,0.1312,0,1,4.33,1,1,2,1,1,1,1,0,11,0.0587,0.0236,3,1,1,1,1
NCRB-SYNTH-110628,Supreme Court,Sec 439 CrPC (Regular Bail),2,4,33,1,0,1,1,1,0,1,1,1,1,0.9094,1,74,1,1,1,1,1,0,1,0.9046,85,6.6136,290.39,1,1,1305805.47,0.1675,1,1,6.84,4,2,5,1,1,1,1,0,6,0.0668,0.0343,3,1,1,0,1
NCRB-SYNTH-110630,Trial Court,Writ Petition (Detention),1,22,64,1,0,1,1,1,0,1,1,1,1,0.6091,1,92,1,1,1,0,1,0,1,0.4764,124,4.8657,228.75,1,1,3843589.53,0.0199,0,1,25.39,2,2,5,1,1,1,1,0,3,0.7241,0.5223,1,1,1,0,1
NCRB-SYNTH-110634,High Court,Sec 439 CrPC (Regular Bail),1,6,48,1,0,1,1,1,0,1,1,1,1,0.5722,1,111,1,1,1,0,1,1,1,0.7539,76,7.6854,256.67,1,1,2520316.55,0.1462,1,1,36.45,4,2,6,0,1,1,1,0,38,0.3041,0.083,4,1,1,0,0
NCRB-SYNTH-110635,High Court,Trial Judgment,1,20,93,1,0,1,1,1,0,1,1,1,1,0.7029,1,173,0,0,1,1,0,1,1,0.5074,65,3.7948,212.0,1,1,3990259.09,0.1147,0,1,3.24,2,3,3,1,1,1,1,0,5,0.1173,0.0655,3,1,1,0,0
NCRB-SYNTH-110637,High Court,Sec 439 CrPC (Regular Bail),1,22,6,1,0,1,1,1,0,1,1,1,1,0.5646,1,30,1,1,1,1,1,1,1,0.5312,72,6.165,289.09,1,1,2265094.91,0.1999,0,1,33.39,4,2,9,1,1,1,1,0,10,0.2242,0.0935,5,1,1,0,0
NCRB-SYNTH-110643,Trial Court,Writ Petition (Detention),1,8,44,1,0,1,1,1,1,1,1,1,1,0.7676,1,90,1,1,1,0,1,0,1,0.7581,66,7.9994,54.27,1,1,3726112.21,0.1024,1,1,6.27,3,1,5,1,1,1,1,0,5,0.2109,0.1177,3,1,1,0,1
NCRB-SYNTH-110655,Supreme Court,Writ Petition (Detention),1,4,92,1,0,1,1,1,0,1,1,1,1,0.6828,1,18,0,0,1,1,0,1,1,0.8015,115,5.5108,261.62,1,1,2175674.62,0.0841,1,1,1.92,4,4,3,0,1,1,1,0,28,0.171,0.0508,4,1,1,0,0
NCRB-SYNTH-110657,High Court,Sec 439 CrPC (Regular Bail),1,10,10,1,1,1,1,1,0,1,1,1,1,0.5166,1,172,1,1,1,1,0,1,1,0.7522,78,5.4264,159.72,1,1,425910.6,0.1144,1,1,27.33,4,4,5,0,1,1,1,0,7,0.1091,0.0525,5,1,1,1,0
NCRB-SYNTH-110658,Trial Court,Sec 439 CrPC (Regular Bail),1,22,74,1,0,1,1,1,0,1,1,1,1,0.4538,1,48,1,0,1,1,0,1,1,0.475,128,5.3251,76.89,1,1,1857843.65,0.1262,1,1,35.75,3,1,3,0,1,1,1,0,9,0.1119,0.0486,5,1,1,0,0
NCRB-SYNTH-110659,High Court,Sec 482 CrPC (Quashing),2,22,52,1,1,1,1,1,0,1,1,1,1,0.6525,1,166,1,1,1,1,1,0,1,0.5285,40,6.0818,146.49,1,1,836630.41,0.0321,1,1,2.31,3,1,5,1,1,1,1,0,10,0.1887,0.0787,5,1,1,1,1
NCRB-SYNTH-110661,Supreme Court,Writ Petition (Detention),21,11,62,1,0,1,1,1,0,1,1,1,1,0.9374,0,74,1,1,1,0,1,1,1,0.6883,142,3.946,122.84,1,1,3761173.87,0.1448,0,1,15.16,4,4,3,1,1,1,1,0,7,0.1575,0.0757,5,1,1,0,1
NCRB-SYNTH-110664,Supreme Court,Sec 439 CrPC (Regular Bail),15,22,94,1,0,1,1,1,1,1,1,1,1,0.4557,1,104,1,1,1,1,1,1,1,0.4305,87,5.3607,283.47,1,1,4273432.03,0.157,0,1,4.15,3,2,7,1,1,1,1,0,31,0.1921,0.0554,4,1,1,1,0
NCRB-SYNTH-110681,Trial Court,Sec 439 CrPC (Regular Bail),2,7,50,1,0,1,1,1,0,1,1,1,1,0.8318,1,105,1,0,1,1,1,1,1,0.7925,55,3.9153,107.29,1,1,900728.76,0.1986,1,1,3.06,5,2,10,1,1,1,1,0,32,0.1425,0.0408,4,1,1,1,1
NCRB-SYNTH-110685,High Court,Sec 482 CrPC (Quashing),1,10,60,1,0,1,1,1,0,1,1,1,1,0.7585,1,71,0,0,1,1,0,1,1,0.5269,118,4.2932,295.08,1,1,3654860.66,0.119,1,1,38.59,4,1,5,0,1,1,1,0,10,0.0957,0.0399,5,1,1,0,0
NCRB-SYNTH-110687,Trial Court,Sec 439 CrPC (Regular Bail),2,9,96,1,0,1,1,1,0,1,1,1,1,0.5197,1,39,1,1,1,1,0,1,1,0.8785,102,6.8746,222.41,1,1,329786.79,0.1224,1,1,13.49,2,4,6,1,1,0,0,1,6,0.1321,0.0679,5,1,1,0,0
NCRB-SYNTH-110698,Trial Court,Sec 439 CrPC (Regular Bail),2,13,80,1,0,1,1,1,0,1,1,1,1,0.5565,1,105,1,1,1,1,1,1,1,0.4794,110,8.0771,253.23,1,1,1222754.83,0.1168,1,1,4.27,2,4,9,1,1,1,1,0,22,0.2168,0.0691,4,1,1,1,0
NCRB-SYNTH-110700,Trial Court,Sec 439 CrPC (Regular Bail),4,7,6,1,0,1,1,1,1,1,1,1,1,0.4702,1,18,0,1,1,1,0,1,1,0.6902,113,3.8535,52.3,1,1,3160195.61,0.0098,1,1,1.24,3,3,2,1,1,0,0,1,14,0.1554,0.0574,4,1,1,1,0
NCRB-SYNTH-110702,Trial Court,Trial Judgment,1,20,30,1,0,1,1,1,0,1,1,1,1,0.6311,1,163,1,1,1,1,1,1,1,0.8865,71,5.8218,195.35,1,1,2355562.49,0.0941,1,1,2.24,4,2,3,1,1,1,1,0,10,0.1101,0.0459,5,1,1,0,1
NCRB-SYNTH-110708,High Court,Sec 439 CrPC (Regular Bail),1,7,43,0,0,1,1,1,0,1,1,1,1,0.7654,1,141,1,0,1,1,1,0,1,0.7002,100,6.5722,207.88,1,1,2560808.12,0.0662,0,1,6.03,5,4,6,0,1,0,0,1,7,0.1347,0.0648,3,1,1,1,1
NCRB-SYNTH-110723,High Court,Sec 439 CrPC (Regular Bail),1,10,21,0,0,1,1,1,1,1,1,1,1,0.3367,0,138,1,1,1,1,1,1,1,0.6767,106,3.8001,282.98,1,1,2192754.55,0.1386,0,1,5.73,1,4,4,1,1,1,1,0,38,0.295,0.0805,4,1,1,0,0
NCRB-SYNTH-110726,Trial Court,Sec 439 CrPC (Regular Bail),1,21,38,1,0,1,1,1,0,1,1,1,1,0.7908,1,51,1,1,1,1,1,1,1,0.874,90,2.9626,140.56,1,1,2055831.88,0.1788,1,1,3.33,1,4,10,1,1,1,1,0,6,0.078,0.0401,5,1,1,0,1
NCRB-SYNTH-110727,Trial Court,Trial Judgment,2,17,23,1,0,1,1,1,0,1,1,1,1,0.6501,1,17,1,1,1,0,1,1,1,0.75,109,5.9486,184.29,1,1,4212115.98,0.1919,0,1,5.29,5,2,10,1,1,1,1,0,10,0.1487,0.062,3,1,1,1,1
NCRB-SYNTH-110728,Trial Court,Sec 439 CrPC (Regular Bail),1,3,66,1,0,1,1,1,1,1,1,1,1,0.8929,0,101,1,0,1,1,0,1,1,0.5642,45,7.0897,86.23,1,1,3041330.02,0.1092,0,1,25.0,4,1,8,1,1,1,1,0,8,0.1937,0.0882,3,1,1,1,1
NCRB-SYNTH-110731,Supreme Court,Sec 482 CrPC (Quashing),1,9,36,1,0,1,1,1,0,1,1,1,1,0.8473,1,60,1,1,1,1,0,1,1,0.9373,70,5.8505,134.27,1,1,3878226.99,0.0974,0,1,17.46,2,4,4,1,1,1,1,0,25,0.2259,0.0693,4,1,1,0,1
NCRB-SYNTH-110735,High Court,Sec 439 CrPC (Regular Bail),1,13,90,1,0,1,1,1,0,1,1,1,1,0.7061,1,145,1,0,1,1,1,1,1,0.7044,44,4.6319,104.37,1,1,2496444.53,0.0354,1,1,16.94,1,2,4,1,1,0,0,1,8,0.1785,0.0812,3,1,1,0,1
NCRB-SYNTH-110738,Trial Court,Sec 439 CrPC (Regular Bail),1,23,58,1,0,1,1,1,0,1,1,1,1,0.6847,1,95,1,1,1,1,1,0,1,0.8378,81,4.0242,231.87,1,1,1772008.72,0.134,1,1,20.94,2,1,8,1,1,0,0,1,1,0.4351,0.6278,1,1,1,1,1
NCRB-SYNTH-110744,High Court,Sec 439 CrPC (Regular Bail),1,25,92,1,0,1,1,1,0,1,1,1,1,0.6148,1,117,1,1,1,0,1,1,1,0.5447,75,7.6135,182.02,1,1,4229416.8,0.0603,1,1,23.8,4,1,6,1,1,1,1,0,9,0.0574,0.0249,5,1,1,0,1
NCRB-SYNTH-110745,Trial Court,Sec 439 CrPC (Regular Bail),1,12,5,1,0,1,1,1,0,1,1,1,1,0.7188,1,116,1,1,1,1,0,0,1,0.4075,111,4.4195,65.67,1,1,4026519.79,0.1257,0,1,2.52,1,3,5,1,1,1,1,0,10,0.1579,0.0659,5,1,1,0,1
NCRB-SYNTH-110749,High Court,Sec 439 CrPC (Regular Bail),15,21,70,1,0,1,1,1,1,1,1,1,1,0.7836,1,51,1,1,1,1,1,1,1,0.8606,102,5.6838,254.31,1,1,3089836.39,0.1029,1,1,22.61,3,2,8,1,1,1,1,0,1,0.5757,0.8306,1,1,1,1,1
NCRB-SYNTH-110751,Supreme Court,Sec 482 CrPC (Quashing),2,20,44,1,0,1,1,1,0,1,1,1,1,0.7137,0,156,1,1,1,1,1,1,1,0.6696,138,3.7678,230.64,1,1,3210066.36,0.1908,0,1,34.13,1,4,5,0,1,0,0,1,5,0.1626,0.0908,5,1,1,0,1
NCRB-SYNTH-110762,Trial Court,Writ Petition (Detention),1,13,6,1,0,1,1,1,1,1,1,1,1,0.9277,1,93,1,0,1,1,1,1,1,0.6903,113,7.5808,123.68,1,1,3793302.2,0.0087,1,1,45.19,1,3,4,1,1,0,0,1,19,0.1553,0.0519,4,1,1,1,1
NCRB-SYNTH-110768,High Court,Sec 482 CrPC (Quashing),7,17,70,1,0,1,1,1,0,1,1,1,1,0.8013,1,171,1,1,1,0,1,0,1,0.7588,79,7.3813,236.79,1,1,1531732.92,0.095,0,1,1.17,4,4,4,1,1,1,1,0,10,0.1618,0.0675,5,1,1,0,1
NCRB-SYNTH-110769,Trial Court,Sec 439 CrPC (Regular Bail),1,19,91,1,0,1,1,1,0,1,1,1,1,0.5621,0,87,1,1,1,1,0,1,1,0.6621,89,4.42,93.97,1,1,3400289.42,0.1506,1,1,18.46,5,1,10,1,1,1,1,0,4,0.1464,0.091,3,1,1,0,0
NCRB-SYNTH-110771,Trial Court,Sec 439 CrPC (Regular Bail),1,12,37,0,0,1,1,1,1,1,1,1,1,0.812,0,79,1,1,1,1,1,0,1,0.6784,55,3.8079,263.5,1,1,2448034.33,0.1814,1,1,12.18,5,4,9,0,1,1,1,0,3,0.531,0.383,1,1,1,1,1
NCRB-SYNTH-110773,High Court,Sec 439 CrPC (Regular Bail),4,25,38,0,0,1,1,1,1,1,1,1,1,0.9349,1,63,1,1,1,1,0,1,1,0.703,150,4.685,164.38,1,1,3772237.23,0.0515,1,1,13.38,4,1,10,1,1,1,1,0,2,0.9243,0.8413,1,1,1,1,1
NCRB-SYNTH-110782,Supreme Court,Trial Judgment,2,11,7,1,0,1,1,1,1,1,1,1,1,0.5198,1,58,1,1,1,1,1,1,1,0.5493,52,5.1351,286.99,1,1,1142683.87,0.0679,0,1,24.78,5,2,5,0,1,1,1,0,39,0.2991,0.0811,4,1,1,0,0
NCRB-SYNTH-110797,Trial Court,Sec 439 CrPC (Regular Bail),1,11,56,1,0,1,1,1,0,1,1,1,1,0.663,1,111,1,1,1,1,0,1,1,0.7947,87,7.1108,174.0,1,1,737639.54,0.0999,1,1,8.95,3,1,7,0,1,1,1,0,10,0.1306,0.0545,3,1,1,0,1
NCRB-SYNTH-110801,High Court,Sec 439 CrPC (Regular Bail),1,3,37,1,0,1,1,1,1,1,1,1,1,0.8626,1,94,0,0,1,0,0,1,1,0.6107,52,3.5535,179.65,1,1,3874728.02,0.0594,1,1,1.45,4,3,7,1,1,1,1,0,6,0.1971,0.1013,5,1,1,0,0
NCRB-SYNTH-110808,High Court,Writ Petition (Detention),1,6,79,1,0,1,1,1,1,1,1,1,1,0.5303,1,164,1,1,1,1,1,0,1,0.5871,84,7.7132,64.14,1,1,1711469.04,0.0408,1,1,3.94,4,3,4,1,1,1,1,0,3,0.8834,0.6372,1,1,1,1,0
NCRB-SYNTH-110820,Trial Court,Writ Petition (Detention),21,19,68,1,0,1,1,1,1,1,1,1,1,0.6311,1,173,1,1,1,1,0,1,1,0.5321,57,7.4996,291.25,1,1,4286160.65,0.0505,0,1,13.56,3,4,3,1,1,1,1,0,6,0.1924,0.0989,5,1,1,0,1
NCRB-SYNTH-110821,Trial Court,Sec 482 CrPC (Quashing),1,11,92,1,0,1,1,1,0,1,1,1,1,0.8362,1,21,1,1,1,1,1,1,1,0.7464,84,6.5942,194.94,1,1,4360529.47,0.0757,0,1,5.86,4,4,7,1,1,1,1,0,6,0.1969,0.1012,5,1,1,0,1
NCRB-SYNTH-110826,High Court,Sec 439 CrPC (Regular Bail),1,17,44,0,0,1,1,1,0,1,1,1,1,0.7863,1,19,0,1,1,1,1,1,1,0.6793,138,5.433,108.06,1,1,1992134.49,0.1941,0,1,12.58,3,2,8,1,1,1,1,0,17,0.2782,0.0962,4,1,1,0,0
NCRB-SYNTH-110830,High Court,Sec 482 CrPC (Quashing),2,20,62,1,0,1,1,1,1,1,1,1,1,0.7215,1,154,1,1,1,1,1,1,1,0.6962,42,3.0726,222.72,1,1,376703.01,0.0843,1,1,24.1,5,2,4,0,1,1,1,0,11,0.0732,0.0295,5,1,1,1,1
NCRB-SYNTH-110833,Trial Court,Sec 482 CrPC (Quashing),1,5,87,1,0,1,1,1,0,1,1,1,1,0.8007,1,71,1,0,1,1,1,1,1,0.6821,92,6.3874,251.46,1,1,899028.53,0.1653,1,1,4.77,4,3,9,1,1,1,1,0,7,0.1674,0.0805,5,1,1,0,1
NCRB-SYNTH-110835,Supreme Court,Sec 439 CrPC (Regular Bail),7,10,27,1,0,1,1,1,0,1,1,1,1,0.8993,1,139,1,1,1,1,1,1,1,0.7304,99,6.2277,167.23,1,1,3345351.17,0.0147,1,1,1.66,2,2,10,1,1,1,1,0,7,0.1218,0.0586,3,1,1,0,1
NCRB-SYNTH-110840,High Court,Sec 439 CrPC (Regular Bail),1,24,99,1,0,1,1,1,1,1,1,1,1,0.9152,1,45,1,1,1,0,1,1,1,0.7236,137,7.0321,129.91,1,1,471062.87,0.1273,0,1,3.66,5,4,7,1,1,1,1,0,4,0.212,0.1317,5,1,1,1,1
NCRB-SYNTH-110842,Trial Court,Sec 439 CrPC (Regular Bail),2,15,98,1,0,1,1,1,0,1,1,1,1,0.736,1,74,0,0,1,1,0,1,1,0.7651,46,6.0089,233.44,1,1,2345048.96,0.0929,1,1,4.06,4,1,2,1,1,1,1,0,11,0.2426,0.0976,3,1,1,1,0
NCRB-SYNTH-110851,High Court,Sec 439 CrPC (Regular Bail),1,18,11,0,0,1,1,1,1,1,1,1,1,0.5968,1,109,1,1,1,1,1,1,1,0.7175,112,3.2851,75.61,1,1,3114238.77,0.1633,0,1,1.49,3,3,7,1,1,1,1,0,6,0.1552,0.0798,5,1,1,0,0
NCRB-SYNTH-110852,Trial Court,Sec 482 CrPC (Quashing),1,9,63,0,0,1,1,1,0,1,1,1,1,0.6576,0,119,1,1,1,1,0,0,1,0.5478,85,7.6524,223.42,1,1,3832662.5,0.0793,1,1,3.84,4,3,10,0,1,1,1,0,19,0.2409,0.0804,4,1,1,0,1
NCRB-SYNTH-110864,Trial Court,Writ Petition (Detention),1,4,14,1,0,1,1,1,0,1,1,1,1,0.7773,1,141,1,1,1,0,1,1,1,0.6406,46,3.1895,125.84,1,1,298628.09,0.1407,0,1,6.4,5,1,8,1,1,1,1,0,7,0.1908,0.0918,5,1,1,0,1
NCRB-SYNTH-110869,High Court,Sec 482 CrPC (Quashing),1,19,43,1,0,1,1,1,0,1,1,1,1,0.7275,1,122,1,0,1,1,0,1,1,0.636,67,4.6105,74.05,1,1,2488259.5,0.0294,1,1,1.07,1,3,7,1,1,1,1,0,2,0.7778,0.708,1,1,1,0,1
NCRB-SYNTH-110870,High Court,Writ Petition (Detention),2,18,81,1,0,1,1,1,1,1,1,1,1,0.7823,1,154,0,1,1,1,0,1,1,0.6657,145,7.0456,60.97,1,1,3447724.87,0.0654,1,1,3.96,2,2,9,1,1,1,1,0,31,0.1627,0.0469,4,1,1,0,0
NCRB-SYNTH-110877,Trial Court,Sec 439 CrPC (Regular Bail),1,19,68,1,0,1,1,1,0,1,1,1,1,0.482,1,133,1,0,1,1,0,1,1,0.6103,88,6.9264,127.62,1,1,3385490.72,0.1895,1,1,8.62,1,4,9,0,1,0,0,1,10,0.0625,0.0261,5,1,1,1,0
NCRB-SYNTH-110878,High Court,Sec 439 CrPC (Regular Bail),1,7,29,1,0,1,1,1,1,1,1,1,1,0.816,1,22,1,1,1,0,1,0,1,0.725,87,3.511,192.07,1,1,3899372.85,0.0232,0,1,4.96,2,1,10,1,1,1,1,0,1,0.4933,0.7117,1,1,1,0,1
NCRB-SYNTH-110881,High Court,Sec 439 CrPC (Regular Bail),2,14,45,1,0,1,1,1,1,1,1,1,1,0.6224,1,153,0,0,1,1,1,1,1,0.6454,54,5.4428,174.07,1,1,3132429.75,0.0917,1,1,4.77,2,1,4,1,1,1,1,0,20,0.2793,0.0918,4,1,1,0,0
NCRB-SYNTH-110883,Trial Court,Sec 439 CrPC (Regular Bail),1,24,44,1,0,1,1,1,0,1,1,1,1,0.5334,1,66,1,0,1,1,1,0,1,0.5303,136,7.3829,219.35,1,1,3969607.13,0.039,1,1,9.74,4,4,10,1,1,1,1,0,4,0.1152,0.0716,5,1,1,0,0
NCRB-SYNTH-110885,Trial Court,Sec 439 CrPC (Regular Bail),27,9,66,1,0,1,1,1,1,1,1,1,1,0.5477,0,78,1,1,1,1,1,1,1,0.6559,45,4.2314,253.98,1,1,3425863.5,0.0901,1,1,4.12,1,1,4,1,1,0,0,1,17,0.155,0.0536,4,1,1,0,0
NCRB-SYNTH-110894,High Court,Sec 482 CrPC (Quashing),1,18,83,1,0,1,1,1,0,1,1,1,1,0.4936,0,44,1,1,1,1,1,1,1,0.7123,62,5.8111,84.21,1,1,4408334.02,0.0967,1,1,10.7,5,2,9,1,1,1,1,0,10,0.2101,0.0876,5,1,1,1,0
NCRB-SYNTH-110901,High Court,Sec 482 CrPC (Quashing),1,8,7,1,0,1,1,1,0,1,1,1,1,0.637,1,38,1,1,1,1,1,1,1,0.5284,104,7.6779,163.94,1,1,642542.36,0.1427,1,1,5.02,1,3,10,1,1,1,1,0,1,0.6487,0.9359,1,1,1,1,1
NCRB-SYNTH-110906,Trial Court,Sec 439 CrPC (Regular Bail),1,4,50,1,0,1,1,1,0,1,1,1,1,0.4018,1,44,1,1,1,1,1,1,1,0.7293,136,6.747,154.52,1,1,2041283.38,0.1082,1,1,14.41,4,4,10,1,1,1,1,0,29,0.2264,0.0666,4,1,1,0,0
NCRB-SYNTH-110907,Trial Court,Sec 439 CrPC (Regular Bail),15,16,90,0,1,1,1,1,0,1,1,1,1,0.4639,1,21,0,1,1,1,1,1,1,0.6072,138,3.1564,214.84,1,1,4149336.92,0.1751,0,1,26.33,4,4,2,0,1,1,1,0,5,0.208,0.1161,5,1,1,1,0
NCRB-SYNTH-110908,Trial Court,Sec 439 CrPC (Regular Bail),1,13,73,1,0,1,1,1,0,1,1,1,1,0.7166,1,137,0,0,1,1,1,1,1,0.618,101,4.129,227.68,1,1,1622257.62,0.0385,0,1,6.46,1,2,5,1,1,1,1,0,4,0.2283,0.1418,5,1,1,0,0
NCRB-SYNTH-110918,Trial Court,Sec 439 CrPC (Regular Bail),4,24,90,1,0,1,1,1,1,1,1,1,1,0.9328,1,48,1,1,1,0,1,1,1,0.7848,63,7.5967,298.95,1,1,3404281.52,0.1643,1,1,21.44,4,1,2,1,1,1,1,0,9,0.0769,0.0334,5,1,1,0,1
NCRB-SYNTH-110928,High Court,Writ Petition (Detention),21,10,8,1,0,1,1,1,0,1,1,1,1,0.9281,1,74,1,0,1,1,0,1,1,0.7007,142,4.8873,161.02,1,1,3891364.02,0.0568,1,1,4.36,4,1,9,1,1,0,0,1,4,0.2319,0.1441,5,1,1,0,1
NCRB-SYNTH-110932,Trial Court,Sec 439 CrPC (Regular Bail),1,14,29,1,0,1,1,1,0,1,1,1,1,0.6851,1,72,1,0,1,1,1,1,1,0.759,132,6.1593,253.9,1,1,4037583.57,0.0432,1,1,16.34,2,4,6,1,1,0,0,1,9,0.2174,0.0944,3,1,1,1,1
NCRB-SYNTH-110935,Trial Court,Sec 482 CrPC (Quashing),2,25,27,1,0,1,1,1,0,1,1,1,1,0.5097,0,45,1,0,1,1,1,1,1,0.699,111,3.6728,268.77,1,1,2854502.1,0.1316,1,1,13.28,4,2,10,1,1,0,0,1,6,0.2095,0.1076,5,1,1,0,0
NCRB-SYNTH-110957,High Court,Sec 439 CrPC (Regular Bail),1,22,74,1,0,1,1,1,0,1,1,1,1,0.4992,0,22,1,1,1,1,0,1,1,0.6595,81,7.5797,174.47,1,1,3340105.41,0.0879,1,1,11.48,4,1,8,1,1,1,1,0,9,0.2359,0.1024,5,1,1,0,0
NCRB-SYNTH-110962,Trial Court,Sec 439 CrPC (Regular Bail),1,7,98,1,0,1,1,1,0,1,1,1,1,0.45,0,180,0,0,1,0,1,1,1,0.7316,45,5.6028,187.96,1,1,2069937.18,0.0271,0,1,6.64,3,3,10,1,1,1,1,0,11,0.2289,0.0921,5,1,1,0,0
NCRB-SYNTH-110963,Trial Court,Sec 482 CrPC (Quashing),21,8,60,1,0,1,1,1,1,1,1,1,1,0.4126,1,102,1,1,1,1,1,1,1,0.7549,140,7.2695,195.11,1,1,4372763.75,0.0491,1,1,5.33,4,2,9,1,1,1,1,0,2,0.8612,0.7839,1,1,1,0,0
NCRB-SYNTH-110964,Supreme Court,Writ Petition (Detention),7,9,7,1,0,1,1,1,1,1,1,1,1,0.7882,1,55,1,1,1,0,1,1,1,0.9117,147,3.5351,164.89,1,1,1835124.02,0.0718,0,1,3.87,5,4,10,1,1,1,1,0,9,0.123,0.0534,3,1,1,0,1
NCRB-SYNTH-110971,High Court,Sec 482 CrPC (Quashing),27,17,83,1,0,1,1,1,0,1,1,1,1,0.5269,1,180,1,1,1,1,1,1,1,0.7276,58,3.9761,125.78,1,1,4068723.71,0.0605,0,1,3.93,1,2,9,0,1,1,1,0,17,0.1509,0.0522,4,1,1,0,0
NCRB-SYNTH-110976,High Court,Sec 482 CrPC (Quashing),4,17,87,1,0,1,1,1,0,1,1,1,1,0.99,1,40,1,1,1,1,1,1,1,0.58,63,6.3579,79.11,1,1,2244554.4,0.0823,0,1,9.45,4,1,3,1,1,1,1,0,6,0.1572,0.0808,5,1,1,1,1
NCRB-SYNTH-110979,Trial Court,Sec 439 CrPC (Regular Bail),2,11,53,1,0,1,1,1,0,1,1,1,1,0.6308,0,85,1,1,1,1,0,1,1,0.8612,121,7.671,275.31,1,1,454373.0,0.157,1,1,10.23,2,4,4,1,1,0,0,1,4,0.1722,0.107,5,1,1,1,1
NCRB-SYNTH-110984,Trial Court,Sec 439 CrPC (Regular Bail),1,14,50,1,0,1,1,1,0,1,1,1,1,0.9084,1,19,1,1,1,1,1,1,1,0.7102,105,8.058,167.55,1,1,1756848.9,0.0029,0,1,16.62,5,4,7,1,1,1,1,0,7,0.0735,0.0354,3,1,1,0,1
NCRB-SYNTH-110994,High Court,Trial Judgment,1,24,72,1,0,1,1,1,0,1,1,1,1,0.7574,1,70,1,0,1,1,1,1,1,0.6114,100,5.9728,294.39,1,1,819021.49,0.1556,1,1,3.61,3,3,10,0,1,1,1,0,5,0.2191,0.1223,5,1,1,0,1
NCRB-SYNTH-110996,High Court,Sec 439 CrPC (Regular Bail),21,24,35,1,0,1,1,1,0,1,1,1,1,0.8789,1,46,1,0,1,1,1,0,1,0.8129,145,5.6675,89.86,1,1,4275262.5,0.0452,1,1,1.84,4,1,10,0,1,1,1,0,29,0.1695,0.0498,4,1,1,0,1
NCRB-SYNTH-111001,Trial Court,Sec 482 CrPC (Quashing),1,13,50,1,0,1,1,1,0,1,1,1,1,0.5173,1,130,0,0,1,1,1,1,1,0.6658,75,6.5665,60.21,1,1,830887.09,0.0449,0,1,8.82,3,1,6,0,1,1,1,0,5,0.2132,0.119,5,1,1,1,0
NCRB-SYNTH-111010,Trial Court,Sec 482 CrPC (Quashing),15,10,79,1,0,1,1,1,0,1,1,1,1,0.9608,1,117,1,1,1,1,1,1,1,0.6999,131,6.0563,156.83,1,1,4384589.42,0.1938,1,1,13.97,2,2,5,0,1,0,0,1,10,0.2379,0.0992,3,1,1,0,1
NCRB-SYNTH-111011,High Court,Sec 482 CrPC (Quashing),1,10,48,1,0,1,1,1,0,1,1,1,1,0.8255,1,165,1,1,1,0,1,0,1,0.6329,117,7.608,86.88,1,1,4187585.4,0.0914,1,1,1.3,5,3,3,0,1,1,1,0,6,0.1251,0.0643,5,1,1,1,1
NCRB-SYNTH-111019,Trial Court,Sec 482 CrPC (Quashing),2,8,49,1,0,1,1,1,0,1,1,1,1,0.8858,1,155,1,1,1,0,0,0,1,0.6604,106,5.9528,102.26,1,1,943244.43,0.14,1,1,4.28,3,3,4,1,1,0,0,1,9,0.1643,0.0713,5,1,1,0,1
NCRB-SYNTH-111024,Trial Court,Sec 439 CrPC (Regular Bail),4,13,53,0,0,1,1,1,1,1,1,1,1,0.7433,1,112,1,1,1,1,1,1,1,0.8492,82,4.2139,134.51,1,1,4395009.9,0.1907,1,1,1.01,2,1,9,1,1,0,0,1,1,0.5966,0.8607,1,1,1,1,1
NCRB-SYNTH-111025,Trial Court,Writ Petition (Detention),1,16,8,1,0,1,1,1,0,1,1,1,1,0.5986,1,102,1,1,1,1,1,0,1,0.7504,46,7.0351,249.27,1,1,1489742.48,0.1758,1,1,7.14,4,4,9,1,1,1,1,0,6,0.2184,0.1122,3,1,1,0,0
NCRB-SYNTH-111028,High Court,Trial Judgment,4,21,84,1,0,1,1,1,1,1,1,1,1,0.6068,0,155,1,1,1,1,1,1,1,0.6459,109,3.439,239.06,1,1,3318601.13,0.0767,1,1,2.44,2,2,4,0,1,1,1,0,4,0.2046,0.1271,5,1,1,0,1
NCRB-SYNTH-111033,High Court,Sec 439 CrPC (Regular Bail),1,17,60,1,0,1,1,1,0,1,1,1,1,0.8653,1,67,0,0,1,1,1,1,1,0.6841,125,7.1495,149.06,1,1,2494054.12,0.0748,1,1,4.6,3,4,3,1,1,1,1,0,4,0.1598,0.0993,5,1,1,0,0
NCRB-SYNTH-111045,High Court,Sec 439 CrPC (Regular Bail),27,9,28,1,0,1,1,1,1,1,1,1,1,0.7556,0,37,1,0,1,1,0,0,1,0.6171,122,7.8241,197.94,1,1,2478560.04,0.1487,1,1,8.6,5,1,3,0,1,0,0,1,10,0.2324,0.0969,5,1,1,0,1
NCRB-SYNTH-111048,Trial Court,Sec 439 CrPC (Regular Bail),1,7,43,1,0,1,1,1,0,1,1,1,1,0.6736,1,167,0,0,1,1,1,1,1,0.6184,69,6.6537,250.74,1,1,897864.39,0.0532,1,1,16.55,4,4,5,1,1,1,1,0,38,0.2087,0.057,4,1,1,0,0
NCRB-SYNTH-111049,Trial Court,Sec 439 CrPC (Regular Bail),1,3,77,1,0,1,1,1,0,1,1,1,1,0.5385,1,147,0,0,1,0,1,0,1,0.6086,77,6.1999,151.14,1,1,4289261.61,0.1421,0,1,57.62,3,3,6,1,1,1,1,0,8,0.1581,0.0719,5,1,1,0,0
NCRB-SYNTH-111069,Trial Court,Sec 439 CrPC (Regular Bail),1,4,41,1,0,1,1,1,0,1,1,1,1,0.7417,1,37,1,1,1,1,1,0,1,0.7523,117,6.7418,97.22,1,1,2324808.86,0.1421,1,1,10.46,3,4,3,1,1,1,1,0,3,0.6772,0.4885,1,1,1,0,1
NCRB-SYNTH-111070,High Court,Sec 439 CrPC (Regular Bail),2,11,96,1,0,1,1,1,0,1,1,1,1,0.9303,1,71,0,0,1,0,1,1,1,0.6172,137,4.1058,220.91,1,1,2397601.81,0.1348,1,1,4.71,2,1,10,1,1,0,0,1,39,0.1731,0.0469,4,1,1,0,0
NCRB-SYNTH-111073,High Court,Sec 482 CrPC (Quashing),2,3,54,1,0,1,1,1,0,1,1,1,1,0.6931,1,111,1,1,1,1,0,0,1,0.6878,77,4.3492,276.29,1,1,277075.4,0.1424,1,1,10.99,1,3,9,1,1,1,1,0,6,0.1094,0.0562,5,1,1,0,1
NCRB-SYNTH-111076,Supreme Court,Trial Judgment,1,25,15,1,0,1,1,1,0,1,1,1,1,0.7308,1,43,1,1,1,1,1,1,1,0.6299,92,4.2485,203.01,1,1,1788412.13,0.1505,1,1,3.16,1,3,10,1,1,1,1,0,30,0.2301,0.067,4,1,1,0,1
NCRB-SYNTH-111077,Trial Court,Sec 482 CrPC (Quashing),1,22,82,1,0,1,1,1,0,1,1,1,1,0.9605,1,73,1,0,1,1,1,1,1,0.6324,140,5.9535,227.42,1,1,3269714.41,0.0844,0,1,23.18,1,3,10,1,1,0,0,1,8,0.0845,0.0385,3,1,1,0,1
NCRB-SYNTH-111083,High Court,Sec 439 CrPC (Regular Bail),1,18,30,0,0,1,1,1,0,1,1,1,1,0.7187,1,135,1,1,1,1,1,0,1,0.6873,102,6.7233,155.33,1,1,253108.92,0.1384,1,1,25.23,1,2,2,1,1,1,1,0,10,0.1481,0.0617,5,1,1,0,1
NCRB-SYNTH-111086,High Court,Sec 439 CrPC (Regular Bail),7,15,12,1,0,1,1,1,1,1,1,1,1,0.8895,1,102,1,1,1,1,0,1,1,0.7802,133,6.9243,78.79,1,1,3429096.76,0.1375,1,1,3.42,4,2,5,1,1,1,1,0,9,0.0623,0.0271,5,1,1,0,1
NCRB-SYNTH-111089,Trial Court,Writ Petition (Detention),7,17,32,1,0,1,1,1,1,1,1,1,1,0.9373,1,55,1,0,1,1,0,0,1,0.5191,124,4.482,279.42,1,1,1833164.97,0.1445,0,1,11.71,3,1,10,1,1,1,1,0,5,0.1075,0.06,3,1,1,1,1
NCRB-SYNTH-111095,Trial Court,Sec 482 CrPC (Quashing),1,17,64,1,0,1,1,1,0,1,1,1,1,0.5148,1,106,1,1,1,1,1,1,1,0.8019,60,6.4404,251.1,1,1,3015030.72,0.132,1,1,14.63,5,1,9,1,1,1,1,0,11,0.1528,0.0615,3,1,1,0,0
NCRB-SYNTH-111104,High Court,Sec 482 CrPC (Quashing),1,18,79,1,0,1,1,1,0,1,1,1,1,0.544,1,85,1,1,1,1,0,1,1,0.7246,69,4.2463,136.23,1,1,1004740.76,0.1664,0,1,20.9,5,2,8,0,1,1,1,0,5,0.0561,0.0313,5,1,1,1,0
NCRB-SYNTH-111108,Supreme Court,Sec 439 CrPC (Regular Bail),15,17,67,1,0,1,1,1,0,1,1,1,1,0.441,1,52,1,1,1,1,0,1,1,0.7412,91,6.5822,256.28,1,1,2364405.2,0.1702,1,1,28.59,1,4,2,1,1,1,1,0,38,0.1627,0.0444,4,1,1,0,0
NCRB-SYNTH-111114,Trial Court,Sec 439 CrPC (Regular Bail),2,23,23,0,0,1,1,1,0,1,1,1,1,0.7529,0,80,1,0,1,1,1,1,1,0.6665,47,7.6601,105.75,1,1,675128.53,0.1059,0,1,1.82,4,2,4,1,1,1,1,0,19,0.1006,0.0336,4,1,1,0,1
NCRB-SYNTH-111118,Supreme Court,Sec 439 CrPC (Regular Bail),4,19,22,1,0,1,1,1,0,1,1,1,1,0.7055,0,148,0,0,1,0,1,0,1,0.8861,138,4.6534,206.21,1,1,2771328.86,0.0662,0,1,4.51,4,4,4,0,1,1,1,0,5,0.2289,0.1278,5,1,1,1,0
NCRB-SYNTH-111120,High Court,Sec 439 CrPC (Regular Bail),15,17,23,1,0,1,1,1,0,1,1,1,1,0.353,0,36,1,1,1,1,1,1,1,0.7477,114,7.199,185.81,1,1,2337675.32,0.0265,1,1,6.07,3,2,9,1,1,1,1,0,11,0.0969,0.039,5,1,1,1,0
NCRB-SYNTH-111123,Trial Court,Sec 482 CrPC (Quashing),15,24,20,1,0,1,1,1,1,1,1,1,1,0.8696,1,170,0,0,1,1,1,0,1,0.5455,109,4.2424,246.43,1,1,3714511.05,0.0011,1,1,22.08,4,3,10,1,1,0,0,1,9,0.1116,0.0485,5,1,1,1,0
NCRB-SYNTH-111128,Trial Court,Sec 439 CrPC (Regular Bail),2,23,79,1,0,1,1,1,0,1,1,1,1,0.4241,0,149,1,1,1,1,1,1,1,0.5306,85,3.3593,264.93,1,1,2956183.34,0.0347,1,1,3.01,4,2,8,1,1,1,1,0,11,0.1156,0.0465,5,1,1,1,0
NCRB-SYNTH-111129,Trial Court,Sec 439 CrPC (Regular Bail),4,11,75,0,0,1,1,1,0,1,1,1,1,0.9403,1,67,1,1,1,1,0,0,1,0.6732,77,4.5365,279.17,1,1,3759763.66,0.17,0,1,2.15,1,1,8,1,1,1,1,0,7,0.0551,0.0265,5,1,1,0,1
NCRB-SYNTH-111147,Trial Court,Sec 439 CrPC (Regular Bail),4,18,56,0,0,1,1,1,1,1,1,1,1,0.8612,1,51,1,1,1,1,0,1,1,0.4121,103,3.314,193.55,1,1,972679.29,0.0196,0,1,4.86,2,1,5,1,1,1,1,0,5,0.0754,0.0421,5,1,1,0,1
NCRB-SYNTH-111153,Trial Court,Sec 439 CrPC (Regular Bail),1,14,52,1,0,1,1,1,1,1,1,1,1,0.485,1,44,1,1,1,1,1,0,1,0.4425,79,5.5959,102.83,1,1,3338841.29,0.1611,0,1,14.17,2,2,5,1,1,0,0,1,8,0.1188,0.0541,3,1,1,0,0
NCRB-SYNTH-111154,Trial Court,Sec 439 CrPC (Regular Bail),45,8,12,1,0,1,1,1,0,1,1,1,1,0.7296,1,120,0,0,1,0,0,1,1,0.7347,66,3.6579,268.82,1,1,3367591.5,0.0108,1,1,1.15,5,3,6,1,1,0,0,1,30,0.3108,0.0905,4,1,1,0,0
NCRB-SYNTH-111166,Supreme Court,Writ Petition (Detention),1,11,12,0,0,1,1,1,1,1,1,1,1,0.5108,1,116,0,1,1,0,1,0,1,0.705,72,4.3494,84.55,1,1,4109304.22,0.1933,1,1,2.62,4,3,6,1,1,0,0,1,11,0.056,0.0225,5,1,1,0,0
NCRB-SYNTH-111169,High Court,Sec 439 CrPC (Regular Bail),15,18,17,1,0,1,1,1,0,1,1,1,1,0.684,1,127,1,1,1,0,1,1,1,0.6805,150,7.9549,166.52,1,1,2260375.67,0.0164,1,1,37.7,1,1,4,1,1,1,1,0,11,0.1475,0.0594,5,1,1,0,1
NCRB-SYNTH-111199,High Court,Sec 482 CrPC (Quashing),7,13,34,1,0,1,1,1,1,1,1,1,1,0.4534,1,81,1,1,1,1,0,0,1,0.657,74,3.7031,134.75,1,1,1209265.81,0.1123,1,1,6.27,5,1,10,1,1,1,1,0,8,0.2063,0.0939,5,1,1,0,0
NCRB-SYNTH-111202,Trial Court,Sec 439 CrPC (Regular Bail),2,3,98,1,0,1,1,1,0,1,1,1,1,0.9067,1,36,1,1,1,1,1,0,1,0.6665,91,6.3167,59.48,1,1,4077550.38,0.1975,1,1,14.96,4,2,6,0,1,1,1,0,7,0.1793,0.0862,5,1,1,0,1
NCRB-SYNTH-111210,Trial Court,Sec 482 CrPC (Quashing),1,15,39,1,0,1,1,1,0,1,1,1,1,0.6391,1,65,0,1,1,1,0,1,1,0.7239,94,7.6424,172.02,1,1,1820617.82,0.1607,1,1,2.59,2,1,8,1,1,1,1,0,35,0.1698,0.0474,4,1,1,1,0
NCRB-SYNTH-111217,Trial Court,Sec 439 CrPC (Regular Bail),15,4,29,0,0,1,1,1,0,1,1,1,1,0.844,1,60,0,0,1,1,0,1,1,0.6395,96,7.0934,239.8,1,1,2771235.15,0.0165,1,1,21.81,5,4,6,1,1,1,1,0,8,0.2453,0.1116,5,1,1,0,0
NCRB-SYNTH-111219,High Court,Sec 439 CrPC (Regular Bail),4,11,68,1,0,1,1,1,0,1,1,1,1,0.4279,0,137,1,1,1,1,1,1,1,0.6917,59,6.6345,209.69,1,1,537000.19,0.1428,0,1,8.33,4,3,7,1,1,0,0,1,19,0.3038,0.1014,4,1,1,1,0
NCRB-SYNTH-111220,Trial Court,Sec 439 CrPC (Regular Bail),1,9,41,1,0,1,1,1,1,1,1,1,1,0.6165,1,164,1,1,1,0,0,0,1,0.6632,68,7.3586,184.46,1,1,2776906.04,0.0451,1,1,10.31,1,3,10,1,1,1,1,0,1,0.9242,1.3334,1,1,1,0,1
NCRB-SYNTH-111222,Trial Court,Sec 439 CrPC (Regular Bail),21,21,42,1,0,1,1,1,0,1,1,1,1,0.4693,1,50,1,1,1,1,0,1,1,0.8089,48,7.0762,84.28,1,1,712783.82,0.1658,1,1,24.52,4,4,3,1,1,1,1,0,37,0.2396,0.0659,4,1,1,1,0
NCRB-SYNTH-111225,High Court,Sec 439 CrPC (Regular Bail),2,23,94,1,0,1,1,1,0,1,1,1,1,0.9644,1,26,1,1,1,1,1,1,1,0.5507,119,7.3742,290.53,1,1,2074334.78,0.1591,1,1,2.87,2,3,9,0,1,1,1,0,44,0.1111,0.0292,4,1,1,0,1
NCRB-SYNTH-111226,High Court,Sec 439 CrPC (Regular Bail),7,20,79,1,0,1,1,1,0,1,1,1,1,0.6186,1,86,1,1,1,1,1,1,1,0.5478,99,4.3249,214.15,1,1,2360305.19,0.0208,1,1,6.27,3,1,4,1,1,0,0,1,7,0.1569,0.0754,3,1,1,0,1
NCRB-SYNTH-111230,High Court,Sec 482 CrPC (Quashing),7,24,27,1,0,1,1,1,1,1,1,1,1,0.4725,0,56,0,1,1,1,0,0,1,0.7215,88,3.17,192.61,1,1,3980861.28,0.1396,0,1,18.46,3,3,10,1,1,1,1,0,7,0.1074,0.0516,5,1,1,1,0
NCRB-SYNTH-111236,Trial Court,Sec 439 CrPC (Regular Bail),7,25,49,0,0,1,1,1,0,1,1,1,1,0.6183,1,145,1,1,1,0,1,0,1,0.8216,71,6.0658,69.57,1,1,513218.41,0.0704,1,1,14.77,3,4,7,1,1,1,1,0,7,0.0526,0.0253,5,1,1,1,1
NCRB-SYNTH-111237,Trial Court,Sec 439 CrPC (Regular Bail),4,22,5,1,0,1,1,1,0,1,1,1,1,0.612,0,52,0,0,1,1,1,1,1,0.7081,56,3.4266,208.39,1,1,3396307.49,0.0444,1,1,3.55,5,2,8,1,1,1,1,0,1,0.8764,1.2644,1,1,1,0,0
NCRB-SYNTH-111239,High Court,Sec 439 CrPC (Regular Bail),4,3,53,1,0,1,1,1,0,1,1,1,1,0.8433,1,48,1,0,1,1,0,1,1,0.75,66,3.1888,66.66,1,1,4335775.35,0.0791,1,1,5.42,5,3,8,0,1,1,1,0,43,0.2262,0.0598,4,1,1,1,1
NCRB-SYNTH-111244,High Court,Trial Judgment,1,15,13,1,0,1,1,1,0,1,1,1,1,0.9521,1,110,0,0,1,1,1,0,1,0.6569,65,4.5954,274.75,1,1,1264966.05,0.1734,0,1,19.02,1,2,8,0,1,1,1,0,18,0.2856,0.097,4,1,1,0,0
NCRB-SYNTH-111247,Trial Court,Sec 482 CrPC (Quashing),4,19,32,1,0,1,1,1,1,1,1,1,1,0.8684,1,79,1,1,1,1,0,1,1,0.7227,91,5.7835,242.03,1,1,1883714.06,0.1746,1,1,12.24,5,4,5,1,1,1,1,0,3,0.4217,0.3042,1,1,1,0,1
NCRB-SYNTH-111248,Trial Court,Sec 482 CrPC (Quashing),1,25,100,1,0,1,1,1,1,1,1,1,1,0.7271,0,25,1,1,1,1,1,1,1,0.5743,147,5.6095,192.25,1,1,4382581.58,0.1228,1,1,19.95,2,2,8,0,1,1,1,0,10,0.2265,0.0945,5,1,1,0,1
NCRB-SYNTH-111249,High Court,Sec 439 CrPC (Regular Bail),1,23,12,1,0,1,1,1,1,1,1,1,1,0.8899,1,156,1,1,1,1,1,1,1,0.6597,124,7.7639,133.61,1,1,691607.64,0.1184,0,1,5.21,1,1,5,1,1,0,0,1,7,0.0685,0.0329,5,1,1,0,1
NCRB-SYNTH-111258,Supreme Court,Sec 439 CrPC (Regular Bail),2,11,86,1,0,1,1,1,0,1,1,1,1,0.8289,1,34,1,1,1,1,1,0,1,0.7651,72,4.6382,143.97,1,1,1901648.93,0.0988,1,1,27.84,2,4,9,0,1,1,1,0,1,0.8765,1.2646,1,1,1,0,1
NCRB-SYNTH-111264,High Court,Sec 439 CrPC (Regular Bail),1,12,75,0,0,1,1,1,1,1,1,1,1,0.5529,1,111,1,1,1,1,0,0,1,0.8435,57,3.8612,48.3,1,1,3254625.97,0.1622,1,1,33.73,5,1,6,1,1,1,1,0,7,0.1914,0.0921,5,1,1,1,0
NCRB-SYNTH-111289,High Court,Sec 439 CrPC (Regular Bail),1,8,81,1,0,1,1,1,0,1,1,1,1,0.8614,1,52,1,1,1,1,1,1,1,0.4231,89,6.3655,212.39,1,1,2704926.18,0.0263,1,1,1.62,5,4,5,0,1,1,1,0,6,0.1171,0.0602,5,1,1,0,1
NCRB-SYNTH-111297,High Court,Sec 439 CrPC (Regular Bail),2,13,48,1,0,1,1,1,0,1,1,1,1,0.5303,1,105,1,1,1,1,1,0,1,0.6427,135,5.9349,275.34,1,1,4339889.52,0.0995,0,1,11.98,1,3,9,0,1,1,1,0,7,0.0775,0.0373,5,1,1,1,0
NCRB-SYNTH-111301,Trial Court,Sec 439 CrPC (Regular Bail),1,13,82,1,0,1,1,1,0,1,1,1,1,0.6542,1,59,1,1,1,0,1,1,1,0.602,73,5.3145,91.41,1,1,1905744.17,0.0047,1,1,2.46,1,4,6,0,1,1,1,0,41,0.2989,0.08,4,1,1,0,1
NCRB-SYNTH-111303,Trial Court,Sec 439 CrPC (Regular Bail),1,15,20,1,0,1,1,1,0,1,1,1,1,0.4586,1,50,1,1,1,1,1,1,1,0.5928,118,4.7413,234.31,1,1,3126435.62,0.0891,1,1,16.41,3,2,3,1,1,1,1,0,7,0.1709,0.0822,3,1,1,0,0
NCRB-SYNTH-111312,High Court,Sec 482 CrPC (Quashing),2,19,57,1,0,1,1,1,0,1,1,1,1,0.7062,1,119,1,0,1,0,1,1,1,0.4278,98,5.2642,193.79,1,1,2728367.6,0.0277,0,1,37.46,1,3,7,1,1,0,0,1,3,0.6025,0.4346,1,1,1,1,1
NCRB-SYNTH-111313,Trial Court,Sec 439 CrPC (Regular Bail),45,22,90,1,0,1,1,1,1,1,1,1,1,0.653,1,148,1,1,1,1,0,1,1,0.7193,52,4.6445,253.34,1,1,386090.33,0.071,1,1,12.25,3,3,10,0,1,1,1,0,8,0.1748,0.0796,3,1,1,0,1
NCRB-SYNTH-111318,High Court,Sec 439 CrPC (Regular Bail),1,19,44,1,0,1,1,1,1,1,1,1,1,0.7013,0,58,1,1,1,1,1,1,1,0.8965,85,5.6028,68.51,1,1,2865202.11,0.0398,0,1,25.28,3,1,10,1,1,1,1,0,6,0.175,0.09,5,1,1,0,1
NCRB-SYNTH-111319,High Court,Sec 439 CrPC (Regular Bail),7,4,65,1,0,1,1,1,1,1,1,1,1,0.8618,1,158,1,1,1,1,0,0,1,0.6825,70,3.8943,263.92,1,1,1251407.11,0.071,1,1,4.09,3,4,9,1,1,1,1,0,27,0.1448,0.0435,4,1,1,0,1
NCRB-SYNTH-111327,Supreme Court,Sec 439 CrPC (Regular Bail),1,20,29,1,0,1,1,1,0,1,1,1,1,0.5578,1,56,1,1,1,1,1,1,1,0.9397,59,3.0695,291.8,1,1,2123990.81,0.1431,1,1,28.09,2,4,6,1,1,1,1,0,4,0.0685,0.0426,5,1,1,0,0
NCRB-SYNTH-111340,High Court,Writ Petition (Detention),2,19,31,0,0,1,1,1,0,1,1,1,1,0.9527,1,88,1,1,1,1,0,0,1,0.8821,131,3.6202,137.35,1,1,885338.57,0.1417,1,1,4.77,2,3,7,1,1,1,1,0,23,0.1099,0.0346,4,1,1,0,1
NCRB-SYNTH-111341,Trial Court,Sec 439 CrPC (Regular Bail),1,11,97,1,0,1,1,1,0,1,1,1,1,0.5095,1,130,1,1,1,1,1,1,1,0.7138,146,7.4027,175.33,1,1,2297234.15,0.1924,0,1,14.14,1,4,5,1,1,1,1,0,5,0.2187,0.1221,5,1,1,1,0
NCRB-SYNTH-111343,Trial Court,Sec 439 CrPC (Regular Bail),1,22,14,1,0,1,1,1,0,1,1,1,1,0.9687,1,110,1,1,1,1,1,0,1,0.6832,41,6.4684,48.92,1,1,2357649.38,0.1507,0,1,15.86,1,4,4,1,1,1,1,0,2,0.4504,0.41,1,1,1,0,1
NCRB-SYNTH-111345,Trial Court,Sec 439 CrPC (Regular Bail),1,7,79,1,0,1,1,1,0,1,1,1,1,0.6715,1,72,1,1,1,0,1,1,1,0.6788,48,4.2873,277.23,1,1,2979074.23,0.0648,1,1,25.66,3,4,4,1,1,0,0,1,3,0.8317,0.6,1,1,1,0,1
NCRB-SYNTH-111351,High Court,Sec 439 CrPC (Regular Bail),1,22,24,1,0,1,1,1,0,1,1,1,1,0.9281,1,17,1,0,1,0,0,0,1,0.5855,92,3.6363,199.93,1,1,2217531.2,0.1457,1,1,14.85,5,1,2,1,1,1,1,0,11,0.14,0.0563,5,1,1,0,1
NCRB-SYNTH-111362,Trial Court,Sec 439 CrPC (Regular Bail),1,23,15,1,0,1,1,1,1,1,1,1,1,0.8466,1,17,1,0,1,0,1,0,1,0.7352,76,5.518,220.39,1,1,1802296.79,0.0614,1,1,2.5,2,3,4,1,1,0,0,1,4,0.1228,0.0763,5,1,1,0,1
NCRB-SYNTH-111364,Supreme Court,Sec 439 CrPC (Regular Bail),1,4,71,1,0,1,1,1,0,1,1,1,1,0.8045,0,166,0,1,1,1,0,1,1,0.7035,48,6.8126,229.52,1,1,3602695.25,0.1585,1,1,18.21,1,1,10,1,1,1,1,0,16,0.2322,0.082,4,1,1,0,0
NCRB-SYNTH-111367,Supreme Court,Sec 439 CrPC (Regular Bail),4,7,70,1,0,1,1,1,1,1,1,1,1,0.6457,0,149,1,1,1,0,1,1,1,0.798,90,5.3734,174.72,1,1,4304443.08,0.0658,1,1,3.99,5,1,9,1,1,1,1,0,11,0.1484,0.0597,3,1,1,1,1
NCRB-SYNTH-111374,High Court,Sec 439 CrPC (Regular Bail),1,9,42,0,0,1,1,1,0,1,1,1,1,0.6029,1,108,1,1,1,1,1,1,1,0.5831,121,6.6497,169.77,1,1,4418335.59,0.1315,1,1,10.66,2,3,6,0,1,1,1,0,44,0.1059,0.0278,4,1,1,1,1
NCRB-SYNTH-111376,Trial Court,Sec 439 CrPC (Regular Bail),1,19,14,1,0,1,1,1,1,1,1,1,1,0.6395,1,21,0,1,1,1,1,1,1,0.5789,109,5.3383,90.84,1,1,2586841.58,0.0808,1,1,13.33,1,3,6,1,1,1,1,0,7,0.2185,0.1051,3,1,1,0,0
NCRB-SYNTH-111378,Trial Court,Sec 439 CrPC (Regular Bail),1,8,89,1,0,1,1,1,0,1,1,1,1,0.6004,1,124,0,1,1,1,1,1,1,0.6072,46,3.9874,233.85,1,1,2366989.24,0.1796,1,1,3.8,1,1,9,1,1,1,1,0,16,0.2597,0.0917,4,1,1,0,0
NCRB-SYNTH-111381,Trial Court,Sec 482 CrPC (Quashing),1,12,99,1,0,1,1,1,1,1,1,1,1,0.5283,1,19,1,1,1,1,0,1,1,0.7746,127,2.9983,184.07,1,1,1667138.53,0.1842,0,1,25.35,3,4,6,1,1,1,1,0,4,0.2077,0.1291,5,1,1,0,0
NCRB-SYNTH-111386,Trial Court,Writ Petition (Detention),1,16,53,1,0,1,1,1,0,1,1,1,1,0.5284,0,25,1,1,1,1,1,1,1,0.4342,109,5.054,87.07,1,1,2137102.7,0.1296,0,1,26.79,4,3,8,1,1,1,1,0,10,0.1777,0.0741,3,1,1,0,0
NCRB-SYNTH-111390,Trial Court,Sec 439 CrPC (Regular Bail),1,11,33,1,0,1,1,1,0,1,1,1,1,0.7999,1,113,1,1,1,1,0,1,1,0.7311,148,5.0974,213.88,1,1,3609301.44,0.1047,0,1,9.25,2,4,6,1,1,1,1,0,22,0.3148,0.1004,4,1,1,0,1
NCRB-SYNTH-111400,Trial Court,Sec 439 CrPC (Regular Bail),1,20,21,0,0,1,1,1,0,1,1,1,1,0.4234,1,97,1,1,1,0,1,1,1,0.6215,147,3.2596,274.39,1,1,3956078.95,0.0216,1,1,7.32,1,4,9,1,1,1,1,0,6,0.1534,0.0788,5,1,1,0,0
NCRB-SYNTH-111402,High Court,Sec 439 CrPC (Regular Bail),4,14,53,1,0,1,1,1,0,1,1,1,1,0.7225,1,28,1,1,1,1,1,1,1,0.6749,95,3.8614,78.7,1,1,2693799.99,0.0641,0,1,5.24,5,2,9,1,1,1,1,0,28,0.2344,0.0696,4,1,1,0,1
NCRB-SYNTH-111404,Trial Court,Writ Petition (Detention),1,8,20,1,0,1,1,1,1,1,1,1,1,0.829,1,15,0,0,1,0,0,1,1,0.6834,130,7.155,155.89,1,1,639439.68,0.0797,0,1,8.9,4,1,4,1,1,0,0,1,11,0.1942,0.0782,3,1,1,0,0
NCRB-SYNTH-111409,Trial Court,Sec 439 CrPC (Regular Bail),1,21,17,1,0,1,1,1,0,1,1,1,1,0.7828,1,135,1,1,1,0,1,0,1,0.6841,84,4.6757,57.31,1,1,860888.86,0.0307,1,1,4.12,1,3,6,1,1,1,1,0,37,0.2684,0.0738,4,1,1,1,1
NCRB-SYNTH-111410,High Court,Sec 439 CrPC (Regular Bail),2,5,88,1,0,1,1,1,0,1,1,1,1,0.6605,1,158,1,0,1,1,1,1,1,0.764,40,4.9483,172.63,1,1,2369745.71,0.1901,0,1,23.51,4,3,8,1,1,0,0,1,13,0.2511,0.0952,4,1,1,1,1
NCRB-SYNTH-111412,Supreme Court,Sec 439 CrPC (Regular Bail),1,12,8,1,0,1,1,1,1,1,1,1,1,0.9032,1,159,1,1,1,1,1,0,1,0.63,47,4.9885,110.32,1,1,699455.14,0.1007,0,1,12.2,4,3,4,1,1,1,1,0,7,0.1699,0.0817,5,1,1,1,1
NCRB-SYNTH-111415,High Court,Trial Judgment,2,16,67,1,0,1,1,1,0,1,1,1,1,0.5454,1,52,1,1,1,1,1,1,1,0.478,70,5.2145,247.57,1,1,4212379.44,0.1626,1,1,25.19,5,1,7,0,1,1,1,0,8,0.1938,0.0882,5,1,1,0,0
NCRB-SYNTH-111418,Trial Court,Trial Judgment,2,17,73,1,0,1,1,1,0,1,1,1,1,0.9415,1,60,1,1,1,0,1,1,1,0.6463,57,6.4431,52.8,1,1,1711223.94,0.1779,1,1,6.93,4,1,7,1,1,1,1,0,41,0.15,0.0401,4,1,1,0,1
NCRB-SYNTH-111420,High Court,Sec 439 CrPC (Regular Bail),1,8,77,0,0,1,1,1,0,1,1,1,1,0.9476,1,125,1,0,1,1,0,1,1,0.5683,125,5.5076,257.46,1,1,2000319.65,0.0145,1,1,3.54,4,1,6,1,1,1,1,0,8,0.053,0.0241,3,1,1,1,1
NCRB-SYNTH-111424,High Court,Writ Petition (Detention),4,6,82,1,1,1,1,1,0,1,1,1,1,0.6984,1,97,1,1,1,1,0,1,1,0.7638,144,2.953,90.7,1,1,4496212.73,0.1054,0,1,4.6,1,1,3,1,1,0,0,1,9,0.1487,0.0646,3,1,1,0,1
NCRB-SYNTH-111426,High Court,Sec 439 CrPC (Regular Bail),1,10,9,1,0,1,1,1,0,1,1,1,1,0.7223,1,97,1,0,1,1,0,0,1,0.7221,96,5.8342,263.31,1,1,4393523.77,0.0827,0,1,16.89,1,4,10,1,1,0,0,1,7,0.176,0.0846,3,1,1,0,1
NCRB-SYNTH-111430,Trial Court,Writ Petition (Detention),1,11,46,1,0,1,1,1,0,1,1,1,1,0.7319,0,103,0,0,1,1,1,0,1,0.5943,107,4.1288,46.92,1,1,310119.25,0.0067,1,1,37.3,2,2,4,0,1,1,1,0,8,0.167,0.076,5,1,1,1,0
NCRB-SYNTH-111434,High Court,Sec 439 CrPC (Regular Bail),1,13,22,1,0,1,1,1,0,1,1,1,1,0.4724,1,144,1,1,1,1,1,1,1,0.4368,51,4.8338,146.18,1,1,3683280.68,0.1802,1,1,14.02,3,3,7,0,1,1,1,0,11,0.0945,0.038,5,1,1,1,0
NCRB-SYNTH-111436,Trial Court,Sec 482 CrPC (Quashing),4,7,12,1,0,1,1,1,0,1,1,1,1,0.6786,1,102,1,0,1,1,1,1,1,0.6058,75,4.5777,138.21,1,1,1795580.11,0.1946,1,1,10.34,4,4,9,0,1,1,1,0,5,0.0614,0.0343,5,1,1,1,1
NCRB-SYNTH-111437,High Court,Sec 439 CrPC (Regular Bail),1,20,93,1,0,1,1,1,1,1,1,1,1,0.8196,1,147,1,1,1,1,0,1,1,0.7643,100,4.5754,110.8,1,1,3248028.86,0.173,0,1,21.57,5,3,10,1,1,1,1,0,10,0.1394,0.0581,5,1,1,0,1
NCRB-SYNTH-111442,Trial Court,Writ Petition (Detention),2,25,30,1,0,1,1,1,0,1,1,1,1,0.7488,1,21,1,0,1,0,1,1,1,0.6787,49,4.1654,155.66,1,1,3735804.02,0.152,0,1,6.98,2,4,5,1,1,0,0,1,8,0.1698,0.0773,5,1,1,0,1
NCRB-SYNTH-111444,High Court,Sec 439 CrPC (Regular Bail),2,21,79,1,0,1,1,1,0,1,1,1,1,0.4177,1,146,1,0,1,1,0,0,1,0.861,113,4.2869,298.9,1,1,1277544.17,0.188,0,1,5.88,5,2,9,1,1,1,1,0,8,0.2454,0.1117,3,1,1,0,0
NCRB-SYNTH-111445,Supreme Court,Sec 482 CrPC (Quashing),21,11,74,1,0,1,1,1,0,1,1,1,1,0.4457,0,64,1,0,1,1,1,1,1,0.6698,142,4.3401,199.46,1,1,2902444.95,0.161,0,1,13.81,1,4,5,1,1,0,0,1,2,0.9353,0.8514,1,1,1,0,0
NCRB-SYNTH-111448,Trial Court,Sec 439 CrPC (Regular Bail),2,13,26,1,0,1,1,1,0,1,1,1,1,0.6496,1,52,1,1,1,1,0,1,1,0.6979,104,3.6081,69.96,1,1,4118139.87,0.0114,1,1,15.39,5,2,10,1,1,1,1,0,7,0.148,0.0712,5,1,1,1,1
NCRB-SYNTH-111454,Supreme Court,Sec 439 CrPC (Regular Bail),1,12,97,1,0,1,1,1,0,1,1,1,1,0.879,1,62,1,1,1,0,0,1,1,0.6489,64,6.1257,198.4,1,1,2137403.3,0.1546,1,1,1.87,2,4,10,1,1,1,1,0,41,0.3043,0.0814,4,1,1,1,1
NCRB-SYNTH-111457,Trial Court,Sec 439 CrPC (Regular Bail),1,11,73,1,0,1,1,1,1,1,1,1,1,0.5266,1,101,0,0,1,1,1,1,1,0.6418,94,4.9794,63.36,1,1,3034218.53,0.0472,1,1,9.11,4,4,8,1,1,1,1,0,40,0.2935,0.079,4,1,1,1,0
NCRB-SYNTH-111474,Trial Court,Writ Petition (Detention),1,15,5,1,0,1,1,1,1,1,1,1,1,0.9612,1,141,1,1,1,1,0,1,1,0.9118,74,7.3589,189.46,1,1,2893616.33,0.1557,1,1,14.47,4,2,7,1,1,1,1,0,2,0.8286,0.7542,1,1,1,0,1
NCRB-SYNTH-111482,Trial Court,Sec 439 CrPC (Regular Bail),2,9,99,1,0,1,1,1,0,1,1,1,1,0.7522,1,62,1,1,1,1,1,1,1,0.8011,53,4.3319,60.15,1,1,4397411.84,0.0029,0,1,28.79,2,1,8,1,1,0,0,1,13,0.2039,0.0773,4,1,1,0,1
NCRB-SYNTH-111486,Supreme Court,Writ Petition (Detention),7,25,71,1,0,1,1,1,1,1,1,1,1,0.7354,1,135,0,0,1,1,0,1,1,0.8362,143,6.4678,185.09,1,1,3361225.17,0.1655,1,1,26.22,2,3,9,0,1,1,1,0,17,0.2046,0.0708,4,1,1,0,0
NCRB-SYNTH-111488,Trial Court,Sec 439 CrPC (Regular Bail),1,10,7,1,0,1,1,1,1,1,1,1,1,0.5822,1,84,1,1,1,1,0,1,1,0.3932,79,6.6139,275.96,1,1,1679672.05,0.1372,1,1,24.46,2,1,10,1,1,1,1,0,36,0.1407,0.039,4,1,1,1,0
NCRB-SYNTH-111490,High Court,Trial Judgment,1,6,5,1,0,1,1,1,0,1,1,1,1,0.5107,0,155,1,1,1,1,1,1,1,0.7691,69,7.2267,271.42,1,1,1411712.74,0.0004,0,1,7.01,3,2,5,0,1,1,1,0,10,0.1783,0.0743,5,1,1,1,0
NCRB-SYNTH-111493,High Court,Sec 439 CrPC (Regular Bail),1,12,46,1,0,1,1,1,0,1,1,1,1,0.7984,1,161,1,1,1,1,0,1,1,0.6869,81,6.7609,158.47,1,1,720408.82,0.066,1,1,4.12,2,1,7,1,1,0,0,1,8,0.1685,0.0767,3,1,1,0,1
NCRB-SYNTH-111495,Supreme Court,Sec 482 CrPC (Quashing),2,25,92,1,1,1,1,1,0,1,1,1,1,0.6966,1,147,1,1,1,1,1,1,1,0.7697,48,3.4618,73.27,1,1,706756.3,0.126,0,1,30.7,5,1,6,1,1,1,1,0,3,0.8322,0.6003,1,1,1,0,1
NCRB-SYNTH-111496,High Court,Sec 439 CrPC (Regular Bail),2,10,98,1,0,1,1,1,1,1,1,1,1,0.5577,1,106,1,1,1,1,1,1,1,0.8611,63,6.1447,223.76,1,1,1759213.49,0.0504,0,1,2.53,5,1,3,1,1,0,0,1,9,0.1227,0.0533,5,1,1,1,0
NCRB-SYNTH-111498,Trial Court,Trial Judgment,1,17,100,0,0,1,1,1,0,1,1,1,1,0.8524,1,145,0,1,1,1,1,1,1,0.8475,86,5.0625,187.87,1,1,1473086.95,0.1501,1,1,3.77,1,2,6,1,1,1,1,0,5,0.2474,0.1381,5,1,1,0,0
NCRB-SYNTH-111505,Trial Court,Sec 482 CrPC (Quashing),7,23,100,1,0,1,1,1,0,1,1,1,1,0.7915,1,157,0,0,1,1,1,1,1,0.6694,101,7.9322,90.97,1,1,3660338.16,0.132,1,1,4.26,5,1,2,1,1,1,1,0,2,0.4995,0.4547,1,1,1,0,0
NCRB-SYNTH-111514,Trial Court,Sec 439 CrPC (Regular Bail),1,15,68,1,0,1,1,1,0,1,1,1,1,0.6171,1,106,1,1,1,1,1,1,1,0.6477,132,5.5728,146.11,1,1,4069985.0,0.1401,1,1,4.42,5,4,10,1,1,1,1,0,6,0.1877,0.0965,5,1,1,1,1
NCRB-SYNTH-111517,High Court,Sec 439 CrPC (Regular Bail),4,22,8,1,0,1,1,1,0,1,1,1,1,0.6044,0,97,1,1,1,1,1,1,1,0.5075,146,5.6259,240.28,1,1,3536775.42,0.1698,1,1,3.4,4,3,2,1,1,1,1,0,6,0.2035,0.1046,5,1,1,0,1
NCRB-SYNTH-111535,Trial Court,Sec 439 CrPC (Regular Bail),2,24,38,1,0,1,1,1,1,1,1,1,1,0.6726,0,22,1,1,1,1,1,1,1,0.6625,49,3.2954,222.59,1,1,1681888.34,0.0111,0,1,2.7,1,4,6,1,1,1,1,0,5,0.0683,0.0381,5,1,1,0,1
NCRB-SYNTH-111538,Trial Court,Sec 439 CrPC (Regular Bail),1,16,60,1,0,1,1,1,0,1,1,1,1,0.8135,1,22,0,0,1,0,1,1,1,0.6968,45,6.1298,182.79,1,1,3710466.65,0.0194,0,1,6.31,5,1,6,1,1,1,1,0,40,0.1255,0.0338,4,1,1,0,0
NCRB-SYNTH-111544,High Court,Sec 439 CrPC (Regular Bail),4,25,98,1,0,1,1,1,0,1,1,1,1,0.4778,1,172,1,1,1,1,0,1,1,0.7886,120,3.6171,275.42,1,1,2316189.2,0.1616,1,1,6.23,4,1,6,1,1,1,1,0,7,0.2174,0.1045,5,1,1,0,0
NCRB-SYNTH-111545,Trial Court,Sec 439 CrPC (Regular Bail),45,9,17,0,0,1,1,1,0,1,1,1,1,0.6569,1,76,1,0,1,0,1,1,1,0.7434,107,7.2703,119.91,1,1,3418810.48,0.0237,1,1,37.07,4,1,2,1,1,1,1,0,20,0.1956,0.0642,4,1,1,0,1
NCRB-SYNTH-111546,High Court,Sec 439 CrPC (Regular Bail),1,22,28,1,0,1,1,1,0,1,1,1,1,0.5888,1,129,1,1,1,1,0,1,1,0.7451,84,3.8831,79.1,1,1,592254.37,0.0685,0,1,1.41,5,1,4,1,1,1,1,0,11,0.242,0.0974,5,1,1,0,0
NCRB-SYNTH-111547,Trial Court,Sec 482 CrPC (Quashing),2,7,38,0,0,1,1,1,0,1,1,1,1,0.6139,1,169,1,1,1,1,1,1,1,0.7293,68,6.5833,92.43,1,1,3256806.99,0.0455,1,1,15.15,5,3,4,1,1,0,0,1,10,0.0994,0.0415,3,1,1,0,1
NCRB-SYNTH-111549,Trial Court,Sec 482 CrPC (Quashing),1,14,12,1,0,1,1,1,1,1,1,1,1,0.8553,0,117,1,1,1,0,0,0,1,0.8938,145,6.1038,295.43,1,1,586099.06,0.1342,1,1,2.14,5,4,9,1,1,1,1,0,4,0.1827,0.1135,3,1,1,1,1
NCRB-SYNTH-111561,Trial Court,Sec 439 CrPC (Regular Bail),4,4,90,1,0,1,1,1,1,1,1,1,1,0.8934,1,168,1,0,1,0,1,1,1,0.6269,103,3.7769,175.33,1,1,3561890.11,0.0393,1,1,4.85,4,4,2,1,1,1,1,0,6,0.2021,0.1039,3,1,1,1,1
NCRB-SYNTH-111564,Trial Court,Sec 482 CrPC (Quashing),1,19,75,1,0,1,1,1,1,1,1,1,1,0.9449,1,68,1,1,1,0,0,1,1,0.6552,143,3.3657,270.51,1,1,2586446.78,0.134,1,1,44.45,3,1,8,0,1,0,0,1,9,0.1912,0.0831,5,1,1,0,1
NCRB-SYNTH-111568,High Court,Sec 439 CrPC (Regular Bail),1,9,6,1,0,1,1,1,0,1,1,1,1,0.7082,1,172,1,1,1,0,1,0,1,0.8747,70,5.2252,265.07,1,1,1873674.05,0.1358,1,1,24.52,3,4,5,1,1,1,1,0,8,0.1015,0.0462,3,1,1,0,1
NCRB-SYNTH-111572,Trial Court,Writ Petition (Detention),1,9,33,1,0,1,1,1,1,1,1,1,1,0.7515,0,37,1,1,1,1,0,1,1,0.8541,64,5.7616,182.81,1,1,2195516.88,0.1151,1,1,5.14,5,3,10,1,1,1,1,0,8,0.1834,0.0835,5,1,1,0,1
NCRB-SYNTH-111587,Trial Court,Writ Petition (Detention),7,8,6,1,0,1,1,1,0,1,1,1,1,0.6104,1,76,0,1,1,1,0,1,1,0.7506,143,6.5987,184.51,1,1,4299159.58,0.1806,1,1,11.65,2,4,10,0,1,1,1,0,11,0.2327,0.0936,3,1,1,1,0
NCRB-SYNTH-111591,High Court,Sec 439 CrPC (Regular Bail),1,22,57,1,0,1,1,1,1,1,1,1,1,0.7147,0,165,0,0,1,0,1,0,1,0.645,138,6.1,102.04,1,1,1392786.07,0.041,0,1,3.96,2,2,3,0,1,0,0,1,26,0.2668,0.0809,4,1,1,0,0
NCRB-SYNTH-111597,High Court,Sec 482 CrPC (Quashing),1,11,65,0,0,1,1,1,0,1,1,1,1,0.6238,0,36,0,0,1,1,0,1,1,0.6589,87,5.8016,97.36,1,1,817130.33,0.0727,0,1,11.1,2,3,6,0,1,0,0,1,5,0.1059,0.0591,5,1,1,0,0
NCRB-SYNTH-111601,High Court,Sec 439 CrPC (Regular Bail),7,17,53,1,0,1,1,1,1,1,1,1,1,0.5004,1,169,0,0,1,0,1,1,1,0.5097,101,7.31,276.39,1,1,3119345.2,0.0381,0,1,9.93,3,4,2,1,1,1,1,0,6,0.2355,0.121,5,1,1,0,0
NCRB-SYNTH-111605,Supreme Court,Sec 439 CrPC (Regular Bail),1,11,63,1,0,1,1,1,1,1,1,1,1,0.7591,1,71,1,1,1,0,1,1,1,0.5516,65,5.2347,209.8,1,1,561991.39,0.1249,1,1,1.07,5,2,2,1,1,1,1,0,3,0.925,0.6672,1,1,1,1,1
NCRB-SYNTH-111607,High Court,Sec 439 CrPC (Regular Bail),1,24,13,1,0,1,1,1,1,1,1,1,1,0.7753,1,142,1,1,1,1,0,1,1,0.7384,127,4.0769,269.86,1,1,1712461.3,0.1106,1,1,11.13,3,3,4,1,1,1,1,0,39,0.1941,0.0526,4,1,1,0,1
NCRB-SYNTH-111610,Trial Court,Trial Judgment,15,13,22,1,0,1,1,1,0,1,1,1,1,0.879,1,33,1,0,1,1,0,0,1,0.8032,131,7.0776,150.65,1,1,1281861.47,0.0733,0,1,36.12,1,3,6,0,1,1,1,0,5,0.1726,0.0963,5,1,1,0,1
NCRB-SYNTH-111628,High Court,Sec 439 CrPC (Regular Bail),1,23,79,1,0,1,1,1,0,1,1,1,1,0.4861,1,164,1,1,1,1,1,1,1,0.7521,126,7.6107,260.26,1,1,871420.48,0.1999,1,1,15.42,4,3,6,0,1,1,1,0,8,0.1041,0.0474,3,1,1,0,0
NCRB-SYNTH-111630,High Court,Sec 482 CrPC (Quashing),1,8,31,1,0,1,1,1,0,1,1,1,1,0.7052,1,41,1,1,1,1,1,0,1,0.5775,87,5.086,262.26,1,1,1421355.99,0.0545,0,1,1.06,3,3,9,1,1,0,0,1,41,0.1806,0.0483,4,1,1,1,1
NCRB-SYNTH-111636,Trial Court,Trial Judgment,21,7,70,1,0,1,1,1,1,1,1,1,1,0.9615,1,110,0,0,1,1,0,0,1,0.6783,51,5.2166,53.02,1,1,2405989.4,0.1094,0,1,6.58,3,4,7,1,1,1,1,0,4,0.1062,0.066,3,1,1,0,0
NCRB-SYNTH-111639,Trial Court,Sec 439 CrPC (Regular Bail),1,8,70,1,0,1,1,1,0,1,1,1,1,0.6202,1,24,1,1,1,1,1,1,1,0.5478,48,7.7847,145.83,1,1,1205661.83,0.0281,0,1,9.4,1,2,5,1,1,1,1,0,9,0.1827,0.0794,3,1,1,1,1
NCRB-SYNTH-111640,Trial Court,Sec 439 CrPC (Regular Bail),1,24,98,1,0,1,1,1,0,1,1,1,1,0.9332,1,164,1,1,1,1,0,1,1,0.6363,136,4.6009,135.31,1,1,475606.22,0.1589,1,1,4.18,1,4,3,1,1,1,1,0,7,0.0874,0.042,5,1,1,1,1
NCRB-SYNTH-111643,Trial Court,Sec 439 CrPC (Regular Bail),1,13,90,1,0,1,1,1,0,1,1,1,1,0.841,1,122,1,1,1,1,1,0,1,0.5511,51,5.7156,291.2,1,1,1914600.79,0.0239,1,1,13.05,3,4,2,1,1,1,1,0,11,0.2173,0.0874,5,1,1,1,1
NCRB-SYNTH-111647,Trial Court,Sec 482 CrPC (Quashing),4,14,95,1,0,1,1,1,0,1,1,1,1,0.536,1,74,1,1,1,1,1,0,1,0.5574,142,6.4349,113.58,1,1,1918356.13,0.0409,0,1,3.04,2,2,6,1,1,1,1,0,29,0.1033,0.0304,4,1,1,1,0
NCRB-SYNTH-111648,Trial Court,Sec 439 CrPC (Regular Bail),2,12,79,1,0,1,1,1,1,1,1,1,1,0.4952,1,96,0,0,1,1,1,1,1,0.7363,130,6.579,252.06,1,1,3889293.22,0.1041,1,1,17.54,2,3,6,1,1,1,1,0,35,0.1608,0.0449,4,1,1,0,0
NCRB-SYNTH-111651,High Court,Sec 439 CrPC (Regular Bail),4,8,95,0,0,1,1,1,0,1,1,1,1,0.9598,1,33,1,1,1,0,1,1,1,0.8359,43,4.2212,64.69,1,1,3660731.52,0.0106,0,1,1.46,2,3,9,0,1,1,1,0,3,0.6814,0.4915,1,1,1,1,1
NCRB-SYNTH-111659,High Court,Sec 439 CrPC (Regular Bail),7,21,19,0,0,1,1,1,1,1,1,1,1,0.9303,1,17,1,0,1,1,1,0,1,0.8314,137,6.8543,266.89,1,1,4466686.43,0.1798,1,1,1.21,4,4,3,1,1,1,1,0,7,0.1311,0.063,5,1,1,0,1
NCRB-SYNTH-111666,High Court,Sec 482 CrPC (Quashing),1,21,43,1,0,1,1,1,1,1,1,1,1,0.7848,1,54,1,1,1,1,1,1,1,0.6742,87,3.4865,286.14,1,1,4365589.41,0.1033,1,1,9.97,1,2,9,1,1,1,1,0,1,0.8787,1.2677,1,1,1,1,1
NCRB-SYNTH-111679,High Court,Sec 439 CrPC (Regular Bail),7,12,91,1,0,1,1,1,0,1,1,1,1,0.9099,1,30,1,1,1,0,1,1,1,0.9415,44,5.758,275.02,1,1,2392031.86,0.1099,0,1,31.67,1,2,5,1,1,1,1,0,11,0.1208,0.0486,5,1,1,0,1
NCRB-SYNTH-111683,Trial Court,Sec 439 CrPC (Regular Bail),1,21,8,1,0,1,1,1,0,1,1,1,1,0.9607,1,102,1,1,1,1,1,0,1,0.5232,69,6.2832,278.46,1,1,1550272.32,0.1268,1,1,25.24,2,1,8,1,1,1,1,0,5,0.16,0.0893,5,1,1,0,1
NCRB-SYNTH-111686,High Court,Sec 482 CrPC (Quashing),1,11,61,1,0,1,1,1,0,1,1,1,1,0.5585,1,111,1,1,1,0,1,0,1,0.6661,115,4.6135,96.64,1,1,3322057.63,0.193,1,1,1.0,3,4,3,1,1,0,0,1,10,0.0686,0.0286,5,1,1,1,0
NCRB-SYNTH-111697,High Court,Sec 439 CrPC (Regular Bail),4,13,35,1,0,1,1,1,0,1,1,1,1,0.7604,1,55,1,0,1,1,1,1,1,0.6563,95,6.3747,149.47,1,1,3404271.13,0.0542,1,1,8.78,1,2,2,1,1,1,1,0,33,0.0848,0.0241,4,1,1,0,1
NCRB-SYNTH-111702,Trial Court,Sec 439 CrPC (Regular Bail),1,5,10,1,0,1,1,1,1,1,1,1,1,0.8047,0,64,1,1,1,1,0,0,1,0.713,73,7.4814,150.97,1,1,2299355.85,0.0621,1,1,6.43,5,3,4,1,1,1,1,0,31,0.2419,0.0698,4,1,1,1,1
NCRB-SYNTH-111709,Trial Court,Sec 439 CrPC (Regular Bail),1,24,94,1,0,1,1,1,0,1,1,1,1,0.899,1,148,1,1,1,0,0,1,1,0.8363,99,4.2794,243.17,1,1,841887.9,0.0972,1,1,11.4,5,2,9,0,1,0,0,1,2,0.8175,0.7441,1,1,1,0,1
NCRB-SYNTH-111714,Trial Court,Sec 439 CrPC (Regular Bail),4,24,63,1,0,1,1,1,0,1,1,1,1,0.8378,1,153,1,1,1,0,0,1,1,0.6016,150,3.9149,83.7,1,1,3762132.69,0.0537,0,1,18.2,2,2,7,1,1,0,0,1,14,0.3045,0.1125,4,1,1,1,1
NCRB-SYNTH-111716,Trial Court,Sec 439 CrPC (Regular Bail),2,20,69,1,0,1,1,1,1,1,1,1,1,0.8084,0,34,0,1,1,1,1,1,1,0.4639,90,7.5901,161.97,1,1,847440.23,0.0967,0,1,6.66,3,3,4,0,1,1,1,0,5,0.0704,0.0393,3,1,1,0,0
NCRB-SYNTH-111723,Trial Court,Writ Petition (Detention),2,14,90,1,0,1,1,1,0,1,1,1,1,0.7614,1,120,1,1,1,1,0,1,1,0.7518,104,3.2925,247.18,1,1,2391898.1,0.1275,0,1,5.56,4,4,10,1,1,1,1,0,28,0.2963,0.088,4,1,1,1,1
NCRB-SYNTH-111726,Trial Court,Sec 439 CrPC (Regular Bail),4,23,34,1,0,1,1,1,0,1,1,1,1,0.4967,1,98,1,0,1,1,0,1,1,0.5491,106,5.6935,71.38,1,1,3169669.04,0.0886,0,1,27.19,5,3,6,1,1,0,0,1,5,0.1278,0.0713,5,1,1,0,0
NCRB-SYNTH-111734,Trial Court,Sec 439 CrPC (Regular Bail),2,10,60,1,0,1,1,1,0,1,1,1,1,0.6526,1,159,0,0,1,1,1,0,1,0.7973,83,7.5605,68.59,1,1,2902625.74,0.1032,0,1,4.9,3,4,3,0,1,1,1,0,1,0.551,0.795,1,1,1,1,0
NCRB-SYNTH-111735,Trial Court,Sec 439 CrPC (Regular Bail),1,11,73,1,0,1,1,1,0,1,1,1,1,0.7867,1,164,1,1,1,1,1,0,1,0.6388,131,5.3214,159.37,1,1,3053903.69,0.1324,1,1,8.18,5,2,5,1,1,0,0,1,11,0.1947,0.0784,5,1,1,0,1
NCRB-SYNTH-111742,Supreme Court,Sec 439 CrPC (Regular Bail),1,18,78,1,0,1,1,1,1,1,1,1,1,0.6415,1,138,1,1,1,1,0,1,1,0.8986,125,5.779,253.49,1,1,850017.16,0.1787,1,1,6.5,3,1,9,1,1,1,1,0,10,0.2348,0.0979,5,1,1,1,1
NCRB-SYNTH-111751,Trial Court,Writ Petition (Detention),1,20,16,1,1,1,1,1,1,1,1,1,1,0.5748,1,31,1,1,1,1,0,0,1,0.8347,132,4.0182,253.13,1,1,2327522.88,0.0491,1,1,3.08,5,4,6,1,1,1,1,0,35,0.2869,0.08,4,1,1,0,0
NCRB-SYNTH-111755,Trial Court,Sec 482 CrPC (Quashing),1,14,14,0,0,1,1,1,1,1,1,1,1,0.5243,1,46,0,0,1,0,1,1,1,0.5677,57,6.9376,204.26,1,1,1545079.2,0.1636,0,1,2.48,5,4,8,1,1,1,1,0,10,0.1048,0.0437,5,1,1,0,0
NCRB-SYNTH-111756,High Court,Sec 482 CrPC (Quashing),4,14,5,1,0,1,1,1,0,1,1,1,1,0.7826,1,75,1,1,1,1,1,1,1,0.7458,74,4.8455,86.79,1,1,2140593.78,0.1769,1,1,31.65,1,3,6,1,1,1,1,0,6,0.1529,0.0786,5,1,1,0,1
NCRB-SYNTH-111760,High Court,Writ Petition (Detention),2,17,99,1,0,1,1,1,1,1,1,1,1,0.7099,0,169,1,1,1,1,1,1,1,0.4724,135,4.3598,93.4,1,1,3568436.85,0.197,1,1,5.13,3,3,5,1,1,1,1,0,8,0.1082,0.0492,5,1,1,1,1
NCRB-SYNTH-111765,Trial Court,Sec 482 CrPC (Quashing),1,13,59,1,0,1,1,1,0,1,1,1,1,0.4399,0,155,0,0,1,0,0,0,1,0.7863,93,7.8662,203.46,1,1,1394973.56,0.1644,0,1,12.72,2,1,2,1,1,1,1,0,22,0.303,0.0966,4,1,1,0,0
NCRB-SYNTH-111778,High Court,Trial Judgment,1,17,53,1,0,1,1,1,1,1,1,1,1,0.7902,1,138,1,1,1,0,1,0,1,0.5227,46,5.8678,76.79,1,1,3910990.88,0.181,0,1,9.86,4,1,2,1,1,1,1,0,7,0.0611,0.0294,5,1,1,0,1
NCRB-SYNTH-111789,Trial Court,Sec 482 CrPC (Quashing),1,17,72,1,0,1,1,1,0,1,1,1,1,0.71,1,102,1,0,1,0,1,1,1,0.5224,136,7.5598,220.06,1,1,1140950.76,0.1778,0,1,3.93,2,1,10,1,1,1,1,0,7,0.0676,0.0325,5,1,1,0,1
NCRB-SYNTH-111795,Trial Court,Sec 439 CrPC (Regular Bail),4,6,59,0,0,1,1,1,0,1,1,1,1,0.7191,1,81,1,1,1,1,0,1,1,0.6164,72,7.629,76.5,1,1,881362.18,0.148,1,1,15.21,1,3,2,1,1,1,1,0,11,0.2313,0.0931,3,1,1,1,1
NCRB-SYNTH-111798,Trial Court,Sec 482 CrPC (Quashing),1,3,78,1,0,1,1,1,1,1,1,1,1,0.8399,1,104,1,1,1,0,0,1,1,0.6781,105,3.4627,120.16,1,1,1980765.48,0.0284,0,1,16.03,1,2,6,1,1,1,1,0,6,0.1456,0.0748,5,1,1,0,1
NCRB-SYNTH-111800,High Court,Sec 439 CrPC (Regular Bail),1,14,78,0,0,1,1,1,0,1,1,1,1,0.3765,1,119,0,0,1,1,1,1,1,0.7342,109,5.519,136.91,1,1,1653065.64,0.0884,1,1,4.71,4,1,7,1,1,1,1,0,9,0.0784,0.034,5,1,1,0,0
NCRB-SYNTH-111802,Trial Court,Trial Judgment,4,6,83,1,0,1,1,1,0,1,1,1,1,0.8747,1,47,1,1,1,1,1,1,1,0.7653,121,6.053,259.57,1,1,3745565.19,0.1634,0,1,14.64,3,4,2,1,1,0,0,1,8,0.1286,0.0585,5,1,1,1,1
NCRB-SYNTH-111803,High Court,Sec 482 CrPC (Quashing),1,3,73,0,0,1,1,1,1,1,1,1,1,0.6439,1,49,1,1,1,1,1,1,1,0.9187,107,6.7991,133.96,1,1,2628601.24,0.0329,0,1,6.38,3,4,3,1,1,1,1,0,6,0.1488,0.0765,3,1,1,1,1
NCRB-SYNTH-111816,Trial Court,Sec 439 CrPC (Regular Bail),2,13,85,1,0,1,1,1,0,1,1,1,1,0.9237,1,157,1,0,1,1,0,1,1,0.9317,121,7.1709,132.02,1,1,4456012.69,0.0996,1,1,4.11,4,2,9,1,1,1,1,0,4,0.1519,0.0944,5,1,1,0,1
NCRB-SYNTH-111823,High Court,Trial Judgment,1,22,61,1,0,1,1,1,0,1,1,1,1,0.6879,1,136,0,1,1,1,0,0,1,0.6885,144,3.6208,156.38,1,1,3569533.83,0.0566,0,1,6.73,1,4,5,1,1,1,1,0,8,0.1975,0.0899,3,1,1,1,0
NCRB-SYNTH-111831,Trial Court,Sec 439 CrPC (Regular Bail),2,8,73,1,0,1,1,1,0,1,1,1,1,0.7837,1,10,0,1,1,1,1,1,1,0.678,92,6.9544,171.38,1,1,3287363.79,0.1028,0,1,5.71,4,4,10,1,1,0,0,1,11,0.0825,0.0332,5,1,1,1,0
NCRB-SYNTH-111835,Trial Court,Sec 439 CrPC (Regular Bail),2,24,95,1,0,1,1,1,1,1,1,1,1,0.4808,1,79,1,1,1,1,1,1,1,0.8483,125,4.8474,247.69,1,1,380156.36,0.1566,0,1,7.27,5,2,7,1,1,1,1,0,9,0.1358,0.059,5,1,1,0,0
NCRB-SYNTH-111857,High Court,Sec 439 CrPC (Regular Bail),1,7,45,1,0,1,1,1,0,1,1,1,1,0.6684,1,80,1,1,1,1,1,0,1,0.5804,144,6.1417,72.99,1,1,3647467.43,0.0042,0,1,3.21,1,3,9,0,1,0,0,1,8,0.1797,0.0818,3,1,1,1,1
NCRB-SYNTH-111858,High Court,Sec 439 CrPC (Regular Bail),1,10,91,1,0,1,1,1,1,1,1,1,1,0.781,0,171,1,0,1,0,1,1,1,0.5223,47,3.3021,291.67,1,1,1215885.43,0.193,1,1,15.93,3,4,2,1,1,1,1,0,7,0.1385,0.0666,5,1,1,1,1
NCRB-SYNTH-111872,Trial Court,Sec 482 CrPC (Quashing),1,16,100,1,0,1,1,1,0,1,1,1,1,0.7755,1,18,0,0,1,1,0,1,1,0.6954,55,6.0808,292.97,1,1,2027937.52,0.0165,0,1,8.36,4,3,10,1,1,0,0,1,11,0.1672,0.0673,5,1,1,1,0
NCRB-SYNTH-111878,High Court,Sec 439 CrPC (Regular Bail),45,4,62,1,0,1,1,1,0,1,1,1,1,0.9338,1,89,1,1,1,1,0,1,1,0.6749,46,5.2656,63.92,1,1,2577000.54,0.051,0,1,17.2,5,2,2,1,1,1,1,0,3,0.4793,0.3457,1,1,1,0,1
NCRB-SYNTH-111881,High Court,Sec 439 CrPC (Regular Bail),1,5,89,1,0,1,1,1,1,1,1,1,1,0.5167,1,26,1,0,1,1,1,0,1,0.7963,127,5.4568,146.65,1,1,1504557.18,0.1251,1,1,4.33,3,1,6,0,1,1,1,0,20,0.1514,0.0497,4,1,1,0,0
NCRB-SYNTH-111890,Trial Court,Sec 482 CrPC (Quashing),1,21,55,1,0,1,1,1,0,1,1,1,1,0.7207,1,43,1,1,1,0,0,1,1,0.4921,77,5.4042,85.42,1,1,1345670.38,0.1434,1,1,18.12,2,4,2,1,1,1,1,0,3,0.8871,0.6399,1,1,1,1,1
NCRB-SYNTH-111894,Supreme Court,Sec 439 CrPC (Regular Bail),2,18,37,1,0,1,1,1,0,1,1,1,1,0.5823,1,45,1,1,1,1,1,1,1,0.5496,53,3.4034,252.26,1,1,1845806.26,0.1549,0,1,3.92,1,4,9,0,1,1,1,0,4,0.2118,0.1316,5,1,1,0,0
NCRB-SYNTH-111904,High Court,Sec 439 CrPC (Regular Bail),1,6,34,1,0,1,1,1,0,1,1,1,1,0.8575,1,66,1,1,1,1,0,1,1,0.5894,150,4.3384,253.83,1,1,2225890.51,0.1446,1,1,12.7,4,4,9,1,1,1,1,0,1,0.7848,1.1322,1,1,1,0,1
NCRB-SYNTH-111908,Trial Court,Sec 439 CrPC (Regular Bail),1,16,26,1,0,1,1,1,0,1,1,1,1,0.896,0,41,1,1,1,1,1,0,1,0.7673,88,7.0065,233.72,1,1,1460970.89,0.1507,1,1,14.44,5,1,7,1,1,1,1,0,6,0.0675,0.0347,5,1,1,0,1
NCRB-SYNTH-111909,Trial Court,Sec 439 CrPC (Regular Bail),1,19,36,1,0,1,1,1,1,1,1,1,1,0.3833,1,163,1,1,1,0,0,0,1,0.864,137,6.7481,84.98,1,1,2840098.15,0.0163,0,1,7.32,3,1,8,1,1,0,0,1,11,0.2058,0.0828,5,1,1,1,0
NCRB-SYNTH-111929,High Court,Sec 482 CrPC (Quashing),4,23,67,1,0,1,1,1,1,1,1,1,1,0.9092,1,143,1,1,1,1,0,1,1,0.5053,47,6.7246,174.11,1,1,2644203.0,0.1402,1,1,9.12,3,2,10,0,1,1,1,0,26,0.229,0.0695,4,1,1,1,1
NCRB-SYNTH-111935,Trial Court,Sec 482 CrPC (Quashing),1,22,33,1,0,1,1,1,0,1,1,1,1,0.4362,0,173,1,1,1,1,0,1,1,0.7142,108,3.6945,58.22,1,1,2992830.62,0.0099,1,1,35.92,5,2,10,0,1,1,1,0,37,0.2104,0.0578,4,1,1,1,0
NCRB-SYNTH-111938,Trial Court,Sec 439 CrPC (Regular Bail),15,11,44,1,0,1,1,1,1,1,1,1,1,0.4408,1,83,1,1,1,1,1,0,1,0.8646,82,5.7429,82.95,1,1,1620086.26,0.0249,1,1,5.62,2,4,6,1,1,1,1,0,33,0.2334,0.0662,4,1,1,0,0
NCRB-SYNTH-111940,Trial Court,Sec 439 CrPC (Regular Bail),2,3,49,1,0,1,1,1,0,1,1,1,1,0.4085,1,101,1,1,1,1,1,1,1,0.7272,121,3.8775,73.44,1,1,2181176.52,0.0547,1,1,5.63,2,2,4,1,1,1,1,0,4,0.2165,0.1345,3,1,1,0,0
NCRB-SYNTH-111949,High Court,Sec 482 CrPC (Quashing),2,6,53,1,0,1,1,1,0,1,1,1,1,0.8988,1,158,1,1,1,0,1,0,1,0.6634,56,4.7228,58.98,1,1,4242666.89,0.1474,1,1,8.42,1,2,2,1,1,1,1,0,2,0.9261,0.843,1,1,1,1,1
NCRB-SYNTH-111959,Trial Court,Writ Petition (Detention),1,16,13,1,0,1,1,1,0,1,1,1,1,0.4112,1,25,1,1,1,1,1,1,1,0.6993,103,4.6449,92.23,1,1,3681199.52,0.1608,1,1,5.17,4,2,2,1,1,1,1,0,5,0.1639,0.0915,3,1,1,0,0
NCRB-SYNTH-111965,High Court,Sec 439 CrPC (Regular Bail),1,23,14,1,0,1,1,1,1,1,1,1,1,0.4804,1,142,1,1,1,1,1,0,1,0.6917,112,3.5501,68.64,1,1,2224288.43,0.1139,1,1,16.85,3,4,6,0,1,1,1,0,5,0.0804,0.0449,3,1,1,0,0
NCRB-SYNTH-111966,Trial Court,Sec 439 CrPC (Regular Bail),1,14,55,1,0,1,1,1,0,1,1,1,1,0.5614,1,61,1,1,1,0,1,0,1,0.4839,140,6.46,264.56,1,1,3224809.1,0.1634,1,1,25.29,4,3,2,1,1,0,0,1,26,0.2273,0.069,4,1,1,1,0
NCRB-SYNTH-111973,Trial Court,Sec 439 CrPC (Regular Bail),4,3,48,1,0,1,1,1,1,1,1,1,1,0.7326,0,53,1,1,1,0,1,1,1,0.6216,137,3.6539,203.66,1,1,1900607.75,0.1055,1,1,3.46,5,4,10,1,1,1,1,0,8,0.1768,0.0805,5,1,1,0,1
NCRB-SYNTH-111977,High Court,Sec 482 CrPC (Quashing),2,3,30,1,0,1,1,1,0,1,1,1,1,0.7293,1,97,1,0,1,1,0,0,1,0.7676,50,7.8645,131.05,1,1,3417075.45,0.1047,1,1,8.14,1,1,7,0,1,1,1,0,31,0.2276,0.0657,4,1,1,1,1
NCRB-SYNTH-111979,High Court,Sec 439 CrPC (Regular Bail),4,13,79,1,0,1,1,1,0,1,1,1,1,0.8812,1,82,1,1,1,1,1,1,1,0.5689,67,5.185,264.58,1,1,814993.27,0.0144,0,1,7.7,1,4,6,1,1,1,1,0,34,0.1863,0.0524,4,1,1,0,1
NCRB-SYNTH-111983,Trial Court,Sec 439 CrPC (Regular Bail),1,22,83,1,0,1,1,1,1,1,1,1,1,0.4832,1,166,1,1,1,0,0,0,1,0.638,149,5.8203,79.89,1,1,1939591.47,0.0935,1,1,2.63,4,2,3,1,1,0,0,1,9,0.1326,0.0576,5,1,1,0,0
NCRB-SYNTH-111985,Trial Court,Sec 439 CrPC (Regular Bail),4,17,88,0,0,1,1,1,0,1,1,1,1,0.5867,1,85,0,0,1,1,0,1,1,0.6196,126,3.9498,256.82,1,1,1730231.24,0.173,1,1,2.23,3,1,7,1,1,1,1,0,11,0.1649,0.0664,5,1,1,0,0
NCRB-SYNTH-112005,Trial Court,Trial Judgment,1,23,95,0,0,1,1,1,0,1,1,1,1,0.6901,1,135,1,1,1,1,1,1,1,0.7419,144,4.0149,250.4,1,1,2837551.82,0.0169,0,1,19.8,5,1,7,1,1,0,0,1,9,0.1125,0.0489,3,1,1,0,1
NCRB-SYNTH-112007,High Court,Trial Judgment,1,24,34,1,0,1,1,1,1,1,1,1,1,0.6468,1,114,1,1,1,1,1,1,1,0.7619,133,5.2447,137.12,1,1,3161513.51,0.1492,1,1,4.98,2,2,10,1,1,0,0,1,3,0.5341,0.3853,1,1,1,0,1
NCRB-SYNTH-112009,Trial Court,Sec 482 CrPC (Quashing),1,19,75,1,0,1,1,1,0,1,1,1,1,0.4556,1,158,1,1,1,0,0,1,1,0.7719,65,7.6036,168.38,1,1,3839333.14,0.062,1,1,6.51,1,2,8,1,1,0,0,1,11,0.0822,0.0331,5,1,1,0,0
NCRB-SYNTH-112021,High Court,Sec 482 CrPC (Quashing),1,7,63,1,0,1,1,1,1,1,1,1,1,0.6701,1,59,1,1,1,1,1,1,1,0.6518,69,7.8374,246.64,1,1,2654068.4,0.1217,0,1,6.19,1,3,3,1,1,1,1,0,5,0.2181,0.1217,3,1,1,0,1
NCRB-SYNTH-112025,High Court,Sec 482 CrPC (Quashing),1,12,88,1,0,1,1,1,0,1,1,1,1,0.742,1,121,0,0,1,1,1,1,1,0.4697,129,3.366,259.78,1,1,2769473.61,0.0896,0,1,25.05,4,2,4,1,1,1,1,0,10,0.233,0.0972,3,1,1,1,0
NCRB-SYNTH-112029,Trial Court,Sec 482 CrPC (Quashing),1,18,90,1,0,1,1,1,1,1,1,1,1,0.7302,1,128,1,0,1,1,1,1,1,0.5085,131,3.7544,180.05,1,1,461016.67,0.1857,0,1,14.99,5,3,5,1,1,1,1,0,8,0.1796,0.0817,3,1,1,1,1
NCRB-SYNTH-112031,Trial Court,Trial Judgment,4,6,74,1,0,1,1,1,1,1,1,1,1,0.5715,1,97,1,1,1,1,1,0,1,0.7878,113,5.4996,124.13,1,1,2485005.45,0.0643,1,1,9.63,2,1,9,1,1,1,1,0,10,0.1258,0.0524,5,1,1,1,0
NCRB-SYNTH-112034,Trial Court,Trial Judgment,2,11,73,1,0,1,1,1,1,1,1,1,1,0.5527,1,71,0,1,1,1,1,1,1,0.5634,128,6.0817,150.4,1,1,4102563.58,0.126,0,1,2.52,5,1,8,1,1,1,1,0,6,0.2364,0.1215,5,1,1,1,0
NCRB-SYNTH-112036,Trial Court,Writ Petition (Detention),4,19,57,1,0,1,1,1,0,1,1,1,1,0.4312,1,154,1,0,1,0,0,1,1,0.5258,89,3.9304,193.97,1,1,1292380.44,0.1179,1,1,25.34,4,1,9,1,1,1,1,0,7,0.0863,0.0415,5,1,1,1,0
NCRB-SYNTH-112042,High Court,Sec 439 CrPC (Regular Bail),2,20,79,1,0,1,1,1,1,1,1,1,1,0.7756,1,158,1,0,1,0,1,1,1,0.7179,147,4.1709,209.19,1,1,3369406.66,0.0219,0,1,6.27,3,1,3,1,1,0,0,1,29,0.2678,0.0787,4,1,1,0,1
NCRB-SYNTH-112044,High Court,Sec 439 CrPC (Regular Bail),1,23,34,1,0,1,1,1,1,1,1,1,1,0.6994,1,102,1,1,1,0,0,1,1,0.6199,142,6.3496,239.76,1,1,2510368.4,0.1447,0,1,15.54,3,2,2,0,1,1,1,0,9,0.0885,0.0385,5,1,1,0,1
NCRB-SYNTH-112047,High Court,Sec 439 CrPC (Regular Bail),1,5,44,1,0,1,1,1,0,1,1,1,1,0.568,1,46,1,1,1,1,1,1,1,0.7032,120,5.6758,221.27,1,1,535983.81,0.1244,0,1,20.57,3,1,6,1,1,1,1,0,4,0.2461,0.1529,3,1,1,0,0
NCRB-SYNTH-112056,Trial Court,Sec 439 CrPC (Regular Bail),1,17,5,1,0,1,1,1,0,1,1,1,1,0.9275,1,134,1,1,1,1,1,0,1,0.6017,74,4.0125,265.24,1,1,2874489.24,0.199,0,1,12.89,4,1,5,1,1,0,0,1,20,0.1871,0.0614,4,1,1,0,1
NCRB-SYNTH-112058,High Court,Trial Judgment,1,6,68,1,0,1,1,1,0,1,1,1,1,0.5654,1,158,1,1,1,1,1,1,1,0.6051,142,6.4135,119.78,1,1,2888529.68,0.1182,1,1,54.64,5,4,4,0,1,1,1,0,12,0.2398,0.0935,4,1,1,0,0
NCRB-SYNTH-112066,Trial Court,Sec 482 CrPC (Quashing),1,22,40,1,0,1,1,1,1,1,1,1,1,0.6277,1,95,1,0,1,1,1,1,1,0.7815,145,5.1056,171.93,1,1,3262616.12,0.1075,0,1,28.75,5,3,2,0,1,1,1,0,11,0.0918,0.0369,5,1,1,0,1
NCRB-SYNTH-112071,Trial Court,Sec 482 CrPC (Quashing),4,17,83,0,0,1,1,1,0,1,1,1,1,0.8559,1,30,1,0,1,1,0,0,1,0.5237,111,6.2089,257.16,1,1,4481136.91,0.1669,0,1,14.65,3,1,8,1,1,1,1,0,4,0.0738,0.0459,5,1,1,1,1
NCRB-SYNTH-112072,High Court,Writ Petition (Detention),2,21,53,1,0,1,1,1,0,1,1,1,1,0.4113,1,135,1,1,1,1,1,0,1,0.5551,126,2.984,237.04,1,1,2670087.75,0.1543,1,1,8.33,3,1,8,1,1,1,1,0,21,0.298,0.0964,4,1,1,0,0
NCRB-SYNTH-112075,High Court,Sec 439 CrPC (Regular Bail),2,9,85,1,0,1,1,1,0,1,1,1,1,0.5266,1,98,1,1,1,1,1,0,1,0.505,48,3.0697,143.17,1,1,3573469.39,0.1534,0,1,6.84,5,2,2,1,1,1,1,0,8,0.0782,0.0356,5,1,1,1,0
NCRB-SYNTH-112078,Trial Court,Sec 439 CrPC (Regular Bail),1,13,81,0,0,1,1,1,1,1,1,1,1,0.839,1,144,1,1,1,1,1,1,1,0.7387,79,4.0951,297.32,1,1,2892175.79,0.145,0,1,1.93,2,2,7,1,1,0,0,1,9,0.0971,0.0422,3,1,1,1,1
NCRB-SYNTH-112090,High Court,Sec 439 CrPC (Regular Bail),2,3,8,1,0,1,1,1,1,1,1,1,1,0.5543,1,22,1,1,1,0,0,1,1,0.5946,78,6.2276,169.01,1,1,351173.63,0.1151,1,1,21.47,3,1,6,1,1,0,0,1,33,0.1349,0.0383,4,1,1,0,0
NCRB-SYNTH-112101,High Court,Sec 439 CrPC (Regular Bail),1,11,13,1,0,1,1,1,0,1,1,1,1,0.4741,1,46,1,1,1,1,1,1,1,0.5716,127,4.2385,270.47,1,1,1007816.65,0.0864,0,1,5.73,1,2,5,0,1,1,1,0,3,0.6559,0.4731,1,1,1,0,0
NCRB-SYNTH-112109,High Court,Sec 439 CrPC (Regular Bail),4,16,41,1,0,1,1,1,0,1,1,1,1,0.8179,0,110,1,1,1,1,1,0,1,0.3697,84,3.2166,156.49,1,1,4173142.89,0.0632,0,1,3.91,1,2,3,1,1,1,1,0,1,0.8403,1.2123,1,1,1,1,1
NCRB-SYNTH-112117,Trial Court,Sec 439 CrPC (Regular Bail),2,11,6,1,0,1,1,1,1,1,1,1,1,0.5168,1,50,1,1,1,1,1,0,1,0.7102,143,3.7594,275.04,1,1,1474770.59,0.0884,1,1,1.53,5,1,7,1,1,1,1,0,7,0.0654,0.0315,5,1,1,0,0
NCRB-SYNTH-112122,High Court,Sec 439 CrPC (Regular Bail),7,21,51,1,0,1,1,1,0,1,1,1,1,0.9227,1,146,1,1,1,1,1,1,1,0.8224,106,4.3259,248.88,1,1,2022439.07,0.0026,0,1,32.58,5,4,7,1,1,1,1,0,30,0.1713,0.0499,4,1,1,1,1
NCRB-SYNTH-112130,High Court,Sec 439 CrPC (Regular Bail),4,23,66,1,0,1,1,1,0,1,1,1,1,0.5562,0,53,0,1,1,1,0,1,1,0.7335,147,5.9141,95.61,1,1,1146598.29,0.0926,1,1,11.69,3,3,2,0,1,1,1,0,11,0.0972,0.0391,5,1,1,1,0
NCRB-SYNTH-112145,High Court,Sec 439 CrPC (Regular Bail),4,6,43,1,0,1,1,1,1,1,1,1,1,0.5182,1,113,1,1,1,1,1,0,1,0.7632,104,3.9192,279.71,1,1,3617097.73,0.0975,1,1,13.9,5,2,10,1,1,1,1,0,44,0.2041,0.0536,4,1,1,0,0
NCRB-SYNTH-112151,High Court,Sec 482 CrPC (Quashing),2,21,10,1,0,1,1,1,0,1,1,1,1,0.5171,1,89,1,0,1,1,1,1,1,0.77,112,5.9456,216.48,1,1,2870999.12,0.0452,1,1,4.02,3,3,7,0,1,1,1,0,20,0.15,0.0493,4,1,1,0,0
NCRB-SYNTH-112152,Supreme Court,Sec 439 CrPC (Regular Bail),1,12,40,1,0,1,1,1,0,1,1,1,1,0.5155,1,130,0,0,1,1,1,1,1,0.6874,46,4.1107,198.54,1,1,4414444.31,0.1344,0,1,12.92,1,1,6,0,1,1,1,0,5,0.0684,0.0382,5,1,1,0,0
NCRB-SYNTH-112159,Trial Court,Sec 439 CrPC (Regular Bail),1,5,66,1,0,1,1,1,0,1,1,1,1,0.9051,0,149,1,0,1,1,1,1,1,0.6168,52,4.2134,157.87,1,1,981550.1,0.051,0,1,3.13,4,2,4,1,1,1,1,0,19,0.1402,0.0468,4,1,1,1,1
NCRB-SYNTH-112161,Trial Court,Writ Petition (Detention),15,19,64,1,0,1,1,1,0,1,1,1,1,0.4583,0,69,1,1,1,1,0,0,1,0.6822,91,5.7786,105.41,1,1,1822215.04,0.01,1,1,9.78,2,3,4,1,1,1,1,0,25,0.1613,0.0495,4,1,1,0,0
NCRB-SYNTH-112163,Trial Court,Sec 439 CrPC (Regular Bail),7,10,83,1,1,1,1,1,1,1,1,1,1,0.8995,0,25,1,0,1,1,1,0,1,0.7764,102,7.2972,243.52,1,1,792307.83,0.0243,1,1,17.34,2,3,9,1,1,1,1,0,6,0.1219,0.0627,3,1,1,0,1
NCRB-SYNTH-112170,Trial Court,Sec 439 CrPC (Regular Bail),1,19,81,1,0,1,1,1,1,1,1,1,1,0.9227,1,68,1,1,1,0,1,0,1,0.5898,83,5.5346,103.98,1,1,1708252.44,0.1553,1,1,11.74,3,2,10,1,1,1,1,0,39,0.2997,0.0812,4,1,1,0,1
NCRB-SYNTH-112171,Trial Court,Sec 482 CrPC (Quashing),7,4,76,1,0,1,1,1,0,1,1,1,1,0.6537,1,122,0,0,1,1,1,0,1,0.6549,60,5.9773,222.0,1,1,2266165.61,0.1707,1,1,20.98,1,4,4,1,1,1,1,0,8,0.1463,0.0666,3,1,1,1,0
NCRB-SYNTH-112179,High Court,Sec 482 CrPC (Quashing),1,14,93,1,0,1,1,1,1,1,1,1,1,0.4844,1,90,0,0,1,1,1,0,1,0.7031,58,3.548,171.79,1,1,628458.07,0.1179,1,1,6.23,3,1,4,1,1,1,1,0,11,0.2008,0.0808,5,1,1,0,0
NCRB-SYNTH-112183,Trial Court,Sec 439 CrPC (Regular Bail),1,12,92,1,0,1,1,1,1,1,1,1,1,0.691,1,76,0,0,1,0,1,1,1,0.7202,72,4.2384,255.52,1,1,2546757.21,0.1603,1,1,8.94,4,3,2,0,1,1,1,0,14,0.1403,0.0518,4,1,1,0,0
NCRB-SYNTH-112184,High Court,Sec 439 CrPC (Regular Bail),1,10,35,1,0,1,1,1,1,1,1,1,1,0.5336,1,37,1,0,1,0,1,1,1,0.7029,44,8.0142,251.4,1,1,3834766.52,0.1146,0,1,6.85,3,4,9,1,1,1,1,0,38,0.1998,0.0545,4,1,1,0,0
NCRB-SYNTH-112189,High Court,Sec 439 CrPC (Regular Bail),1,7,17,1,0,1,1,1,0,1,1,1,1,0.8693,1,114,1,1,1,1,1,1,1,0.4226,115,5.8778,129.54,1,1,3720968.54,0.0954,0,1,19.51,4,3,6,1,1,0,0,1,10,0.1465,0.0611,3,1,1,0,1
NCRB-SYNTH-112190,Trial Court,Trial Judgment,4,23,97,0,0,1,1,1,0,1,1,1,1,0.7738,0,122,0,1,1,0,1,1,1,0.472,140,7.5886,296.36,1,1,3168533.69,0.0017,1,1,14.99,2,4,6,1,1,0,0,1,4,0.2247,0.1396,5,1,1,0,0
NCRB-SYNTH-112196,High Court,Writ Petition (Detention),21,4,100,1,0,1,1,1,1,1,1,1,1,0.7371,1,149,1,1,1,1,1,1,1,0.7718,40,5.0326,116.65,1,1,3010632.42,0.0114,1,1,7.36,4,1,9,1,1,1,1,0,6,0.069,0.0355,3,1,1,1,1
NCRB-SYNTH-112209,Trial Court,Sec 482 CrPC (Quashing),1,12,94,1,0,1,1,1,1,1,1,1,1,0.4192,1,142,1,1,1,1,1,1,1,0.6432,52,3.3873,192.82,1,1,2725085.83,0.1969,0,1,2.35,5,1,6,1,1,1,1,0,17,0.2854,0.0987,4,1,1,0,0
NCRB-SYNTH-112212,High Court,Sec 439 CrPC (Regular Bail),1,23,22,1,0,1,1,1,0,1,1,1,1,0.5295,1,40,1,1,1,1,1,1,1,0.7755,128,4.5113,203.72,1,1,1448664.81,0.0912,1,1,6.16,2,1,10,0,1,1,1,0,30,0.1253,0.0365,4,1,1,1,0
NCRB-SYNTH-112216,High Court,Sec 439 CrPC (Regular Bail),1,25,38,1,0,1,1,1,0,1,1,1,1,0.8778,1,136,1,1,1,1,1,1,1,0.5427,77,7.8516,187.48,1,1,592670.57,0.072,0,1,7.95,2,3,9,1,1,1,1,0,6,0.1263,0.0649,3,1,1,1,1
NCRB-SYNTH-112217,Trial Court,Sec 439 CrPC (Regular Bail),2,18,58,1,1,1,1,1,0,1,1,1,1,0.9663,1,168,1,1,1,0,0,1,1,0.9479,113,7.6098,210.23,1,1,445807.88,0.1352,1,1,10.25,5,4,2,1,1,0,0,1,7,0.173,0.0832,5,1,1,0,1
NCRB-SYNTH-112224,Trial Court,Sec 482 CrPC (Quashing),2,11,35,1,0,1,1,1,0,1,1,1,1,0.7682,0,70,0,0,1,1,0,1,1,0.6178,145,4.0566,105.75,1,1,1343400.41,0.1776,0,1,7.56,2,2,9,1,1,1,1,0,24,0.1666,0.0518,4,1,1,0,0
NCRB-SYNTH-112226,Trial Court,Sec 482 CrPC (Quashing),2,18,41,1,1,1,1,1,0,1,1,1,1,0.9381,1,86,0,0,1,1,1,1,1,0.8392,145,7.6954,53.58,1,1,2789569.05,0.0236,1,1,1.75,5,2,3,0,1,1,1,0,5,0.2293,0.128,5,1,1,0,0
NCRB-SYNTH-112235,High Court,Sec 439 CrPC (Regular Bail),4,3,88,1,0,1,1,1,1,1,1,1,1,0.5245,0,96,0,0,1,1,0,1,1,0.5731,74,7.1993,176.79,1,1,3657748.13,0.1953,1,1,3.36,3,4,10,0,1,1,1,0,2,0.8957,0.8153,1,1,1,1,0
NCRB-SYNTH-112254,High Court,Sec 482 CrPC (Quashing),15,14,62,0,0,1,1,1,0,1,1,1,1,0.5811,1,21,1,1,1,1,0,1,1,0.6701,114,4.1015,245.11,1,1,3566498.73,0.1437,0,1,5.39,3,1,2,1,1,1,1,0,2,0.7708,0.7016,1,1,1,0,0
NCRB-SYNTH-112259,Trial Court,Trial Judgment,7,22,100,1,0,1,1,1,0,1,1,1,1,0.7001,1,54,1,0,1,1,0,0,1,0.5518,42,3.8201,179.63,1,1,2905542.92,0.1945,1,1,7.96,2,3,8,0,1,0,0,1,11,0.1039,0.0418,5,1,1,0,1
NCRB-SYNTH-112262,High Court,Sec 482 CrPC (Quashing),27,23,91,0,0,1,1,1,0,1,1,1,1,0.7639,0,113,1,1,1,1,1,1,1,0.5547,62,7.4722,107.04,1,1,1019082.59,0.0453,1,1,1.62,2,2,10,1,1,1,1,0,19,0.1636,0.0546,4,1,1,1,1
NCRB-SYNTH-112266,Trial Court,Trial Judgment,1,24,11,1,0,1,1,1,0,1,1,1,1,0.5426,1,70,1,1,1,1,1,1,1,0.6935,41,7.1755,162.89,1,1,2300942.47,0.192,1,1,3.43,2,4,9,1,1,0,0,1,28,0.1139,0.0338,4,1,1,0,0
NCRB-SYNTH-112268,Trial Court,Sec 439 CrPC (Regular Bail),2,19,35,0,0,1,1,1,0,1,1,1,1,0.7222,1,91,1,1,1,1,1,1,1,0.6641,127,5.6088,89.17,1,1,1588303.47,0.1306,1,1,8.03,3,2,7,1,1,1,1,0,7,0.1166,0.0561,5,1,1,0,1
NCRB-SYNTH-112276,Supreme Court,Sec 439 CrPC (Regular Bail),1,25,44,0,0,1,1,1,1,1,1,1,1,0.5012,1,94,1,1,1,1,1,1,1,0.7186,65,3.2979,207.54,1,1,341068.59,0.1144,1,1,6.89,3,2,10,1,1,1,1,0,17,0.1691,0.0585,4,1,1,0,0
NCRB-SYNTH-112280,Trial Court,Sec 439 CrPC (Regular Bail),2,10,87,1,0,1,1,1,1,1,1,1,1,0.6186,1,62,1,1,1,1,0,1,1,0.681,98,5.6371,273.73,1,1,297345.44,0.0028,0,1,28.49,4,2,10,1,1,1,1,0,10,0.1326,0.0553,3,1,1,0,1
NCRB-SYNTH-112281,High Court,Sec 439 CrPC (Regular Bail),1,14,54,1,0,1,1,1,1,1,1,1,1,0.8598,0,16,1,1,1,1,0,1,1,0.4003,93,3.6133,98.75,1,1,391381.04,0.0785,1,1,13.73,3,4,3,1,1,1,1,0,6,0.245,0.1259,5,1,1,0,1
NCRB-SYNTH-112284,High Court,Sec 482 CrPC (Quashing),1,7,84,1,0,1,1,1,0,1,1,1,1,0.8899,1,74,1,1,1,0,1,1,1,0.8911,68,4.295,270.63,1,1,789021.68,0.0399,0,1,4.1,2,4,8,0,1,1,1,0,2,0.5051,0.4597,1,1,1,0,1
NCRB-SYNTH-112291,Supreme Court,Sec 439 CrPC (Regular Bail),4,12,29,1,0,1,1,1,0,1,1,1,1,0.5146,1,81,1,1,1,1,0,1,1,0.9257,133,3.6841,253.93,1,1,762446.68,0.1836,1,1,5.63,2,3,4,1,1,1,1,0,27,0.3152,0.0946,4,1,1,0,0
NCRB-SYNTH-112292,Trial Court,Sec 439 CrPC (Regular Bail),4,20,12,0,0,1,1,1,0,1,1,1,1,0.6044,1,37,1,1,1,1,1,0,1,0.8344,100,7.3281,265.36,1,1,792371.49,0.0331,1,1,18.85,3,4,5,1,1,1,1,0,4,0.2181,0.1355,3,1,1,1,1
NCRB-SYNTH-112294,Trial Court,Sec 439 CrPC (Regular Bail),1,14,43,1,0,1,1,1,0,1,1,1,1,0.7596,1,81,0,1,1,1,1,1,1,0.7876,115,3.4187,92.65,1,1,981359.45,0.1558,1,1,4.55,2,4,3,1,1,1,1,0,23,0.1116,0.0351,4,1,1,0,0
NCRB-SYNTH-112297,Trial Court,Sec 439 CrPC (Regular Bail),2,11,36,1,0,1,1,1,1,1,1,1,1,0.8565,1,11,1,1,1,0,0,1,1,0.5832,108,4.9477,215.73,1,1,2728651.07,0.1136,1,1,2.98,4,3,10,1,1,1,1,0,10,0.1957,0.0816,3,1,1,1,1
NCRB-SYNTH-112300,High Court,Sec 439 CrPC (Regular Bail),1,12,12,1,0,1,1,1,0,1,1,1,1,0.7208,1,148,1,1,1,0,1,0,1,0.5467,70,6.2419,47.51,1,1,4499852.85,0.0539,0,1,4.64,5,1,8,1,1,1,1,0,1,0.9108,1.314,1,1,1,0,1
NCRB-SYNTH-112307,High Court,Sec 439 CrPC (Regular Bail),2,21,17,1,0,1,1,1,1,1,1,1,1,0.5358,1,150,1,1,1,1,1,0,1,0.7396,110,6.751,136.67,1,1,4133700.47,0.0137,0,1,4.08,5,3,9,1,1,0,0,1,20,0.2192,0.072,4,1,1,0,0
NCRB-SYNTH-112313,Trial Court,Sec 439 CrPC (Regular Bail),1,21,70,1,0,1,1,1,0,1,1,1,1,0.4426,1,97,1,1,1,1,0,1,1,0.584,92,3.7832,148.15,1,1,340741.34,0.0784,0,1,14.56,1,2,6,1,1,0,0,1,9,0.2497,0.1084,5,1,1,0,0
NCRB-SYNTH-112317,High Court,Sec 439 CrPC (Regular Bail),1,18,32,1,0,1,1,1,0,1,1,1,1,0.4901,1,23,1,0,1,1,0,0,1,0.8211,106,3.4941,95.01,1,1,4023998.35,0.1337,1,1,11.46,2,2,10,1,1,1,1,0,9,0.0601,0.0261,5,1,1,1,0
NCRB-SYNTH-112321,Trial Court,Sec 439 CrPC (Regular Bail),1,10,8,1,0,1,1,1,0,1,1,1,1,0.4512,1,155,0,1,1,1,0,1,1,0.7842,73,5.6631,199.12,1,1,271656.61,0.1693,1,1,12.77,3,4,3,0,1,1,1,0,39,0.1575,0.0427,4,1,1,0,0
NCRB-SYNTH-112338,Trial Court,Sec 439 CrPC (Regular Bail),4,21,59,1,0,1,1,1,0,1,1,1,1,0.7151,1,122,1,1,1,1,0,0,1,0.6808,99,3.0322,150.57,1,1,1965037.35,0.1098,1,1,1.02,2,4,7,0,1,0,0,1,2,0.7047,0.6415,1,1,1,0,1
NCRB-SYNTH-112345,Trial Court,Sec 439 CrPC (Regular Bail),27,24,98,1,0,1,1,1,1,1,1,1,1,0.8527,1,88,0,1,1,0,0,1,1,0.7508,69,5.5119,169.93,1,1,2154245.22,0.0285,0,1,7.89,4,1,4,1,1,1,1,0,6,0.225,0.1156,3,1,1,1,0
NCRB-SYNTH-112355,Trial Court,Sec 439 CrPC (Regular Bail),1,3,23,1,0,1,1,1,1,1,1,1,1,0.7753,1,88,0,1,1,1,0,0,1,0.6973,75,5.2474,125.45,1,1,2087586.64,0.1183,0,1,19.04,5,1,3,1,1,0,0,1,8,0.2347,0.1068,3,1,1,0,0
NCRB-SYNTH-112360,Trial Court,Sec 439 CrPC (Regular Bail),1,7,79,1,0,1,1,1,0,1,1,1,1,0.6993,1,172,1,1,1,1,1,1,1,0.6849,91,5.0312,172.71,1,1,3853381.31,0.1155,1,1,8.84,2,2,7,1,1,1,1,0,5,0.056,0.0313,5,1,1,0,1
NCRB-SYNTH-112368,Trial Court,Sec 439 CrPC (Regular Bail),2,22,35,1,0,1,1,1,0,1,1,1,1,0.7647,1,24,1,1,1,1,0,1,1,0.7755,59,5.9278,76.08,1,1,2696947.51,0.166,1,1,13.31,1,1,2,1,1,1,1,0,29,0.1857,0.0546,4,1,1,0,1
NCRB-SYNTH-112372,High Court,Sec 439 CrPC (Regular Bail),2,15,23,1,0,1,1,1,1,1,1,1,1,0.6405,1,171,0,0,1,1,1,1,1,0.479,76,6.1218,248.48,1,1,1344692.84,0.0332,1,1,4.82,4,3,2,1,1,1,1,0,8,0.1498,0.0682,5,1,1,0,0
NCRB-SYNTH-112373,High Court,Writ Petition (Detention),1,3,9,1,0,1,1,1,0,1,1,1,1,0.431,1,164,1,0,1,1,0,0,1,0.7781,132,3.4992,153.44,1,1,929812.91,0.0197,1,1,4.07,3,2,5,1,1,1,1,0,11,0.0605,0.0244,5,1,1,0,0
NCRB-SYNTH-112379,Trial Court,Trial Judgment,15,25,18,1,0,1,1,1,0,1,1,1,1,0.8983,1,74,1,1,1,0,0,1,1,0.6593,58,4.4192,284.97,1,1,872331.04,0.0501,0,1,19.88,5,4,10,1,1,1,1,0,7,0.0959,0.0461,5,1,1,0,1
NCRB-SYNTH-112383,High Court,Writ Petition (Detention),1,9,26,1,0,1,1,1,0,1,1,1,1,0.5686,1,141,0,0,1,0,1,1,1,0.7767,68,3.9668,189.9,1,1,4492736.73,0.0871,1,1,18.74,2,2,9,1,1,1,1,0,29,0.1955,0.0575,4,1,1,0,0
NCRB-SYNTH-112384,High Court,Sec 439 CrPC (Regular Bail),1,3,26,1,0,1,1,1,1,1,1,1,1,0.7366,1,52,1,1,1,1,0,0,1,0.8169,67,7.1839,177.22,1,1,498935.1,0.0908,0,1,11.56,4,3,3,1,1,0,0,1,11,0.09,0.0362,5,1,1,1,1
NCRB-SYNTH-112385,Trial Court,Sec 482 CrPC (Quashing),1,12,9,1,0,1,1,1,0,1,1,1,1,0.858,1,101,1,1,1,1,1,1,1,0.7524,92,6.5774,131.2,1,1,3206048.16,0.0207,0,1,5.52,2,3,2,1,1,1,1,0,5,0.1562,0.0872,5,1,1,0,1
NCRB-SYNTH-112388,High Court,Writ Petition (Detention),1,9,56,1,0,1,1,1,0,1,1,1,1,0.4454,0,124,1,1,1,1,1,1,1,0.601,42,7.6089,47.45,1,1,633096.0,0.1302,1,1,8.03,4,1,2,1,1,0,0,1,15,0.2008,0.0724,4,1,1,0,0
NCRB-SYNTH-112396,High Court,Sec 439 CrPC (Regular Bail),2,8,43,1,0,1,1,1,0,1,1,1,1,0.6919,1,28,0,0,1,1,1,1,1,0.7784,84,6.4565,216.75,1,1,4387642.48,0.0109,0,1,14.8,1,4,7,1,1,1,1,0,19,0.0868,0.029,4,1,1,0,0
NCRB-SYNTH-112399,High Court,Sec 439 CrPC (Regular Bail),1,25,30,1,0,1,1,1,1,1,1,1,1,0.611,1,57,1,1,1,0,1,1,1,0.8441,46,7.3288,243.75,1,1,601566.88,0.1583,1,1,3.24,5,4,3,1,1,1,1,0,2,0.7054,0.6421,1,1,1,0,1
NCRB-SYNTH-112402,High Court,Sec 439 CrPC (Regular Bail),2,12,60,1,0,1,1,1,0,1,1,1,1,0.6408,0,83,1,1,1,0,1,1,1,0.6065,63,3.1348,54.6,1,1,3679165.01,0.1039,1,1,26.93,5,3,5,1,1,1,1,0,7,0.241,0.1159,3,1,1,0,1
NCRB-SYNTH-112403,High Court,Sec 482 CrPC (Quashing),4,6,16,1,0,1,1,1,0,1,1,1,1,0.5829,1,134,1,1,1,1,0,0,1,0.7955,118,7.9065,51.6,1,1,3404181.0,0.1043,0,1,8.83,2,2,10,1,1,1,1,0,31,0.2809,0.081,4,1,1,1,0
NCRB-SYNTH-112420,Trial Court,Sec 482 CrPC (Quashing),4,11,53,1,0,1,1,1,0,1,1,1,1,0.5527,1,154,1,1,1,0,0,1,1,0.5418,97,4.4575,225.25,1,1,1553567.31,0.0408,0,1,13.69,5,1,10,1,1,1,1,0,5,0.2265,0.1264,3,1,1,1,0
NCRB-SYNTH-112422,High Court,Sec 482 CrPC (Quashing),1,5,16,1,0,1,1,1,1,1,1,1,1,0.8398,1,152,1,1,1,1,0,1,1,0.7188,55,5.9546,230.13,1,1,1218991.21,0.1439,1,1,8.61,2,1,7,1,1,1,1,0,37,0.0989,0.0272,4,1,1,0,1
NCRB-SYNTH-112424,Trial Court,Sec 439 CrPC (Regular Bail),4,9,100,1,0,1,1,1,0,1,1,1,1,0.6008,1,122,1,1,1,1,1,1,1,0.5225,75,6.6101,77.14,1,1,490240.54,0.1336,0,1,11.67,5,3,8,1,1,1,1,0,6,0.0783,0.0403,5,1,1,0,1
NCRB-SYNTH-112427,High Court,Sec 439 CrPC (Regular Bail),1,21,96,1,1,1,1,1,1,1,1,1,1,0.6028,1,60,1,1,1,1,0,0,1,0.8434,79,6.7991,187.64,1,1,1322281.79,0.1125,1,1,8.76,3,3,2,1,1,1,1,0,7,0.1953,0.0939,5,1,1,0,1
NCRB-SYNTH-112437,Trial Court,Sec 439 CrPC (Regular Bail),1,4,55,1,0,1,1,1,0,1,1,1,1,0.6475,1,142,1,1,1,0,1,1,1,0.7867,61,4.881,95.72,1,1,3336071.09,0.0274,0,1,4.33,5,1,9,1,1,0,0,1,9,0.1206,0.0524,5,1,1,0,1
NCRB-SYNTH-112447,Trial Court,Sec 439 CrPC (Regular Bail),1,21,97,1,0,1,1,1,0,1,1,1,1,0.6169,1,169,1,1,1,1,0,1,1,0.7619,142,3.1808,216.65,1,1,3147225.1,0.105,1,1,16.11,2,1,9,1,1,0,0,1,15,0.1414,0.051,4,1,1,1,1
NCRB-SYNTH-112458,High Court,Trial Judgment,4,18,28,1,0,1,1,1,1,1,1,1,1,0.7588,1,155,1,1,1,0,1,1,1,0.6069,82,4.4156,292.73,1,1,2840356.36,0.1946,1,1,15.18,5,4,7,1,1,1,1,0,7,0.2406,0.1157,3,1,1,0,1
NCRB-SYNTH-112459,Trial Court,Sec 482 CrPC (Quashing),2,15,60,1,0,1,1,1,1,1,1,1,1,0.96,0,58,0,0,1,1,1,1,1,0.7063,143,6.3167,80.68,1,1,961827.85,0.0044,0,1,11.22,2,1,9,1,1,1,1,0,1,0.9453,1.3638,1,1,1,0,0
NCRB-SYNTH-112478,High Court,Sec 439 CrPC (Regular Bail),27,23,87,1,0,1,1,1,0,1,1,1,1,0.5723,1,44,1,1,1,1,0,1,1,0.5847,137,5.2049,284.08,1,1,3244111.1,0.1499,1,1,4.57,5,3,6,1,1,1,1,0,31,0.198,0.0571,4,1,1,1,0
NCRB-SYNTH-112487,Trial Court,Sec 439 CrPC (Regular Bail),2,20,50,1,0,1,1,1,0,1,1,1,1,0.3891,1,170,1,1,1,1,1,1,1,0.7863,50,3.2776,148.72,1,1,1548151.81,0.0539,0,1,6.13,3,3,9,1,1,1,1,0,9,0.2362,0.1026,3,1,1,0,0
NCRB-SYNTH-112498,High Court,Writ Petition (Detention),4,12,75,0,0,1,1,1,1,1,1,1,1,0.5043,1,93,1,0,1,0,1,1,1,0.59,43,5.8176,107.89,1,1,1139166.99,0.1258,1,1,21.93,5,3,4,0,1,0,0,1,25,0.2869,0.088,4,1,1,1,0
