case_reference_id,court_level,case_type,number_of_cases_alleged,number_of_accused,victim_count,cross_state_indicator,cross_border_indicator,cybercrime_indicator,financial_fraud_indicator,organized_operation_indicator,repeat_offender_indicator,ipc_420,ipc_468_471,ipc_120b_or_34,evidence_completeness_score,charge_sheet_filed,custody_duration_days,statutory_cert_present,chain_of_custody_complete,parallel_telephone_exchange_indicator,bulk_corporate_sim_indicator,forged_company_indicator,voip_calling_indicator,government_telecom_revenue_loss,night_call_ratio,call_burst_frequency,imei_sim_swap_ratio,avg_call_duration_sec,multiple_calling_numbers_indicator,it_act_66d,telegraph_act_sections,unauthorized_transfer_amount_inr,amount_credited_to_accused_ratio,reasonable_doubt_identity_gap,network_degree,network_betweenness,topological_kingpin_score,label_entity_role,label_high_risk_cyber_syndicate,label_public_order_vs_law_and_order,label_bail_or_custody_relief,label_conviction_outcome
NCRB-SYNTH-100004,High Court,Sec 482 CrPC (Quashing),2,6,55,1,0,1,1,1,0,1,1,1,0.5441,1,186,1,0,1,1,1,1,1,0.587,159,5.243,34.48,1,1,1,1812110.64,0.1835,1,3,0.7313,0.5275,1,1,1,1,0
NCRB-SYNTH-100009,Trial Court,Sec 482 CrPC (Quashing),1,25,26,1,0,1,1,1,0,1,1,1,0.4837,1,250,1,1,1,1,1,1,1,0.7217,235,7.6391,54.3,1,1,1,143800.88,0.1736,1,35,0.1885,0.0526,4,1,1,1,0
NCRB-SYNTH-100021,Supreme Court,Sec 439 CrPC (Regular Bail),1,4,24,1,0,1,1,1,1,1,1,1,0.3918,1,155,0,0,1,1,1,1,1,0.7717,176,10.7742,50.27,1,1,1,1428111.76,0.0844,1,2,0.6113,0.5564,1,1,1,1,0
NCRB-SYNTH-100029,High Court,Sec 439 CrPC (Regular Bail),1,3,43,1,0,1,1,1,0,1,1,1,0.7692,1,186,0,0,1,1,1,1,1,0.6351,333,11.1759,71.35,1,1,1,717152.3,0.1556,1,2,0.6337,0.5768,1,1,1,1,0
NCRB-SYNTH-100031,Supreme Court,Sec 439 CrPC (Regular Bail),1,18,17,1,1,1,1,1,0,1,1,1,0.7019,1,207,1,1,1,1,1,1,1,0.6891,428,10.381,45.99,1,1,1,622366.05,0.0067,1,33,0.0935,0.0265,4,1,1,1,1
NCRB-SYNTH-100039,High Court,Writ Petition (Detention),1,21,59,1,0,1,1,1,0,1,1,1,0.7635,1,268,1,1,1,1,1,1,1,0.6906,174,12.2912,73.46,1,1,1,2414127.91,0.1642,1,4,0.1175,0.073,3,1,1,1,1
NCRB-SYNTH-100046,High Court,Sec 439 CrPC (Regular Bail),27,3,20,1,0,1,1,1,0,1,1,1,0.4941,1,163,1,1,1,1,1,1,1,0.4797,148,3.7441,87.55,1,1,1,1540372.23,0.0256,1,1,0.5929,0.8553,1,1,1,1,0
NCRB-SYNTH-100055,High Court,Sec 439 CrPC (Regular Bail),1,8,51,1,0,1,1,1,0,1,1,1,0.5474,1,277,1,0,1,1,1,1,1,0.7708,193,5.7582,24.95,1,1,1,2255716.48,0.0118,1,8,0.1644,0.0748,3,1,1,1,0
NCRB-SYNTH-100082,Supreme Court,Writ Petition (Detention),7,10,52,1,0,1,1,1,0,1,1,1,0.8211,1,167,1,1,1,1,1,1,1,0.4922,451,9.1242,69.87,1,1,1,464912.91,0.1109,1,5,0.0658,0.0367,3,1,1,0,1
NCRB-SYNTH-100088,Trial Court,Sec 439 CrPC (Regular Bail),4,21,44,1,0,1,1,1,1,1,1,1,0.7359,1,132,1,1,1,1,1,1,1,0.4696,487,12.2046,75.79,1,1,1,929740.38,0.098,1,3,0.8952,0.6457,1,1,1,0,1
NCRB-SYNTH-100094,High Court,Sec 439 CrPC (Regular Bail),27,18,68,0,0,1,1,1,1,1,1,1,0.6188,1,281,1,0,1,1,1,1,1,0.8101,328,12.3007,26.3,1,1,1,782449.06,0.0668,1,20,0.2011,0.0661,4,1,1,1,0
NCRB-SYNTH-100102,High Court,Sec 482 CrPC (Quashing),7,5,21,1,0,1,1,1,0,1,1,1,0.8202,1,172,0,0,1,1,1,1,1,0.6103,486,6.7263,67.78,1,1,1,858233.31,0.0044,1,8,0.2059,0.0937,3,1,1,1,0
NCRB-SYNTH-100115,Supreme Court,Sec 439 CrPC (Regular Bail),1,18,21,1,0,1,1,1,0,1,1,1,0.7461,1,303,1,1,1,1,1,1,1,0.775,104,12.2939,70.2,1,1,1,1611692.64,0.0159,1,7,0.1004,0.0483,3,1,1,1,1
NCRB-SYNTH-100147,Supreme Court,Sec 439 CrPC (Regular Bail),1,5,37,1,0,1,1,1,0,1,1,1,0.8322,1,128,1,1,1,1,1,1,1,0.5066,381,9.6623,74.73,1,1,1,1199968.59,0.1395,1,10,0.1476,0.0615,3,1,1,0,1
NCRB-SYNTH-100157,High Court,Sec 439 CrPC (Regular Bail),1,4,55,1,1,1,1,1,0,1,1,1,0.438,1,231,1,1,1,1,1,1,1,0.6945,176,7.6331,82.01,1,1,1,611620.65,0.1857,1,22,0.2435,0.0777,4,1,1,1,0
NCRB-SYNTH-100162,High Court,Sec 439 CrPC (Regular Bail),4,6,49,1,0,1,1,1,0,1,1,1,0.8247,1,252,1,1,1,1,1,1,1,0.705,294,4.1297,63.89,1,1,1,1298948.08,0.1031,1,6,0.109,0.056,3,1,1,1,1
NCRB-SYNTH-100163,High Court,Sec 482 CrPC (Quashing),2,3,38,1,0,1,1,1,0,1,1,1,0.6208,1,171,1,1,1,1,1,1,1,0.7224,331,10.3759,35.56,1,1,1,1190046.83,0.1639,1,7,0.124,0.0596,3,1,1,1,0
NCRB-SYNTH-100170,Supreme Court,Sec 439 CrPC (Regular Bail),2,17,79,1,0,1,1,1,1,1,1,1,0.4364,1,185,1,1,1,1,1,1,1,0.7191,197,13.7944,66.33,1,1,1,1991471.94,0.181,1,11,0.2087,0.084,3,1,1,1,0
NCRB-SYNTH-100171,High Court,Sec 439 CrPC (Regular Bail),4,13,25,1,0,1,1,1,1,1,1,1,0.7802,1,268,0,0,1,1,1,1,1,0.5587,312,4.4733,44.9,1,1,1,1014110.4,0.0274,1,8,0.1246,0.0567,3,1,1,1,0
NCRB-SYNTH-100175,High Court,Trial Judgment,2,6,55,0,1,1,1,1,0,1,1,1,0.8098,1,218,0,1,1,1,1,1,1,0.693,311,12.9245,25.38,1,1,1,299846.43,0.0296,1,14,0.1772,0.0654,4,1,1,1,0
NCRB-SYNTH-100177,Supreme Court,Sec 482 CrPC (Quashing),21,24,74,1,1,1,1,1,1,1,1,1,0.5619,1,210,1,0,1,1,1,1,1,0.727,137,11.6322,53.62,1,1,1,1432995.07,0.0938,1,36,0.203,0.0562,4,1,1,1,0
NCRB-SYNTH-100186,High Court,Writ Petition (Detention),1,4,38,1,1,1,1,1,0,1,1,1,0.8645,1,148,1,0,1,1,1,1,1,0.607,331,9.7189,50.49,1,1,1,825586.47,0.0048,1,5,0.164,0.0916,3,1,1,1,1
NCRB-SYNTH-100188,High Court,Trial Judgment,2,5,61,1,0,1,1,1,0,1,1,1,0.5817,1,273,1,1,1,1,1,1,1,0.6689,437,10.3637,35.11,1,1,1,959624.64,0.1478,1,3,0.6313,0.4554,1,1,1,1,0
NCRB-SYNTH-100194,High Court,Sec 439 CrPC (Regular Bail),15,25,49,1,0,1,1,1,1,1,1,1,0.832,1,134,1,1,1,1,1,1,1,0.5988,164,6.0518,40.59,1,1,1,2487361.22,0.1886,1,9,0.1282,0.0557,3,1,1,1,1
NCRB-SYNTH-100201,Trial Court,Sec 439 CrPC (Regular Bail),1,4,15,1,0,1,1,1,1,1,1,1,0.4822,1,198,1,1,1,1,1,1,1,0.5496,406,8.0915,33.41,1,1,1,683604.99,0.0986,1,5,0.0967,0.054,3,1,1,1,0
NCRB-SYNTH-100205,High Court,Sec 482 CrPC (Quashing),4,15,36,1,0,1,1,1,0,1,1,1,0.5153,1,181,1,1,1,1,1,1,1,0.7025,121,4.6421,84.17,1,1,1,2308509.98,0.1097,1,30,0.0926,0.027,4,1,1,1,0
NCRB-SYNTH-100208,High Court,Sec 482 CrPC (Quashing),2,6,46,1,0,1,1,1,0,1,1,1,0.8725,1,156,1,1,1,1,1,1,1,0.6514,232,4.524,25.43,1,1,1,1349967.6,0.1119,1,8,0.2204,0.1003,3,1,1,1,1
NCRB-SYNTH-100212,High Court,Sec 482 CrPC (Quashing),1,19,31,1,1,1,1,1,0,1,1,1,0.5433,1,284,1,0,1,1,1,1,1,0.5283,273,7.9544,75.33,1,1,1,918370.96,0.0455,1,1,0.9155,1.3207,1,1,1,1,0
NCRB-SYNTH-100213,High Court,Sec 439 CrPC (Regular Bail),2,13,16,0,0,1,1,1,0,1,1,1,0.5745,1,293,1,0,1,1,1,1,1,0.7662,101,10.7422,53.0,1,1,1,2089153.72,0.0445,1,3,0.6552,0.4726,1,1,1,1,0
NCRB-SYNTH-100219,Trial Court,Sec 439 CrPC (Regular Bail),1,4,10,1,1,1,1,1,1,1,1,1,0.8875,1,149,1,1,1,1,1,1,1,0.4842,454,6.2195,38.4,1,1,1,221866.57,0.0406,1,1,0.6036,0.8709,1,1,1,1,1
NCRB-SYNTH-100221,Supreme Court,Sec 439 CrPC (Regular Bail),1,9,57,1,0,1,1,1,1,1,1,1,0.6689,1,280,0,0,1,1,1,1,1,0.7152,242,8.022,44.15,1,1,1,1990106.06,0.0364,1,44,0.2903,0.0763,4,1,1,1,0
NCRB-SYNTH-100222,High Court,Sec 482 CrPC (Quashing),1,24,60,1,1,1,1,1,0,1,1,1,0.4465,1,115,1,1,1,1,1,1,1,0.477,289,6.7599,66.84,1,1,1,925599.16,0.0567,1,43,0.1675,0.0443,4,1,1,0,0
NCRB-SYNTH-100230,High Court,Sec 482 CrPC (Quashing),27,21,23,1,0,1,1,1,0,1,1,1,0.6254,1,226,1,1,1,1,1,1,1,0.393,198,8.3216,33.84,1,1,1,1512047.26,0.1924,1,2,0.6558,0.5969,1,1,1,1,0
NCRB-SYNTH-100233,High Court,Sec 439 CrPC (Regular Bail),1,16,21,0,1,1,1,1,0,1,1,1,0.6468,1,209,0,0,1,1,1,1,1,0.764,184,6.5492,26.05,1,1,1,1396659.37,0.0286,1,9,0.1759,0.0764,3,1,1,1,0
NCRB-SYNTH-100239,High Court,Sec 439 CrPC (Regular Bail),1,9,58,1,0,1,1,1,1,1,1,1,0.5463,1,113,1,1,1,1,1,1,1,0.6891,132,7.716,33.82,1,1,1,1673454.55,0.0874,1,9,0.1271,0.0552,3,1,1,0,0
NCRB-SYNTH-100256,Supreme Court,Sec 439 CrPC (Regular Bail),1,3,50,1,0,1,1,1,0,1,1,1,0.4989,1,206,1,1,1,1,1,1,1,0.858,379,8.2978,33.4,1,1,1,2019392.98,0.1486,1,4,0.0655,0.0407,3,1,1,1,0
NCRB-SYNTH-100258,High Court,Sec 482 CrPC (Quashing),1,24,77,1,1,1,1,1,0,1,1,1,0.4371,1,148,1,1,1,1,1,1,1,0.7993,354,10.2709,57.01,1,1,1,745971.33,0.0592,1,2,0.7964,0.7249,1,1,1,1,0
NCRB-SYNTH-100259,High Court,Sec 439 CrPC (Regular Bail),1,13,11,0,0,1,1,1,0,1,1,1,0.4634,1,249,1,1,1,1,1,1,1,0.6633,169,5.9466,50.2,1,1,1,1660358.76,0.0744,1,41,0.2228,0.0596,4,1,1,1,0
NCRB-SYNTH-100261,Supreme Court,Writ Petition (Detention),1,9,71,1,0,1,1,1,0,1,1,1,0.502,1,187,1,1,1,1,1,1,1,0.6743,136,5.3118,76.68,1,1,1,2280918.08,0.0492,1,1,0.478,0.6896,1,1,1,1,0
NCRB-SYNTH-100267,High Court,Sec 439 CrPC (Regular Bail),21,22,66,1,0,1,1,1,0,1,1,1,0.7095,1,208,1,1,1,1,1,1,1,0.8055,311,4.2008,69.84,1,1,1,1931628.6,0.0764,1,21,0.2389,0.0773,4,1,1,1,1
NCRB-SYNTH-100278,High Court,Sec 439 CrPC (Regular Bail),1,4,23,1,0,1,1,1,0,1,1,1,0.6374,1,136,1,1,1,1,1,1,1,0.8767,255,13.2193,28.08,1,1,1,2162748.89,0.1455,1,9,0.1041,0.0452,3,1,1,0,0
NCRB-SYNTH-100285,Supreme Court,Sec 439 CrPC (Regular Bail),1,3,53,1,0,1,1,1,1,1,1,1,0.8865,1,196,1,1,1,1,1,1,1,0.6348,108,6.3745,41.68,1,1,1,209681.66,0.0577,1,5,0.15,0.0837,3,1,1,1,1
NCRB-SYNTH-100290,High Court,Sec 439 CrPC (Regular Bail),2,14,75,0,1,1,1,1,1,1,1,1,0.4942,1,182,0,0,1,1,1,1,1,0.6641,203,11.5802,73.26,1,1,1,1537502.59,0.0718,1,1,0.5606,0.8088,1,1,1,1,0
NCRB-SYNTH-100299,High Court,Sec 482 CrPC (Quashing),2,19,46,1,1,1,1,1,0,1,1,1,0.6706,1,177,1,1,1,1,1,1,1,0.835,387,8.1291,84.71,1,1,1,548057.86,0.0598,1,8,0.0552,0.0251,3,1,1,0,1
NCRB-SYNTH-100304,High Court,Sec 482 CrPC (Quashing),1,18,56,1,0,1,1,1,1,1,1,1,0.4703,1,236,1,1,1,1,1,1,1,1.0,360,12.9265,72.55,1,1,1,1960945.41,0.1036,1,10,0.0635,0.0265,3,1,1,1,0
NCRB-SYNTH-100316,Supreme Court,Sec 439 CrPC (Regular Bail),1,5,70,1,0,1,1,1,0,1,1,1,0.7832,1,149,1,1,1,1,1,1,1,0.4926,311,13.8686,47.27,1,1,1,1131296.92,0.1985,1,19,0.3016,0.1007,4,1,1,1,1
NCRB-SYNTH-100323,High Court,Writ Petition (Detention),2,16,36,1,0,1,1,1,1,1,1,1,0.7883,1,219,1,1,1,1,1,1,1,0.8641,406,10.3935,35.13,1,1,1,886071.13,0.1964,1,11,0.1848,0.0744,3,1,1,1,1
NCRB-SYNTH-100327,High Court,Sec 482 CrPC (Quashing),2,14,58,1,1,1,1,1,0,1,1,1,0.707,1,145,1,1,1,1,1,1,1,0.7247,254,10.1347,88.16,1,1,1,628845.9,0.0162,1,6,0.0742,0.0381,3,1,1,1,1
NCRB-SYNTH-100328,Supreme Court,Sec 439 CrPC (Regular Bail),2,11,69,1,0,1,1,1,0,1,1,1,0.573,1,121,1,1,1,1,1,1,1,0.6434,328,9.3393,71.92,1,1,1,2024324.4,0.1804,1,3,0.5215,0.3762,1,1,1,0,0
NCRB-SYNTH-100346,High Court,Sec 439 CrPC (Regular Bail),1,17,79,1,1,1,1,1,0,1,1,1,0.9713,1,258,1,1,1,1,1,1,1,0.5513,377,9.3392,28.57,1,1,1,1269815.02,0.0549,1,7,0.0968,0.0465,3,1,1,1,1
NCRB-SYNTH-100347,High Court,Sec 439 CrPC (Regular Bail),2,15,54,1,0,1,1,1,0,1,1,1,0.7714,1,211,1,1,1,1,1,1,1,0.6766,500,7.1067,20.31,1,1,1,1822643.38,0.0304,1,1,0.452,0.6521,1,1,1,1,1
NCRB-SYNTH-100350,High Court,Sec 482 CrPC (Quashing),2,4,10,1,1,1,1,1,0,1,1,1,0.9053,1,247,1,1,1,1,1,1,1,0.7412,276,11.8389,45.31,1,1,1,509715.53,0.035,1,7,0.1858,0.0894,3,1,1,1,1
NCRB-SYNTH-100353,High Court,Sec 439 CrPC (Regular Bail),2,24,22,1,0,1,1,1,0,1,1,1,0.8797,1,195,1,1,1,1,1,1,1,0.5297,166,6.6684,78.85,1,1,1,1091929.96,0.1363,1,9,0.0547,0.0237,3,1,1,1,1
NCRB-SYNTH-100356,High Court,Sec 482 CrPC (Quashing),7,10,47,1,0,1,1,1,0,1,1,1,0.8218,1,242,1,1,1,1,1,1,1,0.3506,118,3.8299,54.19,1,1,1,86916.31,0.1566,1,3,0.9116,0.6576,1,1,1,1,1
NCRB-SYNTH-100358,Supreme Court,Sec 482 CrPC (Quashing),4,6,26,1,0,1,1,1,0,1,1,1,0.6705,1,290,1,1,1,1,1,1,1,0.7019,273,8.0875,54.39,1,1,1,1833720.38,0.0896,1,4,0.0832,0.0517,3,1,1,1,1
NCRB-SYNTH-100360,High Court,Sec 482 CrPC (Quashing),1,17,47,1,0,1,1,1,0,1,1,1,0.6849,1,216,1,1,1,1,1,1,1,0.6905,227,13.1054,34.65,1,1,1,2169374.79,0.1929,1,8,0.09,0.041,3,1,1,1,1
NCRB-SYNTH-100362,High Court,Sec 482 CrPC (Quashing),1,7,10,0,1,1,1,1,0,1,1,1,0.45,1,219,1,1,1,1,1,1,1,0.9082,286,6.7305,56.49,1,1,1,1754463.38,0.1347,1,11,0.0979,0.0394,3,1,1,1,0
NCRB-SYNTH-100374,High Court,Trial Judgment,2,3,10,1,1,1,1,1,0,1,1,1,0.4072,1,135,1,0,1,1,1,1,1,0.7682,247,10.5429,87.51,1,1,1,1592882.02,0.0208,1,13,0.0919,0.0348,4,1,1,0,0
NCRB-SYNTH-100382,High Court,Sec 439 CrPC (Regular Bail),1,11,39,1,0,1,1,1,1,1,1,1,0.4561,1,266,1,1,1,1,1,1,1,0.5342,157,13.3855,21.76,1,1,1,172133.8,0.027,1,1,0.8475,1.2226,1,1,1,1,0
NCRB-SYNTH-100383,High Court,Sec 439 CrPC (Regular Bail),1,25,16,1,0,1,1,1,0,1,1,1,0.8399,1,280,1,1,1,1,1,1,1,0.8877,432,7.3345,51.76,1,1,1,109402.64,0.1532,1,6,0.0836,0.043,3,1,1,0,1
NCRB-SYNTH-100414,Trial Court,Trial Judgment,1,12,29,0,0,1,1,1,0,1,1,1,0.684,1,212,0,0,1,1,1,1,1,0.5561,448,4.14,83.31,1,1,1,591236.83,0.1613,1,1,0.6375,0.9198,1,1,1,1,0
NCRB-SYNTH-100415,High Court,Sec 482 CrPC (Quashing),2,4,53,1,0,1,1,1,0,1,1,1,0.4329,1,205,1,1,1,1,1,1,1,0.8358,449,6.3685,36.39,1,1,1,402384.06,0.1551,1,8,0.0556,0.0253,3,1,1,1,0
NCRB-SYNTH-100419,Supreme Court,Writ Petition (Detention),1,25,22,0,0,1,1,1,0,1,1,1,0.5304,1,205,1,1,1,1,1,1,1,0.7649,478,6.0549,18.29,1,1,1,1753710.16,0.0854,1,4,0.1935,0.1202,3,1,1,1,0
NCRB-SYNTH-100433,High Court,Sec 439 CrPC (Regular Bail),15,25,48,1,1,1,1,1,0,1,1,1,0.8096,1,195,1,1,1,1,1,1,1,0.7448,240,10.4927,33.5,1,1,1,1450380.72,0.1582,1,22,0.1559,0.0497,4,1,1,1,1
NCRB-SYNTH-100452,High Court,Sec 439 CrPC (Regular Bail),1,21,29,1,1,1,1,1,0,1,1,1,0.5762,1,266,0,0,1,1,1,1,1,0.8323,255,11.6474,63.01,1,1,1,2275881.3,0.1731,1,11,0.0555,0.0223,3,1,1,1,0
NCRB-SYNTH-100462,High Court,Sec 439 CrPC (Regular Bail),1,7,14,1,0,1,1,1,0,1,1,1,0.7091,1,261,1,0,1,1,1,1,1,0.7176,236,11.2288,58.66,1,1,1,589531.8,0.0226,1,4,0.1926,0.1196,3,1,1,1,1
NCRB-SYNTH-100464,Supreme Court,Writ Petition (Detention),15,12,61,1,0,1,1,1,1,1,1,1,0.9208,1,196,1,1,1,1,1,1,1,0.5568,121,6.7435,51.1,1,1,1,2466832.54,0.1726,1,3,0.7945,0.5731,1,1,1,1,1
NCRB-SYNTH-100478,Supreme Court,Sec 439 CrPC (Regular Bail),2,9,34,1,0,1,1,1,0,1,1,1,0.862,1,263,1,1,1,1,1,1,1,0.7958,371,6.1656,32.48,1,1,1,1546182.06,0.012,1,5,0.1502,0.0838,3,1,1,1,1
NCRB-SYNTH-100481,High Court,Sec 482 CrPC (Quashing),1,13,21,0,0,1,1,1,0,1,1,1,0.5256,1,157,1,0,1,1,1,1,1,0.6462,296,8.807,53.83,1,1,1,2154043.39,0.0193,1,27,0.0997,0.0299,4,1,1,1,0
NCRB-SYNTH-100482,High Court,Sec 482 CrPC (Quashing),2,21,65,1,0,1,1,1,0,1,1,1,0.7179,1,285,0,0,1,1,1,1,1,0.5122,442,5.6684,21.19,1,1,1,212303.34,0.1134,1,3,0.4732,0.3413,1,1,1,1,0
NCRB-SYNTH-100484,High Court,Sec 482 CrPC (Quashing),1,5,10,1,1,1,1,1,1,1,1,1,0.4915,1,140,0,0,1,1,1,1,1,0.6532,452,11.1364,58.69,1,1,1,2029198.84,0.0185,1,5,0.0807,0.045,3,1,1,1,0
NCRB-SYNTH-100485,High Court,Sec 482 CrPC (Quashing),1,9,58,1,1,1,1,1,0,1,1,1,0.4228,1,124,1,1,1,1,1,1,1,0.5117,420,4.735,89.95,1,1,1,1370819.41,0.1456,1,3,0.8678,0.626,1,1,1,0,0
NCRB-SYNTH-100492,Supreme Court,Sec 482 CrPC (Quashing),1,8,76,1,0,1,1,1,0,1,1,1,0.8931,1,283,1,1,1,1,1,1,1,0.8342,310,12.6513,44.98,1,1,1,1076824.88,0.1644,1,45,0.2806,0.0733,4,1,1,1,1
NCRB-SYNTH-100497,Trial Court,Sec 482 CrPC (Quashing),2,15,31,1,1,1,1,1,0,1,1,1,0.5134,1,212,1,1,1,1,1,1,1,0.7845,223,7.59,72.49,1,1,1,216699.21,0.1706,1,8,0.0983,0.0448,3,1,1,1,0
NCRB-SYNTH-100501,High Court,Trial Judgment,1,16,40,0,0,1,1,1,0,1,1,1,0.917,1,210,1,1,1,1,1,1,1,0.7252,132,12.5221,59.98,1,1,1,2161729.58,0.1384,1,3,0.7682,0.5541,1,1,1,1,1
NCRB-SYNTH-100505,High Court,Sec 439 CrPC (Regular Bail),1,20,10,1,0,1,1,1,0,1,1,1,0.5689,1,278,1,1,1,1,1,1,1,0.541,343,11.5157,45.33,1,1,1,486187.51,0.0236,1,1,0.6164,0.8892,1,1,1,1,0
NCRB-SYNTH-100511,High Court,Sec 439 CrPC (Regular Bail),1,12,36,1,0,1,1,1,0,1,1,1,0.8903,1,261,1,0,1,1,1,1,1,0.7469,455,3.7359,77.95,1,1,1,1562552.98,0.1876,1,2,0.4723,0.4299,1,1,1,1,1
NCRB-SYNTH-100521,High Court,Trial Judgment,1,17,11,1,0,1,1,1,0,1,1,1,0.8075,1,131,1,1,1,1,1,1,1,0.6109,363,13.7025,62.03,1,1,1,859032.39,0.0667,1,2,0.5692,0.5181,1,1,1,1,1
NCRB-SYNTH-100534,Trial Court,Trial Judgment,1,23,10,1,0,1,1,1,0,1,1,1,0.5857,1,165,1,1,1,1,1,1,1,0.654,209,11.5893,43.38,1,1,1,1752276.35,0.146,1,1,0.6795,0.9803,1,1,1,1,0
NCRB-SYNTH-100542,High Court,Sec 482 CrPC (Quashing),1,20,51,1,1,1,1,1,0,1,1,1,0.4665,1,242,1,0,1,1,1,1,1,0.6373,389,13.272,38.98,1,1,1,1812429.53,0.1299,1,1,0.8847,1.2764,1,1,1,1,0
NCRB-SYNTH-100544,High Court,Sec 439 CrPC (Regular Bail),2,13,17,1,0,1,1,1,0,1,1,1,0.954,1,187,1,1,1,1,1,1,1,0.476,333,9.432,75.78,1,1,1,1549280.01,0.1234,1,17,0.2327,0.0805,4,1,1,1,1
NCRB-SYNTH-100545,High Court,Trial Judgment,1,20,44,1,0,1,1,1,1,1,1,1,0.8945,1,132,1,1,1,1,1,1,1,0.7278,150,12.0065,81.16,1,1,1,1660330.82,0.0029,1,8,0.0615,0.028,3,1,1,0,1
NCRB-SYNTH-100548,High Court,Sec 439 CrPC (Regular Bail),7,19,44,1,0,1,1,1,0,1,1,1,0.8715,1,209,0,1,1,1,1,1,1,0.6798,169,10.1968,81.31,1,1,1,891345.65,0.1077,1,3,0.8822,0.6364,1,1,1,1,0
NCRB-SYNTH-100553,High Court,Sec 482 CrPC (Quashing),1,5,16,0,0,1,1,1,0,1,1,1,0.4804,1,288,1,1,1,1,1,1,1,0.5863,246,6.7281,19.65,1,1,1,1422856.89,0.034,1,1,0.4231,0.6104,1,1,1,1,0
NCRB-SYNTH-100554,High Court,Sec 439 CrPC (Regular Bail),1,25,32,0,1,1,1,1,0,1,1,1,0.6561,1,164,1,1,1,1,1,1,1,0.5748,112,5.6312,63.67,1,1,1,425731.23,0.0186,1,11,0.0608,0.0245,3,1,1,0,1
NCRB-SYNTH-100560,Supreme Court,Sec 482 CrPC (Quashing),1,5,32,1,1,1,1,1,0,1,1,1,0.8835,1,134,1,1,1,1,1,1,1,0.4174,442,9.8531,55.24,1,1,1,1831910.5,0.1234,1,35,0.2781,0.0776,4,1,1,1,1
NCRB-SYNTH-100566,Supreme Court,Sec 482 CrPC (Quashing),1,24,55,1,0,1,1,1,0,1,1,1,0.702,1,237,1,1,1,1,1,1,1,0.6493,391,4.7958,57.33,1,1,1,878794.64,0.0933,1,34,0.1294,0.0364,4,1,1,1,1
NCRB-SYNTH-100574,High Court,Sec 482 CrPC (Quashing),1,4,28,1,0,1,1,1,0,1,1,1,0.4398,1,248,1,1,1,1,1,1,1,0.7914,231,4.5942,68.3,1,1,1,696914.35,0.1323,1,11,0.0932,0.0375,3,1,1,0,0
NCRB-SYNTH-100585,Trial Court,Sec 482 CrPC (Quashing),21,10,22,1,0,1,1,1,0,1,1,1,0.683,1,174,0,0,1,1,1,1,1,0.6699,288,12.0169,66.58,1,1,1,237157.12,0.1568,1,5,0.1247,0.0696,3,1,1,1,0
NCRB-SYNTH-100592,High Court,Writ Petition (Detention),7,18,59,1,1,1,1,1,0,1,1,1,0.3623,1,162,0,0,1,1,1,1,1,0.7648,496,11.1049,71.73,1,1,1,2378401.55,0.1965,1,7,0.2345,0.1128,3,1,1,1,0
NCRB-SYNTH-100597,High Court,Sec 439 CrPC (Regular Bail),2,18,40,1,0,1,1,1,0,1,1,1,0.6502,1,277,0,0,1,1,1,1,1,0.769,190,5.1049,28.38,1,1,1,1347378.3,0.0158,1,29,0.2184,0.0642,4,1,1,1,0
NCRB-SYNTH-100610,Trial Court,Sec 482 CrPC (Quashing),1,25,47,1,1,1,1,1,1,1,1,1,0.5738,1,173,1,1,1,1,1,1,1,0.443,428,12.2082,28.13,1,1,1,1499767.34,0.1463,1,2,0.548,0.4988,1,1,1,1,0
NCRB-SYNTH-100613,High Court,Writ Petition (Detention),1,11,66,1,0,1,1,1,0,1,1,1,0.8539,1,231,1,1,1,1,1,1,1,0.7028,421,10.0571,54.63,1,1,1,412582.55,0.1134,1,7,0.0745,0.0358,3,1,1,1,1
NCRB-SYNTH-100625,High Court,Writ Petition (Detention),1,13,17,1,0,1,1,1,1,1,1,1,0.9496,1,226,1,1,1,1,1,1,1,0.8151,300,5.0989,20.77,1,1,1,2276715.8,0.1117,1,31,0.1762,0.0508,4,1,1,1,1
NCRB-SYNTH-100647,Supreme Court,Sec 439 CrPC (Regular Bail),21,12,23,1,0,1,1,1,1,1,1,1,0.801,1,243,0,0,1,1,1,1,1,0.7112,133,3.6462,25.77,1,1,1,1024056.68,0.0974,1,11,0.0824,0.0332,3,1,1,1,0
NCRB-SYNTH-100648,Supreme Court,Trial Judgment,4,22,60,0,0,1,1,1,0,1,1,1,0.657,1,302,1,1,1,1,1,1,1,0.677,260,14.0111,38.85,1,1,1,1189225.61,0.1892,1,40,0.1835,0.0494,4,1,1,1,1
NCRB-SYNTH-100653,High Court,Sec 482 CrPC (Quashing),1,10,18,1,0,1,1,1,1,1,1,1,0.9114,1,133,0,0,1,1,1,1,1,0.7493,163,5.7541,34.13,1,1,1,1851922.16,0.012,1,7,0.1377,0.0662,3,1,1,0,0
NCRB-SYNTH-100659,High Court,Writ Petition (Detention),1,11,22,1,0,1,1,1,1,1,1,1,0.9759,1,212,1,1,1,1,1,1,1,0.7902,106,7.538,71.24,1,1,1,2449496.82,0.1629,1,35,0.2581,0.072,4,1,1,1,1
NCRB-SYNTH-100660,Trial Court,Sec 439 CrPC (Regular Bail),7,21,75,1,1,1,1,1,0,1,1,1,0.6468,1,254,1,1,1,1,1,1,1,0.8305,420,6.9912,85.87,1,1,1,119640.46,0.1619,1,2,0.8552,0.7784,1,1,1,1,0
NCRB-SYNTH-100663,High Court,Sec 439 CrPC (Regular Bail),4,9,47,0,0,1,1,1,1,1,1,1,0.7895,1,220,1,1,1,1,1,1,1,0.7627,429,10.1588,22.29,1,1,1,2406188.87,0.1798,1,6,0.1497,0.0769,3,1,1,1,1
NCRB-SYNTH-100684,High Court,Sec 482 CrPC (Quashing),1,6,30,1,1,1,1,1,0,1,1,1,0.8775,1,168,1,1,1,1,1,1,1,0.5775,493,12.3284,88.19,1,1,1,2272996.86,0.1671,1,1,0.5762,0.8312,1,1,1,1,1
NCRB-SYNTH-100686,High Court,Sec 482 CrPC (Quashing),1,3,38,1,0,1,1,1,1,1,1,1,0.9195,1,192,1,0,1,1,1,1,1,0.7025,434,12.2769,24.82,1,1,1,168185.07,0.0235,1,2,0.8436,0.7679,1,1,1,1,1
NCRB-SYNTH-100687,High Court,Sec 439 CrPC (Regular Bail),1,6,59,1,0,1,1,1,0,1,1,1,0.4103,1,215,1,1,1,1,1,1,1,0.5731,123,7.6207,31.04,1,1,1,1881529.7,0.0797,1,3,0.8838,0.6375,1,1,1,1,0
NCRB-SYNTH-100696,Trial Court,Sec 482 CrPC (Quashing),1,7,73,0,0,1,1,1,0,1,1,1,0.4164,1,294,1,0,1,1,1,1,1,0.6276,473,12.2074,79.56,1,1,1,784109.88,0.0394,1,6,0.0806,0.0414,3,1,1,1,0
NCRB-SYNTH-100698,High Court,Sec 439 CrPC (Regular Bail),1,3,18,1,1,1,1,1,1,1,1,1,0.7679,1,226,1,1,1,1,1,1,1,0.7867,380,12.0764,81.81,1,1,1,2260271.52,0.0525,1,10,0.1588,0.0662,3,1,1,1,1
NCRB-SYNTH-100710,Supreme Court,Writ Petition (Detention),1,15,24,1,1,1,1,1,0,1,1,1,0.5047,1,259,0,0,1,1,1,1,1,0.327,200,5.9774,20.17,1,1,1,625758.62,0.0955,1,3,0.7086,0.5111,1,1,1,0,0
NCRB-SYNTH-100712,High Court,Sec 482 CrPC (Quashing),2,10,62,1,0,1,1,1,0,1,1,1,0.4638,1,170,1,1,1,1,1,1,1,0.5736,203,9.5684,25.34,1,1,1,1876990.15,0.0737,1,5,0.0784,0.0437,3,1,1,1,0
NCRB-SYNTH-100725,High Court,Sec 439 CrPC (Regular Bail),7,23,62,1,0,1,1,1,1,1,1,1,0.4988,1,263,1,1,1,1,1,1,1,0.6479,207,9.1151,38.2,1,1,1,918914.66,0.1428,1,7,0.1876,0.0902,3,1,1,1,0
NCRB-SYNTH-100733,High Court,Sec 439 CrPC (Regular Bail),1,11,12,1,0,1,1,1,1,1,1,1,0.4864,1,291,1,1,1,1,1,1,1,0.5672,434,4.6938,32.27,1,1,1,787942.57,0.1161,1,42,0.2684,0.0713,4,1,1,1,0
NCRB-SYNTH-100750,High Court,Sec 482 CrPC (Quashing),1,22,31,1,0,1,1,1,0,1,1,1,0.5804,1,220,1,1,1,1,1,1,1,0.6636,300,9.6956,56.71,1,1,1,1736955.83,0.1293,1,11,0.2212,0.089,3,1,1,1,0
NCRB-SYNTH-100753,Supreme Court,Trial Judgment,2,5,48,1,0,1,1,1,1,1,1,1,0.4336,1,155,1,1,1,1,1,1,1,0.6636,413,3.9449,84.88,1,1,1,172155.28,0.1114,1,1,0.7886,1.1377,1,1,1,0,0
NCRB-SYNTH-100757,High Court,Sec 439 CrPC (Regular Bail),7,23,18,1,0,1,1,1,1,1,1,1,0.571,1,245,1,1,1,1,1,1,1,0.7028,292,7.9206,81.35,1,1,1,1111947.11,0.1715,1,8,0.2377,0.1082,3,1,1,1,0
NCRB-SYNTH-100766,High Court,Sec 482 CrPC (Quashing),1,16,43,1,0,1,1,1,1,1,1,1,0.598,1,240,1,1,1,1,1,1,1,0.801,466,10.71,88.57,1,1,1,126756.39,0.1382,1,7,0.0556,0.0267,3,1,1,1,0
NCRB-SYNTH-100780,High Court,Sec 439 CrPC (Regular Bail),1,12,21,1,0,1,1,1,0,1,1,1,0.4675,1,132,1,1,1,1,1,1,1,0.8397,156,13.5479,55.41,1,1,1,998597.12,0.1085,1,8,0.1446,0.0658,3,1,1,0,0
NCRB-SYNTH-100781,Supreme Court,Sec 482 CrPC (Quashing),1,25,43,0,0,1,1,1,1,1,1,1,0.6986,1,240,1,1,1,1,1,1,1,0.8419,189,11.0188,86.34,1,1,1,532450.76,0.1805,1,3,0.4607,0.3323,1,1,1,1,1
NCRB-SYNTH-100787,High Court,Sec 482 CrPC (Quashing),1,22,54,1,1,1,1,1,1,1,1,1,0.6174,1,299,1,1,1,1,1,1,1,0.7296,394,11.3764,37.59,1,1,1,88123.4,0.196,1,5,0.2238,0.1249,3,1,1,1,0
NCRB-SYNTH-100792,Supreme Court,Sec 482 CrPC (Quashing),2,12,59,1,0,1,1,1,0,1,1,1,0.5492,1,201,0,0,1,1,1,1,1,0.6089,264,12.7358,53.17,1,1,1,1027895.93,0.0686,1,8,0.2428,0.1105,3,1,1,1,0
NCRB-SYNTH-100794,High Court,Sec 439 CrPC (Regular Bail),7,20,37,1,0,1,1,1,0,1,1,1,0.4257,1,251,1,1,1,1,1,1,1,0.6845,280,8.0321,52.24,1,1,1,1328550.65,0.0529,1,3,0.4944,0.3567,1,1,1,1,0
NCRB-SYNTH-100798,High Court,Sec 439 CrPC (Regular Bail),2,16,48,1,0,1,1,1,0,1,1,1,0.7181,1,292,1,1,1,1,1,1,1,0.5533,211,5.2179,31.8,1,1,1,1674174.75,0.1192,1,26,0.2059,0.0625,4,1,1,1,1
NCRB-SYNTH-100799,High Court,Sec 482 CrPC (Quashing),7,22,12,1,0,1,1,1,0,1,1,1,0.7312,1,243,1,1,1,1,1,1,1,0.7275,412,11.5506,85.31,1,1,1,1771722.77,0.0043,1,10,0.1693,0.0706,3,1,1,1,1
NCRB-SYNTH-100803,Trial Court,Sec 482 CrPC (Quashing),1,22,56,1,0,1,1,1,0,1,1,1,0.7871,1,183,1,1,1,1,1,1,1,0.6321,179,8.7863,34.78,1,1,1,2393967.63,0.143,1,11,0.0643,0.0259,3,1,1,1,1
NCRB-SYNTH-100804,Trial Court,Sec 439 CrPC (Regular Bail),1,25,21,1,0,1,1,1,0,1,1,1,0.6018,1,149,1,1,1,1,1,1,1,0.6928,377,10.9944,28.85,1,1,1,309651.24,0.1453,1,7,0.0961,0.0462,3,1,1,1,0
NCRB-SYNTH-100817,High Court,Sec 439 CrPC (Regular Bail),1,5,52,1,0,1,1,1,0,1,1,1,0.8386,1,166,1,1,1,1,1,1,1,0.5465,172,10.2964,35.21,1,1,1,383827.98,0.0304,1,37,0.2679,0.0736,4,1,1,1,1
NCRB-SYNTH-100839,High Court,Sec 439 CrPC (Regular Bail),1,11,76,1,0,1,1,1,0,1,1,1,0.6235,1,160,1,1,1,1,1,1,1,0.671,245,10.4511,78.73,1,1,1,2353387.33,0.1289,1,17,0.1547,0.0535,4,1,1,1,0
NCRB-SYNTH-100840,Supreme Court,Sec 482 CrPC (Quashing),1,21,27,1,0,1,1,1,0,1,1,1,0.7745,1,142,0,0,1,1,1,1,1,0.6831,115,9.2237,34.7,1,1,1,1101329.47,0.1973,1,33,0.2243,0.0636,4,1,1,1,0
NCRB-SYNTH-100842,High Court,Sec 439 CrPC (Regular Bail),21,7,19,1,0,1,1,1,0,1,1,1,0.5825,1,184,1,1,1,1,1,1,1,0.8224,210,12.5732,76.74,1,1,1,1597803.6,0.0559,1,2,0.6527,0.5941,1,1,1,1,0
NCRB-SYNTH-100850,Trial Court,Sec 482 CrPC (Quashing),1,18,13,1,0,1,1,1,1,1,1,1,0.5132,1,265,1,0,1,1,1,1,1,0.6565,194,9.9637,26.17,1,1,1,806284.41,0.1724,1,2,0.5317,0.4839,1,1,1,1,0
NCRB-SYNTH-100859,High Court,Sec 439 CrPC (Regular Bail),1,11,21,1,0,1,1,1,0,1,1,1,0.5638,1,162,1,1,1,1,1,1,1,0.5883,478,13.4911,48.91,1,1,1,2089013.02,0.169,1,10,0.0658,0.0275,3,1,1,1,0
NCRB-SYNTH-100866,High Court,Sec 482 CrPC (Quashing),1,5,62,1,0,1,1,1,0,1,1,1,0.7061,1,214,1,1,1,1,1,1,1,0.7851,335,11.6563,42.51,1,1,1,674852.61,0.1528,1,11,0.1327,0.0534,3,1,1,1,1
NCRB-SYNTH-100873,High Court,Sec 482 CrPC (Quashing),1,8,60,1,1,1,1,1,0,1,1,1,0.9435,1,252,1,1,1,1,1,1,1,0.7839,183,3.7862,36.89,1,1,1,1270758.75,0.0777,1,3,0.6967,0.5025,1,1,1,1,1
NCRB-SYNTH-100878,High Court,Sec 439 CrPC (Regular Bail),1,11,25,1,0,1,1,1,1,1,1,1,0.5414,1,286,1,1,1,1,1,1,1,0.6118,334,6.2485,83.16,1,1,1,622299.43,0.1521,1,5,0.0814,0.0455,3,1,1,1,0
NCRB-SYNTH-100882,Supreme Court,Sec 439 CrPC (Regular Bail),7,5,26,0,0,1,1,1,0,1,1,1,0.6024,1,220,1,0,1,1,1,1,1,0.7804,277,3.6137,75.87,1,1,1,541112.16,0.1901,1,8,0.2476,0.1127,3,1,1,0,0
NCRB-SYNTH-100887,High Court,Sec 439 CrPC (Regular Bail),1,6,35,1,1,1,1,1,0,1,1,1,0.7643,1,260,1,1,1,1,1,1,1,0.5615,483,10.3256,54.14,1,1,1,565920.46,0.0385,1,15,0.248,0.0895,4,1,1,1,1
NCRB-SYNTH-100895,Supreme Court,Trial Judgment,1,18,11,1,0,1,1,1,0,1,1,1,0.7709,1,231,1,1,1,1,1,1,1,0.7012,233,11.8462,55.61,1,1,1,2161178.88,0.0102,1,43,0.1073,0.0283,4,1,1,1,1
NCRB-SYNTH-100904,High Court,Sec 482 CrPC (Quashing),7,3,38,1,0,1,1,1,0,1,1,1,0.9305,1,191,1,1,1,1,1,1,1,0.5737,128,12.6272,31.65,1,1,1,2185997.6,0.143,1,9,0.0635,0.0276,3,1,1,1,1
NCRB-SYNTH-100911,High Court,Sec 439 CrPC (Regular Bail),1,10,56,1,1,1,1,1,0,1,1,1,0.7311,1,123,1,1,1,1,1,1,1,0.725,204,7.1367,36.94,1,1,1,882740.11,0.0167,1,11,0.1127,0.0453,3,1,1,0,1
NCRB-SYNTH-100913,High Court,Sec 439 CrPC (Regular Bail),1,7,20,1,0,1,1,1,0,1,1,1,0.9862,1,270,0,0,1,1,1,1,1,0.6483,123,6.071,77.36,1,1,1,1303005.69,0.0071,1,40,0.2476,0.0667,4,1,1,1,0
NCRB-SYNTH-100915,High Court,Sec 439 CrPC (Regular Bail),1,24,43,1,0,1,1,1,0,1,1,1,0.8363,1,198,1,1,1,1,1,1,1,0.6401,466,6.8102,42.39,1,1,1,50493.95,0.0209,1,1,0.4445,0.6413,1,1,1,1,1
NCRB-SYNTH-100929,Trial Court,Sec 439 CrPC (Regular Bail),4,22,38,1,0,1,1,1,1,1,1,1,0.9253,1,204,0,0,1,1,1,1,1,0.6505,176,12.6036,45.89,1,1,1,1529226.1,0.0926,1,17,0.3162,0.1094,4,1,1,1,0
NCRB-SYNTH-100940,Supreme Court,Sec 439 CrPC (Regular Bail),1,4,58,1,0,1,1,1,0,1,1,1,0.9677,1,294,1,1,1,1,1,1,1,0.716,374,4.9365,29.7,1,1,1,2488262.99,0.0293,1,3,0.5731,0.4134,1,1,1,1,1
NCRB-SYNTH-100942,High Court,Sec 439 CrPC (Regular Bail),1,22,25,1,0,1,1,1,0,1,1,1,0.5643,1,153,1,1,1,1,1,1,1,0.5747,268,7.0469,73.84,1,1,1,1960985.15,0.163,1,8,0.2354,0.1071,3,1,1,1,0
NCRB-SYNTH-100943,High Court,Sec 439 CrPC (Regular Bail),1,21,23,0,0,1,1,1,0,1,1,1,0.9202,1,255,1,1,1,1,1,1,1,0.8453,246,8.648,68.86,1,1,1,705635.75,0.0946,1,3,0.8898,0.6418,1,1,1,1,1
NCRB-SYNTH-100950,Supreme Court,Sec 439 CrPC (Regular Bail),1,11,22,0,1,1,1,1,0,1,1,1,0.916,1,135,1,1,1,1,1,1,1,0.4191,361,11.1954,73.59,1,1,1,765398.97,0.0198,1,13,0.1046,0.0396,4,1,1,0,1
NCRB-SYNTH-100951,High Court,Sec 482 CrPC (Quashing),2,7,44,1,1,1,1,1,0,1,1,1,0.6039,1,161,1,1,1,1,1,1,1,0.7052,152,10.9752,55.02,1,1,1,2393854.95,0.1931,1,33,0.2118,0.0601,4,1,1,1,0
NCRB-SYNTH-100952,Supreme Court,Sec 439 CrPC (Regular Bail),1,22,61,1,0,1,1,1,0,1,1,1,0.7729,1,161,1,0,1,1,1,1,1,0.7338,334,7.4132,46.16,1,1,1,860461.18,0.0855,1,18,0.2355,0.08,4,1,1,1,1
NCRB-SYNTH-100962,High Court,Sec 439 CrPC (Regular Bail),1,5,34,1,0,1,1,1,0,1,1,1,0.9126,1,238,1,1,1,1,1,1,1,0.7718,271,4.4072,20.68,1,1,1,2441146.73,0.0858,1,3,0.5378,0.3879,1,1,1,1,1
NCRB-SYNTH-100969,High Court,Sec 439 CrPC (Regular Bail),21,5,68,0,0,1,1,1,0,1,1,1,0.5363,1,289,0,0,1,1,1,1,1,0.688,205,11.1781,34.86,1,1,1,1167306.27,0.0967,1,3,0.4612,0.3327,1,1,1,1,0
NCRB-SYNTH-100971,High Court,Sec 439 CrPC (Regular Bail),7,5,77,1,0,1,1,1,0,1,1,1,0.8386,1,221,1,1,1,1,1,1,1,0.5141,356,13.6619,17.63,1,1,1,579570.65,0.1936,1,4,0.0594,0.0369,3,1,1,1,1
NCRB-SYNTH-100977,High Court,Sec 482 CrPC (Quashing),1,6,51,1,0,1,1,1,0,1,1,1,0.4732,1,257,1,1,1,1,1,1,1,0.7825,112,7.8509,46.11,1,1,1,1965372.25,0.1566,1,17,0.2301,0.0796,4,1,1,1,0
NCRB-SYNTH-100980,High Court,Sec 482 CrPC (Quashing),2,24,57,1,1,1,1,1,0,1,1,1,0.8214,1,244,1,1,1,1,1,1,1,0.7597,173,4.3426,49.28,1,1,1,231750.53,0.1149,1,5,0.1145,0.0639,3,1,1,1,1
NCRB-SYNTH-100987,High Court,Sec 439 CrPC (Regular Bail),1,25,54,1,0,1,1,1,1,1,1,1,0.539,1,127,1,0,1,1,1,1,1,0.4203,372,3.8887,55.71,1,1,1,2250111.47,0.0661,1,2,0.8127,0.7398,1,1,1,0,0
NCRB-SYNTH-100992,Trial Court,Sec 482 CrPC (Quashing),1,20,38,1,1,1,1,1,1,1,1,1,0.8212,1,123,1,1,1,1,1,1,1,0.7661,252,6.5834,76.08,1,1,1,1586762.07,0.0008,1,1,0.4728,0.682,1,1,1,0,1
NCRB-SYNTH-100994,Supreme Court,Sec 439 CrPC (Regular Bail),15,17,12,1,0,1,1,1,1,1,1,1,0.4222,1,240,1,1,1,1,1,1,1,0.5232,293,8.3224,77.14,1,1,1,1040397.6,0.0548,1,32,0.2261,0.0647,4,1,1,1,0
NCRB-SYNTH-101006,High Court,Sec 439 CrPC (Regular Bail),2,5,30,1,0,1,1,1,0,1,1,1,0.5832,1,275,1,1,1,1,1,1,1,0.6403,294,6.964,56.61,1,1,1,2380995.09,0.0673,1,4,0.2258,0.1403,3,1,1,0,0
NCRB-SYNTH-101007,High Court,Writ Petition (Detention),2,8,40,1,1,1,1,1,0,1,1,1,0.6647,1,139,1,1,1,1,1,1,1,0.6424,173,11.6008,56.96,1,1,1,1642546.13,0.0344,1,33,0.2768,0.0785,4,1,1,1,1
NCRB-SYNTH-101018,Supreme Court,Writ Petition (Detention),1,5,22,0,0,1,1,1,0,1,1,1,0.5065,1,209,0,0,1,1,1,1,1,0.7118,162,12.907,34.95,1,1,1,1428067.47,0.1748,1,32,0.2535,0.0725,4,1,1,1,0
NCRB-SYNTH-101021,Supreme Court,Sec 439 CrPC (Regular Bail),7,4,57,1,1,1,1,1,0,1,1,1,0.5503,1,184,1,1,1,1,1,1,1,0.5019,402,5.978,52.7,1,1,1,900890.87,0.0346,1,7,0.2235,0.1075,3,1,1,0,0
NCRB-SYNTH-101032,High Court,Sec 482 CrPC (Quashing),1,22,33,0,0,1,1,1,1,1,1,1,0.3829,1,230,1,1,1,1,1,1,1,0.7438,450,13.0083,69.31,1,1,1,2452513.42,0.0169,1,1,0.8074,1.1649,1,1,1,1,0
NCRB-SYNTH-101036,Supreme Court,Sec 439 CrPC (Regular Bail),15,11,11,1,1,1,1,1,0,1,1,1,0.6274,1,153,1,1,1,1,1,1,1,0.7781,311,4.6607,25.03,1,1,1,869068.03,0.0387,1,2,0.5031,0.4579,1,1,1,1,0
NCRB-SYNTH-101044,High Court,Sec 439 CrPC (Regular Bail),1,22,12,1,0,1,1,1,1,1,1,1,0.6679,1,154,1,0,1,1,1,1,1,0.6898,242,13.8945,31.41,1,1,1,686564.1,0.0437,1,3,0.8523,0.6148,1,1,1,1,1
NCRB-SYNTH-101046,High Court,Writ Petition (Detention),7,10,35,0,1,1,1,1,0,1,1,1,0.6384,1,198,1,1,1,1,1,1,1,0.724,464,12.2143,26.89,1,1,1,706538.84,0.1527,1,5,0.146,0.0815,3,1,1,1,0
NCRB-SYNTH-101060,High Court,Writ Petition (Detention),2,8,11,1,0,1,1,1,1,1,1,1,0.5221,1,192,1,1,1,1,1,1,1,0.7373,185,13.9228,86.48,1,1,1,2481077.14,0.1895,1,9,0.0698,0.0303,3,1,1,1,0
NCRB-SYNTH-101078,Trial Court,Sec 439 CrPC (Regular Bail),2,22,42,1,0,1,1,1,0,1,1,1,0.8046,1,237,1,1,1,1,1,1,1,0.3854,338,9.8185,53.97,1,1,1,584250.13,0.0964,1,7,0.1341,0.0645,3,1,1,1,1
NCRB-SYNTH-101087,High Court,Sec 482 CrPC (Quashing),1,22,43,1,1,1,1,1,0,1,1,1,0.9074,1,192,1,1,1,1,1,1,1,0.7953,186,9.4673,63.88,1,1,1,2222249.55,0.139,1,3,0.5611,0.4048,1,1,1,1,1
NCRB-SYNTH-101092,High Court,Sec 439 CrPC (Regular Bail),1,15,47,1,0,1,1,1,1,1,1,1,0.8173,1,137,1,0,1,1,1,1,1,0.7714,229,4.7522,32.22,1,1,1,1329363.94,0.0217,1,1,0.4477,0.6459,1,1,1,0,1
NCRB-SYNTH-101093,High Court,Trial Judgment,1,6,29,0,1,1,1,1,0,1,1,1,0.7231,1,186,1,1,1,1,1,1,1,0.9188,150,9.8607,70.51,1,1,1,1929601.37,0.1921,1,4,0.0831,0.0516,3,1,1,1,1
NCRB-SYNTH-101109,Supreme Court,Sec 439 CrPC (Regular Bail),1,11,19,1,0,1,1,1,0,1,1,1,0.7468,1,191,1,1,1,1,1,1,1,0.501,320,13.4031,73.68,1,1,1,1234033.02,0.1473,1,15,0.1396,0.0504,4,1,1,1,1
NCRB-SYNTH-101115,High Court,Sec 482 CrPC (Quashing),15,3,42,1,0,1,1,1,0,1,1,1,0.4735,1,194,0,1,1,1,1,1,1,0.6119,130,3.5724,41.95,1,1,1,146843.16,0.0901,1,14,0.2399,0.0886,4,1,1,1,0
NCRB-SYNTH-101116,Supreme Court,Sec 439 CrPC (Regular Bail),2,11,54,1,0,1,1,1,0,1,1,1,0.4263,1,265,1,1,1,1,1,1,1,0.6704,483,13.893,88.88,1,1,1,1077108.31,0.1008,1,13,0.302,0.1144,4,1,1,1,0
NCRB-SYNTH-101125,High Court,Sec 439 CrPC (Regular Bail),1,3,69,1,0,1,1,1,1,1,1,1,0.4551,1,131,1,1,1,1,1,1,1,0.7188,247,6.4344,34.89,1,1,1,1826753.08,0.0803,1,8,0.1972,0.0898,3,1,1,0,0
NCRB-SYNTH-101126,Supreme Court,Sec 439 CrPC (Regular Bail),4,4,75,0,0,1,1,1,0,1,1,1,0.5527,1,232,1,1,1,1,1,1,1,0.7788,489,7.7206,27.83,1,1,1,1931151.88,0.0428,1,1,0.8182,1.1804,1,1,1,1,0
NCRB-SYNTH-101135,High Court,Sec 439 CrPC (Regular Bail),4,3,70,1,0,1,1,1,0,1,1,1,0.9078,1,165,1,1,1,1,1,1,1,0.7879,348,8.556,72.67,1,1,1,301884.24,0.1056,1,10,0.0716,0.0298,3,1,1,1,1
NCRB-SYNTH-101140,Supreme Court,Sec 439 CrPC (Regular Bail),4,5,60,0,0,1,1,1,0,1,1,1,0.4684,1,245,0,1,1,1,1,1,1,0.9022,400,6.1181,61.42,1,1,1,828727.61,0.0294,1,1,0.6126,0.8838,1,1,1,1,0
NCRB-SYNTH-101143,High Court,Sec 482 CrPC (Quashing),2,14,21,1,0,1,1,1,0,1,1,1,0.7356,1,272,1,0,1,1,1,1,1,0.6492,345,7.3641,81.18,1,1,1,1230181.16,0.0263,1,4,0.2314,0.1438,3,1,1,1,1
NCRB-SYNTH-101144,High Court,Sec 439 CrPC (Regular Bail),2,9,18,0,0,1,1,1,1,1,1,1,0.6365,1,232,0,0,1,1,1,1,1,0.5971,185,10.7673,50.51,1,1,1,1573928.51,0.1617,1,14,0.1713,0.0632,4,1,1,1,0
NCRB-SYNTH-101148,High Court,Sec 439 CrPC (Regular Bail),7,3,20,1,1,1,1,1,0,1,1,1,0.9293,1,150,1,1,1,1,1,1,1,0.4103,107,5.1935,37.93,1,1,1,1549016.87,0.1527,1,45,0.0823,0.0215,4,1,1,0,1
NCRB-SYNTH-101153,High Court,Sec 439 CrPC (Regular Bail),1,23,30,1,0,1,1,1,1,1,1,1,0.8688,1,136,0,0,1,1,1,1,1,0.5865,285,6.6713,25.71,1,1,1,1662028.39,0.0281,1,14,0.2898,0.107,4,1,1,0,0
NCRB-SYNTH-101154,High Court,Writ Petition (Detention),21,14,77,1,0,1,1,1,0,1,1,1,0.4148,1,263,1,1,1,1,1,1,1,0.6439,323,4.7732,68.06,1,1,1,1547429.28,0.0019,1,1,0.7236,1.0439,1,1,1,1,0
NCRB-SYNTH-101155,High Court,Writ Petition (Detention),4,10,35,0,1,1,1,1,0,1,1,1,0.8923,1,198,0,1,1,1,1,1,1,0.5369,455,6.2071,69.38,1,1,1,874138.14,0.0182,1,8,0.1959,0.0892,3,1,1,1,0
NCRB-SYNTH-101171,Trial Court,Trial Judgment,2,7,72,1,0,1,1,1,1,1,1,1,0.4373,1,175,0,0,1,1,1,1,1,0.6479,351,7.2275,77.82,1,1,1,1559789.42,0.1711,1,11,0.0678,0.0273,3,1,1,1,0
NCRB-SYNTH-101173,High Court,Sec 482 CrPC (Quashing),2,18,28,1,0,1,1,1,1,1,1,1,0.7317,1,237,0,0,1,1,1,1,1,0.6958,441,4.0564,67.91,1,1,1,1950173.93,0.0365,1,25,0.2942,0.0903,4,1,1,1,0
NCRB-SYNTH-101175,High Court,Sec 482 CrPC (Quashing),1,17,26,1,1,1,1,1,0,1,1,1,0.8849,1,120,1,1,1,1,1,1,1,0.6679,493,13.7603,67.45,1,1,1,229492.3,0.1253,1,18,0.3027,0.1028,4,1,1,0,1
NCRB-SYNTH-101183,Trial Court,Sec 439 CrPC (Regular Bail),2,21,53,1,0,1,1,1,0,1,1,1,0.4524,1,237,1,1,1,1,1,1,1,0.6823,214,13.2554,62.46,1,1,1,1368897.06,0.1936,1,6,0.0946,0.0486,3,1,1,1,0
NCRB-SYNTH-101187,High Court,Sec 439 CrPC (Regular Bail),1,24,70,1,0,1,1,1,1,1,1,1,0.5677,1,236,1,1,1,1,1,1,1,0.7357,338,10.3678,19.58,1,1,1,1445668.78,0.0869,1,7,0.2159,0.1038,3,1,1,1,0
NCRB-SYNTH-101192,High Court,Sec 482 CrPC (Quashing),2,17,10,1,0,1,1,1,1,1,1,1,0.7309,1,243,1,1,1,1,1,1,1,0.754,162,5.3386,50.29,1,1,1,2278023.18,0.1935,1,34,0.1884,0.053,4,1,1,1,1
NCRB-SYNTH-101194,Trial Court,Sec 439 CrPC (Regular Bail),1,15,67,1,0,1,1,1,1,1,1,1,0.9356,1,136,1,1,1,1,1,1,1,0.6227,295,13.9181,32.57,1,1,1,919941.58,0.1151,1,4,0.1412,0.0877,3,1,1,0,1
NCRB-SYNTH-101207,High Court,Sec 439 CrPC (Regular Bail),2,22,50,1,0,1,1,1,0,1,1,1,0.9314,1,191,1,1,1,1,1,1,1,0.9245,478,5.6186,74.04,1,1,1,536856.88,0.1586,1,1,0.8587,1.2389,1,1,1,1,1
NCRB-SYNTH-101215,High Court,Sec 439 CrPC (Regular Bail),1,6,33,1,1,1,1,1,0,1,1,1,0.842,1,219,1,1,1,1,1,1,1,0.8956,355,7.5685,38.2,1,1,1,686929.58,0.1714,1,1,0.897,1.2941,1,1,1,1,1
NCRB-SYNTH-101218,Supreme Court,Sec 439 CrPC (Regular Bail),1,14,52,1,0,1,1,1,0,1,1,1,0.9289,1,169,1,1,1,1,1,1,1,0.788,165,9.3665,28.81,1,1,1,832979.81,0.0226,1,18,0.2216,0.0753,4,1,1,1,1
NCRB-SYNTH-101219,High Court,Sec 482 CrPC (Quashing),1,17,18,1,0,1,1,1,1,1,1,1,0.6169,1,117,1,1,1,1,1,1,1,0.41,225,9.0076,41.98,1,1,1,1102746.56,0.0573,1,36,0.1692,0.0468,4,1,1,0,0
NCRB-SYNTH-101226,Supreme Court,Sec 439 CrPC (Regular Bail),7,21,75,1,0,1,1,1,1,1,1,1,0.5438,1,253,1,1,1,1,1,1,1,0.5817,238,4.4511,23.8,1,1,1,158640.83,0.1465,1,6,0.1438,0.0739,3,1,1,1,0
NCRB-SYNTH-101235,Trial Court,Sec 482 CrPC (Quashing),1,23,41,0,1,1,1,1,1,1,1,1,0.8213,1,156,0,0,1,1,1,1,1,0.6466,164,4.6621,20.65,1,1,1,1463751.37,0.012,1,3,0.9328,0.6729,1,1,1,1,0
NCRB-SYNTH-101246,High Court,Sec 482 CrPC (Quashing),1,22,50,1,1,1,1,1,1,1,1,1,0.8625,1,193,1,1,1,1,1,1,1,0.629,110,11.7018,67.89,1,1,1,1278492.2,0.0018,1,11,0.2363,0.0951,3,1,1,1,1
NCRB-SYNTH-101250,High Court,Sec 439 CrPC (Regular Bail),1,17,20,1,0,1,1,1,1,1,1,1,0.6316,1,215,1,1,1,1,1,1,1,0.6986,174,6.3956,45.18,1,1,1,1509624.8,0.0176,1,4,0.2043,0.1269,3,1,1,0,0
NCRB-SYNTH-101255,Supreme Court,Sec 482 CrPC (Quashing),4,25,74,1,0,1,1,1,1,1,1,1,0.8485,1,175,1,1,1,1,1,1,1,0.5945,196,12.5181,47.62,1,1,1,2327579.89,0.1085,1,11,0.1379,0.0555,3,1,1,1,1
NCRB-SYNTH-101260,High Court,Sec 439 CrPC (Regular Bail),2,7,27,1,1,1,1,1,1,1,1,1,0.8101,1,224,1,0,1,1,1,1,1,0.5843,312,7.0124,29.59,1,1,1,583709.47,0.0211,1,3,0.4794,0.3458,1,1,1,1,1
NCRB-SYNTH-101269,Trial Court,Sec 482 CrPC (Quashing),4,14,17,1,0,1,1,1,0,1,1,1,0.468,1,181,1,1,1,1,1,1,1,0.6023,461,12.5377,41.53,1,1,1,1812345.5,0.0669,1,10,0.0739,0.0308,3,1,1,1,0
NCRB-SYNTH-101271,Trial Court,Sec 482 CrPC (Quashing),1,23,36,1,0,1,1,1,0,1,1,1,0.8219,1,156,1,1,1,1,1,1,1,0.7461,438,11.6439,44.27,1,1,1,601467.66,0.1831,1,9,0.2307,0.1002,3,1,1,1,1
NCRB-SYNTH-101281,High Court,Sec 439 CrPC (Regular Bail),1,14,18,1,0,1,1,1,0,1,1,1,0.7026,1,281,0,0,1,1,1,1,1,0.8319,425,11.0325,26.95,1,1,1,1691391.86,0.1626,1,3,0.5991,0.4322,1,1,1,1,0
NCRB-SYNTH-101283,High Court,Sec 439 CrPC (Regular Bail),1,7,11,1,1,1,1,1,1,1,1,1,0.9232,1,172,1,1,1,1,1,1,1,0.8557,262,13.703,25.5,1,1,1,275955.51,0.0355,1,3,0.8756,0.6316,1,1,1,1,1
NCRB-SYNTH-101293,High Court,Sec 482 CrPC (Quashing),2,5,55,1,1,1,1,1,0,1,1,1,0.7417,1,205,1,1,1,1,1,1,1,0.9286,243,6.9067,84.59,1,1,1,550526.63,0.157,1,10,0.1699,0.0709,3,1,1,1,1
NCRB-SYNTH-101294,High Court,Sec 439 CrPC (Regular Bail),1,7,79,1,0,1,1,1,0,1,1,1,0.8485,1,150,1,1,1,1,1,1,1,0.8161,131,10.4699,79.96,1,1,1,413998.07,0.1193,1,9,0.2166,0.094,3,1,1,1,1
NCRB-SYNTH-101299,Supreme Court,Sec 482 CrPC (Quashing),7,8,14,1,0,1,1,1,1,1,1,1,0.9676,1,181,1,0,1,1,1,1,1,0.6318,277,12.9302,36.94,1,1,1,1919675.16,0.1808,1,4,0.075,0.0466,3,1,1,1,1
NCRB-SYNTH-101316,Supreme Court,Sec 482 CrPC (Quashing),7,12,21,1,0,1,1,1,1,1,1,1,0.4126,1,297,1,0,1,1,1,1,1,0.6394,498,4.0039,80.85,1,1,1,548165.74,0.1456,1,44,0.1317,0.0346,4,1,1,1,0
NCRB-SYNTH-101329,High Court,Sec 482 CrPC (Quashing),1,15,53,1,1,1,1,1,1,1,1,1,0.6431,1,224,1,1,1,1,1,1,1,0.7331,198,4.0512,49.55,1,1,1,696757.91,0.1626,1,5,0.1927,0.1076,3,1,1,1,0
NCRB-SYNTH-101331,Trial Court,Sec 482 CrPC (Quashing),1,10,51,1,1,1,1,1,0,1,1,1,0.6662,1,223,1,1,1,1,1,1,1,0.7544,322,13.3836,44.51,1,1,1,2146283.67,0.1259,1,10,0.2465,0.1028,3,1,1,1,1
NCRB-SYNTH-101336,High Court,Writ Petition (Detention),7,3,39,1,0,1,1,1,0,1,1,1,0.434,1,242,1,1,1,1,1,1,1,0.5771,425,5.9991,23.5,1,1,1,1775867.79,0.0356,1,2,0.7165,0.6522,1,1,1,1,0
NCRB-SYNTH-101338,High Court,Sec 439 CrPC (Regular Bail),1,10,61,1,0,1,1,1,1,1,1,1,0.9076,1,257,0,0,1,1,1,1,1,0.7444,227,11.5677,27.84,1,1,1,2497717.45,0.0339,1,6,0.1837,0.0944,3,1,1,1,0
NCRB-SYNTH-101352,High Court,Sec 439 CrPC (Regular Bail),1,24,56,1,1,1,1,1,0,1,1,1,0.7352,1,128,1,0,1,1,1,1,1,0.5837,122,7.5017,76.91,1,1,1,451199.94,0.1723,1,24,0.3002,0.0933,4,1,1,0,1
NCRB-SYNTH-101360,High Court,Sec 482 CrPC (Quashing),1,8,45,1,1,1,1,1,0,1,1,1,0.6075,1,202,1,1,1,1,1,1,1,0.5783,132,10.1031,87.88,1,1,1,1233801.63,0.0028,1,6,0.2153,0.1107,3,1,1,1,0
NCRB-SYNTH-101363,Supreme Court,Trial Judgment,2,7,79,1,0,1,1,1,0,1,1,1,0.4278,1,120,1,1,1,1,1,1,1,0.6466,247,5.6725,78.54,1,1,1,1559498.52,0.0043,1,11,0.1871,0.0753,3,1,1,1,0
NCRB-SYNTH-101364,Supreme Court,Sec 482 CrPC (Quashing),1,17,41,1,0,1,1,1,0,1,1,1,0.7235,1,163,1,1,1,1,1,1,1,0.6235,383,6.4477,60.7,1,1,1,1517213.52,0.1444,1,2,0.7654,0.6967,1,1,1,0,1
NCRB-SYNTH-101380,High Court,Sec 482 CrPC (Quashing),15,22,53,0,0,1,1,1,0,1,1,1,0.8279,1,152,1,1,1,1,1,1,1,0.4815,335,4.0353,28.67,1,1,1,1669513.54,0.0216,1,3,0.7487,0.5401,1,1,1,1,1
NCRB-SYNTH-101385,High Court,Sec 482 CrPC (Quashing),1,6,25,1,0,1,1,1,0,1,1,1,0.9863,1,273,1,1,1,1,1,1,1,0.5531,110,13.7311,72.8,1,1,1,979626.58,0.1064,1,6,0.0851,0.0437,3,1,1,0,1
NCRB-SYNTH-101399,Supreme Court,Sec 482 CrPC (Quashing),2,21,26,1,1,1,1,1,1,1,1,1,0.7891,1,214,1,0,1,1,1,1,1,0.7645,120,9.2464,86.55,1,1,1,1448164.41,0.0549,1,10,0.0719,0.03,3,1,1,1,1
NCRB-SYNTH-101405,Supreme Court,Sec 439 CrPC (Regular Bail),2,21,41,1,0,1,1,1,1,1,1,1,0.7636,1,287,0,0,1,1,1,1,1,0.7906,236,10.3883,62.37,1,1,1,507749.23,0.0465,1,3,0.6362,0.459,1,1,1,1,0
NCRB-SYNTH-101409,High Court,Sec 482 CrPC (Quashing),1,12,23,1,0,1,1,1,0,1,1,1,0.4883,1,149,1,1,1,1,1,1,1,0.4887,269,8.6855,50.34,1,1,1,130217.82,0.0325,1,11,0.2444,0.0984,3,1,1,1,0
NCRB-SYNTH-101429,High Court,Sec 439 CrPC (Regular Bail),1,20,35,1,0,1,1,1,0,1,1,1,0.8604,1,258,1,1,1,1,1,1,1,0.4849,257,11.6886,72.04,1,1,1,1665624.83,0.0275,1,11,0.1944,0.0782,3,1,1,1,1
NCRB-SYNTH-101434,High Court,Sec 439 CrPC (Regular Bail),2,23,22,1,0,1,1,1,0,1,1,1,0.4265,1,192,1,1,1,1,1,1,1,0.6834,163,6.095,89.05,1,1,1,2341034.41,0.1214,1,4,0.2428,0.1509,3,1,1,1,0
NCRB-SYNTH-101440,High Court,Sec 439 CrPC (Regular Bail),4,17,21,1,0,1,1,1,0,1,1,1,0.7569,1,226,1,1,1,1,1,1,1,0.5867,258,3.7149,34.62,1,1,1,470237.4,0.102,1,3,0.6197,0.447,1,1,1,1,1
NCRB-SYNTH-101443,High Court,Sec 439 CrPC (Regular Bail),1,24,54,1,0,1,1,1,0,1,1,1,0.5001,1,206,1,0,1,1,1,1,1,0.7015,151,13.2231,42.55,1,1,1,2455753.99,0.0082,1,2,0.6398,0.5824,1,1,1,1,0
NCRB-SYNTH-101447,Supreme Court,Sec 482 CrPC (Quashing),1,9,25,0,0,1,1,1,0,1,1,1,0.6373,1,245,1,0,1,1,1,1,1,0.6378,150,7.9912,56.53,1,1,1,828225.68,0.0797,1,25,0.1761,0.054,4,1,1,1,0
NCRB-SYNTH-101450,High Court,Sec 482 CrPC (Quashing),1,3,61,1,1,1,1,1,1,1,1,1,0.5814,1,224,1,1,1,1,1,1,1,0.5687,300,6.377,75.91,1,1,1,2174701.47,0.1916,1,1,0.451,0.6507,1,1,1,1,0
NCRB-SYNTH-101452,High Court,Sec 439 CrPC (Regular Bail),21,3,30,1,0,1,1,1,1,1,1,1,0.8572,1,269,1,1,1,1,1,1,1,0.7276,214,10.2376,34.02,1,1,1,2371247.01,0.1442,1,2,0.9209,0.8383,1,1,1,1,1
NCRB-SYNTH-101454,High Court,Sec 482 CrPC (Quashing),1,21,33,1,0,1,1,1,1,1,1,1,0.5464,1,234,1,1,1,1,1,1,1,0.7428,278,9.4605,63.17,1,1,1,1385627.74,0.1718,1,9,0.1435,0.0623,3,1,1,1,0
NCRB-SYNTH-101457,High Court,Writ Petition (Detention),1,9,52,1,0,1,1,1,0,1,1,1,0.4393,1,208,1,1,1,1,1,1,1,0.6928,442,4.6067,31.69,1,1,1,109706.94,0.1118,1,29,0.2308,0.0679,4,1,1,1,0
NCRB-SYNTH-101458,Supreme Court,Sec 439 CrPC (Regular Bail),7,17,14,1,0,1,1,1,0,1,1,1,0.7257,1,285,1,1,1,1,1,1,1,0.4872,110,13.7852,64.16,1,1,1,136263.34,0.0948,1,7,0.1976,0.095,3,1,1,1,1
NCRB-SYNTH-101460,High Court,Sec 482 CrPC (Quashing),7,15,42,1,0,1,1,1,0,1,1,1,0.9,1,206,1,1,1,1,1,1,1,0.5952,228,11.773,43.46,1,1,1,692239.28,0.1425,1,10,0.2487,0.1037,3,1,1,1,1
NCRB-SYNTH-101462,Supreme Court,Sec 439 CrPC (Regular Bail),2,16,40,1,0,1,1,1,0,1,1,1,0.6315,1,291,1,1,1,1,1,1,1,0.6696,234,3.6592,38.87,1,1,1,1635241.22,0.053,1,7,0.2179,0.1048,3,1,1,1,0
NCRB-SYNTH-101464,High Court,Sec 482 CrPC (Quashing),1,8,18,1,0,1,1,1,1,1,1,1,0.5367,1,204,1,1,1,1,1,1,1,0.7157,289,13.1422,35.2,1,1,1,1355275.32,0.031,1,31,0.1475,0.0426,4,1,1,1,0
NCRB-SYNTH-101471,High Court,Trial Judgment,1,13,44,1,0,1,1,1,0,1,1,1,0.7601,1,219,1,1,1,1,1,1,1,0.7335,478,5.778,22.27,1,1,1,871629.88,0.1705,1,4,0.1209,0.0751,3,1,1,1,1
NCRB-SYNTH-101476,High Court,Sec 439 CrPC (Regular Bail),1,10,17,1,0,1,1,1,1,1,1,1,0.8831,1,274,1,1,1,1,1,1,1,0.6439,153,10.0873,34.13,1,1,1,588898.12,0.0207,1,11,0.1826,0.0735,3,1,1,1,1
NCRB-SYNTH-101488,High Court,Writ Petition (Detention),1,18,26,1,0,1,1,1,0,1,1,1,0.8308,1,279,0,0,1,1,1,1,1,0.4293,429,3.7074,36.08,1,1,1,2482857.87,0.0623,1,6,0.0952,0.0489,3,1,1,1,0
NCRB-SYNTH-101495,High Court,Sec 439 CrPC (Regular Bail),21,6,29,1,0,1,1,1,0,1,1,1,0.7947,1,262,0,0,1,1,1,1,1,0.5995,340,6.1865,41.26,1,1,1,774672.75,0.0905,1,16,0.0804,0.0284,4,1,1,1,0
NCRB-SYNTH-101496,Supreme Court,Sec 439 CrPC (Regular Bail),1,8,31,1,0,1,1,1,0,1,1,1,0.7239,1,123,0,0,1,1,1,1,1,0.9605,404,6.4946,61.49,1,1,1,406807.18,0.0408,1,7,0.1065,0.0512,3,1,1,1,0
NCRB-SYNTH-101497,High Court,Sec 439 CrPC (Regular Bail),15,20,63,1,0,1,1,1,0,1,1,1,0.521,1,217,0,0,1,1,1,1,1,0.6236,278,10.0287,29.87,1,1,1,1515243.64,0.1227,1,12,0.1675,0.0653,4,1,1,1,0
NCRB-SYNTH-101507,High Court,Sec 439 CrPC (Regular Bail),1,4,77,1,0,1,1,1,0,1,1,1,0.8942,1,161,1,1,1,1,1,1,1,0.7078,279,7.2527,64.91,1,1,1,1298261.11,0.09,1,23,0.0837,0.0263,4,1,1,1,1
NCRB-SYNTH-101509,High Court,Sec 439 CrPC (Regular Bail),15,19,40,1,0,1,1,1,0,1,1,1,0.5115,1,206,0,0,1,1,1,1,1,0.9003,398,7.1486,87.42,1,1,1,1259738.7,0.1654,1,26,0.2401,0.0728,4,1,1,1,0
NCRB-SYNTH-101517,Trial Court,Sec 482 CrPC (Quashing),2,22,22,0,1,1,1,1,0,1,1,1,0.7525,1,188,1,1,1,1,1,1,1,0.6167,139,9.7006,16.69,1,1,1,1143886.78,0.0036,1,6,0.1786,0.0918,3,1,1,1,1
NCRB-SYNTH-101532,High Court,Sec 482 CrPC (Quashing),1,3,38,1,0,1,1,1,0,1,1,1,0.6513,1,221,1,1,1,1,1,1,1,0.6943,313,12.0232,55.04,1,1,1,1699236.72,0.0667,1,2,0.4789,0.436,1,1,1,1,1
NCRB-SYNTH-101538,Supreme Court,Sec 439 CrPC (Regular Bail),1,17,19,1,1,1,1,1,0,1,1,1,0.681,1,287,1,1,1,1,1,1,1,0.6743,314,7.3002,51.34,1,1,1,1163793.43,0.1109,1,1,0.7535,1.087,1,1,1,1,1
NCRB-SYNTH-101543,High Court,Sec 482 CrPC (Quashing),2,25,42,1,0,1,1,1,1,1,1,1,0.501,1,128,0,1,1,1,1,1,1,0.8155,369,5.547,68.66,1,1,1,1125808.52,0.0316,1,9,0.0871,0.0378,3,1,1,0,0
NCRB-SYNTH-101548,Supreme Court,Writ Petition (Detention),1,13,24,1,0,1,1,1,0,1,1,1,0.6538,1,277,0,0,1,1,1,1,1,0.4802,253,11.7087,89.38,1,1,1,2405490.79,0.0983,1,4,0.1829,0.1137,3,1,1,1,0
NCRB-SYNTH-101550,Trial Court,Sec 482 CrPC (Quashing),21,21,44,1,0,1,1,1,0,1,1,1,0.505,1,138,1,1,1,1,1,1,1,0.635,471,12.8961,43.75,1,1,1,2334479.7,0.0535,1,15,0.1918,0.0692,4,1,1,0,0
NCRB-SYNTH-101552,High Court,Sec 439 CrPC (Regular Bail),1,10,63,0,0,1,1,1,1,1,1,1,0.5205,1,253,0,0,1,1,1,1,1,0.574,176,12.7906,37.41,1,1,1,437666.36,0.1597,1,3,0.5887,0.4246,1,1,1,1,0
NCRB-SYNTH-101557,Trial Court,Sec 439 CrPC (Regular Bail),7,13,30,1,0,1,1,1,1,1,1,1,0.9068,1,200,1,1,1,1,1,1,1,0.8239,119,9.0522,46.67,1,1,1,1225133.62,0.0958,1,1,0.8478,1.2231,1,1,1,0,1
NCRB-SYNTH-101567,High Court,Sec 439 CrPC (Regular Bail),4,10,39,0,1,1,1,1,1,1,1,1,0.5429,1,296,1,1,1,1,1,1,1,0.4457,261,13.6725,33.71,1,1,1,2460200.77,0.0513,1,35,0.2759,0.077,4,1,1,1,0
NCRB-SYNTH-101569,High Court,Sec 439 CrPC (Regular Bail),1,20,55,1,1,1,1,1,1,1,1,1,0.7406,1,242,1,1,1,1,1,1,1,0.5509,291,13.5669,52.73,1,1,1,1294816.8,0.1558,1,1,0.4319,0.6231,1,1,1,1,1
NCRB-SYNTH-101571,Trial Court,Sec 439 CrPC (Regular Bail),1,25,51,1,0,1,1,1,1,1,1,1,0.4922,1,125,1,1,1,1,1,1,1,0.8835,338,12.0666,70.61,1,1,1,928288.29,0.1782,1,4,0.1217,0.0756,3,1,1,0,0
NCRB-SYNTH-101578,High Court,Sec 439 CrPC (Regular Bail),2,4,58,1,1,1,1,1,0,1,1,1,0.9048,1,267,1,1,1,1,1,1,1,0.6394,325,9.0069,47.41,1,1,1,2025557.09,0.1511,1,21,0.1349,0.0436,4,1,1,1,1
NCRB-SYNTH-101579,High Court,Sec 482 CrPC (Quashing),1,6,33,1,0,1,1,1,0,1,1,1,0.7875,1,256,0,0,1,1,1,1,1,0.7748,449,5.0035,89.81,1,1,1,245967.04,0.0975,1,10,0.0842,0.0351,3,1,1,1,0
NCRB-SYNTH-101583,High Court,Sec 482 CrPC (Quashing),1,20,78,1,1,1,1,1,1,1,1,1,0.8982,1,259,0,0,1,1,1,1,1,0.808,259,9.301,21.37,1,1,1,923252.24,0.1171,1,4,0.1474,0.0916,3,1,1,1,0
NCRB-SYNTH-101587,High Court,Sec 439 CrPC (Regular Bail),4,25,15,1,1,1,1,1,0,1,1,1,0.8514,1,252,0,1,1,1,1,1,1,0.6507,333,6.1375,62.48,1,1,1,1297372.75,0.0825,1,3,0.9193,0.6632,1,1,1,1,0
NCRB-SYNTH-101591,High Court,Sec 482 CrPC (Quashing),7,16,11,1,0,1,1,1,1,1,1,1,0.8005,1,193,0,0,1,1,1,1,1,0.6748,165,7.9632,57.87,1,1,1,738867.62,0.11,1,9,0.2447,0.1063,3,1,1,1,0
NCRB-SYNTH-101596,Supreme Court,Sec 439 CrPC (Regular Bail),2,5,12,1,1,1,1,1,0,1,1,1,0.4438,1,249,1,1,1,1,1,1,1,0.5713,351,9.543,31.76,1,1,1,1054526.3,0.1816,1,6,0.2421,0.1244,3,1,1,1,0
NCRB-SYNTH-101612,High Court,Sec 439 CrPC (Regular Bail),4,8,62,1,1,1,1,1,0,1,1,1,0.7614,1,257,1,1,1,1,1,1,1,0.7205,273,5.6454,75.46,1,1,1,687576.24,0.0493,1,25,0.2413,0.0741,4,1,1,1,1
NCRB-SYNTH-101616,High Court,Sec 439 CrPC (Regular Bail),1,9,19,1,0,1,1,1,1,1,1,1,0.463,1,297,1,1,1,1,1,1,1,0.8806,339,12.2624,62.46,1,1,1,340562.5,0.1419,1,24,0.1358,0.0422,4,1,1,1,0
NCRB-SYNTH-101618,Supreme Court,Writ Petition (Detention),1,12,33,1,0,1,1,1,1,1,1,1,0.9283,1,151,1,1,1,1,1,1,1,0.6375,382,9.7261,34.22,1,1,1,416433.38,0.0438,1,1,0.5954,0.859,1,1,1,1,1
NCRB-SYNTH-101619,High Court,Writ Petition (Detention),4,3,42,1,0,1,1,1,1,1,1,1,0.6113,1,300,1,1,1,1,1,1,1,0.7031,299,9.3113,73.35,1,1,1,1314397.87,0.0729,1,8,0.1577,0.0718,3,1,1,1,0
NCRB-SYNTH-101623,Trial Court,Sec 439 CrPC (Regular Bail),1,6,31,1,0,1,1,1,1,1,1,1,0.5757,1,148,0,0,1,1,1,1,1,0.6438,459,13.1195,25.41,1,1,1,2453221.88,0.0045,1,10,0.1751,0.073,3,1,1,1,0
NCRB-SYNTH-101626,Supreme Court,Sec 482 CrPC (Quashing),1,17,70,1,0,1,1,1,0,1,1,1,0.4577,1,274,1,1,1,1,1,1,1,0.7783,287,8.9296,57.01,1,1,1,782838.98,0.0342,1,10,0.1526,0.0636,3,1,1,0,0
NCRB-SYNTH-101633,Trial Court,Sec 439 CrPC (Regular Bail),1,12,76,1,0,1,1,1,0,1,1,1,0.6981,1,183,1,1,1,1,1,1,1,0.6193,328,8.0759,28.4,1,1,1,2377458.72,0.164,1,21,0.2024,0.0655,4,1,1,1,1
NCRB-SYNTH-101644,High Court,Sec 439 CrPC (Regular Bail),2,21,13,1,0,1,1,1,1,1,1,1,0.6654,1,262,1,1,1,1,1,1,1,0.6015,438,13.4925,44.9,1,1,1,662427.9,0.1552,1,6,0.1426,0.0733,3,1,1,0,1
NCRB-SYNTH-101657,High Court,Trial Judgment,1,10,60,0,0,1,1,1,0,1,1,1,0.9017,1,162,1,1,1,1,1,1,1,0.639,493,9.5066,42.66,1,1,1,1164348.47,0.0548,1,7,0.209,0.1005,3,1,1,0,1
NCRB-SYNTH-101661,Trial Court,Sec 439 CrPC (Regular Bail),1,25,13,1,0,1,1,1,0,1,1,1,0.8703,1,248,0,1,1,1,1,1,1,0.522,172,5.9152,49.62,1,1,1,748565.34,0.0529,1,10,0.065,0.0271,3,1,1,1,0
NCRB-SYNTH-101680,Trial Court,Sec 439 CrPC (Regular Bail),21,19,48,1,0,1,1,1,0,1,1,1,0.4576,1,284,1,1,1,1,1,1,1,0.3933,252,5.4866,17.29,1,1,1,1568053.15,0.1832,1,5,0.2378,0.1327,3,1,1,1,0
NCRB-SYNTH-101683,Trial Court,Sec 439 CrPC (Regular Bail),7,8,40,1,0,1,1,1,1,1,1,1,0.8365,1,131,1,1,1,1,1,1,1,0.6148,227,10.9593,22.8,1,1,1,1160083.06,0.1123,1,36,0.2054,0.0569,4,1,1,1,1
NCRB-SYNTH-101689,High Court,Sec 482 CrPC (Quashing),15,14,66,1,1,1,1,1,1,1,1,1,0.7165,1,279,0,0,1,1,1,1,1,0.447,244,12.2193,75.37,1,1,1,1283533.26,0.1836,1,7,0.2128,0.1023,3,1,1,1,0
NCRB-SYNTH-101707,High Court,Sec 482 CrPC (Quashing),1,11,39,0,0,1,1,1,0,1,1,1,0.6981,1,242,1,1,1,1,1,1,1,0.8586,318,5.6136,56.6,1,1,1,221500.92,0.0995,1,9,0.2396,0.1041,3,1,1,1,1
NCRB-SYNTH-101709,High Court,Sec 439 CrPC (Regular Bail),1,9,48,1,0,1,1,1,0,1,1,1,0.5947,1,231,1,1,1,1,1,1,1,0.6716,346,10.4226,45.73,1,1,1,2253186.67,0.1115,1,9,0.1961,0.0852,3,1,1,1,0
NCRB-SYNTH-101710,High Court,Sec 439 CrPC (Regular Bail),4,15,34,0,0,1,1,1,0,1,1,1,0.647,1,273,1,1,1,1,1,1,1,0.5595,150,4.824,83.79,1,1,1,2222366.88,0.0398,1,2,0.4594,0.4182,1,1,1,1,0
NCRB-SYNTH-101718,High Court,Sec 439 CrPC (Regular Bail),1,12,67,1,0,1,1,1,0,1,1,1,0.7712,1,192,1,1,1,1,1,1,1,0.8631,491,5.7552,78.54,1,1,1,414633.52,0.1983,1,7,0.1153,0.0555,3,1,1,1,1
NCRB-SYNTH-101725,Trial Court,Sec 482 CrPC (Quashing),4,14,45,1,0,1,1,1,1,1,1,1,0.5342,1,132,1,1,1,1,1,1,1,0.5957,263,11.1593,64.49,1,1,1,1166747.5,0.0691,1,4,0.0932,0.0579,3,1,1,0,0
NCRB-SYNTH-101730,High Court,Sec 439 CrPC (Regular Bail),1,17,20,1,0,1,1,1,0,1,1,1,0.5212,1,136,1,0,1,1,1,1,1,0.6681,476,10.6207,55.81,1,1,1,1770687.84,0.1088,1,36,0.1072,0.0297,4,1,1,1,0
NCRB-SYNTH-101732,High Court,Sec 482 CrPC (Quashing),4,13,55,1,0,1,1,1,0,1,1,1,0.7557,1,210,1,1,1,1,1,1,1,0.6045,283,6.2671,66.32,1,1,1,54905.07,0.0278,1,37,0.2628,0.0722,4,1,1,1,1
NCRB-SYNTH-101777,High Court,Sec 439 CrPC (Regular Bail),4,7,30,1,0,1,1,1,0,1,1,1,0.7691,1,220,0,0,1,1,1,1,1,0.6221,279,8.3696,42.36,1,1,1,765151.68,0.1964,1,2,0.4437,0.4039,1,1,1,1,0
NCRB-SYNTH-101784,High Court,Sec 439 CrPC (Regular Bail),21,10,11,1,1,1,1,1,0,1,1,1,0.4713,1,130,1,1,1,1,1,1,1,0.7247,254,5.0226,24.13,1,1,1,1758116.12,0.0516,1,41,0.1114,0.0298,4,1,1,0,0
NCRB-SYNTH-101785,High Court,Sec 482 CrPC (Quashing),1,12,48,1,1,1,1,1,0,1,1,1,0.4317,1,289,1,1,1,1,1,1,1,0.6529,472,6.4585,15.01,1,1,1,390073.72,0.0479,1,4,0.1192,0.074,3,1,1,1,0
NCRB-SYNTH-101787,High Court,Writ Petition (Detention),2,5,42,1,1,1,1,1,0,1,1,1,0.8121,1,184,1,1,1,1,1,1,1,0.7617,116,3.935,78.71,1,1,1,1652578.0,0.0504,1,4,0.0825,0.0512,3,1,1,1,1
NCRB-SYNTH-101788,Supreme Court,Sec 482 CrPC (Quashing),1,8,40,1,1,1,1,1,0,1,1,1,0.5175,1,264,0,0,1,1,1,1,1,0.6505,289,12.2312,42.33,1,1,1,2260531.88,0.0518,1,7,0.1256,0.0604,3,1,1,1,0
NCRB-SYNTH-101794,High Court,Sec 439 CrPC (Regular Bail),1,20,13,1,0,1,1,1,0,1,1,1,0.4556,1,283,1,1,1,1,1,1,1,0.8282,381,11.6242,77.53,1,1,1,1025810.86,0.0292,1,8,0.0848,0.0386,3,1,1,1,0
NCRB-SYNTH-101807,High Court,Sec 439 CrPC (Regular Bail),2,18,76,0,0,1,1,1,1,1,1,1,0.7087,1,219,0,1,1,1,1,1,1,0.7188,119,6.2859,60.52,1,1,1,2141327.37,0.0644,1,1,0.6222,0.8977,1,1,1,1,0
NCRB-SYNTH-101811,High Court,Sec 439 CrPC (Regular Bail),1,12,78,1,0,1,1,1,0,1,1,1,0.4578,1,197,1,1,1,1,1,1,1,0.7611,358,4.094,69.76,1,1,1,775375.11,0.0186,1,5,0.1282,0.0715,3,1,1,1,0
NCRB-SYNTH-101819,High Court,Sec 439 CrPC (Regular Bail),1,4,22,1,0,1,1,1,0,1,1,1,0.9209,1,222,1,1,1,1,1,1,1,0.7859,135,5.155,23.01,1,1,1,210836.03,0.0988,1,11,0.2386,0.096,3,1,1,1,1
NCRB-SYNTH-101823,High Court,Sec 439 CrPC (Regular Bail),2,4,74,0,1,1,1,1,1,1,1,1,0.8994,1,141,1,1,1,1,1,1,1,0.711,282,3.5993,61.27,1,1,1,521816.62,0.1572,1,3,0.7126,0.514,1,1,1,1,1
NCRB-SYNTH-101825,High Court,Sec 439 CrPC (Regular Bail),7,15,54,1,0,1,1,1,0,1,1,1,0.8246,1,138,1,1,1,1,1,1,1,0.7654,265,12.2302,67.7,1,1,1,1598772.16,0.0791,1,7,0.081,0.0389,3,1,1,0,1
NCRB-SYNTH-101832,High Court,Sec 439 CrPC (Regular Bail),2,16,48,1,0,1,1,1,0,1,1,1,0.6447,1,216,1,1,1,1,1,1,1,0.6696,470,13.5138,55.28,1,1,1,152592.83,0.1228,1,3,0.752,0.5425,1,1,1,1,0
NCRB-SYNTH-101833,High Court,Sec 482 CrPC (Quashing),1,22,62,1,0,1,1,1,1,1,1,1,0.96,1,259,1,1,1,1,1,1,1,0.8488,172,10.259,80.49,1,1,1,2054079.52,0.1609,1,7,0.2351,0.1131,3,1,1,1,1
NCRB-SYNTH-101836,Supreme Court,Sec 439 CrPC (Regular Bail),2,3,40,1,0,1,1,1,0,1,1,1,0.6185,1,185,0,0,1,1,1,1,1,0.5688,497,3.7685,54.65,1,1,1,1419446.41,0.1278,1,27,0.1871,0.0562,4,1,1,1,0
NCRB-SYNTH-101844,Supreme Court,Sec 439 CrPC (Regular Bail),1,14,22,1,0,1,1,1,0,1,1,1,0.4982,1,208,1,1,1,1,1,1,1,0.7828,383,4.6074,65.83,1,1,1,1207173.82,0.0459,1,11,0.1274,0.0513,3,1,1,1,0
NCRB-SYNTH-101850,High Court,Sec 482 CrPC (Quashing),4,3,10,1,0,1,1,1,0,1,1,1,0.6851,1,215,1,1,1,1,1,1,1,0.4169,485,3.8237,85.21,1,1,1,1404642.68,0.0892,1,2,0.8025,0.7305,1,1,1,1,1
NCRB-SYNTH-101862,High Court,Sec 439 CrPC (Regular Bail),45,25,38,1,0,1,1,1,0,1,1,1,0.4624,1,155,1,1,1,1,1,1,1,0.6592,439,11.0037,75.16,1,1,1,2359149.94,0.0051,1,6,0.2283,0.1173,3,1,1,1,0
NCRB-SYNTH-101877,Supreme Court,Sec 439 CrPC (Regular Bail),1,24,70,1,0,1,1,1,0,1,1,1,0.871,1,264,1,1,1,1,1,1,1,0.651,430,6.4268,32.0,1,1,1,959304.2,0.0335,1,12,0.1203,0.0469,4,1,1,1,1
NCRB-SYNTH-101880,High Court,Sec 482 CrPC (Quashing),1,3,11,1,1,1,1,1,0,1,1,1,0.4808,1,167,1,1,1,1,1,1,1,0.7071,289,4.6129,80.77,1,1,1,2384386.55,0.0556,1,1,0.8416,1.2142,1,1,1,1,0
NCRB-SYNTH-101881,High Court,Writ Petition (Detention),1,6,21,1,0,1,1,1,0,1,1,1,0.5068,1,164,1,1,1,1,1,1,1,0.5806,193,13.2158,45.62,1,1,1,413622.68,0.1655,1,4,0.1306,0.0811,3,1,1,1,0
NCRB-SYNTH-101883,High Court,Sec 439 CrPC (Regular Bail),2,19,65,1,0,1,1,1,1,1,1,1,0.7663,1,274,0,1,1,1,1,1,1,0.7267,355,4.574,39.95,1,1,1,2412398.32,0.1899,1,31,0.1129,0.0326,4,1,1,1,0
NCRB-SYNTH-101895,High Court,Sec 439 CrPC (Regular Bail),2,13,50,1,0,1,1,1,1,1,1,1,0.6168,1,256,1,0,1,1,1,1,1,0.7896,130,10.3732,81.01,1,1,1,1305079.15,0.1077,1,23,0.0923,0.029,4,1,1,1,0
NCRB-SYNTH-101897,Supreme Court,Sec 439 CrPC (Regular Bail),1,20,36,1,0,1,1,1,0,1,1,1,0.536,1,244,1,1,1,1,1,1,1,0.6905,464,3.9356,24.93,1,1,1,2328005.17,0.0141,1,9,0.165,0.0716,3,1,1,1,0
NCRB-SYNTH-101901,High Court,Sec 439 CrPC (Regular Bail),2,6,47,1,0,1,1,1,0,1,1,1,0.6594,1,186,1,1,1,1,1,1,1,0.505,109,12.6856,43.68,1,1,1,1859280.75,0.1391,1,7,0.2185,0.1051,3,1,1,1,1
NCRB-SYNTH-101918,High Court,Sec 482 CrPC (Quashing),1,24,61,1,1,1,1,1,1,1,1,1,0.7,1,295,1,1,1,1,1,1,1,0.3828,344,4.7982,88.85,1,1,1,2404338.07,0.0179,1,39,0.1995,0.0541,4,1,1,1,1
NCRB-SYNTH-101921,High Court,Writ Petition (Detention),1,7,41,1,1,1,1,1,0,1,1,1,0.693,1,194,1,1,1,1,1,1,1,0.7599,483,13.3267,15.13,1,1,1,368224.78,0.1363,1,6,0.1984,0.1019,3,1,1,1,1
NCRB-SYNTH-101923,Supreme Court,Sec 482 CrPC (Quashing),7,25,11,1,0,1,1,1,0,1,1,1,0.6685,1,141,1,1,1,1,1,1,1,0.7817,482,7.432,61.8,1,1,1,876382.08,0.1351,1,3,0.8721,0.6291,1,1,1,1,1
NCRB-SYNTH-101927,High Court,Sec 439 CrPC (Regular Bail),1,7,75,1,0,1,1,1,0,1,1,1,0.3737,1,276,1,1,1,1,1,1,1,0.6093,488,12.5476,54.28,1,1,1,995708.88,0.1968,1,3,0.7596,0.5479,1,1,1,1,0
NCRB-SYNTH-101929,High Court,Trial Judgment,1,9,29,1,1,1,1,1,0,1,1,1,0.9341,1,181,1,1,1,1,1,1,1,0.6591,338,11.1786,84.99,1,1,1,1671130.18,0.1951,1,11,0.1002,0.0403,3,1,1,1,1
NCRB-SYNTH-101931,Supreme Court,Sec 482 CrPC (Quashing),2,5,66,0,0,1,1,1,1,1,1,1,0.9125,1,177,1,1,1,1,1,1,1,0.73,203,5.3243,75.78,1,1,1,1696884.56,0.1392,1,19,0.2189,0.0731,4,1,1,1,1
NCRB-SYNTH-101932,High Court,Sec 439 CrPC (Regular Bail),1,25,71,1,0,1,1,1,1,1,1,1,0.4864,1,140,1,1,1,1,1,1,1,0.5577,207,5.7687,66.39,1,1,1,697049.3,0.1777,1,5,0.2247,0.1254,3,1,1,0,0
NCRB-SYNTH-101933,High Court,Sec 439 CrPC (Regular Bail),1,10,57,1,0,1,1,1,0,1,1,1,0.5196,1,182,0,1,1,1,1,1,1,0.6981,358,6.6359,43.12,1,1,1,894418.93,0.1212,1,6,0.1077,0.0554,3,1,1,1,0
NCRB-SYNTH-101934,High Court,Writ Petition (Detention),1,23,16,1,0,1,1,1,1,1,1,1,0.8072,1,261,1,1,1,1,1,1,1,0.723,180,6.221,22.68,1,1,1,1918738.9,0.143,1,2,0.7509,0.6835,1,1,1,1,1
NCRB-SYNTH-101935,High Court,Sec 439 CrPC (Regular Bail),1,22,76,1,0,1,1,1,0,1,1,1,0.9602,1,266,0,0,1,1,1,1,1,0.6361,166,5.9465,15.67,1,1,1,517094.12,0.0498,1,6,0.1815,0.0933,3,1,1,1,0
NCRB-SYNTH-101953,Trial Court,Sec 439 CrPC (Regular Bail),2,16,59,1,1,1,1,1,0,1,1,1,0.9322,1,136,0,0,1,1,1,1,1,0.6578,338,5.0843,86.36,1,1,1,520398.61,0.0698,1,6,0.2383,0.1225,3,1,1,0,0
NCRB-SYNTH-101957,High Court,Sec 482 CrPC (Quashing),1,3,43,1,0,1,1,1,0,1,1,1,0.9349,1,240,1,1,1,1,1,1,1,0.5892,479,8.1924,78.64,1,1,1,736207.32,0.1654,1,15,0.2244,0.0809,4,1,1,1,1
NCRB-SYNTH-101959,High Court,Sec 439 CrPC (Regular Bail),1,4,78,1,0,1,1,1,0,1,1,1,0.8038,1,132,1,1,1,1,1,1,1,0.6997,184,7.2313,71.85,1,1,1,707614.72,0.112,1,10,0.2199,0.0917,3,1,1,0,1
NCRB-SYNTH-101965,High Court,Sec 482 CrPC (Quashing),1,6,76,1,0,1,1,1,0,1,1,1,0.459,1,173,0,1,1,1,1,1,1,0.6713,331,5.0369,44.01,1,1,1,2480520.92,0.1703,1,10,0.1566,0.0653,3,1,1,1,0
NCRB-SYNTH-101966,High Court,Writ Petition (Detention),27,8,43,1,0,1,1,1,1,1,1,1,0.5366,1,134,1,1,1,1,1,1,1,0.5116,113,6.4551,74.36,1,1,1,1433184.64,0.0246,1,10,0.0746,0.0311,3,1,1,0,0
NCRB-SYNTH-101993,High Court,Sec 482 CrPC (Quashing),1,10,52,0,1,1,1,1,1,1,1,1,0.6251,1,272,0,0,1,1,1,1,1,0.5219,480,13.0957,34.23,1,1,1,1359768.12,0.0114,1,2,0.4908,0.4467,1,1,1,1,0
NCRB-SYNTH-101996,Supreme Court,Sec 439 CrPC (Regular Bail),1,9,30,1,1,1,1,1,0,1,1,1,0.5128,1,266,1,1,1,1,1,1,1,0.8488,499,5.6126,69.52,1,1,1,2233309.97,0.1485,1,14,0.2885,0.1066,4,1,1,1,0
NCRB-SYNTH-102020,High Court,Sec 439 CrPC (Regular Bail),15,19,21,1,1,1,1,1,0,1,1,1,0.3571,1,158,1,1,1,1,1,1,1,0.7839,247,13.8616,34.89,1,1,1,111397.49,0.0864,1,6,0.1198,0.0615,3,1,1,0,0
NCRB-SYNTH-102022,Trial Court,Sec 439 CrPC (Regular Bail),2,14,41,1,0,1,1,1,0,1,1,1,0.5872,1,173,1,1,1,1,1,1,1,0.6043,161,5.366,32.85,1,1,1,795472.13,0.0291,1,6,0.1925,0.0989,3,1,1,1,0
NCRB-SYNTH-102030,High Court,Sec 439 CrPC (Regular Bail),1,15,56,1,1,1,1,1,0,1,1,1,0.6184,1,127,0,0,1,1,1,1,1,0.6317,262,10.3017,59.6,1,1,1,2037302.47,0.0315,1,7,0.0761,0.0366,3,1,1,0,0
NCRB-SYNTH-102032,High Court,Sec 439 CrPC (Regular Bail),2,17,64,1,0,1,1,1,0,1,1,1,0.7663,1,205,1,1,1,1,1,1,1,0.7599,104,12.3531,35.4,1,1,1,1375746.54,0.0101,1,8,0.0933,0.0425,3,1,1,1,1
NCRB-SYNTH-102035,High Court,Sec 439 CrPC (Regular Bail),1,20,74,1,0,1,1,1,0,1,1,1,0.7228,1,235,1,1,1,1,1,1,1,0.8091,330,10.4613,86.32,1,1,1,275739.09,0.1922,1,1,0.491,0.7083,1,1,1,0,1
NCRB-SYNTH-102042,High Court,Sec 439 CrPC (Regular Bail),1,17,77,1,0,1,1,1,1,1,1,1,0.6614,1,285,1,0,1,1,1,1,1,0.829,271,7.2551,82.19,1,1,1,2301682.83,0.0864,1,11,0.1098,0.0442,3,1,1,1,1
NCRB-SYNTH-102056,High Court,Sec 439 CrPC (Regular Bail),2,13,26,1,0,1,1,1,0,1,1,1,0.6162,1,283,1,0,1,1,1,1,1,0.7906,191,7.9549,66.31,1,1,1,433385.54,0.1899,1,9,0.1605,0.0697,3,1,1,1,0
NCRB-SYNTH-102059,High Court,Sec 482 CrPC (Quashing),21,5,35,0,0,1,1,1,0,1,1,1,0.7986,1,239,1,1,1,1,1,1,1,0.7673,494,7.042,53.31,1,1,1,1436993.92,0.1384,1,7,0.144,0.0693,3,1,1,1,1
NCRB-SYNTH-102088,High Court,Sec 439 CrPC (Regular Bail),4,24,42,0,1,1,1,1,0,1,1,1,0.9786,1,176,1,1,1,1,1,1,1,0.5202,199,9.9027,67.73,1,1,1,574607.91,0.0819,1,23,0.0806,0.0254,4,1,1,1,1
NCRB-SYNTH-102097,High Court,Sec 439 CrPC (Regular Bail),7,23,73,1,1,1,1,1,0,1,1,1,0.6799,1,271,1,1,1,1,1,1,1,0.72,379,8.5919,76.81,1,1,1,254920.91,0.1611,1,22,0.0911,0.029,4,1,1,1,1
NCRB-SYNTH-102098,High Court,Sec 439 CrPC (Regular Bail),7,17,19,1,1,1,1,1,0,1,1,1,0.8903,1,137,0,0,1,1,1,1,1,0.5723,282,4.3519,21.2,1,1,1,495803.49,0.0142,1,5,0.0744,0.0415,3,1,1,1,0
NCRB-SYNTH-102104,High Court,Sec 482 CrPC (Quashing),1,16,55,1,0,1,1,1,1,1,1,1,0.4944,1,191,1,1,1,1,1,1,1,0.5947,154,13.1428,50.69,1,1,1,2157709.06,0.1816,1,6,0.2205,0.1133,3,1,1,1,0
NCRB-SYNTH-102115,High Court,Sec 439 CrPC (Regular Bail),4,6,60,1,0,1,1,1,1,1,1,1,0.6651,1,213,1,1,1,1,1,1,1,0.7288,390,9.9926,75.35,1,1,1,663987.82,0.0536,1,6,0.1184,0.0608,3,1,1,1,1
NCRB-SYNTH-102118,High Court,Sec 439 CrPC (Regular Bail),7,3,43,1,1,1,1,1,0,1,1,1,0.543,1,258,0,0,1,1,1,1,1,0.772,468,7.5533,76.2,1,1,1,1874310.43,0.155,1,21,0.2333,0.0755,4,1,1,1,0
NCRB-SYNTH-102126,Supreme Court,Sec 482 CrPC (Quashing),1,19,23,1,0,1,1,1,0,1,1,1,0.4772,1,192,1,1,1,1,1,1,1,0.5598,366,11.5518,32.03,1,1,1,1835935.42,0.031,1,4,0.1385,0.0861,3,1,1,1,0
NCRB-SYNTH-102127,Supreme Court,Sec 482 CrPC (Quashing),15,25,50,1,0,1,1,1,1,1,1,1,0.7784,1,202,1,1,1,1,1,1,1,0.7175,312,4.5743,52.04,1,1,1,200453.12,0.1379,1,19,0.2184,0.0729,4,1,1,1,1
NCRB-SYNTH-102133,High Court,Sec 482 CrPC (Quashing),15,11,47,1,0,1,1,1,0,1,1,1,0.7321,1,133,1,1,1,1,1,1,1,0.5895,211,6.4271,43.05,1,1,1,2131761.36,0.1807,1,2,0.6043,0.55,1,1,1,0,1
NCRB-SYNTH-102161,Trial Court,Sec 439 CrPC (Regular Bail),21,18,57,1,0,1,1,1,0,1,1,1,0.699,1,249,0,0,1,1,1,1,1,0.7775,124,9.1449,73.98,1,1,1,1060730.28,0.1019,1,31,0.2854,0.0823,4,1,1,1,0
NCRB-SYNTH-102162,High Court,Sec 439 CrPC (Regular Bail),1,24,52,1,1,1,1,1,0,1,1,1,0.78,1,158,1,1,1,1,1,1,1,0.786,343,5.5166,39.67,1,1,1,2015240.06,0.1951,1,1,0.7227,1.0427,1,1,1,0,1
NCRB-SYNTH-102167,High Court,Sec 482 CrPC (Quashing),1,13,37,1,0,1,1,1,0,1,1,1,0.4575,1,289,1,1,1,1,1,1,1,0.8389,343,7.5724,79.99,1,1,1,1935027.2,0.0559,1,12,0.2301,0.0897,4,1,1,1,0
NCRB-SYNTH-102169,High Court,Sec 439 CrPC (Regular Bail),27,11,50,1,0,1,1,1,0,1,1,1,0.4555,1,185,0,1,1,1,1,1,1,0.5747,237,12.3443,52.09,1,1,1,1261562.76,0.1577,1,9,0.2483,0.1078,3,1,1,1,0
NCRB-SYNTH-102171,High Court,Writ Petition (Detention),7,3,65,1,1,1,1,1,0,1,1,1,0.421,1,210,1,1,1,1,1,1,1,0.8256,338,4.4136,87.06,1,1,1,949532.48,0.0247,1,3,0.8912,0.6429,1,1,1,1,0
NCRB-SYNTH-102178,High Court,Sec 439 CrPC (Regular Bail),4,12,74,1,0,1,1,1,0,1,1,1,0.8874,1,236,0,0,1,1,1,1,1,0.8185,383,8.5201,82.76,1,1,1,790956.97,0.0643,1,13,0.0889,0.0337,4,1,1,1,0
NCRB-SYNTH-102179,High Court,Sec 439 CrPC (Regular Bail),1,15,69,1,0,1,1,1,0,1,1,1,0.6774,1,138,0,0,1,1,1,1,1,0.7521,418,13.8443,52.91,1,1,1,1838845.78,0.1643,1,2,0.5842,0.5317,1,1,1,0,0
NCRB-SYNTH-102185,Supreme Court,Sec 439 CrPC (Regular Bail),4,7,22,1,0,1,1,1,0,1,1,1,0.6531,1,175,0,0,1,1,1,1,1,0.5713,483,3.5243,51.69,1,1,1,1213329.63,0.1906,1,4,0.2092,0.13,3,1,1,1,0
NCRB-SYNTH-102190,High Court,Sec 482 CrPC (Quashing),1,18,78,0,0,1,1,1,1,1,1,1,0.8662,1,278,1,1,1,1,1,1,1,0.7353,465,13.0832,76.18,1,1,1,941245.89,0.1275,1,38,0.2259,0.0617,4,1,1,1,1
NCRB-SYNTH-102193,High Court,Sec 439 CrPC (Regular Bail),4,9,61,1,0,1,1,1,0,1,1,1,0.4176,1,251,0,0,1,1,1,1,1,0.6369,194,8.8342,26.31,1,1,1,1483216.64,0.0753,1,2,0.522,0.4752,1,1,1,1,0
NCRB-SYNTH-102194,High Court,Sec 439 CrPC (Regular Bail),4,10,52,1,1,1,1,1,0,1,1,1,0.4432,1,175,0,0,1,1,1,1,1,0.8038,191,9.3968,19.65,1,1,1,1342616.1,0.0481,1,2,0.4995,0.4547,1,1,1,1,0
NCRB-SYNTH-102228,High Court,Sec 439 CrPC (Regular Bail),1,24,49,1,0,1,1,1,1,1,1,1,0.7474,1,169,1,0,1,1,1,1,1,0.5206,417,7.5531,81.6,1,1,1,1986310.85,0.0458,1,17,0.2026,0.0701,4,1,1,1,1
NCRB-SYNTH-102235,Supreme Court,Sec 439 CrPC (Regular Bail),2,18,51,0,0,1,1,1,1,1,1,1,0.6236,1,175,0,0,1,1,1,1,1,0.7017,181,5.5698,33.28,1,1,1,1650088.94,0.0522,1,8,0.196,0.0892,3,1,1,0,0
NCRB-SYNTH-102236,High Court,Sec 439 CrPC (Regular Bail),1,14,46,0,1,1,1,1,0,1,1,1,0.5495,1,209,1,1,1,1,1,1,1,0.8788,253,7.1202,48.69,1,1,1,477347.16,0.1763,1,2,0.6174,0.562,1,1,1,1,0
NCRB-SYNTH-102243,High Court,Writ Petition (Detention),1,19,32,1,0,1,1,1,0,1,1,1,0.6716,1,124,1,0,1,1,1,1,1,0.6729,286,12.4461,29.65,1,1,1,1117308.36,0.0214,1,6,0.192,0.0987,3,1,1,0,1
NCRB-SYNTH-102249,High Court,Sec 439 CrPC (Regular Bail),1,17,76,1,0,1,1,1,0,1,1,1,0.9203,1,276,1,1,1,1,1,1,1,0.7413,182,8.942,53.23,1,1,1,1955407.47,0.0658,1,22,0.0852,0.0272,4,1,1,1,1
NCRB-SYNTH-102253,High Court,Sec 439 CrPC (Regular Bail),2,25,78,1,1,1,1,1,1,1,1,1,0.7804,1,122,1,1,1,1,1,1,1,0.7801,103,8.3525,50.2,1,1,1,1711670.75,0.0324,1,16,0.209,0.0738,4,1,1,0,1
NCRB-SYNTH-102256,High Court,Sec 439 CrPC (Regular Bail),1,19,78,1,0,1,1,1,1,1,1,1,0.748,1,141,1,1,1,1,1,1,1,0.6704,197,3.6524,52.87,1,1,1,374535.83,0.1614,1,2,0.5585,0.5084,1,1,1,1,1
NCRB-SYNTH-102262,Trial Court,Sec 439 CrPC (Regular Bail),1,4,67,1,0,1,1,1,1,1,1,1,0.4628,1,154,1,1,1,1,1,1,1,0.695,171,5.5842,87.8,1,1,1,57470.94,0.0514,1,6,0.0753,0.0387,3,1,1,1,0
NCRB-SYNTH-102265,High Court,Sec 439 CrPC (Regular Bail),7,17,55,1,0,1,1,1,1,1,1,1,0.9314,1,126,0,0,1,1,1,1,1,0.4817,443,13.7221,78.13,1,1,1,1651945.26,0.1395,1,10,0.0973,0.0406,3,1,1,1,0
NCRB-SYNTH-102266,High Court,Sec 439 CrPC (Regular Bail),1,4,56,1,1,1,1,1,1,1,1,1,0.885,1,235,1,1,1,1,1,1,1,0.6295,134,6.363,47.44,1,1,1,86382.78,0.0096,1,45,0.1086,0.0284,4,1,1,1,1
NCRB-SYNTH-102267,High Court,Sec 482 CrPC (Quashing),7,7,26,1,1,1,1,1,0,1,1,1,0.6467,1,278,1,1,1,1,1,1,1,0.7423,341,8.6411,15.38,1,1,1,406213.05,0.1461,1,6,0.1906,0.098,3,1,1,1,0
NCRB-SYNTH-102274,High Court,Sec 439 CrPC (Regular Bail),1,6,18,0,0,1,1,1,1,1,1,1,0.7011,1,291,0,0,1,1,1,1,1,0.746,281,12.2065,44.2,1,1,1,1236216.9,0.0312,1,4,0.2132,0.1325,3,1,1,1,0
NCRB-SYNTH-102276,High Court,Sec 482 CrPC (Quashing),1,10,77,1,0,1,1,1,0,1,1,1,0.5138,1,192,0,0,1,1,1,1,1,0.775,425,6.0623,61.19,1,1,1,1589186.73,0.0209,1,5,0.2155,0.1203,3,1,1,1,0
NCRB-SYNTH-102279,High Court,Sec 439 CrPC (Regular Bail),1,19,39,1,0,1,1,1,1,1,1,1,0.7733,1,140,1,1,1,1,1,1,1,0.7715,350,13.2506,30.11,1,1,1,840665.53,0.0999,1,7,0.1314,0.0632,3,1,1,0,1
NCRB-SYNTH-102291,High Court,Sec 439 CrPC (Regular Bail),2,24,70,1,0,1,1,1,1,1,1,1,0.9445,1,139,1,1,1,1,1,1,1,0.771,446,4.5571,65.57,1,1,1,763877.64,0.0111,1,2,0.5646,0.5139,1,1,1,0,1
NCRB-SYNTH-102302,High Court,Sec 482 CrPC (Quashing),2,24,74,1,0,1,1,1,0,1,1,1,0.8371,1,207,1,1,1,1,1,1,1,0.4479,164,12.1885,51.61,1,1,1,1975505.16,0.1057,1,1,0.6742,0.9726,1,1,1,1,1
NCRB-SYNTH-102308,Trial Court,Sec 439 CrPC (Regular Bail),1,11,67,1,1,1,1,1,1,1,1,1,0.723,1,121,1,1,1,1,1,1,1,0.6997,141,11.234,68.24,1,1,1,1961095.94,0.0483,1,10,0.2293,0.0956,3,1,1,0,1
NCRB-SYNTH-102323,High Court,Sec 439 CrPC (Regular Bail),1,11,36,1,0,1,1,1,1,1,1,1,0.8157,1,217,1,1,1,1,1,1,1,0.7892,128,5.9806,61.74,1,1,1,1945457.5,0.149,1,2,0.9277,0.8445,1,1,1,1,1
NCRB-SYNTH-102329,High Court,Sec 439 CrPC (Regular Bail),45,16,75,1,0,1,1,1,1,1,1,1,0.6703,1,212,0,0,1,1,1,1,1,0.6801,344,4.3813,36.6,1,1,1,1830656.86,0.0683,1,5,0.1196,0.0667,3,1,1,1,0
NCRB-SYNTH-102333,High Court,Sec 482 CrPC (Quashing),2,15,54,0,0,1,1,1,0,1,1,1,0.5517,1,191,1,1,1,1,1,1,1,0.7325,336,13.0673,25.47,1,1,1,1728794.85,0.0772,1,29,0.2096,0.0616,4,1,1,1,0
NCRB-SYNTH-102334,High Court,Sec 439 CrPC (Regular Bail),1,15,49,0,0,1,1,1,1,1,1,1,0.7007,1,155,1,1,1,1,1,1,1,0.5356,268,5.8916,63.53,1,1,1,902312.61,0.1086,1,1,0.9499,1.3704,1,1,1,1,1
NCRB-SYNTH-102346,High Court,Trial Judgment,15,19,70,1,0,1,1,1,0,1,1,1,0.5365,1,171,1,1,1,1,1,1,1,0.5024,274,12.0136,67.97,1,1,1,1428173.84,0.0547,1,3,0.6178,0.4457,1,1,1,1,0
NCRB-SYNTH-102347,Supreme Court,Sec 482 CrPC (Quashing),1,3,50,1,0,1,1,1,1,1,1,1,0.4558,1,266,1,1,1,1,1,1,1,0.8788,255,8.2492,71.21,1,1,1,1024965.45,0.1936,1,1,0.6124,0.8835,1,1,1,1,0
NCRB-SYNTH-102349,High Court,Sec 439 CrPC (Regular Bail),2,17,51,1,0,1,1,1,1,1,1,1,0.9373,1,121,1,1,1,1,1,1,1,0.6885,163,7.8191,66.56,1,1,1,1405712.7,0.1399,1,7,0.1373,0.066,3,1,1,0,1
NCRB-SYNTH-102351,High Court,Writ Petition (Detention),4,17,71,1,0,1,1,1,0,1,1,1,0.6653,1,140,1,0,1,1,1,1,1,1.0,452,7.3184,70.67,1,1,1,1877578.3,0.0319,1,3,0.939,0.6773,1,1,1,1,1
NCRB-SYNTH-102353,Supreme Court,Sec 482 CrPC (Quashing),7,24,47,1,0,1,1,1,0,1,1,1,0.8226,1,246,1,1,1,1,1,1,1,0.8981,138,5.2264,41.31,1,1,1,1947713.41,0.0015,1,38,0.1659,0.0453,4,1,1,1,1
NCRB-SYNTH-102365,Supreme Court,Sec 439 CrPC (Regular Bail),15,23,69,1,0,1,1,1,0,1,1,1,0.876,1,274,1,0,1,1,1,1,1,0.6954,237,7.4956,43.74,1,1,1,1911780.22,0.0891,1,10,0.2199,0.0917,3,1,1,1,1
NCRB-SYNTH-102368,High Court,Sec 482 CrPC (Quashing),1,12,58,1,1,1,1,1,0,1,1,1,0.6629,1,252,1,1,1,1,1,1,1,0.6382,341,11.3297,33.52,1,1,1,2109470.0,0.1477,1,4,0.2439,0.1515,3,1,1,1,1
NCRB-SYNTH-102371,Supreme Court,Trial Judgment,1,5,27,1,1,1,1,1,0,1,1,1,0.6131,1,298,1,1,1,1,1,1,1,0.7327,476,7.4263,68.61,1,1,1,1308152.77,0.0511,1,45,0.1034,0.027,4,1,1,1,0
NCRB-SYNTH-102373,Supreme Court,Sec 439 CrPC (Regular Bail),1,13,14,1,0,1,1,1,0,1,1,1,0.7671,1,217,0,0,1,1,1,1,1,0.8798,343,10.5452,68.17,1,1,1,2063845.11,0.1139,1,37,0.11,0.0303,4,1,1,1,0
NCRB-SYNTH-102375,High Court,Sec 439 CrPC (Regular Bail),1,4,20,1,0,1,1,1,0,1,1,1,0.8851,1,122,1,1,1,1,1,1,1,0.7606,139,6.9972,33.92,1,1,1,1810138.26,0.0197,1,30,0.1714,0.0499,4,1,1,0,1
NCRB-SYNTH-102386,High Court,Writ Petition (Detention),1,25,13,1,0,1,1,1,1,1,1,1,0.8761,1,166,1,1,1,1,1,1,1,0.498,346,9.7371,61.39,1,1,1,408080.92,0.0275,1,5,0.1889,0.1054,3,1,1,1,1
NCRB-SYNTH-102388,Trial Court,Trial Judgment,1,4,70,1,0,1,1,1,0,1,1,1,0.6523,1,252,1,1,1,1,1,1,1,0.5717,398,9.4094,87.21,1,1,1,1456158.3,0.1203,1,10,0.1442,0.0601,3,1,1,1,1
NCRB-SYNTH-102390,High Court,Sec 482 CrPC (Quashing),1,17,21,1,1,1,1,1,0,1,1,1,0.5874,1,188,1,1,1,1,1,1,1,0.7641,298,11.8266,16.39,1,1,1,1019840.05,0.0059,1,10,0.1785,0.0744,3,1,1,1,0
NCRB-SYNTH-102399,High Court,Sec 439 CrPC (Regular Bail),1,5,58,0,0,1,1,1,0,1,1,1,0.7552,1,254,1,1,1,1,1,1,1,0.5119,149,10.5344,28.07,1,1,1,1938370.27,0.1572,1,4,0.1342,0.0834,3,1,1,1,1
NCRB-SYNTH-102400,High Court,Sec 482 CrPC (Quashing),21,16,37,1,0,1,1,1,0,1,1,1,0.589,1,208,1,1,1,1,1,1,1,0.5935,259,10.7517,35.65,1,1,1,1565834.83,0.0006,1,7,0.1823,0.0877,3,1,1,1,0
NCRB-SYNTH-102405,High Court,Sec 439 CrPC (Regular Bail),1,3,43,0,0,1,1,1,1,1,1,1,0.8066,1,274,1,1,1,1,1,1,1,0.757,198,9.0148,43.0,1,1,1,1173258.51,0.1824,1,45,0.2397,0.0626,4,1,1,1,1
NCRB-SYNTH-102406,Trial Court,Sec 439 CrPC (Regular Bail),4,18,65,1,1,1,1,1,1,1,1,1,0.9045,1,178,1,1,1,1,1,1,1,0.6865,438,10.2353,24.86,1,1,1,2263420.8,0.0372,1,3,0.827,0.5966,1,1,1,1,1
NCRB-SYNTH-102411,Supreme Court,Sec 439 CrPC (Regular Bail),4,17,74,0,0,1,1,1,1,1,1,1,0.6611,1,268,0,0,1,1,1,1,1,0.6717,277,13.5919,36.53,1,1,1,724006.88,0.0514,1,3,0.6812,0.4914,1,1,1,1,0
NCRB-SYNTH-102431,Trial Court,Sec 482 CrPC (Quashing),1,3,15,1,0,1,1,1,0,1,1,1,0.5485,1,226,1,1,1,1,1,1,1,0.5972,439,4.8762,78.89,1,1,1,391353.27,0.0019,1,40,0.2689,0.0724,4,1,1,1,0
NCRB-SYNTH-102441,High Court,Sec 439 CrPC (Regular Bail),7,20,42,1,0,1,1,1,0,1,1,1,0.7208,1,278,1,1,1,1,1,1,1,0.864,236,5.63,64.75,1,1,1,2000990.12,0.1121,1,7,0.2023,0.0973,3,1,1,1,1
NCRB-SYNTH-102453,Trial Court,Sec 439 CrPC (Regular Bail),1,22,56,1,0,1,1,1,0,1,1,1,0.4793,1,296,1,1,1,1,1,1,1,0.6114,179,13.8246,89.03,1,1,1,2296500.44,0.0291,1,9,0.0782,0.0339,3,1,1,1,0
NCRB-SYNTH-102455,High Court,Sec 439 CrPC (Regular Bail),1,14,33,1,0,1,1,1,1,1,1,1,0.874,1,266,1,1,1,1,1,1,1,0.662,126,6.2769,66.09,1,1,1,1681512.1,0.0721,1,4,0.1065,0.0662,3,1,1,1,1
NCRB-SYNTH-102458,High Court,Sec 482 CrPC (Quashing),1,21,43,1,0,1,1,1,0,1,1,1,0.8434,1,127,0,0,1,1,1,1,1,1.0,115,9.9135,53.0,1,1,1,1066498.02,0.1754,1,18,0.3019,0.1025,4,1,1,0,0
NCRB-SYNTH-102463,High Court,Sec 482 CrPC (Quashing),1,16,25,1,0,1,1,1,0,1,1,1,0.9028,1,163,1,1,1,1,1,1,1,0.513,417,10.6823,31.52,1,1,1,579231.29,0.0778,1,10,0.2055,0.0857,3,1,1,1,1
NCRB-SYNTH-102464,High Court,Sec 482 CrPC (Quashing),2,6,25,1,0,1,1,1,0,1,1,1,0.9197,1,132,1,1,1,1,1,1,1,0.6957,444,13.5005,71.72,1,1,1,803478.11,0.0598,1,7,0.2324,0.1118,3,1,1,0,1
NCRB-SYNTH-102465,Supreme Court,Sec 482 CrPC (Quashing),4,9,23,1,0,1,1,1,0,1,1,1,0.8542,1,201,1,1,1,1,1,1,1,0.7682,435,5.8062,87.75,1,1,1,1164959.95,0.1809,1,6,0.057,0.0293,3,1,1,1,1
NCRB-SYNTH-102489,Trial Court,Sec 482 CrPC (Quashing),21,6,68,1,0,1,1,1,0,1,1,1,0.7734,1,226,1,1,1,1,1,1,1,0.8265,329,12.0155,33.46,1,1,1,2008501.87,0.0396,1,1,0.4258,0.6143,1,1,1,1,1
NCRB-SYNTH-102497,Supreme Court,Sec 439 CrPC (Regular Bail),4,12,71,1,0,1,1,1,0,1,1,1,0.8471,1,135,1,1,1,1,1,1,1,0.989,367,11.6219,28.13,1,1,1,1466475.08,0.1884,1,3,0.4712,0.3399,1,1,1,1,1
NCRB-SYNTH-102503,Trial Court,Writ Petition (Detention),1,13,75,1,1,1,1,1,1,1,1,1,0.9382,1,207,1,1,1,1,1,1,1,0.783,185,10.9792,30.07,1,1,1,725355.89,0.0425,1,1,0.8133,1.1733,1,1,1,1,1
NCRB-SYNTH-102515,High Court,Sec 439 CrPC (Regular Bail),1,9,28,1,0,1,1,1,0,1,1,1,0.5422,1,181,1,0,1,1,1,1,1,0.4596,357,12.682,45.6,1,1,1,127961.55,0.1006,1,3,0.4469,0.3224,1,1,1,1,0
NCRB-SYNTH-102519,High Court,Trial Judgment,1,10,70,1,1,1,1,1,0,1,1,1,0.734,1,298,0,0,1,1,1,1,1,0.5903,413,8.6795,38.72,1,1,1,566915.92,0.0923,1,19,0.1687,0.0563,4,1,1,1,0
NCRB-SYNTH-102521,Supreme Court,Trial Judgment,1,24,75,1,0,1,1,1,0,1,1,1,0.6387,1,222,0,0,1,1,1,1,1,0.62,484,5.832,69.21,1,1,1,1647601.55,0.185,1,45,0.2967,0.0775,4,1,1,1,0
NCRB-SYNTH-102531,High Court,Sec 439 CrPC (Regular Bail),1,12,35,1,1,1,1,1,0,1,1,1,0.8284,1,219,1,1,1,1,1,1,1,1.0,314,9.803,21.6,1,1,1,1897046.86,0.1961,1,4,0.2134,0.1326,3,1,1,1,1
NCRB-SYNTH-102541,Supreme Court,Sec 482 CrPC (Quashing),2,11,58,1,0,1,1,1,0,1,1,1,0.801,1,148,1,0,1,1,1,1,1,0.7513,256,7.8779,24.89,1,1,1,1486596.59,0.1305,1,10,0.0929,0.0387,3,1,1,0,1
NCRB-SYNTH-102544,Supreme Court,Writ Petition (Detention),1,20,28,1,0,1,1,1,1,1,1,1,0.8638,1,150,1,1,1,1,1,1,1,0.6746,175,11.8536,28.09,1,1,1,1939717.83,0.0117,1,10,0.145,0.0605,3,1,1,1,1
NCRB-SYNTH-102576,High Court,Sec 439 CrPC (Regular Bail),2,18,58,1,1,1,1,1,0,1,1,1,0.6016,1,246,1,1,1,1,1,1,1,0.7484,450,6.8557,40.96,1,1,1,370798.21,0.1557,1,5,0.1247,0.0696,3,1,1,1,0
NCRB-SYNTH-102578,High Court,Writ Petition (Detention),7,25,39,1,0,1,1,1,1,1,1,1,0.5748,1,285,1,1,1,1,1,1,1,0.6792,490,8.2056,40.21,1,1,1,114884.56,0.1242,1,25,0.1242,0.0381,4,1,1,1,0
NCRB-SYNTH-102580,High Court,Sec 482 CrPC (Quashing),21,22,66,1,0,1,1,1,0,1,1,1,0.7447,1,221,1,1,1,1,1,1,1,0.5657,168,9.0754,22.58,1,1,1,1741893.89,0.0351,1,9,0.1396,0.0606,3,1,1,1,1
NCRB-SYNTH-102585,High Court,Sec 439 CrPC (Regular Bail),7,10,45,1,0,1,1,1,1,1,1,1,0.6811,1,216,1,1,1,1,1,1,1,0.5857,381,9.7014,83.56,1,1,1,1333600.24,0.1711,1,28,0.2476,0.0735,4,1,1,1,1
NCRB-SYNTH-102586,High Court,Sec 482 CrPC (Quashing),1,3,49,1,0,1,1,1,1,1,1,1,0.4069,1,160,0,0,1,1,1,1,1,0.8969,202,8.957,80.91,1,1,1,1857789.78,0.0844,1,7,0.175,0.0842,3,1,1,1,0
NCRB-SYNTH-102588,High Court,Sec 439 CrPC (Regular Bail),1,8,37,1,0,1,1,1,1,1,1,1,0.7948,1,187,1,1,1,1,1,1,1,0.6623,220,4.7178,78.61,1,1,1,2302433.5,0.0369,1,5,0.2127,0.1187,3,1,1,1,1
NCRB-SYNTH-102593,High Court,Sec 439 CrPC (Regular Bail),1,8,55,1,0,1,1,1,0,1,1,1,0.617,1,167,1,1,1,1,1,1,1,0.8298,136,11.9964,23.75,1,1,1,196816.65,0.0553,1,10,0.119,0.0496,3,1,1,1,0
NCRB-SYNTH-102601,High Court,Sec 439 CrPC (Regular Bail),2,5,41,1,1,1,1,1,0,1,1,1,0.4886,1,125,1,1,1,1,1,1,1,0.7837,199,9.7719,66.26,1,1,1,269664.64,0.0546,1,7,0.2494,0.1199,3,1,1,0,0
NCRB-SYNTH-102628,High Court,Sec 439 CrPC (Regular Bail),1,10,67,1,1,1,1,1,1,1,1,1,0.6549,1,213,1,1,1,1,1,1,1,0.6072,412,8.9604,67.75,1,1,1,422884.3,0.1124,1,2,0.9205,0.8379,1,1,1,0,1
NCRB-SYNTH-102631,High Court,Sec 482 CrPC (Quashing),1,18,35,1,0,1,1,1,0,1,1,1,0.8642,1,228,1,1,1,1,1,1,1,0.7111,378,5.5739,40.12,1,1,1,518670.26,0.148,1,5,0.2185,0.122,3,1,1,1,1
NCRB-SYNTH-102636,Supreme Court,Sec 439 CrPC (Regular Bail),7,11,79,0,1,1,1,1,0,1,1,1,0.6961,1,281,1,1,1,1,1,1,1,0.7969,348,7.3168,16.66,1,1,1,1025982.44,0.1841,1,4,0.2229,0.1385,3,1,1,1,1
NCRB-SYNTH-102644,Trial Court,Sec 482 CrPC (Quashing),1,3,78,1,0,1,1,1,0,1,1,1,0.937,1,144,1,0,1,1,1,1,1,0.3308,338,7.0115,51.83,1,1,1,271339.77,0.1077,1,1,0.5998,0.8654,1,1,1,0,1
NCRB-SYNTH-102660,High Court,Sec 439 CrPC (Regular Bail),2,9,59,1,0,1,1,1,0,1,1,1,0.5915,1,193,0,1,1,1,1,1,1,0.7718,401,4.9642,28.04,1,1,1,1426618.5,0.1072,1,4,0.1295,0.0805,3,1,1,1,0
NCRB-SYNTH-102664,Trial Court,Sec 482 CrPC (Quashing),1,16,41,1,0,1,1,1,0,1,1,1,0.6959,1,283,1,1,1,1,1,1,1,0.6498,289,13.4728,66.22,1,1,1,2047569.77,0.1242,1,31,0.2418,0.0698,4,1,1,1,1
NCRB-SYNTH-102665,Supreme Court,Sec 439 CrPC (Regular Bail),7,18,67,1,0,1,1,1,0,1,1,1,0.6408,1,143,1,1,1,1,1,1,1,0.6582,169,8.7147,70.79,1,1,1,1345310.76,0.1038,1,3,0.474,0.3419,1,1,1,0,0
NCRB-SYNTH-102668,Supreme Court,Trial Judgment,1,19,73,1,0,1,1,1,0,1,1,1,0.44,1,251,0,1,1,1,1,1,1,0.4772,251,8.4624,85.15,1,1,1,1170908.68,0.0789,1,4,0.1648,0.1024,3,1,1,1,0
NCRB-SYNTH-102671,High Court,Writ Petition (Detention),1,20,37,1,0,1,1,1,0,1,1,1,0.3867,1,224,0,0,1,1,1,1,1,0.6099,448,6.8965,49.05,1,1,1,1826042.33,0.1104,1,1,0.6922,0.9987,1,1,1,1,0
NCRB-SYNTH-102692,Trial Court,Writ Petition (Detention),1,21,48,1,0,1,1,1,1,1,1,1,0.402,1,152,1,1,1,1,1,1,1,0.7158,144,7.4093,15.16,1,1,1,1033360.6,0.1498,1,5,0.2239,0.125,3,1,1,1,0
NCRB-SYNTH-102697,High Court,Sec 482 CrPC (Quashing),1,11,54,1,0,1,1,1,1,1,1,1,0.4412,1,224,1,1,1,1,1,1,1,0.8164,461,11.0408,58.2,1,1,1,1752293.47,0.1686,1,41,0.2676,0.0716,4,1,1,1,0
NCRB-SYNTH-102717,High Court,Sec 439 CrPC (Regular Bail),2,15,22,1,1,1,1,1,0,1,1,1,0.8969,1,143,1,1,1,1,1,1,1,0.6593,303,6.5233,52.59,1,1,1,2062131.44,0.1441,1,2,0.7394,0.673,1,1,1,0,1
NCRB-SYNTH-102745,High Court,Sec 482 CrPC (Quashing),7,15,29,1,0,1,1,1,0,1,1,1,0.4957,1,217,1,0,1,1,1,1,1,0.8682,145,7.1959,77.36,1,1,1,552138.26,0.1875,1,15,0.1409,0.0508,4,1,1,1,0
NCRB-SYNTH-102747,High Court,Sec 439 CrPC (Regular Bail),1,18,67,1,0,1,1,1,0,1,1,1,0.6465,1,152,0,0,1,1,1,1,1,0.6046,174,8.4546,83.9,1,1,1,1903653.19,0.0587,1,6,0.0554,0.0285,3,1,1,1,0
NCRB-SYNTH-102750,High Court,Sec 439 CrPC (Regular Bail),4,19,28,1,1,1,1,1,0,1,1,1,0.9239,1,177,0,0,1,1,1,1,1,0.6985,414,12.0352,25.34,1,1,1,1122662.18,0.1451,1,8,0.2093,0.0953,3,1,1,1,0
NCRB-SYNTH-102752,High Court,Sec 439 CrPC (Regular Bail),1,18,18,1,0,1,1,1,1,1,1,1,0.4599,1,304,1,0,1,1,1,1,1,0.5863,114,10.509,79.12,1,1,1,2192751.52,0.1475,1,11,0.2001,0.0805,3,1,1,1,0
NCRB-SYNTH-102763,High Court,Sec 439 CrPC (Regular Bail),4,4,28,1,0,1,1,1,0,1,1,1,0.6218,1,267,1,1,1,1,1,1,1,0.7796,438,7.2913,36.85,1,1,1,179518.76,0.0068,1,7,0.2418,0.1163,3,1,1,1,0
NCRB-SYNTH-102770,High Court,Sec 482 CrPC (Quashing),1,18,64,1,0,1,1,1,0,1,1,1,0.6779,1,292,1,1,1,1,1,1,1,0.7318,197,4.4913,32.54,1,1,1,807384.26,0.0474,1,9,0.1813,0.0787,3,1,1,0,1
NCRB-SYNTH-102793,High Court,Sec 482 CrPC (Quashing),1,9,48,1,0,1,1,1,0,1,1,1,0.6298,1,130,1,1,1,1,1,1,1,0.4865,226,8.0086,59.87,1,1,1,1385734.16,0.0093,1,5,0.0536,0.0299,3,1,1,1,0
NCRB-SYNTH-102796,High Court,Sec 439 CrPC (Regular Bail),1,20,26,1,0,1,1,1,0,1,1,1,0.53,1,133,1,1,1,1,1,1,1,0.7487,318,4.9627,50.4,1,1,1,1747341.75,0.1342,1,40,0.2446,0.0659,4,1,1,0,0
NCRB-SYNTH-102798,High Court,Sec 439 CrPC (Regular Bail),4,24,71,1,0,1,1,1,0,1,1,1,0.4435,1,243,1,1,1,1,1,1,1,0.5745,230,9.2897,80.96,1,1,1,904716.03,0.094,1,5,0.2318,0.1293,3,1,1,1,0
NCRB-SYNTH-102812,High Court,Writ Petition (Detention),21,11,69,1,0,1,1,1,1,1,1,1,0.666,1,300,1,0,1,1,1,1,1,0.7038,114,6.1853,56.87,1,1,1,1016087.97,0.1884,1,7,0.1805,0.0868,3,1,1,1,1
NCRB-SYNTH-102813,High Court,Sec 482 CrPC (Quashing),2,16,51,1,0,1,1,1,0,1,1,1,0.8358,1,275,1,0,1,1,1,1,1,0.9084,268,7.5334,84.19,1,1,1,1874104.08,0.1919,1,3,0.4686,0.338,1,1,1,1,1
NCRB-SYNTH-102815,Trial Court,Sec 482 CrPC (Quashing),1,11,11,0,1,1,1,1,1,1,1,1,0.4493,1,183,1,1,1,1,1,1,1,0.4726,356,6.928,18.11,1,1,1,127131.18,0.0458,1,3,0.6087,0.4391,1,1,1,1,0
NCRB-SYNTH-102823,Supreme Court,Sec 482 CrPC (Quashing),27,22,59,0,0,1,1,1,0,1,1,1,0.822,1,219,1,1,1,1,1,1,1,0.7935,106,6.7925,71.03,1,1,1,1025152.31,0.149,1,11,0.133,0.0535,3,1,1,1,1
NCRB-SYNTH-102832,Supreme Court,Sec 482 CrPC (Quashing),21,14,76,1,1,1,1,1,0,1,1,1,0.5875,1,235,1,1,1,1,1,1,1,0.8327,438,5.923,15.74,1,1,1,350547.65,0.0979,1,3,0.5176,0.3734,1,1,1,1,0
NCRB-SYNTH-102845,High Court,Sec 439 CrPC (Regular Bail),1,4,29,1,1,1,1,1,0,1,1,1,0.5693,1,199,1,1,1,1,1,1,1,0.6745,190,5.9131,45.38,1,1,1,721135.68,0.1446,1,3,0.5708,0.4117,1,1,1,1,0
NCRB-SYNTH-102849,Trial Court,Sec 439 CrPC (Regular Bail),1,10,10,1,0,1,1,1,0,1,1,1,0.5743,1,263,1,1,1,1,1,1,1,0.7452,485,10.5164,49.62,1,1,1,1926760.47,0.0452,1,5,0.1231,0.0687,3,1,1,0,0
NCRB-SYNTH-102851,High Court,Sec 482 CrPC (Quashing),2,12,14,1,0,1,1,1,0,1,1,1,0.8799,1,263,1,1,1,1,1,1,1,0.6446,155,10.9306,46.94,1,1,1,394354.93,0.0972,1,6,0.1585,0.0815,3,1,1,1,1
NCRB-SYNTH-102864,Supreme Court,Sec 439 CrPC (Regular Bail),27,11,48,1,0,1,1,1,0,1,1,1,0.7807,1,264,1,1,1,1,1,1,1,0.7276,352,12.8529,37.45,1,1,1,865729.79,0.1953,1,9,0.2253,0.0978,3,1,1,1,1
NCRB-SYNTH-102866,High Court,Sec 482 CrPC (Quashing),4,14,27,1,1,1,1,1,1,1,1,1,0.5305,1,187,1,1,1,1,1,1,1,0.5758,338,10.2939,85.39,1,1,1,717844.91,0.1796,1,9,0.1459,0.0634,3,1,1,1,0
NCRB-SYNTH-102879,High Court,Sec 439 CrPC (Regular Bail),1,5,77,0,0,1,1,1,0,1,1,1,0.7806,1,171,1,1,1,1,1,1,1,0.9696,337,4.2732,24.21,1,1,1,2063398.7,0.1522,1,3,0.781,0.5634,1,1,1,1,1
NCRB-SYNTH-102892,High Court,Sec 439 CrPC (Regular Bail),1,17,31,1,0,1,1,1,0,1,1,1,0.6182,1,205,1,1,1,1,1,1,1,0.6602,470,10.2817,33.84,1,1,1,1438494.27,0.1344,1,6,0.2476,0.1272,3,1,1,1,0
NCRB-SYNTH-102894,Supreme Court,Sec 439 CrPC (Regular Bail),4,8,39,0,1,1,1,1,0,1,1,1,0.5995,1,271,0,1,1,1,1,1,1,0.5241,150,4.8368,82.08,1,1,1,1338421.62,0.1746,1,29,0.2941,0.0865,4,1,1,1,0
NCRB-SYNTH-102916,Trial Court,Sec 482 CrPC (Quashing),4,20,10,1,1,1,1,1,1,1,1,1,0.702,1,159,1,1,1,1,1,1,1,0.9792,296,4.2139,43.84,1,1,1,2242837.47,0.0816,1,3,0.7865,0.5674,1,1,1,1,1
NCRB-SYNTH-102931,High Court,Writ Petition (Detention),1,22,79,1,0,1,1,1,1,1,1,1,0.8125,1,207,1,1,1,1,1,1,1,0.6243,325,8.2757,68.46,1,1,1,78351.63,0.1466,1,7,0.0541,0.026,3,1,1,1,1
NCRB-SYNTH-102932,High Court,Sec 439 CrPC (Regular Bail),2,6,60,1,0,1,1,1,0,1,1,1,0.9618,1,205,1,0,1,1,1,1,1,0.5794,452,12.0223,29.6,1,1,1,1754955.54,0.0311,1,16,0.2974,0.105,4,1,1,1,1
NCRB-SYNTH-102938,High Court,Sec 482 CrPC (Quashing),1,4,77,1,1,1,1,1,0,1,1,1,0.4978,1,277,1,1,1,1,1,1,1,0.477,335,10.3268,33.32,1,1,1,1789208.19,0.0633,1,2,0.6956,0.6331,1,1,1,1,0
NCRB-SYNTH-102942,High Court,Sec 482 CrPC (Quashing),2,23,70,1,0,1,1,1,0,1,1,1,0.9103,1,146,1,1,1,1,1,1,1,0.7665,264,8.11,42.28,1,1,1,993688.34,0.1425,1,9,0.2133,0.0926,3,1,1,0,1
NCRB-SYNTH-102952,High Court,Sec 482 CrPC (Quashing),15,22,57,1,0,1,1,1,0,1,1,1,0.5548,1,197,1,1,1,1,1,1,1,0.4308,244,7.9096,36.35,1,1,1,1567257.15,0.165,1,3,0.7676,0.5537,1,1,1,1,0
NCRB-SYNTH-102956,High Court,Sec 439 CrPC (Regular Bail),1,25,62,1,0,1,1,1,1,1,1,1,0.6214,1,128,1,1,1,1,1,1,1,0.5162,217,12.3212,33.05,1,1,1,1307036.98,0.0203,1,35,0.319,0.089,4,1,1,0,0
NCRB-SYNTH-102968,High Court,Sec 482 CrPC (Quashing),2,12,43,1,1,1,1,1,1,1,1,1,0.4392,1,138,1,0,1,1,1,1,1,0.7828,275,12.8144,25.08,1,1,1,1141337.05,0.1907,1,30,0.1278,0.0372,4,1,1,0,0
NCRB-SYNTH-102993,High Court,Trial Judgment,1,3,16,0,0,1,1,1,0,1,1,1,0.8688,1,227,1,1,1,1,1,1,1,0.5672,231,10.2577,31.23,1,1,1,1883866.08,0.1817,1,8,0.1717,0.0781,3,1,1,1,1
NCRB-SYNTH-103001,Trial Court,Sec 439 CrPC (Regular Bail),21,5,48,1,0,1,1,1,1,1,1,1,0.4354,1,225,1,1,1,1,1,1,1,0.652,237,7.3195,46.11,1,1,1,1415395.73,0.1526,1,38,0.2222,0.0607,4,1,1,1,0
NCRB-SYNTH-103004,High Court,Sec 482 CrPC (Quashing),1,7,46,1,0,1,1,1,0,1,1,1,0.6545,1,151,1,1,1,1,1,1,1,0.8856,449,11.3782,15.49,1,1,1,1592818.67,0.1029,1,11,0.2278,0.0917,3,1,1,1,1
NCRB-SYNTH-103005,High Court,Sec 439 CrPC (Regular Bail),4,24,72,0,0,1,1,1,0,1,1,1,0.7555,1,287,1,1,1,1,1,1,1,0.5932,100,8.4479,76.23,1,1,1,554131.22,0.1281,1,24,0.1076,0.0334,4,1,1,1,1
NCRB-SYNTH-103009,High Court,Sec 482 CrPC (Quashing),7,19,64,1,0,1,1,1,0,1,1,1,0.5386,1,149,1,1,1,1,1,1,1,0.5403,162,13.3444,44.49,1,1,1,908578.12,0.0967,1,11,0.1123,0.0452,3,1,1,0,0
NCRB-SYNTH-103015,High Court,Sec 439 CrPC (Regular Bail),1,16,24,1,1,1,1,1,0,1,1,1,0.6574,1,282,0,0,1,1,1,1,1,0.6679,392,6.8186,77.67,1,1,1,922036.26,0.1651,1,2,0.7848,0.7144,1,1,1,1,0
NCRB-SYNTH-103023,High Court,Sec 439 CrPC (Regular Bail),2,22,71,1,0,1,1,1,0,1,1,1,0.718,1,230,1,1,1,1,1,1,1,0.7047,311,13.6453,61.75,1,1,1,2457884.06,0.1587,1,12,0.1901,0.0741,4,1,1,1,1
NCRB-SYNTH-103028,High Court,Sec 439 CrPC (Regular Bail),1,16,77,0,0,1,1,1,0,1,1,1,0.7621,1,186,1,1,1,1,1,1,1,0.7362,239,11.0543,77.43,1,1,1,1751893.05,0.1716,1,42,0.1318,0.035,4,1,1,1,1
NCRB-SYNTH-103029,High Court,Sec 439 CrPC (Regular Bail),1,20,59,1,0,1,1,1,0,1,1,1,0.6661,1,135,1,1,1,1,1,1,1,0.8028,112,6.0684,69.74,1,1,1,1543371.23,0.0082,1,20,0.1987,0.0653,4,1,1,0,1
NCRB-SYNTH-103030,Supreme Court,Sec 482 CrPC (Quashing),1,13,50,1,1,1,1,1,0,1,1,1,0.5939,1,148,1,1,1,1,1,1,1,0.5923,134,4.2077,32.21,1,1,1,311974.31,0.0575,1,10,0.1452,0.0605,3,1,1,0,0
NCRB-SYNTH-103055,High Court,Sec 439 CrPC (Regular Bail),2,4,70,1,0,1,1,1,0,1,1,1,0.7587,1,200,0,0,1,1,1,1,1,0.5389,341,10.5881,62.06,1,1,1,1803543.55,0.1199,1,5,0.1409,0.0786,3,1,1,1,0
NCRB-SYNTH-103057,High Court,Sec 439 CrPC (Regular Bail),1,20,34,1,0,1,1,1,0,1,1,1,0.4629,1,148,1,1,1,1,1,1,1,0.8524,398,6.8067,25.11,1,1,1,1421544.94,0.1707,1,4,0.2414,0.15,3,1,1,1,0
NCRB-SYNTH-103063,Trial Court,Sec 482 CrPC (Quashing),1,6,37,1,1,1,1,1,0,1,1,1,0.8397,1,142,1,1,1,1,1,1,1,0.4862,231,8.088,64.56,1,1,1,1931309.83,0.1892,1,5,0.2336,0.1304,3,1,1,0,1
NCRB-SYNTH-103064,Trial Court,Sec 482 CrPC (Quashing),7,19,44,1,1,1,1,1,1,1,1,1,0.7055,1,175,1,1,1,1,1,1,1,0.5149,208,7.0322,82.66,1,1,1,1270048.81,0.1648,1,31,0.1846,0.0533,4,1,1,1,1
NCRB-SYNTH-103065,Trial Court,Sec 482 CrPC (Quashing),1,13,62,1,0,1,1,1,0,1,1,1,0.5857,1,268,1,1,1,1,1,1,1,0.6556,265,11.5734,81.66,1,1,1,1842663.51,0.0146,1,4,0.1651,0.1026,3,1,1,1,0
NCRB-SYNTH-103070,High Court,Sec 482 CrPC (Quashing),1,9,48,1,1,1,1,1,0,1,1,1,0.6234,1,128,0,0,1,1,1,1,1,0.6939,101,4.539,17.27,1,1,1,1602682.64,0.1958,1,9,0.1547,0.0672,3,1,1,0,0
NCRB-SYNTH-103072,High Court,Sec 439 CrPC (Regular Bail),2,17,68,0,0,1,1,1,0,1,1,1,0.8144,1,169,0,1,1,1,1,1,1,0.7582,423,11.0223,28.95,1,1,1,422401.4,0.1058,1,10,0.1573,0.0656,3,1,1,1,0
NCRB-SYNTH-103075,High Court,Writ Petition (Detention),4,16,74,1,0,1,1,1,0,1,1,1,0.7943,1,260,1,1,1,1,1,1,1,0.4972,353,4.0211,43.97,1,1,1,831573.21,0.0326,1,16,0.102,0.036,4,1,1,1,1
NCRB-SYNTH-103084,High Court,Sec 439 CrPC (Regular Bail),1,8,10,1,1,1,1,1,0,1,1,1,0.8886,1,133,1,1,1,1,1,1,1,0.7006,267,6.0422,48.83,1,1,1,1685643.2,0.0133,1,5,0.1556,0.0868,3,1,1,0,1
NCRB-SYNTH-103086,High Court,Writ Petition (Detention),1,16,54,1,0,1,1,1,0,1,1,1,0.6754,1,270,1,1,1,1,1,1,1,0.9747,178,11.0644,58.68,1,1,1,1981788.95,0.1028,1,9,0.2348,0.102,3,1,1,1,1
NCRB-SYNTH-103089,High Court,Sec 482 CrPC (Quashing),7,6,28,1,0,1,1,1,0,1,1,1,0.5061,1,149,1,1,1,1,1,1,1,0.767,270,6.5362,66.86,1,1,1,1846611.56,0.0004,1,2,0.8413,0.7658,1,1,1,1,0
NCRB-SYNTH-103096,High Court,Sec 482 CrPC (Quashing),1,15,57,1,0,1,1,1,0,1,1,1,0.6705,1,133,1,1,1,1,1,1,1,0.5564,393,13.55,77.22,1,1,1,873801.32,0.1444,1,4,0.2343,0.1456,3,1,1,0,1
NCRB-SYNTH-103109,High Court,Sec 482 CrPC (Quashing),1,11,58,0,0,1,1,1,0,1,1,1,0.8671,1,243,0,1,1,1,1,1,1,0.9246,239,12.7158,22.07,1,1,1,147515.71,0.0075,1,2,0.8927,0.8126,1,1,1,1,0
NCRB-SYNTH-103110,High Court,Sec 439 CrPC (Regular Bail),1,21,23,1,0,1,1,1,1,1,1,1,0.4948,1,292,1,0,1,1,1,1,1,0.6669,264,11.9922,23.81,1,1,1,2432571.05,0.0963,1,4,0.0602,0.0374,3,1,1,1,0
NCRB-SYNTH-103111,High Court,Sec 439 CrPC (Regular Bail),1,24,76,1,0,1,1,1,1,1,1,1,0.8087,1,112,1,1,1,1,1,1,1,0.5945,319,3.7997,88.47,1,1,1,1294334.63,0.1427,1,9,0.1828,0.0794,3,1,1,0,1
NCRB-SYNTH-103126,High Court,Sec 482 CrPC (Quashing),7,17,39,1,0,1,1,1,0,1,1,1,0.4557,1,244,1,0,1,1,1,1,1,0.7695,498,4.8269,28.29,1,1,1,2148163.7,0.0078,1,2,0.5733,0.5219,1,1,1,1,0
NCRB-SYNTH-103127,Supreme Court,Sec 439 CrPC (Regular Bail),1,14,74,1,0,1,1,1,1,1,1,1,0.7988,1,236,0,0,1,1,1,1,1,0.8122,346,10.501,71.05,1,1,1,362959.66,0.1877,1,7,0.2212,0.1064,3,1,1,1,0
NCRB-SYNTH-103136,Supreme Court,Sec 439 CrPC (Regular Bail),1,12,78,1,0,1,1,1,0,1,1,1,0.4028,1,185,1,1,1,1,1,1,1,0.6544,319,4.563,19.7,1,1,1,2170415.67,0.0506,1,2,0.6113,0.5564,1,1,1,1,0
NCRB-SYNTH-103143,Supreme Court,Sec 439 CrPC (Regular Bail),1,19,15,1,0,1,1,1,0,1,1,1,0.7229,1,293,0,0,1,1,1,1,1,0.4835,116,10.4067,48.84,1,1,1,249423.66,0.1899,1,2,0.8854,0.806,1,1,1,1,0
NCRB-SYNTH-103148,Supreme Court,Sec 439 CrPC (Regular Bail),15,12,55,1,0,1,1,1,0,1,1,1,0.5097,1,238,1,1,1,1,1,1,1,0.4811,476,8.3999,86.82,1,1,1,494444.37,0.0955,1,5,0.239,0.1334,3,1,1,1,0
NCRB-SYNTH-103151,High Court,Sec 439 CrPC (Regular Bail),21,23,51,1,0,1,1,1,0,1,1,1,0.6493,1,157,0,0,1,1,1,1,1,0.7016,117,12.575,77.74,1,1,1,605103.28,0.0124,1,23,0.141,0.0444,4,1,1,1,0
NCRB-SYNTH-103156,High Court,Sec 439 CrPC (Regular Bail),7,5,70,1,0,1,1,1,0,1,1,1,0.8074,1,252,1,1,1,1,1,1,1,0.5779,321,13.0605,42.07,1,1,1,838673.86,0.0853,1,6,0.1862,0.0957,3,1,1,1,1
NCRB-SYNTH-103171,High Court,Sec 482 CrPC (Quashing),2,7,40,1,0,1,1,1,0,1,1,1,0.4932,1,189,1,1,1,1,1,1,1,0.6228,325,8.8145,35.68,1,1,1,1320479.2,0.0359,1,7,0.0779,0.0374,3,1,1,1,0
NCRB-SYNTH-103177,High Court,Sec 482 CrPC (Quashing),2,14,35,1,1,1,1,1,1,1,1,1,0.463,1,243,0,0,1,1,1,1,1,0.7378,119,9.9999,86.75,1,1,1,1695369.36,0.1014,1,3,0.8532,0.6155,1,1,1,1,0
NCRB-SYNTH-103180,High Court,Sec 439 CrPC (Regular Bail),1,6,67,1,0,1,1,1,0,1,1,1,0.6663,1,167,1,1,1,1,1,1,1,0.7003,229,5.354,22.35,1,1,1,2121180.6,0.1087,1,7,0.1107,0.0532,3,1,1,1,1
NCRB-SYNTH-103201,High Court,Sec 439 CrPC (Regular Bail),7,9,42,1,0,1,1,1,0,1,1,1,0.7294,1,123,0,0,1,1,1,1,1,0.7158,151,7.6938,85.65,1,1,1,1955009.86,0.1552,1,11,0.2343,0.0943,3,1,1,0,0
NCRB-SYNTH-103205,Supreme Court,Sec 439 CrPC (Regular Bail),1,6,61,1,1,1,1,1,0,1,1,1,0.8291,1,145,1,1,1,1,1,1,1,0.4998,413,13.4285,79.94,1,1,1,1902323.13,0.1092,1,1,0.5572,0.8039,1,1,1,0,1
NCRB-SYNTH-103210,High Court,Sec 439 CrPC (Regular Bail),4,10,41,1,0,1,1,1,0,1,1,1,0.8026,1,193,1,0,1,1,1,1,1,0.6397,387,8.4081,70.0,1,1,1,2318749.45,0.1092,1,10,0.0801,0.0334,3,1,1,1,1
NCRB-SYNTH-103212,Supreme Court,Sec 482 CrPC (Quashing),1,24,63,1,0,1,1,1,1,1,1,1,0.9313,1,195,1,1,1,1,1,1,1,0.8357,146,11.9362,42.6,1,1,1,1716715.92,0.1702,1,1,0.9302,1.342,1,1,1,1,1
NCRB-SYNTH-103214,High Court,Sec 439 CrPC (Regular Bail),2,21,10,1,1,1,1,1,0,1,1,1,0.8784,1,142,1,0,1,1,1,1,1,0.8052,184,5.121,17.61,1,1,1,2236490.0,0.1664,1,39,0.1564,0.0424,4,1,1,0,1
NCRB-SYNTH-103232,High Court,Sec 439 CrPC (Regular Bail),1,7,14,1,0,1,1,1,0,1,1,1,0.7076,1,288,0,0,1,1,1,1,1,0.5233,434,9.3299,49.89,1,1,1,949693.08,0.0363,1,2,0.9378,0.8536,1,1,1,1,0
NCRB-SYNTH-103239,High Court,Sec 439 CrPC (Regular Bail),1,25,31,1,0,1,1,1,1,1,1,1,0.623,1,231,1,1,1,1,1,1,1,0.4274,451,10.7115,28.46,1,1,1,2438062.81,0.072,1,11,0.1825,0.0734,3,1,1,1,0
NCRB-SYNTH-103240,High Court,Sec 439 CrPC (Regular Bail),1,14,14,0,0,1,1,1,0,1,1,1,0.4215,1,212,1,1,1,1,1,1,1,0.659,313,13.9076,64.9,1,1,1,1831422.53,0.1842,1,1,0.6615,0.9543,1,1,1,1,0
NCRB-SYNTH-103244,High Court,Sec 482 CrPC (Quashing),1,20,17,1,0,1,1,1,0,1,1,1,0.5587,1,263,1,1,1,1,1,1,1,0.7349,485,12.2405,83.19,1,1,1,1496485.54,0.01,1,33,0.2559,0.0726,4,1,1,1,0
NCRB-SYNTH-103250,High Court,Sec 482 CrPC (Quashing),1,19,79,1,0,1,1,1,0,1,1,1,0.5609,1,261,1,1,1,1,1,1,1,0.7353,232,7.6046,45.82,1,1,1,1272107.85,0.0064,1,4,0.0736,0.0457,3,1,1,1,0
NCRB-SYNTH-103253,High Court,Trial Judgment,1,6,72,1,0,1,1,1,0,1,1,1,0.5704,1,212,1,1,1,1,1,1,1,0.7261,353,3.7173,87.38,1,1,1,1646633.46,0.157,1,3,0.4814,0.3473,1,1,1,1,0
NCRB-SYNTH-103257,High Court,Writ Petition (Detention),27,11,19,1,0,1,1,1,0,1,1,1,0.9269,1,241,1,1,1,1,1,1,1,0.442,112,13.2716,69.27,1,1,1,497702.67,0.1481,1,15,0.2872,0.1036,4,1,1,1,1
NCRB-SYNTH-103268,High Court,Sec 439 CrPC (Regular Bail),7,22,71,1,0,1,1,1,1,1,1,1,0.6625,1,199,1,1,1,1,1,1,1,0.8575,316,10.5052,37.05,1,1,1,1924530.42,0.0672,1,8,0.0837,0.0381,3,1,1,1,1
NCRB-SYNTH-103269,Supreme Court,Sec 439 CrPC (Regular Bail),2,10,49,1,0,1,1,1,0,1,1,1,0.6473,1,200,1,0,1,1,1,1,1,0.6423,338,4.0311,42.59,1,1,1,365426.95,0.0916,1,4,0.1729,0.1074,3,1,1,1,0
NCRB-SYNTH-103270,Trial Court,Sec 482 CrPC (Quashing),1,4,56,1,0,1,1,1,0,1,1,1,0.654,1,192,1,1,1,1,1,1,1,0.6569,357,4.9201,86.23,1,1,1,1752321.51,0.1919,1,2,0.8572,0.7802,1,1,1,1,1
NCRB-SYNTH-103297,High Court,Sec 439 CrPC (Regular Bail),1,8,65,1,0,1,1,1,0,1,1,1,0.9272,1,191,1,1,1,1,1,1,1,0.6194,288,3.5626,77.9,1,1,1,2146261.0,0.0332,1,1,0.8003,1.1546,1,1,1,1,1
NCRB-SYNTH-103303,Trial Court,Sec 439 CrPC (Regular Bail),1,9,37,1,1,1,1,1,0,1,1,1,0.4626,1,288,0,0,1,1,1,1,1,0.7107,191,3.9054,54.02,1,1,1,1330680.98,0.1537,1,9,0.1113,0.0484,3,1,1,1,0
NCRB-SYNTH-103312,Trial Court,Sec 439 CrPC (Regular Bail),4,11,65,1,0,1,1,1,0,1,1,1,0.9375,1,283,0,1,1,1,1,1,1,0.801,426,4.3478,66.7,1,1,1,1377538.35,0.0189,1,2,0.7452,0.6783,1,1,1,1,0
NCRB-SYNTH-103316,High Court,Sec 482 CrPC (Quashing),1,15,10,1,1,1,1,1,0,1,1,1,0.6207,1,256,0,0,1,1,1,1,1,0.7588,302,4.0915,20.34,1,1,1,978204.55,0.1634,1,41,0.268,0.0717,4,1,1,1,0
NCRB-SYNTH-103324,High Court,Sec 439 CrPC (Regular Bail),1,15,61,1,0,1,1,1,1,1,1,1,0.5385,1,150,1,1,1,1,1,1,1,0.7282,193,9.909,45.68,1,1,1,1103618.98,0.0062,1,2,0.8037,0.7315,1,1,1,0,0
NCRB-SYNTH-103330,Supreme Court,Sec 439 CrPC (Regular Bail),1,25,71,1,0,1,1,1,0,1,1,1,0.5378,1,295,1,1,1,1,1,1,1,0.714,230,3.9454,42.2,1,1,1,1840490.29,0.1185,1,7,0.2326,0.1119,3,1,1,1,0
NCRB-SYNTH-103331,High Court,Trial Judgment,1,19,51,1,0,1,1,1,0,1,1,1,0.5142,1,230,1,1,1,1,1,1,1,0.4956,355,4.0182,69.56,1,1,1,308614.44,0.1562,1,29,0.1345,0.0395,4,1,1,1,0
NCRB-SYNTH-103339,Supreme Court,Trial Judgment,2,12,56,1,0,1,1,1,1,1,1,1,0.5649,1,212,1,1,1,1,1,1,1,0.6518,173,11.5519,54.75,1,1,1,492622.39,0.1234,1,39,0.1624,0.044,4,1,1,0,0
NCRB-SYNTH-103340,High Court,Sec 439 CrPC (Regular Bail),2,18,46,1,0,1,1,1,0,1,1,1,0.6803,1,244,1,1,1,1,1,1,1,0.5539,221,13.8472,50.12,1,1,1,2329150.84,0.003,1,32,0.3167,0.0906,4,1,1,1,1
NCRB-SYNTH-103342,High Court,Sec 482 CrPC (Quashing),1,7,20,1,0,1,1,1,0,1,1,1,0.6064,1,196,1,1,1,1,1,1,1,0.6682,119,5.0768,66.54,1,1,1,2222445.16,0.1471,1,35,0.2669,0.0745,4,1,1,1,0
NCRB-SYNTH-103343,High Court,Writ Petition (Detention),4,4,76,0,0,1,1,1,1,1,1,1,0.9755,1,163,1,1,1,1,1,1,1,0.5651,374,10.0817,61.67,1,1,1,1660726.35,0.1732,1,7,0.2477,0.1191,3,1,1,1,1
NCRB-SYNTH-103357,High Court,Sec 439 CrPC (Regular Bail),4,3,38,1,0,1,1,1,0,1,1,1,0.8427,1,268,1,1,1,1,1,1,1,0.4829,173,11.8964,18.47,1,1,1,826037.26,0.1609,1,23,0.089,0.028,4,1,1,1,1
NCRB-SYNTH-103360,High Court,Sec 439 CrPC (Regular Bail),2,13,13,1,0,1,1,1,0,1,1,1,0.7602,1,139,1,1,1,1,1,1,1,0.8539,195,10.9967,83.96,1,1,1,567670.78,0.151,1,8,0.2337,0.1063,3,1,1,0,1
NCRB-SYNTH-103363,High Court,Sec 439 CrPC (Regular Bail),1,22,20,1,1,1,1,1,0,1,1,1,0.8717,1,187,0,0,1,1,1,1,1,0.7138,194,10.1686,40.43,1,1,1,2479569.89,0.0037,1,9,0.0836,0.0363,3,1,1,1,0
NCRB-SYNTH-103366,High Court,Sec 482 CrPC (Quashing),21,21,39,1,0,1,1,1,0,1,1,1,0.8485,1,245,1,1,1,1,1,1,1,0.8381,314,12.5689,40.67,1,1,1,483872.01,0.031,1,3,0.6679,0.4818,1,1,1,0,1
NCRB-SYNTH-103370,Trial Court,Sec 439 CrPC (Regular Bail),1,9,67,1,1,1,1,1,1,1,1,1,0.5043,1,207,1,1,1,1,1,1,1,0.7396,191,10.5719,85.86,1,1,1,1678652.92,0.0671,1,14,0.1365,0.0504,4,1,1,1,0
NCRB-SYNTH-103372,Trial Court,Sec 482 CrPC (Quashing),1,20,41,1,0,1,1,1,0,1,1,1,0.9516,1,121,1,1,1,1,1,1,1,0.673,126,11.4844,16.67,1,1,1,877144.98,0.1843,1,2,0.8175,0.7441,1,1,1,0,1
NCRB-SYNTH-103374,High Court,Sec 439 CrPC (Regular Bail),1,25,38,1,0,1,1,1,0,1,1,1,0.4,1,146,0,1,1,1,1,1,1,0.5583,198,3.8792,79.26,1,1,1,1980925.63,0.0336,1,27,0.1283,0.0385,4,1,1,0,0
NCRB-SYNTH-103380,Trial Court,Sec 482 CrPC (Quashing),1,9,52,1,0,1,1,1,0,1,1,1,0.415,1,155,1,1,1,1,1,1,1,0.9036,418,9.3544,16.16,1,1,1,1980676.57,0.037,1,6,0.0769,0.0395,3,1,1,0,0
NCRB-SYNTH-103388,High Court,Sec 439 CrPC (Regular Bail),4,8,48,1,0,1,1,1,0,1,1,1,0.842,1,180,1,1,1,1,1,1,1,0.6514,260,13.3153,47.42,1,1,1,1829355.86,0.1125,1,17,0.2968,0.1027,4,1,1,1,1
NCRB-SYNTH-103390,High Court,Sec 482 CrPC (Quashing),1,3,20,1,0,1,1,1,1,1,1,1,0.5858,1,172,1,1,1,1,1,1,1,0.569,115,13.5617,79.77,1,1,1,1416654.76,0.165,1,1,0.442,0.6377,1,1,1,1,0
NCRB-SYNTH-103400,High Court,Sec 439 CrPC (Regular Bail),1,22,36,1,0,1,1,1,0,1,1,1,0.9082,1,141,1,1,1,1,1,1,1,0.5817,365,10.5684,66.48,1,1,1,2173630.32,0.1093,1,33,0.2489,0.0706,4,1,1,0,1
NCRB-SYNTH-103416,High Court,Sec 482 CrPC (Quashing),2,8,33,1,0,1,1,1,0,1,1,1,0.766,1,145,0,0,1,1,1,1,1,0.6926,173,7.767,57.81,1,1,1,150425.06,0.0151,1,4,0.0558,0.0347,3,1,1,1,0
NCRB-SYNTH-103418,Supreme Court,Sec 439 CrPC (Regular Bail),1,20,46,1,1,1,1,1,1,1,1,1,0.677,1,250,1,1,1,1,1,1,1,0.7052,491,5.8814,46.58,1,1,1,1800048.71,0.0967,1,1,0.4798,0.6922,1,1,1,1,1
NCRB-SYNTH-103422,High Court,Sec 439 CrPC (Regular Bail),2,22,74,1,1,1,1,1,1,1,1,1,0.5297,1,132,1,1,1,1,1,1,1,0.4778,445,12.2437,74.66,1,1,1,510029.2,0.179,1,5,0.2139,0.1194,3,1,1,0,0
NCRB-SYNTH-103426,High Court,Sec 439 CrPC (Regular Bail),4,11,41,1,0,1,1,1,0,1,1,1,0.6573,1,115,1,1,1,1,1,1,1,0.6469,296,5.0692,28.07,1,1,1,270524.18,0.074,1,3,0.524,0.378,1,1,1,0,1
NCRB-SYNTH-103427,High Court,Sec 482 CrPC (Quashing),2,15,62,1,0,1,1,1,0,1,1,1,0.6393,1,285,1,1,1,1,1,1,1,0.5673,201,8.4378,60.66,1,1,1,1056224.79,0.129,1,6,0.0834,0.0429,3,1,1,0,0
NCRB-SYNTH-103428,High Court,Sec 482 CrPC (Quashing),1,14,10,1,1,1,1,1,0,1,1,1,0.5828,1,261,1,1,1,1,1,1,1,0.9055,204,7.0032,80.3,1,1,1,914971.85,0.1257,1,5,0.2122,0.1184,3,1,1,1,0
NCRB-SYNTH-103430,Supreme Court,Sec 439 CrPC (Regular Bail),1,20,65,1,1,1,1,1,0,1,1,1,0.6962,1,131,1,0,1,1,1,1,1,0.5724,146,11.8068,49.07,1,1,1,429455.86,0.0979,1,14,0.2501,0.0924,4,1,1,0,1
NCRB-SYNTH-103431,High Court,Sec 482 CrPC (Quashing),1,23,43,1,0,1,1,1,0,1,1,1,0.6706,1,230,1,1,1,1,1,1,1,0.7068,286,13.6712,28.89,1,1,1,895736.63,0.0744,1,11,0.0834,0.0336,3,1,1,1,1
NCRB-SYNTH-103438,High Court,Sec 482 CrPC (Quashing),1,12,38,0,0,1,1,1,0,1,1,1,0.4334,1,256,1,1,1,1,1,1,1,0.6957,284,6.9816,60.99,1,1,1,1162807.73,0.1005,1,8,0.0575,0.0262,3,1,1,1,0
NCRB-SYNTH-103446,High Court,Sec 439 CrPC (Regular Bail),4,16,15,1,0,1,1,1,0,1,1,1,0.8555,1,266,1,1,1,1,1,1,1,0.7858,173,7.48,53.16,1,1,1,1964933.92,0.0048,1,31,0.301,0.0869,4,1,1,1,1
NCRB-SYNTH-103449,High Court,Sec 439 CrPC (Regular Bail),1,9,66,1,1,1,1,1,1,1,1,1,0.8332,1,209,1,1,1,1,1,1,1,0.7236,447,13.7488,16.02,1,1,1,1209665.16,0.1445,1,44,0.2667,0.07,4,1,1,1,1
NCRB-SYNTH-103452,High Court,Writ Petition (Detention),45,8,23,1,0,1,1,1,0,1,1,1,0.369,1,161,1,1,1,1,1,1,1,0.6257,394,9.6559,29.22,1,1,1,128318.32,0.0432,1,11,0.1743,0.0701,3,1,1,1,0
NCRB-SYNTH-103453,Supreme Court,Sec 482 CrPC (Quashing),2,14,78,1,0,1,1,1,0,1,1,1,0.7739,1,170,0,0,1,1,1,1,1,0.4835,142,4.0491,53.62,1,1,1,1289533.09,0.0545,1,6,0.1926,0.099,3,1,1,0,0
NCRB-SYNTH-103458,Supreme Court,Sec 439 CrPC (Regular Bail),2,6,71,1,0,1,1,1,1,1,1,1,0.4731,1,150,0,0,1,1,1,1,1,0.593,313,3.9829,65.19,1,1,1,927635.17,0.1883,1,5,0.0623,0.0347,3,1,1,1,0
NCRB-SYNTH-103459,High Court,Sec 439 CrPC (Regular Bail),1,6,60,1,1,1,1,1,0,1,1,1,0.7491,1,249,1,1,1,1,1,1,1,0.6267,212,8.3327,78.25,1,1,1,701049.23,0.1376,1,8,0.226,0.1028,3,1,1,1,1
NCRB-SYNTH-103460,High Court,Writ Petition (Detention),1,15,22,1,1,1,1,1,1,1,1,1,0.7807,1,296,1,1,1,1,1,1,1,0.5272,280,10.209,55.89,1,1,1,942911.16,0.1646,1,1,0.8761,1.264,1,1,1,1,1
NCRB-SYNTH-103463,High Court,Sec 482 CrPC (Quashing),7,9,13,0,0,1,1,1,0,1,1,1,0.685,1,127,1,1,1,1,1,1,1,0.73,489,6.281,51.17,1,1,1,1818654.56,0.0746,1,3,0.6339,0.4573,1,1,1,1,1
NCRB-SYNTH-103464,High Court,Sec 439 CrPC (Regular Bail),1,25,47,1,1,1,1,1,0,1,1,1,0.5684,1,191,1,1,1,1,1,1,1,0.7083,328,8.9751,39.83,1,1,1,1026062.84,0.0878,1,2,0.4361,0.397,1,1,1,1,0
NCRB-SYNTH-103468,High Court,Sec 482 CrPC (Quashing),2,3,13,1,0,1,1,1,1,1,1,1,0.4512,1,251,1,1,1,1,1,1,1,0.6534,171,11.0611,35.26,1,1,1,563049.37,0.0409,1,9,0.0896,0.0389,3,1,1,1,0
NCRB-SYNTH-103473,High Court,Sec 439 CrPC (Regular Bail),2,14,39,1,0,1,1,1,0,1,1,1,0.8662,1,138,1,1,1,1,1,1,1,0.9018,441,9.8697,73.26,1,1,1,1954183.94,0.0637,1,3,0.4606,0.3322,1,1,1,1,1
NCRB-SYNTH-103474,High Court,Sec 439 CrPC (Regular Bail),7,22,63,0,1,1,1,1,0,1,1,1,0.8051,1,262,1,1,1,1,1,1,1,0.5781,492,13.7394,57.64,1,1,1,1906022.72,0.0753,1,10,0.1848,0.0771,3,1,1,1,1
NCRB-SYNTH-103482,High Court,Sec 439 CrPC (Regular Bail),1,25,74,1,1,1,1,1,0,1,1,1,0.8172,1,214,1,1,1,1,1,1,1,0.6562,490,7.1217,40.04,1,1,1,512175.43,0.0861,1,1,0.8341,1.2033,1,1,1,1,1
NCRB-SYNTH-103485,High Court,Sec 439 CrPC (Regular Bail),1,14,70,1,1,1,1,1,1,1,1,1,0.7687,1,195,1,1,1,1,1,1,1,0.705,372,7.9313,46.31,1,1,1,585606.18,0.006,1,5,0.0628,0.035,3,1,1,1,1
NCRB-SYNTH-103486,Supreme Court,Sec 482 CrPC (Quashing),4,14,58,1,0,1,1,1,0,1,1,1,0.5008,1,199,1,1,1,1,1,1,1,0.6806,476,8.1228,68.81,1,1,1,2205457.29,0.1502,1,8,0.0525,0.0239,3,1,1,1,0
NCRB-SYNTH-103492,High Court,Sec 482 CrPC (Quashing),15,24,40,1,0,1,1,1,0,1,1,1,0.7512,1,186,0,0,1,1,1,1,1,0.5413,348,7.8045,80.34,1,1,1,55050.0,0.1386,1,10,0.1481,0.0618,3,1,1,1,0
NCRB-SYNTH-103495,Supreme Court,Sec 439 CrPC (Regular Bail),45,15,51,1,0,1,1,1,0,1,1,1,0.6035,1,262,1,1,1,1,1,1,1,0.6104,496,11.2757,86.92,1,1,1,214440.95,0.1878,1,28,0.3009,0.0893,4,1,1,1,0
NCRB-SYNTH-103506,Trial Court,Sec 439 CrPC (Regular Bail),15,23,59,1,0,1,1,1,1,1,1,1,0.6668,1,148,1,0,1,1,1,1,1,0.6962,346,13.1421,16.45,1,1,1,54713.05,0.1378,1,3,0.8277,0.5971,1,1,1,1,1
NCRB-SYNTH-103539,High Court,Sec 482 CrPC (Quashing),7,24,32,1,0,1,1,1,1,1,1,1,0.7477,1,275,1,1,1,1,1,1,1,0.7403,469,7.4671,34.32,1,1,1,2109440.16,0.0106,1,3,0.4573,0.3299,1,1,1,1,1
NCRB-SYNTH-103550,Trial Court,Sec 482 CrPC (Quashing),21,12,69,1,1,1,1,1,0,1,1,1,0.7225,1,134,1,1,1,1,1,1,1,0.8446,148,7.9499,83.86,1,1,1,1974522.03,0.0483,1,4,0.2015,0.1252,3,1,1,1,1
NCRB-SYNTH-103553,High Court,Sec 482 CrPC (Quashing),45,21,41,1,0,1,1,1,1,1,1,1,0.3921,1,167,1,1,1,1,1,1,1,0.5928,398,12.4307,24.38,1,1,1,1505112.58,0.1008,1,31,0.2947,0.085,4,1,1,1,0
NCRB-SYNTH-103556,High Court,Sec 482 CrPC (Quashing),2,9,65,1,0,1,1,1,0,1,1,1,0.5175,1,231,0,0,1,1,1,1,1,0.7444,306,8.9704,68.52,1,1,1,502613.41,0.0946,1,33,0.2599,0.0737,4,1,1,1,0
NCRB-SYNTH-103567,Supreme Court,Sec 439 CrPC (Regular Bail),1,23,65,1,0,1,1,1,1,1,1,1,0.7432,1,150,0,0,1,1,1,1,1,0.7665,227,8.5716,16.06,1,1,1,2414549.19,0.0053,1,39,0.1076,0.0292,4,1,1,0,0
NCRB-SYNTH-103568,High Court,Sec 439 CrPC (Regular Bail),4,13,43,1,1,1,1,1,0,1,1,1,0.6101,1,265,1,1,1,1,1,1,1,0.6013,135,12.1064,42.96,1,1,1,1186991.31,0.1895,1,1,0.8275,1.1939,1,1,1,1,0
NCRB-SYNTH-103593,Trial Court,Sec 439 CrPC (Regular Bail),1,5,50,1,0,1,1,1,0,1,1,1,0.3747,1,189,0,0,1,1,1,1,1,0.8698,119,4.9182,33.24,1,1,1,1290158.02,0.0933,1,41,0.2285,0.0611,4,1,1,1,0
NCRB-SYNTH-103594,High Court,Sec 482 CrPC (Quashing),1,25,48,1,0,1,1,1,0,1,1,1,0.464,1,275,1,1,1,1,1,1,1,0.7488,120,9.9614,17.97,1,1,1,2217471.62,0.1112,1,11,0.12,0.0483,3,1,1,1,0
NCRB-SYNTH-103596,Supreme Court,Sec 482 CrPC (Quashing),15,9,51,1,0,1,1,1,0,1,1,1,0.8755,1,188,1,1,1,1,1,1,1,0.747,474,3.8631,73.02,1,1,1,1013574.39,0.1143,1,1,0.7578,1.0933,1,1,1,1,1
NCRB-SYNTH-103598,High Court,Sec 482 CrPC (Quashing),1,8,75,1,0,1,1,1,1,1,1,1,0.5228,1,146,1,1,1,1,1,1,1,0.5905,269,3.7704,34.21,1,1,1,1593236.96,0.0551,1,22,0.1313,0.0419,4,1,1,0,0
NCRB-SYNTH-103600,Trial Court,Writ Petition (Detention),2,22,29,1,0,1,1,1,0,1,1,1,0.8911,1,130,1,1,1,1,1,1,1,0.6998,470,5.7142,55.4,1,1,1,1890281.73,0.1335,1,5,0.2315,0.1292,3,1,1,0,1
NCRB-SYNTH-103602,Supreme Court,Sec 482 CrPC (Quashing),7,10,23,1,0,1,1,1,0,1,1,1,0.9007,1,216,1,0,1,1,1,1,1,0.334,133,12.1023,64.2,1,1,1,575769.17,0.0037,1,35,0.1166,0.0325,4,1,1,1,1
NCRB-SYNTH-103611,High Court,Sec 482 CrPC (Quashing),1,4,47,1,0,1,1,1,1,1,1,1,0.9302,1,158,0,0,1,1,1,1,1,0.6109,225,5.7754,53.38,1,1,1,1985100.95,0.079,1,7,0.2246,0.108,3,1,1,0,0
NCRB-SYNTH-103617,High Court,Sec 439 CrPC (Regular Bail),1,8,46,1,0,1,1,1,1,1,1,1,0.8948,1,190,1,0,1,1,1,1,1,0.5758,443,7.6804,57.49,1,1,1,2348285.67,0.1037,1,11,0.1479,0.0595,3,1,1,1,1
NCRB-SYNTH-103621,High Court,Sec 439 CrPC (Regular Bail),1,25,46,1,0,1,1,1,1,1,1,1,0.8719,1,200,1,1,1,1,1,1,1,0.7602,270,12.2164,21.77,1,1,1,1479810.71,0.0566,1,4,0.2468,0.1534,3,1,1,1,1
NCRB-SYNTH-103630,High Court,Sec 482 CrPC (Quashing),7,5,21,1,0,1,1,1,0,1,1,1,0.8585,1,284,1,1,1,1,1,1,1,0.4808,421,5.6074,64.36,1,1,1,303651.74,0.0271,1,10,0.0807,0.0336,3,1,1,1,1
NCRB-SYNTH-103649,Supreme Court,Sec 439 CrPC (Regular Bail),2,3,65,1,0,1,1,1,1,1,1,1,0.5082,1,138,1,1,1,1,1,1,1,0.6336,282,11.0891,28.68,1,1,1,2181926.02,0.0191,1,29,0.1446,0.0425,4,1,1,0,0
NCRB-SYNTH-103659,High Court,Sec 439 CrPC (Regular Bail),1,11,17,1,1,1,1,1,1,1,1,1,0.5054,1,179,1,0,1,1,1,1,1,0.5626,179,10.3426,89.8,1,1,1,2481279.43,0.123,1,32,0.2972,0.085,4,1,1,1,0
NCRB-SYNTH-103665,High Court,Trial Judgment,2,14,30,1,0,1,1,1,0,1,1,1,0.9221,1,232,1,1,1,1,1,1,1,0.5955,481,10.0893,64.72,1,1,1,2320820.23,0.15,1,9,0.1018,0.0442,3,1,1,1,1
NCRB-SYNTH-103675,Supreme Court,Sec 439 CrPC (Regular Bail),1,13,48,1,0,1,1,1,1,1,1,1,0.6785,1,251,1,1,1,1,1,1,1,0.6149,422,13.6723,34.0,1,1,1,1652968.34,0.0862,1,6,0.161,0.0827,3,1,1,1,1
NCRB-SYNTH-103685,Trial Court,Sec 439 CrPC (Regular Bail),1,19,57,1,0,1,1,1,0,1,1,1,0.7703,1,242,1,1,1,1,1,1,1,0.436,217,7.2501,46.08,1,1,1,1849759.9,0.1185,1,11,0.0601,0.0242,3,1,1,1,1
NCRB-SYNTH-103686,Supreme Court,Sec 439 CrPC (Regular Bail),2,18,27,0,0,1,1,1,1,1,1,1,0.5956,1,139,0,0,1,1,1,1,1,0.5556,427,6.3532,30.91,1,1,1,1180937.26,0.1852,1,8,0.0861,0.0392,3,1,1,1,0
NCRB-SYNTH-103698,High Court,Sec 482 CrPC (Quashing),1,6,72,1,0,1,1,1,1,1,1,1,0.5028,1,175,1,0,1,1,1,1,1,0.535,394,9.0501,32.62,1,1,1,1008311.93,0.1949,1,1,0.9241,1.3332,1,1,1,1,0
NCRB-SYNTH-103701,High Court,Sec 439 CrPC (Regular Bail),4,20,18,1,0,1,1,1,1,1,1,1,0.5391,1,250,1,0,1,1,1,1,1,0.79,400,10.8188,83.56,1,1,1,1972661.16,0.0475,1,1,0.4707,0.6791,1,1,1,1,0
NCRB-SYNTH-103702,High Court,Sec 439 CrPC (Regular Bail),1,9,39,1,0,1,1,1,0,1,1,1,0.9145,1,241,1,1,1,1,1,1,1,0.6344,348,4.036,82.41,1,1,1,760746.71,0.1235,1,2,0.4787,0.4357,1,1,1,1,1
NCRB-SYNTH-103714,Supreme Court,Sec 439 CrPC (Regular Bail),1,7,68,1,0,1,1,1,1,1,1,1,0.8715,1,251,1,1,1,1,1,1,1,0.3946,363,13.1358,63.66,1,1,1,752288.35,0.1612,1,4,0.1318,0.0819,3,1,1,1,1
NCRB-SYNTH-103730,High Court,Sec 439 CrPC (Regular Bail),2,13,64,1,1,1,1,1,1,1,1,1,0.4813,1,143,0,0,1,1,1,1,1,0.9001,314,8.0829,79.63,1,1,1,1683129.24,0.0966,1,3,0.7095,0.5118,1,1,1,1,0
NCRB-SYNTH-103737,Supreme Court,Sec 439 CrPC (Regular Bail),1,23,79,1,1,1,1,1,0,1,1,1,0.7493,1,178,1,1,1,1,1,1,1,0.3288,293,9.1253,26.98,1,1,1,1772455.23,0.1721,1,42,0.0805,0.0214,4,1,1,0,1
NCRB-SYNTH-103740,High Court,Sec 439 CrPC (Regular Bail),2,8,59,1,0,1,1,1,0,1,1,1,0.7881,1,121,1,1,1,1,1,1,1,0.8845,222,11.0553,87.97,1,1,1,1024983.77,0.1349,1,9,0.0954,0.0414,3,1,1,0,1
NCRB-SYNTH-103747,High Court,Sec 482 CrPC (Quashing),1,8,70,1,1,1,1,1,0,1,1,1,0.8232,1,232,1,1,1,1,1,1,1,0.7461,136,10.6864,75.33,1,1,1,390309.77,0.1701,1,4,0.1367,0.0849,3,1,1,0,1
NCRB-SYNTH-103754,High Court,Sec 439 CrPC (Regular Bail),2,18,44,1,0,1,1,1,1,1,1,1,0.8665,1,157,1,1,1,1,1,1,1,0.6058,395,12.6324,47.46,1,1,1,1420884.34,0.1119,1,11,0.1051,0.0423,3,1,1,1,1
NCRB-SYNTH-103767,High Court,Sec 439 CrPC (Regular Bail),1,15,23,1,1,1,1,1,0,1,1,1,0.6097,1,153,1,1,1,1,1,1,1,0.3771,181,13.4336,37.85,1,1,1,2297905.12,0.0126,1,7,0.064,0.0308,3,1,1,0,0
NCRB-SYNTH-103775,High Court,Sec 439 CrPC (Regular Bail),15,21,78,1,0,1,1,1,1,1,1,1,0.561,1,251,1,1,1,1,1,1,1,0.739,493,11.4974,27.97,1,1,1,677132.48,0.1889,1,1,0.494,0.7127,1,1,1,1,0
NCRB-SYNTH-103778,Supreme Court,Sec 439 CrPC (Regular Bail),2,7,55,1,0,1,1,1,0,1,1,1,0.3934,1,224,1,1,1,1,1,1,1,0.5292,405,10.7105,38.9,1,1,1,2418862.07,0.0774,1,6,0.1937,0.0996,3,1,1,1,0
NCRB-SYNTH-103779,High Court,Writ Petition (Detention),7,21,44,1,1,1,1,1,1,1,1,1,0.8871,1,189,0,0,1,1,1,1,1,0.6782,120,10.5722,63.42,1,1,1,1499437.69,0.0905,1,11,0.24,0.0966,3,1,1,0,0
NCRB-SYNTH-103787,High Court,Sec 439 CrPC (Regular Bail),1,4,51,1,0,1,1,1,0,1,1,1,0.8374,1,236,1,1,1,1,1,1,1,0.6099,163,6.2788,16.43,1,1,1,389205.0,0.0202,1,9,0.0939,0.0408,3,1,1,1,1
NCRB-SYNTH-103793,Supreme Court,Sec 482 CrPC (Quashing),1,23,62,1,0,1,1,1,1,1,1,1,0.6685,1,167,1,1,1,1,1,1,1,0.8739,414,9.5874,37.94,1,1,1,1483161.12,0.1479,1,5,0.2201,0.1228,3,1,1,1,1
NCRB-SYNTH-103796,High Court,Sec 439 CrPC (Regular Bail),4,24,28,1,0,1,1,1,0,1,1,1,0.4286,1,261,1,1,1,1,1,1,1,0.3869,236,10.8323,16.67,1,1,1,1419767.88,0.187,1,9,0.1808,0.0785,3,1,1,1,0
NCRB-SYNTH-103800,Supreme Court,Sec 482 CrPC (Quashing),1,12,54,1,0,1,1,1,0,1,1,1,0.843,1,256,1,1,1,1,1,1,1,0.8091,382,5.2327,49.09,1,1,1,378606.69,0.046,1,7,0.1947,0.0936,3,1,1,1,1
NCRB-SYNTH-103811,High Court,Sec 439 CrPC (Regular Bail),1,9,63,1,0,1,1,1,1,1,1,1,0.5284,1,226,0,0,1,1,1,1,1,0.5819,395,10.9725,67.18,1,1,1,1197012.39,0.1701,1,1,0.6842,0.9871,1,1,1,1,0
NCRB-SYNTH-103814,High Court,Sec 439 CrPC (Regular Bail),1,6,73,1,1,1,1,1,0,1,1,1,0.4342,1,281,1,1,1,1,1,1,1,0.7461,305,6.3861,61.3,1,1,1,2025896.32,0.0503,1,10,0.0825,0.0344,3,1,1,1,0
NCRB-SYNTH-103816,High Court,Sec 439 CrPC (Regular Bail),2,17,50,1,0,1,1,1,0,1,1,1,0.8867,1,267,1,1,1,1,1,1,1,0.6762,103,13.7379,68.51,1,1,1,834265.03,0.1862,1,42,0.1339,0.0356,4,1,1,1,1
NCRB-SYNTH-103840,High Court,Sec 439 CrPC (Regular Bail),1,3,26,1,0,1,1,1,0,1,1,1,0.6951,1,272,1,1,1,1,1,1,1,0.6388,260,8.7954,76.16,1,1,1,301910.48,0.1523,1,2,0.8106,0.7378,1,1,1,1,1
NCRB-SYNTH-103846,Trial Court,Sec 439 CrPC (Regular Bail),2,15,20,0,0,1,1,1,1,1,1,1,0.7744,1,170,1,1,1,1,1,1,1,0.7935,111,5.1572,17.18,1,1,1,278196.67,0.0188,1,4,0.138,0.0858,3,1,1,1,1
NCRB-SYNTH-103848,Supreme Court,Sec 439 CrPC (Regular Bail),4,21,12,1,1,1,1,1,0,1,1,1,0.6042,1,122,1,1,1,1,1,1,1,0.6872,169,11.1065,65.46,1,1,1,788453.57,0.1176,1,3,0.6446,0.4649,1,1,1,0,0
NCRB-SYNTH-103853,Supreme Court,Sec 482 CrPC (Quashing),1,20,19,1,0,1,1,1,0,1,1,1,0.8788,1,194,0,0,1,1,1,1,1,0.5094,333,9.6785,62.23,1,1,1,1660104.81,0.1242,1,6,0.1348,0.0693,3,1,1,1,0
NCRB-SYNTH-103855,Trial Court,Sec 439 CrPC (Regular Bail),1,5,33,1,1,1,1,1,0,1,1,1,0.6659,1,216,1,1,1,1,1,1,1,0.4666,123,6.496,29.27,1,1,1,787665.14,0.152,1,11,0.2319,0.0933,3,1,1,0,1
NCRB-SYNTH-103858,Supreme Court,Sec 482 CrPC (Quashing),1,4,65,1,0,1,1,1,0,1,1,1,0.5686,1,266,1,1,1,1,1,1,1,0.4973,371,8.5731,15.05,1,1,1,1057780.82,0.0546,1,14,0.2697,0.0996,4,1,1,1,0
NCRB-SYNTH-103862,High Court,Sec 439 CrPC (Regular Bail),21,21,35,1,0,1,1,1,1,1,1,1,0.5603,1,264,0,0,1,1,1,1,1,0.4289,111,11.0092,39.43,1,1,1,1640758.74,0.1535,1,1,0.7259,1.0473,1,1,1,1,0
NCRB-SYNTH-103868,Supreme Court,Writ Petition (Detention),1,10,78,1,0,1,1,1,0,1,1,1,0.4411,1,282,1,1,1,1,1,1,1,0.7492,437,8.0472,87.45,1,1,1,1417294.08,0.1665,1,5,0.1441,0.0805,3,1,1,1,0
NCRB-SYNTH-103869,Trial Court,Sec 439 CrPC (Regular Bail),1,22,33,1,1,1,1,1,0,1,1,1,0.6626,1,155,1,1,1,1,1,1,1,0.7008,488,10.4017,42.25,1,1,1,753933.19,0.0645,1,11,0.0536,0.0216,3,1,1,0,1
NCRB-SYNTH-103879,High Court,Sec 439 CrPC (Regular Bail),27,25,53,1,0,1,1,1,1,1,1,1,0.5447,1,154,1,0,1,1,1,1,1,0.6094,179,4.351,42.66,1,1,1,653866.41,0.1877,1,22,0.1374,0.0438,4,1,1,1,0
NCRB-SYNTH-103888,High Court,Sec 482 CrPC (Quashing),1,14,35,0,0,1,1,1,0,1,1,1,0.4105,1,198,0,0,1,1,1,1,1,0.6031,192,9.2314,74.45,1,1,1,1289638.83,0.1518,1,42,0.1159,0.0308,4,1,1,1,0
NCRB-SYNTH-103889,High Court,Sec 439 CrPC (Regular Bail),4,14,66,1,0,1,1,1,0,1,1,1,0.7479,1,292,1,1,1,1,1,1,1,0.5852,481,9.7199,73.63,1,1,1,945030.05,0.0978,1,30,0.2899,0.0844,4,1,1,1,1
NCRB-SYNTH-103893,High Court,Sec 439 CrPC (Regular Bail),1,5,45,1,0,1,1,1,1,1,1,1,0.5108,1,247,0,1,1,1,1,1,1,0.803,157,6.8806,31.7,1,1,1,1639690.77,0.0327,1,1,0.9199,1.3272,1,1,1,1,0
NCRB-SYNTH-103909,High Court,Trial Judgment,1,12,26,1,0,1,1,1,0,1,1,1,0.539,1,151,0,0,1,1,1,1,1,0.6137,103,5.853,66.72,1,1,1,962707.39,0.0184,1,44,0.2216,0.0582,4,1,1,1,0
NCRB-SYNTH-103919,High Court,Sec 439 CrPC (Regular Bail),1,25,27,0,0,1,1,1,0,1,1,1,0.8324,1,163,0,1,1,1,1,1,1,0.905,249,10.3489,68.44,1,1,1,1637160.79,0.0231,1,21,0.1424,0.0461,4,1,1,1,0
NCRB-SYNTH-103927,High Court,Sec 439 CrPC (Regular Bail),7,6,75,1,1,1,1,1,0,1,1,1,0.9753,1,218,1,1,1,1,1,1,1,0.4821,367,5.5859,84.45,1,1,1,927533.45,0.0373,1,10,0.0742,0.0309,3,1,1,1,1
NCRB-SYNTH-103928,Supreme Court,Sec 439 CrPC (Regular Bail),1,23,19,1,0,1,1,1,1,1,1,1,0.501,1,199,1,1,1,1,1,1,1,0.5884,439,7.7964,20.5,1,1,1,1166873.28,0.1127,1,1,0.6316,0.9113,1,1,1,1,0
NCRB-SYNTH-103929,High Court,Sec 482 CrPC (Quashing),1,18,70,1,0,1,1,1,0,1,1,1,0.7563,1,275,1,1,1,1,1,1,1,0.6696,114,9.4231,25.09,1,1,1,1512042.13,0.1402,1,8,0.0881,0.0401,3,1,1,1,1
NCRB-SYNTH-103933,High Court,Writ Petition (Detention),2,6,48,1,1,1,1,1,0,1,1,1,0.8017,1,166,1,1,1,1,1,1,1,0.6028,207,13.2965,61.82,1,1,1,227350.51,0.1675,1,11,0.1835,0.0739,3,1,1,1,1
NCRB-SYNTH-103947,High Court,Sec 482 CrPC (Quashing),4,5,23,1,0,1,1,1,1,1,1,1,0.6328,1,161,1,1,1,1,1,1,1,0.7466,179,9.2238,82.76,1,1,1,2060303.41,0.1378,1,6,0.1499,0.077,3,1,1,1,0
NCRB-SYNTH-103948,High Court,Sec 439 CrPC (Regular Bail),7,22,56,1,0,1,1,1,1,1,1,1,0.741,1,255,1,1,1,1,1,1,1,0.8041,189,9.6338,54.34,1,1,1,1641675.25,0.1688,1,8,0.0732,0.0333,3,1,1,1,1
NCRB-SYNTH-103961,High Court,Sec 482 CrPC (Quashing),4,21,19,1,0,1,1,1,1,1,1,1,0.7893,1,236,1,1,1,1,1,1,1,0.729,297,12.7475,54.27,1,1,1,933664.72,0.0258,1,4,0.222,0.1379,3,1,1,1,1
NCRB-SYNTH-103964,High Court,Sec 439 CrPC (Regular Bail),2,11,64,1,0,1,1,1,1,1,1,1,0.8861,1,226,1,1,1,1,1,1,1,0.5458,181,6.4732,88.85,1,1,1,524697.39,0.1696,1,18,0.1795,0.0609,4,1,1,0,1
NCRB-SYNTH-103969,Trial Court,Sec 482 CrPC (Quashing),1,4,33,1,0,1,1,1,0,1,1,1,0.6637,1,192,0,0,1,1,1,1,1,0.7652,262,8.3241,42.57,1,1,1,2133504.28,0.1266,1,4,0.195,0.1212,3,1,1,1,0
NCRB-SYNTH-104001,High Court,Sec 482 CrPC (Quashing),2,20,49,1,0,1,1,1,0,1,1,1,0.6157,1,299,0,0,1,1,1,1,1,0.578,291,4.2752,41.17,1,1,1,1926193.99,0.0928,1,9,0.0893,0.0388,3,1,1,1,0
NCRB-SYNTH-104009,High Court,Writ Petition (Detention),1,24,72,1,0,1,1,1,0,1,1,1,0.6087,1,256,1,1,1,1,1,1,1,0.9763,232,9.0142,78.83,1,1,1,70314.37,0.1319,1,2,0.5109,0.4651,1,1,1,1,0
NCRB-SYNTH-104013,Supreme Court,Sec 439 CrPC (Regular Bail),2,8,43,1,0,1,1,1,0,1,1,1,0.5565,1,289,1,1,1,1,1,1,1,0.7439,191,13.5637,27.04,1,1,1,1485252.49,0.0385,1,10,0.1221,0.0509,3,1,1,1,0
NCRB-SYNTH-104015,High Court,Sec 439 CrPC (Regular Bail),1,18,58,1,0,1,1,1,1,1,1,1,0.7712,1,296,1,1,1,1,1,1,1,0.6882,370,5.6539,58.14,1,1,1,1045629.06,0.1135,1,3,0.4314,0.3112,1,1,1,1,1
NCRB-SYNTH-104023,Trial Court,Sec 439 CrPC (Regular Bail),1,24,72,1,0,1,1,1,0,1,1,1,0.617,1,197,1,1,1,1,1,1,1,0.7549,479,12.7146,89.97,1,1,1,1916982.05,0.0702,1,4,0.231,0.1435,3,1,1,1,0
NCRB-SYNTH-104025,High Court,Sec 439 CrPC (Regular Bail),7,13,18,1,0,1,1,1,1,1,1,1,0.5104,1,255,1,1,1,1,1,1,1,0.8053,135,7.5137,57.92,1,1,1,593888.18,0.1812,1,2,0.6962,0.6337,1,1,1,1,0
NCRB-SYNTH-104031,Trial Court,Sec 439 CrPC (Regular Bail),1,11,56,1,1,1,1,1,0,1,1,1,0.8712,1,145,1,1,1,1,1,1,1,0.5654,236,8.8335,21.11,1,1,1,829898.15,0.1303,1,40,0.1654,0.0445,4,1,1,1,1
NCRB-SYNTH-104039,High Court,Sec 439 CrPC (Regular Bail),1,14,54,1,1,1,1,1,0,1,1,1,0.6866,1,137,1,1,1,1,1,1,1,0.7496,320,7.3151,74.71,1,1,1,1844877.14,0.1642,1,3,0.8237,0.5942,1,1,1,0,1
NCRB-SYNTH-104040,Trial Court,Sec 439 CrPC (Regular Bail),7,12,45,1,1,1,1,1,0,1,1,1,0.4374,1,206,1,1,1,1,1,1,1,0.7947,186,6.131,88.84,1,1,1,2236715.22,0.0296,1,30,0.2599,0.0757,4,1,1,1,0
NCRB-SYNTH-104044,High Court,Sec 439 CrPC (Regular Bail),1,25,18,1,1,1,1,1,0,1,1,1,0.6878,1,215,1,0,1,1,1,1,1,0.5035,498,5.7045,24.19,1,1,1,1516738.24,0.0093,1,8,0.159,0.0723,3,1,1,1,1
NCRB-SYNTH-104048,High Court,Sec 482 CrPC (Quashing),1,18,20,1,0,1,1,1,0,1,1,1,0.7992,1,174,0,0,1,1,1,1,1,0.6463,330,6.6091,71.04,1,1,1,1049079.67,0.1133,1,22,0.2358,0.0752,4,1,1,1,0
NCRB-SYNTH-104052,High Court,Sec 439 CrPC (Regular Bail),2,15,33,1,0,1,1,1,1,1,1,1,0.7732,1,218,1,1,1,1,1,1,1,0.4634,199,5.0727,48.7,1,1,1,2470605.57,0.1045,1,41,0.2705,0.0724,4,1,1,1,1
NCRB-SYNTH-104054,High Court,Writ Petition (Detention),1,21,10,1,0,1,1,1,1,1,1,1,0.8487,1,283,0,0,1,1,1,1,1,0.5074,419,11.7546,55.73,1,1,1,1365311.39,0.1101,1,39,0.273,0.074,4,1,1,1,0
NCRB-SYNTH-104069,High Court,Sec 482 CrPC (Quashing),15,3,70,1,0,1,1,1,0,1,1,1,0.9245,1,271,1,1,1,1,1,1,1,0.6874,112,10.7108,18.84,1,1,1,2267903.39,0.1803,1,3,0.7933,0.5723,1,1,1,1,1
NCRB-SYNTH-104072,High Court,Sec 439 CrPC (Regular Bail),2,11,78,1,0,1,1,1,0,1,1,1,0.7207,1,182,0,0,1,1,1,1,1,0.7021,413,13.463,62.07,1,1,1,2324047.23,0.0871,1,1,0.5496,0.7929,1,1,1,0,0
NCRB-SYNTH-104073,High Court,Sec 439 CrPC (Regular Bail),1,12,30,1,1,1,1,1,1,1,1,1,0.6648,1,270,1,1,1,1,1,1,1,0.7692,220,9.9094,49.73,1,1,1,196689.11,0.1307,1,9,0.2304,0.1001,3,1,1,1,1
NCRB-SYNTH-104074,High Court,Writ Petition (Detention),1,11,13,1,0,1,1,1,1,1,1,1,0.646,1,268,0,0,1,1,1,1,1,0.5992,185,7.8687,29.66,1,1,1,1399222.49,0.0272,1,40,0.1677,0.0452,4,1,1,1,0
NCRB-SYNTH-104075,High Court,Sec 439 CrPC (Regular Bail),1,14,67,1,0,1,1,1,0,1,1,1,0.843,1,241,1,1,1,1,1,1,1,0.7339,355,11.6003,70.33,1,1,1,2463712.65,0.0961,1,10,0.2148,0.0896,3,1,1,1,1
NCRB-SYNTH-104076,High Court,Sec 439 CrPC (Regular Bail),1,12,16,1,0,1,1,1,1,1,1,1,0.5378,1,282,1,1,1,1,1,1,1,0.8148,433,7.5977,26.98,1,1,1,1179714.48,0.0268,1,2,0.8974,0.8168,1,1,1,1,0
NCRB-SYNTH-104081,High Court,Sec 439 CrPC (Regular Bail),1,16,10,1,1,1,1,1,0,1,1,1,0.4643,1,192,0,0,1,1,1,1,1,0.739,126,8.7129,42.76,1,1,1,1028110.76,0.0743,1,10,0.1873,0.0781,3,1,1,1,0
NCRB-SYNTH-104083,High Court,Sec 439 CrPC (Regular Bail),15,9,78,1,0,1,1,1,1,1,1,1,0.7449,1,209,0,0,1,1,1,1,1,0.6301,153,12.4604,43.42,1,1,1,2231265.13,0.0686,1,10,0.1665,0.0694,3,1,1,1,0
NCRB-SYNTH-104088,High Court,Sec 439 CrPC (Regular Bail),2,12,73,1,0,1,1,1,1,1,1,1,0.9559,1,185,1,1,1,1,1,1,1,0.5795,270,9.4596,33.58,1,1,1,1792111.08,0.1599,1,9,0.1666,0.0723,3,1,1,1,1
NCRB-SYNTH-104101,High Court,Sec 482 CrPC (Quashing),15,12,17,1,0,1,1,1,0,1,1,1,0.8651,1,290,1,1,1,1,1,1,1,0.6283,292,6.9616,21.22,1,1,1,1358506.87,0.1098,1,7,0.0683,0.0328,3,1,1,1,1
NCRB-SYNTH-104106,Supreme Court,Sec 482 CrPC (Quashing),4,12,69,0,0,1,1,1,0,1,1,1,0.6107,1,182,1,1,1,1,1,1,1,0.6158,293,6.6952,61.81,1,1,1,1981772.28,0.0077,1,18,0.2055,0.0698,4,1,1,1,0
NCRB-SYNTH-104110,High Court,Sec 482 CrPC (Quashing),2,22,43,1,1,1,1,1,1,1,1,1,0.7467,1,222,0,0,1,1,1,1,1,0.4624,232,5.7527,77.58,1,1,1,74865.27,0.1393,1,4,0.111,0.069,3,1,1,1,0
NCRB-SYNTH-104111,High Court,Sec 439 CrPC (Regular Bail),1,17,18,1,0,1,1,1,0,1,1,1,0.6316,1,212,1,1,1,1,1,1,1,0.5277,346,10.7873,27.65,1,1,1,1965851.68,0.199,1,9,0.0997,0.0433,3,1,1,1,0
NCRB-SYNTH-104115,High Court,Sec 439 CrPC (Regular Bail),1,4,54,1,1,1,1,1,1,1,1,1,0.4095,1,182,1,0,1,1,1,1,1,0.7503,452,13.8835,79.44,1,1,1,511000.27,0.0575,1,4,0.2493,0.1549,3,1,1,1,0
NCRB-SYNTH-104123,High Court,Sec 439 CrPC (Regular Bail),1,12,26,1,1,1,1,1,0,1,1,1,0.7899,1,131,0,0,1,1,1,1,1,0.6674,253,13.8534,67.74,1,1,1,264790.88,0.0881,1,27,0.2411,0.0724,4,1,1,0,0
NCRB-SYNTH-104126,High Court,Sec 439 CrPC (Regular Bail),1,21,16,1,0,1,1,1,0,1,1,1,0.7047,1,207,0,0,1,1,1,1,1,0.9055,329,9.8076,75.39,1,1,1,2126414.45,0.1502,1,6,0.195,0.1002,3,1,1,0,0
NCRB-SYNTH-104127,High Court,Sec 439 CrPC (Regular Bail),1,8,60,1,0,1,1,1,0,1,1,1,0.7426,1,168,1,1,1,1,1,1,1,0.5772,454,4.1882,62.08,1,1,1,675774.35,0.0006,1,7,0.1815,0.0873,3,1,1,1,1
NCRB-SYNTH-104133,Trial Court,Sec 482 CrPC (Quashing),1,10,25,1,0,1,1,1,1,1,1,1,0.54,1,263,1,1,1,1,1,1,1,0.7153,251,11.7056,51.88,1,1,1,1862872.98,0.151,1,11,0.0752,0.0303,3,1,1,1,0
NCRB-SYNTH-104134,High Court,Writ Petition (Detention),4,4,66,1,0,1,1,1,0,1,1,1,0.6261,1,212,0,0,1,1,1,1,1,0.8698,272,13.3922,58.54,1,1,1,1190577.76,0.1846,1,3,0.8438,0.6087,1,1,1,1,0
NCRB-SYNTH-104135,High Court,Sec 439 CrPC (Regular Bail),1,3,34,1,1,1,1,1,0,1,1,1,0.7267,1,282,1,1,1,1,1,1,1,0.8072,238,4.4093,40.53,1,1,1,120302.6,0.032,1,10,0.0874,0.0365,3,1,1,1,1
NCRB-SYNTH-104139,Supreme Court,Sec 439 CrPC (Regular Bail),4,8,31,1,0,1,1,1,1,1,1,1,0.5308,1,126,1,0,1,1,1,1,1,0.4902,290,13.3927,55.22,1,1,1,2433718.05,0.1858,1,28,0.3194,0.0949,4,1,1,1,0
NCRB-SYNTH-104140,Supreme Court,Sec 439 CrPC (Regular Bail),2,5,64,1,0,1,1,1,0,1,1,1,0.5192,1,129,0,0,1,1,1,1,1,0.6246,255,8.2714,20.45,1,1,1,476188.95,0.0649,1,45,0.0951,0.0248,4,1,1,0,0
NCRB-SYNTH-104146,High Court,Sec 439 CrPC (Regular Bail),1,12,43,1,0,1,1,1,1,1,1,1,0.6264,1,268,0,1,1,1,1,1,1,0.6419,145,7.1586,59.1,1,1,1,1394818.98,0.1853,1,4,0.1784,0.1109,3,1,1,1,0
NCRB-SYNTH-104160,High Court,Sec 439 CrPC (Regular Bail),4,3,24,1,0,1,1,1,1,1,1,1,0.8979,1,208,1,1,1,1,1,1,1,0.596,460,3.7002,65.52,1,1,1,2460658.02,0.1239,1,11,0.0921,0.0371,3,1,1,1,1
NCRB-SYNTH-104165,Trial Court,Sec 439 CrPC (Regular Bail),1,23,25,0,0,1,1,1,1,1,1,1,0.5638,1,271,1,1,1,1,1,1,1,0.6642,297,4.4432,23.25,1,1,1,1881825.34,0.0727,1,8,0.1955,0.089,3,1,1,1,0
NCRB-SYNTH-104177,High Court,Writ Petition (Detention),7,24,25,1,1,1,1,1,1,1,1,1,0.4577,1,255,1,1,1,1,1,1,1,0.5686,248,13.562,61.42,1,1,1,756457.05,0.1002,1,4,0.1362,0.0846,3,1,1,0,0
NCRB-SYNTH-104182,High Court,Sec 439 CrPC (Regular Bail),15,24,47,1,0,1,1,1,1,1,1,1,0.4577,1,154,1,1,1,1,1,1,1,0.5178,326,12.3396,54.31,1,1,1,1770207.27,0.1051,1,34,0.2706,0.0761,4,1,1,0,0
NCRB-SYNTH-104183,High Court,Sec 482 CrPC (Quashing),1,22,41,1,1,1,1,1,1,1,1,1,0.7706,1,218,1,0,1,1,1,1,1,0.5614,236,7.7081,72.91,1,1,1,777842.25,0.1415,1,6,0.1632,0.0839,3,1,1,1,1
NCRB-SYNTH-104186,High Court,Sec 482 CrPC (Quashing),4,21,52,1,1,1,1,1,0,1,1,1,0.5175,1,138,1,1,1,1,1,1,1,0.6088,254,12.6068,41.03,1,1,1,65397.35,0.188,1,36,0.1254,0.0347,4,1,1,0,0
NCRB-SYNTH-104188,Supreme Court,Writ Petition (Detention),1,9,59,0,0,1,1,1,0,1,1,1,0.4474,1,185,1,1,1,1,1,1,1,0.6313,399,10.5956,53.88,1,1,1,2446176.14,0.0893,1,6,0.2317,0.1191,3,1,1,1,0
NCRB-SYNTH-104189,Supreme Court,Sec 439 CrPC (Regular Bail),1,14,66,1,1,1,1,1,1,1,1,1,0.504,1,193,1,1,1,1,1,1,1,0.8483,483,9.1846,21.61,1,1,1,2283940.84,0.1381,1,3,0.5084,0.3667,1,1,1,1,0
NCRB-SYNTH-104195,High Court,Sec 439 CrPC (Regular Bail),27,3,47,1,0,1,1,1,1,1,1,1,0.4816,1,268,0,0,1,1,1,1,1,0.6136,275,11.096,88.26,1,1,1,2259812.59,0.1551,1,3,0.5199,0.375,1,1,1,1,0
NCRB-SYNTH-104200,Supreme Court,Sec 439 CrPC (Regular Bail),1,18,32,0,0,1,1,1,1,1,1,1,0.8131,1,136,1,1,1,1,1,1,1,0.7645,426,4.0662,17.93,1,1,1,1333694.47,0.0762,1,9,0.115,0.0499,3,1,1,0,1
NCRB-SYNTH-104207,High Court,Sec 439 CrPC (Regular Bail),4,6,45,1,1,1,1,1,0,1,1,1,0.7497,1,241,1,1,1,1,1,1,1,0.7365,103,5.0357,39.53,1,1,1,317071.74,0.0039,1,9,0.231,0.1003,3,1,1,1,1
NCRB-SYNTH-104212,High Court,Sec 482 CrPC (Quashing),15,6,59,1,1,1,1,1,0,1,1,1,0.5316,1,286,0,0,1,1,1,1,1,0.5501,268,10.9557,22.37,1,1,1,1722847.83,0.1066,1,12,0.19,0.0741,4,1,1,1,0
NCRB-SYNTH-104215,High Court,Sec 439 CrPC (Regular Bail),1,7,22,1,1,1,1,1,0,1,1,1,0.9543,1,110,1,0,1,1,1,1,1,0.7133,174,4.9599,37.07,1,1,1,1252827.52,0.1704,1,31,0.084,0.0242,4,1,1,0,1
NCRB-SYNTH-104219,High Court,Sec 439 CrPC (Regular Bail),1,16,13,0,1,1,1,1,0,1,1,1,0.4856,1,137,0,1,1,1,1,1,1,0.7184,187,13.2705,16.28,1,1,1,443990.8,0.0742,1,7,0.1874,0.0901,3,1,1,1,0
NCRB-SYNTH-104222,High Court,Trial Judgment,7,19,45,1,0,1,1,1,1,1,1,1,0.5138,1,245,1,1,1,1,1,1,1,0.6894,219,8.842,84.03,1,1,1,1290764.18,0.1014,1,42,0.2106,0.056,4,1,1,1,0
NCRB-SYNTH-104225,Supreme Court,Sec 482 CrPC (Quashing),1,23,72,1,0,1,1,1,0,1,1,1,0.8892,1,271,0,0,1,1,1,1,1,0.7761,201,4.6421,43.36,1,1,1,1235613.7,0.1679,1,11,0.0542,0.0218,3,1,1,1,0
NCRB-SYNTH-104228,High Court,Trial Judgment,1,3,63,1,1,1,1,1,0,1,1,1,0.4847,1,213,1,0,1,1,1,1,1,0.616,467,12.1354,27.7,1,1,1,1118557.88,0.0848,1,7,0.0965,0.0464,3,1,1,1,0
NCRB-SYNTH-104232,Trial Court,Sec 482 CrPC (Quashing),1,12,69,1,0,1,1,1,0,1,1,1,0.9144,1,275,1,1,1,1,1,1,1,0.6361,198,12.2798,66.52,1,1,1,684678.98,0.0494,1,2,0.6127,0.5577,1,1,1,1,1
NCRB-SYNTH-104241,High Court,Sec 439 CrPC (Regular Bail),21,9,23,1,0,1,1,1,0,1,1,1,0.7187,1,230,1,1,1,1,1,1,1,0.4857,497,10.5279,74.2,1,1,1,626589.41,0.0939,1,10,0.1405,0.0586,3,1,1,1,1
NCRB-SYNTH-104249,High Court,Sec 439 CrPC (Regular Bail),1,22,69,1,1,1,1,1,0,1,1,1,0.7558,1,195,1,0,1,1,1,1,1,0.784,387,12.8913,55.89,1,1,1,1650938.57,0.1272,1,1,0.6944,1.0018,1,1,1,1,1
NCRB-SYNTH-104256,Supreme Court,Sec 439 CrPC (Regular Bail),1,8,69,1,0,1,1,1,1,1,1,1,0.4976,1,259,1,0,1,1,1,1,1,0.6941,131,12.7171,74.69,1,1,1,1018274.84,0.0207,1,8,0.1437,0.0654,3,1,1,0,0
NCRB-SYNTH-104265,High Court,Writ Petition (Detention),1,4,31,1,0,1,1,1,0,1,1,1,0.7036,1,185,0,1,1,1,1,1,1,0.6163,388,9.5293,72.94,1,1,1,292543.74,0.0346,1,9,0.2482,0.1078,3,1,1,1,0
NCRB-SYNTH-104267,High Court,Writ Petition (Detention),1,5,74,1,0,1,1,1,0,1,1,1,0.699,1,144,0,0,1,1,1,1,1,0.7613,347,6.1057,27.51,1,1,1,1988909.69,0.0492,1,2,0.9388,0.8545,1,1,1,0,0
NCRB-SYNTH-104271,High Court,Writ Petition (Detention),2,19,74,1,0,1,1,1,0,1,1,1,0.5692,1,131,1,1,1,1,1,1,1,0.544,332,4.0263,24.29,1,1,1,1996226.87,0.1108,1,10,0.0814,0.034,3,1,1,0,0
NCRB-SYNTH-104275,High Court,Sec 439 CrPC (Regular Bail),1,13,40,1,0,1,1,1,0,1,1,1,0.6166,1,143,1,1,1,1,1,1,1,0.7591,254,4.7481,65.82,1,1,1,2378259.82,0.0644,1,12,0.2897,0.1129,4,1,1,0,0
NCRB-SYNTH-104276,High Court,Sec 439 CrPC (Regular Bail),4,4,74,1,0,1,1,1,1,1,1,1,0.7872,1,239,1,1,1,1,1,1,1,0.471,168,10.9505,42.2,1,1,1,1172600.06,0.1924,1,33,0.1726,0.0489,4,1,1,1,1
NCRB-SYNTH-104285,High Court,Sec 439 CrPC (Regular Bail),2,8,31,1,0,1,1,1,0,1,1,1,0.4479,1,122,1,1,1,1,1,1,1,0.5733,226,6.8891,86.72,1,1,1,2282352.23,0.1968,1,1,0.7477,1.0787,1,1,1,0,0
NCRB-SYNTH-104286,Supreme Court,Sec 439 CrPC (Regular Bail),1,6,75,1,0,1,1,1,1,1,1,1,0.6548,1,245,0,0,1,1,1,1,1,0.7864,164,9.6341,38.73,1,1,1,1674963.73,0.0136,1,1,0.7781,1.1226,1,1,1,1,0
NCRB-SYNTH-104288,Supreme Court,Writ Petition (Detention),2,14,13,1,0,1,1,1,0,1,1,1,0.5177,1,182,1,1,1,1,1,1,1,0.6398,428,9.3182,55.83,1,1,1,111566.09,0.1624,1,4,0.0744,0.0462,3,1,1,1,0
NCRB-SYNTH-104293,Supreme Court,Sec 482 CrPC (Quashing),1,10,16,1,1,1,1,1,1,1,1,1,0.4208,1,125,1,0,1,1,1,1,1,0.5953,103,10.1558,22.86,1,1,1,717497.16,0.0649,1,44,0.1435,0.0377,4,1,1,0,0
NCRB-SYNTH-104300,High Court,Writ Petition (Detention),1,15,36,0,0,1,1,1,1,1,1,1,0.5224,1,217,1,1,1,1,1,1,1,0.6115,334,13.3393,75.71,1,1,1,697424.33,0.004,1,30,0.2346,0.0683,4,1,1,1,0
NCRB-SYNTH-104304,Supreme Court,Sec 439 CrPC (Regular Bail),2,22,54,1,0,1,1,1,0,1,1,1,0.8156,1,256,1,1,1,1,1,1,1,0.7589,303,4.7072,89.53,1,1,1,852798.25,0.0475,1,4,0.0928,0.0577,3,1,1,1,1
NCRB-SYNTH-104308,High Court,Sec 439 CrPC (Regular Bail),1,7,70,1,0,1,1,1,0,1,1,1,0.7409,1,112,1,1,1,1,1,1,1,0.6641,219,11.3568,22.27,1,1,1,2267390.35,0.0771,1,28,0.1688,0.0501,4,1,1,0,1
NCRB-SYNTH-104321,Supreme Court,Trial Judgment,1,3,48,1,0,1,1,1,1,1,1,1,0.439,1,183,0,1,1,1,1,1,1,0.6848,170,7.378,28.45,1,1,1,2448047.28,0.0448,1,17,0.2211,0.0765,4,1,1,1,0
NCRB-SYNTH-104323,Supreme Court,Sec 439 CrPC (Regular Bail),1,25,14,1,0,1,1,1,0,1,1,1,0.9592,1,291,1,1,1,1,1,1,1,0.8427,371,13.1434,60.54,1,1,1,641721.71,0.0226,1,1,0.8245,1.1895,1,1,1,1,1
NCRB-SYNTH-104334,Supreme Court,Writ Petition (Detention),4,6,64,1,1,1,1,1,0,1,1,1,0.6575,1,195,1,1,1,1,1,1,1,0.5687,101,8.9826,29.45,1,1,1,363949.66,0.1823,1,11,0.1015,0.0408,3,1,1,1,1
NCRB-SYNTH-104337,Supreme Court,Sec 482 CrPC (Quashing),7,3,11,1,0,1,1,1,0,1,1,1,0.462,1,258,1,1,1,1,1,1,1,0.6149,412,6.9482,43.97,1,1,1,805891.27,0.1329,1,1,0.6677,0.9633,1,1,1,1,0
NCRB-SYNTH-104345,High Court,Sec 439 CrPC (Regular Bail),21,18,34,1,0,1,1,1,0,1,1,1,0.492,1,192,1,1,1,1,1,1,1,0.6866,235,8.396,27.48,1,1,1,1201832.51,0.095,1,4,0.102,0.0634,3,1,1,0,0
NCRB-SYNTH-104348,High Court,Trial Judgment,4,18,41,1,0,1,1,1,0,1,1,1,0.9445,1,187,0,0,1,1,1,1,1,0.5836,340,11.9304,44.74,1,1,1,1372818.67,0.0585,1,14,0.2917,0.1077,4,1,1,1,0
NCRB-SYNTH-104350,High Court,Sec 482 CrPC (Quashing),7,20,67,1,1,1,1,1,1,1,1,1,0.8319,1,129,1,1,1,1,1,1,1,0.4427,279,6.2814,56.51,1,1,1,584878.31,0.1942,1,3,0.5521,0.3983,1,1,1,0,1
NCRB-SYNTH-104352,High Court,Sec 482 CrPC (Quashing),1,16,31,1,0,1,1,1,0,1,1,1,0.6975,1,128,1,1,1,1,1,1,1,0.6453,423,10.0097,61.43,1,1,1,1258212.04,0.1626,1,17,0.2813,0.0973,4,1,1,1,1
NCRB-SYNTH-104356,High Court,Sec 439 CrPC (Regular Bail),1,5,61,1,0,1,1,1,0,1,1,1,0.8742,1,206,1,1,1,1,1,1,1,0.6186,325,5.1658,33.82,1,1,1,162575.52,0.1877,1,1,0.8219,1.1857,1,1,1,1,1
NCRB-SYNTH-104358,High Court,Sec 439 CrPC (Regular Bail),1,17,70,1,0,1,1,1,1,1,1,1,0.461,1,282,0,1,1,1,1,1,1,0.5782,212,12.0798,75.49,1,1,1,709177.78,0.0654,1,8,0.1648,0.075,3,1,1,1,0
NCRB-SYNTH-104359,High Court,Sec 482 CrPC (Quashing),1,14,30,1,0,1,1,1,0,1,1,1,0.7563,1,150,0,0,1,1,1,1,1,0.8114,234,7.1069,63.95,1,1,1,305655.01,0.0491,1,27,0.1159,0.0348,4,1,1,1,0
NCRB-SYNTH-104362,High Court,Sec 439 CrPC (Regular Bail),1,7,71,1,0,1,1,1,0,1,1,1,0.4786,1,290,1,1,1,1,1,1,1,0.5959,329,6.8199,19.53,1,1,1,2128638.42,0.1473,1,2,0.646,0.5881,1,1,1,1,0
NCRB-SYNTH-104366,Supreme Court,Sec 482 CrPC (Quashing),1,12,24,1,0,1,1,1,0,1,1,1,0.8102,1,300,1,1,1,1,1,1,1,0.6221,165,6.7713,58.82,1,1,1,1331365.69,0.0873,1,11,0.2249,0.0905,3,1,1,1,1
NCRB-SYNTH-104383,High Court,Sec 439 CrPC (Regular Bail),1,21,20,1,1,1,1,1,0,1,1,1,0.594,1,232,0,0,1,1,1,1,1,0.5096,306,3.6037,86.09,1,1,1,2172986.03,0.0557,1,34,0.1708,0.048,4,1,1,1,0
NCRB-SYNTH-104384,High Court,Sec 482 CrPC (Quashing),7,21,55,1,0,1,1,1,1,1,1,1,0.8073,1,295,1,1,1,1,1,1,1,0.6271,145,4.4462,34.41,1,1,1,569492.22,0.003,1,3,0.7535,0.5436,1,1,1,1,1
NCRB-SYNTH-104386,High Court,Writ Petition (Detention),2,19,39,1,0,1,1,1,0,1,1,1,0.8217,1,297,1,1,1,1,1,1,1,0.9088,152,11.9123,46.76,1,1,1,637108.97,0.1792,1,8,0.078,0.0355,3,1,1,1,1
NCRB-SYNTH-104393,Supreme Court,Sec 482 CrPC (Quashing),2,11,23,1,1,1,1,1,0,1,1,1,0.9093,1,252,1,1,1,1,1,1,1,0.7411,359,12.9364,65.04,1,1,1,1260606.68,0.1496,1,1,0.6141,0.8859,1,1,1,1,1
NCRB-SYNTH-104406,High Court,Sec 482 CrPC (Quashing),7,14,49,1,0,1,1,1,0,1,1,1,0.6307,1,256,1,1,1,1,1,1,1,0.6196,494,4.8542,73.95,1,1,1,1963532.55,0.0355,1,3,0.6371,0.4596,1,1,1,1,0
NCRB-SYNTH-104410,High Court,Sec 439 CrPC (Regular Bail),1,18,79,1,0,1,1,1,1,1,1,1,0.4121,1,286,1,1,1,1,1,1,1,0.6524,118,11.0765,16.59,1,1,1,2021910.09,0.1276,1,4,0.2062,0.1281,3,1,1,0,0
NCRB-SYNTH-104413,Supreme Court,Sec 439 CrPC (Regular Bail),1,18,59,1,0,1,1,1,0,1,1,1,0.4588,1,255,1,1,1,1,1,1,1,0.6194,344,9.3899,72.22,1,1,1,2148623.07,0.1042,1,9,0.1219,0.053,3,1,1,1,0
NCRB-SYNTH-104414,High Court,Sec 439 CrPC (Regular Bail),4,23,55,1,1,1,1,1,1,1,1,1,0.4283,1,231,1,1,1,1,1,1,1,0.7085,447,9.4319,53.67,1,1,1,2330958.78,0.1121,1,4,0.0619,0.0385,3,1,1,1,0
NCRB-SYNTH-104423,High Court,Sec 439 CrPC (Regular Bail),7,22,45,1,0,1,1,1,0,1,1,1,0.8342,1,202,0,0,1,1,1,1,1,0.6523,360,7.6801,80.38,1,1,1,1720041.68,0.0936,1,22,0.1851,0.059,4,1,1,1,0
NCRB-SYNTH-104431,High Court,Sec 482 CrPC (Quashing),4,5,65,1,1,1,1,1,1,1,1,1,0.4411,1,234,0,0,1,1,1,1,1,0.7,439,8.1684,46.89,1,1,1,1668186.25,0.0422,1,3,0.9066,0.654,1,1,1,1,0
NCRB-SYNTH-104452,High Court,Writ Petition (Detention),2,4,21,1,0,1,1,1,1,1,1,1,0.8914,1,278,1,0,1,1,1,1,1,0.4795,299,10.3172,60.39,1,1,1,927742.55,0.0154,1,23,0.1937,0.0609,4,1,1,1,1
NCRB-SYNTH-104457,High Court,Trial Judgment,4,3,78,1,0,1,1,1,1,1,1,1,0.8559,1,164,1,0,1,1,1,1,1,0.6983,204,7.519,67.07,1,1,1,566238.19,0.0588,1,7,0.1632,0.0785,3,1,1,1,1
NCRB-SYNTH-104465,High Court,Sec 439 CrPC (Regular Bail),4,15,28,1,1,1,1,1,0,1,1,1,0.4071,1,215,1,0,1,1,1,1,1,0.8574,296,12.0451,55.88,1,1,1,1367971.62,0.1219,1,34,0.0892,0.0251,4,1,1,1,0
NCRB-SYNTH-104475,High Court,Writ Petition (Detention),1,25,31,1,0,1,1,1,1,1,1,1,0.4852,1,233,1,1,1,1,1,1,1,0.6178,339,10.1332,31.04,1,1,1,1176373.94,0.0975,1,19,0.1486,0.0496,4,1,1,1,0
NCRB-SYNTH-104479,High Court,Sec 439 CrPC (Regular Bail),1,5,21,1,1,1,1,1,0,1,1,1,0.7189,1,253,1,1,1,1,1,1,1,0.6983,109,6.7404,82.42,1,1,1,1048917.79,0.0545,1,3,0.5912,0.4265,1,1,1,1,1
NCRB-SYNTH-104480,High Court,Sec 439 CrPC (Regular Bail),1,23,41,1,0,1,1,1,0,1,1,1,0.7709,1,294,1,0,1,1,1,1,1,0.8015,427,10.5986,27.51,1,1,1,2107421.74,0.1544,1,10,0.0898,0.0375,3,1,1,1,1
NCRB-SYNTH-104483,High Court,Sec 482 CrPC (Quashing),1,24,47,1,0,1,1,1,0,1,1,1,0.8939,1,129,1,1,1,1,1,1,1,0.8509,359,11.2122,35.19,1,1,1,980000.31,0.0942,1,11,0.0915,0.0368,3,1,1,0,1
NCRB-SYNTH-104484,Supreme Court,Sec 439 CrPC (Regular Bail),7,13,70,1,1,1,1,1,0,1,1,1,0.5444,1,169,1,1,1,1,1,1,1,0.7964,152,6.0334,33.1,1,1,1,2225600.25,0.0718,1,5,0.2386,0.1332,3,1,1,1,0
NCRB-SYNTH-104490,High Court,Sec 439 CrPC (Regular Bail),7,4,47,1,0,1,1,1,0,1,1,1,0.5232,1,221,1,1,1,1,1,1,1,0.838,366,8.3983,51.79,1,1,1,345282.87,0.0069,1,3,0.8622,0.6219,1,1,1,1,0
NCRB-SYNTH-104492,Supreme Court,Sec 482 CrPC (Quashing),2,14,21,1,0,1,1,1,1,1,1,1,0.922,1,240,1,0,1,1,1,1,1,0.6902,387,10.0684,52.93,1,1,1,906015.1,0.0013,1,2,0.5595,0.5093,1,1,1,1,1
NCRB-SYNTH-104493,High Court,Sec 482 CrPC (Quashing),2,6,55,0,0,1,1,1,1,1,1,1,0.5082,1,242,1,1,1,1,1,1,1,0.6779,160,11.0205,30.9,1,1,1,966244.27,0.0878,1,39,0.2547,0.069,4,1,1,1,0
NCRB-SYNTH-104496,High Court,Sec 439 CrPC (Regular Bail),7,17,78,1,0,1,1,1,0,1,1,1,0.7132,1,140,1,1,1,1,1,1,1,0.6467,272,4.8788,58.28,1,1,1,1798275.17,0.1283,1,7,0.1403,0.0675,3,1,1,0,1
NCRB-SYNTH-104501,Trial Court,Sec 482 CrPC (Quashing),21,25,35,1,1,1,1,1,0,1,1,1,0.5354,1,177,1,1,1,1,1,1,1,0.7884,336,4.9466,61.78,1,1,1,488937.25,0.1111,1,3,0.7555,0.545,1,1,1,0,0
NCRB-SYNTH-104509,High Court,Sec 482 CrPC (Quashing),1,21,55,1,1,1,1,1,0,1,1,1,0.9082,1,222,1,1,1,1,1,1,1,0.6756,475,9.4172,19.62,1,1,1,1461100.26,0.1494,1,3,0.6438,0.4644,1,1,1,1,1
NCRB-SYNTH-104514,High Court,Sec 439 CrPC (Regular Bail),1,12,26,1,0,1,1,1,1,1,1,1,0.6061,1,172,1,1,1,1,1,1,1,0.7649,171,6.2051,77.28,1,1,1,1370185.29,0.0756,1,1,0.7823,1.1286,1,1,1,1,0
NCRB-SYNTH-104515,High Court,Sec 439 CrPC (Regular Bail),15,15,16,1,0,1,1,1,0,1,1,1,0.543,1,285,1,1,1,1,1,1,1,0.6186,435,12.6807,44.99,1,1,1,254890.65,0.1401,1,8,0.2493,0.1135,3,1,1,1,0
NCRB-SYNTH-104522,High Court,Sec 482 CrPC (Quashing),1,12,73,1,1,1,1,1,0,1,1,1,0.4942,1,157,1,1,1,1,1,1,1,0.5748,267,12.3718,61.49,1,1,1,2071048.69,0.1168,1,4,0.1694,0.1053,3,1,1,0,0
NCRB-SYNTH-104524,High Court,Sec 439 CrPC (Regular Bail),2,10,51,1,0,1,1,1,0,1,1,1,0.4127,1,183,1,1,1,1,1,1,1,0.7951,441,5.6634,31.55,1,1,1,2317045.49,0.135,1,5,0.1099,0.0613,3,1,1,1,0
NCRB-SYNTH-104529,Supreme Court,Sec 439 CrPC (Regular Bail),1,25,62,1,1,1,1,1,0,1,1,1,0.8399,1,124,1,1,1,1,1,1,1,0.7049,228,13.1375,77.81,1,1,1,1535691.35,0.0838,1,11,0.1579,0.0636,3,1,1,0,1
NCRB-SYNTH-104535,Supreme Court,Sec 482 CrPC (Quashing),4,15,23,1,0,1,1,1,1,1,1,1,0.6286,1,275,1,1,1,1,1,1,1,0.5965,249,4.0466,62.57,1,1,1,951665.82,0.1953,1,39,0.3101,0.0841,4,1,1,1,0
NCRB-SYNTH-104536,High Court,Sec 439 CrPC (Regular Bail),21,3,46,1,0,1,1,1,1,1,1,1,0.6676,1,137,0,0,1,1,1,1,1,0.6584,277,7.3432,28.47,1,1,1,739916.88,0.1066,1,3,0.4775,0.3444,1,1,1,0,0
NCRB-SYNTH-104538,High Court,Sec 439 CrPC (Regular Bail),1,12,22,1,0,1,1,1,0,1,1,1,0.6251,1,136,0,0,1,1,1,1,1,0.521,264,4.24,65.8,1,1,1,133667.76,0.0392,1,7,0.0529,0.0254,3,1,1,0,0
NCRB-SYNTH-104548,High Court,Sec 482 CrPC (Quashing),15,13,61,1,0,1,1,1,0,1,1,1,0.4567,1,234,1,1,1,1,1,1,1,0.6583,434,8.0483,51.57,1,1,1,1170541.54,0.1273,1,11,0.1411,0.0568,3,1,1,1,0
NCRB-SYNTH-104549,High Court,Sec 439 CrPC (Regular Bail),4,13,42,1,0,1,1,1,1,1,1,1,0.9599,1,185,1,1,1,1,1,1,1,0.8287,407,10.7676,44.7,1,1,1,1812198.54,0.1994,1,10,0.0524,0.0218,3,1,1,1,1
NCRB-SYNTH-104556,High Court,Sec 439 CrPC (Regular Bail),1,3,29,1,0,1,1,1,0,1,1,1,0.9313,1,273,0,0,1,1,1,1,1,0.4955,355,5.3977,75.77,1,1,1,2348210.93,0.1885,1,16,0.1294,0.0457,4,1,1,1,0
NCRB-SYNTH-104557,Supreme Court,Sec 439 CrPC (Regular Bail),1,8,77,1,0,1,1,1,0,1,1,1,0.8237,1,202,1,1,1,1,1,1,1,0.276,330,12.2186,37.84,1,1,1,834718.26,0.139,1,10,0.1912,0.0798,3,1,1,1,1
NCRB-SYNTH-104558,Supreme Court,Sec 439 CrPC (Regular Bail),1,15,10,1,0,1,1,1,0,1,1,1,0.3443,1,140,0,0,1,1,1,1,1,0.7551,403,6.0801,46.13,1,1,1,2189043.9,0.1648,1,7,0.2376,0.1143,3,1,1,0,0
NCRB-SYNTH-104572,High Court,Sec 439 CrPC (Regular Bail),1,23,70,1,0,1,1,1,1,1,1,1,0.5679,1,288,1,1,1,1,1,1,1,0.7816,261,10.134,56.76,1,1,1,2427616.19,0.1952,1,8,0.2358,0.1073,3,1,1,1,0
NCRB-SYNTH-104580,High Court,Sec 482 CrPC (Quashing),1,16,63,1,0,1,1,1,0,1,1,1,0.5963,1,239,1,1,1,1,1,1,1,0.5751,437,10.0361,77.58,1,1,1,1993191.39,0.0029,1,38,0.1295,0.0353,4,1,1,1,0
NCRB-SYNTH-104585,High Court,Sec 439 CrPC (Regular Bail),7,12,46,1,1,1,1,1,0,1,1,1,0.5557,1,202,1,1,1,1,1,1,1,0.7679,450,8.8226,41.6,1,1,1,467222.17,0.0063,1,13,0.2051,0.0777,4,1,1,0,0
NCRB-SYNTH-104589,High Court,Sec 439 CrPC (Regular Bail),1,4,76,1,0,1,1,1,1,1,1,1,0.4694,1,137,0,0,1,1,1,1,1,0.8643,488,12.6386,39.59,1,1,1,187540.33,0.1126,1,2,0.5296,0.4821,1,1,1,1,0
NCRB-SYNTH-104591,High Court,Sec 439 CrPC (Regular Bail),7,17,49,1,0,1,1,1,0,1,1,1,0.4877,1,189,1,0,1,1,1,1,1,0.7031,144,3.4073,55.02,1,1,1,1042404.99,0.1122,1,5,0.1307,0.0729,3,1,1,1,0
NCRB-SYNTH-104596,High Court,Sec 439 CrPC (Regular Bail),1,22,29,0,1,1,1,1,0,1,1,1,0.4814,1,283,1,1,1,1,1,1,1,0.8835,237,4.738,84.41,1,1,1,2413066.28,0.1,1,9,0.1819,0.079,3,1,1,1,0
NCRB-SYNTH-104624,High Court,Sec 439 CrPC (Regular Bail),1,13,44,1,0,1,1,1,1,1,1,1,0.4716,1,219,1,1,1,1,1,1,1,0.4791,368,9.6272,65.74,1,1,1,2207231.13,0.1884,1,10,0.116,0.0484,3,1,1,1,0
NCRB-SYNTH-104626,Supreme Court,Trial Judgment,4,14,49,1,0,1,1,1,1,1,1,1,0.6464,1,125,0,0,1,1,1,1,1,0.6263,481,6.2652,77.94,1,1,1,1227613.36,0.0444,1,41,0.2875,0.0769,4,1,1,0,0
NCRB-SYNTH-104629,High Court,Sec 482 CrPC (Quashing),2,18,22,1,1,1,1,1,0,1,1,1,0.6395,1,124,1,1,1,1,1,1,1,0.6688,217,6.4856,57.56,1,1,1,1746821.07,0.0953,1,34,0.137,0.0385,4,1,1,0,0
NCRB-SYNTH-104638,High Court,Sec 482 CrPC (Quashing),1,3,32,1,0,1,1,1,1,1,1,1,0.9168,1,132,1,1,1,1,1,1,1,0.697,302,12.1914,22.04,1,1,1,1265811.51,0.1074,1,8,0.2392,0.1089,3,1,1,1,1
NCRB-SYNTH-104647,Supreme Court,Sec 482 CrPC (Quashing),1,11,22,1,0,1,1,1,0,1,1,1,0.782,1,135,1,1,1,1,1,1,1,0.5819,100,3.5357,79.46,1,1,1,116874.82,0.0388,1,4,0.1417,0.0881,3,1,1,0,1
NCRB-SYNTH-104662,High Court,Sec 482 CrPC (Quashing),1,15,57,1,0,1,1,1,0,1,1,1,0.8056,1,196,1,1,1,1,1,1,1,0.6631,458,12.4809,44.0,1,1,1,941365.06,0.117,1,38,0.2928,0.0799,4,1,1,1,1
NCRB-SYNTH-104669,Trial Court,Sec 439 CrPC (Regular Bail),4,12,59,1,0,1,1,1,0,1,1,1,0.9012,1,153,1,0,1,1,1,1,1,0.5156,237,8.6015,86.37,1,1,1,960145.94,0.1531,1,3,0.8147,0.5877,1,1,1,1,1
NCRB-SYNTH-104670,Supreme Court,Writ Petition (Detention),1,11,61,1,0,1,1,1,0,1,1,1,0.9287,1,142,0,0,1,1,1,1,1,0.6692,254,11.9525,28.55,1,1,1,2033012.8,0.0988,1,9,0.2015,0.0875,3,1,1,1,0
NCRB-SYNTH-104679,Supreme Court,Sec 482 CrPC (Quashing),2,3,36,0,0,1,1,1,1,1,1,1,0.7161,1,292,1,1,1,1,1,1,1,0.6588,432,5.4364,42.85,1,1,1,2417685.75,0.0009,1,10,0.2361,0.0984,3,1,1,1,1
NCRB-SYNTH-104680,High Court,Sec 482 CrPC (Quashing),1,18,47,1,0,1,1,1,1,1,1,1,0.5705,1,214,1,1,1,1,1,1,1,0.8,199,6.3587,70.89,1,1,1,816908.77,0.1419,1,6,0.2445,0.1257,3,1,1,1,0
NCRB-SYNTH-104703,Trial Court,Sec 439 CrPC (Regular Bail),1,3,76,1,0,1,1,1,0,1,1,1,0.8025,1,269,1,1,1,1,1,1,1,0.7954,145,4.7715,75.6,1,1,1,2330620.72,0.023,1,7,0.2094,0.1007,3,1,1,1,1
NCRB-SYNTH-104704,High Court,Sec 439 CrPC (Regular Bail),1,13,78,1,0,1,1,1,0,1,1,1,0.7231,1,238,1,1,1,1,1,1,1,0.6442,379,10.063,25.62,1,1,1,681543.42,0.1563,1,5,0.0563,0.0314,3,1,1,1,1
NCRB-SYNTH-104710,Trial Court,Sec 439 CrPC (Regular Bail),1,10,68,1,0,1,1,1,0,1,1,1,0.8097,1,292,1,1,1,1,1,1,1,0.8648,243,7.1667,52.8,1,1,1,732932.18,0.0902,1,7,0.1632,0.0785,3,1,1,1,1
NCRB-SYNTH-104717,High Court,Sec 482 CrPC (Quashing),1,25,40,1,0,1,1,1,1,1,1,1,0.8371,1,123,0,1,1,1,1,1,1,0.6335,301,9.4846,35.32,1,1,1,511163.12,0.1365,1,2,0.7551,0.6873,1,1,1,0,0
NCRB-SYNTH-104740,High Court,Sec 439 CrPC (Regular Bail),21,11,12,1,0,1,1,1,0,1,1,1,0.5226,1,209,1,0,1,1,1,1,1,0.742,493,5.7755,35.79,1,1,1,456489.58,0.0912,1,9,0.1672,0.0726,3,1,1,1,0
NCRB-SYNTH-104753,Supreme Court,Writ Petition (Detention),2,11,78,1,1,1,1,1,0,1,1,1,0.5724,1,265,1,1,1,1,1,1,1,0.7446,403,7.1199,61.21,1,1,1,477458.43,0.0894,1,7,0.1024,0.0493,3,1,1,1,0
NCRB-SYNTH-104783,High Court,Sec 482 CrPC (Quashing),1,20,76,1,0,1,1,1,0,1,1,1,0.5346,1,289,1,1,1,1,1,1,1,0.777,173,10.4517,30.04,1,1,1,1296951.05,0.0707,1,10,0.1777,0.0741,3,1,1,1,0
NCRB-SYNTH-104800,Supreme Court,Sec 439 CrPC (Regular Bail),1,4,24,1,0,1,1,1,1,1,1,1,0.8519,1,135,1,0,1,1,1,1,1,0.4717,314,6.3401,51.04,1,1,1,1630362.75,0.1475,1,11,0.2144,0.0863,3,1,1,0,1
NCRB-SYNTH-104827,High Court,Sec 439 CrPC (Regular Bail),1,10,36,1,0,1,1,1,0,1,1,1,0.471,1,224,1,1,1,1,1,1,1,0.7179,455,8.9485,88.02,1,1,1,989139.14,0.1867,1,3,0.6792,0.49,1,1,1,1,0
NCRB-SYNTH-104833,High Court,Sec 482 CrPC (Quashing),1,8,27,1,0,1,1,1,1,1,1,1,0.8723,1,152,0,0,1,1,1,1,1,0.5382,348,7.2832,47.23,1,1,1,1903705.37,0.0308,1,1,0.4464,0.6441,1,1,1,0,0
NCRB-SYNTH-104855,Supreme Court,Sec 439 CrPC (Regular Bail),1,13,19,1,0,1,1,1,1,1,1,1,0.6484,1,175,0,0,1,1,1,1,1,0.8342,214,4.3666,70.14,1,1,1,1095972.74,0.1626,1,12,0.2465,0.0961,4,1,1,1,0
NCRB-SYNTH-104861,High Court,Sec 482 CrPC (Quashing),2,11,41,1,0,1,1,1,0,1,1,1,0.4551,1,265,1,0,1,1,1,1,1,0.7962,121,4.0854,53.14,1,1,1,2045779.08,0.0207,1,23,0.0826,0.026,4,1,1,1,0
NCRB-SYNTH-104866,High Court,Sec 482 CrPC (Quashing),1,14,77,1,0,1,1,1,0,1,1,1,0.978,1,144,1,1,1,1,1,1,1,0.7296,111,6.323,88.47,1,1,1,2106050.37,0.1311,1,23,0.2388,0.0751,4,1,1,1,1
NCRB-SYNTH-104869,High Court,Sec 439 CrPC (Regular Bail),15,23,75,1,1,1,1,1,1,1,1,1,0.7421,1,181,1,1,1,1,1,1,1,0.7545,258,11.7848,69.12,1,1,1,1568732.79,0.1252,1,9,0.1014,0.044,3,1,1,1,1
NCRB-SYNTH-104876,High Court,Sec 482 CrPC (Quashing),1,11,39,1,1,1,1,1,0,1,1,1,0.8558,1,177,1,1,1,1,1,1,1,0.7785,112,6.538,19.76,1,1,1,550020.07,0.0692,1,1,0.5063,0.7304,1,1,1,0,1
NCRB-SYNTH-104877,High Court,Sec 439 CrPC (Regular Bail),27,15,61,1,0,1,1,1,1,1,1,1,0.7792,1,180,0,0,1,1,1,1,1,0.6357,140,8.4865,79.01,1,1,1,631415.63,0.1293,1,11,0.1031,0.0415,3,1,1,1,0
NCRB-SYNTH-104878,High Court,Sec 439 CrPC (Regular Bail),1,13,66,1,0,1,1,1,0,1,1,1,0.7517,1,146,1,0,1,1,1,1,1,0.7923,437,9.6316,64.06,1,1,1,191825.59,0.0102,1,6,0.0564,0.029,3,1,1,1,1
NCRB-SYNTH-104888,High Court,Sec 439 CrPC (Regular Bail),4,11,55,1,0,1,1,1,0,1,1,1,0.7118,1,225,1,1,1,1,1,1,1,0.6996,235,8.8645,75.92,1,1,1,861039.69,0.0996,1,27,0.2977,0.0893,4,1,1,1,1
NCRB-SYNTH-104890,High Court,Sec 439 CrPC (Regular Bail),1,23,12,1,0,1,1,1,0,1,1,1,0.43,1,189,1,0,1,1,1,1,1,0.6134,290,4.291,52.81,1,1,1,130071.35,0.1858,1,3,0.8109,0.5849,1,1,1,1,0
NCRB-SYNTH-104893,Trial Court,Sec 439 CrPC (Regular Bail),7,6,72,1,0,1,1,1,0,1,1,1,0.8582,1,287,1,1,1,1,1,1,1,0.6172,279,8.2551,89.04,1,1,1,338548.72,0.0953,1,1,0.5339,0.7702,1,1,1,1,1
NCRB-SYNTH-104912,High Court,Sec 439 CrPC (Regular Bail),7,20,53,1,0,1,1,1,0,1,1,1,0.4287,1,301,1,1,1,1,1,1,1,0.8572,260,12.7148,48.42,1,1,1,1093735.0,0.0939,1,2,0.8874,0.8077,1,1,1,1,0
NCRB-SYNTH-104923,High Court,Writ Petition (Detention),1,11,78,1,0,1,1,1,0,1,1,1,0.8055,1,230,1,1,1,1,1,1,1,0.7275,193,8.7955,71.01,1,1,1,143698.71,0.0457,1,5,0.0969,0.0541,3,1,1,1,1
NCRB-SYNTH-104938,Trial Court,Sec 439 CrPC (Regular Bail),1,5,64,1,1,1,1,1,0,1,1,1,0.6174,1,220,1,1,1,1,1,1,1,0.8299,496,9.9123,69.14,1,1,1,876408.45,0.086,1,8,0.1747,0.0795,3,1,1,1,0
NCRB-SYNTH-104947,High Court,Sec 482 CrPC (Quashing),1,11,67,1,1,1,1,1,1,1,1,1,0.6764,1,169,0,0,1,1,1,1,1,0.5364,492,3.8936,68.24,1,1,1,1928887.74,0.1913,1,39,0.2706,0.0734,4,1,1,1,0
NCRB-SYNTH-104954,Supreme Court,Sec 482 CrPC (Quashing),1,6,71,1,0,1,1,1,0,1,1,1,0.848,1,241,1,1,1,1,1,1,1,0.6419,198,11.5002,26.24,1,1,1,788605.29,0.1524,1,7,0.2308,0.111,3,1,1,1,1
NCRB-SYNTH-104958,High Court,Sec 439 CrPC (Regular Bail),1,16,16,0,0,1,1,1,1,1,1,1,0.9024,1,196,1,1,1,1,1,1,1,0.7655,249,6.9725,86.25,1,1,1,1946614.56,0.0527,1,5,0.2374,0.1325,3,1,1,1,1
NCRB-SYNTH-104983,High Court,Sec 439 CrPC (Regular Bail),4,4,28,1,0,1,1,1,1,1,1,1,0.6993,1,245,1,1,1,1,1,1,1,0.6518,248,6.6106,81.34,1,1,1,2385621.52,0.0984,1,2,0.8297,0.7553,1,1,1,1,1
NCRB-SYNTH-104985,High Court,Trial Judgment,4,8,28,1,0,1,1,1,1,1,1,1,0.8018,1,285,1,1,1,1,1,1,1,0.743,149,7.2032,17.5,1,1,1,1020792.4,0.0687,1,7,0.0581,0.0279,3,1,1,1,1
NCRB-SYNTH-104988,Trial Court,Sec 482 CrPC (Quashing),1,20,57,1,0,1,1,1,0,1,1,1,0.5972,1,225,1,1,1,1,1,1,1,0.7953,205,3.7998,15.2,1,1,1,383501.1,0.0183,1,44,0.1004,0.0264,4,1,1,0,0
NCRB-SYNTH-104992,Trial Court,Sec 439 CrPC (Regular Bail),1,14,66,1,0,1,1,1,1,1,1,1,0.3902,1,229,1,1,1,1,1,1,1,0.5953,206,3.9595,41.51,1,1,1,1868514.45,0.0924,1,2,0.5014,0.4564,1,1,1,1,0
NCRB-SYNTH-104994,High Court,Sec 439 CrPC (Regular Bail),2,23,30,1,0,1,1,1,1,1,1,1,0.8751,1,228,1,1,1,1,1,1,1,0.8848,357,13.6139,51.39,1,1,1,1283711.56,0.1141,1,11,0.2487,0.1001,3,1,1,1,1
NCRB-SYNTH-105000,High Court,Sec 482 CrPC (Quashing),2,10,10,1,0,1,1,1,0,1,1,1,0.7883,1,166,1,1,1,1,1,1,1,0.5471,207,10.3459,67.55,1,1,1,1971119.76,0.1516,1,17,0.2989,0.1034,4,1,1,1,1
NCRB-SYNTH-105014,High Court,Sec 482 CrPC (Quashing),15,21,33,1,0,1,1,1,0,1,1,1,0.7105,1,274,1,1,1,1,1,1,1,1.0,331,10.6443,70.91,1,1,1,1355744.71,0.0771,1,6,0.0657,0.0338,3,1,1,1,1
NCRB-SYNTH-105019,Supreme Court,Sec 482 CrPC (Quashing),4,5,39,1,0,1,1,1,0,1,1,1,0.9834,1,230,1,1,1,1,1,1,1,0.7595,389,5.6286,78.71,1,1,1,2138733.15,0.0018,1,43,0.1074,0.0284,4,1,1,1,1
NCRB-SYNTH-105021,High Court,Sec 439 CrPC (Regular Bail),7,18,71,1,0,1,1,1,0,1,1,1,0.7672,1,181,1,1,1,1,1,1,1,0.7164,413,4.779,76.37,1,1,1,631414.6,0.1025,1,2,0.6801,0.619,1,1,1,1,1
NCRB-SYNTH-105033,High Court,Sec 482 CrPC (Quashing),15,20,36,1,0,1,1,1,0,1,1,1,0.4953,1,239,0,0,1,1,1,1,1,0.6777,208,8.148,17.23,1,1,1,1173303.08,0.0453,1,9,0.1866,0.081,3,1,1,1,0
NCRB-SYNTH-105034,High Court,Sec 482 CrPC (Quashing),2,25,61,0,0,1,1,1,0,1,1,1,0.4213,1,268,1,1,1,1,1,1,1,0.8019,110,12.8981,25.18,1,1,1,563068.11,0.1344,1,1,0.8715,1.2574,1,1,1,1,0
NCRB-SYNTH-105037,Supreme Court,Sec 439 CrPC (Regular Bail),1,22,36,1,0,1,1,1,1,1,1,1,0.6145,1,182,1,1,1,1,1,1,1,0.5858,272,9.2536,89.84,1,1,1,513946.87,0.1885,1,7,0.174,0.0837,3,1,1,1,0
NCRB-SYNTH-105042,High Court,Sec 439 CrPC (Regular Bail),2,14,76,1,0,1,1,1,0,1,1,1,0.8906,1,295,0,0,1,1,1,1,1,0.7497,412,7.5688,59.09,1,1,1,653701.76,0.1873,1,6,0.111,0.057,3,1,1,1,0
NCRB-SYNTH-105044,High Court,Sec 439 CrPC (Regular Bail),2,20,13,0,0,1,1,1,1,1,1,1,0.4351,1,212,1,1,1,1,1,1,1,0.7053,198,3.8472,80.67,1,1,1,1920489.63,0.1418,1,10,0.2376,0.0991,3,1,1,1,0
NCRB-SYNTH-105045,High Court,Sec 439 CrPC (Regular Bail),7,4,54,1,0,1,1,1,0,1,1,1,0.5953,1,216,1,1,1,1,1,1,1,0.7803,207,4.4754,88.28,1,1,1,1738182.74,0.1937,1,8,0.0949,0.0432,3,1,1,1,0
NCRB-SYNTH-105046,High Court,Sec 439 CrPC (Regular Bail),4,6,66,1,0,1,1,1,1,1,1,1,0.8369,1,225,1,1,1,1,1,1,1,0.7269,214,10.1127,76.69,1,1,1,1933099.48,0.1591,1,6,0.2089,0.1073,3,1,1,1,1
NCRB-SYNTH-105056,Trial Court,Sec 482 CrPC (Quashing),4,17,10,1,0,1,1,1,1,1,1,1,0.9521,1,122,1,1,1,1,1,1,1,0.7698,479,4.7401,51.3,1,1,1,1976678.69,0.1589,1,9,0.1417,0.0615,3,1,1,1,1
NCRB-SYNTH-105059,Trial Court,Sec 482 CrPC (Quashing),4,24,53,1,0,1,1,1,0,1,1,1,0.4938,1,171,0,0,1,1,1,1,1,0.6217,483,8.25,63.0,1,1,1,510496.45,0.1242,1,5,0.1534,0.0856,3,1,1,0,0
NCRB-SYNTH-105071,High Court,Sec 439 CrPC (Regular Bail),2,20,76,1,0,1,1,1,0,1,1,1,0.8444,1,180,1,1,1,1,1,1,1,0.7258,418,11.5882,50.74,1,1,1,2204427.92,0.0577,1,18,0.175,0.0594,4,1,1,1,1
NCRB-SYNTH-105077,Trial Court,Sec 439 CrPC (Regular Bail),4,9,13,1,1,1,1,1,1,1,1,1,0.5238,1,259,1,1,1,1,1,1,1,0.9155,113,10.6014,52.39,1,1,1,1483125.73,0.0333,1,7,0.184,0.0885,3,1,1,1,0
NCRB-SYNTH-105089,Supreme Court,Sec 482 CrPC (Quashing),2,5,42,1,1,1,1,1,0,1,1,1,0.704,1,187,1,1,1,1,1,1,1,0.6997,450,7.259,15.17,1,1,1,1514048.87,0.0267,1,3,0.7048,0.5084,1,1,1,1,1
NCRB-SYNTH-105102,Supreme Court,Sec 439 CrPC (Regular Bail),1,5,59,1,0,1,1,1,0,1,1,1,0.6911,1,214,0,0,1,1,1,1,1,0.7694,173,4.0522,80.68,1,1,1,2008955.17,0.0117,1,4,0.1566,0.0973,3,1,1,1,0
NCRB-SYNTH-105103,Trial Court,Sec 439 CrPC (Regular Bail),27,25,14,1,0,1,1,1,0,1,1,1,0.4082,1,268,1,1,1,1,1,1,1,0.4462,109,8.1333,40.01,1,1,1,1836885.45,0.1315,1,40,0.1867,0.0503,4,1,1,1,0
NCRB-SYNTH-105113,High Court,Sec 439 CrPC (Regular Bail),7,23,61,1,0,1,1,1,1,1,1,1,0.7667,1,123,1,1,1,1,1,1,1,0.6625,461,12.4197,80.44,1,1,1,1541612.87,0.0342,1,3,0.4313,0.3111,1,1,1,0,1
NCRB-SYNTH-105116,Trial Court,Sec 439 CrPC (Regular Bail),2,12,20,1,0,1,1,1,0,1,1,1,0.5152,1,271,1,1,1,1,1,1,1,0.919,214,7.8488,89.91,1,1,1,1231223.66,0.0653,1,2,0.4215,0.3836,1,1,1,1,0
NCRB-SYNTH-105126,High Court,Sec 439 CrPC (Regular Bail),27,14,12,1,1,1,1,1,0,1,1,1,0.7379,1,190,1,1,1,1,1,1,1,0.7236,422,7.4529,29.36,1,1,1,561686.01,0.1642,1,33,0.113,0.0321,4,1,1,1,1
NCRB-SYNTH-105131,High Court,Sec 439 CrPC (Regular Bail),1,11,27,1,0,1,1,1,1,1,1,1,0.666,1,153,0,0,1,1,1,1,1,0.7717,363,8.417,59.07,1,1,1,2197125.19,0.0242,1,1,0.7056,1.0179,1,1,1,0,0
NCRB-SYNTH-105137,High Court,Sec 439 CrPC (Regular Bail),1,16,39,0,0,1,1,1,0,1,1,1,0.7751,1,239,1,1,1,1,1,1,1,0.5578,379,13.9368,63.67,1,1,1,2146359.37,0.0094,1,30,0.3108,0.0905,4,1,1,1,1
NCRB-SYNTH-105139,Supreme Court,Sec 439 CrPC (Regular Bail),4,12,55,0,0,1,1,1,0,1,1,1,0.6482,1,133,0,0,1,1,1,1,1,0.5689,334,12.6371,63.59,1,1,1,1891139.16,0.1554,1,8,0.2297,0.1046,3,1,1,0,0
NCRB-SYNTH-105141,High Court,Sec 439 CrPC (Regular Bail),1,3,26,1,1,1,1,1,1,1,1,1,0.3951,1,254,1,1,1,1,1,1,1,0.6834,424,11.2067,51.91,1,1,1,786398.76,0.0228,1,4,0.1161,0.0722,3,1,1,1,0
NCRB-SYNTH-105143,High Court,Sec 439 CrPC (Regular Bail),7,22,48,1,0,1,1,1,0,1,1,1,0.8561,1,224,0,0,1,1,1,1,1,0.5882,413,12.1181,38.9,1,1,1,1235518.11,0.0969,1,1,0.7167,1.034,1,1,1,1,0
NCRB-SYNTH-105147,High Court,Writ Petition (Detention),2,4,42,1,0,1,1,1,0,1,1,1,0.5784,1,129,1,1,1,1,1,1,1,0.5675,180,3.5954,36.67,1,1,1,2392346.46,0.1946,1,40,0.1368,0.0368,4,1,1,0,0
NCRB-SYNTH-105149,Trial Court,Sec 482 CrPC (Quashing),2,4,75,0,1,1,1,1,0,1,1,1,0.6291,1,232,0,0,1,1,1,1,1,0.6102,111,8.1248,35.05,1,1,1,2194003.91,0.1882,1,3,0.5868,0.4233,1,1,1,1,0
NCRB-SYNTH-105155,Supreme Court,Sec 439 CrPC (Regular Bail),1,24,75,0,0,1,1,1,0,1,1,1,0.8842,1,240,1,1,1,1,1,1,1,0.6091,281,8.0959,74.26,1,1,1,504641.58,0.1782,1,37,0.3137,0.0862,4,1,1,1,1
NCRB-SYNTH-105161,Trial Court,Sec 482 CrPC (Quashing),1,19,14,1,0,1,1,1,0,1,1,1,0.7132,1,186,1,1,1,1,1,1,1,0.678,434,6.8492,46.45,1,1,1,81885.71,0.1894,1,10,0.1631,0.068,3,1,1,1,1
NCRB-SYNTH-105172,Supreme Court,Sec 482 CrPC (Quashing),1,21,45,1,1,1,1,1,0,1,1,1,0.5881,1,252,1,1,1,1,1,1,1,0.8456,117,7.9442,86.04,1,1,1,1295277.73,0.1398,1,9,0.1211,0.0526,3,1,1,1,0
NCRB-SYNTH-105187,High Court,Sec 482 CrPC (Quashing),1,11,12,1,1,1,1,1,1,1,1,1,0.4947,1,263,0,0,1,1,1,1,1,0.5513,181,13.1494,39.89,1,1,1,1504880.81,0.073,1,15,0.1968,0.071,4,1,1,1,0
NCRB-SYNTH-105203,High Court,Writ Petition (Detention),1,9,41,1,0,1,1,1,0,1,1,1,0.424,1,194,1,1,1,1,1,1,1,0.6123,349,6.0931,70.42,1,1,1,1627640.52,0.1416,1,2,0.7731,0.7037,1,1,1,1,0
NCRB-SYNTH-105216,Supreme Court,Sec 439 CrPC (Regular Bail),4,20,23,1,1,1,1,1,0,1,1,1,0.5208,1,256,1,0,1,1,1,1,1,0.6284,375,8.0464,37.32,1,1,1,2345867.4,0.0506,1,3,0.8648,0.6238,1,1,1,1,0
NCRB-SYNTH-105227,High Court,Sec 482 CrPC (Quashing),1,5,47,0,0,1,1,1,0,1,1,1,0.8078,1,170,1,1,1,1,1,1,1,0.8385,204,8.5703,79.88,1,1,1,1603765.76,0.0021,1,36,0.3098,0.0858,4,1,1,1,1
NCRB-SYNTH-105230,High Court,Sec 482 CrPC (Quashing),1,4,14,1,0,1,1,1,0,1,1,1,0.8451,1,225,1,1,1,1,1,1,1,0.7861,407,3.8044,31.13,1,1,1,1328855.27,0.0322,1,6,0.2042,0.1049,3,1,1,1,1
NCRB-SYNTH-105231,High Court,Sec 439 CrPC (Regular Bail),1,17,55,1,1,1,1,1,0,1,1,1,0.9372,1,136,1,1,1,1,1,1,1,0.4886,210,9.2285,72.93,1,1,1,212758.65,0.0408,1,4,0.1755,0.109,3,1,1,1,1
NCRB-SYNTH-105237,Trial Court,Sec 439 CrPC (Regular Bail),2,25,65,1,1,1,1,1,0,1,1,1,0.8692,1,252,1,1,1,1,1,1,1,0.8329,495,11.4828,78.08,1,1,1,2486021.07,0.1868,1,3,0.6279,0.4529,1,1,1,1,1
NCRB-SYNTH-105238,High Court,Writ Petition (Detention),2,23,69,1,1,1,1,1,0,1,1,1,0.5791,1,146,1,1,1,1,1,1,1,0.6829,389,9.9399,88.11,1,1,1,506589.5,0.0543,1,24,0.2154,0.0669,4,1,1,0,0
NCRB-SYNTH-105246,Trial Court,Sec 482 CrPC (Quashing),1,22,16,1,1,1,1,1,1,1,1,1,0.6676,1,283,1,0,1,1,1,1,1,0.5075,392,7.8397,30.2,1,1,1,765282.79,0.0655,1,9,0.1689,0.0734,3,1,1,1,1
NCRB-SYNTH-105253,High Court,Sec 439 CrPC (Regular Bail),7,24,22,1,0,1,1,1,0,1,1,1,0.6174,1,257,1,1,1,1,1,1,1,0.5032,209,5.2441,26.68,1,1,1,658973.54,0.0638,1,2,0.9034,0.8223,1,1,1,1,0
NCRB-SYNTH-105263,High Court,Sec 482 CrPC (Quashing),2,18,34,1,0,1,1,1,0,1,1,1,0.6625,1,193,1,1,1,1,1,1,1,0.8094,254,7.5191,89.67,1,1,1,714371.76,0.1042,1,3,0.6269,0.4522,1,1,1,1,1
NCRB-SYNTH-105298,Supreme Court,Sec 439 CrPC (Regular Bail),4,21,21,0,1,1,1,1,0,1,1,1,0.9652,1,291,1,1,1,1,1,1,1,0.5333,433,9.5826,58.68,1,1,1,2055208.66,0.0966,1,9,0.2219,0.0964,3,1,1,1,1
NCRB-SYNTH-105312,High Court,Sec 482 CrPC (Quashing),2,6,40,0,0,1,1,1,1,1,1,1,0.9144,1,135,1,1,1,1,1,1,1,0.7896,135,12.3098,62.07,1,1,1,1596183.02,0.0616,1,9,0.1126,0.0489,3,1,1,0,1
NCRB-SYNTH-105320,Trial Court,Sec 482 CrPC (Quashing),1,21,24,1,0,1,1,1,0,1,1,1,0.7685,1,256,1,1,1,1,1,1,1,0.7496,139,7.2468,88.27,1,1,1,1092921.26,0.033,1,7,0.1422,0.0684,3,1,1,1,1
NCRB-SYNTH-105326,High Court,Sec 482 CrPC (Quashing),1,25,20,1,1,1,1,1,0,1,1,1,0.754,1,160,1,1,1,1,1,1,1,0.7735,382,7.5972,29.89,1,1,1,839829.09,0.1127,1,9,0.1499,0.0651,3,1,1,1,1
NCRB-SYNTH-105338,High Court,Writ Petition (Detention),1,13,41,1,0,1,1,1,0,1,1,1,0.3967,1,254,1,1,1,1,1,1,1,0.6993,266,11.8454,85.51,1,1,1,328343.22,0.0347,1,3,0.4725,0.3408,1,1,1,1,0
NCRB-SYNTH-105350,High Court,Sec 439 CrPC (Regular Bail),1,11,18,1,0,1,1,1,1,1,1,1,0.669,1,194,1,0,1,1,1,1,1,0.7748,443,8.4205,25.18,1,1,1,2188909.38,0.0266,1,5,0.0815,0.0455,3,1,1,1,1
NCRB-SYNTH-105361,High Court,Trial Judgment,1,19,61,1,0,1,1,1,1,1,1,1,0.488,1,174,1,1,1,1,1,1,1,0.6807,138,9.8845,44.32,1,1,1,368809.96,0.1182,1,32,0.2038,0.0583,4,1,1,1,0
NCRB-SYNTH-105364,High Court,Trial Judgment,2,8,50,1,0,1,1,1,0,1,1,1,0.873,1,182,1,1,1,1,1,1,1,0.7916,367,8.0198,80.94,1,1,1,639426.68,0.0728,1,6,0.1323,0.068,3,1,1,1,1
NCRB-SYNTH-105367,High Court,Sec 439 CrPC (Regular Bail),4,3,21,1,0,1,1,1,1,1,1,1,0.4848,1,220,1,1,1,1,1,1,1,0.6501,234,10.0055,40.18,1,1,1,1945841.46,0.1585,1,9,0.0614,0.0267,3,1,1,0,0
NCRB-SYNTH-105377,High Court,Sec 439 CrPC (Regular Bail),1,10,21,0,0,1,1,1,1,1,1,1,0.9249,1,244,1,1,1,1,1,1,1,0.8466,204,9.0103,17.33,1,1,1,456654.41,0.073,1,6,0.0596,0.0306,3,1,1,1,1
NCRB-SYNTH-105385,High Court,Sec 439 CrPC (Regular Bail),1,19,73,1,1,1,1,1,0,1,1,1,0.648,1,220,1,1,1,1,1,1,1,0.8122,452,13.5968,30.85,1,1,1,1116909.9,0.0811,1,2,0.5629,0.5123,1,1,1,1,0
NCRB-SYNTH-105389,High Court,Sec 439 CrPC (Regular Bail),1,8,21,0,0,1,1,1,0,1,1,1,0.6279,1,230,1,0,1,1,1,1,1,0.7451,267,13.0072,55.13,1,1,1,623570.45,0.1881,1,17,0.1152,0.0399,4,1,1,1,0
NCRB-SYNTH-105392,High Court,Sec 482 CrPC (Quashing),4,8,46,1,0,1,1,1,0,1,1,1,0.9273,1,157,1,1,1,1,1,1,1,0.6144,469,10.5075,30.65,1,1,1,752052.45,0.1988,1,1,0.6158,0.8883,1,1,1,1,1
NCRB-SYNTH-105394,High Court,Sec 482 CrPC (Quashing),1,21,14,1,0,1,1,1,1,1,1,1,0.7254,1,146,1,1,1,1,1,1,1,0.7326,146,11.7051,89.18,1,1,1,1434752.9,0.0163,1,7,0.2233,0.1074,3,1,1,0,1
NCRB-SYNTH-105411,Trial Court,Sec 439 CrPC (Regular Bail),7,19,18,1,0,1,1,1,0,1,1,1,0.5277,1,223,1,1,1,1,1,1,1,0.797,149,4.484,39.45,1,1,1,867236.3,0.0635,1,4,0.0864,0.0537,3,1,1,1,0
NCRB-SYNTH-105426,High Court,Sec 439 CrPC (Regular Bail),1,12,66,1,0,1,1,1,0,1,1,1,0.4942,1,119,1,1,1,1,1,1,1,0.5455,444,6.9143,15.55,1,1,1,1152122.4,0.0511,1,29,0.1024,0.0301,4,1,1,0,0
NCRB-SYNTH-105429,High Court,Sec 439 CrPC (Regular Bail),1,20,29,0,1,1,1,1,0,1,1,1,0.4692,1,181,1,1,1,1,1,1,1,0.8622,200,9.9081,35.01,1,1,1,140827.74,0.0589,1,11,0.1739,0.07,3,1,1,1,0
NCRB-SYNTH-105431,Supreme Court,Sec 439 CrPC (Regular Bail),4,19,79,1,0,1,1,1,0,1,1,1,0.8186,1,172,0,0,1,1,1,1,1,0.6021,273,11.3593,65.02,1,1,1,2275023.62,0.1627,1,2,0.8376,0.7624,1,1,1,1,0
NCRB-SYNTH-105433,Trial Court,Sec 439 CrPC (Regular Bail),1,19,22,1,0,1,1,1,0,1,1,1,0.4593,1,290,1,0,1,1,1,1,1,0.6209,177,10.4226,75.47,1,1,1,1716872.93,0.1598,1,11,0.2449,0.0985,3,1,1,1,0
NCRB-SYNTH-105435,High Court,Sec 439 CrPC (Regular Bail),1,12,14,1,0,1,1,1,0,1,1,1,0.4394,1,240,0,0,1,1,1,1,1,0.6962,149,8.67,78.05,1,1,1,1245642.91,0.153,1,5,0.1651,0.0922,3,1,1,1,0
NCRB-SYNTH-105448,Trial Court,Trial Judgment,4,8,52,0,0,1,1,1,0,1,1,1,0.6023,1,250,1,1,1,1,1,1,1,0.7063,360,11.6641,68.29,1,1,1,1867985.9,0.0541,1,2,0.7946,0.7233,1,1,1,1,0
NCRB-SYNTH-105471,High Court,Sec 482 CrPC (Quashing),1,22,63,1,1,1,1,1,0,1,1,1,0.8835,1,212,1,0,1,1,1,1,1,0.3359,234,9.1287,69.12,1,1,1,584426.88,0.1302,1,32,0.2403,0.0687,4,1,1,1,1
NCRB-SYNTH-105478,High Court,Sec 439 CrPC (Regular Bail),1,5,71,0,0,1,1,1,0,1,1,1,0.5006,1,160,1,1,1,1,1,1,1,0.5894,155,13.9565,38.56,1,1,1,1165789.45,0.1529,1,3,0.8082,0.583,1,1,1,1,0
NCRB-SYNTH-105485,Supreme Court,Sec 439 CrPC (Regular Bail),2,14,19,1,0,1,1,1,0,1,1,1,0.8312,1,236,1,1,1,1,1,1,1,0.7689,290,8.8848,88.51,1,1,1,1135181.01,0.0906,1,3,0.5558,0.4009,1,1,1,1,1
NCRB-SYNTH-105488,Trial Court,Sec 439 CrPC (Regular Bail),1,7,39,1,1,1,1,1,1,1,1,1,0.7083,1,198,0,0,1,1,1,1,1,0.6441,337,11.8371,42.17,1,1,1,2319959.78,0.1217,1,11,0.1135,0.0457,3,1,1,1,0
NCRB-SYNTH-105489,High Court,Sec 439 CrPC (Regular Bail),1,20,16,1,0,1,1,1,0,1,1,1,0.6242,1,198,1,1,1,1,1,1,1,0.7072,195,12.7177,61.58,1,1,1,756151.03,0.0425,1,11,0.1066,0.0429,3,1,1,1,0
NCRB-SYNTH-105493,High Court,Sec 439 CrPC (Regular Bail),1,12,66,1,1,1,1,1,0,1,1,1,0.4479,1,186,1,1,1,1,1,1,1,0.6884,489,8.9059,38.47,1,1,1,918820.81,0.0023,1,4,0.062,0.0385,3,1,1,1,0
NCRB-SYNTH-105497,Supreme Court,Sec 439 CrPC (Regular Bail),1,13,20,1,0,1,1,1,0,1,1,1,0.7548,1,251,1,1,1,1,1,1,1,0.548,450,4.4007,64.09,1,1,1,2308776.27,0.1892,1,5,0.2054,0.1147,3,1,1,1,1
NCRB-SYNTH-105499,High Court,Sec 439 CrPC (Regular Bail),1,21,60,1,0,1,1,1,1,1,1,1,0.7383,1,264,1,1,1,1,1,1,1,0.5711,357,5.3821,28.15,1,1,1,1845203.94,0.0793,1,24,0.1674,0.052,4,1,1,1,1
NCRB-SYNTH-105500,Trial Court,Writ Petition (Detention),1,7,73,1,0,1,1,1,0,1,1,1,0.9115,1,216,0,0,1,1,1,1,1,0.8784,302,4.1465,64.03,1,1,1,1070546.76,0.1979,1,11,0.2329,0.0937,3,1,1,1,0
NCRB-SYNTH-105520,Supreme Court,Sec 439 CrPC (Regular Bail),1,21,40,1,0,1,1,1,1,1,1,1,0.7613,1,203,1,1,1,1,1,1,1,0.8743,103,10.2405,60.41,1,1,1,159424.25,0.0481,1,20,0.2556,0.0839,4,1,1,0,1
NCRB-SYNTH-105522,Trial Court,Sec 482 CrPC (Quashing),1,13,10,1,0,1,1,1,0,1,1,1,0.4939,1,173,1,1,1,1,1,1,1,0.4979,253,11.0366,54.85,1,1,1,540926.93,0.1758,1,6,0.1513,0.0778,3,1,1,1,0
NCRB-SYNTH-105523,High Court,Sec 439 CrPC (Regular Bail),1,19,67,1,1,1,1,1,0,1,1,1,0.5669,1,247,1,1,1,1,1,1,1,0.5469,117,7.199,38.03,1,1,1,2372025.38,0.0229,1,7,0.2193,0.1055,3,1,1,1,0
NCRB-SYNTH-105527,Supreme Court,Writ Petition (Detention),2,17,60,1,0,1,1,1,1,1,1,1,0.9015,1,257,1,1,1,1,1,1,1,0.8835,480,13.5127,77.05,1,1,1,983623.43,0.1469,1,7,0.0903,0.0434,3,1,1,0,1
NCRB-SYNTH-105533,Trial Court,Sec 439 CrPC (Regular Bail),1,13,31,1,1,1,1,1,0,1,1,1,0.5714,1,247,0,0,1,1,1,1,1,0.7859,128,5.0025,83.58,1,1,1,1949376.14,0.1625,1,9,0.2119,0.092,3,1,1,1,0
NCRB-SYNTH-105542,High Court,Sec 439 CrPC (Regular Bail),1,20,55,1,0,1,1,1,1,1,1,1,0.6607,1,133,1,0,1,1,1,1,1,0.7081,206,11.9397,69.66,1,1,1,369421.81,0.0835,1,10,0.134,0.0559,3,1,1,0,1
NCRB-SYNTH-105545,Supreme Court,Sec 439 CrPC (Regular Bail),15,25,26,1,0,1,1,1,1,1,1,1,0.5297,1,136,1,1,1,1,1,1,1,0.4835,378,8.3869,83.02,1,1,1,932795.16,0.0662,1,35,0.1272,0.0355,4,1,1,0,0
NCRB-SYNTH-105554,Supreme Court,Sec 439 CrPC (Regular Bail),1,6,22,1,0,1,1,1,0,1,1,1,0.8429,1,141,1,1,1,1,1,1,1,0.6927,438,10.5137,44.5,1,1,1,1593910.58,0.0697,1,8,0.153,0.0696,3,1,1,1,1
NCRB-SYNTH-105560,High Court,Sec 439 CrPC (Regular Bail),1,9,48,1,0,1,1,1,0,1,1,1,0.4639,1,266,1,1,1,1,1,1,1,0.7154,230,10.586,37.57,1,1,1,1869475.97,0.099,1,9,0.1113,0.0483,3,1,1,1,0
NCRB-SYNTH-105567,High Court,Sec 482 CrPC (Quashing),1,10,28,1,0,1,1,1,0,1,1,1,0.8307,1,182,1,1,1,1,1,1,1,0.6012,334,13.5874,38.34,1,1,1,1899193.29,0.0686,1,16,0.0951,0.0336,4,1,1,1,1
NCRB-SYNTH-105574,High Court,Sec 482 CrPC (Quashing),2,4,70,1,0,1,1,1,0,1,1,1,0.4636,1,144,1,1,1,1,1,1,1,0.8875,430,6.8823,19.88,1,1,1,1525178.99,0.076,1,29,0.1919,0.0564,4,1,1,0,0
NCRB-SYNTH-105575,High Court,Writ Petition (Detention),1,7,14,1,0,1,1,1,1,1,1,1,0.99,1,273,1,1,1,1,1,1,1,0.5697,132,12.161,27.41,1,1,1,2125599.65,0.0064,1,17,0.1011,0.035,4,1,1,1,1
NCRB-SYNTH-105577,High Court,Sec 439 CrPC (Regular Bail),15,7,66,1,1,1,1,1,1,1,1,1,0.4855,1,297,1,0,1,1,1,1,1,0.5455,226,13.5698,20.95,1,1,1,2433327.75,0.1844,1,38,0.2802,0.0765,4,1,1,1,0
NCRB-SYNTH-105590,Supreme Court,Sec 482 CrPC (Quashing),1,10,56,1,0,1,1,1,1,1,1,1,0.6737,1,186,1,1,1,1,1,1,1,0.8168,342,10.1475,18.99,1,1,1,2455393.01,0.113,1,3,0.4767,0.3439,1,1,1,1,1
NCRB-SYNTH-105598,Trial Court,Sec 439 CrPC (Regular Bail),2,3,41,1,0,1,1,1,0,1,1,1,0.8069,1,153,1,1,1,1,1,1,1,0.7595,123,6.8104,74.7,1,1,1,1607910.85,0.1014,1,3,0.6694,0.4829,1,1,1,0,1
NCRB-SYNTH-105599,High Court,Sec 482 CrPC (Quashing),7,21,10,1,0,1,1,1,1,1,1,1,0.9209,1,162,0,0,1,1,1,1,1,0.6902,436,5.1741,75.06,1,1,1,1756612.83,0.1231,1,8,0.2322,0.1057,3,1,1,1,0
NCRB-SYNTH-105604,High Court,Sec 439 CrPC (Regular Bail),15,23,44,1,0,1,1,1,1,1,1,1,0.5105,1,218,1,0,1,1,1,1,1,0.7897,408,3.6123,81.49,1,1,1,1740784.71,0.0284,1,4,0.1148,0.0714,3,1,1,1,0
NCRB-SYNTH-105606,Supreme Court,Sec 439 CrPC (Regular Bail),4,15,40,1,0,1,1,1,0,1,1,1,0.8229,1,200,0,0,1,1,1,1,1,0.7504,201,4.9486,68.6,1,1,1,1055508.82,0.0043,1,16,0.2695,0.0951,4,1,1,1,0
NCRB-SYNTH-105612,High Court,Sec 439 CrPC (Regular Bail),7,15,29,1,1,1,1,1,1,1,1,1,0.9323,1,268,1,1,1,1,1,1,1,0.5516,429,13.0151,27.08,1,1,1,1327843.28,0.1966,1,3,0.6714,0.4843,1,1,1,1,1
NCRB-SYNTH-105619,Supreme Court,Sec 482 CrPC (Quashing),21,8,56,0,1,1,1,1,1,1,1,1,0.4667,1,251,1,0,1,1,1,1,1,0.5137,188,11.771,27.67,1,1,1,1023571.17,0.0265,1,3,0.6567,0.4737,1,1,1,1,0
NCRB-SYNTH-105632,Supreme Court,Sec 482 CrPC (Quashing),1,6,33,1,1,1,1,1,0,1,1,1,0.7217,1,181,1,1,1,1,1,1,1,0.4575,388,6.1665,73.66,1,1,1,651732.23,0.0271,1,1,0.8723,1.2585,1,1,1,1,1
NCRB-SYNTH-105637,Supreme Court,Sec 482 CrPC (Quashing),15,19,49,1,0,1,1,1,0,1,1,1,0.397,1,269,1,1,1,1,1,1,1,0.7953,259,10.6576,27.27,1,1,1,1753051.41,0.1583,1,33,0.2168,0.0615,4,1,1,1,0
NCRB-SYNTH-105641,Supreme Court,Writ Petition (Detention),1,15,73,1,1,1,1,1,1,1,1,1,0.8624,1,196,1,1,1,1,1,1,1,0.7636,173,8.4751,65.46,1,1,1,1436859.85,0.0829,1,42,0.2282,0.0607,4,1,1,1,1
NCRB-SYNTH-105645,Supreme Court,Sec 439 CrPC (Regular Bail),1,10,19,1,0,1,1,1,1,1,1,1,0.7773,1,162,1,1,1,1,1,1,1,0.8276,463,7.7297,32.87,1,1,1,954496.67,0.0811,1,2,0.843,0.7674,1,1,1,1,1
NCRB-SYNTH-105649,Supreme Court,Sec 482 CrPC (Quashing),1,20,70,1,1,1,1,1,0,1,1,1,0.834,1,153,1,1,1,1,1,1,1,0.6341,338,10.2905,59.05,1,1,1,315043.02,0.06,1,11,0.1565,0.063,3,1,1,1,1
NCRB-SYNTH-105650,High Court,Writ Petition (Detention),4,3,11,1,0,1,1,1,0,1,1,1,0.5563,1,225,1,1,1,1,1,1,1,0.5169,282,9.1164,79.37,1,1,1,2496480.11,0.0649,1,8,0.193,0.0878,3,1,1,1,0
NCRB-SYNTH-105652,Trial Court,Sec 439 CrPC (Regular Bail),1,11,32,1,0,1,1,1,1,1,1,1,0.8372,1,176,1,0,1,1,1,1,1,0.8505,444,8.5238,66.11,1,1,1,459505.86,0.0474,1,10,0.1037,0.0433,3,1,1,0,1
NCRB-SYNTH-105657,High Court,Sec 439 CrPC (Regular Bail),1,10,74,1,0,1,1,1,0,1,1,1,0.6575,1,177,1,1,1,1,1,1,1,0.5073,473,10.7267,21.13,1,1,1,2196940.01,0.0808,1,43,0.1536,0.0406,4,1,1,1,1
NCRB-SYNTH-105660,High Court,Sec 482 CrPC (Quashing),1,13,67,1,1,1,1,1,0,1,1,1,0.7171,1,137,1,1,1,1,1,1,1,0.7025,324,12.5897,24.2,1,1,1,1383002.9,0.1782,1,29,0.2097,0.0617,4,1,1,0,1
NCRB-SYNTH-105664,Trial Court,Writ Petition (Detention),1,4,20,1,1,1,1,1,0,1,1,1,0.9201,1,224,1,1,1,1,1,1,1,0.8183,187,8.0757,37.49,1,1,1,610666.82,0.1559,1,3,0.6038,0.4356,1,1,1,1,1
NCRB-SYNTH-105665,High Court,Sec 482 CrPC (Quashing),4,17,45,0,0,1,1,1,0,1,1,1,0.8583,1,150,1,0,1,1,1,1,1,0.6514,280,13.5477,67.74,1,1,1,1577887.45,0.0285,1,3,0.8852,0.6386,1,1,1,0,1
NCRB-SYNTH-105673,Supreme Court,Sec 439 CrPC (Regular Bail),2,16,72,1,0,1,1,1,0,1,1,1,0.8714,1,292,1,1,1,1,1,1,1,0.6914,418,9.1382,55.42,1,1,1,1624474.38,0.1433,1,3,0.4583,0.3306,1,1,1,1,1
NCRB-SYNTH-105677,High Court,Sec 439 CrPC (Regular Bail),1,14,45,1,0,1,1,1,0,1,1,1,0.3986,1,216,1,1,1,1,1,1,1,0.6154,416,4.7002,47.21,1,1,1,1261705.82,0.0677,1,7,0.1954,0.0939,3,1,1,1,0
NCRB-SYNTH-105690,High Court,Sec 439 CrPC (Regular Bail),2,3,66,1,0,1,1,1,0,1,1,1,0.7459,1,125,1,1,1,1,1,1,1,0.5332,226,11.4075,25.76,1,1,1,1308407.6,0.0146,1,4,0.1462,0.0908,3,1,1,0,1
NCRB-SYNTH-105693,High Court,Sec 482 CrPC (Quashing),7,4,32,1,0,1,1,1,0,1,1,1,0.5004,1,207,0,0,1,1,1,1,1,0.6079,175,8.7808,42.05,1,1,1,543262.14,0.1334,1,1,0.7272,1.0491,1,1,1,1,0
NCRB-SYNTH-105694,High Court,Sec 439 CrPC (Regular Bail),1,14,63,1,0,1,1,1,0,1,1,1,0.4785,1,226,1,1,1,1,1,1,1,0.6995,375,10.8431,38.54,1,1,1,736432.04,0.0112,1,40,0.2747,0.074,4,1,1,1,0
NCRB-SYNTH-105703,High Court,Sec 439 CrPC (Regular Bail),1,4,72,1,0,1,1,1,0,1,1,1,0.9395,1,249,1,1,1,1,1,1,1,0.5595,378,8.0762,79.1,1,1,1,1699392.18,0.1395,1,1,0.9346,1.3483,1,1,1,1,1
NCRB-SYNTH-105709,Supreme Court,Sec 439 CrPC (Regular Bail),1,15,42,1,0,1,1,1,1,1,1,1,0.5572,1,184,1,1,1,1,1,1,1,0.7877,315,11.4739,28.11,1,1,1,2208987.79,0.0038,1,37,0.3017,0.0829,4,1,1,1,0
NCRB-SYNTH-105715,High Court,Sec 439 CrPC (Regular Bail),1,20,56,1,1,1,1,1,1,1,1,1,0.8987,1,279,1,1,1,1,1,1,1,0.7703,291,13.8874,44.55,1,1,1,202523.01,0.0156,1,44,0.2407,0.0632,4,1,1,1,1
NCRB-SYNTH-105726,High Court,Sec 482 CrPC (Quashing),7,11,28,0,0,1,1,1,0,1,1,1,0.7048,1,161,0,0,1,1,1,1,1,0.6601,203,4.2991,27.09,1,1,1,2149900.47,0.0311,1,11,0.0874,0.0352,3,1,1,1,0
NCRB-SYNTH-105733,High Court,Sec 482 CrPC (Quashing),1,6,43,1,0,1,1,1,0,1,1,1,0.5498,1,221,1,1,1,1,1,1,1,0.782,362,8.5464,59.33,1,1,1,1703957.1,0.0244,1,1,0.8405,1.2126,1,1,1,1,0
NCRB-SYNTH-105735,High Court,Sec 439 CrPC (Regular Bail),1,16,32,1,0,1,1,1,0,1,1,1,0.473,1,200,1,1,1,1,1,1,1,0.8515,489,4.6164,81.26,1,1,1,1348146.01,0.0797,1,1,0.8299,1.1973,1,1,1,1,0
NCRB-SYNTH-105736,Supreme Court,Sec 482 CrPC (Quashing),2,14,76,0,0,1,1,1,1,1,1,1,0.9085,1,232,1,1,1,1,1,1,1,0.6747,224,4.3557,46.79,1,1,1,672352.39,0.0624,1,10,0.166,0.0692,3,1,1,1,1
NCRB-SYNTH-105737,High Court,Sec 482 CrPC (Quashing),7,17,13,1,0,1,1,1,0,1,1,1,0.5869,1,290,0,0,1,1,1,1,1,0.5435,212,7.4197,75.15,1,1,1,579394.21,0.1319,1,11,0.1486,0.0598,3,1,1,1,0
NCRB-SYNTH-105742,Supreme Court,Sec 439 CrPC (Regular Bail),4,23,62,1,0,1,1,1,1,1,1,1,0.4114,1,197,1,1,1,1,1,1,1,0.6161,277,5.8373,85.25,1,1,1,1249600.8,0.0778,1,19,0.0863,0.0288,4,1,1,1,0
NCRB-SYNTH-105746,Trial Court,Sec 439 CrPC (Regular Bail),7,15,24,1,0,1,1,1,0,1,1,1,0.5208,1,211,1,1,1,1,1,1,1,0.8398,371,4.7952,37.02,1,1,1,245160.74,0.1206,1,6,0.1494,0.0768,3,1,1,1,0
NCRB-SYNTH-105747,High Court,Sec 439 CrPC (Regular Bail),1,3,26,1,0,1,1,1,0,1,1,1,0.4724,1,236,1,0,1,1,1,1,1,0.699,126,12.8207,19.91,1,1,1,112857.84,0.0447,1,1,0.8918,1.2866,1,1,1,1,0
NCRB-SYNTH-105750,Supreme Court,Sec 482 CrPC (Quashing),1,24,31,0,0,1,1,1,0,1,1,1,0.416,1,230,0,1,1,1,1,1,1,0.7116,181,5.3891,77.15,1,1,1,448537.32,0.1421,1,44,0.1655,0.0435,4,1,1,1,0
NCRB-SYNTH-105757,Supreme Court,Sec 482 CrPC (Quashing),1,11,43,1,0,1,1,1,0,1,1,1,0.4738,1,237,1,1,1,1,1,1,1,0.6631,317,13.5145,75.71,1,1,1,1803368.09,0.1208,1,9,0.1461,0.0634,3,1,1,0,0
NCRB-SYNTH-105771,High Court,Sec 482 CrPC (Quashing),1,14,42,1,1,1,1,1,0,1,1,1,0.4788,1,143,1,1,1,1,1,1,1,0.7208,413,7.3766,49.64,1,1,1,2394637.49,0.1505,1,32,0.1387,0.0397,4,1,1,0,0
NCRB-SYNTH-105777,High Court,Sec 439 CrPC (Regular Bail),1,24,34,0,0,1,1,1,0,1,1,1,0.4782,1,224,1,1,1,1,1,1,1,0.6695,425,6.6923,38.55,1,1,1,344410.5,0.1174,1,17,0.251,0.0869,4,1,1,0,0
NCRB-SYNTH-105781,High Court,Sec 482 CrPC (Quashing),1,15,23,1,0,1,1,1,1,1,1,1,0.6275,1,135,1,1,1,1,1,1,1,0.6292,149,13.6944,41.87,1,1,1,1358913.59,0.1776,1,3,0.8454,0.6098,1,1,1,0,0
NCRB-SYNTH-105783,Trial Court,Sec 439 CrPC (Regular Bail),7,3,59,1,1,1,1,1,0,1,1,1,0.7769,1,267,1,1,1,1,1,1,1,0.8208,169,7.236,41.64,1,1,1,1260858.12,0.1065,1,4,0.2384,0.1481,3,1,1,1,1
NCRB-SYNTH-105792,High Court,Writ Petition (Detention),4,23,39,1,0,1,1,1,1,1,1,1,0.7914,1,287,1,1,1,1,1,1,1,0.7369,154,11.3678,26.21,1,1,1,2429072.0,0.0118,1,3,0.5269,0.3801,1,1,1,1,1
NCRB-SYNTH-105809,High Court,Writ Petition (Detention),2,21,31,1,0,1,1,1,0,1,1,1,0.8818,1,172,1,1,1,1,1,1,1,0.7033,367,5.001,56.89,1,1,1,462159.61,0.1836,1,31,0.2201,0.0635,4,1,1,0,1
NCRB-SYNTH-105818,High Court,Sec 439 CrPC (Regular Bail),1,12,13,1,0,1,1,1,1,1,1,1,0.8696,1,225,1,1,1,1,1,1,1,0.7218,477,8.3532,27.43,1,1,1,461870.07,0.1736,1,7,0.2442,0.1174,3,1,1,1,1
NCRB-SYNTH-105827,High Court,Trial Judgment,2,6,54,1,1,1,1,1,0,1,1,1,0.8932,1,235,0,0,1,1,1,1,1,0.642,281,9.5867,69.72,1,1,1,569378.17,0.0118,1,31,0.1677,0.0484,4,1,1,1,0
NCRB-SYNTH-105836,High Court,Sec 439 CrPC (Regular Bail),2,13,37,1,0,1,1,1,1,1,1,1,0.9052,1,170,1,1,1,1,1,1,1,0.8854,115,13.3732,41.05,1,1,1,1411665.55,0.0624,1,8,0.1944,0.0885,3,1,1,1,1
NCRB-SYNTH-105839,Supreme Court,Trial Judgment,1,7,63,0,0,1,1,1,0,1,1,1,0.4589,1,154,1,1,1,1,1,1,1,0.657,263,9.2159,62.85,1,1,1,2106538.34,0.1976,1,3,0.6315,0.4556,1,1,1,0,0
NCRB-SYNTH-105840,High Court,Sec 439 CrPC (Regular Bail),4,18,67,1,0,1,1,1,1,1,1,1,0.7325,1,142,0,0,1,1,1,1,1,0.643,136,4.3067,60.89,1,1,1,330110.3,0.1342,1,32,0.2469,0.0706,4,1,1,1,0
NCRB-SYNTH-105860,High Court,Writ Petition (Detention),1,4,74,1,0,1,1,1,1,1,1,1,0.4483,1,212,1,0,1,1,1,1,1,0.7646,238,8.8343,30.38,1,1,1,2183972.38,0.1611,1,8,0.1589,0.0723,3,1,1,1,0
NCRB-SYNTH-105870,High Court,Sec 482 CrPC (Quashing),2,5,46,1,0,1,1,1,0,1,1,1,0.4781,1,180,1,1,1,1,1,1,1,0.9348,343,9.737,16.1,1,1,1,2018094.02,0.0913,1,7,0.1406,0.0676,3,1,1,0,0
NCRB-SYNTH-105873,High Court,Sec 439 CrPC (Regular Bail),4,15,63,1,1,1,1,1,0,1,1,1,0.5034,1,145,1,0,1,1,1,1,1,0.6545,463,9.991,15.43,1,1,1,616584.34,0.1693,1,9,0.0841,0.0365,3,1,1,0,0
NCRB-SYNTH-105878,High Court,Sec 482 CrPC (Quashing),1,13,20,1,0,1,1,1,1,1,1,1,0.9202,1,169,1,1,1,1,1,1,1,0.7284,436,10.3537,26.79,1,1,1,2383759.01,0.0048,1,7,0.1237,0.0595,3,1,1,1,1
NCRB-SYNTH-105882,High Court,Sec 482 CrPC (Quashing),2,21,25,1,0,1,1,1,1,1,1,1,0.9008,1,263,1,1,1,1,1,1,1,0.6523,188,7.4229,43.3,1,1,1,1112650.8,0.0835,1,6,0.159,0.0817,3,1,1,1,1
NCRB-SYNTH-105887,High Court,Writ Petition (Detention),2,7,74,1,0,1,1,1,0,1,1,1,0.7893,1,269,1,1,1,1,1,1,1,0.7839,378,10.1667,40.56,1,1,1,1223756.14,0.0057,1,1,0.5155,0.7437,1,1,1,1,1
NCRB-SYNTH-105892,High Court,Sec 439 CrPC (Regular Bail),1,4,53,1,0,1,1,1,0,1,1,1,0.7473,1,242,1,1,1,1,1,1,1,0.6139,392,11.2035,52.8,1,1,1,588675.68,0.192,1,25,0.1952,0.0599,4,1,1,1,1
NCRB-SYNTH-105901,High Court,Sec 482 CrPC (Quashing),1,17,52,1,0,1,1,1,0,1,1,1,0.8178,1,172,1,1,1,1,1,1,1,0.5703,388,4.0974,57.54,1,1,1,1609909.81,0.1539,1,6,0.1889,0.0971,3,1,1,1,1
NCRB-SYNTH-105906,High Court,Writ Petition (Detention),4,17,36,1,0,1,1,1,0,1,1,1,0.4413,1,140,1,0,1,1,1,1,1,0.6604,455,6.9984,24.64,1,1,1,447702.17,0.1662,1,9,0.0666,0.0289,3,1,1,0,0
NCRB-SYNTH-105918,High Court,Sec 439 CrPC (Regular Bail),7,12,10,1,1,1,1,1,0,1,1,1,0.9167,1,221,1,1,1,1,1,1,1,0.5432,193,5.5543,83.13,1,1,1,1253951.21,0.0294,1,16,0.1524,0.0538,4,1,1,1,1
NCRB-SYNTH-105920,High Court,Sec 482 CrPC (Quashing),1,21,39,0,0,1,1,1,0,1,1,1,0.6524,1,208,1,1,1,1,1,1,1,0.6073,171,13.9326,34.92,1,1,1,501489.16,0.0714,1,6,0.0653,0.0336,3,1,1,1,1
NCRB-SYNTH-105924,High Court,Sec 439 CrPC (Regular Bail),1,21,73,1,1,1,1,1,0,1,1,1,0.4743,1,221,1,1,1,1,1,1,1,0.797,164,9.8119,24.79,1,1,1,1359463.89,0.0464,1,8,0.2418,0.1101,3,1,1,1,0
NCRB-SYNTH-105928,Trial Court,Sec 439 CrPC (Regular Bail),7,11,46,1,0,1,1,1,0,1,1,1,0.6934,1,275,1,1,1,1,1,1,1,0.7755,154,8.339,15.94,1,1,1,1523133.02,0.1771,1,5,0.128,0.0714,3,1,1,1,1
NCRB-SYNTH-105929,Trial Court,Sec 482 CrPC (Quashing),2,5,32,1,0,1,1,1,0,1,1,1,0.5144,1,232,1,1,1,1,1,1,1,0.6422,188,8.7619,36.2,1,1,1,1178056.99,0.0981,1,3,0.4383,0.3162,1,1,1,1,0
NCRB-SYNTH-105937,High Court,Sec 439 CrPC (Regular Bail),7,20,36,1,1,1,1,1,1,1,1,1,0.6706,1,175,1,1,1,1,1,1,1,0.7573,115,4.2966,42.48,1,1,1,130531.92,0.0042,1,17,0.2828,0.0979,4,1,1,1,1
NCRB-SYNTH-105949,High Court,Writ Petition (Detention),1,9,37,1,1,1,1,1,0,1,1,1,0.9238,1,277,1,0,1,1,1,1,1,0.6876,169,8.0551,66.77,1,1,1,261341.27,0.0125,1,7,0.196,0.0942,3,1,1,1,1
NCRB-SYNTH-105954,High Court,Sec 439 CrPC (Regular Bail),27,13,39,1,0,1,1,1,1,1,1,1,0.6821,1,129,1,1,1,1,1,1,1,0.6254,483,11.1225,41.11,1,1,1,1744827.77,0.0227,1,10,0.1323,0.0552,3,1,1,0,1
NCRB-SYNTH-105956,Trial Court,Sec 439 CrPC (Regular Bail),4,11,60,1,0,1,1,1,0,1,1,1,0.8162,1,131,1,1,1,1,1,1,1,0.8803,104,13.4609,77.45,1,1,1,2095168.91,0.0365,1,1,0.8214,1.1851,1,1,1,0,1
NCRB-SYNTH-105980,High Court,Trial Judgment,1,14,11,0,0,1,1,1,1,1,1,1,0.4128,1,135,1,1,1,1,1,1,1,0.592,141,14.0008,86.73,1,1,1,2050990.36,0.1259,1,3,0.564,0.4069,1,1,1,1,0
NCRB-SYNTH-105981,Supreme Court,Sec 439 CrPC (Regular Bail),2,23,44,0,0,1,1,1,1,1,1,1,0.608,1,224,1,1,1,1,1,1,1,0.7314,448,5.0025,19.31,1,1,1,2398778.47,0.1461,1,23,0.1299,0.0409,4,1,1,1,0
NCRB-SYNTH-105987,High Court,Sec 482 CrPC (Quashing),1,22,38,1,0,1,1,1,1,1,1,1,0.748,1,213,1,1,1,1,1,1,1,0.5456,226,9.076,53.53,1,1,1,1308561.65,0.0573,1,3,0.5288,0.3814,1,1,1,1,1
NCRB-SYNTH-105989,High Court,Sec 439 CrPC (Regular Bail),2,7,40,1,1,1,1,1,1,1,1,1,0.7457,1,178,1,1,1,1,1,1,1,0.7938,448,11.2216,60.38,1,1,1,2348596.78,0.0831,1,31,0.1247,0.036,4,1,1,1,1
NCRB-SYNTH-105996,Supreme Court,Sec 482 CrPC (Quashing),1,4,51,1,0,1,1,1,0,1,1,1,0.84,1,247,1,1,1,1,1,1,1,0.6907,379,11.0208,20.87,1,1,1,1427948.26,0.1163,1,3,0.5082,0.3666,1,1,1,1,1
NCRB-SYNTH-106001,High Court,Sec 439 CrPC (Regular Bail),4,13,75,0,0,1,1,1,0,1,1,1,0.624,1,285,1,1,1,1,1,1,1,0.6689,455,10.6189,80.46,1,1,1,398643.85,0.1187,1,3,0.7351,0.5303,1,1,1,1,0
NCRB-SYNTH-106004,High Court,Sec 482 CrPC (Quashing),1,20,60,1,0,1,1,1,0,1,1,1,0.6333,1,168,1,1,1,1,1,1,1,0.7869,173,4.7409,70.93,1,1,1,1266964.88,0.0217,1,1,0.6012,0.8673,1,1,1,1,0
NCRB-SYNTH-106009,High Court,Sec 439 CrPC (Regular Bail),7,11,25,1,1,1,1,1,0,1,1,1,0.6189,1,166,1,1,1,1,1,1,1,0.8189,194,10.3015,55.78,1,1,1,2487975.21,0.0177,1,1,0.6266,0.904,1,1,1,1,0
NCRB-SYNTH-106031,High Court,Sec 482 CrPC (Quashing),4,16,17,1,0,1,1,1,0,1,1,1,0.4886,1,159,0,0,1,1,1,1,1,0.7331,269,8.7452,57.2,1,1,1,2255649.22,0.1201,1,43,0.1943,0.0513,4,1,1,1,0
NCRB-SYNTH-106035,High Court,Sec 439 CrPC (Regular Bail),1,14,70,1,0,1,1,1,1,1,1,1,0.5072,1,256,1,1,1,1,1,1,1,0.9821,121,9.9057,62.78,1,1,1,2030667.6,0.0006,1,44,0.3005,0.0789,4,1,1,1,0
NCRB-SYNTH-106041,High Court,Sec 439 CrPC (Regular Bail),1,10,49,1,0,1,1,1,1,1,1,1,0.6893,1,287,0,0,1,1,1,1,1,0.7701,476,8.4083,68.31,1,1,1,1592866.06,0.0049,1,7,0.1096,0.0527,3,1,1,1,0
NCRB-SYNTH-106064,Trial Court,Writ Petition (Detention),27,11,66,1,0,1,1,1,1,1,1,1,0.7683,1,175,1,1,1,1,1,1,1,0.5581,130,6.8951,58.77,1,1,1,1082360.62,0.1378,1,4,0.2499,0.1552,3,1,1,1,1
NCRB-SYNTH-106079,High Court,Sec 439 CrPC (Regular Bail),1,22,59,1,0,1,1,1,0,1,1,1,0.5351,1,161,1,1,1,1,1,1,1,0.6273,143,4.5515,68.14,1,1,1,2081431.77,0.174,1,1,0.5137,0.7411,1,1,1,1,0
NCRB-SYNTH-106094,Trial Court,Sec 439 CrPC (Regular Bail),1,25,36,0,1,1,1,1,1,1,1,1,0.4883,1,159,1,1,1,1,1,1,1,0.4551,347,12.6688,30.26,1,1,1,2335187.48,0.0455,1,41,0.2392,0.064,4,1,1,1,0
NCRB-SYNTH-106117,High Court,Sec 482 CrPC (Quashing),2,16,41,1,0,1,1,1,0,1,1,1,0.4523,1,215,1,1,1,1,1,1,1,0.8694,127,4.7036,80.71,1,1,1,1035270.84,0.1282,1,1,0.5822,0.8399,1,1,1,1,0
NCRB-SYNTH-106120,Supreme Court,Writ Petition (Detention),1,9,37,1,1,1,1,1,0,1,1,1,0.6402,1,260,1,1,1,1,1,1,1,0.4639,151,8.3547,54.6,1,1,1,2268066.79,0.1862,1,27,0.3065,0.092,4,1,1,1,0
NCRB-SYNTH-106139,High Court,Sec 439 CrPC (Regular Bail),2,13,38,1,1,1,1,1,0,1,1,1,0.4359,1,286,1,1,1,1,1,1,1,0.5533,458,5.2335,60.77,1,1,1,400952.52,0.0916,1,2,0.4405,0.401,1,1,1,1,0
NCRB-SYNTH-106149,Supreme Court,Sec 482 CrPC (Quashing),2,11,58,1,0,1,1,1,0,1,1,1,0.8278,1,176,1,1,1,1,1,1,1,0.5847,122,12.4754,64.52,1,1,1,1577233.27,0.016,1,7,0.1528,0.0735,3,1,1,1,1
NCRB-SYNTH-106151,High Court,Sec 439 CrPC (Regular Bail),1,3,45,1,0,1,1,1,0,1,1,1,0.6964,1,144,1,0,1,1,1,1,1,0.7827,374,11.6445,40.21,1,1,1,1019761.84,0.0354,1,5,0.1255,0.07,3,1,1,1,1
NCRB-SYNTH-106172,High Court,Writ Petition (Detention),1,15,33,1,0,1,1,1,1,1,1,1,0.4338,1,216,0,0,1,1,1,1,1,0.703,465,7.9238,53.46,1,1,1,1095407.98,0.0413,1,2,0.4413,0.4017,1,1,1,1,0
NCRB-SYNTH-106177,High Court,Writ Petition (Detention),45,4,48,1,0,1,1,1,1,1,1,1,0.5221,1,249,1,1,1,1,1,1,1,0.7842,106,7.0716,69.15,1,1,1,240164.78,0.1067,1,12,0.1414,0.0551,4,1,1,1,0
NCRB-SYNTH-106181,Supreme Court,Sec 439 CrPC (Regular Bail),1,17,59,1,0,1,1,1,1,1,1,1,0.5551,1,274,1,1,1,1,1,1,1,0.7073,386,5.9454,22.79,1,1,1,383423.84,0.0731,1,5,0.0837,0.0467,3,1,1,1,0
NCRB-SYNTH-106191,Trial Court,Trial Judgment,21,16,17,1,0,1,1,1,0,1,1,1,0.4803,1,290,1,1,1,1,1,1,1,0.6925,290,4.191,49.23,1,1,1,2123490.07,0.0456,1,6,0.1291,0.0663,3,1,1,1,0
NCRB-SYNTH-106192,High Court,Writ Petition (Detention),15,5,28,1,0,1,1,1,1,1,1,1,0.6243,1,156,1,1,1,1,1,1,1,0.6702,350,4.9298,28.23,1,1,1,1566786.1,0.078,1,11,0.2427,0.0977,3,1,1,1,0
NCRB-SYNTH-106195,High Court,Sec 439 CrPC (Regular Bail),2,5,47,1,0,1,1,1,0,1,1,1,0.5148,1,295,1,1,1,1,1,1,1,0.534,307,6.3952,20.12,1,1,1,1472728.45,0.1123,1,2,0.7466,0.6796,1,1,1,1,0
NCRB-SYNTH-106204,High Court,Sec 482 CrPC (Quashing),4,24,53,1,0,1,1,1,0,1,1,1,0.7514,1,190,1,1,1,1,1,1,1,0.49,305,11.6803,70.44,1,1,1,2391631.24,0.0475,1,4,0.1309,0.0813,3,1,1,1,1
NCRB-SYNTH-106226,High Court,Sec 439 CrPC (Regular Bail),21,12,35,1,0,1,1,1,0,1,1,1,0.6137,1,158,1,1,1,1,1,1,1,0.5793,153,13.1786,56.51,1,1,1,1208050.43,0.1275,1,42,0.1524,0.0405,4,1,1,0,0
NCRB-SYNTH-106231,High Court,Sec 439 CrPC (Regular Bail),4,20,79,1,0,1,1,1,0,1,1,1,0.4486,1,116,1,1,1,1,1,1,1,0.658,377,8.3896,59.23,1,1,1,906337.86,0.1546,1,10,0.1166,0.0486,3,1,1,0,0
NCRB-SYNTH-106233,Supreme Court,Sec 482 CrPC (Quashing),1,6,58,1,0,1,1,1,0,1,1,1,0.6872,1,286,1,1,1,1,1,1,1,0.5949,339,11.0965,53.93,1,1,1,446676.47,0.1499,1,5,0.1872,0.1045,3,1,1,1,1
NCRB-SYNTH-106237,Supreme Court,Sec 482 CrPC (Quashing),1,21,35,1,0,1,1,1,0,1,1,1,0.4185,1,156,1,1,1,1,1,1,1,0.6103,367,13.5562,83.5,1,1,1,1034285.76,0.1865,1,38,0.2078,0.0567,4,1,1,0,0
NCRB-SYNTH-106238,Supreme Court,Writ Petition (Detention),1,13,41,1,1,1,1,1,0,1,1,1,0.416,1,236,1,1,1,1,1,1,1,0.569,335,10.0269,31.48,1,1,1,991263.08,0.0558,1,6,0.1793,0.0921,3,1,1,1,0
NCRB-SYNTH-106246,High Court,Writ Petition (Detention),15,12,43,1,0,1,1,1,0,1,1,1,0.8389,1,200,1,0,1,1,1,1,1,0.7108,142,4.7797,43.74,1,1,1,378359.35,0.0416,1,11,0.1103,0.0444,3,1,1,1,1
NCRB-SYNTH-106257,High Court,Writ Petition (Detention),45,18,54,1,1,1,1,1,0,1,1,1,0.4847,1,202,1,1,1,1,1,1,1,0.9178,274,6.9661,82.53,1,1,1,488270.74,0.1716,1,23,0.2515,0.0791,4,1,1,1,0
NCRB-SYNTH-106258,Trial Court,Sec 439 CrPC (Regular Bail),1,21,46,1,0,1,1,1,0,1,1,1,0.7777,1,221,1,1,1,1,1,1,1,0.7784,180,4.7585,89.84,1,1,1,575294.75,0.1852,1,4,0.1223,0.076,3,1,1,1,1
NCRB-SYNTH-106270,Supreme Court,Sec 482 CrPC (Quashing),1,13,15,1,0,1,1,1,0,1,1,1,0.691,1,237,1,1,1,1,1,1,1,0.7971,181,8.7983,64.85,1,1,1,1463630.02,0.1867,1,5,0.1204,0.0672,3,1,1,1,1
NCRB-SYNTH-106275,High Court,Sec 439 CrPC (Regular Bail),1,17,40,1,0,1,1,1,0,1,1,1,0.4471,1,249,1,1,1,1,1,1,1,0.448,132,8.1017,63.37,1,1,1,1000172.29,0.0219,1,9,0.1314,0.0571,3,1,1,1,0
NCRB-SYNTH-106276,High Court,Sec 439 CrPC (Regular Bail),2,5,74,1,0,1,1,1,1,1,1,1,0.7861,1,267,1,1,1,1,1,1,1,0.4693,123,11.5736,58.62,1,1,1,1637504.99,0.0867,1,37,0.3029,0.0833,4,1,1,1,1
NCRB-SYNTH-106282,Supreme Court,Sec 439 CrPC (Regular Bail),21,24,18,1,0,1,1,1,1,1,1,1,0.9553,1,285,1,1,1,1,1,1,1,0.7389,232,9.5214,88.75,1,1,1,183731.19,0.0766,1,3,0.5322,0.3839,1,1,1,1,1
NCRB-SYNTH-106286,High Court,Sec 439 CrPC (Regular Bail),4,24,30,1,0,1,1,1,0,1,1,1,0.7054,1,207,0,0,1,1,1,1,1,0.7024,271,9.4915,32.56,1,1,1,1635977.55,0.0248,1,8,0.0508,0.0231,3,1,1,0,0
NCRB-SYNTH-106313,High Court,Writ Petition (Detention),1,5,76,1,0,1,1,1,0,1,1,1,0.7086,1,213,1,1,1,1,1,1,1,0.7729,455,6.9669,87.44,1,1,1,424439.53,0.1124,1,10,0.1982,0.0827,3,1,1,1,1
NCRB-SYNTH-106318,High Court,Sec 439 CrPC (Regular Bail),2,12,51,0,0,1,1,1,1,1,1,1,0.7965,1,160,0,0,1,1,1,1,1,0.6516,233,6.7084,54.03,1,1,1,469104.39,0.1837,1,8,0.2045,0.0931,3,1,1,1,0
NCRB-SYNTH-106319,High Court,Sec 482 CrPC (Quashing),21,17,55,1,1,1,1,1,1,1,1,1,0.5967,1,282,1,1,1,1,1,1,1,0.7658,422,12.617,23.63,1,1,1,547779.82,0.1936,1,25,0.1463,0.0449,4,1,1,1,0
NCRB-SYNTH-106321,Supreme Court,Sec 439 CrPC (Regular Bail),2,18,14,1,0,1,1,1,0,1,1,1,0.7284,1,134,1,1,1,1,1,1,1,0.6465,430,9.8394,29.87,1,1,1,1175326.83,0.1142,1,28,0.2653,0.0788,4,1,1,1,1
NCRB-SYNTH-106342,High Court,Sec 482 CrPC (Quashing),4,25,46,0,0,1,1,1,0,1,1,1,0.99,1,227,1,1,1,1,1,1,1,0.7352,189,12.8259,74.38,1,1,1,1266073.58,0.0908,1,10,0.1387,0.0578,3,1,1,1,1
NCRB-SYNTH-106343,High Court,Sec 439 CrPC (Regular Bail),2,9,38,1,0,1,1,1,0,1,1,1,0.6858,1,135,1,1,1,1,1,1,1,0.7464,314,12.6021,32.49,1,1,1,2389846.86,0.0076,1,9,0.1525,0.0662,3,1,1,0,1
NCRB-SYNTH-106349,Trial Court,Sec 439 CrPC (Regular Bail),21,23,58,1,0,1,1,1,1,1,1,1,0.6088,1,210,1,1,1,1,1,1,1,0.6143,142,12.3785,71.34,1,1,1,2127906.74,0.0088,1,10,0.1241,0.0518,3,1,1,1,0
NCRB-SYNTH-106354,High Court,Sec 439 CrPC (Regular Bail),1,24,34,1,0,1,1,1,0,1,1,1,0.4659,1,208,1,1,1,1,1,1,1,0.5713,447,8.8942,43.13,1,1,1,2493625.11,0.0615,1,3,0.8126,0.5862,1,1,1,0,0
NCRB-SYNTH-106360,High Court,Sec 482 CrPC (Quashing),1,16,19,1,0,1,1,1,1,1,1,1,0.9002,1,157,0,0,1,1,1,1,1,0.6434,323,3.8423,18.42,1,1,1,127545.67,0.0591,1,31,0.142,0.041,4,1,1,0,0
NCRB-SYNTH-106366,Trial Court,Sec 482 CrPC (Quashing),2,17,24,1,0,1,1,1,0,1,1,1,0.7688,1,272,1,1,1,1,1,1,1,0.6585,349,12.5422,42.2,1,1,1,1368262.43,0.0041,1,1,0.5857,0.8449,1,1,1,1,1
NCRB-SYNTH-106371,High Court,Sec 439 CrPC (Regular Bail),2,13,39,1,0,1,1,1,1,1,1,1,0.3895,1,239,1,0,1,1,1,1,1,0.5648,297,5.0086,79.29,1,1,1,2375720.05,0.0806,1,11,0.1012,0.0407,3,1,1,1,0
NCRB-SYNTH-106381,High Court,Writ Petition (Detention),1,7,68,0,0,1,1,1,1,1,1,1,0.4873,1,212,0,0,1,1,1,1,1,0.8075,390,12.1705,50.02,1,1,1,487672.62,0.0379,1,43,0.319,0.0843,4,1,1,1,0
NCRB-SYNTH-106386,High Court,Sec 482 CrPC (Quashing),21,19,64,1,0,1,1,1,1,1,1,1,0.501,1,235,0,0,1,1,1,1,1,0.5747,242,3.7338,89.32,1,1,1,352737.47,0.1898,1,7,0.1707,0.0821,3,1,1,1,0
NCRB-SYNTH-106387,Trial Court,Sec 439 CrPC (Regular Bail),4,24,64,1,0,1,1,1,0,1,1,1,0.8781,1,175,1,1,1,1,1,1,1,0.8355,100,10.9102,48.99,1,1,1,80467.59,0.1083,1,11,0.1516,0.061,3,1,1,1,1
NCRB-SYNTH-106390,High Court,Sec 439 CrPC (Regular Bail),2,23,78,1,0,1,1,1,1,1,1,1,0.7321,1,289,1,0,1,1,1,1,1,0.7847,306,5.1386,24.58,1,1,1,1376614.86,0.1577,1,10,0.2017,0.0841,3,1,1,0,1
NCRB-SYNTH-106394,High Court,Sec 482 CrPC (Quashing),45,10,23,1,0,1,1,1,0,1,1,1,0.5483,1,276,1,1,1,1,1,1,1,0.8423,426,4.8306,27.95,1,1,1,797081.27,0.0637,1,9,0.1007,0.0437,3,1,1,1,0
NCRB-SYNTH-106401,High Court,Sec 439 CrPC (Regular Bail),1,6,65,1,0,1,1,1,1,1,1,1,0.6188,1,215,1,1,1,1,1,1,1,0.84,101,10.5131,46.45,1,1,1,2014121.25,0.1619,1,2,0.9289,0.8455,1,1,1,1,0
NCRB-SYNTH-106430,Supreme Court,Sec 439 CrPC (Regular Bail),4,20,70,0,1,1,1,1,1,1,1,1,0.82,1,223,0,1,1,1,1,1,1,0.6904,347,6.827,45.95,1,1,1,927304.79,0.0255,1,5,0.0792,0.0442,3,1,1,1,0
NCRB-SYNTH-106436,High Court,Writ Petition (Detention),1,3,14,1,1,1,1,1,0,1,1,1,0.6457,1,262,1,1,1,1,1,1,1,0.7301,335,9.0133,17.69,1,1,1,1384750.96,0.1742,1,34,0.1555,0.0437,4,1,1,1,0
NCRB-SYNTH-106437,High Court,Sec 439 CrPC (Regular Bail),1,24,15,1,0,1,1,1,0,1,1,1,0.9009,1,213,1,1,1,1,1,1,1,0.5601,211,12.6106,41.86,1,1,1,1200394.17,0.019,1,11,0.0762,0.0307,3,1,1,1,1
NCRB-SYNTH-106445,High Court,Sec 439 CrPC (Regular Bail),1,19,22,1,1,1,1,1,0,1,1,1,0.7721,1,301,1,1,1,1,1,1,1,0.6254,217,6.0706,17.9,1,1,1,1858506.56,0.072,1,8,0.1755,0.0799,3,1,1,1,1
NCRB-SYNTH-106450,High Court,Trial Judgment,4,12,49,1,0,1,1,1,1,1,1,1,0.8949,1,281,1,1,1,1,1,1,1,0.5635,253,11.5675,29.34,1,1,1,2290199.42,0.0933,1,6,0.2299,0.1181,3,1,1,1,1
NCRB-SYNTH-106457,High Court,Writ Petition (Detention),2,23,68,1,0,1,1,1,0,1,1,1,0.9406,1,206,0,0,1,1,1,1,1,0.6603,376,4.7727,88.27,1,1,1,238676.48,0.1641,1,1,0.8048,1.1611,1,1,1,1,0
NCRB-SYNTH-106462,Trial Court,Sec 439 CrPC (Regular Bail),4,12,22,1,0,1,1,1,0,1,1,1,0.9527,1,187,1,1,1,1,1,1,1,0.597,396,6.8968,25.49,1,1,1,2098271.53,0.072,1,6,0.0918,0.0472,3,1,1,1,1
NCRB-SYNTH-106471,High Court,Sec 439 CrPC (Regular Bail),1,13,55,1,0,1,1,1,0,1,1,1,0.7472,1,140,1,1,1,1,1,1,1,0.7229,131,4.2751,46.97,1,1,1,2065676.47,0.0301,1,5,0.1049,0.0585,3,1,1,1,1
NCRB-SYNTH-106473,High Court,Writ Petition (Detention),1,23,32,1,0,1,1,1,0,1,1,1,0.8055,1,129,1,1,1,1,1,1,1,0.7906,289,4.6195,31.16,1,1,1,1665685.97,0.1637,1,7,0.0902,0.0434,3,1,1,0,1
NCRB-SYNTH-106481,High Court,Sec 439 CrPC (Regular Bail),4,12,30,1,0,1,1,1,0,1,1,1,0.7394,1,157,0,0,1,1,1,1,1,0.483,356,5.8107,46.42,1,1,1,877658.21,0.1893,1,11,0.1154,0.0464,3,1,1,1,0
NCRB-SYNTH-106483,Trial Court,Sec 482 CrPC (Quashing),1,3,43,1,0,1,1,1,1,1,1,1,0.4771,1,221,1,1,1,1,1,1,1,0.4376,327,4.3238,18.37,1,1,1,2269705.66,0.004,1,6,0.1618,0.0831,3,1,1,1,0
NCRB-SYNTH-106491,High Court,Sec 482 CrPC (Quashing),1,15,62,1,1,1,1,1,1,1,1,1,0.6334,1,230,1,0,1,1,1,1,1,0.5288,487,4.2805,87.42,1,1,1,902811.9,0.1124,1,8,0.2426,0.1104,3,1,1,1,0
NCRB-SYNTH-106510,High Court,Sec 482 CrPC (Quashing),4,17,40,1,0,1,1,1,0,1,1,1,0.8118,1,277,0,0,1,1,1,1,1,0.5986,129,9.993,87.22,1,1,1,1378244.73,0.1312,1,9,0.1065,0.0463,3,1,1,1,0
NCRB-SYNTH-106531,High Court,Sec 482 CrPC (Quashing),7,16,75,1,1,1,1,1,0,1,1,1,0.5165,1,230,1,0,1,1,1,1,1,0.8834,170,13.8677,61.22,1,1,1,1229142.81,0.0889,1,33,0.2863,0.0812,4,1,1,1,0
NCRB-SYNTH-106537,High Court,Sec 439 CrPC (Regular Bail),1,24,77,1,0,1,1,1,0,1,1,1,0.9643,1,220,1,1,1,1,1,1,1,0.6239,281,11.196,33.31,1,1,1,154125.97,0.1184,1,18,0.1338,0.0454,4,1,1,1,1
NCRB-SYNTH-106540,Trial Court,Sec 482 CrPC (Quashing),1,6,35,1,0,1,1,1,0,1,1,1,0.5889,1,136,1,1,1,1,1,1,1,0.6787,160,9.5284,77.69,1,1,1,1127971.15,0.1194,1,10,0.1562,0.0651,3,1,1,0,0
NCRB-SYNTH-106547,High Court,Sec 439 CrPC (Regular Bail),1,20,23,1,0,1,1,1,0,1,1,1,0.4822,1,157,1,1,1,1,1,1,1,0.6369,118,13.5904,85.84,1,1,1,1706987.98,0.1093,1,7,0.1796,0.0864,3,1,1,1,0
NCRB-SYNTH-106553,Supreme Court,Sec 482 CrPC (Quashing),1,17,34,0,0,1,1,1,0,1,1,1,0.5516,1,195,1,1,1,1,1,1,1,0.5308,246,7.4152,37.78,1,1,1,1423239.4,0.1629,1,14,0.1889,0.0698,4,1,1,1,0
NCRB-SYNTH-106564,High Court,Sec 439 CrPC (Regular Bail),4,21,73,1,0,1,1,1,1,1,1,1,0.9625,1,246,1,1,1,1,1,1,1,0.5835,332,7.4694,84.5,1,1,1,572637.21,0.193,1,34,0.1884,0.053,4,1,1,1,1
NCRB-SYNTH-106567,High Court,Sec 439 CrPC (Regular Bail),1,3,78,1,0,1,1,1,1,1,1,1,0.5929,1,229,1,1,1,1,1,1,1,0.637,273,6.4938,39.77,1,1,1,626432.11,0.0586,1,12,0.1384,0.054,4,1,1,1,0
NCRB-SYNTH-106568,Supreme Court,Sec 482 CrPC (Quashing),1,6,77,1,0,1,1,1,0,1,1,1,0.4259,1,123,0,0,1,1,1,1,1,0.6601,243,6.3308,41.9,1,1,1,82675.96,0.1709,1,40,0.235,0.0633,4,1,1,0,0
NCRB-SYNTH-106571,High Court,Sec 439 CrPC (Regular Bail),7,4,29,1,0,1,1,1,0,1,1,1,0.8674,1,197,1,0,1,1,1,1,1,0.5157,276,3.6419,15.59,1,1,1,2342583.97,0.1103,1,9,0.1824,0.0792,3,1,1,1,1
NCRB-SYNTH-106580,High Court,Sec 439 CrPC (Regular Bail),1,13,52,1,1,1,1,1,0,1,1,1,0.6404,1,184,1,1,1,1,1,1,1,0.3844,485,7.838,31.29,1,1,1,708286.63,0.1715,1,9,0.1664,0.0723,3,1,1,1,0
NCRB-SYNTH-106585,Supreme Court,Sec 439 CrPC (Regular Bail),2,19,14,0,1,1,1,1,0,1,1,1,0.9024,1,160,0,0,1,1,1,1,1,0.7849,318,8.6648,40.02,1,1,1,148818.21,0.1291,1,11,0.1706,0.0687,3,1,1,0,0
NCRB-SYNTH-106600,High Court,Sec 482 CrPC (Quashing),21,18,41,1,0,1,1,1,0,1,1,1,0.6241,1,263,1,1,1,1,1,1,1,0.737,102,11.2265,42.67,1,1,1,2216908.46,0.0321,1,9,0.1488,0.0646,3,1,1,1,0
NCRB-SYNTH-106602,High Court,Sec 439 CrPC (Regular Bail),15,8,54,0,0,1,1,1,0,1,1,1,0.4534,1,287,1,1,1,1,1,1,1,0.6446,236,8.8215,78.33,1,1,1,436812.14,0.1633,1,11,0.2253,0.0907,3,1,1,0,0
NCRB-SYNTH-106628,High Court,Writ Petition (Detention),7,18,52,1,0,1,1,1,0,1,1,1,0.8868,1,284,0,0,1,1,1,1,1,0.8177,432,3.8558,78.8,1,1,1,2498214.63,0.1013,1,5,0.1239,0.0691,3,1,1,1,0
NCRB-SYNTH-106629,Supreme Court,Sec 482 CrPC (Quashing),2,10,31,1,0,1,1,1,0,1,1,1,0.4803,1,123,1,1,1,1,1,1,1,0.5092,309,3.7122,37.17,1,1,1,2082075.5,0.0693,1,2,0.4996,0.4547,1,1,1,0,0
NCRB-SYNTH-106630,High Court,Sec 439 CrPC (Regular Bail),1,14,50,1,0,1,1,1,0,1,1,1,0.8564,1,233,0,1,1,1,1,1,1,0.656,447,12.8193,73.23,1,1,1,856627.81,0.0079,1,6,0.096,0.0493,3,1,1,1,0
NCRB-SYNTH-106633,Trial Court,Writ Petition (Detention),1,25,67,1,1,1,1,1,0,1,1,1,0.6931,1,252,1,1,1,1,1,1,1,0.8161,318,10.0231,21.51,1,1,1,752305.94,0.0784,1,3,0.4508,0.3252,1,1,1,1,1
NCRB-SYNTH-106635,High Court,Sec 439 CrPC (Regular Bail),1,5,68,0,0,1,1,1,1,1,1,1,0.8607,1,278,1,1,1,1,1,1,1,0.6546,314,5.0619,89.54,1,1,1,1185816.89,0.1335,1,10,0.1464,0.0611,3,1,1,1,1
NCRB-SYNTH-106638,High Court,Sec 439 CrPC (Regular Bail),2,3,37,1,0,1,1,1,0,1,1,1,0.7859,1,242,1,1,1,1,1,1,1,0.5676,283,6.0208,29.08,1,1,1,2187133.3,0.198,1,11,0.0783,0.0315,3,1,1,1,1
NCRB-SYNTH-106649,High Court,Sec 439 CrPC (Regular Bail),7,6,64,0,0,1,1,1,0,1,1,1,0.8641,1,176,1,1,1,1,1,1,1,0.6936,456,12.8044,19.77,1,1,1,2205331.69,0.0979,1,19,0.3097,0.1034,4,1,1,1,1
NCRB-SYNTH-106661,Supreme Court,Sec 482 CrPC (Quashing),4,14,60,1,0,1,1,1,0,1,1,1,0.5419,1,182,1,1,1,1,1,1,1,0.9232,441,3.7556,51.77,1,1,1,2056860.68,0.1795,1,6,0.1281,0.0658,3,1,1,1,0
NCRB-SYNTH-106677,High Court,Trial Judgment,7,4,45,1,0,1,1,1,0,1,1,1,0.65,1,128,1,1,1,1,1,1,1,0.6889,475,10.6884,67.18,1,1,1,1541105.61,0.1491,1,1,0.877,1.2652,1,1,1,0,0
NCRB-SYNTH-106679,High Court,Sec 439 CrPC (Regular Bail),1,5,77,1,0,1,1,1,1,1,1,1,0.4971,1,276,1,1,1,1,1,1,1,0.913,230,7.8889,71.16,1,1,1,1661797.55,0.1567,1,2,0.5943,0.541,1,1,1,1,0
NCRB-SYNTH-106681,High Court,Sec 482 CrPC (Quashing),2,9,52,0,0,1,1,1,0,1,1,1,0.8453,1,264,0,0,1,1,1,1,1,0.5767,206,5.9538,28.16,1,1,1,588387.89,0.0789,1,9,0.1817,0.0789,3,1,1,1,0
NCRB-SYNTH-106685,High Court,Sec 482 CrPC (Quashing),1,14,15,1,0,1,1,1,0,1,1,1,0.7751,1,216,1,1,1,1,1,1,1,0.701,339,5.3571,49.81,1,1,1,2062194.16,0.1403,1,3,0.6312,0.4553,1,1,1,1,1
NCRB-SYNTH-106693,High Court,Sec 439 CrPC (Regular Bail),1,3,60,1,0,1,1,1,0,1,1,1,0.7969,1,226,1,1,1,1,1,1,1,0.806,187,9.87,16.43,1,1,1,1737444.34,0.1703,1,10,0.1144,0.0477,3,1,1,1,1
NCRB-SYNTH-106695,High Court,Sec 439 CrPC (Regular Bail),4,23,62,1,0,1,1,1,0,1,1,1,0.8887,1,183,1,1,1,1,1,1,1,0.8468,112,10.4062,31.17,1,1,1,310515.96,0.101,1,11,0.171,0.0688,3,1,1,1,1
NCRB-SYNTH-106697,Supreme Court,Sec 439 CrPC (Regular Bail),1,23,20,1,0,1,1,1,0,1,1,1,0.6986,1,275,1,1,1,1,1,1,1,0.8872,446,8.8703,56.71,1,1,1,1185280.48,0.1708,1,21,0.0945,0.0306,4,1,1,1,1
NCRB-SYNTH-106701,High Court,Sec 439 CrPC (Regular Bail),1,17,59,1,0,1,1,1,1,1,1,1,0.5994,1,235,0,0,1,1,1,1,1,0.8674,399,7.0993,20.46,1,1,1,512358.9,0.0261,1,6,0.1581,0.0813,3,1,1,1,0
NCRB-SYNTH-106709,Trial Court,Sec 482 CrPC (Quashing),2,21,26,1,0,1,1,1,1,1,1,1,0.9296,1,241,1,1,1,1,1,1,1,0.7719,379,12.0955,74.89,1,1,1,1843316.16,0.0086,1,4,0.0662,0.0411,3,1,1,1,1
NCRB-SYNTH-106725,High Court,Sec 482 CrPC (Quashing),1,11,55,1,0,1,1,1,0,1,1,1,0.3783,1,294,1,1,1,1,1,1,1,0.5748,129,11.3888,63.0,1,1,1,1865076.33,0.0458,1,4,0.1514,0.0941,3,1,1,1,0
NCRB-SYNTH-106736,High Court,Sec 482 CrPC (Quashing),2,4,55,0,1,1,1,1,1,1,1,1,0.9464,1,278,1,1,1,1,1,1,1,0.6306,256,7.1881,57.89,1,1,1,342229.37,0.1397,1,6,0.1683,0.0865,3,1,1,0,1
NCRB-SYNTH-106743,High Court,Sec 439 CrPC (Regular Bail),7,5,50,1,0,1,1,1,1,1,1,1,0.6589,1,252,1,0,1,1,1,1,1,0.8674,281,4.3803,27.22,1,1,1,1989246.07,0.0887,1,11,0.2351,0.0946,3,1,1,1,1
NCRB-SYNTH-106747,High Court,Sec 482 CrPC (Quashing),1,5,60,1,0,1,1,1,1,1,1,1,0.5952,1,173,1,1,1,1,1,1,1,0.5784,161,5.7225,24.27,1,1,1,1785298.98,0.1512,1,13,0.2996,0.1135,4,1,1,1,0
NCRB-SYNTH-106752,High Court,Sec 482 CrPC (Quashing),1,7,20,1,0,1,1,1,0,1,1,1,0.8886,1,139,1,1,1,1,1,1,1,0.61,346,10.9015,55.22,1,1,1,1852543.72,0.0493,1,2,0.5677,0.5168,1,1,1,0,1
NCRB-SYNTH-106758,High Court,Sec 482 CrPC (Quashing),4,13,60,1,0,1,1,1,0,1,1,1,0.6154,1,252,1,1,1,1,1,1,1,0.5044,260,8.6594,22.99,1,1,1,268971.81,0.1363,1,1,0.4383,0.6324,1,1,1,1,0
NCRB-SYNTH-106773,High Court,Sec 439 CrPC (Regular Bail),7,6,36,1,0,1,1,1,0,1,1,1,0.7278,1,239,1,1,1,1,1,1,1,0.699,158,7.2052,23.48,1,1,1,1994368.67,0.1164,1,9,0.1448,0.0629,3,1,1,0,1
NCRB-SYNTH-106790,High Court,Sec 439 CrPC (Regular Bail),1,7,58,1,0,1,1,1,0,1,1,1,0.5551,1,278,1,1,1,1,1,1,1,0.3096,260,8.1116,43.48,1,1,1,189218.47,0.1044,1,10,0.2303,0.096,3,1,1,1,0
NCRB-SYNTH-106829,Supreme Court,Sec 482 CrPC (Quashing),1,18,25,1,1,1,1,1,0,1,1,1,0.5492,1,218,1,1,1,1,1,1,1,0.8249,121,8.9297,80.47,1,1,1,514193.72,0.0042,1,2,0.579,0.527,1,1,1,1,0
NCRB-SYNTH-106838,Supreme Court,Sec 439 CrPC (Regular Bail),1,14,59,1,0,1,1,1,1,1,1,1,0.9087,1,286,1,1,1,1,1,1,1,0.5615,373,3.884,26.18,1,1,1,455349.55,0.1806,1,1,0.7265,1.0481,1,1,1,1,1
NCRB-SYNTH-106849,High Court,Writ Petition (Detention),1,5,24,0,0,1,1,1,0,1,1,1,0.99,1,221,1,1,1,1,1,1,1,0.7209,300,13.4962,18.92,1,1,1,178922.02,0.0792,1,1,0.8503,1.2267,1,1,1,1,1
NCRB-SYNTH-106857,High Court,Writ Petition (Detention),27,9,63,1,1,1,1,1,0,1,1,1,0.5685,1,148,0,0,1,1,1,1,1,0.4065,235,3.7084,47.74,1,1,1,2057924.9,0.1267,1,10,0.1614,0.0673,3,1,1,1,0
NCRB-SYNTH-106860,Trial Court,Sec 482 CrPC (Quashing),45,4,23,1,0,1,1,1,0,1,1,1,0.6463,1,211,0,0,1,1,1,1,1,0.3591,125,13.5709,75.82,1,1,1,1472117.13,0.1653,1,8,0.2265,0.1031,3,1,1,1,0
NCRB-SYNTH-106869,High Court,Sec 482 CrPC (Quashing),4,13,35,1,0,1,1,1,1,1,1,1,0.5524,1,143,1,0,1,1,1,1,1,0.5987,391,11.7616,33.75,1,1,1,1338290.47,0.1588,1,12,0.0848,0.0331,4,1,1,1,0
NCRB-SYNTH-106873,High Court,Writ Petition (Detention),4,9,49,1,1,1,1,1,1,1,1,1,0.6279,1,287,1,1,1,1,1,1,1,0.5566,340,9.3855,67.31,1,1,1,580477.34,0.1395,1,2,0.6592,0.6,1,1,1,1,0
NCRB-SYNTH-106904,High Court,Sec 439 CrPC (Regular Bail),2,12,27,1,0,1,1,1,0,1,1,1,0.7771,1,139,0,0,1,1,1,1,1,0.6005,175,5.7125,43.12,1,1,1,708244.29,0.0896,1,30,0.2637,0.0768,4,1,1,0,0
NCRB-SYNTH-106919,High Court,Sec 439 CrPC (Regular Bail),4,19,35,1,1,1,1,1,0,1,1,1,0.9088,1,292,1,1,1,1,1,1,1,0.6869,487,8.7475,75.32,1,1,1,2333343.01,0.0979,1,4,0.1817,0.1129,3,1,1,1,1
NCRB-SYNTH-106924,Supreme Court,Sec 439 CrPC (Regular Bail),1,10,27,1,0,1,1,1,1,1,1,1,0.4995,1,235,1,1,1,1,1,1,1,0.6991,224,9.2475,85.71,1,1,1,726280.49,0.1775,1,4,0.0836,0.0519,3,1,1,1,0
NCRB-SYNTH-106925,High Court,Sec 439 CrPC (Regular Bail),1,13,10,1,0,1,1,1,0,1,1,1,0.6086,1,122,0,0,1,1,1,1,1,0.5799,201,6.1456,39.63,1,1,1,752290.05,0.0598,1,5,0.1917,0.107,3,1,1,0,0
NCRB-SYNTH-106928,Trial Court,Sec 439 CrPC (Regular Bail),1,19,25,1,1,1,1,1,1,1,1,1,0.882,1,122,0,0,1,1,1,1,1,0.9028,150,6.2607,16.62,1,1,1,2479108.69,0.0464,1,43,0.0914,0.0242,4,1,1,0,0
NCRB-SYNTH-106929,High Court,Sec 482 CrPC (Quashing),1,6,30,1,1,1,1,1,1,1,1,1,0.9056,1,256,1,1,1,1,1,1,1,0.5673,407,7.9606,19.5,1,1,1,1646904.66,0.0092,1,9,0.0528,0.0229,3,1,1,1,1
NCRB-SYNTH-106930,High Court,Sec 439 CrPC (Regular Bail),1,10,75,1,0,1,1,1,0,1,1,1,0.7079,1,222,1,1,1,1,1,1,1,0.7645,459,13.0823,42.19,1,1,1,456711.29,0.0127,1,5,0.1978,0.1104,3,1,1,1,1
NCRB-SYNTH-106943,High Court,Sec 439 CrPC (Regular Bail),1,15,12,1,0,1,1,1,1,1,1,1,0.5361,1,151,1,1,1,1,1,1,1,0.9393,263,7.2524,65.28,1,1,1,1964359.27,0.0886,1,1,0.4628,0.6677,1,1,1,0,0
NCRB-SYNTH-106945,High Court,Sec 439 CrPC (Regular Bail),1,24,17,1,0,1,1,1,1,1,1,1,0.9497,1,296,1,0,1,1,1,1,1,0.6406,114,10.9862,28.11,1,1,1,2337581.3,0.0019,1,4,0.0689,0.0428,3,1,1,1,1
NCRB-SYNTH-106958,High Court,Sec 482 CrPC (Quashing),1,9,27,1,0,1,1,1,1,1,1,1,0.7682,1,283,1,1,1,1,1,1,1,0.7079,111,13.6022,31.55,1,1,1,1896310.94,0.0684,1,3,0.5413,0.3904,1,1,1,1,1
NCRB-SYNTH-106964,High Court,Writ Petition (Detention),1,4,34,1,0,1,1,1,0,1,1,1,0.7133,1,226,1,1,1,1,1,1,1,0.7733,221,12.2441,78.91,1,1,1,1585807.25,0.0505,1,17,0.2216,0.0767,4,1,1,1,1
NCRB-SYNTH-106969,High Court,Sec 439 CrPC (Regular Bail),1,8,27,1,0,1,1,1,0,1,1,1,0.9439,1,229,1,1,1,1,1,1,1,0.6371,126,9.4025,30.47,1,1,1,734600.77,0.1901,1,4,0.1071,0.0665,3,1,1,1,1
NCRB-SYNTH-106972,High Court,Sec 439 CrPC (Regular Bail),2,8,33,1,0,1,1,1,1,1,1,1,0.5331,1,208,1,1,1,1,1,1,1,0.8068,192,12.2728,36.42,1,1,1,138329.56,0.0614,1,6,0.209,0.1074,3,1,1,1,0
NCRB-SYNTH-106996,High Court,Sec 482 CrPC (Quashing),7,10,78,1,0,1,1,1,1,1,1,1,0.6325,1,208,1,1,1,1,1,1,1,0.6937,292,4.842,28.12,1,1,1,2165595.14,0.0705,1,1,0.5626,0.8117,1,1,1,1,0
NCRB-SYNTH-106997,Supreme Court,Sec 439 CrPC (Regular Bail),1,21,35,1,0,1,1,1,0,1,1,1,0.4506,1,274,1,1,1,1,1,1,1,0.7785,187,11.9284,37.59,1,1,1,1611025.99,0.055,1,9,0.1055,0.0458,3,1,1,1,0
NCRB-SYNTH-107000,High Court,Writ Petition (Detention),1,17,20,1,0,1,1,1,0,1,1,1,0.8335,1,276,1,1,1,1,1,1,1,0.6328,204,9.9979,26.76,1,1,1,2345205.19,0.1367,1,39,0.2059,0.0558,4,1,1,1,1
NCRB-SYNTH-107021,High Court,Trial Judgment,2,24,13,1,0,1,1,1,0,1,1,1,0.9771,1,274,1,1,1,1,1,1,1,0.5897,272,9.2856,50.38,1,1,1,1368854.13,0.1904,1,3,0.9181,0.6623,1,1,1,1,1
NCRB-SYNTH-107025,High Court,Sec 482 CrPC (Quashing),1,22,19,1,1,1,1,1,1,1,1,1,0.8072,1,113,1,1,1,1,1,1,1,0.7344,323,12.5764,72.1,1,1,1,804669.4,0.0345,1,12,0.2243,0.0875,4,1,1,0,1
NCRB-SYNTH-107031,Supreme Court,Writ Petition (Detention),2,6,21,1,1,1,1,1,0,1,1,1,0.7135,1,143,1,1,1,1,1,1,1,0.7952,306,12.6982,60.41,1,1,1,1639597.32,0.0019,1,21,0.2274,0.0736,4,1,1,1,1
NCRB-SYNTH-107033,High Court,Writ Petition (Detention),1,23,21,1,0,1,1,1,0,1,1,1,0.7953,1,290,1,1,1,1,1,1,1,0.9631,178,9.9322,69.89,1,1,1,1770615.73,0.0952,1,4,0.1842,0.1144,3,1,1,1,1
NCRB-SYNTH-107034,High Court,Sec 439 CrPC (Regular Bail),1,13,14,1,0,1,1,1,0,1,1,1,0.7447,1,287,1,1,1,1,1,1,1,0.6538,165,8.1282,29.84,1,1,1,1694154.72,0.0248,1,17,0.1392,0.0482,4,1,1,1,1
NCRB-SYNTH-107040,Supreme Court,Writ Petition (Detention),1,9,14,1,0,1,1,1,1,1,1,1,0.5722,1,141,1,0,1,1,1,1,1,0.8274,326,8.9603,53.39,1,1,1,1215788.28,0.1625,1,7,0.0959,0.0461,3,1,1,0,0
NCRB-SYNTH-107043,Supreme Court,Sec 439 CrPC (Regular Bail),2,6,32,0,0,1,1,1,0,1,1,1,0.9358,1,132,1,1,1,1,1,1,1,0.4233,288,6.7464,29.41,1,1,1,1547135.2,0.1195,1,8,0.1851,0.0843,3,1,1,0,1
NCRB-SYNTH-107063,Supreme Court,Sec 439 CrPC (Regular Bail),2,14,65,1,0,1,1,1,1,1,1,1,0.634,1,132,0,0,1,1,1,1,1,0.6508,166,12.5216,87.44,1,1,1,50458.86,0.1676,1,42,0.2483,0.066,4,1,1,1,0
NCRB-SYNTH-107066,High Court,Sec 482 CrPC (Quashing),1,6,55,1,0,1,1,1,0,1,1,1,0.6346,1,287,1,1,1,1,1,1,1,0.7271,128,7.2989,74.56,1,1,1,1249406.26,0.039,1,1,0.5361,0.7734,1,1,1,1,0
NCRB-SYNTH-107073,Supreme Court,Sec 439 CrPC (Regular Bail),1,19,11,1,0,1,1,1,0,1,1,1,0.6473,1,200,1,1,1,1,1,1,1,0.5578,355,10.8535,84.83,1,1,1,1500424.52,0.1365,1,1,0.7721,1.1139,1,1,1,1,0
NCRB-SYNTH-107077,High Court,Writ Petition (Detention),1,15,10,1,0,1,1,1,1,1,1,1,0.463,1,253,1,1,1,1,1,1,1,0.7349,166,5.1875,37.01,1,1,1,2493365.5,0.1807,1,11,0.1681,0.0676,3,1,1,1,0
NCRB-SYNTH-107078,Trial Court,Sec 482 CrPC (Quashing),1,17,22,0,0,1,1,1,0,1,1,1,0.7554,1,265,1,1,1,1,1,1,1,0.846,492,4.3929,28.04,1,1,1,1025547.06,0.019,1,10,0.2102,0.0877,3,1,1,1,1
NCRB-SYNTH-107079,High Court,Sec 482 CrPC (Quashing),27,16,69,0,0,1,1,1,1,1,1,1,0.9376,1,232,1,1,1,1,1,1,1,0.7898,425,9.2917,74.02,1,1,1,1779721.38,0.1958,1,2,0.5312,0.4835,1,1,1,1,1
NCRB-SYNTH-107085,High Court,Sec 482 CrPC (Quashing),1,3,45,1,1,1,1,1,0,1,1,1,0.6504,1,127,1,1,1,1,1,1,1,0.6652,214,5.9222,75.35,1,1,1,2445587.97,0.1156,1,3,0.8946,0.6453,1,1,1,0,1
NCRB-SYNTH-107087,High Court,Sec 439 CrPC (Regular Bail),7,16,71,1,0,1,1,1,0,1,1,1,0.5768,1,176,1,1,1,1,1,1,1,0.7154,242,9.021,73.2,1,1,1,1302654.31,0.1049,1,25,0.3123,0.0959,4,1,1,1,0
NCRB-SYNTH-107088,High Court,Sec 482 CrPC (Quashing),1,4,72,1,0,1,1,1,0,1,1,1,0.5258,1,234,0,0,1,1,1,1,1,0.5579,253,7.2027,30.49,1,1,1,854035.92,0.1649,1,11,0.087,0.035,3,1,1,1,0
NCRB-SYNTH-107093,Supreme Court,Sec 439 CrPC (Regular Bail),1,24,76,1,0,1,1,1,0,1,1,1,0.6505,1,216,0,1,1,1,1,1,1,0.6812,413,13.0925,24.23,1,1,1,2327098.14,0.1152,1,3,0.789,0.5691,1,1,1,1,0
NCRB-SYNTH-107096,High Court,Sec 439 CrPC (Regular Bail),1,21,25,1,0,1,1,1,0,1,1,1,0.9159,1,188,1,1,1,1,1,1,1,0.7671,415,11.0367,82.71,1,1,1,2209891.52,0.1044,1,1,0.6695,0.9659,1,1,1,1,1
NCRB-SYNTH-107104,High Court,Sec 439 CrPC (Regular Bail),1,12,49,1,0,1,1,1,0,1,1,1,0.4891,1,130,1,1,1,1,1,1,1,0.7358,165,4.641,52.82,1,1,1,1608110.2,0.124,1,6,0.1,0.0514,3,1,1,0,0
NCRB-SYNTH-107119,High Court,Sec 439 CrPC (Regular Bail),2,23,57,1,1,1,1,1,1,1,1,1,0.8598,1,236,1,1,1,1,1,1,1,0.7683,419,8.1111,63.31,1,1,1,315040.78,0.1636,1,4,0.062,0.0385,3,1,1,1,1
NCRB-SYNTH-107120,Supreme Court,Sec 439 CrPC (Regular Bail),2,12,55,1,0,1,1,1,0,1,1,1,0.9591,1,132,1,1,1,1,1,1,1,0.7512,342,3.9614,49.98,1,1,1,1752876.27,0.1918,1,3,0.6358,0.4586,1,1,1,0,1
NCRB-SYNTH-107133,Trial Court,Sec 439 CrPC (Regular Bail),7,17,14,1,0,1,1,1,0,1,1,1,0.92,1,290,0,1,1,1,1,1,1,0.7082,449,11.0063,62.08,1,1,1,489712.32,0.01,1,10,0.2034,0.0848,3,1,1,1,0
NCRB-SYNTH-107138,High Court,Sec 439 CrPC (Regular Bail),2,25,34,0,0,1,1,1,0,1,1,1,0.8064,1,190,1,1,1,1,1,1,1,0.7675,398,8.6123,50.1,1,1,1,1521704.99,0.0368,1,6,0.1471,0.0756,3,1,1,1,1
NCRB-SYNTH-107139,High Court,Sec 482 CrPC (Quashing),7,8,47,0,0,1,1,1,0,1,1,1,0.7873,1,233,1,1,1,1,1,1,1,0.8919,232,12.3076,55.41,1,1,1,2062909.74,0.1444,1,3,0.6187,0.4463,1,1,1,1,1
NCRB-SYNTH-107150,Supreme Court,Sec 439 CrPC (Regular Bail),1,25,63,1,0,1,1,1,1,1,1,1,0.6482,1,134,1,1,1,1,1,1,1,0.6332,132,5.448,77.81,1,1,1,2034572.76,0.185,1,41,0.2868,0.0767,4,1,1,0,0
NCRB-SYNTH-107160,Trial Court,Sec 439 CrPC (Regular Bail),2,24,54,1,0,1,1,1,0,1,1,1,0.6282,1,205,0,0,1,1,1,1,1,0.5326,272,4.3271,70.84,1,1,1,502415.62,0.1532,1,3,0.5236,0.3777,1,1,1,1,0
NCRB-SYNTH-107163,High Court,Sec 439 CrPC (Regular Bail),4,17,48,1,1,1,1,1,0,1,1,1,0.6017,1,155,1,0,1,1,1,1,1,0.7234,209,10.1157,51.11,1,1,1,1679966.95,0.0043,1,6,0.1394,0.0716,3,1,1,0,0
NCRB-SYNTH-107164,High Court,Sec 482 CrPC (Quashing),2,3,37,1,1,1,1,1,0,1,1,1,0.6632,1,155,1,1,1,1,1,1,1,0.7887,291,5.027,81.72,1,1,1,1057319.98,0.1191,1,2,0.4656,0.4238,1,1,1,1,1
NCRB-SYNTH-107187,Supreme Court,Sec 482 CrPC (Quashing),1,4,62,0,0,1,1,1,0,1,1,1,0.3777,1,175,1,1,1,1,1,1,1,0.5926,195,9.4406,15.81,1,1,1,892890.25,0.1855,1,3,0.5301,0.3824,1,1,1,0,0
NCRB-SYNTH-107190,High Court,Sec 482 CrPC (Quashing),1,10,63,0,0,1,1,1,0,1,1,1,0.4667,1,134,1,1,1,1,1,1,1,0.8193,364,3.8297,41.86,1,1,1,326442.68,0.014,1,16,0.1297,0.0458,4,1,1,0,0
NCRB-SYNTH-107191,High Court,Sec 439 CrPC (Regular Bail),1,3,29,1,0,1,1,1,0,1,1,1,0.9573,1,155,1,1,1,1,1,1,1,0.6611,336,3.8912,44.69,1,1,1,906056.6,0.1107,1,3,0.597,0.4306,1,1,1,1,1
NCRB-SYNTH-107216,High Court,Writ Petition (Detention),7,10,64,1,0,1,1,1,0,1,1,1,0.7184,1,211,1,1,1,1,1,1,1,0.5363,448,5.5398,68.72,1,1,1,1698631.19,0.002,1,6,0.1441,0.074,3,1,1,1,1
NCRB-SYNTH-107217,Supreme Court,Sec 439 CrPC (Regular Bail),1,13,74,1,1,1,1,1,0,1,1,1,0.902,1,230,1,1,1,1,1,1,1,0.8347,265,11.7834,39.43,1,1,1,199748.22,0.0098,1,4,0.2207,0.1371,3,1,1,1,1
NCRB-SYNTH-107237,High Court,Sec 439 CrPC (Regular Bail),1,3,31,1,0,1,1,1,0,1,1,1,0.5429,1,175,1,1,1,1,1,1,1,0.8454,268,7.5707,85.26,1,1,1,2116465.48,0.1016,1,18,0.2671,0.0907,4,1,1,1,0
NCRB-SYNTH-107239,High Court,Writ Petition (Detention),1,6,60,1,1,1,1,1,0,1,1,1,0.4757,1,284,0,0,1,1,1,1,1,0.6294,175,7.6843,71.11,1,1,1,1622609.34,0.1096,1,2,0.4962,0.4516,1,1,1,1,0
NCRB-SYNTH-107247,High Court,Sec 439 CrPC (Regular Bail),1,3,21,1,0,1,1,1,1,1,1,1,0.767,1,184,1,1,1,1,1,1,1,0.8612,384,5.8771,18.68,1,1,1,2180885.33,0.0384,1,3,0.805,0.5807,1,1,1,0,1
NCRB-SYNTH-107256,High Court,Sec 439 CrPC (Regular Bail),2,3,68,0,1,1,1,1,0,1,1,1,0.9736,1,228,1,1,1,1,1,1,1,0.6155,441,9.9842,21.72,1,1,1,2239629.9,0.0344,1,5,0.1877,0.1047,3,1,1,1,1
NCRB-SYNTH-107263,High Court,Writ Petition (Detention),7,15,63,1,0,1,1,1,1,1,1,1,0.7028,1,197,1,0,1,1,1,1,1,0.4839,260,7.7111,66.21,1,1,1,2325208.61,0.014,1,21,0.1211,0.0392,4,1,1,1,1
NCRB-SYNTH-107273,High Court,Sec 439 CrPC (Regular Bail),15,13,62,1,0,1,1,1,1,1,1,1,0.6673,1,272,0,0,1,1,1,1,1,0.6307,201,11.079,30.92,1,1,1,1702854.18,0.0846,1,5,0.1385,0.0773,3,1,1,1,0
NCRB-SYNTH-107280,Supreme Court,Trial Judgment,1,16,47,1,0,1,1,1,0,1,1,1,0.7328,1,208,1,1,1,1,1,1,1,0.7336,218,6.1317,25.33,1,1,1,692820.11,0.1955,1,12,0.2598,0.1013,4,1,1,1,1
NCRB-SYNTH-107281,High Court,Trial Judgment,7,14,21,1,0,1,1,1,0,1,1,1,0.7682,1,268,1,1,1,1,1,1,1,0.9214,158,8.9546,80.05,1,1,1,1214464.25,0.156,1,12,0.0872,0.034,4,1,1,1,1
NCRB-SYNTH-107284,Supreme Court,Sec 439 CrPC (Regular Bail),45,13,16,1,0,1,1,1,1,1,1,1,0.7032,1,138,1,1,1,1,1,1,1,0.8195,352,8.4875,85.63,1,1,1,138590.34,0.001,1,33,0.237,0.0672,4,1,1,0,1
NCRB-SYNTH-107300,High Court,Sec 439 CrPC (Regular Bail),1,3,77,1,1,1,1,1,0,1,1,1,0.8597,1,174,1,1,1,1,1,1,1,0.5007,394,11.0224,76.33,1,1,1,1973611.59,0.185,1,10,0.1932,0.0806,3,1,1,1,1
NCRB-SYNTH-107318,Supreme Court,Sec 482 CrPC (Quashing),1,22,38,1,0,1,1,1,0,1,1,1,0.5572,1,174,1,1,1,1,1,1,1,0.5505,142,12.2712,50.6,1,1,1,880722.73,0.0428,1,2,0.5373,0.489,1,1,1,1,0
NCRB-SYNTH-107330,High Court,Trial Judgment,1,4,54,1,1,1,1,1,1,1,1,1,0.9477,1,172,1,1,1,1,1,1,1,0.7111,384,6.1396,67.31,1,1,1,897499.36,0.0633,1,34,0.1105,0.0311,4,1,1,1,1
NCRB-SYNTH-107339,High Court,Sec 482 CrPC (Quashing),1,24,19,1,1,1,1,1,0,1,1,1,0.5337,1,259,0,0,1,1,1,1,1,0.7519,359,8.5157,64.57,1,1,1,1178274.58,0.1981,1,10,0.2393,0.0998,3,1,1,1,0
NCRB-SYNTH-107343,High Court,Sec 439 CrPC (Regular Bail),1,15,13,1,0,1,1,1,0,1,1,1,0.3964,1,206,1,1,1,1,1,1,1,0.6157,262,11.3694,35.37,1,1,1,498758.87,0.0841,1,10,0.1052,0.0439,3,1,1,1,0
NCRB-SYNTH-107368,High Court,Writ Petition (Detention),1,18,33,1,1,1,1,1,0,1,1,1,0.6216,1,162,0,0,1,1,1,1,1,0.7282,391,9.8779,56.74,1,1,1,359774.48,0.1484,1,23,0.254,0.0799,4,1,1,1,0
NCRB-SYNTH-107371,High Court,Sec 482 CrPC (Quashing),4,11,35,1,0,1,1,1,0,1,1,1,0.7982,1,201,1,1,1,1,1,1,1,0.6602,103,8.9485,85.75,1,1,1,1852723.47,0.1763,1,37,0.1195,0.0328,4,1,1,1,1
NCRB-SYNTH-107372,High Court,Writ Petition (Detention),1,24,65,1,0,1,1,1,1,1,1,1,0.7731,1,197,0,0,1,1,1,1,1,0.5472,366,12.6204,38.01,1,1,1,542910.46,0.0805,1,10,0.1557,0.0649,3,1,1,1,0
NCRB-SYNTH-107374,High Court,Sec 439 CrPC (Regular Bail),2,17,32,1,1,1,1,1,0,1,1,1,0.8125,1,266,1,0,1,1,1,1,1,0.6859,456,12.4278,64.69,1,1,1,2281625.31,0.0573,1,4,0.1022,0.0635,3,1,1,1,1
NCRB-SYNTH-107379,Trial Court,Sec 439 CrPC (Regular Bail),1,24,18,1,0,1,1,1,0,1,1,1,0.6151,1,205,1,1,1,1,1,1,1,0.7322,372,8.8805,52.68,1,1,1,253191.41,0.0947,1,1,0.4813,0.6943,1,1,1,1,0
NCRB-SYNTH-107384,High Court,Sec 439 CrPC (Regular Bail),2,17,34,1,0,1,1,1,0,1,1,1,0.5345,1,203,1,1,1,1,1,1,1,0.7621,387,4.5221,35.96,1,1,1,1513460.73,0.1216,1,4,0.1219,0.0758,3,1,1,1,0
NCRB-SYNTH-107385,High Court,Sec 482 CrPC (Quashing),1,6,41,1,0,1,1,1,0,1,1,1,0.89,1,179,1,1,1,1,1,1,1,0.654,263,12.5402,18.23,1,1,1,2242568.12,0.0255,1,10,0.0701,0.0292,3,1,1,1,1
NCRB-SYNTH-107391,High Court,Sec 439 CrPC (Regular Bail),2,5,16,1,1,1,1,1,0,1,1,1,0.6033,1,174,1,1,1,1,1,1,1,0.6375,194,13.4632,87.48,1,1,1,517938.59,0.1282,1,5,0.095,0.053,3,1,1,1,0
NCRB-SYNTH-107399,High Court,Writ Petition (Detention),27,17,68,1,0,1,1,1,0,1,1,1,0.9225,1,270,0,0,1,1,1,1,1,0.7608,262,9.029,85.73,1,1,1,668796.55,0.07,1,5,0.1739,0.0971,3,1,1,1,0
NCRB-SYNTH-107402,High Court,Sec 482 CrPC (Quashing),1,22,68,1,0,1,1,1,1,1,1,1,0.7212,1,142,1,0,1,1,1,1,1,0.7051,410,9.1831,45.76,1,1,1,2363984.04,0.082,1,13,0.2324,0.088,4,1,1,1,1
NCRB-SYNTH-107403,High Court,Sec 439 CrPC (Regular Bail),1,19,71,1,0,1,1,1,0,1,1,1,0.4707,1,260,1,1,1,1,1,1,1,0.4717,300,6.8136,46.22,1,1,1,1658466.11,0.1706,1,1,0.676,0.9753,1,1,1,1,0
NCRB-SYNTH-107407,High Court,Sec 439 CrPC (Regular Bail),1,18,26,1,0,1,1,1,0,1,1,1,0.4754,1,239,1,1,1,1,1,1,1,0.878,115,11.1092,60.0,1,1,1,330682.47,0.1367,1,41,0.0909,0.0243,4,1,1,1,0
NCRB-SYNTH-107410,High Court,Sec 482 CrPC (Quashing),1,24,44,1,1,1,1,1,1,1,1,1,0.8324,1,171,1,0,1,1,1,1,1,0.6642,303,4.043,33.84,1,1,1,1403765.55,0.1078,1,6,0.2249,0.1156,3,1,1,1,1
NCRB-SYNTH-107422,Trial Court,Sec 439 CrPC (Regular Bail),15,4,67,0,1,1,1,1,0,1,1,1,0.8969,1,158,1,1,1,1,1,1,1,0.7053,258,4.2708,26.3,1,1,1,1785369.84,0.1199,1,10,0.0904,0.0377,3,1,1,1,1
NCRB-SYNTH-107429,High Court,Sec 439 CrPC (Regular Bail),2,12,38,0,0,1,1,1,0,1,1,1,0.6139,1,119,1,1,1,1,1,1,1,0.8131,477,3.6646,76.23,1,1,1,1657669.97,0.1791,1,4,0.2218,0.1378,3,1,1,0,0
NCRB-SYNTH-107430,High Court,Sec 439 CrPC (Regular Bail),1,14,72,1,0,1,1,1,1,1,1,1,0.4896,1,199,1,1,1,1,1,1,1,0.6664,326,10.2923,61.05,1,1,1,1417606.31,0.0681,1,7,0.2032,0.0977,3,1,1,1,0
NCRB-SYNTH-107441,High Court,Writ Petition (Detention),7,11,65,1,0,1,1,1,0,1,1,1,0.8737,1,160,1,0,1,1,1,1,1,0.8809,408,4.6241,34.51,1,1,1,1280241.67,0.0694,1,9,0.1369,0.0595,3,1,1,1,1
NCRB-SYNTH-107444,High Court,Sec 439 CrPC (Regular Bail),1,13,72,0,0,1,1,1,0,1,1,1,0.9106,1,244,0,0,1,1,1,1,1,0.6208,114,9.5541,53.94,1,1,1,2087335.58,0.167,1,10,0.0909,0.0379,3,1,1,1,0
NCRB-SYNTH-107447,High Court,Sec 482 CrPC (Quashing),1,3,56,1,0,1,1,1,0,1,1,1,0.9202,1,273,1,1,1,1,1,1,1,0.7035,471,10.7705,76.89,1,1,1,1226597.86,0.0206,1,5,0.2155,0.1203,3,1,1,1,1
NCRB-SYNTH-107449,High Court,Writ Petition (Detention),2,5,24,1,0,1,1,1,0,1,1,1,0.6899,1,161,1,1,1,1,1,1,1,0.7676,155,9.1646,79.21,1,1,1,1889282.48,0.1229,1,10,0.1811,0.0755,3,1,1,1,1
NCRB-SYNTH-107454,Trial Court,Sec 482 CrPC (Quashing),2,17,66,1,0,1,1,1,0,1,1,1,0.7605,1,263,1,1,1,1,1,1,1,0.5922,500,10.1252,29.92,1,1,1,2049125.33,0.0369,1,8,0.2006,0.0913,3,1,1,1,1
NCRB-SYNTH-107457,High Court,Trial Judgment,1,9,16,1,0,1,1,1,0,1,1,1,0.7355,1,146,1,1,1,1,1,1,1,0.5926,423,8.0333,83.48,1,1,1,370037.32,0.073,1,10,0.0933,0.0389,3,1,1,1,1
NCRB-SYNTH-107468,High Court,Sec 482 CrPC (Quashing),1,5,27,1,1,1,1,1,0,1,1,1,0.4639,1,271,1,0,1,1,1,1,1,0.718,481,5.1782,45.26,1,1,1,2367645.19,0.1514,1,35,0.142,0.0396,4,1,1,1,0
NCRB-SYNTH-107469,Supreme Court,Sec 439 CrPC (Regular Bail),2,14,15,1,0,1,1,1,1,1,1,1,0.8301,1,242,0,0,1,1,1,1,1,0.5878,462,7.3256,66.18,1,1,1,2223958.62,0.074,1,8,0.063,0.0287,3,1,1,1,0
NCRB-SYNTH-107477,High Court,Sec 482 CrPC (Quashing),1,24,52,1,1,1,1,1,0,1,1,1,0.7495,1,294,1,1,1,1,1,1,1,0.5988,236,7.8948,50.35,1,1,1,414168.37,0.1501,1,4,0.0533,0.0331,3,1,1,1,1
NCRB-SYNTH-107486,High Court,Sec 439 CrPC (Regular Bail),2,18,66,1,0,1,1,1,1,1,1,1,0.5121,1,168,1,1,1,1,1,1,1,0.6646,351,11.9376,57.07,1,1,1,794342.67,0.094,1,10,0.1827,0.0762,3,1,1,1,0
NCRB-SYNTH-107489,High Court,Sec 439 CrPC (Regular Bail),1,19,50,1,0,1,1,1,0,1,1,1,0.6701,1,295,1,0,1,1,1,1,1,0.7078,456,7.1544,46.34,1,1,1,1114562.55,0.0324,1,3,0.9,0.6492,1,1,1,1,1
NCRB-SYNTH-107494,High Court,Sec 482 CrPC (Quashing),1,20,60,0,0,1,1,1,0,1,1,1,0.4274,1,119,1,1,1,1,1,1,1,0.6656,109,10.2453,82.65,1,1,1,2477913.14,0.0064,1,3,0.4563,0.3291,1,1,1,0,0
NCRB-SYNTH-107500,High Court,Sec 439 CrPC (Regular Bail),7,13,70,1,0,1,1,1,0,1,1,1,0.7132,1,245,1,0,1,1,1,1,1,0.8059,244,9.3303,60.24,1,1,1,247349.75,0.1725,1,2,0.4991,0.4543,1,1,1,1,1
NCRB-SYNTH-107505,Supreme Court,Sec 482 CrPC (Quashing),1,8,28,1,1,1,1,1,0,1,1,1,0.7536,1,281,1,1,1,1,1,1,1,0.8326,125,9.1222,35.02,1,1,1,53625.78,0.035,1,40,0.2428,0.0654,4,1,1,1,1
NCRB-SYNTH-107509,High Court,Sec 482 CrPC (Quashing),1,7,30,1,0,1,1,1,0,1,1,1,0.934,1,269,0,0,1,1,1,1,1,0.6214,332,3.9835,48.53,1,1,1,536843.9,0.1158,1,10,0.0737,0.0308,3,1,1,1,0
NCRB-SYNTH-107515,Trial Court,Sec 439 CrPC (Regular Bail),1,22,44,1,0,1,1,1,1,1,1,1,0.5829,1,193,1,1,1,1,1,1,1,0.4876,403,12.9824,53.81,1,1,1,947316.99,0.1969,1,2,0.7661,0.6973,1,1,1,1,0
NCRB-SYNTH-107523,High Court,Sec 439 CrPC (Regular Bail),1,20,63,1,0,1,1,1,0,1,1,1,0.4826,1,158,1,1,1,1,1,1,1,0.6684,377,6.4097,36.2,1,1,1,2341833.84,0.1065,1,8,0.1984,0.0903,3,1,1,1,0
NCRB-SYNTH-107526,High Court,Sec 439 CrPC (Regular Bail),4,19,35,1,1,1,1,1,0,1,1,1,0.7467,1,205,1,1,1,1,1,1,1,0.7449,224,5.0758,35.37,1,1,1,346846.83,0.007,1,2,0.7814,0.7113,1,1,1,1,1
NCRB-SYNTH-107527,High Court,Sec 439 CrPC (Regular Bail),1,12,50,0,0,1,1,1,1,1,1,1,0.7947,1,253,1,1,1,1,1,1,1,0.699,424,8.4692,72.87,1,1,1,1344985.8,0.1418,1,38,0.2836,0.0774,4,1,1,1,1
NCRB-SYNTH-107529,High Court,Sec 482 CrPC (Quashing),1,6,21,1,0,1,1,1,1,1,1,1,0.6885,1,195,1,1,1,1,1,1,1,0.8079,331,7.7722,67.72,1,1,1,2370205.19,0.0925,1,3,0.8609,0.621,1,1,1,1,1
NCRB-SYNTH-107543,Supreme Court,Sec 439 CrPC (Regular Bail),1,11,14,1,0,1,1,1,0,1,1,1,0.6579,1,172,1,1,1,1,1,1,1,0.8938,335,8.9756,54.16,1,1,1,2218350.17,0.0151,1,3,0.6075,0.4382,1,1,1,1,1
NCRB-SYNTH-107553,High Court,Sec 439 CrPC (Regular Bail),1,8,35,1,0,1,1,1,0,1,1,1,0.77,1,241,1,1,1,1,1,1,1,0.6603,421,3.7105,35.89,1,1,1,2086988.15,0.0217,1,2,0.5409,0.4924,1,1,1,1,1
NCRB-SYNTH-107555,High Court,Writ Petition (Detention),1,18,14,1,1,1,1,1,1,1,1,1,0.6921,1,262,1,0,1,1,1,1,1,0.7286,284,8.5,72.78,1,1,1,1085662.93,0.1994,1,2,0.7137,0.6496,1,1,1,1,1
NCRB-SYNTH-107562,Trial Court,Writ Petition (Detention),1,19,47,1,0,1,1,1,0,1,1,1,0.8311,1,256,1,1,1,1,1,1,1,0.7745,102,4.5351,20.23,1,1,1,1432076.1,0.1266,1,44,0.2402,0.0631,4,1,1,1,1
NCRB-SYNTH-107577,Supreme Court,Sec 439 CrPC (Regular Bail),4,14,15,1,0,1,1,1,1,1,1,1,0.5999,1,232,1,1,1,1,1,1,1,0.8267,104,7.0785,54.93,1,1,1,2335345.39,0.0935,1,19,0.3145,0.105,4,1,1,1,0
NCRB-SYNTH-107581,High Court,Sec 439 CrPC (Regular Bail),4,21,10,1,0,1,1,1,0,1,1,1,0.5946,1,266,1,1,1,1,1,1,1,0.6221,456,8.4568,47.45,1,1,1,1441695.03,0.0291,1,32,0.1767,0.0505,4,1,1,1,0
NCRB-SYNTH-107586,High Court,Sec 482 CrPC (Quashing),4,21,48,1,0,1,1,1,1,1,1,1,0.8562,1,263,1,0,1,1,1,1,1,0.4716,151,7.5449,40.79,1,1,1,2488604.38,0.1045,1,8,0.1552,0.0706,3,1,1,1,1
NCRB-SYNTH-107601,Supreme Court,Sec 482 CrPC (Quashing),2,17,58,1,0,1,1,1,0,1,1,1,0.4333,1,239,1,1,1,1,1,1,1,0.8057,434,13.7283,77.95,1,1,1,750024.97,0.1975,1,3,0.4472,0.3226,1,1,1,1,0
NCRB-SYNTH-107603,High Court,Sec 439 CrPC (Regular Bail),1,18,46,1,0,1,1,1,0,1,1,1,0.7572,1,142,0,1,1,1,1,1,1,0.814,265,8.8899,79.75,1,1,1,1182697.23,0.0349,1,4,0.1146,0.0712,3,1,1,1,0
NCRB-SYNTH-107606,High Court,Sec 439 CrPC (Regular Bail),1,19,10,1,0,1,1,1,0,1,1,1,0.8202,1,158,1,0,1,1,1,1,1,0.5272,200,7.9909,15.44,1,1,1,850904.84,0.0717,1,1,0.8818,1.2722,1,1,1,0,1
NCRB-SYNTH-107608,Supreme Court,Sec 482 CrPC (Quashing),1,5,46,1,0,1,1,1,0,1,1,1,0.6023,1,179,0,0,1,1,1,1,1,0.6978,130,6.9721,61.59,1,1,1,432985.89,0.131,1,23,0.168,0.0529,4,1,1,0,0
NCRB-SYNTH-107622,High Court,Sec 439 CrPC (Regular Bail),1,21,28,1,0,1,1,1,0,1,1,1,0.7788,1,190,1,0,1,1,1,1,1,0.6662,279,3.6108,79.9,1,1,1,1548458.27,0.1548,1,2,0.9258,0.8427,1,1,1,1,1
NCRB-SYNTH-107624,Supreme Court,Sec 439 CrPC (Regular Bail),7,24,46,1,0,1,1,1,0,1,1,1,0.7597,1,187,1,1,1,1,1,1,1,0.5118,392,11.7712,84.36,1,1,1,1319981.99,0.1669,1,9,0.0858,0.0373,3,1,1,1,1
NCRB-SYNTH-107626,Supreme Court,Sec 482 CrPC (Quashing),1,3,65,1,0,1,1,1,1,1,1,1,0.5311,1,137,1,1,1,1,1,1,1,0.7271,301,5.602,53.9,1,1,1,1416199.01,0.0817,1,9,0.1173,0.0509,3,1,1,0,0
NCRB-SYNTH-107632,Supreme Court,Sec 439 CrPC (Regular Bail),1,15,76,1,0,1,1,1,1,1,1,1,0.628,1,149,1,1,1,1,1,1,1,0.7376,100,12.2799,33.49,1,1,1,80698.88,0.0367,1,39,0.0961,0.026,4,1,1,0,0
NCRB-SYNTH-107635,High Court,Sec 482 CrPC (Quashing),15,6,44,1,0,1,1,1,1,1,1,1,0.4092,1,202,1,0,1,1,1,1,1,0.5872,377,6.661,80.33,1,1,1,1290913.27,0.1574,1,11,0.1053,0.0424,3,1,1,1,0
NCRB-SYNTH-107638,High Court,Sec 439 CrPC (Regular Bail),1,23,35,1,0,1,1,1,0,1,1,1,0.9491,1,235,1,1,1,1,1,1,1,0.7711,364,5.5596,20.47,1,1,1,1258233.59,0.0836,1,6,0.0691,0.0355,3,1,1,1,1
NCRB-SYNTH-107646,High Court,Sec 482 CrPC (Quashing),1,23,55,0,0,1,1,1,0,1,1,1,0.6782,1,220,0,0,1,1,1,1,1,0.5438,278,5.6209,54.49,1,1,1,182796.08,0.0153,1,31,0.1721,0.0497,4,1,1,1,0
NCRB-SYNTH-107650,High Court,Writ Petition (Detention),27,20,44,1,0,1,1,1,1,1,1,1,0.8807,1,287,1,1,1,1,1,1,1,0.6336,331,4.9228,27.54,1,1,1,262825.78,0.0583,1,24,0.0909,0.0282,4,1,1,1,1
NCRB-SYNTH-107658,High Court,Sec 482 CrPC (Quashing),1,16,31,1,1,1,1,1,0,1,1,1,0.6123,1,180,1,1,1,1,1,1,1,0.7631,320,12.7753,73.67,1,1,1,2257826.66,0.1925,1,2,0.8117,0.7389,1,1,1,1,0
NCRB-SYNTH-107660,Trial Court,Sec 482 CrPC (Quashing),1,22,23,1,0,1,1,1,0,1,1,1,0.8848,1,149,1,1,1,1,1,1,1,0.7766,366,7.6321,79.42,1,1,1,876240.03,0.1482,1,11,0.218,0.0877,3,1,1,0,1
NCRB-SYNTH-107662,Supreme Court,Sec 439 CrPC (Regular Bail),21,5,38,1,0,1,1,1,0,1,1,1,0.8714,1,150,1,1,1,1,1,1,1,0.8589,428,6.5126,15.45,1,1,1,396154.22,0.1192,1,24,0.1703,0.0529,4,1,1,0,1
NCRB-SYNTH-107667,Supreme Court,Sec 439 CrPC (Regular Bail),4,21,67,1,1,1,1,1,0,1,1,1,0.4047,1,124,1,1,1,1,1,1,1,0.75,325,12.0913,48.18,1,1,1,1833515.67,0.1395,1,25,0.2506,0.0769,4,1,1,0,0
NCRB-SYNTH-107668,High Court,Sec 482 CrPC (Quashing),1,14,40,1,0,1,1,1,0,1,1,1,0.929,1,257,0,0,1,1,1,1,1,0.6619,352,6.2957,83.17,1,1,1,1139234.31,0.0112,1,11,0.1541,0.062,3,1,1,1,0
NCRB-SYNTH-107672,High Court,Writ Petition (Detention),4,6,26,1,1,1,1,1,0,1,1,1,0.5884,1,185,1,0,1,1,1,1,1,0.757,152,7.7668,60.84,1,1,1,1608153.45,0.0365,1,1,0.4301,0.6205,1,1,1,1,0
NCRB-SYNTH-107676,Trial Court,Sec 439 CrPC (Regular Bail),15,11,32,1,0,1,1,1,0,1,1,1,0.848,1,232,1,1,1,1,1,1,1,0.8796,486,5.3547,65.2,1,1,1,931488.28,0.1781,1,33,0.1941,0.055,4,1,1,1,1
NCRB-SYNTH-107683,High Court,Writ Petition (Detention),1,16,68,1,0,1,1,1,0,1,1,1,0.558,1,251,1,1,1,1,1,1,1,0.65,233,7.7418,43.55,1,1,1,1037016.97,0.1288,1,5,0.2167,0.121,3,1,1,1,0
NCRB-SYNTH-107694,High Court,Sec 482 CrPC (Quashing),4,9,45,1,0,1,1,1,0,1,1,1,0.8947,1,251,1,1,1,1,1,1,1,0.7658,452,9.2184,82.02,1,1,1,2191526.09,0.0607,1,39,0.1318,0.0357,4,1,1,1,1
NCRB-SYNTH-107696,Supreme Court,Sec 439 CrPC (Regular Bail),1,22,68,1,0,1,1,1,1,1,1,1,0.5091,1,208,1,1,1,1,1,1,1,0.8716,476,6.2047,30.29,1,1,1,1708643.53,0.1246,1,2,0.7379,0.6717,1,1,1,1,0
NCRB-SYNTH-107698,Trial Court,Sec 439 CrPC (Regular Bail),1,19,11,1,1,1,1,1,1,1,1,1,0.732,1,169,1,1,1,1,1,1,1,0.8382,321,11.9643,65.88,1,1,1,450521.51,0.1133,1,9,0.1096,0.0476,3,1,1,1,1
NCRB-SYNTH-107703,High Court,Sec 439 CrPC (Regular Bail),7,6,21,1,0,1,1,1,0,1,1,1,0.4797,1,128,0,0,1,1,1,1,1,0.8178,427,8.6356,32.27,1,1,1,1420710.95,0.1844,1,43,0.3042,0.0804,4,1,1,0,0
NCRB-SYNTH-107707,High Court,Sec 439 CrPC (Regular Bail),45,11,19,1,0,1,1,1,0,1,1,1,0.4766,1,172,1,1,1,1,1,1,1,0.6102,468,12.1626,80.43,1,1,1,1952935.83,0.0253,1,8,0.2246,0.1022,3,1,1,1,0
NCRB-SYNTH-107721,High Court,Sec 482 CrPC (Quashing),1,24,11,1,1,1,1,1,1,1,1,1,0.5006,1,173,1,1,1,1,1,1,1,0.7055,325,12.2173,32.86,1,1,1,1214974.2,0.1717,1,15,0.2129,0.0768,4,1,1,1,0
NCRB-SYNTH-107736,High Court,Sec 439 CrPC (Regular Bail),15,11,25,1,0,1,1,1,0,1,1,1,0.5935,1,238,1,1,1,1,1,1,1,0.4584,422,9.2828,18.46,1,1,1,1878297.41,0.1791,1,29,0.1289,0.0379,4,1,1,1,0
NCRB-SYNTH-107739,High Court,Sec 482 CrPC (Quashing),1,23,45,1,0,1,1,1,1,1,1,1,0.794,1,144,1,0,1,1,1,1,1,0.528,226,10.707,56.1,1,1,1,1956669.68,0.1627,1,1,0.5097,0.7354,1,1,1,1,1
NCRB-SYNTH-107741,Supreme Court,Sec 482 CrPC (Quashing),2,24,58,1,0,1,1,1,1,1,1,1,0.6494,1,294,1,1,1,1,1,1,1,0.7067,160,7.8998,61.47,1,1,1,249101.97,0.0062,1,5,0.0882,0.0492,3,1,1,1,0
NCRB-SYNTH-107746,High Court,Sec 439 CrPC (Regular Bail),1,4,45,1,0,1,1,1,0,1,1,1,0.6528,1,218,1,1,1,1,1,1,1,0.4515,295,12.8137,65.77,1,1,1,2459114.38,0.0323,1,11,0.1615,0.065,3,1,1,1,1
NCRB-SYNTH-107750,High Court,Sec 439 CrPC (Regular Bail),2,20,15,1,0,1,1,1,0,1,1,1,0.678,1,294,1,1,1,1,1,1,1,0.5377,389,5.4088,73.68,1,1,1,323037.55,0.0633,1,8,0.1599,0.0728,3,1,1,1,1
NCRB-SYNTH-107752,High Court,Writ Petition (Detention),7,25,11,1,0,1,1,1,0,1,1,1,0.5977,1,254,1,1,1,1,1,1,1,0.9041,486,5.7803,37.9,1,1,1,979795.39,0.1173,1,3,0.8719,0.629,1,1,1,0,0
NCRB-SYNTH-107761,High Court,Writ Petition (Detention),2,25,37,1,0,1,1,1,0,1,1,1,0.3803,1,157,1,0,1,1,1,1,1,0.716,270,9.336,74.19,1,1,1,1496105.78,0.1769,1,11,0.141,0.0567,3,1,1,1,0
NCRB-SYNTH-107765,High Court,Sec 439 CrPC (Regular Bail),15,24,16,0,0,1,1,1,0,1,1,1,0.8163,1,285,1,1,1,1,1,1,1,0.5851,170,5.8718,60.67,1,1,1,244874.5,0.0425,1,17,0.0957,0.0331,4,1,1,1,1
NCRB-SYNTH-107766,High Court,Sec 439 CrPC (Regular Bail),21,5,30,1,0,1,1,1,0,1,1,1,0.4541,1,170,0,0,1,1,1,1,1,0.466,124,7.1033,57.29,1,1,1,2035140.57,0.1872,1,9,0.0932,0.0405,3,1,1,0,0
NCRB-SYNTH-107790,Trial Court,Sec 439 CrPC (Regular Bail),7,16,71,1,0,1,1,1,0,1,1,1,0.7793,1,288,0,1,1,1,1,1,1,0.5626,105,4.9021,31.64,1,1,1,2473336.98,0.1851,1,17,0.2715,0.0939,4,1,1,1,0
NCRB-SYNTH-107794,High Court,Sec 439 CrPC (Regular Bail),1,20,50,1,0,1,1,1,0,1,1,1,0.5225,1,138,1,0,1,1,1,1,1,0.6169,107,9.0818,33.92,1,1,1,142434.68,0.1202,1,22,0.095,0.0303,4,1,1,0,0
NCRB-SYNTH-107820,High Court,Sec 439 CrPC (Regular Bail),4,15,52,1,0,1,1,1,0,1,1,1,0.6265,1,248,1,1,1,1,1,1,1,0.6193,448,5.1773,49.57,1,1,1,518584.52,0.1804,1,3,0.5953,0.4294,1,1,1,1,0
NCRB-SYNTH-107829,High Court,Sec 439 CrPC (Regular Bail),1,5,17,1,0,1,1,1,0,1,1,1,0.5735,1,239,1,0,1,1,1,1,1,0.4368,477,11.7585,55.72,1,1,1,366527.15,0.1637,1,4,0.0737,0.0458,3,1,1,1,0
NCRB-SYNTH-107837,Trial Court,Sec 439 CrPC (Regular Bail),1,8,23,1,0,1,1,1,1,1,1,1,0.7984,1,139,1,0,1,1,1,1,1,0.6177,280,12.1154,86.7,1,1,1,601149.29,0.1349,1,21,0.1116,0.0361,4,1,1,0,1
NCRB-SYNTH-107838,High Court,Sec 482 CrPC (Quashing),1,16,20,1,1,1,1,1,0,1,1,1,0.4441,1,225,1,1,1,1,1,1,1,0.6626,264,5.6712,23.05,1,1,1,549908.94,0.0715,1,5,0.2279,0.1272,3,1,1,1,0
NCRB-SYNTH-107841,High Court,Sec 482 CrPC (Quashing),1,13,19,1,0,1,1,1,1,1,1,1,0.8377,1,173,1,1,1,1,1,1,1,0.6211,398,10.7856,71.25,1,1,1,1782450.02,0.1936,1,40,0.2127,0.0573,4,1,1,1,1
NCRB-SYNTH-107846,High Court,Sec 439 CrPC (Regular Bail),1,15,38,0,0,1,1,1,0,1,1,1,0.4635,1,213,1,1,1,1,1,1,1,0.9102,421,3.8316,17.49,1,1,1,2160547.67,0.0903,1,4,0.1438,0.0893,3,1,1,1,0
NCRB-SYNTH-107852,High Court,Sec 482 CrPC (Quashing),2,3,64,1,0,1,1,1,0,1,1,1,0.9127,1,198,1,1,1,1,1,1,1,0.4673,462,8.5673,21.47,1,1,1,2081158.95,0.0954,1,3,0.5908,0.4262,1,1,1,1,1
NCRB-SYNTH-107864,High Court,Sec 482 CrPC (Quashing),1,12,11,1,0,1,1,1,0,1,1,1,0.5509,1,170,1,1,1,1,1,1,1,0.6424,218,9.1449,61.78,1,1,1,293893.39,0.0019,1,3,0.7812,0.5635,1,1,1,1,0
NCRB-SYNTH-107877,Trial Court,Sec 439 CrPC (Regular Bail),2,21,10,1,0,1,1,1,1,1,1,1,0.8756,1,144,1,1,1,1,1,1,1,0.7642,486,9.8917,87.45,1,1,1,134968.03,0.166,1,25,0.1496,0.0459,4,1,1,0,1
NCRB-SYNTH-107879,High Court,Sec 482 CrPC (Quashing),2,7,56,0,1,1,1,1,0,1,1,1,0.8911,1,286,1,1,1,1,1,1,1,0.6607,277,14.0868,32.36,1,1,1,1900783.3,0.0275,1,7,0.2093,0.1007,3,1,1,1,1
NCRB-SYNTH-107901,High Court,Sec 439 CrPC (Regular Bail),1,5,27,1,0,1,1,1,1,1,1,1,0.7182,1,197,1,1,1,1,1,1,1,0.4319,203,4.2581,53.84,1,1,1,1196094.77,0.1716,1,30,0.1911,0.0557,4,1,1,1,1
NCRB-SYNTH-107917,High Court,Sec 482 CrPC (Quashing),1,24,44,1,0,1,1,1,0,1,1,1,0.9428,1,166,1,1,1,1,1,1,1,0.6503,287,5.3925,63.34,1,1,1,1131370.32,0.1659,1,44,0.12,0.0315,4,1,1,1,1
NCRB-SYNTH-107921,Supreme Court,Sec 439 CrPC (Regular Bail),1,12,71,1,0,1,1,1,0,1,1,1,0.8362,1,298,1,1,1,1,1,1,1,0.4673,180,7.4424,63.03,1,1,1,956694.02,0.1369,1,7,0.1307,0.0628,3,1,1,1,1
NCRB-SYNTH-107933,High Court,Sec 439 CrPC (Regular Bail),1,6,34,1,0,1,1,1,0,1,1,1,0.7784,1,168,1,1,1,1,1,1,1,0.3802,197,3.8097,36.72,1,1,1,2275138.2,0.0244,1,10,0.2052,0.0856,3,1,1,1,1
NCRB-SYNTH-107938,High Court,Sec 439 CrPC (Regular Bail),7,15,38,1,0,1,1,1,0,1,1,1,0.5144,1,148,1,1,1,1,1,1,1,0.7474,226,9.0206,53.18,1,1,1,109424.22,0.1223,1,3,0.5208,0.3757,1,1,1,0,0
NCRB-SYNTH-107942,High Court,Sec 482 CrPC (Quashing),2,3,28,1,0,1,1,1,0,1,1,1,0.7445,1,160,1,0,1,1,1,1,1,0.9042,307,4.4203,41.48,1,1,1,854888.23,0.193,1,1,0.6421,0.9264,1,1,1,1,1
NCRB-SYNTH-107947,Trial Court,Sec 439 CrPC (Regular Bail),1,7,75,1,0,1,1,1,0,1,1,1,0.6703,1,244,1,1,1,1,1,1,1,0.5052,472,11.2309,25.49,1,1,1,1060587.24,0.0275,1,12,0.3149,0.1228,4,1,1,1,1
NCRB-SYNTH-107953,High Court,Sec 439 CrPC (Regular Bail),1,14,78,0,0,1,1,1,1,1,1,1,0.4113,1,204,1,1,1,1,1,1,1,0.5253,188,5.9279,73.76,1,1,1,2376196.72,0.1003,1,23,0.2365,0.0744,4,1,1,1,0
NCRB-SYNTH-107957,Supreme Court,Trial Judgment,1,11,19,1,0,1,1,1,1,1,1,1,0.5107,1,183,1,1,1,1,1,1,1,0.8306,141,11.0131,58.34,1,1,1,492410.03,0.1698,1,9,0.1596,0.0693,3,1,1,1,0
NCRB-SYNTH-107965,Supreme Court,Sec 439 CrPC (Regular Bail),1,16,34,1,0,1,1,1,0,1,1,1,0.6967,1,124,1,1,1,1,1,1,1,0.8534,125,7.3114,78.38,1,1,1,2185812.26,0.1505,1,1,0.7497,1.0815,1,1,1,0,1
NCRB-SYNTH-107972,High Court,Sec 439 CrPC (Regular Bail),15,13,36,1,0,1,1,1,0,1,1,1,0.5145,1,229,0,0,1,1,1,1,1,0.8428,240,11.3358,46.3,1,1,1,234517.45,0.0489,1,23,0.1914,0.0602,4,1,1,1,0
NCRB-SYNTH-107983,High Court,Writ Petition (Detention),1,6,70,0,0,1,1,1,0,1,1,1,0.9044,1,269,1,1,1,1,1,1,1,0.5179,361,8.4142,38.72,1,1,1,110509.16,0.1273,1,2,0.5281,0.4807,1,1,1,1,1
NCRB-SYNTH-107991,High Court,Sec 439 CrPC (Regular Bail),21,18,19,0,0,1,1,1,1,1,1,1,0.4369,1,291,1,1,1,1,1,1,1,0.6169,301,12.1203,31.33,1,1,1,597139.98,0.1227,1,45,0.2061,0.0538,4,1,1,1,0
NCRB-SYNTH-108002,High Court,Trial Judgment,2,11,45,1,0,1,1,1,0,1,1,1,0.9639,1,259,1,1,1,1,1,1,1,0.714,180,11.4691,51.13,1,1,1,1078899.79,0.0513,1,8,0.1315,0.0598,3,1,1,1,1
NCRB-SYNTH-108005,High Court,Sec 439 CrPC (Regular Bail),1,25,48,0,0,1,1,1,1,1,1,1,0.7843,1,117,1,1,1,1,1,1,1,0.6114,194,4.9913,54.49,1,1,1,2402599.69,0.0654,1,19,0.2035,0.0679,4,1,1,0,1
NCRB-SYNTH-108009,High Court,Sec 439 CrPC (Regular Bail),1,19,16,1,0,1,1,1,0,1,1,1,0.5654,1,298,1,1,1,1,1,1,1,0.876,417,13.5998,76.36,1,1,1,217978.58,0.1063,1,8,0.2227,0.1013,3,1,1,1,0
NCRB-SYNTH-108013,High Court,Sec 439 CrPC (Regular Bail),7,16,24,1,0,1,1,1,0,1,1,1,0.6333,1,238,1,1,1,1,1,1,1,0.4655,286,10.814,55.18,1,1,1,1907804.88,0.0784,1,2,0.8585,0.7814,1,1,1,1,0
NCRB-SYNTH-108015,Trial Court,Sec 482 CrPC (Quashing),1,9,22,1,0,1,1,1,1,1,1,1,0.8781,1,142,1,1,1,1,1,1,1,0.4636,158,6.755,70.23,1,1,1,414251.0,0.1276,1,7,0.2073,0.0997,3,1,1,0,1
NCRB-SYNTH-108018,High Court,Sec 439 CrPC (Regular Bail),2,11,42,1,0,1,1,1,0,1,1,1,0.7017,1,149,0,0,1,1,1,1,1,0.9866,458,8.7582,16.68,1,1,1,968453.47,0.0368,1,4,0.1985,0.1233,3,1,1,0,0
NCRB-SYNTH-108032,High Court,Sec 439 CrPC (Regular Bail),7,14,75,1,0,1,1,1,0,1,1,1,0.8576,1,206,1,1,1,1,1,1,1,0.62,467,3.9812,55.53,1,1,1,607835.59,0.1335,1,7,0.1038,0.0499,3,1,1,1,1
NCRB-SYNTH-108054,High Court,Sec 439 CrPC (Regular Bail),1,12,20,1,0,1,1,1,0,1,1,1,0.9242,1,124,0,1,1,1,1,1,1,0.6261,141,12.5335,56.06,1,1,1,611708.18,0.1311,1,2,0.802,0.73,1,1,1,0,0
NCRB-SYNTH-108060,Trial Court,Sec 439 CrPC (Regular Bail),1,9,30,1,1,1,1,1,0,1,1,1,0.7531,1,152,1,1,1,1,1,1,1,0.8672,151,7.7779,15.68,1,1,1,2490062.89,0.0965,1,7,0.1776,0.0854,3,1,1,1,1
NCRB-SYNTH-108061,High Court,Sec 439 CrPC (Regular Bail),2,7,32,1,1,1,1,1,1,1,1,1,0.8249,1,133,1,1,1,1,1,1,1,0.5441,216,7.011,63.35,1,1,1,1204794.67,0.0084,1,18,0.1114,0.0378,4,1,1,0,1
NCRB-SYNTH-108070,High Court,Sec 439 CrPC (Regular Bail),1,7,53,1,0,1,1,1,0,1,1,1,0.9495,1,217,1,1,1,1,1,1,1,0.6997,122,8.3522,36.9,1,1,1,458101.74,0.0718,1,24,0.2016,0.0626,4,1,1,1,1
NCRB-SYNTH-108074,Trial Court,Sec 482 CrPC (Quashing),27,14,74,1,0,1,1,1,0,1,1,1,0.8966,1,140,1,1,1,1,1,1,1,0.8006,387,12.1138,65.49,1,1,1,1236271.0,0.0841,1,15,0.2976,0.1073,4,1,1,0,1
NCRB-SYNTH-108077,Trial Court,Sec 439 CrPC (Regular Bail),7,11,79,1,1,1,1,1,0,1,1,1,0.7313,1,153,1,1,1,1,1,1,1,0.673,242,6.6248,80.55,1,1,1,190678.13,0.1248,1,11,0.1156,0.0465,3,1,1,0,1
NCRB-SYNTH-108078,High Court,Trial Judgment,1,7,45,0,0,1,1,1,0,1,1,1,0.6039,1,228,1,1,1,1,1,1,1,0.5842,305,6.6654,65.19,1,1,1,625314.72,0.15,1,2,0.9381,0.8539,1,1,1,1,0
NCRB-SYNTH-108085,High Court,Sec 439 CrPC (Regular Bail),15,21,71,1,0,1,1,1,1,1,1,1,0.4365,1,135,1,0,1,1,1,1,1,0.5616,272,11.9304,41.1,1,1,1,894555.9,0.0547,1,1,0.8794,1.2687,1,1,1,1,0
NCRB-SYNTH-108086,Supreme Court,Sec 439 CrPC (Regular Bail),1,20,51,1,1,1,1,1,0,1,1,1,0.6188,1,186,1,0,1,1,1,1,1,0.7276,156,11.7851,15.33,1,1,1,2373536.98,0.1313,1,4,0.1618,0.1005,3,1,1,1,0
NCRB-SYNTH-108093,High Court,Sec 439 CrPC (Regular Bail),1,16,78,1,0,1,1,1,0,1,1,1,0.7055,1,184,0,0,1,1,1,1,1,0.7439,351,10.1135,36.5,1,1,1,1132730.16,0.0056,1,3,0.8587,0.6195,1,1,1,1,0
NCRB-SYNTH-108100,High Court,Sec 439 CrPC (Regular Bail),4,24,61,1,0,1,1,1,1,1,1,1,0.5625,1,298,1,1,1,1,1,1,1,0.888,229,6.1355,62.27,1,1,1,1825174.56,0.1271,1,1,0.5476,0.79,1,1,1,1,0
NCRB-SYNTH-108106,High Court,Sec 482 CrPC (Quashing),1,6,10,1,0,1,1,1,0,1,1,1,0.4767,1,181,1,1,1,1,1,1,1,0.6186,353,12.279,59.0,1,1,1,2197646.11,0.0658,1,2,0.5501,0.5007,1,1,1,1,0
NCRB-SYNTH-108114,High Court,Sec 482 CrPC (Quashing),2,21,39,1,0,1,1,1,1,1,1,1,0.4169,1,240,1,0,1,1,1,1,1,0.5795,127,9.8194,78.93,1,1,1,2322547.88,0.14,1,8,0.0566,0.0258,3,1,1,1,0
NCRB-SYNTH-108122,High Court,Sec 439 CrPC (Regular Bail),2,16,10,1,0,1,1,1,0,1,1,1,0.8134,1,148,0,1,1,1,1,1,1,0.7981,485,5.9242,35.39,1,1,1,1106089.7,0.1463,1,10,0.1414,0.059,3,1,1,1,0
NCRB-SYNTH-108124,High Court,Sec 439 CrPC (Regular Bail),7,13,57,1,0,1,1,1,1,1,1,1,0.4522,1,133,1,1,1,1,1,1,1,0.7774,405,7.1432,77.13,1,1,1,869296.78,0.178,1,3,0.5289,0.3816,1,1,1,0,0
NCRB-SYNTH-108132,High Court,Sec 439 CrPC (Regular Bail),1,9,23,1,1,1,1,1,0,1,1,1,0.6137,1,259,1,1,1,1,1,1,1,0.6858,368,5.3347,49.09,1,1,1,237854.26,0.0818,1,5,0.1509,0.0842,3,1,1,1,0
NCRB-SYNTH-108135,Trial Court,Sec 439 CrPC (Regular Bail),1,5,40,1,1,1,1,1,0,1,1,1,0.8314,1,194,1,0,1,1,1,1,1,0.7209,472,4.1492,71.83,1,1,1,1474610.58,0.1879,1,9,0.0968,0.042,3,1,1,1,1
NCRB-SYNTH-108143,High Court,Sec 482 CrPC (Quashing),2,11,71,0,1,1,1,1,0,1,1,1,0.7427,1,286,1,1,1,1,1,1,1,0.5628,123,5.5421,19.05,1,1,1,2486146.98,0.0063,1,11,0.1985,0.0799,3,1,1,1,1
NCRB-SYNTH-108168,High Court,Sec 439 CrPC (Regular Bail),4,11,40,0,0,1,1,1,1,1,1,1,0.8002,1,148,1,1,1,1,1,1,1,0.5467,413,13.0594,15.55,1,1,1,1577829.83,0.1727,1,21,0.1087,0.0352,4,1,1,1,1
NCRB-SYNTH-108175,High Court,Sec 439 CrPC (Regular Bail),21,6,16,1,1,1,1,1,0,1,1,1,0.645,1,290,1,1,1,1,1,1,1,0.5057,135,6.7628,29.67,1,1,1,420075.31,0.1386,1,9,0.0617,0.0268,3,1,1,1,0
NCRB-SYNTH-108197,High Court,Sec 482 CrPC (Quashing),7,13,29,1,0,1,1,1,1,1,1,1,0.4744,1,155,1,1,1,1,1,1,1,0.8822,254,6.9381,16.95,1,1,1,287969.13,0.0702,1,7,0.1099,0.0528,3,1,1,1,0
NCRB-SYNTH-108199,Supreme Court,Sec 439 CrPC (Regular Bail),1,8,40,1,1,1,1,1,1,1,1,1,0.5945,1,180,0,1,1,1,1,1,1,0.7274,278,5.392,40.56,1,1,1,982885.93,0.0217,1,2,0.6124,0.5574,1,1,1,1,0
NCRB-SYNTH-108205,High Court,Sec 439 CrPC (Regular Bail),2,8,18,1,0,1,1,1,0,1,1,1,0.5939,1,209,1,1,1,1,1,1,1,0.572,425,9.5701,25.59,1,1,1,1411365.21,0.0539,1,4,0.1151,0.0715,3,1,1,1,0
NCRB-SYNTH-108214,High Court,Sec 482 CrPC (Quashing),1,15,20,1,1,1,1,1,0,1,1,1,0.5897,1,152,1,1,1,1,1,1,1,0.9049,115,9.2498,85.92,1,1,1,793677.77,0.1735,1,10,0.2354,0.0982,3,1,1,1,0
NCRB-SYNTH-108217,Supreme Court,Sec 482 CrPC (Quashing),4,24,15,0,0,1,1,1,1,1,1,1,0.9746,1,196,1,0,1,1,1,1,1,0.657,209,11.1324,58.61,1,1,1,1230368.14,0.0924,1,3,0.5802,0.4185,1,1,1,1,1
NCRB-SYNTH-108226,Trial Court,Sec 482 CrPC (Quashing),1,13,52,1,0,1,1,1,1,1,1,1,0.4821,1,297,0,0,1,1,1,1,1,0.7448,214,5.6128,36.09,1,1,1,1914286.3,0.1799,1,36,0.199,0.0551,4,1,1,1,0
NCRB-SYNTH-108229,High Court,Sec 482 CrPC (Quashing),1,19,68,1,1,1,1,1,0,1,1,1,0.6545,1,203,1,1,1,1,1,1,1,0.6733,306,13.1594,85.27,1,1,1,1037212.57,0.0624,1,1,0.6054,0.8734,1,1,1,1,1
NCRB-SYNTH-108234,High Court,Sec 439 CrPC (Regular Bail),1,12,27,1,0,1,1,1,0,1,1,1,0.8275,1,274,1,1,1,1,1,1,1,0.871,154,11.293,42.33,1,1,1,1159530.4,0.1191,1,9,0.1003,0.0436,3,1,1,1,1
NCRB-SYNTH-108239,High Court,Sec 482 CrPC (Quashing),1,14,38,1,0,1,1,1,0,1,1,1,0.4719,1,271,1,1,1,1,1,1,1,0.7754,217,10.1898,42.04,1,1,1,183597.19,0.0784,1,11,0.1433,0.0577,3,1,1,1,0
NCRB-SYNTH-108242,High Court,Sec 439 CrPC (Regular Bail),1,12,10,0,1,1,1,1,0,1,1,1,0.5097,1,199,1,1,1,1,1,1,1,0.6023,144,11.5958,53.88,1,1,1,423212.21,0.0176,1,45,0.2265,0.0592,4,1,1,1,0
NCRB-SYNTH-108246,High Court,Sec 482 CrPC (Quashing),1,10,53,1,0,1,1,1,0,1,1,1,0.7195,1,184,1,1,1,1,1,1,1,0.5493,169,11.6965,38.7,1,1,1,2356726.52,0.0027,1,10,0.07,0.0292,3,1,1,1,1
NCRB-SYNTH-108248,High Court,Sec 439 CrPC (Regular Bail),1,14,42,1,0,1,1,1,1,1,1,1,0.9148,1,194,1,1,1,1,1,1,1,0.4631,122,12.0719,46.99,1,1,1,2098214.9,0.1914,1,2,0.5133,0.4672,1,1,1,1,1
NCRB-SYNTH-108254,High Court,Sec 482 CrPC (Quashing),1,23,76,1,1,1,1,1,1,1,1,1,0.5084,1,131,0,1,1,1,1,1,1,0.7934,382,11.3591,53.51,1,1,1,86604.66,0.091,1,2,0.4492,0.4089,1,1,1,0,0
NCRB-SYNTH-108259,Supreme Court,Trial Judgment,1,5,47,1,0,1,1,1,0,1,1,1,0.6846,1,295,1,1,1,1,1,1,1,0.736,379,13.6011,64.45,1,1,1,1305817.67,0.1549,1,25,0.2085,0.064,4,1,1,1,1
NCRB-SYNTH-108267,High Court,Sec 439 CrPC (Regular Bail),21,13,50,1,0,1,1,1,1,1,1,1,0.8012,1,173,1,0,1,1,1,1,1,0.5347,292,11.9977,21.97,1,1,1,287787.34,0.1393,1,7,0.1806,0.0869,3,1,1,1,1
NCRB-SYNTH-108269,Trial Court,Sec 439 CrPC (Regular Bail),2,21,25,1,0,1,1,1,0,1,1,1,0.8374,1,197,0,0,1,1,1,1,1,0.743,186,11.4518,60.62,1,1,1,2194982.69,0.0871,1,10,0.155,0.0647,3,1,1,1,0
NCRB-SYNTH-108270,High Court,Sec 439 CrPC (Regular Bail),4,18,47,1,0,1,1,1,0,1,1,1,0.8479,1,123,1,0,1,1,1,1,1,0.5825,319,11.4331,76.1,1,1,1,258169.99,0.0914,1,9,0.1792,0.0778,3,1,1,0,1
NCRB-SYNTH-108274,High Court,Sec 439 CrPC (Regular Bail),1,23,72,1,0,1,1,1,1,1,1,1,0.6349,1,207,1,1,1,1,1,1,1,0.5565,288,7.8213,51.9,1,1,1,2452735.58,0.0298,1,42,0.2692,0.0716,4,1,1,1,0
NCRB-SYNTH-108285,High Court,Sec 439 CrPC (Regular Bail),1,25,18,1,1,1,1,1,1,1,1,1,0.6007,1,134,1,1,1,1,1,1,1,0.474,117,10.4539,48.05,1,1,1,2438851.48,0.006,1,8,0.2025,0.0922,3,1,1,0,0
NCRB-SYNTH-108292,High Court,Sec 482 CrPC (Quashing),7,8,36,1,0,1,1,1,0,1,1,1,0.5512,1,194,1,1,1,1,1,1,1,0.4718,160,11.7955,48.53,1,1,1,973759.05,0.1482,1,22,0.281,0.0896,4,1,1,1,0
NCRB-SYNTH-108297,High Court,Sec 439 CrPC (Regular Bail),2,21,40,1,1,1,1,1,0,1,1,1,0.9074,1,197,1,1,1,1,1,1,1,0.8653,472,12.1601,62.56,1,1,1,2193559.85,0.1683,1,1,0.8314,1.1995,1,1,1,1,1
NCRB-SYNTH-108298,Supreme Court,Sec 482 CrPC (Quashing),7,23,24,1,0,1,1,1,0,1,1,1,0.5213,1,150,1,1,1,1,1,1,1,0.7818,400,11.9549,21.61,1,1,1,1817712.84,0.071,1,9,0.227,0.0986,3,1,1,0,0
NCRB-SYNTH-108314,High Court,Sec 439 CrPC (Regular Bail),15,19,38,1,0,1,1,1,0,1,1,1,0.7908,1,260,1,1,1,1,1,1,1,0.6987,256,7.3308,70.89,1,1,1,166151.59,0.1748,1,5,0.0682,0.0381,3,1,1,1,1
NCRB-SYNTH-108322,High Court,Trial Judgment,15,22,18,1,0,1,1,1,1,1,1,1,0.6985,1,296,1,0,1,1,1,1,1,0.4963,476,12.1222,41.96,1,1,1,948354.77,0.1271,1,5,0.1866,0.1041,3,1,1,1,1
NCRB-SYNTH-108332,High Court,Sec 439 CrPC (Regular Bail),1,3,53,1,1,1,1,1,0,1,1,1,0.5336,1,141,0,1,1,1,1,1,1,0.7899,105,5.9083,26.6,1,1,1,994330.82,0.1265,1,31,0.2114,0.061,4,1,1,1,0
NCRB-SYNTH-108342,High Court,Sec 482 CrPC (Quashing),7,18,69,0,1,1,1,1,0,1,1,1,0.7159,1,122,0,0,1,1,1,1,1,0.7236,224,4.5711,76.62,1,1,1,533944.69,0.0719,1,9,0.1884,0.0818,3,1,1,0,0
NCRB-SYNTH-108350,Supreme Court,Sec 482 CrPC (Quashing),2,3,48,1,0,1,1,1,1,1,1,1,0.6051,1,214,1,0,1,1,1,1,1,0.7984,265,7.1518,46.25,1,1,1,717981.93,0.0223,1,6,0.1419,0.0729,3,1,1,1,0
NCRB-SYNTH-108369,High Court,Sec 482 CrPC (Quashing),1,13,60,1,1,1,1,1,0,1,1,1,0.8399,1,172,1,1,1,1,1,1,1,0.6111,492,10.2065,48.76,1,1,1,755636.47,0.0107,1,3,0.5085,0.3668,1,1,1,1,1
NCRB-SYNTH-108375,Trial Court,Sec 482 CrPC (Quashing),1,11,49,1,0,1,1,1,0,1,1,1,0.8803,1,262,1,1,1,1,1,1,1,0.9927,392,13.861,46.68,1,1,1,1869382.66,0.0364,1,33,0.2618,0.0742,4,1,1,1,1
NCRB-SYNTH-108379,High Court,Writ Petition (Detention),1,15,72,1,1,1,1,1,0,1,1,1,0.9507,1,226,1,1,1,1,1,1,1,0.715,267,8.7849,43.21,1,1,1,1639060.96,0.1361,1,3,0.7424,0.5355,1,1,1,1,1
NCRB-SYNTH-108383,High Court,Sec 482 CrPC (Quashing),4,18,15,0,0,1,1,1,1,1,1,1,0.5809,1,253,1,1,1,1,1,1,1,0.5238,146,4.9405,31.31,1,1,1,385885.19,0.1891,1,3,0.9001,0.6493,1,1,1,1,0
NCRB-SYNTH-108389,Supreme Court,Trial Judgment,1,14,47,1,0,1,1,1,1,1,1,1,0.4105,1,194,1,0,1,1,1,1,1,0.8642,344,5.7498,83.87,1,1,1,1913059.99,0.1463,1,1,0.508,0.7329,1,1,1,1,0
NCRB-SYNTH-108391,Supreme Court,Sec 439 CrPC (Regular Bail),2,7,41,1,0,1,1,1,0,1,1,1,0.423,1,178,1,0,1,1,1,1,1,0.8116,311,8.7332,70.65,1,1,1,203844.57,0.0927,1,1,0.8499,1.2262,1,1,1,1,0
NCRB-SYNTH-108397,High Court,Sec 439 CrPC (Regular Bail),1,14,15,1,0,1,1,1,1,1,1,1,0.6327,1,202,1,0,1,1,1,1,1,0.6315,196,10.1692,69.92,1,1,1,71377.74,0.1526,1,8,0.1841,0.0838,3,1,1,1,0
NCRB-SYNTH-108403,High Court,Sec 439 CrPC (Regular Bail),1,8,63,1,1,1,1,1,0,1,1,1,0.5902,1,284,1,1,1,1,1,1,1,0.7325,264,8.7943,49.36,1,1,1,1563539.9,0.1255,1,6,0.2264,0.1164,3,1,1,1,0
NCRB-SYNTH-108418,High Court,Sec 439 CrPC (Regular Bail),4,15,60,1,1,1,1,1,0,1,1,1,0.8908,1,157,1,1,1,1,1,1,1,0.5932,186,8.0474,54.79,1,1,1,456531.09,0.0688,1,5,0.1707,0.0953,3,1,1,1,1
NCRB-SYNTH-108421,High Court,Trial Judgment,2,22,43,1,0,1,1,1,0,1,1,1,0.5191,1,274,1,1,1,1,1,1,1,0.481,405,6.1125,88.19,1,1,1,721768.47,0.0296,1,13,0.2681,0.1016,4,1,1,1,0
NCRB-SYNTH-108432,High Court,Sec 439 CrPC (Regular Bail),2,8,18,1,0,1,1,1,0,1,1,1,0.5911,1,157,1,1,1,1,1,1,1,0.836,119,5.6828,47.17,1,1,1,1579844.19,0.1255,1,10,0.1349,0.0562,3,1,1,1,0
NCRB-SYNTH-108439,High Court,Writ Petition (Detention),1,16,14,1,0,1,1,1,0,1,1,1,0.8252,1,264,1,1,1,1,1,1,1,0.5772,445,5.6103,26.74,1,1,1,1286341.96,0.1639,1,2,0.9127,0.8308,1,1,1,1,1
NCRB-SYNTH-108443,Trial Court,Sec 439 CrPC (Regular Bail),21,11,70,0,1,1,1,1,0,1,1,1,0.7016,1,231,1,1,1,1,1,1,1,0.6435,436,7.8558,62.76,1,1,1,1494002.1,0.0718,1,22,0.137,0.0437,4,1,1,1,1
NCRB-SYNTH-108446,High Court,Trial Judgment,1,9,15,0,1,1,1,1,0,1,1,1,0.8137,1,262,0,0,1,1,1,1,1,0.3821,369,11.8373,24.7,1,1,1,491215.99,0.0773,1,6,0.2366,0.1216,3,1,1,1,0
NCRB-SYNTH-108447,High Court,Sec 482 CrPC (Quashing),1,17,59,1,0,1,1,1,1,1,1,1,0.7772,1,172,1,1,1,1,1,1,1,0.6632,167,12.4581,57.19,1,1,1,2156695.27,0.0891,1,5,0.2157,0.1204,3,1,1,1,1
NCRB-SYNTH-108451,High Court,Sec 439 CrPC (Regular Bail),7,11,41,1,1,1,1,1,0,1,1,1,0.5309,1,214,1,1,1,1,1,1,1,0.6502,279,13.5263,25.73,1,1,1,382765.09,0.1407,1,31,0.1887,0.0545,4,1,1,0,0
NCRB-SYNTH-108453,High Court,Sec 482 CrPC (Quashing),2,17,28,1,0,1,1,1,0,1,1,1,0.8977,1,273,1,1,1,1,1,1,1,0.9391,277,5.8804,66.33,1,1,1,1750675.66,0.1334,1,7,0.2243,0.1079,3,1,1,1,1
NCRB-SYNTH-108457,High Court,Sec 482 CrPC (Quashing),4,11,67,1,0,1,1,1,0,1,1,1,0.9355,1,259,1,1,1,1,1,1,1,0.7643,104,5.0866,18.84,1,1,1,1346916.99,0.165,1,5,0.0686,0.0383,3,1,1,1,1
NCRB-SYNTH-108478,High Court,Sec 439 CrPC (Regular Bail),2,24,57,1,0,1,1,1,1,1,1,1,0.8376,1,215,1,1,1,1,1,1,1,0.664,327,13.5437,43.16,1,1,1,1707505.34,0.0852,1,43,0.2374,0.0627,4,1,1,1,1
NCRB-SYNTH-108479,Supreme Court,Sec 482 CrPC (Quashing),1,25,26,1,0,1,1,1,1,1,1,1,0.8182,1,128,1,1,1,1,1,1,1,0.7397,136,9.3189,42.1,1,1,1,1484890.39,0.0544,1,5,0.1479,0.0825,3,1,1,0,1
NCRB-SYNTH-108498,Trial Court,Sec 482 CrPC (Quashing),1,21,69,1,0,1,1,1,1,1,1,1,0.5856,1,260,1,0,1,1,1,1,1,0.7911,258,10.3987,65.98,1,1,1,2233395.5,0.0852,1,19,0.2189,0.0731,4,1,1,1,0
NCRB-SYNTH-108508,High Court,Sec 482 CrPC (Quashing),7,25,19,1,0,1,1,1,0,1,1,1,0.7238,1,235,1,1,1,1,1,1,1,0.5339,404,10.5368,32.01,1,1,1,1464456.49,0.0958,1,33,0.2028,0.0575,4,1,1,1,1
NCRB-SYNTH-108512,High Court,Trial Judgment,4,8,59,1,0,1,1,1,1,1,1,1,0.9647,1,180,0,0,1,1,1,1,1,0.8786,103,5.7893,53.89,1,1,1,2349999.48,0.048,1,8,0.1498,0.0682,3,1,1,1,0
NCRB-SYNTH-108514,High Court,Writ Petition (Detention),1,10,47,1,0,1,1,1,0,1,1,1,0.5089,1,183,0,0,1,1,1,1,1,0.5315,362,12.7303,52.7,1,1,1,1230120.49,0.1416,1,2,0.7407,0.6742,1,1,1,1,0
NCRB-SYNTH-108529,High Court,Sec 439 CrPC (Regular Bail),1,3,49,0,0,1,1,1,0,1,1,1,0.563,1,143,0,1,1,1,1,1,1,0.8803,335,10.2004,41.67,1,1,1,1158536.41,0.0486,1,3,0.7036,0.5075,1,1,1,1,0
NCRB-SYNTH-108530,High Court,Sec 482 CrPC (Quashing),2,20,12,1,0,1,1,1,1,1,1,1,0.7838,1,292,1,0,1,1,1,1,1,0.7255,140,10.2056,17.76,1,1,1,1005851.84,0.0323,1,5,0.1468,0.0819,3,1,1,1,1
NCRB-SYNTH-108533,High Court,Sec 439 CrPC (Regular Bail),7,4,40,1,1,1,1,1,0,1,1,1,0.6566,1,289,1,1,1,1,1,1,1,0.6372,400,12.4053,22.52,1,1,1,1888097.02,0.0521,1,35,0.1019,0.0284,4,1,1,1,1
NCRB-SYNTH-108541,Supreme Court,Trial Judgment,2,3,25,1,0,1,1,1,0,1,1,1,0.4719,1,129,1,0,1,1,1,1,1,0.7457,133,12.5481,85.3,1,1,1,242687.07,0.0021,1,29,0.1082,0.0318,4,1,1,1,0
NCRB-SYNTH-108542,Trial Court,Sec 482 CrPC (Quashing),1,23,37,1,0,1,1,1,1,1,1,1,0.7777,1,291,1,1,1,1,1,1,1,0.5973,426,5.8061,19.95,1,1,1,364196.98,0.1878,1,1,0.8864,1.2788,1,1,1,1,1
NCRB-SYNTH-108544,High Court,Sec 482 CrPC (Quashing),1,16,54,1,0,1,1,1,0,1,1,1,0.6488,1,183,1,1,1,1,1,1,1,0.6285,299,7.2803,25.65,1,1,1,1842829.63,0.1959,1,16,0.2767,0.0977,4,1,1,1,0
NCRB-SYNTH-108553,Trial Court,Sec 482 CrPC (Quashing),1,20,46,1,0,1,1,1,0,1,1,1,0.7477,1,201,1,1,1,1,1,1,1,0.8085,401,11.714,49.44,1,1,1,1277883.08,0.0875,1,1,0.6752,0.974,1,1,1,1,1
NCRB-SYNTH-108556,Trial Court,Sec 439 CrPC (Regular Bail),4,20,52,1,1,1,1,1,0,1,1,1,0.5814,1,266,1,1,1,1,1,1,1,0.568,384,12.8256,26.04,1,1,1,1949058.59,0.101,1,28,0.1015,0.0301,4,1,1,1,0
NCRB-SYNTH-108558,High Court,Sec 482 CrPC (Quashing),4,12,37,1,0,1,1,1,1,1,1,1,0.9252,1,272,1,1,1,1,1,1,1,0.7782,180,12.7222,30.72,1,1,1,509846.51,0.1331,1,1,0.7513,1.0839,1,1,1,1,1
NCRB-SYNTH-108563,High Court,Sec 482 CrPC (Quashing),1,20,69,1,1,1,1,1,1,1,1,1,0.507,1,164,1,1,1,1,1,1,1,0.7767,316,8.1286,86.71,1,1,1,485142.07,0.1772,1,9,0.1293,0.0561,3,1,1,0,0
NCRB-SYNTH-108577,High Court,Sec 482 CrPC (Quashing),1,3,73,1,0,1,1,1,0,1,1,1,0.8111,1,147,1,0,1,1,1,1,1,0.4996,438,11.1996,37.28,1,1,1,1218911.66,0.0564,1,5,0.2002,0.1117,3,1,1,1,1
NCRB-SYNTH-108590,Supreme Court,Sec 482 CrPC (Quashing),1,3,69,1,0,1,1,1,0,1,1,1,0.4445,1,255,1,1,1,1,1,1,1,0.7311,269,8.6651,45.98,1,1,1,118463.9,0.0105,1,4,0.1261,0.0783,3,1,1,0,0
NCRB-SYNTH-108600,High Court,Writ Petition (Detention),1,23,45,1,0,1,1,1,1,1,1,1,0.6216,1,179,1,0,1,1,1,1,1,0.7865,405,10.375,40.66,1,1,1,760777.33,0.19,1,11,0.2332,0.0939,3,1,1,1,0
NCRB-SYNTH-108607,High Court,Sec 439 CrPC (Regular Bail),1,24,56,1,0,1,1,1,1,1,1,1,0.535,1,181,1,1,1,1,1,1,1,0.8635,380,11.7015,48.7,1,1,1,2040055.06,0.1263,1,5,0.2407,0.1343,3,1,1,1,0
NCRB-SYNTH-108609,High Court,Sec 439 CrPC (Regular Bail),1,15,47,1,0,1,1,1,0,1,1,1,0.4069,1,279,1,1,1,1,1,1,1,0.6916,227,8.6798,46.84,1,1,1,972590.33,0.1619,1,5,0.0544,0.0304,3,1,1,1,0
NCRB-SYNTH-108626,High Court,Sec 439 CrPC (Regular Bail),1,15,74,1,1,1,1,1,0,1,1,1,0.6878,1,232,1,1,1,1,1,1,1,0.4957,319,12.6445,37.68,1,1,1,306327.23,0.1978,1,42,0.1189,0.0316,4,1,1,1,1
NCRB-SYNTH-108630,High Court,Sec 439 CrPC (Regular Bail),1,4,43,1,1,1,1,1,0,1,1,1,0.9031,1,292,1,1,1,1,1,1,1,0.7397,137,4.1091,74.6,1,1,1,1760743.46,0.0636,1,7,0.2257,0.1086,3,1,1,1,1
NCRB-SYNTH-108631,High Court,Sec 439 CrPC (Regular Bail),1,14,31,1,0,1,1,1,0,1,1,1,0.7798,1,166,1,1,1,1,1,1,1,0.6049,336,7.4846,36.58,1,1,1,2264144.19,0.198,1,6,0.0567,0.0292,3,1,1,1,1
NCRB-SYNTH-108639,High Court,Sec 439 CrPC (Regular Bail),1,16,60,1,0,1,1,1,0,1,1,1,0.4226,1,139,1,1,1,1,1,1,1,0.5874,245,7.3447,17.29,1,1,1,1851895.0,0.0449,1,35,0.1186,0.0331,4,1,1,0,0
NCRB-SYNTH-108640,Supreme Court,Sec 439 CrPC (Regular Bail),4,19,54,1,0,1,1,1,0,1,1,1,0.4766,1,221,0,0,1,1,1,1,1,0.4276,189,4.4521,70.11,1,1,1,1049462.84,0.1138,1,10,0.1449,0.0604,3,1,1,1,0
NCRB-SYNTH-108654,High Court,Sec 439 CrPC (Regular Bail),2,23,11,1,0,1,1,1,0,1,1,1,0.4144,1,297,0,0,1,1,1,1,1,0.7236,286,3.6058,39.55,1,1,1,753594.12,0.1349,1,43,0.2718,0.0718,4,1,1,1,0
NCRB-SYNTH-108665,Supreme Court,Sec 439 CrPC (Regular Bail),2,6,67,0,0,1,1,1,1,1,1,1,0.4322,1,159,1,1,1,1,1,1,1,0.6702,253,11.5933,48.84,1,1,1,2306754.33,0.1094,1,6,0.0844,0.0434,3,1,1,1,0
NCRB-SYNTH-108666,Supreme Court,Sec 439 CrPC (Regular Bail),1,21,21,1,0,1,1,1,0,1,1,1,0.868,1,207,1,1,1,1,1,1,1,0.541,110,10.773,16.07,1,1,1,477000.87,0.1442,1,10,0.1381,0.0576,3,1,1,1,1
NCRB-SYNTH-108684,Trial Court,Sec 482 CrPC (Quashing),1,23,36,1,1,1,1,1,0,1,1,1,0.5801,1,209,1,0,1,1,1,1,1,0.7741,332,10.6207,76.3,1,1,1,354904.47,0.0252,1,1,0.6158,0.8884,1,1,1,1,0
NCRB-SYNTH-108686,High Court,Sec 482 CrPC (Quashing),7,21,47,0,0,1,1,1,0,1,1,1,0.8608,1,140,0,0,1,1,1,1,1,0.8876,430,11.0206,57.27,1,1,1,93112.24,0.0336,1,8,0.1563,0.0711,3,1,1,0,0
NCRB-SYNTH-108692,High Court,Sec 482 CrPC (Quashing),1,7,29,1,1,1,1,1,0,1,1,1,0.3982,1,219,0,0,1,1,1,1,1,0.8676,347,13.6545,39.97,1,1,1,1793596.93,0.0991,1,7,0.1335,0.0642,3,1,1,1,0
NCRB-SYNTH-108696,Supreme Court,Sec 439 CrPC (Regular Bail),4,20,52,1,0,1,1,1,0,1,1,1,0.9346,1,134,1,1,1,1,1,1,1,0.7042,253,10.4528,59.98,1,1,1,948534.04,0.0483,1,5,0.1651,0.0921,3,1,1,0,1
NCRB-SYNTH-108698,Supreme Court,Sec 482 CrPC (Quashing),2,23,41,1,0,1,1,1,0,1,1,1,0.5405,1,230,0,0,1,1,1,1,1,0.7497,387,10.1057,80.07,1,1,1,774358.72,0.1466,1,29,0.1112,0.0327,4,1,1,1,0
NCRB-SYNTH-108700,High Court,Sec 439 CrPC (Regular Bail),7,25,32,1,1,1,1,1,1,1,1,1,0.6372,1,287,1,1,1,1,1,1,1,0.7008,317,3.3052,59.6,1,1,1,979443.93,0.1615,1,3,0.9158,0.6606,1,1,1,1,0
NCRB-SYNTH-108713,High Court,Sec 439 CrPC (Regular Bail),1,8,50,1,0,1,1,1,1,1,1,1,0.4626,1,233,1,0,1,1,1,1,1,0.6597,410,13.2443,49.5,1,1,1,476585.25,0.139,1,17,0.2248,0.0778,4,1,1,1,0
NCRB-SYNTH-108718,High Court,Sec 439 CrPC (Regular Bail),1,24,11,0,1,1,1,1,0,1,1,1,0.8363,1,268,1,1,1,1,1,1,1,0.8605,361,12.891,21.2,1,1,1,1016566.59,0.0882,1,6,0.0745,0.0383,3,1,1,1,1
NCRB-SYNTH-108740,Supreme Court,Writ Petition (Detention),2,10,71,1,0,1,1,1,0,1,1,1,0.6958,1,145,0,1,1,1,1,1,1,0.6703,196,3.7335,86.45,1,1,1,1942341.27,0.063,1,6,0.1216,0.0625,3,1,1,1,0
NCRB-SYNTH-108741,Supreme Court,Sec 439 CrPC (Regular Bail),1,19,62,1,0,1,1,1,1,1,1,1,0.7443,1,244,0,1,1,1,1,1,1,0.5117,139,9.9525,82.93,1,1,1,397899.89,0.1231,1,8,0.0857,0.039,3,1,1,1,0
NCRB-SYNTH-108751,High Court,Sec 439 CrPC (Regular Bail),1,14,66,1,0,1,1,1,0,1,1,1,0.6319,1,140,1,1,1,1,1,1,1,0.7451,225,4.3851,33.11,1,1,1,1330476.53,0.0108,1,5,0.0941,0.0525,3,1,1,0,0
NCRB-SYNTH-108762,Trial Court,Sec 482 CrPC (Quashing),1,15,57,1,0,1,1,1,0,1,1,1,0.8868,1,167,0,1,1,1,1,1,1,0.6388,402,4.3244,82.42,1,1,1,829184.63,0.1488,1,11,0.1393,0.0561,3,1,1,1,0
NCRB-SYNTH-108773,High Court,Sec 439 CrPC (Regular Bail),1,10,15,1,0,1,1,1,1,1,1,1,0.5473,1,186,1,1,1,1,1,1,1,0.6684,328,11.4706,78.31,1,1,1,801178.73,0.0336,1,15,0.1073,0.0387,4,1,1,1,0
NCRB-SYNTH-108784,Trial Court,Sec 439 CrPC (Regular Bail),27,5,25,1,1,1,1,1,1,1,1,1,0.4042,1,265,0,0,1,1,1,1,1,0.5424,355,7.2489,42.84,1,1,1,1700286.31,0.0659,1,31,0.0954,0.0275,4,1,1,1,0
NCRB-SYNTH-108785,Supreme Court,Sec 482 CrPC (Quashing),1,22,20,1,0,1,1,1,1,1,1,1,0.7678,1,128,1,0,1,1,1,1,1,0.7373,353,7.7225,62.49,1,1,1,179857.63,0.0329,1,30,0.1175,0.0342,4,1,1,0,1
NCRB-SYNTH-108790,High Court,Sec 439 CrPC (Regular Bail),1,23,55,1,0,1,1,1,0,1,1,1,0.8839,1,126,1,1,1,1,1,1,1,0.632,426,9.4178,60.43,1,1,1,2032715.41,0.1233,1,10,0.1677,0.07,3,1,1,0,1
NCRB-SYNTH-108805,High Court,Sec 439 CrPC (Regular Bail),1,3,66,1,1,1,1,1,0,1,1,1,0.9369,1,130,1,1,1,1,1,1,1,0.5808,185,13.2298,48.14,1,1,1,1973370.44,0.1815,1,8,0.0523,0.0238,3,1,1,0,1
NCRB-SYNTH-108815,High Court,Sec 439 CrPC (Regular Bail),2,8,76,1,0,1,1,1,0,1,1,1,0.4394,1,249,0,0,1,1,1,1,1,0.6801,357,9.0747,41.37,1,1,1,1036947.69,0.121,1,7,0.1704,0.0819,3,1,1,1,0
NCRB-SYNTH-108817,High Court,Sec 439 CrPC (Regular Bail),4,19,16,1,1,1,1,1,1,1,1,1,0.7622,1,217,0,0,1,1,1,1,1,0.805,389,3.5706,43.95,1,1,1,1444018.4,0.1453,1,26,0.152,0.0461,4,1,1,1,0
NCRB-SYNTH-108819,High Court,Sec 439 CrPC (Regular Bail),1,14,61,0,1,1,1,1,1,1,1,1,0.6536,1,214,1,1,1,1,1,1,1,0.692,332,8.8304,61.36,1,1,1,768328.36,0.0879,1,11,0.1294,0.0521,3,1,1,1,1
NCRB-SYNTH-108827,High Court,Sec 439 CrPC (Regular Bail),1,14,61,1,0,1,1,1,1,1,1,1,0.7858,1,210,1,1,1,1,1,1,1,0.7359,231,7.4628,50.48,1,1,1,1195601.27,0.0261,1,7,0.1189,0.0572,3,1,1,1,1
NCRB-SYNTH-108838,High Court,Trial Judgment,7,12,39,1,0,1,1,1,1,1,1,1,0.5474,1,230,1,1,1,1,1,1,1,0.6205,302,12.017,66.47,1,1,1,1011764.43,0.0457,1,2,0.4741,0.4315,1,1,1,1,0
NCRB-SYNTH-108841,High Court,Sec 482 CrPC (Quashing),1,13,64,1,1,1,1,1,0,1,1,1,0.7663,1,140,1,1,1,1,1,1,1,0.775,192,9.6165,88.9,1,1,1,2132514.22,0.1147,1,12,0.2362,0.0921,4,1,1,1,1
NCRB-SYNTH-108848,High Court,Sec 482 CrPC (Quashing),4,23,31,1,1,1,1,1,0,1,1,1,0.5778,1,286,1,1,1,1,1,1,1,0.7451,107,6.015,69.51,1,1,1,2235078.74,0.139,1,4,0.0679,0.0422,3,1,1,1,0
NCRB-SYNTH-108854,Trial Court,Sec 482 CrPC (Quashing),21,19,13,1,1,1,1,1,0,1,1,1,0.8903,1,294,1,1,1,1,1,1,1,0.691,230,4.1934,65.92,1,1,1,1126106.29,0.1096,1,9,0.1539,0.0668,3,1,1,1,1
NCRB-SYNTH-108859,Trial Court,Sec 439 CrPC (Regular Bail),4,22,14,1,1,1,1,1,0,1,1,1,0.376,1,273,1,1,1,1,1,1,1,0.4667,449,12.0801,36.12,1,1,1,2250884.58,0.1249,1,42,0.24,0.0638,4,1,1,1,0
NCRB-SYNTH-108860,High Court,Sec 482 CrPC (Quashing),15,22,31,1,0,1,1,1,1,1,1,1,0.5034,1,250,0,0,1,1,1,1,1,0.7939,331,3.7535,84.15,1,1,1,1418980.26,0.1042,1,44,0.2507,0.0659,4,1,1,1,0
NCRB-SYNTH-108864,High Court,Sec 439 CrPC (Regular Bail),21,24,77,1,1,1,1,1,0,1,1,1,0.862,1,224,1,0,1,1,1,1,1,0.4734,486,6.9591,86.9,1,1,1,2369070.2,0.0834,1,5,0.1633,0.0911,3,1,1,1,1
NCRB-SYNTH-108866,High Court,Sec 439 CrPC (Regular Bail),1,8,13,1,1,1,1,1,0,1,1,1,0.6932,1,204,0,0,1,1,1,1,1,0.917,192,11.424,24.85,1,1,1,606590.02,0.0181,1,2,0.8705,0.7923,1,1,1,1,0
NCRB-SYNTH-108868,Supreme Court,Sec 439 CrPC (Regular Bail),7,7,52,1,0,1,1,1,0,1,1,1,0.5245,1,214,0,0,1,1,1,1,1,0.7676,353,10.503,80.31,1,1,1,1581681.46,0.0786,1,38,0.1059,0.0289,4,1,1,1,0
NCRB-SYNTH-108869,High Court,Sec 482 CrPC (Quashing),2,11,24,1,0,1,1,1,0,1,1,1,0.6574,1,204,1,1,1,1,1,1,1,0.5665,341,9.7245,67.15,1,1,1,615155.16,0.1844,1,11,0.0909,0.0366,3,1,1,1,1
NCRB-SYNTH-108873,High Court,Sec 482 CrPC (Quashing),1,12,25,1,0,1,1,1,1,1,1,1,0.4239,1,278,0,0,1,1,1,1,1,0.8828,386,6.8623,69.15,1,1,1,743648.91,0.0735,1,32,0.1306,0.0374,4,1,1,1,0
NCRB-SYNTH-108881,High Court,Writ Petition (Detention),2,19,67,0,0,1,1,1,1,1,1,1,0.5026,1,236,1,1,1,1,1,1,1,0.6746,162,11.3102,86.11,1,1,1,500488.55,0.0301,1,3,0.9163,0.661,1,1,1,1,0
NCRB-SYNTH-108886,Supreme Court,Sec 482 CrPC (Quashing),2,6,42,1,1,1,1,1,0,1,1,1,0.5187,1,171,1,1,1,1,1,1,1,0.8303,106,4.8793,82.85,1,1,1,1998385.1,0.0734,1,33,0.1599,0.0453,4,1,1,0,0
NCRB-SYNTH-108888,High Court,Sec 439 CrPC (Regular Bail),1,22,74,1,0,1,1,1,0,1,1,1,0.5848,1,181,1,1,1,1,1,1,1,0.5095,104,3.6781,35.16,1,1,1,2269238.65,0.0581,1,9,0.1068,0.0464,3,1,1,1,0
NCRB-SYNTH-108898,Trial Court,Sec 439 CrPC (Regular Bail),4,21,34,1,0,1,1,1,0,1,1,1,0.508,1,263,0,0,1,1,1,1,1,0.8109,384,10.6495,89.59,1,1,1,338363.11,0.1212,1,10,0.0833,0.0347,3,1,1,1,0
NCRB-SYNTH-108905,High Court,Sec 482 CrPC (Quashing),1,13,46,1,0,1,1,1,0,1,1,1,0.931,1,188,1,0,1,1,1,1,1,0.5524,469,11.948,42.57,1,1,1,1288780.35,0.1176,1,7,0.1058,0.0509,3,1,1,1,1
NCRB-SYNTH-108906,High Court,Sec 439 CrPC (Regular Bail),1,12,27,1,0,1,1,1,1,1,1,1,0.8357,1,288,1,1,1,1,1,1,1,0.7141,126,10.0277,60.23,1,1,1,1080111.58,0.094,1,3,0.8799,0.6347,1,1,1,1,1
NCRB-SYNTH-108907,Supreme Court,Sec 439 CrPC (Regular Bail),1,20,34,1,0,1,1,1,0,1,1,1,0.4844,1,174,1,1,1,1,1,1,1,0.5833,138,12.4768,50.36,1,1,1,418082.12,0.0982,1,1,0.9118,1.3155,1,1,1,0,0
NCRB-SYNTH-108908,Supreme Court,Writ Petition (Detention),2,11,24,1,0,1,1,1,0,1,1,1,0.8267,1,250,1,1,1,1,1,1,1,0.4366,309,13.6323,43.62,1,1,1,485216.26,0.0632,1,9,0.1202,0.0522,3,1,1,1,1
NCRB-SYNTH-108909,High Court,Sec 439 CrPC (Regular Bail),1,12,77,1,0,1,1,1,1,1,1,1,0.6697,1,229,1,1,1,1,1,1,1,0.7284,169,7.5735,68.05,1,1,1,898579.56,0.0426,1,11,0.2379,0.0958,3,1,1,1,1
NCRB-SYNTH-108920,High Court,Writ Petition (Detention),21,15,44,0,0,1,1,1,0,1,1,1,0.7736,1,136,1,0,1,1,1,1,1,0.739,298,13.4818,39.42,1,1,1,863370.69,0.1612,1,44,0.2469,0.0648,4,1,1,1,1
NCRB-SYNTH-108923,Trial Court,Sec 439 CrPC (Regular Bail),2,12,77,1,0,1,1,1,1,1,1,1,0.6788,1,121,1,1,1,1,1,1,1,0.6837,416,11.0577,65.7,1,1,1,1184996.6,0.098,1,8,0.12,0.0546,3,1,1,0,1
NCRB-SYNTH-108926,High Court,Sec 439 CrPC (Regular Bail),2,24,51,1,1,1,1,1,1,1,1,1,0.6604,1,225,1,1,1,1,1,1,1,0.8671,104,10.587,67.44,1,1,1,1454808.22,0.0787,1,8,0.0739,0.0336,3,1,1,1,1
NCRB-SYNTH-108927,High Court,Sec 482 CrPC (Quashing),4,18,21,1,0,1,1,1,0,1,1,1,0.7159,1,159,1,1,1,1,1,1,1,0.7662,269,12.0108,87.86,1,1,1,1479079.09,0.1976,1,15,0.1502,0.0542,4,1,1,1,1
NCRB-SYNTH-108934,High Court,Sec 439 CrPC (Regular Bail),4,5,31,1,0,1,1,1,1,1,1,1,0.6346,1,129,0,0,1,1,1,1,1,0.7051,499,9.6259,32.45,1,1,1,1850784.6,0.1701,1,8,0.1365,0.0621,3,1,1,0,0
NCRB-SYNTH-108935,High Court,Sec 482 CrPC (Quashing),21,8,45,1,0,1,1,1,0,1,1,1,0.683,1,175,1,1,1,1,1,1,1,0.7319,212,11.2962,77.11,1,1,1,896766.59,0.058,1,7,0.1868,0.0898,3,1,1,1,1
NCRB-SYNTH-108936,Supreme Court,Sec 439 CrPC (Regular Bail),1,14,43,1,0,1,1,1,1,1,1,1,0.7062,1,241,1,1,1,1,1,1,1,0.6126,441,8.2719,26.34,1,1,1,1501732.88,0.1854,1,42,0.1761,0.0468,4,1,1,1,1
NCRB-SYNTH-108950,High Court,Sec 439 CrPC (Regular Bail),7,9,34,1,0,1,1,1,0,1,1,1,0.7214,1,293,1,1,1,1,1,1,1,0.6287,368,6.6187,74.24,1,1,1,808985.28,0.1449,1,2,0.8568,0.7799,1,1,1,1,1
NCRB-SYNTH-108954,Trial Court,Sec 439 CrPC (Regular Bail),7,4,48,1,0,1,1,1,1,1,1,1,0.8,1,278,0,0,1,1,1,1,1,0.9248,197,12.0156,49.9,1,1,1,1624139.93,0.0378,1,4,0.1396,0.0867,3,1,1,1,0
NCRB-SYNTH-108957,High Court,Sec 482 CrPC (Quashing),1,17,68,1,1,1,1,1,0,1,1,1,0.5796,1,238,0,1,1,1,1,1,1,0.7712,484,12.2609,49.2,1,1,1,484653.17,0.1519,1,37,0.2615,0.0719,4,1,1,1,0
NCRB-SYNTH-108959,Supreme Court,Sec 482 CrPC (Quashing),7,23,59,1,0,1,1,1,1,1,1,1,0.5132,1,192,1,1,1,1,1,1,1,0.5437,254,8.3559,66.44,1,1,1,1553630.85,0.1905,1,44,0.1069,0.0281,4,1,1,1,0
NCRB-SYNTH-108965,Supreme Court,Sec 439 CrPC (Regular Bail),2,10,70,0,0,1,1,1,0,1,1,1,0.9154,1,187,1,1,1,1,1,1,1,0.5479,235,3.5747,34.3,1,1,1,2291924.48,0.1789,1,4,0.2127,0.1321,3,1,1,1,1
NCRB-SYNTH-108966,High Court,Trial Judgment,2,21,42,1,0,1,1,1,0,1,1,1,0.9072,1,210,1,0,1,1,1,1,1,0.7657,129,12.2362,36.07,1,1,1,1414960.21,0.0923,1,9,0.1269,0.0551,3,1,1,0,1
NCRB-SYNTH-108967,Supreme Court,Sec 439 CrPC (Regular Bail),4,23,16,1,0,1,1,1,0,1,1,1,0.892,1,257,0,1,1,1,1,1,1,0.5952,393,5.8808,20.67,1,1,1,172946.26,0.0032,1,45,0.2869,0.0749,4,1,1,1,0
NCRB-SYNTH-108969,High Court,Sec 482 CrPC (Quashing),2,23,28,1,0,1,1,1,0,1,1,1,0.5819,1,229,0,0,1,1,1,1,1,0.6082,185,7.4111,34.31,1,1,1,1640170.54,0.0453,1,5,0.2384,0.1331,3,1,1,1,0
NCRB-SYNTH-108972,Trial Court,Sec 439 CrPC (Regular Bail),2,18,29,1,1,1,1,1,0,1,1,1,0.7319,1,172,1,1,1,1,1,1,1,0.4648,131,7.2423,57.7,1,1,1,1646479.35,0.1269,1,12,0.2577,0.1005,4,1,1,1,1
NCRB-SYNTH-108976,High Court,Sec 439 CrPC (Regular Bail),1,14,14,1,0,1,1,1,0,1,1,1,0.544,1,292,1,1,1,1,1,1,1,0.7323,237,4.6149,45.31,1,1,1,442938.46,0.175,1,2,0.6716,0.6113,1,1,1,1,0
NCRB-SYNTH-108979,High Court,Sec 482 CrPC (Quashing),21,14,16,1,0,1,1,1,0,1,1,1,0.4636,1,133,1,1,1,1,1,1,1,0.6145,123,3.5468,37.47,1,1,1,2311522.2,0.0847,1,2,0.5767,0.525,1,1,1,1,0
NCRB-SYNTH-108982,High Court,Sec 439 CrPC (Regular Bail),1,25,29,1,0,1,1,1,0,1,1,1,0.4308,1,282,1,1,1,1,1,1,1,0.5898,391,11.2077,47.44,1,1,1,1255326.51,0.1315,1,6,0.1791,0.0921,3,1,1,1,0
NCRB-SYNTH-108983,High Court,Sec 482 CrPC (Quashing),1,15,56,1,1,1,1,1,1,1,1,1,0.6171,1,246,0,0,1,1,1,1,1,0.6343,189,10.3057,25.94,1,1,1,1485478.69,0.0746,1,3,0.8035,0.5796,1,1,1,1,0
NCRB-SYNTH-108984,High Court,Sec 482 CrPC (Quashing),2,8,16,1,1,1,1,1,0,1,1,1,0.6782,1,125,1,1,1,1,1,1,1,0.7564,463,12.2638,77.53,1,1,1,1145605.63,0.168,1,3,0.7037,0.5076,1,1,1,0,1
NCRB-SYNTH-108986,High Court,Sec 482 CrPC (Quashing),15,4,73,1,0,1,1,1,1,1,1,1,0.7073,1,281,1,1,1,1,1,1,1,0.6749,257,9.6224,60.67,1,1,1,313120.22,0.1179,1,3,0.8854,0.6387,1,1,1,1,1
NCRB-SYNTH-108990,High Court,Sec 439 CrPC (Regular Bail),1,16,75,1,0,1,1,1,1,1,1,1,0.8961,1,231,1,1,1,1,1,1,1,0.7363,343,3.6853,15.18,1,1,1,1261967.17,0.0976,1,27,0.212,0.0636,4,1,1,1,1
NCRB-SYNTH-109005,High Court,Sec 439 CrPC (Regular Bail),1,18,16,1,0,1,1,1,0,1,1,1,0.4654,1,140,1,1,1,1,1,1,1,0.643,309,11.5358,23.55,1,1,1,605189.09,0.1336,1,4,0.139,0.0863,3,1,1,0,0
NCRB-SYNTH-109008,Trial Court,Sec 439 CrPC (Regular Bail),4,15,24,1,0,1,1,1,0,1,1,1,0.5781,1,125,0,0,1,1,1,1,1,0.6795,112,8.321,88.37,1,1,1,369627.87,0.0163,1,11,0.184,0.0741,3,1,1,1,0
NCRB-SYNTH-109010,High Court,Sec 482 CrPC (Quashing),1,6,43,1,1,1,1,1,1,1,1,1,0.3995,1,218,1,1,1,1,1,1,1,0.7869,287,5.0302,30.67,1,1,1,1958335.49,0.0046,1,22,0.1325,0.0423,4,1,1,1,0
NCRB-SYNTH-109020,High Court,Sec 482 CrPC (Quashing),1,12,75,1,1,1,1,1,1,1,1,1,0.4764,1,293,1,1,1,1,1,1,1,0.7092,248,3.8744,31.86,1,1,1,2164116.35,0.0152,1,2,0.6552,0.5964,1,1,1,1,0
NCRB-SYNTH-109027,Supreme Court,Sec 439 CrPC (Regular Bail),1,22,37,1,1,1,1,1,0,1,1,1,0.8603,1,161,0,0,1,1,1,1,1,0.6874,312,13.6428,49.92,1,1,1,656996.91,0.1937,1,5,0.2062,0.1151,3,1,1,1,0
NCRB-SYNTH-109048,Supreme Court,Sec 439 CrPC (Regular Bail),7,4,75,1,0,1,1,1,1,1,1,1,0.5744,1,248,1,1,1,1,1,1,1,0.5869,460,9.1306,27.0,1,1,1,677000.96,0.102,1,7,0.2328,0.112,3,1,1,1,0
NCRB-SYNTH-109055,High Court,Sec 439 CrPC (Regular Bail),1,19,20,1,0,1,1,1,1,1,1,1,0.8291,1,267,1,1,1,1,1,1,1,0.7389,335,6.4128,73.62,1,1,1,1217472.19,0.0083,1,11,0.1815,0.073,3,1,1,1,1
NCRB-SYNTH-109090,High Court,Writ Petition (Detention),27,18,79,0,0,1,1,1,1,1,1,1,0.6683,1,192,1,1,1,1,1,1,1,0.5678,435,7.415,52.13,1,1,1,1801806.3,0.1735,1,2,0.9219,0.8391,1,1,1,1,1
NCRB-SYNTH-109101,High Court,Sec 439 CrPC (Regular Bail),7,5,65,1,1,1,1,1,0,1,1,1,0.5637,1,175,1,1,1,1,1,1,1,0.6435,393,11.6209,51.61,1,1,1,60353.43,0.1241,1,9,0.22,0.0956,3,1,1,0,0
NCRB-SYNTH-109117,Trial Court,Sec 439 CrPC (Regular Bail),1,3,32,1,0,1,1,1,1,1,1,1,0.8135,1,159,1,1,1,1,1,1,1,0.7889,362,5.393,23.83,1,1,1,946550.94,0.0791,1,11,0.2118,0.0852,3,1,1,1,1
NCRB-SYNTH-109123,High Court,Sec 439 CrPC (Regular Bail),7,14,19,1,1,1,1,1,1,1,1,1,0.6305,1,243,1,1,1,1,1,1,1,0.5337,460,7.855,62.96,1,1,1,1390691.04,0.0978,1,7,0.1932,0.0929,3,1,1,1,0
NCRB-SYNTH-109128,High Court,Sec 439 CrPC (Regular Bail),15,13,33,1,0,1,1,1,0,1,1,1,0.4346,1,209,1,1,1,1,1,1,1,0.5374,480,10.317,57.52,1,1,1,828710.07,0.0944,1,3,0.8889,0.6412,1,1,1,0,0
NCRB-SYNTH-109136,Supreme Court,Sec 439 CrPC (Regular Bail),2,7,69,1,0,1,1,1,0,1,1,1,0.5453,1,266,1,1,1,1,1,1,1,0.7,132,10.2534,44.09,1,1,1,1106175.5,0.0182,1,9,0.2414,0.1049,3,1,1,1,0
NCRB-SYNTH-109137,High Court,Sec 439 CrPC (Regular Bail),1,6,21,1,0,1,1,1,1,1,1,1,0.6521,1,132,1,1,1,1,1,1,1,0.5947,123,8.2627,70.78,1,1,1,535452.95,0.1305,1,6,0.1346,0.0692,3,1,1,0,1
NCRB-SYNTH-109140,High Court,Sec 439 CrPC (Regular Bail),1,18,14,1,0,1,1,1,1,1,1,1,0.7921,1,258,1,1,1,1,1,1,1,0.5234,479,13.4297,73.63,1,1,1,545975.63,0.0592,1,1,0.9341,1.3476,1,1,1,1,1
NCRB-SYNTH-109158,Supreme Court,Sec 439 CrPC (Regular Bail),1,10,28,1,1,1,1,1,0,1,1,1,0.5604,1,180,0,0,1,1,1,1,1,0.592,161,4.9897,74.26,1,1,1,764506.36,0.054,1,42,0.2808,0.0746,4,1,1,1,0
NCRB-SYNTH-109159,High Court,Sec 482 CrPC (Quashing),2,22,46,1,1,1,1,1,0,1,1,1,0.8639,1,130,1,1,1,1,1,1,1,0.3911,424,12.4676,25.76,1,1,1,1740688.62,0.0392,1,7,0.1627,0.0782,3,1,1,0,1
NCRB-SYNTH-109162,Supreme Court,Sec 439 CrPC (Regular Bail),1,16,37,1,1,1,1,1,0,1,1,1,0.6868,1,239,1,1,1,1,1,1,1,0.9115,319,12.0611,33.35,1,1,1,168555.86,0.1148,1,1,0.6627,0.9561,1,1,1,1,1
NCRB-SYNTH-109179,High Court,Sec 439 CrPC (Regular Bail),1,8,53,1,0,1,1,1,0,1,1,1,0.4267,1,213,1,1,1,1,1,1,1,0.7601,354,3.5107,71.79,1,1,1,1381964.81,0.121,1,11,0.2041,0.0822,3,1,1,1,0
NCRB-SYNTH-109184,High Court,Sec 482 CrPC (Quashing),1,13,52,0,1,1,1,1,0,1,1,1,0.4634,1,226,0,0,1,1,1,1,1,0.6975,341,7.1909,71.28,1,1,1,2371091.03,0.1484,1,14,0.0861,0.0318,4,1,1,1,0
NCRB-SYNTH-109199,Trial Court,Sec 439 CrPC (Regular Bail),1,5,78,1,0,1,1,1,1,1,1,1,0.7497,1,199,1,1,1,1,1,1,1,0.7437,401,7.7233,34.22,1,1,1,2199803.64,0.114,1,2,0.6927,0.6305,1,1,1,1,1
NCRB-SYNTH-109200,High Court,Sec 439 CrPC (Regular Bail),1,15,29,1,0,1,1,1,1,1,1,1,0.6876,1,222,1,1,1,1,1,1,1,0.9752,454,3.9071,48.56,1,1,1,1734363.11,0.0521,1,5,0.1573,0.0878,3,1,1,0,1
NCRB-SYNTH-109203,Trial Court,Sec 439 CrPC (Regular Bail),1,19,15,1,0,1,1,1,0,1,1,1,0.5095,1,181,1,0,1,1,1,1,1,0.4257,289,7.1121,70.4,1,1,1,1341488.94,0.0704,1,6,0.168,0.0863,3,1,1,1,0
NCRB-SYNTH-109208,High Court,Sec 439 CrPC (Regular Bail),1,6,78,1,0,1,1,1,1,1,1,1,0.5832,1,152,1,1,1,1,1,1,1,0.7325,482,11.9339,34.08,1,1,1,1268770.02,0.1254,1,2,0.4938,0.4494,1,1,1,1,0
NCRB-SYNTH-109210,High Court,Sec 439 CrPC (Regular Bail),1,21,21,1,0,1,1,1,1,1,1,1,0.6142,1,192,1,1,1,1,1,1,1,0.72,134,13.1554,59.91,1,1,1,2385915.55,0.1009,1,2,0.802,0.73,1,1,1,1,0
NCRB-SYNTH-109222,Supreme Court,Sec 439 CrPC (Regular Bail),1,11,24,1,0,1,1,1,0,1,1,1,0.8814,1,246,0,0,1,1,1,1,1,0.7468,285,8.4558,74.27,1,1,1,1413162.64,0.0292,1,35,0.1732,0.0483,4,1,1,1,0
NCRB-SYNTH-109240,Supreme Court,Sec 439 CrPC (Regular Bail),2,23,76,1,1,1,1,1,0,1,1,1,0.8114,1,217,0,0,1,1,1,1,1,0.7442,451,13.7164,20.83,1,1,1,538467.63,0.1769,1,3,0.4521,0.3261,1,1,1,1,0
NCRB-SYNTH-109242,High Court,Sec 439 CrPC (Regular Bail),4,7,72,1,0,1,1,1,0,1,1,1,0.7175,1,194,1,1,1,1,1,1,1,0.5005,289,10.7788,16.85,1,1,1,1078326.32,0.1737,1,1,0.6355,0.9169,1,1,1,1,1
NCRB-SYNTH-109243,Trial Court,Sec 439 CrPC (Regular Bail),1,7,45,1,1,1,1,1,0,1,1,1,0.6446,1,190,1,1,1,1,1,1,1,0.6828,350,8.7834,40.9,1,1,1,1326027.11,0.0103,1,38,0.1627,0.0444,4,1,1,1,0
NCRB-SYNTH-109252,High Court,Sec 439 CrPC (Regular Bail),2,11,16,1,1,1,1,1,1,1,1,1,0.6891,1,151,1,0,1,1,1,1,1,0.5805,438,4.7053,75.34,1,1,1,531896.93,0.1397,1,6,0.1534,0.0788,3,1,1,1,1
NCRB-SYNTH-109263,High Court,Trial Judgment,1,9,10,1,0,1,1,1,0,1,1,1,0.6297,1,250,0,0,1,1,1,1,1,0.7889,388,10.051,69.34,1,1,1,793587.54,0.1931,1,1,0.6818,0.9836,1,1,1,0,0
NCRB-SYNTH-109264,High Court,Sec 482 CrPC (Quashing),1,5,58,0,0,1,1,1,0,1,1,1,0.4946,1,292,1,1,1,1,1,1,1,0.7259,289,12.9098,55.61,1,1,1,2423860.61,0.0056,1,9,0.2013,0.0874,3,1,1,1,0
NCRB-SYNTH-109273,Supreme Court,Sec 439 CrPC (Regular Bail),1,20,31,1,1,1,1,1,1,1,1,1,0.6384,1,150,1,0,1,1,1,1,1,0.8016,367,10.2648,55.11,1,1,1,1221156.56,0.0226,1,3,0.5454,0.3935,1,1,1,0,0
NCRB-SYNTH-109287,Supreme Court,Sec 482 CrPC (Quashing),7,19,61,1,1,1,1,1,1,1,1,1,0.4808,1,228,1,0,1,1,1,1,1,0.7975,238,6.2835,23.24,1,1,1,800341.52,0.0575,1,7,0.2419,0.1163,3,1,1,1,0
NCRB-SYNTH-109294,High Court,Sec 439 CrPC (Regular Bail),2,8,52,0,0,1,1,1,1,1,1,1,0.7114,1,139,1,0,1,1,1,1,1,0.5824,482,12.9639,79.73,1,1,1,2141053.29,0.1408,1,28,0.2997,0.089,4,1,1,1,1
NCRB-SYNTH-109315,High Court,Sec 439 CrPC (Regular Bail),2,10,48,1,0,1,1,1,1,1,1,1,0.5658,1,189,1,1,1,1,1,1,1,0.7737,272,9.4635,17.27,1,1,1,2494900.93,0.104,1,10,0.1871,0.078,3,1,1,1,0
NCRB-SYNTH-109319,High Court,Sec 439 CrPC (Regular Bail),1,19,52,1,1,1,1,1,0,1,1,1,0.7411,1,179,1,1,1,1,1,1,1,0.8847,440,13.7849,71.92,1,1,1,1905354.41,0.0624,1,7,0.0725,0.0348,3,1,1,1,1
NCRB-SYNTH-109323,High Court,Sec 439 CrPC (Regular Bail),4,22,63,1,0,1,1,1,0,1,1,1,0.4378,1,271,0,0,1,1,1,1,1,0.4842,498,4.4265,71.88,1,1,1,964040.72,0.1437,1,36,0.1344,0.0372,4,1,1,1,0
NCRB-SYNTH-109331,Trial Court,Writ Petition (Detention),1,8,30,1,0,1,1,1,0,1,1,1,0.8163,1,253,1,0,1,1,1,1,1,0.8537,449,10.1496,16.12,1,1,1,2141489.21,0.0508,1,30,0.3198,0.0931,4,1,1,1,1
NCRB-SYNTH-109337,High Court,Sec 482 CrPC (Quashing),1,25,24,0,0,1,1,1,0,1,1,1,0.4823,1,285,1,1,1,1,1,1,1,0.8102,327,6.5473,73.91,1,1,1,255556.4,0.0254,1,5,0.2415,0.1348,3,1,1,1,0
NCRB-SYNTH-109341,High Court,Sec 439 CrPC (Regular Bail),1,19,47,0,0,1,1,1,0,1,1,1,0.6331,1,247,1,1,1,1,1,1,1,0.9126,467,12.8869,47.24,1,1,1,2120775.87,0.1264,1,2,0.4839,0.4405,1,1,1,1,0
NCRB-SYNTH-109349,High Court,Sec 439 CrPC (Regular Bail),2,18,32,1,0,1,1,1,1,1,1,1,0.6455,1,189,0,1,1,1,1,1,1,0.5646,285,10.1191,51.46,1,1,1,306111.42,0.1587,1,3,0.5193,0.3746,1,1,1,0,0
NCRB-SYNTH-109360,High Court,Sec 482 CrPC (Quashing),15,10,60,1,0,1,1,1,0,1,1,1,0.6542,1,294,1,1,1,1,1,1,1,0.9288,130,12.6044,58.23,1,1,1,477189.22,0.1112,1,32,0.2273,0.065,4,1,1,0,1
NCRB-SYNTH-109370,High Court,Sec 482 CrPC (Quashing),1,5,32,0,1,1,1,1,0,1,1,1,0.4888,1,219,1,1,1,1,1,1,1,0.6726,187,4.4641,47.51,1,1,1,1037249.37,0.062,1,5,0.0712,0.0398,3,1,1,1,0
NCRB-SYNTH-109377,High Court,Sec 439 CrPC (Regular Bail),1,14,60,1,0,1,1,1,1,1,1,1,0.7702,1,228,1,0,1,1,1,1,1,0.7357,390,6.2438,21.96,1,1,1,1014959.71,0.1533,1,5,0.1651,0.0921,3,1,1,1,1
NCRB-SYNTH-109383,High Court,Writ Petition (Detention),1,8,55,1,0,1,1,1,1,1,1,1,0.4894,1,133,1,1,1,1,1,1,1,0.5954,181,13.4279,34.15,1,1,1,559682.05,0.0436,1,18,0.3006,0.1021,4,1,1,0,0
NCRB-SYNTH-109401,Supreme Court,Sec 439 CrPC (Regular Bail),1,4,70,1,0,1,1,1,0,1,1,1,0.8036,1,252,1,1,1,1,1,1,1,0.5243,443,6.7061,77.65,1,1,1,1711382.33,0.1676,1,5,0.2357,0.1316,3,1,1,1,1
NCRB-SYNTH-109403,Supreme Court,Sec 439 CrPC (Regular Bail),7,22,25,1,0,1,1,1,1,1,1,1,0.8714,1,174,1,1,1,1,1,1,1,0.7604,100,4.8507,42.0,1,1,1,436272.4,0.1107,1,4,0.1609,0.1,3,1,1,1,1
NCRB-SYNTH-109412,High Court,Sec 439 CrPC (Regular Bail),1,10,69,1,0,1,1,1,0,1,1,1,0.913,1,124,1,1,1,1,1,1,1,0.5485,465,12.2785,46.75,1,1,1,2090524.85,0.192,1,2,0.8182,0.7447,1,1,1,0,1
NCRB-SYNTH-109417,High Court,Writ Petition (Detention),1,12,41,1,1,1,1,1,0,1,1,1,0.5235,1,184,0,0,1,1,1,1,1,0.8562,481,12.1003,16.24,1,1,1,2098802.5,0.1888,1,3,0.9158,0.6606,1,1,1,1,0
NCRB-SYNTH-109423,High Court,Writ Petition (Detention),1,7,50,0,0,1,1,1,0,1,1,1,0.6458,1,161,1,1,1,1,1,1,1,0.6822,390,12.6425,23.27,1,1,1,256703.5,0.182,1,45,0.2842,0.0742,4,1,1,1,0
NCRB-SYNTH-109452,High Court,Sec 439 CrPC (Regular Bail),1,12,69,1,0,1,1,1,0,1,1,1,0.7982,1,229,0,0,1,1,1,1,1,0.6052,348,3.7572,18.45,1,1,1,1645204.64,0.1765,1,7,0.15,0.0721,3,1,1,1,0
NCRB-SYNTH-109459,High Court,Trial Judgment,1,23,30,0,1,1,1,1,0,1,1,1,0.7669,1,159,1,0,1,1,1,1,1,0.7324,156,13.3438,25.59,1,1,1,605485.66,0.0214,1,7,0.1755,0.0844,3,1,1,0,1
NCRB-SYNTH-109461,Supreme Court,Sec 482 CrPC (Quashing),1,25,77,1,1,1,1,1,1,1,1,1,0.6606,1,219,1,1,1,1,1,1,1,0.5782,457,10.2474,78.1,1,1,1,1595674.2,0.0024,1,27,0.1077,0.0323,4,1,1,1,1
NCRB-SYNTH-109472,Supreme Court,Sec 482 CrPC (Quashing),1,20,16,1,1,1,1,1,1,1,1,1,0.916,1,196,1,1,1,1,1,1,1,0.8036,248,9.5881,82.02,1,1,1,1413302.03,0.0166,1,25,0.2121,0.0651,4,1,1,1,1
NCRB-SYNTH-109483,High Court,Sec 482 CrPC (Quashing),1,8,79,0,0,1,1,1,0,1,1,1,0.7322,1,222,1,1,1,1,1,1,1,0.7728,168,13.2668,61.59,1,1,1,2410914.41,0.1129,1,25,0.3042,0.0934,4,1,1,1,1
NCRB-SYNTH-109486,High Court,Sec 439 CrPC (Regular Bail),1,16,29,1,1,1,1,1,0,1,1,1,0.692,1,172,1,1,1,1,1,1,1,1.0,163,6.5459,46.88,1,1,1,758817.35,0.03,1,6,0.2038,0.1047,3,1,1,1,1
NCRB-SYNTH-109495,Trial Court,Sec 439 CrPC (Regular Bail),15,15,53,1,1,1,1,1,0,1,1,1,0.6193,1,268,0,0,1,1,1,1,1,0.6734,141,8.384,41.84,1,1,1,2217842.72,0.0463,1,3,0.6624,0.4778,1,1,1,1,0
NCRB-SYNTH-109503,High Court,Sec 482 CrPC (Quashing),7,22,53,1,1,1,1,1,1,1,1,1,0.711,1,167,1,0,1,1,1,1,1,0.5809,490,8.3165,56.71,1,1,1,2471846.53,0.083,1,7,0.2428,0.1167,3,1,1,1,1
NCRB-SYNTH-109508,High Court,Sec 439 CrPC (Regular Bail),1,14,21,0,0,1,1,1,0,1,1,1,0.7013,1,209,1,0,1,1,1,1,1,0.5331,294,5.7401,88.64,1,1,1,222487.59,0.0216,1,1,0.6304,0.9095,1,1,1,0,1
NCRB-SYNTH-109514,High Court,Sec 439 CrPC (Regular Bail),4,24,68,1,0,1,1,1,0,1,1,1,0.8553,1,133,1,1,1,1,1,1,1,0.7262,262,13.1875,78.22,1,1,1,402977.44,0.1642,1,2,0.7964,0.7249,1,1,1,0,1
NCRB-SYNTH-109515,Supreme Court,Sec 439 CrPC (Regular Bail),1,13,43,1,0,1,1,1,0,1,1,1,0.7668,1,284,1,1,1,1,1,1,1,0.6365,445,10.143,61.27,1,1,1,633496.09,0.1279,1,8,0.0951,0.0433,3,1,1,1,1
NCRB-SYNTH-109522,High Court,Sec 439 CrPC (Regular Bail),1,6,53,1,1,1,1,1,1,1,1,1,0.7598,1,217,1,1,1,1,1,1,1,0.6284,187,8.348,35.56,1,1,1,2181620.55,0.1605,1,6,0.0557,0.0286,3,1,1,1,1
NCRB-SYNTH-109524,High Court,Sec 439 CrPC (Regular Bail),1,15,49,1,0,1,1,1,0,1,1,1,0.5491,1,228,0,1,1,1,1,1,1,0.7471,144,13.4998,22.55,1,1,1,618416.45,0.0641,1,32,0.0942,0.0269,4,1,1,1,0
NCRB-SYNTH-109537,High Court,Sec 439 CrPC (Regular Bail),1,18,11,1,0,1,1,1,0,1,1,1,0.8694,1,199,1,1,1,1,1,1,1,0.5533,435,3.8946,26.53,1,1,1,1254257.21,0.1461,1,1,0.422,0.6088,1,1,1,1,1
NCRB-SYNTH-109540,Supreme Court,Sec 439 CrPC (Regular Bail),1,17,70,1,0,1,1,1,0,1,1,1,0.7643,1,232,0,0,1,1,1,1,1,0.5733,388,4.1867,81.68,1,1,1,195790.73,0.1461,1,1,0.669,0.9651,1,1,1,1,0
NCRB-SYNTH-109554,Supreme Court,Sec 439 CrPC (Regular Bail),7,15,30,0,0,1,1,1,0,1,1,1,0.748,1,211,1,0,1,1,1,1,1,0.6928,343,8.5809,85.31,1,1,1,1794109.79,0.0945,1,13,0.1024,0.0388,4,1,1,1,1
NCRB-SYNTH-109555,High Court,Sec 439 CrPC (Regular Bail),1,4,21,1,1,1,1,1,0,1,1,1,0.4583,1,127,1,0,1,1,1,1,1,0.3904,118,5.2612,39.73,1,1,1,1063202.65,0.0795,1,44,0.1945,0.0511,4,1,1,0,0
NCRB-SYNTH-109559,Supreme Court,Sec 482 CrPC (Quashing),1,24,74,0,0,1,1,1,0,1,1,1,0.4331,1,244,1,1,1,1,1,1,1,0.6429,250,11.9176,47.38,1,1,1,1514949.77,0.1004,1,9,0.0943,0.041,3,1,1,1,0
NCRB-SYNTH-109560,High Court,Sec 482 CrPC (Quashing),1,14,21,1,1,1,1,1,0,1,1,1,0.6847,1,200,1,1,1,1,1,1,1,0.6072,280,5.47,55.71,1,1,1,1224641.99,0.0368,1,11,0.2212,0.089,3,1,1,1,1
NCRB-SYNTH-109563,High Court,Sec 439 CrPC (Regular Bail),1,15,61,1,0,1,1,1,0,1,1,1,0.8595,1,183,1,1,1,1,1,1,1,0.6194,117,12.9977,56.71,1,1,1,1805169.14,0.0957,1,5,0.0817,0.0456,3,1,1,1,1
NCRB-SYNTH-109567,High Court,Sec 482 CrPC (Quashing),2,6,23,1,0,1,1,1,0,1,1,1,0.7142,1,141,1,1,1,1,1,1,1,0.6685,106,6.2926,57.68,1,1,1,1759664.79,0.0737,1,7,0.0806,0.0388,3,1,1,1,1
NCRB-SYNTH-109605,High Court,Sec 439 CrPC (Regular Bail),1,8,27,0,0,1,1,1,0,1,1,1,0.8511,1,154,1,1,1,1,1,1,1,0.6173,289,10.0965,72.75,1,1,1,1840775.0,0.121,1,40,0.2943,0.0793,4,1,1,1,1
NCRB-SYNTH-109611,High Court,Writ Petition (Detention),1,15,33,0,0,1,1,1,1,1,1,1,0.8366,1,230,0,0,1,1,1,1,1,0.7471,292,12.4987,70.41,1,1,1,772232.85,0.1438,1,7,0.2059,0.099,3,1,1,1,0
NCRB-SYNTH-109617,Supreme Court,Sec 439 CrPC (Regular Bail),1,16,35,0,0,1,1,1,0,1,1,1,0.4447,1,216,1,1,1,1,1,1,1,0.6919,298,6.6445,18.17,1,1,1,1553175.32,0.0184,1,5,0.0747,0.0417,3,1,1,1,0
NCRB-SYNTH-109627,High Court,Sec 439 CrPC (Regular Bail),1,21,70,1,0,1,1,1,0,1,1,1,0.5289,1,162,1,1,1,1,1,1,1,0.8034,450,13.1698,84.03,1,1,1,272882.98,0.1116,1,9,0.1717,0.0746,3,1,1,1,0
NCRB-SYNTH-109632,High Court,Sec 439 CrPC (Regular Bail),2,11,77,1,0,1,1,1,0,1,1,1,0.4373,1,215,1,1,1,1,1,1,1,0.774,223,5.6374,57.44,1,1,1,2245051.85,0.0995,1,2,0.6806,0.6195,1,1,1,1,0
NCRB-SYNTH-109634,High Court,Sec 482 CrPC (Quashing),1,23,73,1,0,1,1,1,1,1,1,1,0.7547,1,166,1,0,1,1,1,1,1,0.776,406,12.5244,41.61,1,1,1,1658246.17,0.0099,1,21,0.1866,0.0604,4,1,1,1,1
NCRB-SYNTH-109646,Trial Court,Trial Judgment,2,25,49,0,1,1,1,1,0,1,1,1,0.719,1,160,0,0,1,1,1,1,1,0.5529,498,5.022,48.77,1,1,1,1256539.2,0.0138,1,3,0.7423,0.5355,1,1,1,0,0
NCRB-SYNTH-109649,High Court,Sec 482 CrPC (Quashing),2,9,38,0,0,1,1,1,1,1,1,1,0.7805,1,204,1,1,1,1,1,1,1,0.7711,404,5.034,67.77,1,1,1,2265196.32,0.0116,1,8,0.2394,0.109,3,1,1,1,1
NCRB-SYNTH-109656,Trial Court,Sec 482 CrPC (Quashing),1,21,27,1,0,1,1,1,0,1,1,1,0.8636,1,179,0,0,1,1,1,1,1,0.6979,146,8.5764,54.06,1,1,1,2090474.18,0.0331,1,3,0.8915,0.6431,1,1,1,1,0
NCRB-SYNTH-109659,High Court,Writ Petition (Detention),1,4,77,1,1,1,1,1,0,1,1,1,0.6851,1,137,1,1,1,1,1,1,1,0.5828,449,5.3381,88.86,1,1,1,1131296.21,0.1394,1,10,0.1344,0.0561,3,1,1,0,1
NCRB-SYNTH-109661,High Court,Sec 439 CrPC (Regular Bail),21,25,68,1,0,1,1,1,0,1,1,1,0.6357,1,186,1,0,1,1,1,1,1,0.792,353,9.4091,24.42,1,1,1,1819002.3,0.0229,1,29,0.3023,0.0889,4,1,1,1,0
NCRB-SYNTH-109672,High Court,Sec 439 CrPC (Regular Bail),1,25,65,1,1,1,1,1,0,1,1,1,0.6185,1,295,1,1,1,1,1,1,1,0.9215,450,6.9455,70.87,1,1,1,521006.4,0.0855,1,11,0.2367,0.0953,3,1,1,1,0
NCRB-SYNTH-109676,Trial Court,Sec 439 CrPC (Regular Bail),1,6,75,0,0,1,1,1,0,1,1,1,0.8762,1,207,1,1,1,1,1,1,1,0.6114,211,5.4741,69.47,1,1,1,860177.59,0.1679,1,30,0.1331,0.0388,4,1,1,1,1
NCRB-SYNTH-109685,High Court,Sec 439 CrPC (Regular Bail),1,12,21,1,0,1,1,1,0,1,1,1,0.4672,1,142,1,1,1,1,1,1,1,0.7318,210,9.7722,80.69,1,1,1,151414.48,0.1847,1,33,0.2359,0.0669,4,1,1,1,0
NCRB-SYNTH-109696,High Court,Sec 439 CrPC (Regular Bail),4,17,31,1,0,1,1,1,1,1,1,1,0.4162,1,146,1,1,1,1,1,1,1,0.7431,143,10.7264,36.46,1,1,1,414409.54,0.126,1,9,0.124,0.0539,3,1,1,0,0
NCRB-SYNTH-109710,High Court,Sec 439 CrPC (Regular Bail),4,20,71,1,0,1,1,1,0,1,1,1,0.8585,1,185,0,0,1,1,1,1,1,0.4806,488,6.9154,37.31,1,1,1,1831107.14,0.0949,1,2,0.4512,0.4107,1,1,1,1,0
NCRB-SYNTH-109736,High Court,Sec 439 CrPC (Regular Bail),1,18,35,0,0,1,1,1,0,1,1,1,0.4919,1,154,1,1,1,1,1,1,1,0.5953,281,5.8778,49.66,1,1,1,2064330.74,0.1987,1,45,0.1094,0.0286,4,1,1,1,0
NCRB-SYNTH-109737,High Court,Sec 439 CrPC (Regular Bail),7,16,23,1,0,1,1,1,1,1,1,1,0.5779,1,288,1,1,1,1,1,1,1,0.7784,211,3.7129,51.43,1,1,1,2388309.49,0.0348,1,1,0.7276,1.0497,1,1,1,1,0
NCRB-SYNTH-109740,High Court,Sec 439 CrPC (Regular Bail),15,10,18,1,0,1,1,1,0,1,1,1,0.4703,1,137,1,1,1,1,1,1,1,0.6804,435,8.6692,41.61,1,1,1,2407973.72,0.0708,1,7,0.1725,0.083,3,1,1,1,0
NCRB-SYNTH-109744,Supreme Court,Sec 482 CrPC (Quashing),2,8,16,0,0,1,1,1,0,1,1,1,0.8009,1,183,1,0,1,1,1,1,1,0.8268,357,7.6762,69.5,1,1,1,2423176.27,0.0499,1,7,0.232,0.1115,3,1,1,1,1
NCRB-SYNTH-109746,High Court,Sec 482 CrPC (Quashing),7,13,56,1,0,1,1,1,0,1,1,1,0.5048,1,196,1,1,1,1,1,1,1,0.6379,156,10.2409,18.27,1,1,1,783897.27,0.1553,1,19,0.2359,0.0787,4,1,1,1,0
NCRB-SYNTH-109760,High Court,Writ Petition (Detention),1,12,67,1,0,1,1,1,1,1,1,1,0.8577,1,293,0,0,1,1,1,1,1,0.7351,452,10.2618,58.4,1,1,1,1695484.01,0.1334,1,5,0.2186,0.122,3,1,1,1,0
NCRB-SYNTH-109767,High Court,Sec 482 CrPC (Quashing),1,24,29,1,1,1,1,1,0,1,1,1,0.7447,1,132,1,1,1,1,1,1,1,0.7464,379,6.2323,73.33,1,1,1,1550690.99,0.195,1,24,0.2601,0.0808,4,1,1,0,1
NCRB-SYNTH-109780,Supreme Court,Sec 439 CrPC (Regular Bail),15,14,65,1,0,1,1,1,1,1,1,1,0.8668,1,274,1,1,1,1,1,1,1,0.6507,442,7.9535,74.25,1,1,1,1752898.18,0.0948,1,8,0.0655,0.0298,3,1,1,1,1
NCRB-SYNTH-109783,High Court,Sec 439 CrPC (Regular Bail),1,25,52,1,1,1,1,1,0,1,1,1,0.625,1,171,1,1,1,1,1,1,1,0.5175,355,10.3801,76.21,1,1,1,417654.19,0.0494,1,9,0.2254,0.0979,3,1,1,1,0
NCRB-SYNTH-109796,High Court,Trial Judgment,45,16,69,1,0,1,1,1,1,1,1,1,0.8861,1,120,1,1,1,1,1,1,1,0.6268,303,11.5157,35.95,1,1,1,1385410.3,0.0379,1,40,0.2111,0.0568,4,1,1,0,1
NCRB-SYNTH-109798,High Court,Sec 482 CrPC (Quashing),4,10,61,1,0,1,1,1,1,1,1,1,0.9331,1,161,1,1,1,1,1,1,1,0.5385,379,10.635,63.79,1,1,1,2380649.2,0.1769,1,8,0.0794,0.0362,3,1,1,1,1
NCRB-SYNTH-109804,High Court,Sec 439 CrPC (Regular Bail),45,9,75,1,1,1,1,1,0,1,1,1,0.7101,1,182,1,1,1,1,1,1,1,0.8173,281,12.8974,46.35,1,1,1,1486438.52,0.1837,1,2,0.6714,0.6111,1,1,1,1,1
NCRB-SYNTH-109805,High Court,Sec 439 CrPC (Regular Bail),1,12,29,0,1,1,1,1,0,1,1,1,0.4164,1,211,1,1,1,1,1,1,1,0.5836,368,5.3344,82.6,1,1,1,1167793.88,0.1526,1,6,0.1536,0.0789,3,1,1,1,0
NCRB-SYNTH-109808,Supreme Court,Sec 482 CrPC (Quashing),1,5,22,1,1,1,1,1,0,1,1,1,0.4131,1,145,0,0,1,1,1,1,1,0.8006,348,11.2881,70.79,1,1,1,277623.14,0.1785,1,28,0.2238,0.0665,4,1,1,1,0
NCRB-SYNTH-109816,High Court,Sec 439 CrPC (Regular Bail),1,5,34,0,1,1,1,1,1,1,1,1,0.4954,1,293,1,1,1,1,1,1,1,0.7009,500,11.8879,63.03,1,1,1,1987416.53,0.1956,1,8,0.0547,0.0249,3,1,1,1,0
NCRB-SYNTH-109817,High Court,Trial Judgment,2,5,45,1,0,1,1,1,1,1,1,1,0.5456,1,127,0,0,1,1,1,1,1,0.6098,107,12.522,47.07,1,1,1,1976490.0,0.132,1,8,0.2218,0.1009,3,1,1,0,0
NCRB-SYNTH-109821,High Court,Sec 482 CrPC (Quashing),1,25,12,1,1,1,1,1,0,1,1,1,0.7364,1,240,1,1,1,1,1,1,1,0.4031,340,5.3246,53.07,1,1,1,423273.41,0.106,1,45,0.2319,0.0606,4,1,1,0,1
NCRB-SYNTH-109823,High Court,Sec 439 CrPC (Regular Bail),2,15,56,1,0,1,1,1,0,1,1,1,0.5626,1,305,1,1,1,1,1,1,1,0.8975,265,8.8831,16.9,1,1,1,1409014.36,0.1656,1,7,0.087,0.0418,3,1,1,1,0
NCRB-SYNTH-109830,Supreme Court,Writ Petition (Detention),2,14,21,1,1,1,1,1,1,1,1,1,0.8456,1,189,1,1,1,1,1,1,1,0.8217,102,12.4386,66.3,1,1,1,882396.05,0.122,1,2,0.7078,0.6442,1,1,1,1,1
NCRB-SYNTH-109849,High Court,Sec 482 CrPC (Quashing),15,21,69,1,0,1,1,1,0,1,1,1,0.7878,1,153,1,0,1,1,1,1,1,0.5831,212,5.1259,32.97,1,1,1,889453.12,0.1778,1,3,0.8761,0.632,1,1,1,1,1
NCRB-SYNTH-109851,High Court,Sec 439 CrPC (Regular Bail),1,22,37,1,0,1,1,1,0,1,1,1,0.7677,1,151,1,0,1,1,1,1,1,0.7818,262,12.6733,78.92,1,1,1,1267918.47,0.0598,1,27,0.1568,0.047,4,1,1,1,1
NCRB-SYNTH-109854,High Court,Sec 439 CrPC (Regular Bail),1,23,23,1,0,1,1,1,0,1,1,1,0.8056,1,155,0,1,1,1,1,1,1,0.9439,383,6.3144,78.2,1,1,1,1849125.74,0.0622,1,9,0.2296,0.0997,3,1,1,0,0
NCRB-SYNTH-109858,High Court,Sec 439 CrPC (Regular Bail),21,11,40,1,0,1,1,1,0,1,1,1,0.6411,1,124,1,1,1,1,1,1,1,0.7887,166,11.7445,84.04,1,1,1,1590042.0,0.1076,1,5,0.0749,0.0418,3,1,1,0,0
NCRB-SYNTH-109865,High Court,Sec 439 CrPC (Regular Bail),4,9,78,1,0,1,1,1,0,1,1,1,0.7534,1,190,1,1,1,1,1,1,1,0.6222,220,3.8626,52.91,1,1,1,139081.48,0.1241,1,16,0.2216,0.0782,4,1,1,1,1
NCRB-SYNTH-109875,High Court,Sec 439 CrPC (Regular Bail),2,5,75,1,1,1,1,1,0,1,1,1,0.8262,1,136,1,1,1,1,1,1,1,0.7804,424,4.1902,77.21,1,1,1,712438.94,0.1805,1,10,0.1288,0.0537,3,1,1,1,1
NCRB-SYNTH-109880,High Court,Sec 482 CrPC (Quashing),7,9,69,1,1,1,1,1,0,1,1,1,0.4582,1,291,0,0,1,1,1,1,1,0.6295,125,5.5877,89.39,1,1,1,196151.86,0.0821,1,4,0.2402,0.1493,3,1,1,1,0
NCRB-SYNTH-109882,Supreme Court,Sec 439 CrPC (Regular Bail),2,5,29,1,0,1,1,1,0,1,1,1,0.8352,1,286,1,0,1,1,1,1,1,0.5606,391,5.4102,66.06,1,1,1,60092.88,0.0144,1,20,0.192,0.0631,4,1,1,1,1
NCRB-SYNTH-109886,High Court,Sec 439 CrPC (Regular Bail),1,14,20,1,1,1,1,1,0,1,1,1,0.6198,1,249,1,1,1,1,1,1,1,0.5054,303,8.8941,89.2,1,1,1,2335476.22,0.1294,1,12,0.2674,0.1043,4,1,1,1,0
NCRB-SYNTH-109898,Supreme Court,Sec 439 CrPC (Regular Bail),2,7,13,1,0,1,1,1,0,1,1,1,0.7645,1,179,1,1,1,1,1,1,1,0.631,460,10.8327,67.48,1,1,1,736392.77,0.1463,1,9,0.0832,0.0361,3,1,1,1,1
NCRB-SYNTH-109904,High Court,Sec 439 CrPC (Regular Bail),1,21,61,1,0,1,1,1,1,1,1,1,0.5725,1,189,1,1,1,1,1,1,1,0.7905,312,13.1765,57.15,1,1,1,1833048.89,0.1621,1,1,0.8948,1.2909,1,1,1,1,0
NCRB-SYNTH-109914,High Court,Sec 439 CrPC (Regular Bail),1,18,56,1,0,1,1,1,1,1,1,1,0.6825,1,248,0,0,1,1,1,1,1,0.7599,366,10.2935,53.63,1,1,1,608489.05,0.062,1,7,0.1378,0.0663,3,1,1,1,0
NCRB-SYNTH-109923,High Court,Sec 482 CrPC (Quashing),45,18,76,1,0,1,1,1,1,1,1,1,0.9288,1,291,1,1,1,1,1,1,1,0.6828,128,12.4216,80.87,1,1,1,1991027.46,0.0345,1,7,0.2161,0.1039,3,1,1,1,1
NCRB-SYNTH-109924,Supreme Court,Sec 439 CrPC (Regular Bail),2,16,20,1,0,1,1,1,0,1,1,1,0.7133,1,239,1,1,1,1,1,1,1,0.4861,429,6.9421,49.36,1,1,1,618701.77,0.1294,1,9,0.1768,0.0768,3,1,1,1,1
NCRB-SYNTH-109938,High Court,Sec 439 CrPC (Regular Bail),1,7,59,1,1,1,1,1,0,1,1,1,0.4437,1,197,1,1,1,1,1,1,1,0.906,448,8.3689,37.67,1,1,1,1643742.77,0.0476,1,2,0.8177,0.7443,1,1,1,1,0
NCRB-SYNTH-109944,High Court,Sec 439 CrPC (Regular Bail),1,8,32,1,0,1,1,1,0,1,1,1,0.8702,1,149,1,1,1,1,1,1,1,0.2645,288,5.5382,40.15,1,1,1,1653794.36,0.0488,1,9,0.151,0.0656,3,1,1,1,1
NCRB-SYNTH-109952,High Court,Sec 439 CrPC (Regular Bail),1,24,71,1,0,1,1,1,1,1,1,1,0.6783,1,235,1,1,1,1,1,1,1,0.6458,215,7.9269,85.46,1,1,1,2453372.02,0.1711,1,8,0.066,0.03,3,1,1,1,1
NCRB-SYNTH-109959,High Court,Writ Petition (Detention),1,7,62,1,0,1,1,1,0,1,1,1,0.8281,1,200,1,1,1,1,1,1,1,0.6299,462,11.8973,72.08,1,1,1,842224.6,0.0479,1,7,0.2038,0.098,3,1,1,1,1
NCRB-SYNTH-109961,Supreme Court,Sec 482 CrPC (Quashing),1,22,23,1,0,1,1,1,1,1,1,1,0.9085,1,257,1,1,1,1,1,1,1,0.5336,486,5.8524,67.23,1,1,1,1024352.34,0.0075,1,4,0.2162,0.1344,3,1,1,1,1
NCRB-SYNTH-109962,High Court,Sec 482 CrPC (Quashing),1,5,56,1,0,1,1,1,0,1,1,1,0.5925,1,219,0,0,1,1,1,1,1,0.6757,201,4.3155,45.94,1,1,1,2440194.68,0.1675,1,38,0.227,0.062,4,1,1,1,0
NCRB-SYNTH-109966,Supreme Court,Sec 439 CrPC (Regular Bail),2,18,27,1,1,1,1,1,0,1,1,1,0.7627,1,182,1,1,1,1,1,1,1,0.5734,213,10.6171,66.48,1,1,1,375179.8,0.0255,1,9,0.1583,0.0688,3,1,1,1,1
NCRB-SYNTH-109980,Supreme Court,Sec 439 CrPC (Regular Bail),1,14,76,1,1,1,1,1,0,1,1,1,0.689,1,163,1,1,1,1,1,1,1,0.5,401,6.6866,65.83,1,1,1,1557062.09,0.0342,1,5,0.1064,0.0594,3,1,1,0,1
NCRB-SYNTH-109982,Trial Court,Sec 482 CrPC (Quashing),2,4,32,1,0,1,1,1,1,1,1,1,0.7412,1,238,1,1,1,1,1,1,1,0.4428,204,6.1661,28.31,1,1,1,1938498.89,0.0427,1,1,0.5768,0.8322,1,1,1,1,1
NCRB-SYNTH-109986,High Court,Sec 439 CrPC (Regular Bail),1,12,69,1,0,1,1,1,0,1,1,1,0.7523,1,266,1,1,1,1,1,1,1,0.6384,155,7.7437,30.12,1,1,1,2083365.63,0.0016,1,21,0.2559,0.0828,4,1,1,1,1
NCRB-SYNTH-110004,High Court,Sec 482 CrPC (Quashing),2,17,68,1,0,1,1,1,0,1,1,1,0.8548,1,124,0,0,1,1,1,1,1,0.751,320,10.3446,81.68,1,1,1,1803671.46,0.0831,1,3,0.8403,0.6061,1,1,1,0,0
NCRB-SYNTH-110008,High Court,Sec 439 CrPC (Regular Bail),1,16,59,1,0,1,1,1,0,1,1,1,0.8835,1,150,1,1,1,1,1,1,1,0.797,488,5.7847,61.3,1,1,1,2170910.61,0.1814,1,5,0.2134,0.1191,3,1,1,1,1
NCRB-SYNTH-110029,High Court,Sec 482 CrPC (Quashing),2,6,70,1,1,1,1,1,0,1,1,1,0.7552,1,133,1,0,1,1,1,1,1,0.8133,426,10.6212,56.51,1,1,1,128371.6,0.1561,1,8,0.235,0.1069,3,1,1,0,1
NCRB-SYNTH-110030,High Court,Sec 439 CrPC (Regular Bail),1,7,26,1,0,1,1,1,0,1,1,1,0.6347,1,161,1,1,1,1,1,1,1,0.5233,478,12.6062,75.26,1,1,1,2243538.18,0.0936,1,1,0.8191,1.1817,1,1,1,0,0
NCRB-SYNTH-110035,High Court,Sec 439 CrPC (Regular Bail),1,12,63,1,0,1,1,1,0,1,1,1,0.8195,1,195,1,1,1,1,1,1,1,0.5521,273,8.726,25.88,1,1,1,160923.35,0.0634,1,2,0.8642,0.7867,1,1,1,1,1
NCRB-SYNTH-110039,Trial Court,Sec 482 CrPC (Quashing),2,4,18,1,0,1,1,1,1,1,1,1,0.6943,1,278,1,1,1,1,1,1,1,0.7984,180,12.2322,40.26,1,1,1,349447.46,0.1836,1,2,0.7778,0.708,1,1,1,1,1
NCRB-SYNTH-110044,Supreme Court,Sec 439 CrPC (Regular Bail),1,23,41,1,0,1,1,1,0,1,1,1,0.871,1,225,1,1,1,1,1,1,1,0.6092,132,6.6775,32.91,1,1,1,2300564.87,0.0477,1,5,0.1497,0.0835,3,1,1,1,1
NCRB-SYNTH-110046,High Court,Sec 482 CrPC (Quashing),15,11,31,1,0,1,1,1,0,1,1,1,0.6687,1,221,1,1,1,1,1,1,1,0.6558,149,8.7335,52.95,1,1,1,2185739.49,0.1638,1,40,0.1949,0.0525,4,1,1,1,1
NCRB-SYNTH-110063,High Court,Sec 482 CrPC (Quashing),1,16,49,1,0,1,1,1,0,1,1,1,0.7687,1,162,1,1,1,1,1,1,1,0.7087,197,9.5564,85.37,1,1,1,77319.37,0.1591,1,32,0.2418,0.0691,4,1,1,1,1
NCRB-SYNTH-110066,High Court,Sec 482 CrPC (Quashing),7,7,61,0,0,1,1,1,1,1,1,1,0.7753,1,249,1,1,1,1,1,1,1,0.5642,465,5.7875,88.4,1,1,1,2146800.03,0.0739,1,2,0.8735,0.7951,1,1,1,1,1
NCRB-SYNTH-110067,Trial Court,Sec 482 CrPC (Quashing),1,18,37,1,1,1,1,1,0,1,1,1,0.7,1,129,1,0,1,1,1,1,1,0.6444,126,8.7078,85.32,1,1,1,679663.21,0.1313,1,6,0.1766,0.0908,3,1,1,0,1
NCRB-SYNTH-110073,High Court,Sec 439 CrPC (Regular Bail),4,15,53,0,1,1,1,1,1,1,1,1,0.4658,1,214,1,1,1,1,1,1,1,0.6345,210,13.1743,18.88,1,1,1,896818.66,0.069,1,23,0.1625,0.0511,4,1,1,1,0
NCRB-SYNTH-110081,High Court,Sec 439 CrPC (Regular Bail),1,7,63,1,1,1,1,1,1,1,1,1,0.5229,1,123,1,1,1,1,1,1,1,0.9795,497,7.743,15.62,1,1,1,1805593.86,0.0441,1,2,0.5727,0.5213,1,1,1,0,0
NCRB-SYNTH-110082,High Court,Sec 482 CrPC (Quashing),1,21,57,1,0,1,1,1,0,1,1,1,0.8108,1,191,1,1,1,1,1,1,1,0.8263,103,3.9844,44.36,1,1,1,1751461.31,0.1614,1,8,0.2067,0.0941,3,1,1,1,1
NCRB-SYNTH-110083,High Court,Sec 482 CrPC (Quashing),4,19,31,1,0,1,1,1,0,1,1,1,0.6747,1,296,1,0,1,1,1,1,1,0.7882,286,3.8784,58.45,1,1,1,1609298.24,0.0756,1,2,0.8276,0.7533,1,1,1,1,1
NCRB-SYNTH-110086,High Court,Writ Petition (Detention),1,21,44,1,1,1,1,1,1,1,1,1,0.4796,1,278,1,1,1,1,1,1,1,0.6372,217,3.5098,79.92,1,1,1,1247082.22,0.0232,1,9,0.2102,0.0913,3,1,1,1,0
NCRB-SYNTH-110097,High Court,Sec 482 CrPC (Quashing),7,18,54,1,0,1,1,1,1,1,1,1,0.588,1,262,1,1,1,1,1,1,1,0.6798,185,3.6584,56.12,1,1,1,2464573.11,0.1223,1,7,0.0738,0.0355,3,1,1,1,0
NCRB-SYNTH-110102,High Court,Sec 439 CrPC (Regular Bail),15,22,37,1,0,1,1,1,1,1,1,1,0.6684,1,278,0,0,1,1,1,1,1,0.9242,350,3.5273,60.29,1,1,1,826303.14,0.0864,1,2,0.5002,0.4553,1,1,1,1,0
NCRB-SYNTH-110118,High Court,Sec 482 CrPC (Quashing),7,10,76,1,0,1,1,1,1,1,1,1,0.806,1,196,1,1,1,1,1,1,1,0.7423,391,5.9818,49.45,1,1,1,2334287.16,0.0106,1,8,0.1298,0.0591,3,1,1,1,1
NCRB-SYNTH-110129,High Court,Sec 439 CrPC (Regular Bail),1,8,47,1,0,1,1,1,0,1,1,1,0.8685,1,128,0,1,1,1,1,1,1,0.5594,135,3.9764,33.78,1,1,1,1999979.39,0.0585,1,3,0.5315,0.3834,1,1,1,0,0
NCRB-SYNTH-110130,High Court,Sec 439 CrPC (Regular Bail),2,15,62,1,0,1,1,1,0,1,1,1,0.6804,1,296,1,1,1,1,1,1,1,0.6021,161,5.5551,81.14,1,1,1,2127732.16,0.0254,1,32,0.2596,0.0742,4,1,1,1,1
NCRB-SYNTH-110133,High Court,Sec 482 CrPC (Quashing),4,3,15,1,1,1,1,1,0,1,1,1,0.4804,1,142,1,1,1,1,1,1,1,0.7973,151,4.4855,62.86,1,1,1,675946.93,0.0058,1,9,0.1303,0.0566,3,1,1,0,0
NCRB-SYNTH-110138,High Court,Sec 439 CrPC (Regular Bail),1,9,23,1,0,1,1,1,1,1,1,1,0.9482,1,216,1,0,1,1,1,1,1,0.8877,223,9.9911,22.22,1,1,1,1968116.31,0.1947,1,4,0.131,0.0814,3,1,1,1,1
NCRB-SYNTH-110139,Trial Court,Sec 482 CrPC (Quashing),2,16,45,1,0,1,1,1,1,1,1,1,0.8707,1,193,0,0,1,1,1,1,1,0.6277,395,6.8292,49.48,1,1,1,2183276.7,0.0044,1,21,0.2725,0.0881,4,1,1,1,0
NCRB-SYNTH-110140,Trial Court,Sec 482 CrPC (Quashing),1,21,60,0,0,1,1,1,1,1,1,1,0.5501,1,305,1,1,1,1,1,1,1,0.6904,442,11.738,36.07,1,1,1,657632.72,0.0402,1,3,0.8235,0.594,1,1,1,0,0
NCRB-SYNTH-110145,High Court,Sec 482 CrPC (Quashing),1,20,53,1,1,1,1,1,0,1,1,1,0.835,1,264,1,1,1,1,1,1,1,0.6427,313,13.1425,79.7,1,1,1,1381937.14,0.1417,1,10,0.2096,0.0874,3,1,1,1,1
NCRB-SYNTH-110161,High Court,Sec 482 CrPC (Quashing),1,9,54,0,0,1,1,1,0,1,1,1,0.6121,1,153,1,1,1,1,1,1,1,0.8813,280,4.1295,26.39,1,1,1,1273871.33,0.164,1,43,0.3101,0.0819,4,1,1,0,0
NCRB-SYNTH-110162,High Court,Sec 482 CrPC (Quashing),1,8,50,1,0,1,1,1,0,1,1,1,0.8987,1,204,1,1,1,1,1,1,1,0.7015,389,3.824,45.68,1,1,1,2311018.48,0.1322,1,4,0.0535,0.0332,3,1,1,1,1
NCRB-SYNTH-110179,High Court,Sec 482 CrPC (Quashing),1,13,15,1,1,1,1,1,0,1,1,1,0.4835,1,152,1,0,1,1,1,1,1,0.8646,235,10.7013,51.87,1,1,1,2319612.96,0.1041,1,1,0.6176,0.891,1,1,1,1,0
NCRB-SYNTH-110181,High Court,Sec 439 CrPC (Regular Bail),1,15,16,1,1,1,1,1,0,1,1,1,0.5153,1,133,0,1,1,1,1,1,1,0.611,364,5.148,61.03,1,1,1,1657506.96,0.0667,1,3,0.9112,0.6573,1,1,1,1,0
NCRB-SYNTH-110185,Supreme Court,Sec 439 CrPC (Regular Bail),1,19,56,1,0,1,1,1,0,1,1,1,0.619,1,299,1,1,1,1,1,1,1,0.4692,278,12.5563,73.27,1,1,1,263901.93,0.0901,1,10,0.105,0.0438,3,1,1,1,0
NCRB-SYNTH-110191,High Court,Sec 439 CrPC (Regular Bail),7,15,42,1,0,1,1,1,0,1,1,1,0.5696,1,170,1,1,1,1,1,1,1,0.7196,162,10.5693,38.28,1,1,1,199589.45,0.0418,1,4,0.0667,0.0414,3,1,1,1,0
NCRB-SYNTH-110210,High Court,Sec 439 CrPC (Regular Bail),4,19,31,1,1,1,1,1,1,1,1,1,0.5605,1,284,1,0,1,1,1,1,1,0.6725,195,8.1979,33.15,1,1,1,2117191.16,0.079,1,2,0.7335,0.6677,1,1,1,1,0
NCRB-SYNTH-110214,High Court,Sec 439 CrPC (Regular Bail),1,21,76,1,1,1,1,1,0,1,1,1,0.7759,1,152,1,1,1,1,1,1,1,0.6431,463,5.8085,41.77,1,1,1,2165573.76,0.1515,1,22,0.1853,0.0591,4,1,1,0,1
NCRB-SYNTH-110217,Supreme Court,Sec 482 CrPC (Quashing),21,22,22,0,0,1,1,1,1,1,1,1,0.5446,1,289,0,0,1,1,1,1,1,0.6938,458,8.0643,89.06,1,1,1,556201.13,0.0377,1,9,0.1695,0.0736,3,1,1,1,0
NCRB-SYNTH-110221,High Court,Writ Petition (Detention),4,23,65,0,0,1,1,1,0,1,1,1,0.6593,1,173,1,1,1,1,1,1,1,0.6889,299,12.3029,31.06,1,1,1,581289.45,0.1919,1,18,0.2429,0.0825,4,1,1,1,1
NCRB-SYNTH-110236,Supreme Court,Sec 482 CrPC (Quashing),1,6,21,1,1,1,1,1,0,1,1,1,0.7082,1,245,1,1,1,1,1,1,1,0.754,116,9.7481,68.51,1,1,1,734140.04,0.084,1,5,0.1612,0.09,3,1,1,1,1
NCRB-SYNTH-110251,Supreme Court,Sec 439 CrPC (Regular Bail),15,21,14,0,1,1,1,1,0,1,1,1,0.4177,1,144,1,1,1,1,1,1,1,0.5025,235,8.0235,52.81,1,1,1,1261271.21,0.0137,1,5,0.061,0.0341,3,1,1,1,0
NCRB-SYNTH-110257,High Court,Writ Petition (Detention),1,6,64,1,0,1,1,1,1,1,1,1,0.5195,1,117,1,1,1,1,1,1,1,0.5304,331,3.5953,24.79,1,1,1,2190325.08,0.0636,1,6,0.2004,0.103,3,1,1,0,0
NCRB-SYNTH-110261,High Court,Writ Petition (Detention),7,18,24,1,1,1,1,1,0,1,1,1,0.6759,1,251,1,1,1,1,1,1,1,0.813,318,5.6018,30.9,1,1,1,2225178.35,0.0114,1,7,0.1774,0.0853,3,1,1,0,1
NCRB-SYNTH-110262,Supreme Court,Sec 482 CrPC (Quashing),2,7,75,0,0,1,1,1,0,1,1,1,0.6116,1,175,1,1,1,1,1,1,1,0.7691,260,4.8751,53.03,1,1,1,1450289.72,0.0766,1,8,0.0915,0.0416,3,1,1,1,0
NCRB-SYNTH-110263,High Court,Sec 482 CrPC (Quashing),1,12,47,1,0,1,1,1,0,1,1,1,0.6353,1,267,1,1,1,1,1,1,1,0.5421,236,8.3847,20.56,1,1,1,1037960.89,0.11,1,33,0.1576,0.0447,4,1,1,1,0
NCRB-SYNTH-110277,High Court,Sec 482 CrPC (Quashing),2,16,64,1,1,1,1,1,0,1,1,1,0.4407,1,237,1,1,1,1,1,1,1,0.6877,341,9.6002,45.82,1,1,1,1754443.46,0.0784,1,1,0.5398,0.7788,1,1,1,1,0
NCRB-SYNTH-110289,High Court,Sec 482 CrPC (Quashing),1,7,64,1,1,1,1,1,0,1,1,1,0.8132,1,221,1,1,1,1,1,1,1,0.5551,429,5.8325,73.95,1,1,1,73250.95,0.125,1,11,0.0751,0.0302,3,1,1,1,1
NCRB-SYNTH-110294,High Court,Sec 482 CrPC (Quashing),4,24,56,0,0,1,1,1,1,1,1,1,0.4312,1,248,0,0,1,1,1,1,1,0.6903,190,4.4424,15.51,1,1,1,478238.77,0.0932,1,4,0.17,0.1056,3,1,1,1,0
NCRB-SYNTH-110321,High Court,Sec 482 CrPC (Quashing),4,18,23,1,0,1,1,1,0,1,1,1,0.3977,1,220,1,1,1,1,1,1,1,0.6602,449,13.597,65.91,1,1,1,952215.61,0.0275,1,5,0.1132,0.0632,3,1,1,1,0
NCRB-SYNTH-110332,High Court,Writ Petition (Detention),2,4,24,1,0,1,1,1,1,1,1,1,0.5301,1,163,1,1,1,1,1,1,1,0.7874,119,5.6155,56.61,1,1,1,1566846.2,0.0113,1,3,0.5992,0.4322,1,1,1,1,0
NCRB-SYNTH-110334,High Court,Sec 482 CrPC (Quashing),1,5,44,1,1,1,1,1,1,1,1,1,0.5903,1,234,0,0,1,1,1,1,1,0.7332,241,8.3885,68.39,1,1,1,1614508.78,0.1066,1,26,0.3049,0.0925,4,1,1,1,0
NCRB-SYNTH-110342,Supreme Court,Writ Petition (Detention),7,9,40,1,0,1,1,1,0,1,1,1,0.5511,1,141,1,1,1,1,1,1,1,0.8343,483,4.5563,30.88,1,1,1,309709.94,0.1199,1,11,0.246,0.099,3,1,1,1,0
NCRB-SYNTH-110351,High Court,Sec 439 CrPC (Regular Bail),2,17,43,1,0,1,1,1,0,1,1,1,0.7603,1,249,1,1,1,1,1,1,1,0.5284,102,11.4443,79.84,1,1,1,1242253.69,0.1205,1,3,0.544,0.3924,1,1,1,1,1
NCRB-SYNTH-110352,Supreme Court,Sec 482 CrPC (Quashing),1,22,16,1,0,1,1,1,1,1,1,1,0.4385,1,182,1,1,1,1,1,1,1,0.5838,350,11.1396,85.52,1,1,1,1180178.99,0.0192,1,2,0.7428,0.6761,1,1,1,1,0
NCRB-SYNTH-110360,High Court,Sec 482 CrPC (Quashing),1,24,47,0,0,1,1,1,1,1,1,1,0.5086,1,269,1,0,1,1,1,1,1,0.8724,360,8.3548,69.52,1,1,1,2376760.71,0.1746,1,24,0.2637,0.0819,4,1,1,1,0
NCRB-SYNTH-110369,High Court,Sec 482 CrPC (Quashing),7,11,10,1,0,1,1,1,0,1,1,1,0.8736,1,284,1,0,1,1,1,1,1,0.6692,347,3.5278,77.29,1,1,1,1611430.13,0.195,1,8,0.2031,0.0924,3,1,1,1,1
NCRB-SYNTH-110370,High Court,Sec 482 CrPC (Quashing),2,11,23,1,0,1,1,1,0,1,1,1,0.99,1,131,1,1,1,1,1,1,1,0.4905,200,6.5286,37.71,1,1,1,804823.14,0.0798,1,19,0.2261,0.0755,4,1,1,1,1
NCRB-SYNTH-110393,High Court,Sec 482 CrPC (Quashing),4,12,34,1,0,1,1,1,1,1,1,1,0.653,1,265,1,1,1,1,1,1,1,0.5973,489,11.5638,66.28,1,1,1,577191.81,0.1486,1,42,0.3163,0.0841,4,1,1,1,1
NCRB-SYNTH-110398,Supreme Court,Trial Judgment,15,16,17,1,0,1,1,1,0,1,1,1,0.4425,1,182,1,0,1,1,1,1,1,0.6591,339,8.5251,79.14,1,1,1,1267374.52,0.1047,1,21,0.1696,0.0549,4,1,1,1,0
NCRB-SYNTH-110408,High Court,Sec 439 CrPC (Regular Bail),2,15,49,1,0,1,1,1,0,1,1,1,0.9736,1,215,1,1,1,1,1,1,1,0.8571,458,7.5799,28.06,1,1,1,978247.41,0.1013,1,10,0.1282,0.0535,3,1,1,1,1
NCRB-SYNTH-110409,Supreme Court,Writ Petition (Detention),1,21,15,1,0,1,1,1,0,1,1,1,0.7307,1,187,1,1,1,1,1,1,1,0.7147,326,12.8514,22.12,1,1,1,1709193.66,0.195,1,19,0.2502,0.0835,4,1,1,1,1
NCRB-SYNTH-110417,High Court,Sec 439 CrPC (Regular Bail),2,23,29,1,0,1,1,1,0,1,1,1,0.779,1,219,0,0,1,1,1,1,1,0.5542,436,4.5889,50.35,1,1,1,2185335.18,0.1827,1,11,0.1228,0.0494,3,1,1,1,0
NCRB-SYNTH-110420,Trial Court,Sec 482 CrPC (Quashing),1,23,68,1,0,1,1,1,0,1,1,1,0.3638,1,172,0,1,1,1,1,1,1,0.5946,464,5.424,30.66,1,1,1,210141.18,0.1252,1,37,0.2295,0.0631,4,1,1,1,0
NCRB-SYNTH-110423,High Court,Sec 482 CrPC (Quashing),1,3,15,1,0,1,1,1,1,1,1,1,0.526,1,229,1,1,1,1,1,1,1,0.826,126,13.4127,83.87,1,1,1,639674.81,0.0677,1,30,0.1304,0.038,4,1,1,1,0
NCRB-SYNTH-110433,High Court,Sec 439 CrPC (Regular Bail),1,12,48,1,1,1,1,1,0,1,1,1,0.5869,1,187,0,1,1,1,1,1,1,0.7553,428,6.5337,54.28,1,1,1,1272690.94,0.1743,1,5,0.1856,0.1036,3,1,1,1,0
NCRB-SYNTH-110441,High Court,Sec 482 CrPC (Quashing),1,12,19,1,0,1,1,1,0,1,1,1,0.6832,1,161,1,1,1,1,1,1,1,0.5883,479,6.884,61.24,1,1,1,1110647.78,0.0013,1,2,0.4593,0.4181,1,1,1,1,1
NCRB-SYNTH-110448,High Court,Sec 439 CrPC (Regular Bail),1,20,18,1,1,1,1,1,0,1,1,1,0.8691,1,220,1,1,1,1,1,1,1,0.6692,223,9.6462,83.06,1,1,1,1459004.09,0.1359,1,31,0.1563,0.0451,4,1,1,1,1
NCRB-SYNTH-110471,High Court,Sec 439 CrPC (Regular Bail),1,7,43,1,1,1,1,1,0,1,1,1,0.9046,1,169,1,1,1,1,1,1,1,0.5031,313,11.3691,34.24,1,1,1,569391.29,0.0914,1,10,0.1863,0.0777,3,1,1,1,1
NCRB-SYNTH-110482,High Court,Sec 439 CrPC (Regular Bail),1,17,64,1,0,1,1,1,1,1,1,1,0.5366,1,144,1,1,1,1,1,1,1,0.774,404,5.035,19.11,1,1,1,1352935.18,0.0972,1,2,0.6559,0.597,1,1,1,1,0
NCRB-SYNTH-110489,High Court,Trial Judgment,1,20,70,1,0,1,1,1,0,1,1,1,0.386,1,187,1,1,1,1,1,1,1,0.6385,115,4.9124,52.98,1,1,1,1385258.38,0.1068,1,22,0.159,0.0507,4,1,1,1,0
NCRB-SYNTH-110495,High Court,Sec 439 CrPC (Regular Bail),1,19,68,1,0,1,1,1,0,1,1,1,0.5305,1,156,1,1,1,1,1,1,1,0.4915,200,11.0196,38.02,1,1,1,808465.06,0.1527,1,9,0.0618,0.0268,3,1,1,0,0
NCRB-SYNTH-110498,Supreme Court,Sec 439 CrPC (Regular Bail),2,6,20,1,0,1,1,1,0,1,1,1,0.5174,1,183,1,1,1,1,1,1,1,0.5787,345,13.2349,24.72,1,1,1,2294085.12,0.0212,1,7,0.2017,0.097,3,1,1,1,0
NCRB-SYNTH-110512,High Court,Sec 482 CrPC (Quashing),15,14,22,1,0,1,1,1,0,1,1,1,0.6978,1,299,1,1,1,1,1,1,1,0.7333,304,6.7121,87.77,1,1,1,277004.28,0.1784,1,4,0.2082,0.1294,3,1,1,1,1
NCRB-SYNTH-110515,High Court,Writ Petition (Detention),2,10,71,1,0,1,1,1,0,1,1,1,0.6457,1,291,1,1,1,1,1,1,1,0.4573,468,4.9182,16.53,1,1,1,636336.54,0.1538,1,30,0.1878,0.0547,4,1,1,1,0
NCRB-SYNTH-110517,High Court,Sec 439 CrPC (Regular Bail),1,3,31,0,0,1,1,1,1,1,1,1,0.534,1,236,1,1,1,1,1,1,1,0.7666,160,12.6212,63.16,1,1,1,1555791.06,0.1313,1,4,0.0779,0.0484,3,1,1,1,0
NCRB-SYNTH-110522,High Court,Trial Judgment,21,14,47,0,1,1,1,1,0,1,1,1,0.6528,1,279,1,1,1,1,1,1,1,0.6675,189,8.4867,15.44,1,1,1,1001195.23,0.1227,1,5,0.1971,0.11,3,1,1,1,1
NCRB-SYNTH-110527,High Court,Sec 439 CrPC (Regular Bail),4,12,23,1,0,1,1,1,0,1,1,1,0.6009,1,199,1,1,1,1,1,1,1,0.6373,267,9.4372,83.2,1,1,1,874818.79,0.0148,1,9,0.0855,0.0371,3,1,1,1,0
NCRB-SYNTH-110535,Supreme Court,Trial Judgment,15,12,15,1,0,1,1,1,1,1,1,1,0.6983,1,186,1,1,1,1,1,1,1,0.7996,386,4.8751,81.9,1,1,1,1433972.05,0.1281,1,31,0.0971,0.028,4,1,1,1,1
NCRB-SYNTH-110539,Supreme Court,Sec 482 CrPC (Quashing),1,16,40,0,1,1,1,1,1,1,1,1,0.6674,1,217,1,0,1,1,1,1,1,0.5798,277,10.8983,70.84,1,1,1,2426156.27,0.1772,1,8,0.0762,0.0347,3,1,1,1,1
NCRB-SYNTH-110542,High Court,Sec 482 CrPC (Quashing),1,21,60,1,0,1,1,1,0,1,1,1,0.6985,1,121,1,1,1,1,1,1,1,0.8203,142,8.1995,54.25,1,1,1,936320.31,0.1302,1,18,0.2627,0.0892,4,1,1,0,1
NCRB-SYNTH-110553,High Court,Sec 482 CrPC (Quashing),1,25,12,1,0,1,1,1,1,1,1,1,0.8565,1,162,0,0,1,1,1,1,1,0.7842,342,9.3334,72.38,1,1,1,1216030.17,0.0706,1,9,0.0623,0.0271,3,1,1,1,0
NCRB-SYNTH-110554,High Court,Sec 439 CrPC (Regular Bail),2,12,26,1,0,1,1,1,0,1,1,1,0.5765,1,198,1,1,1,1,1,1,1,0.5572,416,7.9538,57.04,1,1,1,1834210.44,0.0128,1,5,0.0808,0.0451,3,1,1,1,0
NCRB-SYNTH-110570,Supreme Court,Sec 439 CrPC (Regular Bail),1,21,29,1,1,1,1,1,1,1,1,1,0.6301,1,268,1,0,1,1,1,1,1,0.7523,473,3.7442,42.31,1,1,1,969013.83,0.1694,1,27,0.2419,0.0726,4,1,1,1,0
NCRB-SYNTH-110571,High Court,Sec 482 CrPC (Quashing),2,4,16,1,0,1,1,1,0,1,1,1,0.6079,1,222,1,1,1,1,1,1,1,0.7275,335,13.6483,57.21,1,1,1,1655759.14,0.1988,1,9,0.1018,0.0442,3,1,1,1,0
NCRB-SYNTH-110584,High Court,Sec 439 CrPC (Regular Bail),4,10,26,0,1,1,1,1,1,1,1,1,0.4779,1,167,1,1,1,1,1,1,1,0.6967,213,5.291,59.71,1,1,1,2436975.38,0.0448,1,7,0.2337,0.1124,3,1,1,1,0
NCRB-SYNTH-110592,Supreme Court,Sec 439 CrPC (Regular Bail),21,17,67,1,0,1,1,1,1,1,1,1,0.5962,1,126,1,1,1,1,1,1,1,0.6207,113,8.9111,60.0,1,1,1,566810.18,0.141,1,34,0.2486,0.0699,4,1,1,0,0
NCRB-SYNTH-110598,High Court,Sec 439 CrPC (Regular Bail),1,24,36,1,0,1,1,1,0,1,1,1,0.4569,1,262,1,1,1,1,1,1,1,0.6235,355,10.7176,64.73,1,1,1,1209501.9,0.0291,1,3,0.8641,0.6233,1,1,1,1,0
NCRB-SYNTH-110603,High Court,Sec 439 CrPC (Regular Bail),2,8,22,1,1,1,1,1,0,1,1,1,0.7942,1,178,1,0,1,1,1,1,1,0.5827,480,7.5028,47.85,1,1,1,1350173.23,0.0227,1,10,0.1654,0.069,3,1,1,1,1
NCRB-SYNTH-110607,Supreme Court,Sec 482 CrPC (Quashing),15,15,14,1,1,1,1,1,0,1,1,1,0.7136,1,287,1,0,1,1,1,1,1,0.6352,311,6.3045,16.37,1,1,1,1971725.5,0.1679,1,11,0.1611,0.0648,3,1,1,1,1
NCRB-SYNTH-110623,Supreme Court,Sec 439 CrPC (Regular Bail),4,17,74,1,1,1,1,1,0,1,1,1,0.4225,1,231,1,1,1,1,1,1,1,0.7539,135,10.4647,73.46,1,1,1,261563.25,0.1022,1,3,0.7385,0.5327,1,1,1,1,0
NCRB-SYNTH-110626,High Court,Sec 482 CrPC (Quashing),1,7,26,1,0,1,1,1,1,1,1,1,0.9414,1,163,1,1,1,1,1,1,1,0.7169,398,13.396,22.27,1,1,1,642462.55,0.1269,1,10,0.0757,0.0316,3,1,1,0,1
NCRB-SYNTH-110631,High Court,Sec 482 CrPC (Quashing),1,7,46,1,0,1,1,1,1,1,1,1,0.6191,1,276,1,1,1,1,1,1,1,0.535,193,3.8861,79.28,1,1,1,368567.47,0.0628,1,36,0.1433,0.0397,4,1,1,1,0
NCRB-SYNTH-110641,High Court,Sec 439 CrPC (Regular Bail),1,22,25,1,1,1,1,1,0,1,1,1,0.6488,1,173,0,0,1,1,1,1,1,0.5464,357,5.4583,34.96,1,1,1,1235176.57,0.1221,1,40,0.2218,0.0597,4,1,1,0,0
NCRB-SYNTH-110650,Supreme Court,Sec 439 CrPC (Regular Bail),4,25,27,1,0,1,1,1,0,1,1,1,0.8975,1,284,1,1,1,1,1,1,1,0.5169,129,4.2874,23.16,1,1,1,906007.96,0.0911,1,39,0.1864,0.0505,4,1,1,1,1
NCRB-SYNTH-110654,Supreme Court,Sec 439 CrPC (Regular Bail),1,12,12,1,0,1,1,1,1,1,1,1,0.4514,1,124,1,1,1,1,1,1,1,0.8955,396,8.6672,38.51,1,1,1,1493567.59,0.1376,1,8,0.133,0.0605,3,1,1,0,0
NCRB-SYNTH-110660,High Court,Sec 439 CrPC (Regular Bail),1,5,27,1,1,1,1,1,1,1,1,1,0.9653,1,266,1,1,1,1,1,1,1,0.6477,276,8.2398,27.78,1,1,1,1755601.11,0.1285,1,45,0.123,0.0321,4,1,1,1,1
NCRB-SYNTH-110665,High Court,Sec 439 CrPC (Regular Bail),1,4,50,0,0,1,1,1,1,1,1,1,0.7693,1,296,1,1,1,1,1,1,1,0.6936,136,5.7093,61.87,1,1,1,336567.38,0.1382,1,6,0.2263,0.1163,3,1,1,1,1
NCRB-SYNTH-110678,Trial Court,Sec 482 CrPC (Quashing),4,19,26,1,1,1,1,1,0,1,1,1,0.9266,1,171,0,0,1,1,1,1,1,0.7366,251,12.3548,73.56,1,1,1,889947.63,0.0064,1,43,0.2839,0.075,4,1,1,1,0
NCRB-SYNTH-110706,High Court,Sec 439 CrPC (Regular Bail),1,7,70,1,0,1,1,1,0,1,1,1,0.7898,1,176,1,1,1,1,1,1,1,0.6748,146,6.4463,52.72,1,1,1,1496163.56,0.0757,1,2,0.6505,0.5922,1,1,1,1,1
NCRB-SYNTH-110707,High Court,Sec 439 CrPC (Regular Bail),4,15,56,1,0,1,1,1,0,1,1,1,0.6343,1,290,0,0,1,1,1,1,1,0.6676,138,8.1411,65.74,1,1,1,374616.92,0.0254,1,14,0.2531,0.0935,4,1,1,1,0
NCRB-SYNTH-110709,High Court,Sec 482 CrPC (Quashing),2,4,77,1,0,1,1,1,1,1,1,1,0.8863,1,126,1,1,1,1,1,1,1,0.6272,326,5.6007,83.88,1,1,1,1860569.49,0.0114,1,14,0.1756,0.0649,4,1,1,1,1
NCRB-SYNTH-110711,High Court,Sec 482 CrPC (Quashing),4,15,33,1,0,1,1,1,0,1,1,1,0.4259,1,174,1,1,1,1,1,1,1,0.5685,233,8.8427,37.41,1,1,1,89505.13,0.0021,1,7,0.2493,0.1199,3,1,1,1,0
NCRB-SYNTH-110721,High Court,Sec 482 CrPC (Quashing),15,19,56,1,0,1,1,1,0,1,1,1,0.5219,1,158,1,1,1,1,1,1,1,0.6855,364,10.3374,23.67,1,1,1,243323.04,0.003,1,1,0.6904,0.996,1,1,1,1,0
NCRB-SYNTH-110725,Supreme Court,Sec 482 CrPC (Quashing),1,19,65,1,0,1,1,1,0,1,1,1,0.529,1,156,1,1,1,1,1,1,1,0.4403,432,12.9763,74.83,1,1,1,1417806.43,0.1743,1,1,0.6935,1.0005,1,1,1,0,0
NCRB-SYNTH-110730,Trial Court,Sec 482 CrPC (Quashing),2,20,23,1,1,1,1,1,0,1,1,1,0.4761,1,216,1,1,1,1,1,1,1,0.8264,151,4.9448,35.4,1,1,1,1103428.23,0.1515,1,34,0.1351,0.038,4,1,1,1,0
NCRB-SYNTH-110734,High Court,Sec 482 CrPC (Quashing),21,18,76,1,1,1,1,1,0,1,1,1,0.8168,1,184,1,1,1,1,1,1,1,0.5906,421,10.412,25.94,1,1,1,2354375.1,0.1831,1,5,0.2422,0.1352,3,1,1,1,1
NCRB-SYNTH-110746,High Court,Sec 439 CrPC (Regular Bail),4,7,20,1,1,1,1,1,1,1,1,1,0.5107,1,175,0,0,1,1,1,1,1,0.8483,137,10.4942,40.7,1,1,1,974810.28,0.0985,1,44,0.1658,0.0436,4,1,1,1,0
NCRB-SYNTH-110752,High Court,Sec 439 CrPC (Regular Bail),2,6,11,1,0,1,1,1,0,1,1,1,0.9126,1,238,1,1,1,1,1,1,1,0.5745,327,8.6563,71.29,1,1,1,2145045.93,0.0925,1,1,0.4211,0.6075,1,1,1,1,1
NCRB-SYNTH-110753,High Court,Sec 439 CrPC (Regular Bail),1,25,26,0,0,1,1,1,1,1,1,1,0.4476,1,219,1,1,1,1,1,1,1,0.7834,181,11.9191,39.23,1,1,1,1401697.89,0.0308,1,8,0.0605,0.0275,3,1,1,1,0
NCRB-SYNTH-110754,Trial Court,Sec 482 CrPC (Quashing),1,11,51,1,0,1,1,1,1,1,1,1,0.4339,1,204,0,0,1,1,1,1,1,0.703,430,7.7561,31.78,1,1,1,418298.34,0.1042,1,1,0.8821,1.2726,1,1,1,1,0
NCRB-SYNTH-110756,High Court,Sec 439 CrPC (Regular Bail),21,21,67,1,1,1,1,1,1,1,1,1,0.836,1,297,1,1,1,1,1,1,1,0.662,117,13.2546,62.72,1,1,1,2355664.5,0.1554,1,5,0.0896,0.05,3,1,1,1,1
NCRB-SYNTH-110766,High Court,Sec 482 CrPC (Quashing),2,25,32,1,1,1,1,1,0,1,1,1,0.6175,1,232,0,0,1,1,1,1,1,0.6482,172,9.0633,47.1,1,1,1,1489475.8,0.0964,1,19,0.2335,0.0779,4,1,1,1,0
NCRB-SYNTH-110767,High Court,Sec 439 CrPC (Regular Bail),1,20,42,0,0,1,1,1,0,1,1,1,0.5621,1,219,1,0,1,1,1,1,1,0.5049,343,8.2792,64.04,1,1,1,339738.72,0.0944,1,11,0.1475,0.0593,3,1,1,1,0
NCRB-SYNTH-110770,High Court,Sec 482 CrPC (Quashing),7,19,54,1,0,1,1,1,1,1,1,1,0.5037,1,299,1,0,1,1,1,1,1,0.6488,273,7.1776,75.24,1,1,1,190053.63,0.1191,1,28,0.2641,0.0784,4,1,1,1,0
NCRB-SYNTH-110772,High Court,Sec 439 CrPC (Regular Bail),2,17,58,1,0,1,1,1,0,1,1,1,0.5958,1,286,1,1,1,1,1,1,1,0.6957,301,4.5363,87.71,1,1,1,208450.61,0.1914,1,10,0.2318,0.0967,3,1,1,1,0
NCRB-SYNTH-110810,High Court,Sec 482 CrPC (Quashing),2,23,29,1,0,1,1,1,0,1,1,1,0.9117,1,233,1,1,1,1,1,1,1,0.7335,350,7.908,48.37,1,1,1,1472704.03,0.0882,1,9,0.1862,0.0809,3,1,1,1,1
NCRB-SYNTH-110811,High Court,Sec 439 CrPC (Regular Bail),21,8,62,0,0,1,1,1,0,1,1,1,0.6545,1,161,0,0,1,1,1,1,1,0.6796,196,10.5886,89.79,1,1,1,304348.01,0.0563,1,27,0.1629,0.0489,4,1,1,1,0
NCRB-SYNTH-110816,High Court,Sec 439 CrPC (Regular Bail),1,12,26,1,0,1,1,1,0,1,1,1,0.6746,1,242,1,0,1,1,1,1,1,0.663,181,3.8414,66.29,1,1,1,1227468.92,0.1827,1,10,0.2324,0.0969,3,1,1,1,1
NCRB-SYNTH-110825,High Court,Sec 439 CrPC (Regular Bail),4,11,17,1,1,1,1,1,0,1,1,1,0.6909,1,212,0,1,1,1,1,1,1,0.9115,316,12.0391,73.28,1,1,1,2061428.3,0.0506,1,3,0.6885,0.4967,1,1,1,1,0
NCRB-SYNTH-110837,High Court,Sec 482 CrPC (Quashing),1,5,16,1,0,1,1,1,0,1,1,1,0.4896,1,261,1,1,1,1,1,1,1,0.9081,331,12.8374,19.71,1,1,1,719691.44,0.006,1,9,0.1002,0.0435,3,1,1,1,0
NCRB-SYNTH-110839,High Court,Sec 482 CrPC (Quashing),1,21,46,1,0,1,1,1,0,1,1,1,0.8027,1,187,1,1,1,1,1,1,1,0.4794,286,8.5577,34.07,1,1,1,1923665.85,0.0184,1,1,0.5799,0.8367,1,1,1,1,1
NCRB-SYNTH-110847,Supreme Court,Sec 439 CrPC (Regular Bail),1,24,58,1,0,1,1,1,0,1,1,1,0.6203,1,239,1,1,1,1,1,1,1,0.6627,289,9.1109,41.02,1,1,1,1943101.19,0.1479,1,16,0.1774,0.0626,4,1,1,0,0
NCRB-SYNTH-110853,Trial Court,Sec 439 CrPC (Regular Bail),1,22,77,1,0,1,1,1,0,1,1,1,0.457,1,177,1,1,1,1,1,1,1,0.5484,220,6.5337,65.9,1,1,1,1961630.78,0.1685,1,10,0.2377,0.0991,3,1,1,0,0
NCRB-SYNTH-110856,High Court,Sec 439 CrPC (Regular Bail),1,21,39,1,0,1,1,1,0,1,1,1,0.6346,1,291,1,1,1,1,1,1,1,0.8711,182,8.8973,73.11,1,1,1,707581.13,0.1595,1,7,0.1094,0.0526,3,1,1,1,0
NCRB-SYNTH-110860,High Court,Sec 482 CrPC (Quashing),1,5,61,1,1,1,1,1,0,1,1,1,0.51,1,172,1,1,1,1,1,1,1,0.6703,493,11.3322,58.96,1,1,1,2391447.93,0.1025,1,45,0.0978,0.0255,4,1,1,1,0
NCRB-SYNTH-110872,High Court,Trial Judgment,1,18,63,0,1,1,1,1,0,1,1,1,0.7763,1,207,1,0,1,1,1,1,1,0.6199,330,13.3241,46.84,1,1,1,627927.57,0.0682,1,10,0.1898,0.0792,3,1,1,1,1
NCRB-SYNTH-110873,High Court,Sec 439 CrPC (Regular Bail),1,21,61,1,0,1,1,1,1,1,1,1,0.788,1,185,1,1,1,1,1,1,1,0.7572,194,6.4432,57.06,1,1,1,1088129.78,0.0665,1,22,0.1123,0.0358,4,1,1,1,1
NCRB-SYNTH-110884,High Court,Sec 439 CrPC (Regular Bail),1,14,51,0,0,1,1,1,0,1,1,1,0.4777,1,246,1,1,1,1,1,1,1,0.7682,291,10.0006,33.84,1,1,1,773624.48,0.1369,1,4,0.2095,0.1302,3,1,1,1,0
NCRB-SYNTH-110886,Supreme Court,Writ Petition (Detention),1,9,36,0,0,1,1,1,0,1,1,1,0.6746,1,283,1,1,1,1,1,1,1,0.672,403,8.2969,34.77,1,1,1,1860291.67,0.0544,1,2,0.9462,0.8613,1,1,1,1,1
NCRB-SYNTH-110895,Trial Court,Sec 439 CrPC (Regular Bail),2,10,12,0,1,1,1,1,1,1,1,1,0.8815,1,246,1,1,1,1,1,1,1,0.5162,204,7.5274,42.89,1,1,1,1784775.9,0.1386,1,1,0.4901,0.707,1,1,1,1,1
NCRB-SYNTH-110902,Trial Court,Sec 439 CrPC (Regular Bail),1,25,25,1,0,1,1,1,0,1,1,1,0.6694,1,147,1,1,1,1,1,1,1,0.6112,239,10.5309,85.63,1,1,1,1545211.92,0.1783,1,9,0.1085,0.0471,3,1,1,0,1
NCRB-SYNTH-110904,High Court,Sec 439 CrPC (Regular Bail),1,12,51,1,0,1,1,1,0,1,1,1,0.8596,1,249,1,1,1,1,1,1,1,0.7051,210,9.0142,42.4,1,1,1,1274104.37,0.1833,1,8,0.0856,0.0389,3,1,1,1,1
NCRB-SYNTH-110905,High Court,Sec 482 CrPC (Quashing),4,18,65,0,0,1,1,1,0,1,1,1,0.4714,1,241,1,1,1,1,1,1,1,0.57,331,13.2629,27.92,1,1,1,275402.79,0.1308,1,2,0.7083,0.6447,1,1,1,1,0
NCRB-SYNTH-110912,High Court,Sec 482 CrPC (Quashing),4,5,42,1,0,1,1,1,0,1,1,1,0.826,1,241,1,1,1,1,1,1,1,0.7913,190,13.1489,34.96,1,1,1,1673243.37,0.1703,1,10,0.1402,0.0585,3,1,1,1,1
NCRB-SYNTH-110919,High Court,Sec 439 CrPC (Regular Bail),1,13,38,1,0,1,1,1,0,1,1,1,0.6123,1,246,0,0,1,1,1,1,1,0.821,216,13.1904,32.45,1,1,1,1171175.36,0.0895,1,45,0.2606,0.0681,4,1,1,1,0
NCRB-SYNTH-110922,Supreme Court,Sec 439 CrPC (Regular Bail),1,16,71,1,1,1,1,1,0,1,1,1,0.7759,1,270,1,1,1,1,1,1,1,0.6493,159,10.9164,85.5,1,1,1,446531.59,0.0285,1,6,0.0667,0.0343,3,1,1,1,1
NCRB-SYNTH-110929,Supreme Court,Sec 439 CrPC (Regular Bail),21,12,75,1,0,1,1,1,0,1,1,1,0.9672,1,264,1,1,1,1,1,1,1,0.6766,387,5.8702,71.19,1,1,1,1166244.68,0.0709,1,5,0.2356,0.1315,3,1,1,1,1
NCRB-SYNTH-110941,High Court,Sec 439 CrPC (Regular Bail),7,9,17,1,0,1,1,1,1,1,1,1,0.7934,1,118,1,1,1,1,1,1,1,0.5407,409,6.3702,52.01,1,1,1,51193.74,0.0861,1,11,0.1048,0.0422,3,1,1,1,1
NCRB-SYNTH-110942,High Court,Sec 439 CrPC (Regular Bail),1,4,52,1,0,1,1,1,1,1,1,1,0.7426,1,192,1,1,1,1,1,1,1,0.3875,436,10.0462,19.92,1,1,1,2162052.08,0.1116,1,6,0.2286,0.1175,3,1,1,1,1
NCRB-SYNTH-110946,High Court,Sec 482 CrPC (Quashing),1,14,56,1,0,1,1,1,1,1,1,1,0.5343,1,283,1,1,1,1,1,1,1,0.7792,250,9.1205,24.78,1,1,1,455098.05,0.1378,1,4,0.1809,0.1124,3,1,1,0,0
NCRB-SYNTH-110959,Trial Court,Sec 482 CrPC (Quashing),1,11,21,1,0,1,1,1,1,1,1,1,0.3923,1,292,1,1,1,1,1,1,1,0.6166,259,4.2337,88.83,1,1,1,1774698.85,0.0693,1,11,0.136,0.0547,3,1,1,1,0
NCRB-SYNTH-110968,High Court,Writ Petition (Detention),1,16,49,0,0,1,1,1,0,1,1,1,0.6883,1,200,1,1,1,1,1,1,1,0.7994,321,10.5767,71.24,1,1,1,1398190.61,0.1895,1,25,0.2154,0.0661,4,1,1,1,1
NCRB-SYNTH-110969,Trial Court,Sec 439 CrPC (Regular Bail),1,20,14,1,0,1,1,1,1,1,1,1,0.8555,1,175,1,1,1,1,1,1,1,0.8347,232,11.5781,51.85,1,1,1,2368062.77,0.1258,1,19,0.2757,0.092,4,1,1,1,1
NCRB-SYNTH-110974,Supreme Court,Sec 439 CrPC (Regular Bail),2,3,65,1,0,1,1,1,0,1,1,1,0.844,1,282,1,1,1,1,1,1,1,0.6803,454,5.8073,82.43,1,1,1,1876878.03,0.0964,1,2,0.743,0.6763,1,1,1,1,1
NCRB-SYNTH-110980,High Court,Writ Petition (Detention),1,9,66,1,0,1,1,1,0,1,1,1,0.6594,1,211,0,0,1,1,1,1,1,0.51,373,7.2139,51.55,1,1,1,783884.15,0.0261,1,8,0.1535,0.0699,3,1,1,1,0
NCRB-SYNTH-110981,High Court,Sec 482 CrPC (Quashing),4,14,10,1,1,1,1,1,1,1,1,1,0.6942,1,273,1,1,1,1,1,1,1,0.7985,189,10.9922,30.17,1,1,1,468250.27,0.1851,1,7,0.2189,0.1053,3,1,1,1,1
NCRB-SYNTH-110982,High Court,Sec 482 CrPC (Quashing),7,11,42,1,1,1,1,1,0,1,1,1,0.8274,1,294,0,0,1,1,1,1,1,0.7378,352,6.4218,42.33,1,1,1,1475630.3,0.1873,1,4,0.0684,0.0425,3,1,1,1,0
NCRB-SYNTH-110990,High Court,Sec 439 CrPC (Regular Bail),1,13,69,1,0,1,1,1,0,1,1,1,0.742,1,152,1,1,1,1,1,1,1,1.0,217,8.7759,74.54,1,1,1,549330.24,0.0729,1,11,0.246,0.099,3,1,1,1,1
NCRB-SYNTH-110991,High Court,Sec 439 CrPC (Regular Bail),1,5,43,1,0,1,1,1,0,1,1,1,0.9009,1,217,1,1,1,1,1,1,1,0.5383,189,10.2545,69.5,1,1,1,348525.25,0.0677,1,6,0.0649,0.0334,3,1,1,1,1
NCRB-SYNTH-110992,High Court,Sec 439 CrPC (Regular Bail),1,15,42,1,1,1,1,1,0,1,1,1,0.9063,1,205,1,1,1,1,1,1,1,0.6051,419,5.4725,66.1,1,1,1,306723.56,0.0765,1,2,0.9258,0.8427,1,1,1,1,1
NCRB-SYNTH-110998,High Court,Writ Petition (Detention),1,23,65,1,1,1,1,1,0,1,1,1,0.7638,1,184,1,1,1,1,1,1,1,0.6051,388,4.9292,81.64,1,1,1,1435502.04,0.0675,1,10,0.0766,0.0319,3,1,1,1,1
NCRB-SYNTH-111000,Supreme Court,Sec 439 CrPC (Regular Bail),1,20,30,1,0,1,1,1,1,1,1,1,0.8406,1,266,1,1,1,1,1,1,1,0.887,222,5.2867,64.3,1,1,1,249717.34,0.122,1,2,0.5578,0.5078,1,1,1,1,1
NCRB-SYNTH-111003,Supreme Court,Sec 482 CrPC (Quashing),1,5,77,1,0,1,1,1,0,1,1,1,0.6488,1,143,0,0,1,1,1,1,1,0.6485,462,13.1919,76.52,1,1,1,637919.95,0.1059,1,8,0.1148,0.0522,3,1,1,1,0
NCRB-SYNTH-111007,High Court,Sec 439 CrPC (Regular Bail),1,24,13,1,0,1,1,1,1,1,1,1,0.4166,1,151,0,0,1,1,1,1,1,0.5963,281,10.7718,87.55,1,1,1,415941.88,0.1744,1,7,0.0922,0.0444,3,1,1,1,0
NCRB-SYNTH-111009,Trial Court,Writ Petition (Detention),1,11,58,1,1,1,1,1,0,1,1,1,0.5695,1,260,1,1,1,1,1,1,1,0.8251,152,11.3585,87.99,1,1,1,2147619.14,0.0651,1,39,0.1303,0.0353,4,1,1,1,0
NCRB-SYNTH-111012,High Court,Writ Petition (Detention),1,15,20,1,0,1,1,1,0,1,1,1,0.5617,1,164,1,1,1,1,1,1,1,0.6477,432,7.9401,61.54,1,1,1,731066.45,0.1931,1,9,0.0807,0.035,3,1,1,1,0
NCRB-SYNTH-111017,Supreme Court,Writ Petition (Detention),4,13,14,1,0,1,1,1,0,1,1,1,0.7557,1,144,1,1,1,1,1,1,1,0.7029,351,9.7942,24.81,1,1,1,1060278.48,0.1744,1,4,0.2136,0.1327,3,1,1,0,1
NCRB-SYNTH-111026,High Court,Sec 439 CrPC (Regular Bail),7,16,69,1,0,1,1,1,0,1,1,1,0.5323,1,185,1,1,1,1,1,1,1,0.8003,378,9.414,52.4,1,1,1,1704393.66,0.1895,1,9,0.1359,0.059,3,1,1,1,0
NCRB-SYNTH-111037,High Court,Sec 439 CrPC (Regular Bail),1,21,39,1,0,1,1,1,0,1,1,1,0.5888,1,126,1,1,1,1,1,1,1,0.6603,116,11.765,55.43,1,1,1,1781852.71,0.065,1,5,0.1064,0.0594,3,1,1,0,0
NCRB-SYNTH-111041,High Court,Writ Petition (Detention),1,18,75,1,0,1,1,1,0,1,1,1,0.4125,1,236,1,1,1,1,1,1,1,0.6528,166,5.2193,88.67,1,1,1,511845.33,0.0296,1,11,0.2463,0.0991,3,1,1,1,0
NCRB-SYNTH-111042,High Court,Sec 482 CrPC (Quashing),2,16,25,1,0,1,1,1,0,1,1,1,0.5265,1,203,1,1,1,1,1,1,1,0.5161,449,4.5135,73.43,1,1,1,844816.21,0.1637,1,7,0.2063,0.0992,3,1,1,1,0
NCRB-SYNTH-111053,High Court,Sec 439 CrPC (Regular Bail),1,18,21,1,0,1,1,1,0,1,1,1,0.8909,1,216,0,0,1,1,1,1,1,0.8422,190,4.0005,52.88,1,1,1,729716.75,0.178,1,11,0.0696,0.028,3,1,1,1,0
NCRB-SYNTH-111057,High Court,Sec 482 CrPC (Quashing),1,16,35,1,0,1,1,1,1,1,1,1,0.7838,1,250,1,1,1,1,1,1,1,0.6478,469,9.3251,77.15,1,1,1,2388653.82,0.196,1,5,0.187,0.1043,3,1,1,1,1
NCRB-SYNTH-111084,High Court,Sec 482 CrPC (Quashing),1,16,77,1,0,1,1,1,0,1,1,1,0.8521,1,284,1,0,1,1,1,1,1,0.7827,230,4.0927,62.24,1,1,1,182072.74,0.0721,1,1,0.9131,1.3173,1,1,1,1,1
NCRB-SYNTH-111088,High Court,Sec 439 CrPC (Regular Bail),1,21,36,0,0,1,1,1,1,1,1,1,0.8792,1,142,1,1,1,1,1,1,1,0.6577,157,11.7343,77.91,1,1,1,620617.59,0.0898,1,11,0.1781,0.0717,3,1,1,1,1
NCRB-SYNTH-111090,High Court,Sec 439 CrPC (Regular Bail),1,20,62,1,0,1,1,1,0,1,1,1,0.432,1,136,1,1,1,1,1,1,1,0.8007,131,8.6056,38.63,1,1,1,1048329.14,0.1464,1,2,0.5869,0.5343,1,1,1,1,0
NCRB-SYNTH-111110,High Court,Sec 482 CrPC (Quashing),4,16,57,1,1,1,1,1,0,1,1,1,0.6792,1,248,1,1,1,1,1,1,1,0.4445,102,3.4872,84.55,1,1,1,2156454.79,0.0575,1,30,0.2556,0.0744,4,1,1,1,1
NCRB-SYNTH-111111,High Court,Trial Judgment,2,11,46,1,0,1,1,1,0,1,1,1,0.7308,1,219,0,0,1,1,1,1,1,0.6859,450,11.5137,34.7,1,1,1,2114868.63,0.1958,1,2,0.9489,0.8637,1,1,1,1,0
NCRB-SYNTH-111115,High Court,Sec 482 CrPC (Quashing),4,20,54,0,1,1,1,1,1,1,1,1,0.4846,1,296,0,0,1,1,1,1,1,0.4917,471,13.5734,74.31,1,1,1,836689.79,0.1628,1,8,0.1151,0.0524,3,1,1,1,0
NCRB-SYNTH-111124,High Court,Sec 482 CrPC (Quashing),2,14,12,1,0,1,1,1,1,1,1,1,0.6797,1,123,1,1,1,1,1,1,1,0.7367,211,3.4951,24.71,1,1,1,1117493.9,0.1175,1,28,0.2038,0.0605,4,1,1,0,1
NCRB-SYNTH-111134,High Court,Sec 482 CrPC (Quashing),1,19,15,1,0,1,1,1,0,1,1,1,0.7862,1,257,1,0,1,1,1,1,1,0.7016,182,4.0552,85.52,1,1,1,1732129.97,0.0246,1,11,0.0922,0.0371,3,1,1,1,1
NCRB-SYNTH-111135,High Court,Sec 439 CrPC (Regular Bail),15,11,15,1,0,1,1,1,0,1,1,1,0.6864,1,176,0,0,1,1,1,1,1,0.6767,231,5.895,47.56,1,1,1,725188.92,0.0683,1,1,0.7216,1.041,1,1,1,1,0
NCRB-SYNTH-111139,High Court,Sec 482 CrPC (Quashing),21,13,38,1,0,1,1,1,1,1,1,1,0.6769,1,121,1,0,1,1,1,1,1,0.675,245,13.1796,41.58,1,1,1,1092401.16,0.1192,1,29,0.3029,0.0891,4,1,1,0,1
NCRB-SYNTH-111146,Trial Court,Sec 439 CrPC (Regular Bail),1,6,42,1,0,1,1,1,0,1,1,1,0.9138,1,181,1,1,1,1,1,1,1,0.6426,165,8.5297,59.0,1,1,1,324968.96,0.098,1,1,0.5112,0.7374,1,1,1,1,1
NCRB-SYNTH-111152,Supreme Court,Sec 482 CrPC (Quashing),1,18,26,1,0,1,1,1,0,1,1,1,0.6138,1,198,1,1,1,1,1,1,1,0.7348,283,13.2806,34.39,1,1,1,1166933.6,0.0104,1,7,0.0679,0.0327,3,1,1,1,0
NCRB-SYNTH-111159,High Court,Sec 482 CrPC (Quashing),1,25,66,1,0,1,1,1,1,1,1,1,0.5708,1,237,1,1,1,1,1,1,1,0.5361,322,10.9452,21.64,1,1,1,663661.03,0.0412,1,10,0.0711,0.0297,3,1,1,1,0
NCRB-SYNTH-111160,High Court,Sec 439 CrPC (Regular Bail),27,10,20,1,0,1,1,1,0,1,1,1,0.5555,1,169,1,1,1,1,1,1,1,0.7078,363,9.3672,41.62,1,1,1,1747008.16,0.1708,1,9,0.182,0.0791,3,1,1,1,0
NCRB-SYNTH-111174,Supreme Court,Sec 439 CrPC (Regular Bail),1,17,75,1,0,1,1,1,1,1,1,1,0.6052,1,280,1,1,1,1,1,1,1,0.8888,226,7.385,72.95,1,1,1,1685017.42,0.1529,1,1,0.7928,1.1437,1,1,1,1,0
NCRB-SYNTH-111176,High Court,Sec 482 CrPC (Quashing),1,20,43,1,0,1,1,1,0,1,1,1,0.4844,1,146,1,1,1,1,1,1,1,0.6893,476,11.9833,59.34,1,1,1,554862.99,0.1677,1,6,0.2393,0.123,3,1,1,1,0
NCRB-SYNTH-111177,High Court,Sec 439 CrPC (Regular Bail),1,6,25,1,0,1,1,1,0,1,1,1,0.9741,1,202,1,1,1,1,1,1,1,0.6243,405,3.511,87.15,1,1,1,1557142.82,0.0097,1,1,0.8644,1.247,1,1,1,1,1
NCRB-SYNTH-111179,High Court,Sec 439 CrPC (Regular Bail),2,7,50,1,0,1,1,1,0,1,1,1,0.5067,1,206,1,1,1,1,1,1,1,0.4517,119,10.1255,37.09,1,1,1,344687.16,0.1871,1,9,0.2076,0.0902,3,1,1,1,0
NCRB-SYNTH-111184,Supreme Court,Writ Petition (Detention),27,19,46,1,0,1,1,1,1,1,1,1,0.6575,1,222,1,1,1,1,1,1,1,0.5201,437,12.9506,71.67,1,1,1,1930567.57,0.1339,1,7,0.1207,0.058,3,1,1,1,1
NCRB-SYNTH-111185,High Court,Sec 439 CrPC (Regular Bail),4,19,31,0,1,1,1,1,0,1,1,1,0.4186,1,179,1,0,1,1,1,1,1,0.4156,235,12.5237,39.24,1,1,1,333394.25,0.131,1,9,0.1586,0.0689,3,1,1,1,0
NCRB-SYNTH-111188,High Court,Sec 482 CrPC (Quashing),1,4,55,1,0,1,1,1,0,1,1,1,0.5819,1,264,0,1,1,1,1,1,1,0.7289,335,13.603,62.43,1,1,1,702989.92,0.1442,1,5,0.1577,0.088,3,1,1,1,0
NCRB-SYNTH-111190,High Court,Sec 439 CrPC (Regular Bail),1,18,44,1,0,1,1,1,0,1,1,1,0.8879,1,164,1,1,1,1,1,1,1,0.7888,265,6.6526,62.94,1,1,1,795580.11,0.167,1,6,0.1295,0.0665,3,1,1,1,1
NCRB-SYNTH-111191,Supreme Court,Sec 439 CrPC (Regular Bail),1,21,16,1,0,1,1,1,1,1,1,1,0.6625,1,153,0,0,1,1,1,1,1,0.5159,244,4.8717,27.14,1,1,1,2019926.91,0.0048,1,45,0.3143,0.0821,4,1,1,0,0
NCRB-SYNTH-111194,High Court,Sec 482 CrPC (Quashing),1,24,59,1,0,1,1,1,1,1,1,1,0.505,1,290,1,1,1,1,1,1,1,0.8001,292,4.7527,37.92,1,1,1,1076059.08,0.0383,1,11,0.0613,0.0247,3,1,1,1,0
NCRB-SYNTH-111203,High Court,Sec 482 CrPC (Quashing),2,23,24,1,0,1,1,1,0,1,1,1,0.773,1,148,1,1,1,1,1,1,1,0.5359,472,5.3082,65.61,1,1,1,1057422.28,0.1276,1,20,0.1439,0.0473,4,1,1,1,1
NCRB-SYNTH-111213,High Court,Sec 482 CrPC (Quashing),2,11,13,1,0,1,1,1,0,1,1,1,0.9117,1,202,1,1,1,1,1,1,1,0.5817,146,10.7003,83.24,1,1,1,2054226.83,0.0814,1,8,0.1634,0.0743,3,1,1,1,1
NCRB-SYNTH-111218,High Court,Trial Judgment,1,17,22,1,0,1,1,1,0,1,1,1,0.6891,1,259,0,0,1,1,1,1,1,0.8274,138,9.569,81.28,1,1,1,839667.04,0.1765,1,3,0.7956,0.5739,1,1,1,0,0
NCRB-SYNTH-111232,Trial Court,Sec 439 CrPC (Regular Bail),1,4,38,1,0,1,1,1,0,1,1,1,0.9852,1,227,1,1,1,1,1,1,1,0.7468,443,3.5527,64.11,1,1,1,1114383.79,0.0652,1,7,0.1826,0.0878,3,1,1,1,1
NCRB-SYNTH-111234,Supreme Court,Writ Petition (Detention),1,19,59,1,0,1,1,1,0,1,1,1,0.8925,1,133,0,1,1,1,1,1,1,0.6172,186,10.28,85.31,1,1,1,1055996.16,0.1625,1,2,0.4415,0.4019,1,1,1,1,0
NCRB-SYNTH-111251,High Court,Sec 439 CrPC (Regular Bail),4,19,25,1,0,1,1,1,0,1,1,1,0.9369,1,135,1,1,1,1,1,1,1,0.7888,427,5.5812,66.6,1,1,1,2120692.38,0.1946,1,7,0.0977,0.047,3,1,1,0,1
NCRB-SYNTH-111263,High Court,Sec 482 CrPC (Quashing),2,5,10,1,0,1,1,1,1,1,1,1,0.5077,1,180,1,1,1,1,1,1,1,0.6058,434,4.3735,88.11,1,1,1,2252440.1,0.0037,1,42,0.1532,0.0407,4,1,1,1,0
NCRB-SYNTH-111267,High Court,Sec 439 CrPC (Regular Bail),1,18,43,1,0,1,1,1,0,1,1,1,0.4937,1,144,0,0,1,1,1,1,1,0.539,171,4.8752,54.99,1,1,1,1779221.62,0.0302,1,10,0.1187,0.0495,3,1,1,0,0
NCRB-SYNTH-111273,High Court,Sec 439 CrPC (Regular Bail),1,18,42,1,0,1,1,1,0,1,1,1,0.9525,1,188,1,1,1,1,1,1,1,0.8172,466,9.6377,21.97,1,1,1,1596200.41,0.1419,1,4,0.2036,0.1265,3,1,1,1,1
NCRB-SYNTH-111278,High Court,Trial Judgment,2,17,24,0,1,1,1,1,0,1,1,1,0.5227,1,287,1,1,1,1,1,1,1,0.7585,271,12.9536,87.9,1,1,1,2222883.4,0.03,1,23,0.0813,0.0256,4,1,1,1,0
NCRB-SYNTH-111291,Supreme Court,Sec 482 CrPC (Quashing),2,3,67,1,0,1,1,1,0,1,1,1,0.411,1,186,1,0,1,1,1,1,1,0.7498,453,6.8729,42.54,1,1,1,1922999.95,0.0604,1,22,0.1249,0.0398,4,1,1,1,0
NCRB-SYNTH-111293,High Court,Sec 439 CrPC (Regular Bail),7,19,44,1,0,1,1,1,1,1,1,1,0.7561,1,261,1,1,1,1,1,1,1,0.6981,297,12.1336,37.93,1,1,1,2091451.26,0.0236,1,8,0.1116,0.0508,3,1,1,1,1
NCRB-SYNTH-111299,High Court,Sec 439 CrPC (Regular Bail),1,6,62,1,0,1,1,1,1,1,1,1,0.6012,1,127,1,0,1,1,1,1,1,0.5024,438,11.7324,64.87,1,1,1,665414.1,0.0594,1,4,0.1135,0.0705,3,1,1,1,0
NCRB-SYNTH-111317,High Court,Sec 439 CrPC (Regular Bail),1,15,38,0,1,1,1,1,1,1,1,1,0.491,1,202,0,0,1,1,1,1,1,0.6044,316,11.1526,81.62,1,1,1,1125379.09,0.1208,1,2,0.4334,0.3945,1,1,1,1,0
NCRB-SYNTH-111321,High Court,Sec 439 CrPC (Regular Bail),4,4,67,1,1,1,1,1,0,1,1,1,0.8609,1,156,1,1,1,1,1,1,1,0.8559,439,8.3458,69.73,1,1,1,67405.15,0.1765,1,6,0.2258,0.116,3,1,1,1,1
NCRB-SYNTH-111322,High Court,Sec 439 CrPC (Regular Bail),1,24,30,1,1,1,1,1,0,1,1,1,0.6776,1,294,1,1,1,1,1,1,1,0.4965,472,6.9754,89.89,1,1,1,896266.37,0.0041,1,11,0.1309,0.0527,3,1,1,1,1
NCRB-SYNTH-111336,Trial Court,Sec 482 CrPC (Quashing),4,13,48,1,0,1,1,1,1,1,1,1,0.5089,1,252,0,0,1,1,1,1,1,0.6386,185,3.4578,88.48,1,1,1,220408.68,0.0885,1,5,0.2261,0.1262,3,1,1,0,0
NCRB-SYNTH-111354,Trial Court,Sec 439 CrPC (Regular Bail),2,17,10,1,0,1,1,1,1,1,1,1,0.5392,1,238,1,1,1,1,1,1,1,0.8703,170,12.0754,85.1,1,1,1,961934.72,0.0456,1,33,0.2339,0.0663,4,1,1,1,0
NCRB-SYNTH-111360,High Court,Sec 439 CrPC (Regular Bail),2,8,58,1,0,1,1,1,1,1,1,1,0.7253,1,131,0,1,1,1,1,1,1,0.7752,469,3.7538,18.59,1,1,1,757828.95,0.1207,1,26,0.2204,0.0669,4,1,1,0,0
NCRB-SYNTH-111383,High Court,Sec 439 CrPC (Regular Bail),15,16,52,1,1,1,1,1,0,1,1,1,0.7249,1,128,0,1,1,1,1,1,1,0.5049,157,6.1448,86.14,1,1,1,456146.44,0.1132,1,8,0.2038,0.0928,3,1,1,0,0
NCRB-SYNTH-111384,High Court,Sec 439 CrPC (Regular Bail),1,22,14,1,1,1,1,1,0,1,1,1,0.7775,1,132,0,0,1,1,1,1,1,0.7044,183,4.1332,75.2,1,1,1,988312.53,0.0393,1,13,0.1779,0.0674,4,1,1,0,0
NCRB-SYNTH-111393,High Court,Sec 482 CrPC (Quashing),4,20,64,0,0,1,1,1,1,1,1,1,0.8452,1,203,1,1,1,1,1,1,1,0.6194,391,7.6266,18.97,1,1,1,966144.31,0.1905,1,7,0.2095,0.1008,3,1,1,1,1
NCRB-SYNTH-111394,High Court,Sec 439 CrPC (Regular Bail),1,20,79,1,0,1,1,1,0,1,1,1,0.7288,1,234,1,0,1,1,1,1,1,0.5914,306,4.3889,64.18,1,1,1,912061.87,0.1833,1,11,0.249,0.1002,3,1,1,1,1
NCRB-SYNTH-111398,Supreme Court,Writ Petition (Detention),1,7,11,1,0,1,1,1,1,1,1,1,0.5165,1,307,1,1,1,1,1,1,1,0.5372,260,11.7029,34.03,1,1,1,1735260.43,0.088,1,43,0.1028,0.0272,4,1,1,1,0
NCRB-SYNTH-111406,High Court,Sec 482 CrPC (Quashing),1,16,77,0,0,1,1,1,0,1,1,1,0.4323,1,159,1,1,1,1,1,1,1,0.6249,202,4.1862,80.47,1,1,1,400531.35,0.1438,1,8,0.1854,0.0844,3,1,1,1,0
NCRB-SYNTH-111408,Trial Court,Sec 439 CrPC (Regular Bail),7,12,72,1,0,1,1,1,1,1,1,1,0.9751,1,140,1,1,1,1,1,1,1,0.7557,418,11.367,54.55,1,1,1,1376746.21,0.1408,1,21,0.2056,0.0665,4,1,1,0,1
NCRB-SYNTH-111428,Supreme Court,Sec 482 CrPC (Quashing),1,25,76,1,0,1,1,1,0,1,1,1,0.6027,1,190,1,0,1,1,1,1,1,0.6161,222,9.8502,61.51,1,1,1,735982.26,0.1852,1,1,0.7081,1.0216,1,1,1,1,0
NCRB-SYNTH-111432,High Court,Trial Judgment,1,23,79,1,1,1,1,1,1,1,1,1,0.861,1,207,0,0,1,1,1,1,1,0.6318,478,13.5606,85.32,1,1,1,1238809.72,0.0572,1,8,0.1949,0.0887,3,1,1,1,0
NCRB-SYNTH-111452,High Court,Sec 439 CrPC (Regular Bail),15,16,12,1,0,1,1,1,0,1,1,1,0.8006,1,162,1,0,1,1,1,1,1,0.5826,400,8.8408,53.86,1,1,1,1595203.84,0.0436,1,11,0.214,0.0861,3,1,1,1,1
NCRB-SYNTH-111463,High Court,Sec 439 CrPC (Regular Bail),2,7,48,0,1,1,1,1,0,1,1,1,0.5006,1,167,0,0,1,1,1,1,1,0.6832,467,11.2158,45.06,1,1,1,2093467.17,0.0564,1,40,0.3028,0.0815,4,1,1,1,0
NCRB-SYNTH-111465,High Court,Sec 439 CrPC (Regular Bail),1,13,20,1,1,1,1,1,1,1,1,1,0.3919,1,225,1,1,1,1,1,1,1,0.6937,200,12.0454,60.33,1,1,1,366890.89,0.1181,1,18,0.2207,0.075,4,1,1,1,0
NCRB-SYNTH-111468,High Court,Sec 439 CrPC (Regular Bail),2,11,39,1,1,1,1,1,0,1,1,1,0.9349,1,245,1,1,1,1,1,1,1,0.4339,303,3.722,73.62,1,1,1,885919.07,0.1179,1,7,0.2455,0.1181,3,1,1,1,1
NCRB-SYNTH-111477,High Court,Sec 439 CrPC (Regular Bail),1,10,59,1,0,1,1,1,0,1,1,1,0.4792,1,208,1,1,1,1,1,1,1,0.6695,400,4.1594,45.13,1,1,1,1703392.99,0.1517,1,9,0.0913,0.0396,3,1,1,1,0
NCRB-SYNTH-111481,High Court,Sec 482 CrPC (Quashing),7,14,76,1,0,1,1,1,1,1,1,1,0.8918,1,254,1,1,1,1,1,1,1,0.5017,122,11.6547,60.16,1,1,1,461995.99,0.0408,1,4,0.1288,0.08,3,1,1,1,1
NCRB-SYNTH-111483,High Court,Sec 439 CrPC (Regular Bail),1,10,57,1,1,1,1,1,1,1,1,1,0.7327,1,196,0,0,1,1,1,1,1,0.6632,200,13.7294,74.09,1,1,1,527014.38,0.0126,1,3,0.5031,0.3629,1,1,1,1,0
NCRB-SYNTH-111484,High Court,Sec 482 CrPC (Quashing),2,21,49,0,0,1,1,1,0,1,1,1,0.6665,1,204,0,0,1,1,1,1,1,0.5563,125,5.6255,28.15,1,1,1,370252.54,0.0288,1,2,0.6347,0.5777,1,1,1,0,0
NCRB-SYNTH-111503,High Court,Sec 482 CrPC (Quashing),1,18,25,1,0,1,1,1,0,1,1,1,0.5111,1,150,1,1,1,1,1,1,1,0.6616,217,13.4321,63.31,1,1,1,2411689.33,0.0072,1,1,0.7803,1.1257,1,1,1,1,0
NCRB-SYNTH-111512,High Court,Sec 439 CrPC (Regular Bail),2,10,41,1,1,1,1,1,0,1,1,1,0.5272,1,205,1,1,1,1,1,1,1,0.5646,447,12.6671,67.28,1,1,1,1434190.42,0.0891,1,35,0.0844,0.0236,4,1,1,1,0
NCRB-SYNTH-111516,Supreme Court,Writ Petition (Detention),1,4,71,1,1,1,1,1,0,1,1,1,0.471,1,276,1,1,1,1,1,1,1,0.7344,344,6.2707,22.85,1,1,1,1292153.11,0.031,1,6,0.2263,0.1163,3,1,1,1,0
NCRB-SYNTH-111521,High Court,Trial Judgment,4,8,49,1,0,1,1,1,1,1,1,1,0.6636,1,187,1,1,1,1,1,1,1,0.8006,461,10.4071,69.63,1,1,1,1721062.2,0.0903,1,8,0.0611,0.0278,3,1,1,1,1
NCRB-SYNTH-111525,High Court,Sec 439 CrPC (Regular Bail),1,20,75,1,0,1,1,1,0,1,1,1,0.4423,1,183,1,1,1,1,1,1,1,0.4393,105,4.1031,43.4,1,1,1,2395507.04,0.1373,1,9,0.1522,0.0661,3,1,1,1,0
NCRB-SYNTH-111529,Supreme Court,Trial Judgment,21,4,20,1,0,1,1,1,1,1,1,1,0.946,1,283,1,1,1,1,1,1,1,0.7237,122,4.3413,69.84,1,1,1,1215863.38,0.0566,1,6,0.0894,0.046,3,1,1,1,1
NCRB-SYNTH-111530,High Court,Sec 482 CrPC (Quashing),1,3,15,1,1,1,1,1,0,1,1,1,0.8388,1,273,1,1,1,1,1,1,1,0.6316,490,8.3615,20.42,1,1,1,86380.91,0.1649,1,18,0.306,0.1039,4,1,1,1,1
NCRB-SYNTH-111539,High Court,Trial Judgment,2,4,18,0,0,1,1,1,0,1,1,1,0.552,1,297,1,1,1,1,1,1,1,0.5805,420,12.1208,43.64,1,1,1,1648420.24,0.176,1,10,0.169,0.0705,3,1,1,1,0
NCRB-SYNTH-111554,Supreme Court,Sec 482 CrPC (Quashing),1,20,28,1,0,1,1,1,0,1,1,1,0.6313,1,181,1,1,1,1,1,1,1,0.6142,107,3.6678,81.79,1,1,1,293594.1,0.1939,1,7,0.0899,0.0432,3,1,1,1,0
NCRB-SYNTH-111555,Supreme Court,Writ Petition (Detention),2,4,34,1,1,1,1,1,0,1,1,1,0.531,1,127,1,1,1,1,1,1,1,0.5477,134,11.2164,60.09,1,1,1,1015565.45,0.0769,1,6,0.1144,0.0588,3,1,1,0,0
NCRB-SYNTH-111556,Trial Court,Writ Petition (Detention),1,21,14,0,0,1,1,1,0,1,1,1,0.5944,1,289,1,0,1,1,1,1,1,0.7365,365,12.8243,45.67,1,1,1,887935.52,0.0477,1,11,0.1891,0.0761,3,1,1,1,0
NCRB-SYNTH-111577,High Court,Sec 439 CrPC (Regular Bail),1,14,14,1,1,1,1,1,1,1,1,1,0.4917,1,142,1,1,1,1,1,1,1,0.6493,421,6.9909,79.47,1,1,1,69118.6,0.1511,1,10,0.1978,0.0825,3,1,1,0,0
NCRB-SYNTH-111579,High Court,Writ Petition (Detention),4,25,63,1,0,1,1,1,0,1,1,1,0.6471,1,271,1,1,1,1,1,1,1,0.5927,454,5.4808,30.42,1,1,1,322754.14,0.0137,1,3,0.5271,0.3802,1,1,1,1,0
NCRB-SYNTH-111585,Supreme Court,Sec 439 CrPC (Regular Bail),1,13,76,1,0,1,1,1,0,1,1,1,0.4899,1,212,1,1,1,1,1,1,1,0.603,135,9.9113,19.2,1,1,1,1839210.52,0.0569,1,9,0.1827,0.0793,3,1,1,1,0
NCRB-SYNTH-111586,Supreme Court,Sec 482 CrPC (Quashing),7,10,77,1,0,1,1,1,0,1,1,1,0.6705,1,222,1,1,1,1,1,1,1,0.7532,360,11.6376,15.62,1,1,1,798644.96,0.0352,1,37,0.2902,0.0798,4,1,1,1,1
NCRB-SYNTH-111590,High Court,Sec 482 CrPC (Quashing),1,17,21,1,0,1,1,1,0,1,1,1,0.5425,1,158,1,1,1,1,1,1,1,0.7208,430,8.0483,44.25,1,1,1,1209729.83,0.1704,1,9,0.2191,0.0952,3,1,1,0,0
NCRB-SYNTH-111600,High Court,Sec 439 CrPC (Regular Bail),1,15,15,1,0,1,1,1,1,1,1,1,0.3876,1,196,1,1,1,1,1,1,1,0.6124,328,6.1209,72.16,1,1,1,1918877.08,0.0873,1,3,0.9004,0.6495,1,1,1,1,0
NCRB-SYNTH-111621,Supreme Court,Sec 482 CrPC (Quashing),4,19,47,1,0,1,1,1,0,1,1,1,0.6258,1,186,0,0,1,1,1,1,1,0.5997,302,13.6727,64.27,1,1,1,1233469.86,0.1486,1,9,0.1083,0.047,3,1,1,1,0
NCRB-SYNTH-111637,High Court,Sec 439 CrPC (Regular Bail),1,23,39,1,1,1,1,1,1,1,1,1,0.8207,1,238,1,1,1,1,1,1,1,0.7289,473,12.3575,24.53,1,1,1,1116237.87,0.048,1,21,0.2509,0.0812,4,1,1,1,1
NCRB-SYNTH-111638,High Court,Sec 439 CrPC (Regular Bail),7,5,46,1,1,1,1,1,0,1,1,1,0.418,1,204,0,0,1,1,1,1,1,0.7159,400,8.4202,62.69,1,1,1,1857908.79,0.012,1,5,0.1519,0.0848,3,1,1,1,0
NCRB-SYNTH-111652,Trial Court,Sec 439 CrPC (Regular Bail),1,20,34,1,0,1,1,1,0,1,1,1,0.9022,1,256,1,1,1,1,1,1,1,0.7073,122,9.8827,26.52,1,1,1,2198863.2,0.1242,1,1,0.5888,0.8495,1,1,1,1,1
NCRB-SYNTH-111656,High Court,Sec 482 CrPC (Quashing),7,23,53,1,1,1,1,1,0,1,1,1,0.8147,1,143,0,0,1,1,1,1,1,0.5574,392,5.8641,22.82,1,1,1,2315660.82,0.153,1,5,0.0718,0.0401,3,1,1,1,0
NCRB-SYNTH-111663,Supreme Court,Trial Judgment,7,24,69,1,0,1,1,1,0,1,1,1,0.7732,1,184,1,1,1,1,1,1,1,0.7689,109,7.1585,28.83,1,1,1,134138.47,0.1981,1,7,0.2362,0.1136,3,1,1,1,1
NCRB-SYNTH-111667,Supreme Court,Sec 439 CrPC (Regular Bail),4,7,23,1,1,1,1,1,0,1,1,1,0.7122,1,172,1,1,1,1,1,1,1,0.7341,476,5.8943,41.28,1,1,1,2464200.74,0.0427,1,28,0.2651,0.0787,4,1,1,0,1
NCRB-SYNTH-111669,High Court,Trial Judgment,1,14,76,1,1,1,1,1,0,1,1,1,0.8278,1,147,1,1,1,1,1,1,1,0.8612,395,5.9867,31.18,1,1,1,208980.93,0.0684,1,9,0.1784,0.0775,3,1,1,1,1
NCRB-SYNTH-111678,High Court,Writ Petition (Detention),1,17,77,0,0,1,1,1,0,1,1,1,0.843,1,228,1,0,1,1,1,1,1,0.5291,390,12.5678,35.0,1,1,1,145669.7,0.1366,1,41,0.2807,0.0751,4,1,1,1,1
NCRB-SYNTH-111690,High Court,Sec 439 CrPC (Regular Bail),1,16,45,1,0,1,1,1,1,1,1,1,0.6455,1,277,1,1,1,1,1,1,1,0.7465,325,7.7637,21.64,1,1,1,1853905.8,0.0519,1,17,0.2885,0.0998,4,1,1,1,0
NCRB-SYNTH-111692,High Court,Sec 439 CrPC (Regular Bail),2,3,34,1,0,1,1,1,0,1,1,1,0.8398,1,154,1,1,1,1,1,1,1,0.7502,148,10.2213,70.85,1,1,1,1120042.86,0.1174,1,2,0.8349,0.76,1,1,1,0,1
NCRB-SYNTH-111706,High Court,Writ Petition (Detention),1,23,17,1,0,1,1,1,1,1,1,1,0.5193,1,215,1,1,1,1,1,1,1,0.8432,407,9.0096,80.61,1,1,1,879697.97,0.0262,1,1,0.6056,0.8736,1,1,1,1,0
NCRB-SYNTH-111710,High Court,Sec 439 CrPC (Regular Bail),1,7,34,1,0,1,1,1,0,1,1,1,0.8345,1,279,1,1,1,1,1,1,1,0.7773,197,6.0548,64.38,1,1,1,652289.65,0.0483,1,4,0.1346,0.0836,3,1,1,1,1
NCRB-SYNTH-111713,High Court,Sec 439 CrPC (Regular Bail),2,10,45,1,0,1,1,1,0,1,1,1,0.44,1,277,0,1,1,1,1,1,1,0.718,242,11.4969,72.76,1,1,1,1999820.86,0.1966,1,37,0.2125,0.0584,4,1,1,1,0
NCRB-SYNTH-111718,Trial Court,Sec 439 CrPC (Regular Bail),15,7,39,1,0,1,1,1,0,1,1,1,0.8941,1,247,1,1,1,1,1,1,1,0.6005,385,11.1315,81.71,1,1,1,2053667.88,0.0173,1,3,0.8553,0.617,1,1,1,1,1
NCRB-SYNTH-111724,High Court,Writ Petition (Detention),1,25,69,1,1,1,1,1,1,1,1,1,0.8498,1,267,0,0,1,1,1,1,1,0.6896,417,12.6542,48.45,1,1,1,2426296.75,0.1608,1,44,0.253,0.0665,4,1,1,1,0
NCRB-SYNTH-111725,Supreme Court,Sec 439 CrPC (Regular Bail),4,20,54,1,0,1,1,1,1,1,1,1,0.8538,1,168,1,1,1,1,1,1,1,0.5799,406,6.202,22.64,1,1,1,1986176.29,0.0823,1,2,0.9227,0.8399,1,1,1,1,1
NCRB-SYNTH-111737,Trial Court,Writ Petition (Detention),1,5,56,1,1,1,1,1,1,1,1,1,0.6451,1,302,1,1,1,1,1,1,1,0.8987,303,12.0452,22.59,1,1,1,187556.73,0.0407,1,3,0.8219,0.5929,1,1,1,0,0
NCRB-SYNTH-111738,High Court,Sec 439 CrPC (Regular Bail),7,17,59,1,1,1,1,1,0,1,1,1,0.6395,1,170,0,1,1,1,1,1,1,0.6104,475,11.9445,39.76,1,1,1,1513076.67,0.0751,1,24,0.2952,0.0917,4,1,1,1,0
NCRB-SYNTH-111761,High Court,Writ Petition (Detention),7,21,78,1,1,1,1,1,0,1,1,1,0.797,1,280,1,0,1,1,1,1,1,0.7298,190,3.9691,48.46,1,1,1,2128864.9,0.1354,1,9,0.0681,0.0296,3,1,1,1,1
NCRB-SYNTH-111763,High Court,Sec 482 CrPC (Quashing),1,20,51,1,0,1,1,1,0,1,1,1,0.8805,1,183,1,0,1,1,1,1,1,0.6121,420,5.4654,50.99,1,1,1,1284010.53,0.0784,1,7,0.1048,0.0504,3,1,1,1,1
NCRB-SYNTH-111766,High Court,Sec 482 CrPC (Quashing),4,25,59,1,0,1,1,1,0,1,1,1,0.9345,1,180,0,0,1,1,1,1,1,0.6905,241,6.3225,56.04,1,1,1,1011787.69,0.1165,1,33,0.3163,0.0897,4,1,1,1,0
NCRB-SYNTH-111780,High Court,Sec 439 CrPC (Regular Bail),1,18,16,1,0,1,1,1,1,1,1,1,0.4571,1,274,0,0,1,1,1,1,1,0.5021,422,10.822,44.99,1,1,1,1218489.67,0.0853,1,22,0.3172,0.1012,4,1,1,1,0
NCRB-SYNTH-111782,Supreme Court,Trial Judgment,1,13,13,1,0,1,1,1,0,1,1,1,0.6876,1,252,1,1,1,1,1,1,1,0.5671,293,3.7295,31.4,1,1,1,967141.38,0.147,1,1,0.9281,1.339,1,1,1,1,1
NCRB-SYNTH-111785,High Court,Sec 482 CrPC (Quashing),1,15,63,1,0,1,1,1,0,1,1,1,0.3877,1,155,1,1,1,1,1,1,1,0.8199,310,7.2066,73.94,1,1,1,1801749.0,0.1308,1,3,0.7363,0.5311,1,1,1,0,0
NCRB-SYNTH-111788,High Court,Sec 482 CrPC (Quashing),1,9,54,1,0,1,1,1,0,1,1,1,0.48,1,255,1,1,1,1,1,1,1,0.747,183,4.6356,62.96,1,1,1,2346204.2,0.1736,1,23,0.226,0.0711,4,1,1,1,0
NCRB-SYNTH-111790,Trial Court,Sec 482 CrPC (Quashing),1,19,40,1,0,1,1,1,0,1,1,1,0.4148,1,211,1,1,1,1,1,1,1,0.6672,234,10.9869,80.54,1,1,1,167271.73,0.1672,1,8,0.0834,0.038,3,1,1,1,0
NCRB-SYNTH-111817,High Court,Sec 439 CrPC (Regular Bail),2,23,70,1,0,1,1,1,0,1,1,1,0.4913,1,139,1,1,1,1,1,1,1,0.5981,395,6.259,46.07,1,1,1,1868398.82,0.0531,1,2,0.4572,0.4162,1,1,1,0,0
NCRB-SYNTH-111822,High Court,Sec 439 CrPC (Regular Bail),4,20,54,1,0,1,1,1,1,1,1,1,0.7259,1,293,1,1,1,1,1,1,1,0.7239,153,3.7731,50.41,1,1,1,1698892.78,0.082,1,1,0.9235,1.3323,1,1,1,1,1
NCRB-SYNTH-111837,Supreme Court,Sec 482 CrPC (Quashing),2,3,12,0,0,1,1,1,0,1,1,1,0.3956,1,154,0,0,1,1,1,1,1,0.8949,396,9.0249,76.71,1,1,1,1119756.99,0.1845,1,4,0.1253,0.0779,3,1,1,1,0
NCRB-SYNTH-111842,High Court,Sec 439 CrPC (Regular Bail),1,14,56,1,1,1,1,1,0,1,1,1,0.8755,1,238,1,1,1,1,1,1,1,0.8067,264,5.7907,42.32,1,1,1,1179046.33,0.0142,1,2,0.5749,0.5233,1,1,1,1,1
NCRB-SYNTH-111844,Trial Court,Sec 482 CrPC (Quashing),1,5,58,1,1,1,1,1,0,1,1,1,0.836,1,253,1,1,1,1,1,1,1,0.6851,202,7.1378,46.87,1,1,1,851827.05,0.1809,1,4,0.0944,0.0586,3,1,1,1,1
NCRB-SYNTH-111855,High Court,Sec 439 CrPC (Regular Bail),2,8,12,0,0,1,1,1,1,1,1,1,0.9302,1,295,1,1,1,1,1,1,1,0.6868,372,3.3679,18.32,1,1,1,2464204.78,0.019,1,8,0.1151,0.0524,3,1,1,1,1
NCRB-SYNTH-111869,Supreme Court,Sec 482 CrPC (Quashing),1,12,12,1,1,1,1,1,1,1,1,1,0.6967,1,234,1,1,1,1,1,1,1,0.7096,326,11.7886,22.79,1,1,1,2072671.67,0.1284,1,10,0.1608,0.067,3,1,1,1,1
NCRB-SYNTH-111870,High Court,Sec 439 CrPC (Regular Bail),2,22,13,1,0,1,1,1,0,1,1,1,0.4629,1,222,1,1,1,1,1,1,1,0.4896,444,5.0663,76.66,1,1,1,1196320.84,0.1825,1,9,0.0669,0.0291,3,1,1,1,0
NCRB-SYNTH-111874,High Court,Sec 439 CrPC (Regular Bail),4,13,68,1,1,1,1,1,1,1,1,1,0.6333,1,150,1,1,1,1,1,1,1,0.6742,184,3.6036,15.85,1,1,1,1889520.55,0.0758,1,39,0.2912,0.0789,4,1,1,0,0
NCRB-SYNTH-111879,High Court,Sec 439 CrPC (Regular Bail),1,25,44,0,0,1,1,1,1,1,1,1,0.8867,1,194,1,1,1,1,1,1,1,0.8746,196,3.9739,52.96,1,1,1,1279911.14,0.1504,1,36,0.2445,0.0677,4,1,1,1,1
NCRB-SYNTH-111889,High Court,Sec 439 CrPC (Regular Bail),15,13,62,1,0,1,1,1,1,1,1,1,0.6141,1,146,1,1,1,1,1,1,1,0.5495,257,10.4141,61.24,1,1,1,419551.02,0.135,1,2,0.6546,0.5958,1,1,1,0,0
NCRB-SYNTH-111891,Trial Court,Sec 439 CrPC (Regular Bail),15,9,25,1,1,1,1,1,0,1,1,1,0.5898,1,220,1,1,1,1,1,1,1,0.4969,404,13.9355,36.61,1,1,1,999655.18,0.1721,1,32,0.2876,0.0823,4,1,1,1,0
NCRB-SYNTH-111899,High Court,Sec 482 CrPC (Quashing),1,22,60,1,1,1,1,1,0,1,1,1,0.6289,1,275,1,1,1,1,1,1,1,0.5471,135,8.7645,32.86,1,1,1,881391.23,0.0275,1,4,0.1608,0.0999,3,1,1,1,0
NCRB-SYNTH-111903,High Court,Sec 439 CrPC (Regular Bail),4,10,35,1,0,1,1,1,1,1,1,1,0.4686,1,300,0,0,1,1,1,1,1,0.705,384,5.0968,86.47,1,1,1,1385161.36,0.0873,1,1,0.5431,0.7835,1,1,1,1,0
NCRB-SYNTH-111912,High Court,Sec 439 CrPC (Regular Bail),1,14,47,1,0,1,1,1,1,1,1,1,0.4856,1,168,1,1,1,1,1,1,1,0.7274,379,11.4476,69.32,1,1,1,98802.26,0.1615,1,10,0.139,0.058,3,1,1,1,0
NCRB-SYNTH-111931,High Court,Sec 439 CrPC (Regular Bail),1,12,77,1,0,1,1,1,1,1,1,1,0.783,1,280,1,1,1,1,1,1,1,0.7265,143,5.0095,19.64,1,1,1,933231.25,0.1396,1,3,0.5278,0.3807,1,1,1,0,1
NCRB-SYNTH-111932,High Court,Sec 482 CrPC (Quashing),2,22,43,1,1,1,1,1,1,1,1,1,0.8096,1,267,1,1,1,1,1,1,1,0.6798,471,13.2183,70.26,1,1,1,261865.97,0.1808,1,11,0.1087,0.0437,3,1,1,1,1
NCRB-SYNTH-111954,High Court,Sec 439 CrPC (Regular Bail),1,10,30,1,0,1,1,1,1,1,1,1,0.903,1,250,1,1,1,1,1,1,1,0.6544,455,7.2677,76.4,1,1,1,1808831.76,0.0561,1,10,0.1526,0.0636,3,1,1,1,1
NCRB-SYNTH-111957,Trial Court,Sec 439 CrPC (Regular Bail),2,11,50,1,1,1,1,1,1,1,1,1,0.8425,1,205,0,0,1,1,1,1,1,0.8479,465,9.9339,74.82,1,1,1,985344.04,0.1216,1,10,0.2084,0.0869,3,1,1,0,0
NCRB-SYNTH-111974,High Court,Sec 482 CrPC (Quashing),1,24,68,1,0,1,1,1,0,1,1,1,0.5169,1,141,1,1,1,1,1,1,1,0.6031,189,4.2939,62.3,1,1,1,1904714.48,0.0559,1,4,0.2224,0.1382,3,1,1,1,0
NCRB-SYNTH-111986,High Court,Sec 439 CrPC (Regular Bail),1,23,12,1,0,1,1,1,0,1,1,1,0.498,1,263,1,1,1,1,1,1,1,0.7828,362,11.1645,29.16,1,1,1,1150387.61,0.1713,1,7,0.1683,0.0809,3,1,1,1,0
NCRB-SYNTH-112001,High Court,Sec 439 CrPC (Regular Bail),2,11,65,1,0,1,1,1,0,1,1,1,0.7178,1,259,0,0,1,1,1,1,1,0.7,438,7.5087,35.49,1,1,1,733243.46,0.0948,1,7,0.1327,0.0638,3,1,1,1,0
NCRB-SYNTH-112016,High Court,Sec 439 CrPC (Regular Bail),1,17,71,1,0,1,1,1,0,1,1,1,0.6667,1,233,1,1,1,1,1,1,1,0.6747,304,7.0775,18.73,1,1,1,785442.13,0.0742,1,28,0.1315,0.0391,4,1,1,0,1
NCRB-SYNTH-112022,High Court,Sec 439 CrPC (Regular Bail),1,16,27,1,0,1,1,1,0,1,1,1,0.7332,1,173,1,0,1,1,1,1,1,0.8284,347,9.5814,18.79,1,1,1,2344469.87,0.1058,1,6,0.243,0.1249,3,1,1,1,1
NCRB-SYNTH-112028,High Court,Writ Petition (Detention),1,3,24,1,0,1,1,1,1,1,1,1,0.9283,1,278,1,1,1,1,1,1,1,0.5701,336,13.2265,51.56,1,1,1,551304.64,0.1114,1,2,0.5171,0.4707,1,1,1,1,1
NCRB-SYNTH-112039,High Court,Sec 439 CrPC (Regular Bail),1,8,75,0,0,1,1,1,0,1,1,1,0.5667,1,211,1,1,1,1,1,1,1,0.6231,318,6.8543,20.23,1,1,1,2123697.31,0.0322,1,17,0.1982,0.0686,4,1,1,1,0
NCRB-SYNTH-112041,High Court,Sec 439 CrPC (Regular Bail),1,7,39,1,0,1,1,1,0,1,1,1,0.8646,1,232,1,1,1,1,1,1,1,0.7095,100,10.387,50.74,1,1,1,1954438.48,0.0216,1,1,0.6897,0.9951,1,1,1,1,1
NCRB-SYNTH-112053,High Court,Sec 482 CrPC (Quashing),1,11,48,1,1,1,1,1,1,1,1,1,0.6548,1,273,0,0,1,1,1,1,1,0.8578,435,13.1795,74.75,1,1,1,2142283.94,0.1021,1,2,0.9326,0.8489,1,1,1,1,0
NCRB-SYNTH-112060,High Court,Sec 482 CrPC (Quashing),4,25,73,1,1,1,1,1,0,1,1,1,0.3841,1,201,1,1,1,1,1,1,1,0.7832,190,12.2683,76.9,1,1,1,233436.3,0.0478,1,11,0.1677,0.0675,3,1,1,1,0
NCRB-SYNTH-112063,High Court,Sec 482 CrPC (Quashing),7,18,66,1,0,1,1,1,0,1,1,1,0.6598,1,199,1,1,1,1,1,1,1,0.7707,469,4.5126,21.63,1,1,1,1046092.69,0.0513,1,5,0.1557,0.0869,3,1,1,1,1
NCRB-SYNTH-112064,High Court,Writ Petition (Detention),4,8,72,1,1,1,1,1,1,1,1,1,0.514,1,172,1,1,1,1,1,1,1,0.6303,117,12.1736,56.17,1,1,1,1077920.41,0.148,1,20,0.3187,0.1047,4,1,1,1,0
NCRB-SYNTH-112081,High Court,Sec 439 CrPC (Regular Bail),1,10,16,1,0,1,1,1,1,1,1,1,0.6428,1,284,1,1,1,1,1,1,1,0.6445,452,5.2235,83.77,1,1,1,590617.87,0.1911,1,2,0.5819,0.5297,1,1,1,1,0
NCRB-SYNTH-112082,Trial Court,Sec 482 CrPC (Quashing),1,4,32,1,0,1,1,1,0,1,1,1,0.6544,1,136,1,1,1,1,1,1,1,0.611,378,6.4775,34.4,1,1,1,2329598.78,0.0164,1,11,0.1927,0.0776,3,1,1,0,1
NCRB-SYNTH-112087,Supreme Court,Writ Petition (Detention),1,14,15,0,0,1,1,1,1,1,1,1,0.5939,1,119,1,1,1,1,1,1,1,0.7405,203,6.3451,40.79,1,1,1,1752195.11,0.1976,1,27,0.1273,0.0382,4,1,1,0,0
NCRB-SYNTH-112088,High Court,Sec 482 CrPC (Quashing),4,24,67,0,0,1,1,1,0,1,1,1,0.9126,1,200,1,1,1,1,1,1,1,0.6301,180,8.9805,37.66,1,1,1,760699.37,0.1947,1,5,0.1071,0.0597,3,1,1,1,1
NCRB-SYNTH-112089,High Court,Sec 439 CrPC (Regular Bail),1,10,23,1,0,1,1,1,1,1,1,1,0.769,1,250,0,1,1,1,1,1,1,0.6379,494,9.3457,69.0,1,1,1,340582.16,0.0481,1,6,0.1326,0.0681,3,1,1,1,0
NCRB-SYNTH-112095,High Court,Sec 482 CrPC (Quashing),1,11,37,1,1,1,1,1,0,1,1,1,0.5585,1,133,1,1,1,1,1,1,1,0.6423,468,5.9172,80.68,1,1,1,113760.74,0.0837,1,1,0.4772,0.6885,1,1,1,0,0
NCRB-SYNTH-112100,Supreme Court,Writ Petition (Detention),1,24,14,1,0,1,1,1,0,1,1,1,0.837,1,226,1,0,1,1,1,1,1,0.6597,225,7.2328,86.76,1,1,1,426319.01,0.0818,1,9,0.209,0.0908,3,1,1,1,1
NCRB-SYNTH-112123,Trial Court,Sec 482 CrPC (Quashing),2,8,77,1,0,1,1,1,1,1,1,1,0.4123,1,282,0,0,1,1,1,1,1,0.6779,469,7.2549,58.97,1,1,1,682023.71,0.0741,1,3,0.5487,0.3958,1,1,1,1,0
NCRB-SYNTH-112129,High Court,Sec 439 CrPC (Regular Bail),2,3,65,1,1,1,1,1,0,1,1,1,0.6211,1,295,0,0,1,1,1,1,1,0.5268,109,13.9182,40.78,1,1,1,2244480.49,0.0167,1,8,0.178,0.081,3,1,1,1,0
NCRB-SYNTH-112131,High Court,Writ Petition (Detention),1,20,34,1,0,1,1,1,0,1,1,1,0.5828,1,210,1,1,1,1,1,1,1,0.4978,426,11.7474,25.77,1,1,1,2499242.24,0.1107,1,32,0.2366,0.0677,4,1,1,1,0
NCRB-SYNTH-112138,Supreme Court,Sec 439 CrPC (Regular Bail),1,9,36,1,1,1,1,1,0,1,1,1,0.539,1,171,1,1,1,1,1,1,1,0.8279,366,10.8094,15.93,1,1,1,2148075.97,0.077,1,31,0.236,0.0681,4,1,1,1,0
NCRB-SYNTH-112141,Supreme Court,Sec 482 CrPC (Quashing),2,9,69,1,0,1,1,1,0,1,1,1,0.4655,1,247,1,1,1,1,1,1,1,0.7623,165,5.5532,23.55,1,1,1,1117328.24,0.1697,1,4,0.1637,0.1017,3,1,1,1,0
NCRB-SYNTH-112143,High Court,Sec 482 CrPC (Quashing),1,12,13,0,0,1,1,1,0,1,1,1,0.8701,1,275,0,0,1,1,1,1,1,0.5333,327,10.4433,17.23,1,1,1,630785.46,0.1877,1,6,0.2018,0.1037,3,1,1,1,0
NCRB-SYNTH-112146,High Court,Sec 482 CrPC (Quashing),1,20,38,1,0,1,1,1,0,1,1,1,0.8349,1,265,1,0,1,1,1,1,1,0.3893,426,9.0516,59.36,1,1,1,1469231.96,0.1935,1,18,0.3018,0.1025,4,1,1,1,1
NCRB-SYNTH-112154,High Court,Sec 482 CrPC (Quashing),7,22,16,1,0,1,1,1,0,1,1,1,0.8552,1,239,1,1,1,1,1,1,1,0.7032,397,8.4672,41.94,1,1,1,1360977.04,0.1055,1,4,0.1444,0.0897,3,1,1,1,1
NCRB-SYNTH-112155,High Court,Sec 482 CrPC (Quashing),4,21,41,1,0,1,1,1,0,1,1,1,0.9549,1,176,1,1,1,1,1,1,1,0.6893,329,5.2887,50.58,1,1,1,2147500.38,0.1059,1,5,0.1399,0.0781,3,1,1,1,1
NCRB-SYNTH-112162,High Court,Sec 482 CrPC (Quashing),1,3,29,1,1,1,1,1,1,1,1,1,0.6604,1,183,1,1,1,1,1,1,1,0.902,199,13.0684,55.97,1,1,1,324445.76,0.1197,1,3,0.7059,0.5092,1,1,1,0,1
NCRB-SYNTH-112166,Supreme Court,Sec 482 CrPC (Quashing),1,19,73,1,0,1,1,1,0,1,1,1,0.4179,1,161,1,0,1,1,1,1,1,0.7465,340,6.1326,49.07,1,1,1,1927781.56,0.027,1,9,0.187,0.0812,3,1,1,1,0
NCRB-SYNTH-112169,High Court,Sec 439 CrPC (Regular Bail),1,4,52,1,0,1,1,1,1,1,1,1,0.9252,1,154,1,1,1,1,1,1,1,0.8015,264,3.9696,24.27,1,1,1,1461295.88,0.1916,1,7,0.0926,0.0445,3,1,1,1,1
NCRB-SYNTH-112175,High Court,Writ Petition (Detention),2,3,39,1,1,1,1,1,0,1,1,1,0.7915,1,205,1,1,1,1,1,1,1,0.4148,441,4.4076,38.17,1,1,1,1739540.3,0.0953,1,2,0.4304,0.3917,1,1,1,1,1
NCRB-SYNTH-112176,High Court,Sec 439 CrPC (Regular Bail),1,7,69,1,0,1,1,1,0,1,1,1,0.6676,1,226,1,1,1,1,1,1,1,0.7165,113,11.0365,50.37,1,1,1,2075007.97,0.026,1,8,0.1508,0.0686,3,1,1,1,1
NCRB-SYNTH-112178,High Court,Sec 439 CrPC (Regular Bail),1,8,37,1,1,1,1,1,0,1,1,1,0.8761,1,166,0,0,1,1,1,1,1,0.5745,437,9.4247,22.14,1,1,1,614229.52,0.0361,1,3,0.6871,0.4956,1,1,1,0,0
NCRB-SYNTH-112188,High Court,Sec 439 CrPC (Regular Bail),1,21,49,1,0,1,1,1,0,1,1,1,0.6763,1,164,1,1,1,1,1,1,1,0.6261,488,5.2334,23.93,1,1,1,2295997.32,0.0821,1,4,0.2308,0.1434,3,1,1,1,1
NCRB-SYNTH-112191,High Court,Sec 482 CrPC (Quashing),15,9,76,1,0,1,1,1,1,1,1,1,0.8362,1,185,1,0,1,1,1,1,1,0.9685,458,6.0951,85.63,1,1,1,2207757.74,0.1434,1,2,0.5071,0.4616,1,1,1,1,1
NCRB-SYNTH-112194,High Court,Sec 439 CrPC (Regular Bail),1,22,46,1,0,1,1,1,0,1,1,1,0.4395,1,212,1,1,1,1,1,1,1,0.4189,109,13.9325,41.01,1,1,1,1178706.38,0.1597,1,42,0.1887,0.0502,4,1,1,1,0
NCRB-SYNTH-112200,High Court,Sec 482 CrPC (Quashing),1,12,68,1,0,1,1,1,0,1,1,1,0.9034,1,152,0,0,1,1,1,1,1,0.7253,463,4.6029,89.34,1,1,1,1177507.22,0.0782,1,3,0.5096,0.3676,1,1,1,1,0
NCRB-SYNTH-112208,High Court,Sec 482 CrPC (Quashing),1,16,29,1,0,1,1,1,0,1,1,1,0.4741,1,242,1,1,1,1,1,1,1,0.6257,254,7.5232,51.64,1,1,1,1801076.55,0.1062,1,5,0.2385,0.1331,3,1,1,1,0
NCRB-SYNTH-112211,Trial Court,Writ Petition (Detention),1,8,72,1,0,1,1,1,0,1,1,1,0.721,1,177,1,1,1,1,1,1,1,0.6438,392,8.4265,66.35,1,1,1,1776308.01,0.1906,1,40,0.192,0.0517,4,1,1,1,1
NCRB-SYNTH-112215,Supreme Court,Sec 439 CrPC (Regular Bail),4,5,44,1,0,1,1,1,0,1,1,1,0.7601,1,166,1,0,1,1,1,1,1,0.8564,118,5.4188,47.42,1,1,1,298348.33,0.1149,1,2,0.5806,0.5285,1,1,1,1,1
NCRB-SYNTH-112218,High Court,Sec 482 CrPC (Quashing),1,10,67,1,0,1,1,1,1,1,1,1,0.8529,1,142,1,1,1,1,1,1,1,0.3933,170,3.8515,82.46,1,1,1,711405.41,0.1716,1,11,0.2087,0.084,3,1,1,0,1
NCRB-SYNTH-112229,High Court,Sec 439 CrPC (Regular Bail),2,4,19,0,1,1,1,1,0,1,1,1,0.8047,1,140,1,1,1,1,1,1,1,0.5255,463,7.3957,30.78,1,1,1,1181815.55,0.0547,1,7,0.1276,0.0614,3,1,1,0,1
NCRB-SYNTH-112231,High Court,Sec 482 CrPC (Quashing),1,7,68,1,0,1,1,1,1,1,1,1,0.8705,1,180,1,0,1,1,1,1,1,0.6521,299,11.4054,81.83,1,1,1,2165825.35,0.0138,1,8,0.1053,0.0479,3,1,1,1,1
NCRB-SYNTH-112251,High Court,Sec 439 CrPC (Regular Bail),1,17,30,0,0,1,1,1,0,1,1,1,0.5979,1,278,1,1,1,1,1,1,1,0.824,445,6.9805,51.19,1,1,1,350000.53,0.0774,1,11,0.0672,0.027,3,1,1,1,0
NCRB-SYNTH-112256,High Court,Sec 439 CrPC (Regular Bail),2,17,52,1,1,1,1,1,0,1,1,1,0.6974,1,285,1,1,1,1,1,1,1,0.7163,133,11.0312,64.06,1,1,1,199906.98,0.0252,1,9,0.1233,0.0535,3,1,1,1,1
NCRB-SYNTH-112258,High Court,Sec 439 CrPC (Regular Bail),7,5,52,1,0,1,1,1,0,1,1,1,0.9185,1,171,1,1,1,1,1,1,1,0.5731,111,7.9503,55.23,1,1,1,756535.83,0.1381,1,3,0.4733,0.3414,1,1,1,1,1
NCRB-SYNTH-112269,Supreme Court,Sec 439 CrPC (Regular Bail),1,18,10,1,0,1,1,1,0,1,1,1,0.7886,1,164,1,1,1,1,1,1,1,0.6499,192,8.4507,81.17,1,1,1,576779.73,0.0475,1,9,0.2094,0.0909,3,1,1,1,1
NCRB-SYNTH-112278,High Court,Sec 439 CrPC (Regular Bail),1,6,55,1,0,1,1,1,0,1,1,1,0.5566,1,267,0,0,1,1,1,1,1,0.6355,456,4.7944,71.43,1,1,1,1792356.19,0.0195,1,35,0.1306,0.0365,4,1,1,1,0
NCRB-SYNTH-112279,High Court,Trial Judgment,7,7,40,1,0,1,1,1,0,1,1,1,0.6271,1,255,1,0,1,1,1,1,1,0.5764,134,10.6087,39.42,1,1,1,1761050.45,0.1131,1,8,0.1676,0.0763,3,1,1,1,0
NCRB-SYNTH-112298,High Court,Sec 482 CrPC (Quashing),4,24,72,1,0,1,1,1,1,1,1,1,0.7446,1,250,1,1,1,1,1,1,1,0.7568,149,5.8882,19.18,1,1,1,496090.26,0.105,1,7,0.1535,0.0738,3,1,1,1,1
NCRB-SYNTH-112302,High Court,Sec 439 CrPC (Regular Bail),1,22,55,1,0,1,1,1,0,1,1,1,0.5983,1,293,1,1,1,1,1,1,1,0.7402,345,10.7992,32.37,1,1,1,1043928.48,0.1172,1,9,0.0821,0.0356,3,1,1,1,0
NCRB-SYNTH-112304,High Court,Sec 439 CrPC (Regular Bail),1,22,32,1,0,1,1,1,1,1,1,1,0.6237,1,211,1,0,1,1,1,1,1,0.8639,249,7.4631,18.56,1,1,1,1132433.39,0.0992,1,11,0.1444,0.0581,3,1,1,1,0
NCRB-SYNTH-112311,Trial Court,Sec 482 CrPC (Quashing),15,8,27,1,1,1,1,1,1,1,1,1,0.9061,1,131,1,1,1,1,1,1,1,0.3945,280,10.7859,15.94,1,1,1,600156.59,0.0993,1,18,0.2559,0.0869,4,1,1,0,1
NCRB-SYNTH-112312,High Court,Sec 439 CrPC (Regular Bail),2,12,71,1,0,1,1,1,0,1,1,1,0.78,1,220,1,1,1,1,1,1,1,0.6698,424,7.8173,87.01,1,1,1,1789512.95,0.0015,1,4,0.1636,0.1017,3,1,1,0,1
NCRB-SYNTH-112315,High Court,Writ Petition (Detention),1,11,36,1,1,1,1,1,1,1,1,1,0.6637,1,210,0,0,1,1,1,1,1,0.4765,409,12.0187,59.45,1,1,1,2487262.15,0.1318,1,2,0.5861,0.5335,1,1,1,1,0
NCRB-SYNTH-112324,High Court,Sec 439 CrPC (Regular Bail),1,14,53,1,1,1,1,1,0,1,1,1,0.5877,1,258,1,1,1,1,1,1,1,0.566,311,7.3235,15.74,1,1,1,1564497.5,0.0023,1,9,0.2444,0.1061,3,1,1,1,0
NCRB-SYNTH-112331,High Court,Sec 482 CrPC (Quashing),1,13,55,0,1,1,1,1,1,1,1,1,0.443,1,244,1,1,1,1,1,1,1,0.5931,452,7.0288,46.93,1,1,1,794611.77,0.0093,1,11,0.2169,0.0873,3,1,1,1,0
NCRB-SYNTH-112341,High Court,Sec 482 CrPC (Quashing),2,24,70,1,0,1,1,1,1,1,1,1,0.8874,1,225,0,0,1,1,1,1,1,0.6757,323,6.8106,29.07,1,1,1,2021595.24,0.1815,1,1,0.459,0.6622,1,1,1,1,0
NCRB-SYNTH-112344,High Court,Sec 482 CrPC (Quashing),1,17,21,1,0,1,1,1,1,1,1,1,0.6562,1,181,0,1,1,1,1,1,1,0.6352,428,7.3839,34.64,1,1,1,186855.49,0.0328,1,6,0.1461,0.0751,3,1,1,1,0
NCRB-SYNTH-112351,High Court,Sec 439 CrPC (Regular Bail),2,24,25,1,0,1,1,1,0,1,1,1,0.6681,1,248,1,1,1,1,1,1,1,0.7065,201,5.5175,82.26,1,1,1,692858.39,0.0676,1,1,0.6417,0.9258,1,1,1,1,1
NCRB-SYNTH-112363,High Court,Sec 482 CrPC (Quashing),1,3,30,1,0,1,1,1,1,1,1,1,0.7259,1,140,1,1,1,1,1,1,1,0.5843,328,13.4161,64.83,1,1,1,117608.61,0.0876,1,3,0.6202,0.4474,1,1,1,0,1
NCRB-SYNTH-112365,Trial Court,Sec 439 CrPC (Regular Bail),1,15,73,1,1,1,1,1,0,1,1,1,0.5065,1,145,1,1,1,1,1,1,1,0.6324,417,8.3978,79.51,1,1,1,1761389.3,0.009,1,36,0.1197,0.0332,4,1,1,0,0
NCRB-SYNTH-112382,Supreme Court,Sec 439 CrPC (Regular Bail),1,8,22,1,0,1,1,1,1,1,1,1,0.9757,1,227,1,1,1,1,1,1,1,0.5599,444,12.1245,86.97,1,1,1,1530487.65,0.1225,1,18,0.2094,0.0711,4,1,1,1,1
NCRB-SYNTH-112391,High Court,Sec 439 CrPC (Regular Bail),1,12,59,1,1,1,1,1,0,1,1,1,0.7975,1,157,0,0,1,1,1,1,1,0.562,286,11.53,75.18,1,1,1,863721.88,0.128,1,10,0.114,0.0475,3,1,1,1,0
NCRB-SYNTH-112393,High Court,Sec 482 CrPC (Quashing),1,12,17,1,0,1,1,1,0,1,1,1,0.783,1,161,1,0,1,1,1,1,1,0.7373,396,7.1393,33.52,1,1,1,562137.75,0.1197,1,6,0.0577,0.0297,3,1,1,1,1
NCRB-SYNTH-112397,Supreme Court,Sec 482 CrPC (Quashing),1,11,65,1,1,1,1,1,0,1,1,1,0.6965,1,245,1,0,1,1,1,1,1,0.7669,164,10.9237,82.04,1,1,1,1342737.94,0.0973,1,44,0.1297,0.0341,4,1,1,1,1
NCRB-SYNTH-112411,High Court,Sec 439 CrPC (Regular Bail),2,18,65,1,1,1,1,1,0,1,1,1,0.5447,1,278,1,0,1,1,1,1,1,0.7409,280,7.0864,49.64,1,1,1,955098.93,0.1618,1,25,0.192,0.0589,4,1,1,1,0
NCRB-SYNTH-112418,High Court,Writ Petition (Detention),7,4,17,1,0,1,1,1,0,1,1,1,0.7499,1,225,1,0,1,1,1,1,1,0.5369,311,11.7405,40.11,1,1,1,2292330.1,0.1809,1,2,0.6755,0.6149,1,1,1,1,1
NCRB-SYNTH-112425,High Court,Sec 439 CrPC (Regular Bail),1,15,54,1,0,1,1,1,0,1,1,1,0.4952,1,273,1,0,1,1,1,1,1,0.821,218,6.2837,59.83,1,1,1,1673563.17,0.0724,1,7,0.1641,0.0789,3,1,1,1,0
NCRB-SYNTH-112428,High Court,Trial Judgment,1,13,33,1,1,1,1,1,1,1,1,1,0.8517,1,262,1,1,1,1,1,1,1,0.7198,462,5.2183,79.43,1,1,1,1799608.65,0.124,1,8,0.2266,0.1031,3,1,1,0,1
NCRB-SYNTH-112430,High Court,Sec 482 CrPC (Quashing),1,7,30,1,0,1,1,1,0,1,1,1,0.5525,1,117,0,0,1,1,1,1,1,0.6927,350,12.3307,83.63,1,1,1,396982.04,0.0167,1,11,0.1692,0.0681,3,1,1,0,0
NCRB-SYNTH-112434,High Court,Sec 439 CrPC (Regular Bail),7,18,22,1,1,1,1,1,0,1,1,1,0.8323,1,149,1,1,1,1,1,1,1,0.7476,362,7.1837,57.74,1,1,1,99435.04,0.1593,1,5,0.1792,0.1,3,1,1,0,1
NCRB-SYNTH-112442,High Court,Trial Judgment,1,12,59,1,1,1,1,1,0,1,1,1,0.647,1,263,0,0,1,1,1,1,1,0.7005,494,4.3297,40.0,1,1,1,1545126.43,0.0501,1,5,0.0531,0.0297,3,1,1,1,0
NCRB-SYNTH-112449,High Court,Sec 439 CrPC (Regular Bail),1,22,60,1,1,1,1,1,0,1,1,1,0.4984,1,129,1,1,1,1,1,1,1,0.6413,277,9.7454,58.47,1,1,1,665247.83,0.0284,1,16,0.1275,0.045,4,1,1,0,0
NCRB-SYNTH-112469,High Court,Sec 439 CrPC (Regular Bail),1,11,13,1,0,1,1,1,0,1,1,1,0.424,1,143,0,1,1,1,1,1,1,0.5962,312,5.5164,66.95,1,1,1,2321973.98,0.0701,1,27,0.1608,0.0483,4,1,1,0,0
NCRB-SYNTH-112470,High Court,Sec 439 CrPC (Regular Bail),2,12,69,1,0,1,1,1,0,1,1,1,0.8065,1,264,1,1,1,1,1,1,1,0.8293,100,7.8272,28.69,1,1,1,2171448.67,0.1256,1,20,0.1781,0.0585,4,1,1,1,1
NCRB-SYNTH-112472,High Court,Sec 482 CrPC (Quashing),45,20,77,1,0,1,1,1,0,1,1,1,0.7742,1,128,1,1,1,1,1,1,1,0.7313,225,9.7429,15.15,1,1,1,728934.38,0.1912,1,29,0.212,0.0623,4,1,1,0,1
NCRB-SYNTH-112475,High Court,Sec 439 CrPC (Regular Bail),1,6,30,1,0,1,1,1,0,1,1,1,0.6225,1,240,1,1,1,1,1,1,1,0.7046,132,8.8639,18.18,1,1,1,1148471.69,0.0096,1,38,0.168,0.0459,4,1,1,1,0
NCRB-SYNTH-112497,Supreme Court,Sec 439 CrPC (Regular Bail),1,25,43,1,1,1,1,1,0,1,1,1,0.6173,1,181,1,0,1,1,1,1,1,0.7798,307,5.261,70.07,1,1,1,1184644.65,0.0028,1,6,0.056,0.0288,3,1,1,1,0
