case_reference_id,court_level,case_type,number_of_cases_alleged,number_of_accused,victim_count,cross_state_indicator,property_offence_indicator,organized_operation_indicator,repeat_offender_indicator,ipc_379,ipc_420,ipc_120b_or_34,evidence_completeness_score,charge_sheet_filed,custody_duration_days,statutory_cert_present,chain_of_custody_complete,night_call_ratio,call_burst_frequency,imei_sim_swap_ratio,avg_call_duration_sec,unauthorized_transfer_amount_inr,amount_credited_to_accused_ratio,vehicle_assisted_theft,helmet_concealment_indicator,victim_walking_alone_indicator,victim_approached_from_behind,physical_force_used,stolen_physical_asset_count,stolen_asset_recovered,victim_identification_success,test_identification_parade_validity,reasonable_doubt_identity_gap,ipc_356,ipc_392,ipc_411,ipc_448,ipc_380,network_degree,network_betweenness,topological_kingpin_score,label_entity_role,label_bail_or_custody_relief,label_conviction_outcome
NCRB-SYNTH-100005,High Court,Sec 482 CrPC (Quashing),1,3,2,0,1,0,0,1,0,1,0.74,1,169,0,0,0.1123,6,1.2558,139.53,3516.75,0.1182,1,1,0,1,0,3,0,0,0,1,0,0,1,0,0,2,0.0987,0.0899,2,1,0
NCRB-SYNTH-100006,Trial Court,Sec 439 CrPC (Regular Bail),1,1,2,0,1,0,0,1,0,1,0.5424,1,33,1,1,0.0,1,1.1234,116.53,41788.18,0.1944,1,1,0,1,0,2,1,0,0,1,1,1,0,0,1,2,0.0231,0.021,2,1,0
NCRB-SYNTH-100007,Trial Court,Sec 482 CrPC (Quashing),4,3,2,0,1,1,1,1,0,1,0.702,1,95,1,0,0.0522,7,1.0333,131.24,31127.56,0.0233,1,1,1,1,0,2,0,0,0,1,1,0,1,0,1,1,0.0126,0.0182,0,1,0
NCRB-SYNTH-100011,Trial Court,Sec 482 CrPC (Quashing),2,5,1,0,1,0,0,1,0,0,0.5955,1,22,1,1,0.0955,3,1.3934,93.87,29394.3,0.0111,1,0,1,1,0,1,1,1,1,0,0,1,0,0,1,2,0.0282,0.0257,2,0,0
NCRB-SYNTH-100015,Trial Court,Sec 439 CrPC (Regular Bail),1,1,1,0,1,0,0,1,0,1,0.8111,0,53,0,0,0.0281,3,1.0252,175.83,29403.59,0.1607,1,1,1,1,1,2,0,0,0,1,1,1,1,1,1,2,0.0994,0.0905,2,1,0
NCRB-SYNTH-100016,High Court,Trial Judgment,1,1,1,0,1,0,0,1,0,0,0.7768,1,73,0,0,0.112,4,1.0889,42.38,6387.03,0.1688,1,1,1,1,1,2,0,0,0,1,1,1,0,0,0,3,0.0884,0.0638,2,1,0
NCRB-SYNTH-100022,Trial Court,Writ Petition (Detention),1,5,1,0,1,1,0,1,0,1,0.6758,1,113,0,1,0.1425,5,1.1122,154.4,28201.51,0.0737,1,1,1,1,1,3,0,0,0,1,0,0,0,0,1,4,0.0264,0.0164,2,1,0
NCRB-SYNTH-100027,High Court,Trial Judgment,1,1,2,0,1,1,1,1,0,0,0.565,1,174,0,0,0.0386,9,1.0507,60.07,10976.9,0.0618,1,0,1,1,1,4,1,1,1,0,0,1,1,0,1,2,0.0263,0.0239,2,0,0
NCRB-SYNTH-100030,Trial Court,Sec 439 CrPC (Regular Bail),1,4,2,0,1,1,0,1,0,0,0.9006,1,177,0,0,0.112,5,1.1387,157.42,11339.31,0.1981,1,0,1,1,1,3,0,1,1,0,1,0,0,1,0,3,0.0497,0.0358,2,0,1
NCRB-SYNTH-100032,High Court,Sec 439 CrPC (Regular Bail),1,5,1,0,1,0,1,1,0,0,0.682,1,166,0,0,0.1082,1,1.0,161.59,8536.64,0.0104,1,0,1,1,1,2,0,1,1,0,0,0,1,0,0,3,0.0703,0.0507,2,0,1
NCRB-SYNTH-100033,Trial Court,Sec 482 CrPC (Quashing),1,3,2,0,1,0,1,1,0,0,0.6822,1,105,0,0,0.0757,2,1.3224,84.06,27683.78,0.0357,1,1,0,1,1,1,0,0,0,1,1,0,1,1,0,1,0.0382,0.0551,2,1,0
NCRB-SYNTH-100038,High Court,Sec 482 CrPC (Quashing),2,1,2,0,1,0,1,1,0,0,0.6918,1,75,1,1,0.0981,6,1.0,62.01,23615.96,0.0034,1,1,1,1,1,2,0,0,0,1,1,0,0,0,0,3,0.0914,0.0659,2,1,0
NCRB-SYNTH-100041,Trial Court,Trial Judgment,4,2,1,0,1,0,1,1,0,0,0.8895,1,13,0,0,0.0153,4,1.0,156.21,43701.66,0.1169,1,0,1,1,0,4,1,0,0,1,1,0,1,0,0,4,0.0303,0.0189,2,1,0
NCRB-SYNTH-100043,Trial Court,Sec 482 CrPC (Quashing),2,2,2,0,1,0,0,1,0,1,0.6374,1,79,0,0,0.0891,4,1.2066,129.25,19148.22,0.1388,1,1,1,1,1,2,0,0,0,1,1,1,1,0,0,2,0.0994,0.0904,0,1,0
NCRB-SYNTH-100050,Trial Court,Sec 439 CrPC (Regular Bail),4,4,2,0,1,0,0,1,0,1,0.5839,0,106,1,1,0.1651,8,1.0756,90.84,28243.22,0.0681,1,1,1,1,1,2,0,0,0,1,1,0,0,0,0,2,0.0683,0.0622,2,1,0
NCRB-SYNTH-100057,Trial Court,Writ Petition (Detention),1,2,1,0,1,0,0,1,0,1,0.8567,1,49,0,0,0.1338,5,1.2529,53.96,10564.53,0.1848,0,1,0,1,1,1,0,0,0,1,1,1,1,0,0,3,0.0896,0.0646,2,1,0
NCRB-SYNTH-100058,Trial Court,Writ Petition (Detention),1,2,2,0,1,0,0,1,0,1,0.8157,1,153,1,1,0.028,7,1.125,143.96,18046.28,0.1843,0,1,1,1,0,3,0,0,0,1,1,0,0,0,0,1,0.0217,0.0312,2,1,0
NCRB-SYNTH-100059,High Court,Sec 439 CrPC (Regular Bail),1,2,2,0,1,0,0,1,0,0,0.6568,0,157,1,1,0.1449,9,1.0429,96.53,32018.82,0.0199,1,1,1,1,1,3,1,0,0,1,1,0,1,0,1,1,0.0275,0.0397,0,1,0
NCRB-SYNTH-100067,Trial Court,Sec 439 CrPC (Regular Bail),21,2,2,0,1,0,0,1,0,1,0.5411,1,110,0,0,0.1165,6,1.1889,169.32,12132.84,0.036,1,1,1,1,0,1,0,0,0,1,1,1,0,1,0,4,0.0576,0.0358,2,1,0
NCRB-SYNTH-100069,Trial Court,Sec 439 CrPC (Regular Bail),2,1,2,0,1,1,1,1,0,0,0.8976,1,73,0,0,0.1011,5,1.0497,99.51,31683.89,0.0325,1,1,1,1,0,1,0,0,0,1,1,1,0,1,0,2,0.0857,0.078,0,1,0
NCRB-SYNTH-100072,Trial Court,Writ Petition (Detention),4,2,1,0,1,0,0,1,0,0,0.7218,0,27,0,0,0.0748,2,1.0,134.35,5186.48,0.083,1,0,1,0,1,3,0,1,1,0,1,1,1,0,0,4,0.0992,0.0617,2,0,1
NCRB-SYNTH-100073,High Court,Sec 482 CrPC (Quashing),2,2,1,0,1,0,1,1,0,0,0.6784,1,131,0,0,0.0642,4,1.0,103.57,18595.31,0.0682,1,0,0,1,0,2,1,1,1,0,1,0,0,1,1,2,0.0498,0.0453,2,0,1
NCRB-SYNTH-100078,Trial Court,Sec 482 CrPC (Quashing),1,3,1,0,1,1,0,1,0,0,0.455,1,81,1,1,0.0349,2,1.0,33.33,25877.21,0.0159,0,1,1,1,0,2,0,0,0,1,1,1,1,0,1,2,0.0852,0.0776,0,1,0
NCRB-SYNTH-100080,Trial Court,Sec 482 CrPC (Quashing),1,3,2,0,1,1,0,1,0,0,0.7915,1,31,0,0,0.0575,8,1.1986,59.67,16127.37,0.0512,1,1,1,1,0,2,1,0,0,1,1,1,1,0,0,2,0.0821,0.0747,2,1,0
NCRB-SYNTH-100084,Trial Court,Trial Judgment,2,1,2,0,1,0,0,1,0,0,0.432,1,65,0,0,0.0427,8,1.1937,57.28,36612.95,0.1171,1,0,0,1,1,2,1,0,0,1,1,1,0,0,0,1,0.0842,0.1215,2,1,0
NCRB-SYNTH-100091,Trial Court,Sec 439 CrPC (Regular Bail),2,5,1,1,1,0,0,1,0,0,0.4557,1,160,1,1,0.0213,2,1.2248,107.62,42320.48,0.1727,1,1,1,1,1,2,1,0,0,1,1,0,1,0,1,3,0.077,0.0556,2,1,0
NCRB-SYNTH-100099,Trial Court,Writ Petition (Detention),2,5,1,0,1,0,1,1,0,0,0.6222,0,65,1,1,0.0916,4,1.029,76.37,13691.5,0.0031,0,1,1,1,0,4,0,0,0,1,1,0,0,0,0,2,0.0956,0.0871,2,1,0
NCRB-SYNTH-100100,Trial Court,Trial Judgment,2,4,1,0,1,0,0,1,0,1,0.6,1,138,1,0,0.0737,5,1.1413,88.02,14531.07,0.0008,1,1,1,1,0,1,1,0,0,1,0,0,1,1,0,1,0.0536,0.0774,2,1,0
NCRB-SYNTH-100101,Trial Court,Sec 482 CrPC (Quashing),1,4,1,0,1,0,0,1,0,0,0.7483,1,19,0,1,0.1299,2,1.0687,164.12,35406.65,0.1365,1,1,1,1,1,5,0,0,0,1,1,0,0,0,0,3,0.0224,0.0162,2,1,0
NCRB-SYNTH-100110,Trial Court,Sec 439 CrPC (Regular Bail),7,5,2,0,1,0,1,1,0,1,0.5639,1,31,0,1,0.0233,2,1.2691,121.07,43638.35,0.0151,1,1,0,0,0,3,0,0,0,1,0,0,0,0,0,2,0.0203,0.0185,0,1,0
NCRB-SYNTH-100112,Trial Court,Writ Petition (Detention),1,3,2,0,1,1,1,1,0,0,0.4238,1,92,0,1,0.0912,3,1.2408,133.61,25759.06,0.1054,1,1,1,1,0,1,0,0,0,1,0,0,0,0,0,1,0.0139,0.0201,2,1,0
NCRB-SYNTH-100118,Trial Court,Sec 439 CrPC (Regular Bail),1,4,1,0,1,0,0,1,0,0,0.6257,1,137,0,0,0.0461,4,1.1498,72.89,5478.95,0.0991,1,1,1,1,1,2,0,0,0,1,0,0,0,0,0,1,0.0619,0.0893,2,1,0
NCRB-SYNTH-100124,Trial Court,Writ Petition (Detention),7,4,1,0,1,0,1,1,0,0,0.6452,1,29,1,1,0.0757,5,1.0186,96.37,34228.56,0.1999,1,0,1,1,1,2,1,0,0,1,1,1,0,0,0,3,0.0444,0.0321,2,1,0
NCRB-SYNTH-100129,Trial Court,Sec 482 CrPC (Quashing),1,1,1,0,1,0,0,1,0,0,0.5138,1,51,0,0,0.0652,5,1.1579,79.04,27620.56,0.0748,1,1,1,1,1,3,0,0,0,1,0,0,0,0,0,2,0.0213,0.0194,2,1,0
NCRB-SYNTH-100133,Trial Court,Writ Petition (Detention),7,1,2,1,1,0,1,1,0,1,0.6671,0,39,0,0,0.066,1,1.1472,79.77,18316.76,0.0214,1,1,0,0,0,2,0,0,0,1,0,0,1,1,0,2,0.0576,0.0525,2,1,0
NCRB-SYNTH-100146,Trial Court,Writ Petition (Detention),2,2,2,0,1,0,0,1,0,0,0.6148,1,94,0,0,0.1196,1,1.0475,63.15,20705.78,0.1802,1,1,1,1,1,1,1,0,0,1,1,0,0,0,1,2,0.0433,0.0394,2,1,0
NCRB-SYNTH-100149,Trial Court,Writ Petition (Detention),2,4,2,1,1,1,1,1,0,1,0.9424,1,104,0,1,0.15,2,1.0,87.11,25013.08,0.0434,1,1,1,1,0,4,1,0,0,1,1,0,0,0,1,3,0.0357,0.0257,2,1,0
NCRB-SYNTH-100153,Trial Court,Writ Petition (Detention),1,3,2,0,1,0,0,1,0,0,0.777,1,41,1,1,0.0924,9,1.1306,50.47,10836.99,0.0127,1,0,1,1,0,4,1,0,0,1,1,1,0,1,0,2,0.0109,0.01,2,1,0
NCRB-SYNTH-100165,Trial Court,Writ Petition (Detention),45,3,2,0,1,1,0,1,0,1,0.8847,1,80,1,1,0.0673,2,1.0,53.89,27607.54,0.0338,1,1,1,1,1,2,0,0,0,1,1,1,0,1,0,3,0.0833,0.0601,2,1,0
NCRB-SYNTH-100168,Trial Court,Sec 439 CrPC (Regular Bail),1,4,2,0,1,0,1,1,0,1,0.787,0,19,0,0,0.0732,6,1.1087,85.67,40327.9,0.138,1,1,1,0,1,2,0,0,0,1,0,0,1,0,1,2,0.0184,0.0168,2,1,0
NCRB-SYNTH-100169,Trial Court,Writ Petition (Detention),2,2,1,0,1,0,1,1,0,0,0.8569,1,143,0,0,0.1367,5,1.2207,155.5,7475.45,0.0824,1,0,1,1,1,1,1,1,1,0,1,0,1,0,0,2,0.0134,0.0122,2,1,1
NCRB-SYNTH-100172,Trial Court,Sec 439 CrPC (Regular Bail),1,5,1,0,1,0,0,1,0,0,0.4869,1,90,0,0,0.1073,5,1.0424,76.09,42105.89,0.1529,1,0,1,1,1,2,1,1,1,0,0,0,0,0,0,3,0.0263,0.019,2,0,0
NCRB-SYNTH-100176,High Court,Writ Petition (Detention),1,4,1,0,1,1,1,1,0,1,0.8163,1,67,1,0,0.1253,4,1.142,114.61,19673.34,0.1627,1,1,1,0,1,2,0,0,0,1,1,1,1,0,0,1,0.0902,0.1301,0,1,0
NCRB-SYNTH-100180,Trial Court,Trial Judgment,21,3,2,1,1,0,1,1,0,1,0.4414,1,46,0,0,0.0099,2,1.1798,167.0,9078.56,0.0016,0,1,1,1,0,2,0,0,0,1,0,1,0,0,0,3,0.0778,0.0561,2,1,0
NCRB-SYNTH-100182,Trial Court,Trial Judgment,1,5,2,0,1,0,0,1,0,0,0.6772,0,121,1,1,0.0132,2,1.1325,53.45,21180.97,0.0212,0,1,0,1,0,2,0,0,0,1,1,0,0,0,0,4,0.0298,0.0185,2,1,0
NCRB-SYNTH-100191,Trial Court,Writ Petition (Detention),7,4,1,0,1,1,0,1,0,1,0.6516,1,141,0,1,0.0416,6,1.1176,147.96,23915.57,0.1668,1,1,1,1,1,1,0,0,0,1,0,1,0,1,0,1,0.0656,0.0946,2,1,0
NCRB-SYNTH-100202,Trial Court,Sec 439 CrPC (Regular Bail),2,4,2,0,1,0,0,1,0,0,0.6467,1,30,0,0,0.1471,1,1.216,145.36,38460.7,0.0239,1,0,0,1,0,2,0,0,0,1,1,0,0,0,0,2,0.0383,0.0349,2,1,0
NCRB-SYNTH-100203,Trial Court,Writ Petition (Detention),4,5,1,0,1,0,1,1,0,0,0.4367,1,175,1,1,0.0449,1,1.0134,30.17,13814.08,0.1856,0,1,1,1,1,1,0,0,0,1,1,1,0,1,0,2,0.0393,0.0357,2,1,0
NCRB-SYNTH-100206,Trial Court,Trial Judgment,2,5,1,0,1,1,1,1,0,0,0.6577,1,103,1,1,0.1418,2,1.0057,147.84,29408.8,0.1573,0,1,1,1,0,5,0,0,0,1,1,0,1,0,0,4,0.0277,0.0172,2,1,0
NCRB-SYNTH-100207,High Court,Sec 439 CrPC (Regular Bail),2,1,2,1,1,0,0,1,0,0,0.4703,1,98,0,0,0.0917,6,1.1617,146.07,26891.39,0.0164,1,1,0,1,1,1,1,0,0,1,1,0,0,1,0,4,0.0321,0.0199,2,1,0
NCRB-SYNTH-100209,Trial Court,Writ Petition (Detention),1,1,1,0,1,1,0,1,0,1,0.786,1,72,1,1,0.0453,9,1.0752,114.66,6371.37,0.0849,1,1,1,1,0,2,1,0,0,1,1,0,1,1,0,3,0.0594,0.0429,2,1,0
NCRB-SYNTH-100210,Trial Court,Sec 482 CrPC (Quashing),2,1,2,0,1,0,0,1,1,1,0.8951,0,114,0,0,0.0594,2,1.0173,139.54,16081.65,0.1518,1,1,1,1,0,3,0,0,0,1,1,1,0,0,0,1,0.0828,0.1195,0,1,0
NCRB-SYNTH-100223,Trial Court,Writ Petition (Detention),1,1,1,0,1,0,1,1,0,0,0.4919,0,112,1,1,0.0343,5,1.1331,99.27,44689.14,0.0482,0,1,1,1,0,4,1,0,0,1,1,1,0,1,0,1,0.0505,0.0728,2,1,0
NCRB-SYNTH-100235,Trial Court,Sec 482 CrPC (Quashing),4,1,1,0,1,0,0,1,0,0,0.4101,1,32,0,0,0.116,6,1.0,63.77,13850.95,0.181,1,1,0,0,0,5,0,0,0,1,1,0,0,0,0,2,0.0897,0.0816,2,1,0
NCRB-SYNTH-100238,Trial Court,Sec 439 CrPC (Regular Bail),1,4,2,0,1,0,0,1,1,0,0.8891,1,116,0,1,0.0306,2,1.0064,169.6,40617.58,0.0577,1,0,1,1,1,2,1,0,0,1,1,1,0,1,0,1,0.0184,0.0265,2,1,0
NCRB-SYNTH-100240,Trial Court,Sec 482 CrPC (Quashing),45,3,2,0,1,0,0,1,0,1,0.5687,1,154,0,0,0.0366,4,1.0685,31.87,22760.55,0.0842,1,1,1,1,1,2,1,0,0,1,0,0,1,1,1,3,0.0475,0.0343,2,1,0
NCRB-SYNTH-100245,Trial Court,Sec 482 CrPC (Quashing),1,5,2,0,1,0,1,1,0,0,0.5571,1,81,0,0,0.111,1,1.1064,109.82,17845.31,0.0857,1,0,1,0,1,1,1,0,0,1,1,1,1,0,0,4,0.0352,0.0218,2,1,0
NCRB-SYNTH-100255,Trial Court,Writ Petition (Detention),1,1,1,0,1,1,0,1,0,0,0.6628,0,154,1,1,0.1115,2,1.2613,160.63,12606.06,0.0143,1,1,1,1,0,2,0,0,0,1,1,1,0,0,0,4,0.0146,0.0091,0,1,0
NCRB-SYNTH-100260,High Court,Writ Petition (Detention),1,4,1,0,1,0,0,1,0,0,0.4414,1,183,0,0,0.0768,2,1.2336,139.44,15210.02,0.0115,1,1,0,1,0,2,0,0,0,1,1,1,0,0,0,2,0.0815,0.0742,2,1,0
NCRB-SYNTH-100263,Trial Court,Writ Petition (Detention),7,3,2,0,1,0,1,1,0,0,0.6406,1,90,1,1,0.0758,6,1.3724,113.41,40993.08,0.0785,1,0,1,1,1,2,0,1,1,0,1,0,0,0,0,3,0.0185,0.0133,2,1,0
NCRB-SYNTH-100284,Trial Court,Sec 439 CrPC (Regular Bail),1,4,2,0,1,0,0,1,0,0,0.9371,1,107,1,1,0.0262,4,1.1593,175.66,5839.02,0.1294,0,0,1,1,1,4,0,0,0,1,0,1,1,0,0,1,0.0653,0.0942,2,1,0
NCRB-SYNTH-100286,Trial Court,Writ Petition (Detention),1,2,2,0,1,0,0,1,0,0,0.7503,1,171,0,0,0.1143,4,1.0,110.11,24299.65,0.023,1,1,1,1,1,2,0,0,0,1,0,1,1,1,0,3,0.0965,0.0696,0,1,0
NCRB-SYNTH-100291,Trial Court,Sec 439 CrPC (Regular Bail),4,3,2,0,1,0,0,1,0,0,0.7501,1,127,0,0,0.0435,4,1.0204,86.97,11318.78,0.1429,1,1,1,1,1,2,0,0,0,1,0,0,0,0,0,1,0.0416,0.06,2,1,0
NCRB-SYNTH-100292,High Court,Sec 482 CrPC (Quashing),2,5,2,0,1,1,0,1,0,1,0.669,1,110,0,0,0.1967,3,1.4241,105.84,29018.7,0.0958,1,1,1,0,1,1,0,0,0,1,1,0,1,0,0,4,0.0382,0.0237,2,1,0
NCRB-SYNTH-100295,Trial Court,Writ Petition (Detention),7,2,2,0,1,0,0,1,0,0,0.9158,1,173,0,0,0.0924,3,1.0,88.1,16785.7,0.032,1,0,1,1,0,5,0,1,1,0,0,0,1,0,0,1,0.0818,0.1181,2,1,1
NCRB-SYNTH-100300,Trial Court,Sec 439 CrPC (Regular Bail),1,1,2,0,1,0,0,1,0,0,0.7232,1,158,1,1,0.0047,3,1.0,121.73,43681.85,0.1115,1,1,1,1,0,5,0,0,0,1,1,0,0,0,0,1,0.0629,0.0908,2,1,0
NCRB-SYNTH-100301,Trial Court,Sec 482 CrPC (Quashing),1,2,1,0,1,0,0,1,0,0,0.6054,1,24,0,0,0.0773,4,1.0722,51.61,23015.19,0.0932,1,1,0,1,0,3,1,0,0,1,0,0,1,0,0,3,0.0921,0.0664,0,1,0
NCRB-SYNTH-100312,Trial Court,Sec 482 CrPC (Quashing),4,2,2,0,1,1,0,1,0,1,0.4774,1,128,1,1,0.1376,8,1.0,89.0,34943.84,0.0615,0,1,0,1,1,1,0,0,0,1,1,0,1,0,0,2,0.0884,0.0804,2,1,0
NCRB-SYNTH-100313,Trial Court,Sec 439 CrPC (Regular Bail),21,1,1,0,1,0,0,1,0,0,0.8592,1,111,0,0,0.1172,9,1.0692,119.61,10202.76,0.0179,1,1,1,1,0,2,0,0,0,1,1,1,0,0,0,4,0.0101,0.0063,0,1,0
NCRB-SYNTH-100318,Trial Court,Sec 482 CrPC (Quashing),1,3,2,0,1,0,0,1,1,1,0.4811,1,156,0,0,0.0775,7,1.1384,115.52,38842.3,0.1697,1,0,1,1,0,2,0,0,0,1,0,0,1,0,1,1,0.0185,0.0268,2,1,0
NCRB-SYNTH-100319,High Court,Sec 482 CrPC (Quashing),1,4,2,0,1,0,1,1,0,0,0.4555,1,108,0,0,0.123,8,1.3306,155.62,26292.83,0.0485,0,1,0,1,0,1,1,0,0,1,1,0,0,0,0,4,0.0882,0.0548,2,1,0
NCRB-SYNTH-100333,High Court,Sec 439 CrPC (Regular Bail),1,1,2,0,1,0,1,1,0,0,0.8401,1,157,0,0,0.0334,3,1.135,167.18,10711.28,0.1167,1,1,1,1,1,1,0,0,0,1,0,1,1,0,0,3,0.0778,0.0562,0,1,0
NCRB-SYNTH-100334,Trial Court,Sec 439 CrPC (Regular Bail),1,5,2,0,1,0,1,1,0,1,0.4562,1,164,0,0,0.1159,5,1.3562,144.11,40798.63,0.1032,1,1,1,1,0,2,0,0,0,1,1,0,1,0,0,3,0.0731,0.0527,2,1,0
NCRB-SYNTH-100335,Trial Court,Writ Petition (Detention),15,3,1,0,1,0,1,1,0,1,0.4856,1,65,0,0,0.0587,9,1.1719,149.78,34471.7,0.1263,1,1,1,1,0,2,1,0,0,1,0,1,1,0,0,3,0.0911,0.0657,0,1,0
NCRB-SYNTH-100336,Trial Court,Sec 482 CrPC (Quashing),1,4,2,1,1,1,0,1,0,0,0.5254,1,18,0,1,0.0864,1,1.0318,85.59,36817.03,0.0776,1,0,1,1,1,3,0,0,0,1,1,0,0,1,0,1,0.0358,0.0516,2,1,0
NCRB-SYNTH-100340,Trial Court,Writ Petition (Detention),2,4,1,0,1,0,1,1,0,1,0.5637,1,40,0,0,0.0474,6,1.0992,107.62,7165.01,0.0363,1,1,1,1,0,2,0,0,0,1,1,0,1,0,0,4,0.0876,0.0544,2,1,0
NCRB-SYNTH-100343,Trial Court,Writ Petition (Detention),7,1,1,1,1,0,0,1,0,0,0.5071,1,151,0,0,0.11,4,1.1481,66.48,22870.96,0.0122,1,1,1,1,1,4,1,0,0,1,0,1,0,1,0,4,0.0402,0.025,2,1,0
NCRB-SYNTH-100348,Trial Court,Sec 439 CrPC (Regular Bail),1,3,1,1,1,1,0,1,1,1,0.6553,0,132,0,0,0.007,1,1.1737,114.62,24177.68,0.1131,1,1,0,1,1,2,1,0,0,1,1,1,1,1,0,3,0.028,0.0202,2,1,0
NCRB-SYNTH-100354,Trial Court,Trial Judgment,4,3,1,0,1,1,0,1,0,0,0.4744,1,127,0,0,0.1186,7,1.1936,121.91,37752.31,0.1354,1,0,1,1,1,3,0,1,1,0,1,0,0,0,0,2,0.0681,0.062,2,1,0
NCRB-SYNTH-100355,Trial Court,Trial Judgment,1,3,2,0,1,0,1,1,0,0,0.5264,1,103,0,0,0.0814,6,1.0506,153.91,29039.85,0.1518,1,1,0,1,0,5,1,0,0,1,0,0,1,0,0,3,0.0748,0.054,0,1,0
NCRB-SYNTH-100357,High Court,Writ Petition (Detention),1,1,1,0,1,0,1,1,0,0,0.7785,1,136,0,0,0.0919,3,1.2525,118.6,29190.53,0.0516,1,1,0,1,1,2,0,0,0,1,0,0,1,0,1,1,0.0324,0.0467,0,1,0
NCRB-SYNTH-100369,High Court,Sec 482 CrPC (Quashing),2,1,1,0,1,0,0,1,0,0,0.7906,1,47,0,0,0.0444,2,1.1629,175.73,18505.79,0.1482,1,1,1,1,1,1,1,0,0,1,1,1,1,0,0,4,0.054,0.0335,2,1,0
NCRB-SYNTH-100370,Trial Court,Sec 439 CrPC (Regular Bail),1,1,2,0,1,0,0,1,0,0,0.7501,1,125,0,0,0.0694,6,1.0,88.37,33281.75,0.133,1,0,1,0,0,2,0,1,1,0,1,1,0,0,0,2,0.0967,0.088,2,0,1
NCRB-SYNTH-100371,High Court,Writ Petition (Detention),7,5,2,0,1,1,1,1,0,0,0.603,1,70,1,1,0.0647,4,1.2487,124.56,6234.39,0.1929,1,1,1,1,1,3,0,0,0,1,1,0,0,0,0,1,0.0638,0.092,2,1,0
NCRB-SYNTH-100372,Trial Court,Sec 439 CrPC (Regular Bail),1,5,2,0,1,0,0,1,0,0,0.7224,0,93,0,0,0.1349,2,1.0555,84.74,17815.61,0.0037,1,1,1,1,0,3,0,0,0,1,1,0,0,0,0,2,0.0923,0.084,2,1,0
NCRB-SYNTH-100373,Trial Court,Sec 439 CrPC (Regular Bail),2,1,2,0,1,1,0,1,0,0,0.5943,0,51,0,0,0.0076,9,1.0,57.25,9450.97,0.1654,0,1,1,1,0,2,0,0,0,1,1,0,1,0,0,3,0.0664,0.0479,2,1,0
NCRB-SYNTH-100375,Trial Court,Trial Judgment,1,2,2,1,1,0,0,1,1,0,0.5443,1,14,1,1,0.1025,4,1.061,42.78,16720.93,0.0313,1,1,0,0,1,2,1,0,0,1,1,0,0,0,0,4,0.0222,0.0138,2,1,0
NCRB-SYNTH-100378,Trial Court,Writ Petition (Detention),1,4,2,0,1,0,0,1,0,1,0.8446,0,124,0,0,0.1026,5,1.3166,84.43,25844.85,0.1565,1,1,1,1,1,1,1,0,0,1,1,1,0,0,0,3,0.0811,0.0585,0,1,0
NCRB-SYNTH-100381,High Court,Writ Petition (Detention),1,5,1,0,1,0,0,1,0,0,0.9149,1,80,1,1,0.0438,5,1.1319,54.05,23715.03,0.1218,1,1,1,1,0,2,1,0,0,1,1,0,0,0,0,1,0.0104,0.0151,2,1,0
NCRB-SYNTH-100388,Trial Court,Sec 439 CrPC (Regular Bail),1,4,1,0,1,0,0,1,0,0,0.496,1,48,0,0,0.1125,6,1.2192,127.67,24734.83,0.1841,1,0,1,1,0,2,0,0,0,1,1,0,1,0,0,2,0.0611,0.0556,2,1,0
NCRB-SYNTH-100401,High Court,Sec 439 CrPC (Regular Bail),15,3,1,0,1,0,0,1,0,1,0.6137,1,108,1,1,0.135,6,1.0,132.85,36246.68,0.1972,1,1,1,1,0,3,1,0,0,1,0,0,1,0,1,4,0.0684,0.0425,2,1,0
NCRB-SYNTH-100408,Trial Court,Trial Judgment,1,1,2,0,1,0,1,1,0,1,0.7323,1,82,0,0,0.1552,1,1.0,100.5,7173.23,0.166,1,1,1,1,1,2,1,0,0,1,0,0,1,0,1,1,0.0835,0.1205,0,1,0
NCRB-SYNTH-100410,Trial Court,Writ Petition (Detention),1,4,1,0,1,1,0,1,0,1,0.6848,1,120,0,1,0.1953,2,1.0579,129.3,17159.56,0.0678,0,1,1,1,1,3,0,0,0,1,1,1,0,0,0,3,0.0861,0.0621,2,1,0
NCRB-SYNTH-100423,Trial Court,Sec 439 CrPC (Regular Bail),4,4,2,0,1,1,1,1,0,1,0.8621,1,43,0,0,0.0913,7,1.1194,116.42,28886.24,0.1236,1,1,1,1,1,4,0,0,0,1,1,0,0,0,0,4,0.0503,0.0313,2,1,0
NCRB-SYNTH-100425,Trial Court,Sec 439 CrPC (Regular Bail),15,4,1,1,1,1,0,1,0,0,0.8226,1,29,0,0,0.045,8,1.0469,82.32,16359.76,0.045,1,1,1,1,1,2,0,0,0,1,1,1,1,0,0,4,0.0633,0.0393,2,1,0
NCRB-SYNTH-100430,Trial Court,Writ Petition (Detention),7,5,2,0,1,0,0,1,0,1,0.6034,1,23,0,0,0.1466,9,1.0,169.05,26186.34,0.0115,1,1,0,1,1,4,0,0,0,1,1,1,0,0,0,2,0.0113,0.0103,0,1,0
NCRB-SYNTH-100431,Trial Court,Sec 439 CrPC (Regular Bail),1,4,2,0,1,1,0,1,0,1,0.5997,1,17,0,0,0.0635,5,1.1066,47.52,22237.07,0.1899,1,1,1,1,1,3,1,0,0,1,1,0,0,0,0,3,0.0409,0.0295,2,1,0
NCRB-SYNTH-100434,Trial Court,Sec 439 CrPC (Regular Bail),1,4,1,0,1,0,1,1,1,0,0.8939,1,107,0,0,0.0789,4,1.0,141.83,30727.06,0.0943,1,1,1,1,1,3,1,0,0,1,0,1,1,0,0,1,0.0341,0.0492,2,1,0
NCRB-SYNTH-100435,Trial Court,Writ Petition (Detention),4,2,1,0,1,0,0,1,0,0,0.7283,1,137,1,1,0.0904,2,1.169,100.7,6553.64,0.1135,0,0,1,0,0,3,0,0,0,1,1,1,1,0,1,4,0.0319,0.0198,2,1,0
NCRB-SYNTH-100437,Trial Court,Sec 482 CrPC (Quashing),2,3,2,0,1,0,0,1,0,0,0.8512,1,50,1,1,0.1313,2,1.0715,76.13,20846.65,0.1251,1,0,1,1,0,2,0,1,1,0,1,0,0,0,0,2,0.0302,0.0275,2,0,1
NCRB-SYNTH-100440,Trial Court,Sec 439 CrPC (Regular Bail),4,4,2,0,1,0,0,1,0,0,0.5596,1,151,0,0,0.0845,6,1.1882,52.98,11517.66,0.0481,1,0,1,1,0,3,1,0,0,1,0,0,1,0,0,2,0.0152,0.0139,2,1,0
NCRB-SYNTH-100441,Trial Court,Sec 482 CrPC (Quashing),1,5,1,1,1,0,0,1,0,0,0.5674,1,130,0,1,0.0172,7,1.0,176.84,3883.88,0.1633,1,1,1,1,1,1,1,0,0,1,1,0,0,0,0,1,0.0238,0.0344,0,1,0
NCRB-SYNTH-100450,Trial Court,Trial Judgment,2,2,1,0,1,0,1,1,0,0,0.8717,1,118,0,0,0.105,5,1.0,175.96,12699.79,0.0396,1,0,1,1,1,2,0,1,1,0,1,0,0,0,0,2,0.0257,0.0234,2,0,1
NCRB-SYNTH-100455,Trial Court,Sec 482 CrPC (Quashing),1,3,1,0,1,0,0,1,0,0,0.4644,1,72,0,0,0.1001,4,1.0,162.03,6102.28,0.0011,0,1,1,1,1,4,1,0,0,1,1,0,0,0,0,3,0.0194,0.014,2,1,0
NCRB-SYNTH-100457,High Court,Sec 482 CrPC (Quashing),1,4,1,0,1,1,0,1,1,0,0.6618,0,84,1,0,0.0497,2,1.0296,103.56,6813.92,0.1714,1,1,1,1,1,2,1,0,0,1,1,0,0,0,0,3,0.0397,0.0286,2,1,0
NCRB-SYNTH-100459,Trial Court,Trial Judgment,1,5,1,0,1,0,0,1,0,0,0.5152,1,117,0,0,0.1549,9,1.0,94.82,6407.99,0.1839,1,0,1,1,1,3,1,1,1,0,1,1,1,0,1,4,0.0421,0.0262,0,0,0
NCRB-SYNTH-100460,Trial Court,Trial Judgment,4,2,1,0,1,0,1,1,0,0,0.5906,1,92,0,0,0.0432,8,1.0574,78.35,14389.86,0.0592,1,0,1,1,1,2,1,0,0,1,1,1,0,1,0,2,0.0704,0.0641,2,1,0
NCRB-SYNTH-100461,High Court,Writ Petition (Detention),2,4,2,0,1,1,0,1,0,1,0.6814,0,157,0,1,0.0518,3,1.0,79.38,18432.51,0.0839,1,1,0,0,1,1,1,0,0,1,1,0,1,0,0,1,0.0154,0.0222,2,1,0
NCRB-SYNTH-100471,High Court,Sec 439 CrPC (Regular Bail),1,5,1,0,1,0,0,1,0,0,0.6456,1,114,1,1,0.104,5,1.1742,59.71,37801.05,0.1425,1,0,1,1,1,4,0,0,0,1,1,0,1,0,0,1,0.0184,0.0265,2,1,0
NCRB-SYNTH-100473,High Court,Writ Petition (Detention),4,4,2,0,1,0,0,1,0,1,0.5091,0,121,1,1,0.1007,3,1.0751,145.12,27362.67,0.143,1,1,1,1,1,3,0,0,0,1,1,0,1,0,0,1,0.0507,0.0731,2,1,0
NCRB-SYNTH-100477,Trial Court,Writ Petition (Detention),4,2,1,0,1,0,1,1,0,1,0.6616,1,71,1,1,0.0,2,1.0715,159.09,29738.51,0.1857,1,1,0,1,0,3,1,0,0,1,1,0,1,0,1,4,0.0728,0.0452,0,1,0
NCRB-SYNTH-100487,Trial Court,Sec 482 CrPC (Quashing),1,1,2,0,1,0,0,1,0,0,0.5391,1,152,1,1,0.0203,2,1.0,77.26,38630.98,0.0252,0,1,1,1,0,1,1,0,0,1,0,1,0,0,0,1,0.0185,0.0267,2,1,0
NCRB-SYNTH-100494,Trial Court,Sec 482 CrPC (Quashing),4,1,1,0,1,0,1,1,0,0,0.6712,1,158,0,0,0.0163,9,1.0689,102.26,4307.71,0.0927,1,1,1,1,1,2,0,0,0,1,1,0,1,0,0,2,0.0698,0.0636,2,1,0
NCRB-SYNTH-100498,Trial Court,Sec 439 CrPC (Regular Bail),2,2,2,0,1,0,0,1,0,0,0.8179,1,54,0,0,0.086,6,1.0985,38.01,37443.17,0.139,1,0,1,1,0,5,0,1,1,0,0,1,1,0,0,3,0.0683,0.0492,2,0,1
NCRB-SYNTH-100506,High Court,Sec 439 CrPC (Regular Bail),4,2,2,0,1,0,1,1,0,1,0.9184,1,28,1,1,0.1279,6,1.1185,136.8,34226.34,0.1632,1,1,1,1,1,4,1,0,0,1,1,1,1,0,0,2,0.0887,0.0808,2,1,0
NCRB-SYNTH-100515,Trial Court,Trial Judgment,2,5,2,0,1,1,0,1,0,1,0.6896,1,66,0,0,0.0925,1,1.0694,159.28,16244.67,0.1018,1,1,1,1,0,5,0,0,0,1,0,1,1,0,0,1,0.03,0.0433,2,1,0
NCRB-SYNTH-100516,Trial Court,Sec 439 CrPC (Regular Bail),4,2,1,0,1,0,1,1,0,1,0.7421,1,100,0,0,0.0779,3,1.1719,124.31,43391.59,0.1296,1,1,1,1,0,1,1,0,0,1,0,0,0,0,1,4,0.0851,0.0529,2,1,0
NCRB-SYNTH-100520,Trial Court,Sec 482 CrPC (Quashing),2,2,1,0,1,0,0,1,0,1,0.5511,0,134,1,0,0.1051,9,1.0,105.24,32820.98,0.1575,1,1,1,0,0,1,0,0,0,1,1,1,1,0,0,4,0.0282,0.0175,2,1,0
NCRB-SYNTH-100529,Trial Court,Sec 439 CrPC (Regular Bail),1,2,2,0,1,1,0,1,1,0,0.7069,1,76,0,0,0.0833,1,1.0,104.18,44265.17,0.1879,1,0,1,1,1,4,1,1,1,0,1,1,1,0,0,1,0.0531,0.0765,2,1,1
NCRB-SYNTH-100540,Trial Court,Trial Judgment,7,2,1,0,1,0,0,1,0,0,0.5263,1,62,0,0,0.0962,5,1.0,34.64,5376.39,0.1855,1,1,0,1,0,3,1,0,0,1,0,0,0,0,1,3,0.0513,0.037,0,1,0
NCRB-SYNTH-100547,Trial Court,Sec 439 CrPC (Regular Bail),7,1,1,0,1,0,0,1,0,0,0.8039,1,73,1,0,0.0767,3,1.0225,70.99,33662.25,0.0944,0,0,1,0,1,1,1,1,1,0,1,0,1,0,0,3,0.042,0.0303,2,0,1
NCRB-SYNTH-100557,High Court,Sec 439 CrPC (Regular Bail),1,2,1,0,1,0,0,1,1,0,0.7832,0,30,1,1,0.0773,9,1.1563,49.38,15702.47,0.0981,1,1,1,1,1,2,0,0,0,1,1,0,0,0,0,4,0.0455,0.0283,2,1,0
NCRB-SYNTH-100558,High Court,Trial Judgment,1,4,1,0,1,0,0,1,0,0,0.662,1,108,1,0,0.074,9,1.0653,40.08,25791.55,0.0372,1,0,1,1,1,1,0,1,1,0,0,1,0,0,0,4,0.0118,0.0074,2,0,1
NCRB-SYNTH-100563,Trial Court,Writ Petition (Detention),1,4,2,0,1,0,0,1,0,0,0.7367,0,19,1,1,0.1328,4,1.1903,30.0,13830.77,0.0718,1,1,1,1,0,3,0,0,0,1,1,0,0,0,0,1,0.0931,0.1342,2,1,0
NCRB-SYNTH-100564,Trial Court,Sec 439 CrPC (Regular Bail),1,5,1,0,1,0,0,1,0,0,0.6083,1,164,0,0,0.0,6,1.1539,57.88,27207.37,0.1127,1,0,1,1,1,2,0,0,0,1,1,0,0,0,0,3,0.0816,0.0589,2,1,0
NCRB-SYNTH-100577,Trial Court,Trial Judgment,1,1,2,0,1,0,0,1,0,0,0.882,1,86,0,0,0.0495,1,1.1583,62.68,36511.97,0.0571,1,1,1,1,1,3,0,0,0,1,1,1,0,0,0,4,0.0997,0.062,2,1,0
NCRB-SYNTH-100587,Trial Court,Trial Judgment,15,2,2,0,1,0,0,1,0,0,0.7717,1,25,0,0,0.0,6,1.1131,82.57,8358.59,0.0749,1,0,1,1,0,2,0,1,1,0,1,0,1,0,1,4,0.0375,0.0233,2,0,1
NCRB-SYNTH-100588,High Court,Writ Petition (Detention),2,2,2,0,1,0,0,1,0,0,0.9073,0,58,1,0,0.072,8,1.0,109.0,10243.93,0.0672,1,1,1,1,1,3,0,0,0,1,0,1,1,0,0,2,0.0973,0.0886,2,1,0
NCRB-SYNTH-100589,Trial Court,Sec 439 CrPC (Regular Bail),4,4,1,0,1,0,1,1,0,1,0.8192,1,169,0,0,0.0561,8,1.1743,174.2,13842.54,0.0445,1,1,0,1,1,2,1,0,0,1,0,0,1,0,0,1,0.0412,0.0595,2,1,0
NCRB-SYNTH-100590,Trial Court,Sec 439 CrPC (Regular Bail),15,3,1,0,1,1,0,1,0,1,0.5186,1,74,0,0,0.0241,5,1.0,122.83,10807.11,0.0151,0,0,0,1,1,3,0,1,1,0,1,0,1,0,0,1,0.0719,0.1038,2,0,0
NCRB-SYNTH-100591,Trial Court,Writ Petition (Detention),2,4,1,0,1,0,0,1,0,1,0.5781,0,17,1,1,0.1156,4,1.0,74.14,40909.99,0.0912,1,1,1,1,1,3,1,0,0,1,1,1,1,0,0,2,0.077,0.0701,2,1,0
NCRB-SYNTH-100593,Trial Court,Sec 439 CrPC (Regular Bail),2,3,2,0,1,0,0,1,0,0,0.8048,1,126,0,0,0.0517,9,1.0927,92.93,26465.51,0.1052,1,1,1,1,0,2,1,0,0,1,0,0,1,0,0,2,0.0202,0.0184,2,1,0
NCRB-SYNTH-100598,Trial Court,Sec 482 CrPC (Quashing),27,1,2,0,1,1,0,1,0,1,0.7047,1,34,1,1,0.1269,7,1.358,103.33,21165.44,0.0988,1,1,1,0,0,4,0,0,0,1,1,1,1,0,0,2,0.0182,0.0166,2,1,0
NCRB-SYNTH-100599,Trial Court,Sec 482 CrPC (Quashing),4,1,2,1,1,0,0,1,0,0,0.625,0,140,0,0,0.1037,5,1.1208,86.47,43787.51,0.1782,1,1,1,1,1,2,0,0,0,1,1,1,0,0,0,4,0.0775,0.0481,2,1,0
NCRB-SYNTH-100600,Trial Court,Sec 482 CrPC (Quashing),4,1,2,0,1,0,0,1,0,1,0.7027,1,32,0,0,0.035,6,1.2397,80.58,30603.48,0.1162,1,1,1,1,1,1,0,0,0,1,1,1,1,0,0,1,0.0388,0.056,2,1,0
NCRB-SYNTH-100601,Trial Court,Sec 439 CrPC (Regular Bail),2,3,2,0,1,0,0,1,0,0,0.9017,1,148,1,1,0.0898,3,1.0,63.22,5386.05,0.14,1,1,1,0,1,3,1,0,0,1,1,1,0,0,0,4,0.0178,0.0111,2,1,0
NCRB-SYNTH-100603,Trial Court,Sec 482 CrPC (Quashing),1,1,2,0,1,0,0,1,0,1,0.659,1,41,0,1,0.1143,7,1.0735,100.8,38714.39,0.098,1,1,1,1,0,2,0,0,0,1,1,1,0,0,1,3,0.036,0.026,2,1,0
NCRB-SYNTH-100604,High Court,Sec 482 CrPC (Quashing),1,4,2,0,1,0,1,1,0,1,0.861,1,155,0,1,0.0806,9,1.1786,172.96,3577.14,0.0031,0,0,1,1,0,3,1,1,1,0,1,0,0,0,0,3,0.0978,0.0706,2,0,1
NCRB-SYNTH-100605,Trial Court,Sec 482 CrPC (Quashing),1,1,2,0,1,0,0,1,0,0,0.7964,1,144,0,0,0.1482,4,1.2188,133.86,14590.42,0.1684,0,0,1,0,0,3,1,1,1,0,1,1,1,0,1,3,0.0664,0.0479,0,0,1
NCRB-SYNTH-100611,Trial Court,Writ Petition (Detention),1,2,2,0,1,0,0,1,1,0,0.7509,1,14,1,1,0.1079,6,1.0869,78.07,18617.13,0.1713,1,0,1,1,0,2,1,1,1,0,1,1,0,0,0,2,0.04,0.0364,2,1,1
NCRB-SYNTH-100614,Trial Court,Writ Petition (Detention),1,5,1,0,1,1,0,1,1,0,0.5505,1,167,0,0,0.1295,9,1.0006,167.77,39076.28,0.158,1,1,0,1,1,3,0,0,0,1,1,1,0,1,1,4,0.0118,0.0073,2,1,0
NCRB-SYNTH-100617,Trial Court,Writ Petition (Detention),4,1,2,0,1,0,1,1,0,1,0.9389,1,100,0,0,0.0766,3,1.0658,102.95,23659.15,0.0616,1,0,1,1,0,2,0,1,1,0,1,0,1,0,1,3,0.038,0.0274,2,0,1
NCRB-SYNTH-100621,Trial Court,Sec 439 CrPC (Regular Bail),2,4,2,1,1,0,0,1,1,1,0.3891,1,154,0,0,0.0828,9,1.3137,70.79,12931.81,0.1172,1,1,1,1,1,1,0,0,0,1,0,0,0,0,0,4,0.0196,0.0122,2,1,0
NCRB-SYNTH-100629,High Court,Sec 439 CrPC (Regular Bail),4,4,1,0,1,0,0,1,0,0,0.8619,1,107,1,0,0.1074,2,1.1891,113.1,3969.71,0.1679,1,0,1,1,1,2,1,1,1,0,1,1,1,0,1,4,0.0427,0.0266,2,0,1
NCRB-SYNTH-100635,Trial Court,Writ Petition (Detention),4,2,2,0,1,0,1,1,0,0,0.7377,0,167,1,1,0.0761,9,1.001,124.96,19743.06,0.132,1,0,1,0,1,3,1,1,1,0,1,0,1,0,0,4,0.0457,0.0284,2,1,1
NCRB-SYNTH-100641,Trial Court,Writ Petition (Detention),2,2,2,0,1,0,1,1,0,0,0.7881,1,128,1,1,0.037,4,1.0,67.22,5853.43,0.055,1,1,1,1,1,2,1,0,0,1,0,1,1,0,1,4,0.076,0.0472,2,1,0
NCRB-SYNTH-100645,Trial Court,Sec 439 CrPC (Regular Bail),4,2,2,1,1,0,1,1,0,1,0.7585,1,53,0,0,0.1254,8,1.1473,176.51,40351.2,0.0233,0,1,0,1,1,1,0,0,0,1,1,1,1,1,0,3,0.0537,0.0387,2,1,0
NCRB-SYNTH-100651,Trial Court,Sec 482 CrPC (Quashing),4,5,1,0,1,0,1,1,0,0,0.9219,1,65,1,1,0.0956,6,1.0,36.22,27883.12,0.0604,1,1,1,1,0,2,0,0,0,1,1,0,1,0,0,2,0.0573,0.0522,2,1,0
NCRB-SYNTH-100656,Trial Court,Trial Judgment,15,3,2,0,1,0,1,1,0,0,0.5246,1,29,1,1,0.0478,7,1.2735,93.22,39914.83,0.0761,0,0,1,1,1,1,1,0,0,1,1,1,0,0,1,4,0.0201,0.0125,2,1,0
NCRB-SYNTH-100665,High Court,Sec 439 CrPC (Regular Bail),2,2,1,0,1,0,0,1,0,1,0.3819,1,128,0,0,0.111,8,1.0,57.1,19186.49,0.1547,0,1,1,1,1,2,0,0,0,1,1,1,1,0,0,4,0.0428,0.0266,2,1,0
NCRB-SYNTH-100666,Trial Court,Sec 482 CrPC (Quashing),4,5,1,0,1,0,0,1,0,0,0.6083,1,130,0,0,0.0448,7,1.0,74.81,27423.38,0.0832,1,1,1,1,1,4,0,0,0,1,1,0,1,0,0,4,0.0755,0.0469,2,1,0
NCRB-SYNTH-100668,Trial Court,Sec 482 CrPC (Quashing),2,4,1,0,1,0,0,1,0,0,0.7817,1,86,0,0,0.1036,5,1.0,130.9,35363.54,0.0913,1,1,0,1,1,3,1,0,0,1,1,1,1,0,0,1,0.0488,0.0704,2,1,0
NCRB-SYNTH-100669,Trial Court,Sec 439 CrPC (Regular Bail),1,5,2,0,1,0,1,1,1,0,0.8616,1,93,0,0,0.1119,6,1.1084,160.43,18026.49,0.1025,1,1,1,1,0,1,1,0,0,1,1,1,0,1,0,1,0.0576,0.0831,2,1,0
NCRB-SYNTH-100671,Trial Court,Writ Petition (Detention),1,3,2,0,1,0,1,1,0,0,0.9079,0,43,1,1,0.0945,9,1.0,36.76,29326.2,0.1256,1,0,1,1,0,2,0,1,1,0,0,0,0,0,0,4,0.0424,0.0263,2,0,1
NCRB-SYNTH-100673,Trial Court,Writ Petition (Detention),2,1,2,0,1,0,1,1,0,1,0.9456,1,22,0,0,0.1306,6,1.0082,107.62,32173.02,0.0085,1,0,1,1,0,3,1,0,0,1,1,0,1,0,0,4,0.0895,0.0556,2,1,0
NCRB-SYNTH-100677,Trial Court,Writ Petition (Detention),15,2,2,0,1,0,0,1,0,1,0.5491,1,67,1,1,0.2023,1,1.1036,175.89,39464.09,0.0886,1,1,1,0,1,4,1,0,0,1,0,0,1,0,0,4,0.0162,0.01,2,1,0
NCRB-SYNTH-100683,Trial Court,Sec 439 CrPC (Regular Bail),4,4,2,0,1,0,0,1,0,0,0.4531,1,151,0,1,0.0914,9,1.1768,102.15,11392.24,0.1478,1,1,0,1,1,2,0,0,0,1,1,0,0,0,0,2,0.0991,0.0902,2,1,0
NCRB-SYNTH-100690,Trial Court,Sec 439 CrPC (Regular Bail),1,2,2,0,1,1,0,1,0,1,0.4532,1,120,0,1,0.1072,4,1.0121,161.8,28973.49,0.1511,1,1,1,1,0,5,0,0,0,1,1,1,1,1,1,3,0.0681,0.0491,2,1,0
NCRB-SYNTH-100695,Trial Court,Writ Petition (Detention),1,4,2,0,1,0,1,1,0,0,0.3923,1,63,0,0,0.0439,6,1.1011,53.59,23143.7,0.1189,0,0,1,1,0,1,0,1,1,0,1,0,1,0,0,1,0.0608,0.0877,2,0,0
NCRB-SYNTH-100699,Trial Court,Sec 439 CrPC (Regular Bail),4,1,1,0,1,0,1,1,1,0,0.4541,1,167,1,1,0.0414,8,1.0,105.65,7927.05,0.0721,1,1,1,1,0,2,0,0,0,1,1,0,1,0,0,2,0.0711,0.0647,2,1,0
NCRB-SYNTH-100702,Trial Court,Sec 482 CrPC (Quashing),1,3,1,1,1,0,1,1,0,1,0.6503,1,175,0,0,0.1624,4,1.1604,40.4,26866.21,0.104,1,1,1,1,0,1,0,0,0,1,1,1,1,0,0,4,0.0465,0.0289,2,1,0
NCRB-SYNTH-100704,Trial Court,Sec 439 CrPC (Regular Bail),1,4,2,0,1,0,0,1,0,1,0.8839,0,85,0,0,0.0534,1,1.0505,175.82,38025.38,0.0967,1,1,0,1,0,3,0,0,0,1,0,1,0,0,0,1,0.087,0.1255,2,1,0
NCRB-SYNTH-100705,Trial Court,Writ Petition (Detention),15,1,2,0,1,1,0,1,0,0,0.7816,1,175,1,1,0.0409,3,1.0344,57.35,29315.77,0.1227,1,1,1,1,1,1,0,0,0,1,1,1,0,0,0,3,0.0869,0.0627,2,1,0
NCRB-SYNTH-100719,Trial Court,Sec 439 CrPC (Regular Bail),7,2,2,0,1,1,0,1,0,0,0.6548,1,49,0,0,0.1035,9,1.1264,157.73,38101.54,0.0254,1,1,1,1,1,2,1,0,0,1,0,0,1,0,1,3,0.0818,0.059,2,1,0
NCRB-SYNTH-100722,Trial Court,Trial Judgment,2,4,1,0,1,0,1,1,0,0,0.5811,0,78,0,0,0.0828,2,1.2017,80.69,13378.19,0.0308,1,1,1,1,0,2,1,0,0,1,1,0,0,1,0,1,0.0885,0.1277,2,1,0
NCRB-SYNTH-100723,Trial Court,Writ Petition (Detention),2,3,1,0,1,1,0,1,0,0,0.9683,1,52,1,1,0.0,4,1.0888,106.49,21852.99,0.1436,1,1,0,1,1,3,1,0,0,1,1,0,0,0,0,4,0.0709,0.044,2,1,0
NCRB-SYNTH-100727,High Court,Sec 482 CrPC (Quashing),21,4,2,0,1,0,0,1,0,0,0.3989,1,70,0,0,0.0833,2,1.1789,34.38,3961.06,0.1266,1,1,1,0,0,1,0,0,0,1,1,1,1,0,1,3,0.0765,0.0552,2,1,0
NCRB-SYNTH-100730,Trial Court,Writ Petition (Detention),1,1,1,0,1,1,0,1,0,0,0.9272,1,15,0,0,0.0632,6,1.1273,127.12,43858.34,0.1817,1,0,1,0,0,3,0,0,0,1,0,0,1,0,1,3,0.0401,0.0289,2,1,0
NCRB-SYNTH-100731,Trial Court,Writ Petition (Detention),1,1,1,0,1,1,0,1,0,0,0.8583,1,152,1,1,0.1094,4,1.0795,94.2,32576.86,0.1485,1,1,1,1,0,2,0,0,0,1,0,0,1,0,0,4,0.036,0.0224,2,1,0
NCRB-SYNTH-100751,Trial Court,Sec 482 CrPC (Quashing),1,2,1,0,1,0,0,1,0,1,0.9167,1,49,0,1,0.1341,1,1.0,52.37,12015.42,0.0583,1,1,1,1,0,4,0,0,0,1,1,0,0,0,0,4,0.0218,0.0135,0,1,0
NCRB-SYNTH-100755,Trial Court,Sec 439 CrPC (Regular Bail),2,4,2,0,1,0,0,1,0,1,0.8289,1,158,0,1,0.0391,4,1.0,61.21,37104.38,0.094,1,1,1,1,1,2,0,0,0,1,0,1,0,0,1,3,0.0871,0.0628,2,1,0
NCRB-SYNTH-100761,Trial Court,Trial Judgment,1,3,2,0,1,1,0,1,1,0,0.6027,1,79,0,0,0.1041,6,1.1481,134.17,23332.3,0.1078,1,0,1,1,1,4,1,1,1,0,1,0,0,1,0,1,0.0234,0.0338,2,1,0
NCRB-SYNTH-100765,Trial Court,Writ Petition (Detention),2,4,2,0,1,0,1,1,0,0,0.7839,1,115,0,0,0.09,2,1.1553,152.85,19063.34,0.077,0,1,1,0,0,4,1,0,0,1,1,0,0,0,0,2,0.0285,0.0259,2,1,0
NCRB-SYNTH-100771,Trial Court,Sec 439 CrPC (Regular Bail),15,3,1,0,1,0,0,1,0,1,0.5404,0,87,1,0,0.0703,8,1.1228,89.26,13885.54,0.1713,0,1,1,1,1,3,1,0,0,1,1,1,0,1,0,1,0.0873,0.1259,2,1,0
NCRB-SYNTH-100773,Trial Court,Sec 439 CrPC (Regular Bail),1,2,2,0,1,1,0,1,0,0,0.7079,1,51,0,0,0.0715,6,1.0517,41.66,22132.5,0.0078,1,1,1,1,0,1,0,0,0,1,1,0,1,0,0,4,0.0978,0.0608,2,1,0
NCRB-SYNTH-100776,Trial Court,Sec 439 CrPC (Regular Bail),1,4,2,0,1,0,0,1,1,1,0.5252,0,160,0,1,0.0838,6,1.0722,61.44,40855.27,0.0965,1,1,0,1,1,4,1,0,0,1,1,1,1,0,0,2,0.0225,0.0205,2,1,0
NCRB-SYNTH-100785,Trial Court,Sec 482 CrPC (Quashing),7,1,2,0,1,0,1,1,0,1,0.7249,1,31,0,0,0.0942,9,1.0,60.01,34283.22,0.0541,1,0,1,0,1,1,0,1,1,0,1,0,0,0,0,2,0.0727,0.0661,2,0,1
NCRB-SYNTH-100791,Trial Court,Writ Petition (Detention),1,1,1,0,1,0,0,1,0,1,0.5594,1,18,0,0,0.0474,4,1.1584,36.57,6757.55,0.0932,1,1,1,1,1,3,0,0,0,1,1,0,0,0,0,2,0.0239,0.0217,2,1,0
NCRB-SYNTH-100795,Trial Court,Sec 482 CrPC (Quashing),1,3,1,0,1,0,0,1,0,1,0.6751,1,114,0,0,0.1689,7,1.0,60.19,27601.63,0.18,1,1,1,1,1,1,0,0,0,1,1,0,1,1,0,2,0.0211,0.0192,2,1,0
NCRB-SYNTH-100802,Trial Court,Sec 482 CrPC (Quashing),1,5,2,0,1,1,1,1,0,1,0.6665,0,181,0,0,0.0259,8,1.0046,127.56,20080.73,0.0643,1,0,0,1,0,1,0,1,1,0,0,0,0,0,1,1,0.0249,0.0359,2,1,1
NCRB-SYNTH-100810,Trial Court,Sec 439 CrPC (Regular Bail),2,1,2,0,1,0,0,1,0,1,0.8092,1,144,0,0,0.1375,7,1.2221,78.1,3341.32,0.1262,1,1,1,1,0,2,0,0,0,1,1,0,0,0,1,1,0.0903,0.1303,0,1,0
NCRB-SYNTH-100813,Trial Court,Sec 439 CrPC (Regular Bail),7,4,1,0,1,0,0,1,0,1,0.8026,1,147,0,0,0.0559,2,1.0898,91.74,34318.96,0.0582,1,1,1,1,0,4,1,0,0,1,1,1,0,0,0,4,0.0281,0.0175,2,1,0
NCRB-SYNTH-100819,Trial Court,Writ Petition (Detention),1,4,1,0,1,0,1,1,0,0,0.6084,1,61,0,0,0.0948,2,1.1154,46.69,44775.57,0.0582,1,1,1,1,0,3,0,0,0,1,1,0,1,0,0,4,0.0745,0.0463,2,1,0
NCRB-SYNTH-100822,Trial Court,Writ Petition (Detention),4,4,1,0,1,1,1,1,0,0,0.9305,1,54,0,0,0.1055,1,1.0282,149.76,26039.67,0.1844,1,1,1,1,1,1,1,0,0,1,1,0,1,0,0,2,0.0973,0.0885,2,1,0
NCRB-SYNTH-100833,Trial Court,Trial Judgment,45,5,2,0,1,1,0,1,0,0,0.7442,1,93,0,0,0.1005,4,1.1041,33.51,34911.27,0.0227,1,0,1,0,1,1,0,1,1,0,1,1,0,0,0,1,0.0241,0.0348,2,1,1
NCRB-SYNTH-100834,High Court,Sec 439 CrPC (Regular Bail),7,3,2,0,1,1,0,1,0,1,0.9018,1,35,0,0,0.1288,6,1.0694,51.67,24304.89,0.0108,0,1,1,0,1,3,1,0,0,1,1,0,1,0,0,4,0.0226,0.014,2,1,0
NCRB-SYNTH-100841,Trial Court,Trial Judgment,1,1,1,0,1,0,0,1,0,0,0.7674,1,164,0,0,0.074,5,1.0548,131.76,33661.34,0.0722,1,1,0,1,0,3,0,0,0,1,0,1,1,1,1,3,0.0329,0.0237,2,1,0
NCRB-SYNTH-100843,Trial Court,Writ Petition (Detention),2,1,1,0,1,0,0,1,1,0,0.8843,0,116,0,0,0.0555,5,1.0072,38.66,43733.52,0.0813,1,1,1,1,1,2,0,0,0,1,1,0,1,0,1,1,0.0414,0.0597,2,1,0
NCRB-SYNTH-100845,Trial Court,Sec 439 CrPC (Regular Bail),1,4,2,0,1,0,1,1,0,1,0.6345,1,68,1,0,0.0608,4,1.0508,63.53,8865.84,0.0926,1,1,1,0,1,4,0,0,0,1,1,0,1,0,0,4,0.0364,0.0226,2,1,0
NCRB-SYNTH-100847,Trial Court,Sec 439 CrPC (Regular Bail),2,5,2,1,1,0,0,1,0,0,0.5107,1,30,0,0,0.0686,4,1.0627,142.52,24227.85,0.0099,1,1,1,1,1,1,1,0,0,1,1,1,0,0,0,1,0.0239,0.0345,0,1,0
NCRB-SYNTH-100851,Trial Court,Trial Judgment,1,5,2,0,1,1,0,1,0,0,0.9122,1,111,0,0,0.0453,8,1.0,35.56,43734.59,0.0219,1,1,1,1,0,1,0,0,0,1,0,0,1,0,0,2,0.0619,0.0563,2,1,0
NCRB-SYNTH-100856,Trial Court,Writ Petition (Detention),1,5,1,0,1,1,1,1,0,1,0.7987,0,22,0,0,0.1181,8,1.0078,31.44,21875.65,0.0962,1,1,1,1,0,2,0,0,0,1,0,1,0,0,1,4,0.033,0.0205,2,1,0
NCRB-SYNTH-100857,Trial Court,Writ Petition (Detention),21,5,2,0,1,0,0,1,0,1,0.6902,1,119,1,1,0.1665,2,1.0153,54.0,44443.11,0.0459,1,0,1,1,1,2,0,0,0,1,1,0,0,0,0,1,0.0337,0.0486,2,1,0
NCRB-SYNTH-100860,High Court,Sec 482 CrPC (Quashing),1,5,2,0,1,0,1,1,0,0,0.6301,1,93,0,0,0.0591,2,1.1209,154.54,44973.68,0.1318,1,1,0,1,1,4,0,0,0,1,1,0,0,0,0,1,0.0506,0.073,2,1,0
NCRB-SYNTH-100867,Trial Court,Trial Judgment,15,1,2,0,1,1,1,1,0,0,0.5634,1,69,1,1,0.1126,5,1.0521,69.06,15011.27,0.0853,1,1,0,1,1,2,0,0,0,1,1,1,1,0,0,2,0.0821,0.0747,2,1,0
NCRB-SYNTH-100868,Trial Court,Trial Judgment,1,5,1,0,1,0,1,1,1,0,0.7739,1,19,0,0,0.0373,2,1.0362,121.22,43340.08,0.0664,1,1,1,1,0,1,0,0,0,1,1,0,1,1,1,3,0.0306,0.0221,2,1,0
NCRB-SYNTH-100875,Trial Court,Trial Judgment,1,3,2,0,1,1,0,1,0,1,0.5306,1,156,1,0,0.0598,2,1.2579,70.41,43878.02,0.0414,1,1,0,1,0,1,1,0,0,1,1,0,0,0,0,1,0.0644,0.0929,2,1,0
NCRB-SYNTH-100876,High Court,Trial Judgment,2,4,1,0,1,1,0,1,0,0,0.6155,1,25,0,0,0.0864,6,1.1536,178.93,32717.92,0.0645,1,1,0,1,1,2,0,0,0,1,1,0,1,1,0,2,0.0343,0.0312,2,1,0
NCRB-SYNTH-100879,High Court,Writ Petition (Detention),4,2,1,1,1,0,0,1,0,1,0.8083,1,115,0,0,0.1056,3,1.0,56.33,21948.86,0.1659,1,1,1,1,1,2,1,0,0,1,0,0,1,0,0,4,0.0538,0.0334,2,1,0
NCRB-SYNTH-100883,Trial Court,Writ Petition (Detention),1,2,2,0,1,0,1,1,0,1,0.4163,1,146,1,1,0.087,7,1.217,118.71,15629.14,0.054,1,1,0,1,1,1,0,0,0,1,1,0,0,1,1,2,0.0185,0.0168,2,1,0
NCRB-SYNTH-100884,Trial Court,Writ Petition (Detention),1,3,1,0,1,0,0,1,0,1,0.7929,1,80,0,0,0.0051,5,1.1782,67.96,16138.42,0.1441,0,1,0,1,0,1,0,0,0,1,1,1,0,0,0,3,0.068,0.049,0,1,0
NCRB-SYNTH-100886,Trial Court,Sec 482 CrPC (Quashing),1,1,2,0,1,1,1,1,0,0,0.6334,1,56,0,0,0.0849,9,1.2548,96.84,38927.11,0.0534,1,1,1,1,1,3,1,0,0,1,1,0,1,0,0,1,0.0968,0.1396,2,1,0
NCRB-SYNTH-100889,Trial Court,Sec 439 CrPC (Regular Bail),1,1,2,0,1,0,0,1,0,0,0.8111,1,64,1,1,0.1246,4,1.2223,58.4,3929.34,0.1955,1,1,1,1,1,3,0,0,0,1,1,0,0,0,0,2,0.0912,0.0831,2,1,0
NCRB-SYNTH-100899,Trial Court,Trial Judgment,1,1,1,0,1,0,0,1,0,1,0.8426,1,137,1,1,0.0687,2,1.2003,169.0,44795.73,0.1098,1,0,1,1,1,2,0,1,1,0,1,1,0,0,0,2,0.0181,0.0165,2,0,1
NCRB-SYNTH-100900,Trial Court,Writ Petition (Detention),7,1,2,0,1,0,1,1,0,1,0.9454,0,92,0,0,0.0894,1,1.1576,137.47,28972.06,0.0844,1,0,1,1,1,2,0,0,0,1,1,0,0,0,1,4,0.0432,0.0268,2,1,0
NCRB-SYNTH-100902,High Court,Sec 439 CrPC (Regular Bail),4,2,2,0,1,0,1,1,0,0,0.514,1,41,0,0,0.1645,9,1.1537,121.93,42148.68,0.1978,1,0,0,1,1,2,0,1,1,0,1,1,1,0,0,1,0.0806,0.1163,2,0,0
NCRB-SYNTH-100903,Trial Court,Trial Judgment,1,3,1,0,1,1,0,1,0,0,0.8715,0,45,0,0,0.1069,8,1.1834,127.61,29297.73,0.029,1,0,1,1,0,1,0,0,0,1,0,1,1,0,0,2,0.0833,0.0758,2,1,0
NCRB-SYNTH-100920,Trial Court,Sec 482 CrPC (Quashing),21,5,2,0,1,0,0,1,0,0,0.475,0,130,0,0,0.0549,4,1.0143,67.37,27076.09,0.1691,1,1,0,0,1,3,0,0,0,1,1,1,1,0,1,2,0.0274,0.0249,2,1,0
NCRB-SYNTH-100926,Trial Court,Writ Petition (Detention),1,2,2,0,1,0,0,1,0,0,0.8975,1,84,0,0,0.0763,3,1.0759,50.1,32177.83,0.0302,1,1,0,1,0,4,1,0,0,1,0,0,0,0,0,1,0.0457,0.066,2,1,0
NCRB-SYNTH-100931,Trial Court,Sec 482 CrPC (Quashing),1,3,2,0,1,1,0,1,0,1,0.8883,1,81,1,1,0.0049,3,1.0986,113.74,30498.87,0.1932,1,1,1,1,1,2,0,0,0,1,0,1,0,0,1,1,0.039,0.0563,2,1,0
NCRB-SYNTH-100935,Trial Court,Sec 482 CrPC (Quashing),2,1,2,1,1,0,0,1,0,1,0.5913,1,104,1,1,0.0367,2,1.3553,119.67,14974.84,0.1178,1,0,1,1,0,2,0,1,1,0,1,0,0,0,0,1,0.0773,0.1115,2,0,0
NCRB-SYNTH-100937,Trial Court,Sec 439 CrPC (Regular Bail),4,4,2,0,1,0,1,1,0,1,0.8455,1,18,0,0,0.0227,7,1.0,177.06,20616.37,0.1878,1,1,1,1,1,1,0,0,0,1,1,1,1,0,1,1,0.0915,0.1319,2,1,0
NCRB-SYNTH-100939,Trial Court,Sec 482 CrPC (Quashing),4,3,1,0,1,0,1,1,0,0,0.6971,0,117,0,0,0.1168,7,1.0372,137.46,7419.39,0.0813,0,0,1,0,1,2,1,0,0,1,1,1,1,0,1,4,0.0267,0.0166,2,1,0
NCRB-SYNTH-100946,Trial Court,Writ Petition (Detention),45,1,2,0,1,0,0,1,1,1,0.5612,1,81,1,1,0.1495,9,1.0059,39.75,8079.87,0.1316,1,1,1,1,1,3,1,0,0,1,1,0,1,0,0,4,0.0825,0.0513,2,1,0
NCRB-SYNTH-100947,Trial Court,Trial Judgment,1,1,1,0,1,0,0,1,0,1,0.8535,1,160,0,0,0.0958,3,1.1353,147.0,7505.12,0.0407,1,1,1,1,0,3,0,0,0,1,1,0,1,0,0,3,0.0642,0.0463,2,1,0
NCRB-SYNTH-100953,Trial Court,Sec 439 CrPC (Regular Bail),2,1,1,0,1,0,0,1,0,1,0.6279,1,145,0,0,0.0839,9,1.0096,106.4,44811.35,0.1605,0,1,1,1,0,4,1,0,0,1,1,0,1,0,0,3,0.0136,0.0098,2,1,0
NCRB-SYNTH-100958,Trial Court,Sec 482 CrPC (Quashing),1,5,2,0,1,0,1,1,0,1,0.9332,1,104,1,1,0.0,3,1.1512,68.27,8347.29,0.0987,1,1,1,1,1,2,0,0,0,1,1,1,1,0,0,4,0.0703,0.0437,2,1,0
NCRB-SYNTH-100959,Trial Court,Trial Judgment,4,3,1,0,1,0,0,1,1,0,0.8841,1,126,1,1,0.1532,4,1.059,31.65,40739.88,0.044,1,1,0,1,1,1,0,0,0,1,0,1,1,0,0,3,0.0276,0.0199,2,1,0
NCRB-SYNTH-100961,Trial Court,Writ Petition (Detention),1,2,1,0,1,0,1,1,0,1,0.9012,1,69,0,0,0.061,1,1.3014,36.76,25914.57,0.0235,1,1,0,1,0,3,1,0,0,1,1,1,1,0,1,2,0.0926,0.0843,2,1,0
NCRB-SYNTH-100975,Trial Court,Writ Petition (Detention),15,2,1,0,1,0,0,1,0,0,0.8809,1,39,0,0,0.0363,6,1.1818,147.16,34971.17,0.1344,1,0,1,1,1,2,0,0,0,1,1,1,1,0,0,4,0.0329,0.0204,2,1,0
NCRB-SYNTH-100978,Trial Court,Sec 439 CrPC (Regular Bail),1,4,1,0,1,0,0,1,0,0,0.6985,1,21,0,0,0.0863,4,1.0426,87.45,26885.29,0.1342,1,1,1,1,0,2,1,0,0,1,1,1,0,0,0,1,0.0583,0.0841,2,1,0
NCRB-SYNTH-100983,Trial Court,Sec 482 CrPC (Quashing),4,1,2,0,1,0,0,1,0,1,0.4706,0,131,0,0,0.0407,5,1.0628,34.48,6116.26,0.0614,1,1,0,1,1,3,0,0,0,1,0,1,0,0,0,1,0.0227,0.0327,2,1,0
NCRB-SYNTH-100984,High Court,Sec 439 CrPC (Regular Bail),4,1,2,0,1,0,0,1,1,1,0.6376,0,56,1,0,0.088,9,1.1618,48.14,21763.38,0.1847,1,1,0,1,0,3,1,0,0,1,1,0,0,0,0,2,0.0988,0.0899,2,1,0
NCRB-SYNTH-100996,High Court,Sec 482 CrPC (Quashing),4,1,2,0,1,0,0,1,0,0,0.7895,1,94,1,1,0.1651,5,1.2318,112.56,39880.23,0.0144,1,1,1,1,0,4,0,0,0,1,0,1,1,1,0,2,0.0965,0.0878,2,1,0
NCRB-SYNTH-100998,Trial Court,Writ Petition (Detention),4,4,2,0,1,0,0,1,0,0,0.7687,1,60,0,0,0.072,2,1.0,166.27,41278.3,0.0924,1,1,1,0,0,1,0,0,0,1,0,0,0,1,0,1,0.0939,0.1355,2,1,0
NCRB-SYNTH-101001,High Court,Sec 439 CrPC (Regular Bail),2,3,2,0,1,1,1,1,0,0,0.9267,1,47,0,1,0.1478,4,1.0,106.03,10195.68,0.1338,1,1,1,0,1,3,1,0,0,1,1,0,1,0,0,2,0.062,0.0565,2,1,0
NCRB-SYNTH-101014,High Court,Writ Petition (Detention),7,3,1,0,1,0,1,1,0,1,0.669,1,73,1,0,0.0151,5,1.0564,79.93,22208.22,0.1312,1,1,1,1,1,2,1,0,0,1,1,1,1,0,0,2,0.0728,0.0663,2,1,0
NCRB-SYNTH-101017,High Court,Sec 439 CrPC (Regular Bail),1,5,2,0,1,0,0,1,0,0,0.7659,1,72,0,0,0.042,3,1.0491,112.67,31144.28,0.1976,1,0,1,1,1,2,0,1,1,0,1,0,0,0,0,1,0.0785,0.1132,2,0,1
NCRB-SYNTH-101020,Trial Court,Sec 439 CrPC (Regular Bail),1,4,2,0,1,0,0,1,0,0,0.7512,1,120,1,1,0.1061,7,1.0281,88.72,13817.75,0.0321,1,0,1,1,0,2,0,1,1,0,1,1,0,0,0,1,0.0458,0.0661,0,1,1
NCRB-SYNTH-101031,Trial Court,Trial Judgment,4,1,2,0,1,0,0,1,1,0,0.6072,1,43,0,1,0.1265,9,1.0132,65.52,3311.45,0.0785,1,1,1,1,1,2,1,0,0,1,0,1,0,0,0,1,0.0948,0.1367,2,1,0
NCRB-SYNTH-101034,Trial Court,Sec 439 CrPC (Regular Bail),1,5,1,0,1,0,1,1,0,1,0.828,0,64,0,0,0.0296,2,1.0488,44.89,5014.98,0.0305,1,1,0,1,1,2,0,0,0,1,1,0,0,0,1,2,0.0685,0.0624,2,1,0
NCRB-SYNTH-101035,Trial Court,Writ Petition (Detention),21,5,2,0,1,0,1,1,0,0,0.835,1,60,0,0,0.1047,3,1.0,145.47,27020.56,0.1834,1,0,0,0,1,2,1,0,0,1,0,1,1,0,0,1,0.0558,0.0805,2,1,0
NCRB-SYNTH-101039,Trial Court,Sec 439 CrPC (Regular Bail),1,5,1,0,1,1,0,1,0,1,0.6348,1,152,0,0,0.0948,6,1.0,120.15,8960.54,0.1946,1,0,1,0,1,3,0,0,0,1,0,0,0,0,0,3,0.0879,0.0634,2,1,0
NCRB-SYNTH-101048,Trial Court,Sec 439 CrPC (Regular Bail),2,4,1,0,1,1,0,1,0,1,0.5984,1,138,1,1,0.0,2,1.0742,147.31,7672.17,0.1723,1,1,1,1,1,2,0,0,0,1,1,0,0,0,0,1,0.0284,0.041,0,1,0
NCRB-SYNTH-101050,Trial Court,Sec 439 CrPC (Regular Bail),1,2,1,1,1,0,0,1,0,1,0.9079,1,54,1,0,0.0626,7,1.0787,179.09,25440.64,0.0014,0,1,1,1,1,1,1,0,0,1,1,1,1,1,0,2,0.099,0.0901,2,1,0
NCRB-SYNTH-101068,Trial Court,Sec 439 CrPC (Regular Bail),1,5,2,0,1,0,0,1,0,0,0.5149,1,89,0,0,0.0411,6,1.2251,136.81,3316.41,0.1108,1,1,1,1,0,3,0,0,0,1,0,0,1,0,1,1,0.0922,0.1331,2,1,0
NCRB-SYNTH-101073,Trial Court,Sec 439 CrPC (Regular Bail),1,2,1,0,1,0,0,1,0,1,0.5378,1,100,0,0,0.0546,6,1.132,72.33,26466.74,0.0982,0,1,1,1,1,3,0,0,0,1,1,1,0,0,0,3,0.0717,0.0517,0,1,0
NCRB-SYNTH-101074,Trial Court,Sec 482 CrPC (Quashing),1,3,1,0,1,0,0,1,0,0,0.5596,1,22,0,0,0.1442,6,1.1967,161.11,36236.24,0.01,1,1,1,1,1,2,0,0,0,1,0,0,1,1,1,3,0.0539,0.0389,2,1,0
NCRB-SYNTH-101082,High Court,Sec 439 CrPC (Regular Bail),1,2,1,0,1,1,0,1,0,1,0.8883,1,91,1,0,0.0499,6,1.0041,93.29,22315.59,0.0916,1,1,0,1,1,6,1,0,0,1,1,1,0,0,0,4,0.0795,0.0494,2,1,0
NCRB-SYNTH-101088,Trial Court,Sec 482 CrPC (Quashing),1,5,1,0,1,0,0,1,0,0,0.8304,1,100,1,1,0.121,8,1.0,39.75,16244.65,0.0552,1,1,1,1,1,2,1,0,0,1,0,1,0,0,0,3,0.0776,0.056,2,1,0
NCRB-SYNTH-101096,Trial Court,Writ Petition (Detention),4,2,1,1,1,1,0,1,0,0,0.5105,1,75,0,0,0.0473,6,1.211,173.49,22598.69,0.186,0,1,1,1,0,3,0,0,0,1,1,0,1,0,0,4,0.0416,0.0259,2,1,0
NCRB-SYNTH-101098,Trial Court,Sec 439 CrPC (Regular Bail),1,3,2,0,1,1,0,1,0,0,0.5016,1,100,0,0,0.1232,8,1.0771,100.18,9009.06,0.0931,1,1,1,1,1,3,0,0,0,1,1,1,0,0,0,4,0.0654,0.0406,2,1,0
NCRB-SYNTH-101101,Trial Court,Writ Petition (Detention),4,5,1,0,1,0,0,1,0,0,0.6942,0,71,1,1,0.1625,4,1.1546,128.69,35423.12,0.1507,1,1,1,1,0,3,1,0,0,1,1,0,1,0,1,4,0.0697,0.0433,2,1,0
NCRB-SYNTH-101106,Trial Court,Writ Petition (Detention),2,2,2,0,1,1,1,1,0,0,0.6606,1,160,0,0,0.0528,9,1.06,58.29,35132.82,0.0137,1,1,1,1,0,3,0,0,0,1,0,1,1,0,0,1,0.0412,0.0594,0,1,0
NCRB-SYNTH-101110,High Court,Writ Petition (Detention),1,5,1,0,1,0,1,1,0,0,0.8266,1,55,1,1,0.101,3,1.3354,58.12,44290.34,0.1102,1,1,0,1,0,3,0,0,0,1,1,0,0,0,1,3,0.0147,0.0106,0,1,0
NCRB-SYNTH-101117,Trial Court,Sec 439 CrPC (Regular Bail),1,4,2,0,1,1,1,1,0,0,0.5706,1,14,1,1,0.1327,8,1.0924,30.62,21902.16,0.1858,1,0,0,1,0,3,0,0,0,1,1,1,0,0,0,3,0.0957,0.069,2,1,0
NCRB-SYNTH-101120,Trial Court,Sec 482 CrPC (Quashing),1,2,1,0,1,0,1,1,0,1,0.8058,1,161,0,0,0.0687,6,1.0,115.2,3723.47,0.1648,1,0,0,0,1,2,1,1,1,0,1,1,0,0,0,4,0.0256,0.0159,2,1,1
NCRB-SYNTH-101127,Trial Court,Sec 439 CrPC (Regular Bail),2,5,1,0,1,0,0,1,0,0,0.5855,1,51,1,1,0.1177,3,1.0039,82.45,43837.43,0.1945,0,0,1,1,1,1,0,1,1,0,1,0,0,0,0,3,0.0131,0.0094,2,0,0
NCRB-SYNTH-101133,Trial Court,Sec 482 CrPC (Quashing),1,1,2,0,1,0,1,1,0,0,0.8158,1,122,1,1,0.1682,9,1.147,115.14,14726.78,0.1434,0,1,1,0,1,3,1,0,0,1,1,1,1,0,0,3,0.082,0.0591,2,1,0
NCRB-SYNTH-101136,Trial Court,Sec 482 CrPC (Quashing),1,5,2,0,1,0,0,1,0,0,0.6212,1,35,0,0,0.2113,8,1.2862,75.91,15255.07,0.0677,1,1,0,1,0,1,1,0,0,1,0,0,1,1,0,3,0.0354,0.0255,2,1,0
NCRB-SYNTH-101157,Trial Court,Sec 482 CrPC (Quashing),1,4,1,0,1,0,1,1,0,1,0.9704,0,92,0,0,0.0037,6,1.2146,173.71,30053.94,0.1623,1,1,0,1,0,4,1,0,0,1,1,0,0,0,1,2,0.0894,0.0813,2,1,0
NCRB-SYNTH-101160,Trial Court,Sec 439 CrPC (Regular Bail),1,5,2,0,1,0,0,1,0,0,0.4763,1,132,1,1,0.0,4,1.0192,76.81,5002.12,0.082,1,1,0,0,1,1,1,0,0,1,1,0,0,0,0,1,0.0652,0.094,2,1,0
NCRB-SYNTH-101162,Trial Court,Sec 482 CrPC (Quashing),4,2,2,0,1,0,0,1,0,0,0.6511,1,68,0,0,0.0797,1,1.1623,56.59,29496.23,0.0804,1,1,1,1,0,3,0,0,0,1,1,1,1,0,0,3,0.0178,0.0129,2,1,0
NCRB-SYNTH-101165,Trial Court,Trial Judgment,1,1,1,0,1,0,0,1,0,0,0.9175,1,50,1,1,0.0677,3,1.2901,172.21,5011.83,0.1337,1,1,1,1,0,4,0,0,0,1,1,0,1,0,0,4,0.0367,0.0228,2,1,0
NCRB-SYNTH-101169,Trial Court,Trial Judgment,4,4,2,0,1,0,1,1,0,1,0.839,0,114,0,0,0.1407,4,1.0,170.71,44700.71,0.1655,1,1,1,1,1,2,0,0,0,1,1,0,0,0,0,2,0.0851,0.0775,2,1,0
NCRB-SYNTH-101178,High Court,Sec 439 CrPC (Regular Bail),1,4,1,1,1,0,0,1,0,0,0.8749,1,92,0,0,0.0,3,1.1745,88.2,11155.31,0.0924,0,1,0,1,1,3,0,0,0,1,1,1,1,0,1,3,0.0261,0.0188,2,1,0
NCRB-SYNTH-101185,Trial Court,Trial Judgment,1,1,2,0,1,0,0,1,1,0,0.7593,1,148,0,1,0.1268,1,1.1129,114.89,16664.97,0.1764,1,1,1,1,0,2,0,0,0,1,1,0,1,0,0,4,0.0162,0.0101,0,1,0
NCRB-SYNTH-101188,High Court,Sec 482 CrPC (Quashing),2,1,2,0,1,0,0,1,0,1,0.8234,1,20,0,0,0.0553,3,1.0621,179.17,23620.43,0.0049,1,1,1,1,1,4,0,0,0,1,1,0,0,0,0,3,0.0631,0.0455,2,1,0
NCRB-SYNTH-101191,Trial Court,Sec 439 CrPC (Regular Bail),1,2,1,0,1,0,0,1,0,0,0.8406,1,88,1,1,0.0872,5,1.0505,99.0,23157.05,0.0617,1,1,1,1,0,2,0,0,0,1,1,1,0,0,0,4,0.0755,0.0469,2,1,0
NCRB-SYNTH-101195,Trial Court,Sec 439 CrPC (Regular Bail),1,3,1,0,1,0,1,1,0,1,0.4426,1,33,0,1,0.0174,9,1.0,136.02,30843.93,0.088,1,1,1,1,1,3,0,0,0,1,0,0,1,0,0,4,0.0592,0.0368,0,1,0
NCRB-SYNTH-101200,Trial Court,Sec 439 CrPC (Regular Bail),1,3,1,1,1,1,1,1,0,0,0.49,1,108,0,1,0.0859,8,1.0,77.41,4335.02,0.1188,1,1,1,1,0,2,0,0,0,1,1,0,0,0,1,3,0.0564,0.0407,2,1,0
NCRB-SYNTH-101202,Trial Court,Trial Judgment,7,3,1,0,1,0,0,1,0,0,0.7807,1,102,1,0,0.0932,8,1.0255,173.85,23222.73,0.1118,1,1,1,1,0,1,0,0,0,1,1,0,0,0,0,2,0.0469,0.0427,2,1,0
NCRB-SYNTH-101203,Trial Court,Sec 439 CrPC (Regular Bail),1,1,2,0,1,0,0,1,0,0,0.7084,0,128,0,1,0.046,9,1.4067,136.74,36682.38,0.0355,1,0,1,1,0,4,1,0,0,1,1,1,0,1,1,4,0.065,0.0404,2,1,0
NCRB-SYNTH-101213,Trial Court,Trial Judgment,15,2,2,0,1,0,1,1,0,1,0.482,1,74,1,1,0.0771,5,1.0,77.56,33895.12,0.0769,1,1,1,1,1,2,1,0,0,1,1,0,0,0,0,1,0.0117,0.0169,2,1,0
NCRB-SYNTH-101217,Trial Court,Sec 482 CrPC (Quashing),2,1,2,0,1,0,1,1,0,0,0.9092,0,107,1,0,0.1068,7,1.203,134.11,39478.05,0.0708,0,1,1,1,1,4,0,0,0,1,1,0,1,0,0,3,0.0199,0.0143,2,1,0
NCRB-SYNTH-101222,Trial Court,Sec 439 CrPC (Regular Bail),2,2,2,0,1,0,0,1,0,0,0.7564,0,160,1,1,0.0561,4,1.0747,133.87,31452.63,0.003,0,0,1,1,1,3,0,1,1,0,1,1,0,0,0,4,0.0507,0.0315,2,0,1
NCRB-SYNTH-101234,Trial Court,Sec 439 CrPC (Regular Bail),2,5,1,0,1,0,0,1,0,0,0.578,1,129,0,0,0.1238,1,1.0793,109.32,7716.98,0.1279,1,0,1,1,0,2,1,1,1,0,1,0,0,0,0,4,0.0326,0.0202,2,0,0
NCRB-SYNTH-101240,High Court,Sec 439 CrPC (Regular Bail),2,5,1,0,1,0,1,1,0,0,0.7964,1,111,0,0,0.0765,4,1.3522,58.27,18960.56,0.1011,1,1,1,1,1,4,1,0,0,1,1,1,1,0,0,2,0.0224,0.0204,0,1,0
NCRB-SYNTH-101247,Trial Court,Sec 482 CrPC (Quashing),2,2,1,0,1,0,0,1,0,1,0.6546,1,76,0,0,0.0876,6,1.0024,158.04,20209.33,0.1025,1,0,1,1,1,2,0,0,0,1,1,0,0,0,0,4,0.0383,0.0238,2,1,0
NCRB-SYNTH-101248,Trial Court,Sec 439 CrPC (Regular Bail),27,4,2,1,1,0,0,1,0,1,0.9248,1,130,0,0,0.11,4,1.1641,145.45,25318.04,0.0611,1,1,1,1,0,3,1,0,0,1,0,1,1,0,0,4,0.0848,0.0527,2,1,0
NCRB-SYNTH-101253,Trial Court,Trial Judgment,4,3,1,0,1,0,1,1,0,1,0.6156,1,117,0,0,0.0955,9,1.0909,114.42,13928.59,0.1712,0,1,1,1,0,3,1,0,0,1,1,0,0,0,0,2,0.0221,0.0201,2,1,0
NCRB-SYNTH-101254,Trial Court,Writ Petition (Detention),1,5,2,0,1,1,0,1,0,1,0.4684,1,102,0,0,0.0244,5,1.0755,126.21,8189.54,0.0722,1,1,1,0,0,2,0,0,0,1,1,0,1,0,1,3,0.0434,0.0313,2,1,0
NCRB-SYNTH-101259,Trial Court,Sec 439 CrPC (Regular Bail),1,3,2,0,1,0,0,1,0,0,0.5376,1,103,0,0,0.1168,4,1.1913,46.06,10790.13,0.1132,1,0,0,1,1,3,0,1,1,0,1,1,1,0,0,2,0.0972,0.0885,2,1,0
NCRB-SYNTH-101265,Trial Court,Sec 482 CrPC (Quashing),7,4,1,0,1,0,0,1,1,1,0.893,1,51,0,0,0.0689,5,1.0559,123.56,36309.98,0.0655,1,0,1,1,0,4,0,0,0,1,1,1,1,0,1,3,0.0938,0.0676,2,1,0
NCRB-SYNTH-101266,Trial Court,Trial Judgment,2,2,2,0,1,0,1,1,0,0,0.4937,1,157,0,1,0.0434,1,1.0,155.29,32111.35,0.1521,1,0,1,1,1,1,1,1,1,0,1,1,1,0,0,3,0.0118,0.0085,2,0,0
NCRB-SYNTH-101274,Trial Court,Sec 482 CrPC (Quashing),1,3,1,0,1,0,1,1,0,0,0.9662,1,111,0,1,0.1233,3,1.1866,151.29,16976.84,0.0782,1,1,1,1,1,1,0,0,0,1,1,0,0,1,0,1,0.0288,0.0416,2,1,0
NCRB-SYNTH-101276,Trial Court,Writ Petition (Detention),1,1,1,1,1,0,0,1,0,0,0.4437,1,153,0,0,0.1122,8,1.139,74.49,26492.09,0.0641,1,1,0,1,0,3,1,0,0,1,1,0,1,0,0,3,0.098,0.0707,2,1,0
NCRB-SYNTH-101279,High Court,Sec 482 CrPC (Quashing),1,2,2,0,1,0,0,1,0,0,0.6447,1,125,0,0,0.0407,3,1.2157,116.99,44980.32,0.1631,0,1,1,1,0,3,0,0,0,1,0,0,0,0,0,1,0.0928,0.1338,2,1,0
NCRB-SYNTH-101284,Trial Court,Sec 439 CrPC (Regular Bail),2,1,1,0,1,0,0,1,0,1,0.764,1,67,1,1,0.1606,1,1.11,160.21,3677.11,0.1539,1,0,0,0,1,4,0,0,0,1,1,1,1,0,0,2,0.0193,0.0175,2,1,0
NCRB-SYNTH-101287,Trial Court,Writ Petition (Detention),15,1,2,0,1,0,0,1,0,0,0.5484,1,168,1,1,0.063,7,1.0173,177.54,28119.94,0.0934,0,1,0,1,1,6,0,0,0,1,1,0,1,0,0,2,0.0783,0.0712,2,1,0
NCRB-SYNTH-101289,Trial Court,Sec 439 CrPC (Regular Bail),1,5,1,0,1,0,0,1,0,0,0.3943,1,164,0,0,0.0052,2,1.0411,130.05,29702.69,0.0667,1,0,1,1,1,4,1,0,0,1,0,0,1,0,1,4,0.0952,0.0591,2,1,0
NCRB-SYNTH-101290,High Court,Trial Judgment,1,2,2,0,1,0,1,1,0,1,0.8447,0,69,1,1,0.0344,3,1.1335,99.6,23816.85,0.0945,1,1,1,1,0,2,0,0,0,1,1,0,0,0,0,1,0.053,0.0765,2,1,0
NCRB-SYNTH-101292,Trial Court,Trial Judgment,1,4,1,0,1,0,0,1,0,0,0.7308,1,113,1,1,0.1851,7,1.1293,74.84,16107.59,0.1809,1,1,0,1,1,2,0,0,0,1,1,0,1,0,1,3,0.0157,0.0113,2,1,0
NCRB-SYNTH-101297,Trial Court,Writ Petition (Detention),1,1,1,1,1,0,1,1,0,1,0.513,0,94,0,0,0.1257,6,1.0162,102.43,4745.02,0.0752,0,1,1,1,0,2,1,0,0,1,1,1,0,0,0,3,0.0593,0.0428,2,1,0
NCRB-SYNTH-101298,Trial Court,Trial Judgment,4,5,2,0,1,0,0,1,0,0,0.8358,1,138,0,0,0.0614,6,1.0355,104.75,41791.41,0.1131,1,0,0,1,1,2,1,1,1,0,1,1,0,0,0,3,0.0939,0.0677,2,0,1
NCRB-SYNTH-101301,Trial Court,Sec 439 CrPC (Regular Bail),15,4,1,1,1,0,1,1,0,0,0.7362,1,34,0,0,0.0328,6,1.1512,151.39,4131.38,0.1274,1,1,1,1,1,1,1,0,0,1,0,0,0,0,0,1,0.0318,0.0459,0,1,0
NCRB-SYNTH-101303,Trial Court,Writ Petition (Detention),2,3,2,0,1,1,1,1,0,0,0.5766,1,136,1,1,0.0502,1,1.1047,111.94,23022.73,0.0546,1,1,1,1,0,2,0,0,0,1,1,0,1,0,1,1,0.0615,0.0887,2,1,0
NCRB-SYNTH-101311,High Court,Writ Petition (Detention),2,3,2,0,1,0,1,1,0,1,0.8171,1,84,0,0,0.0952,4,1.1904,155.46,32799.17,0.1323,1,1,1,1,1,2,0,0,0,1,1,0,0,0,0,1,0.0374,0.054,0,1,0
NCRB-SYNTH-101319,Trial Court,Writ Petition (Detention),1,1,2,0,1,0,1,1,0,0,0.4498,1,57,1,1,0.0861,1,1.1573,35.79,27812.71,0.1701,0,0,1,0,0,2,1,1,1,0,1,0,0,0,0,1,0.0604,0.0872,2,0,0
NCRB-SYNTH-101320,Trial Court,Sec 439 CrPC (Regular Bail),2,3,1,0,1,0,0,1,0,1,0.6701,1,85,0,0,0.1213,1,1.0971,34.68,40042.83,0.0935,1,0,1,1,0,1,1,0,0,1,1,0,1,0,1,2,0.0359,0.0326,2,1,0
NCRB-SYNTH-101322,Trial Court,Writ Petition (Detention),1,1,2,0,1,0,1,1,1,1,0.5086,1,133,1,1,0.1334,3,1.0863,45.73,12630.18,0.0763,1,1,1,1,1,2,0,0,0,1,0,0,1,0,0,1,0.048,0.0693,2,1,0
NCRB-SYNTH-101327,Trial Court,Writ Petition (Detention),2,2,2,0,1,0,1,1,0,0,0.6386,1,31,1,1,0.0729,5,1.0,34.13,18462.09,0.043,1,1,0,1,0,3,1,0,0,1,1,1,0,0,1,2,0.0644,0.0586,2,1,0
NCRB-SYNTH-101337,Trial Court,Sec 439 CrPC (Regular Bail),1,4,1,0,1,0,0,1,0,0,0.9125,1,167,0,1,0.0755,2,1.1114,99.22,32931.86,0.0706,1,1,1,1,0,1,1,0,0,1,0,0,1,0,0,2,0.0593,0.054,2,1,0
NCRB-SYNTH-101339,High Court,Sec 439 CrPC (Regular Bail),1,3,1,0,1,0,0,1,0,0,0.5915,1,112,1,1,0.0487,4,1.05,54.02,6155.97,0.0296,1,0,1,1,1,1,0,0,0,1,1,1,0,1,1,3,0.0906,0.0654,2,1,0
NCRB-SYNTH-101340,Trial Court,Sec 439 CrPC (Regular Bail),2,4,1,0,1,0,0,1,0,0,0.8904,1,164,0,0,0.1148,4,1.1453,142.46,28403.99,0.17,1,0,0,1,1,5,0,0,0,1,0,1,0,0,0,1,0.0392,0.0566,2,1,0
NCRB-SYNTH-101350,High Court,Sec 439 CrPC (Regular Bail),1,5,2,0,1,0,0,1,0,1,0.8113,0,152,1,0,0.1007,1,1.1164,72.78,20094.61,0.0892,1,1,1,1,0,2,0,0,0,1,1,1,0,0,1,4,0.0655,0.0407,2,1,0
NCRB-SYNTH-101366,High Court,Writ Petition (Detention),7,1,2,0,1,0,0,1,0,0,0.4261,1,114,0,0,0.1303,1,1.0,67.86,42883.66,0.0672,1,1,1,1,0,2,0,0,0,1,0,0,0,0,0,1,0.0631,0.091,2,1,0
NCRB-SYNTH-101369,Trial Court,Trial Judgment,7,5,2,0,1,0,0,1,0,0,0.6129,1,46,0,0,0.1133,1,1.0,74.7,29150.27,0.1446,0,0,1,1,0,4,1,1,1,0,1,0,1,0,1,4,0.0581,0.0361,2,1,0
NCRB-SYNTH-101372,Trial Court,Writ Petition (Detention),2,1,1,0,1,0,0,1,0,0,0.9331,1,99,1,0,0.0946,3,1.234,100.08,31405.08,0.0821,0,1,1,1,1,1,1,0,0,1,1,0,0,0,0,3,0.0448,0.0323,2,1,0
NCRB-SYNTH-101381,Trial Court,Sec 439 CrPC (Regular Bail),1,5,2,0,1,0,0,1,0,1,0.5788,1,159,0,0,0.1635,3,1.1239,140.42,36882.18,0.1241,0,0,1,1,0,2,0,0,0,1,0,0,1,0,0,4,0.0725,0.0451,0,1,0
NCRB-SYNTH-101388,Trial Court,Sec 439 CrPC (Regular Bail),7,2,2,0,1,1,0,1,0,0,0.4223,1,51,0,0,0.1271,4,1.0,134.36,22817.45,0.1058,0,0,1,1,1,1,0,1,1,0,0,0,1,1,0,4,0.0601,0.0373,2,0,0
NCRB-SYNTH-101392,Trial Court,Writ Petition (Detention),4,1,2,0,1,0,0,1,0,1,0.3808,0,114,1,0,0.1046,7,1.0862,103.55,7865.74,0.0914,1,1,1,1,0,1,0,0,0,1,1,0,0,0,0,1,0.0471,0.0679,2,1,0
NCRB-SYNTH-101393,Trial Court,Trial Judgment,1,4,1,1,1,0,1,1,0,0,0.465,1,101,0,0,0.0563,5,1.0842,81.21,33568.89,0.0929,1,1,1,1,0,1,0,0,0,1,1,0,0,0,1,4,0.0235,0.0146,2,1,0
NCRB-SYNTH-101401,Trial Court,Sec 482 CrPC (Quashing),2,4,1,0,1,0,1,1,0,0,0.4186,1,94,0,0,0.1397,2,1.3091,177.16,42380.53,0.1199,1,1,1,1,0,3,0,0,0,1,1,0,0,0,1,2,0.0112,0.0102,0,1,0
NCRB-SYNTH-101402,High Court,Writ Petition (Detention),2,2,2,0,1,0,1,1,0,1,0.8305,1,103,0,0,0.1153,6,1.1544,89.35,23932.2,0.1249,1,1,0,0,1,2,1,0,0,1,0,0,0,0,0,3,0.0884,0.0638,2,1,0
NCRB-SYNTH-101403,High Court,Trial Judgment,2,2,2,0,1,0,1,1,0,1,0.4995,1,48,1,1,0.0962,1,1.0635,44.91,8596.78,0.0492,1,1,1,1,1,3,0,0,0,1,1,1,0,0,0,4,0.0171,0.0106,0,1,0
NCRB-SYNTH-101412,Trial Court,Sec 439 CrPC (Regular Bail),1,3,1,0,1,1,1,1,0,0,0.4668,1,107,1,1,0.0965,4,1.3179,145.93,26718.53,0.1153,1,0,0,1,1,2,1,1,1,0,1,0,1,0,0,4,0.0285,0.0177,2,0,0
NCRB-SYNTH-101414,Trial Court,Sec 439 CrPC (Regular Bail),4,5,1,0,1,1,1,1,0,0,0.7235,1,47,1,1,0.1305,2,1.2781,120.28,43821.36,0.187,1,1,1,1,0,2,0,0,0,1,1,0,1,0,0,3,0.0645,0.0465,2,1,0
NCRB-SYNTH-101417,Trial Court,Sec 439 CrPC (Regular Bail),1,1,1,0,1,1,0,1,0,0,0.5515,1,80,0,0,0.0442,4,1.1096,76.58,19933.14,0.0981,1,1,1,0,1,3,0,0,0,1,0,0,1,0,0,2,0.0847,0.0771,2,1,0
NCRB-SYNTH-101418,Trial Court,Sec 439 CrPC (Regular Bail),1,5,1,0,1,0,0,1,0,1,0.8112,1,81,1,1,0.0,4,1.0,46.79,21991.25,0.0387,1,1,0,1,1,2,0,0,0,1,1,0,1,0,0,1,0.0358,0.0517,2,1,0
NCRB-SYNTH-101423,Trial Court,Writ Petition (Detention),1,2,1,1,1,0,1,1,1,1,0.5535,0,66,0,1,0.0199,5,1.2047,169.61,10865.82,0.1921,1,1,1,1,1,3,0,0,0,1,1,0,0,1,0,1,0.0465,0.0671,2,1,0
NCRB-SYNTH-101424,Trial Court,Sec 482 CrPC (Quashing),2,5,2,0,1,0,0,1,0,0,0.7222,1,75,0,1,0.0452,8,1.0374,158.6,43156.99,0.035,0,0,0,1,0,2,0,0,0,1,1,0,1,0,0,3,0.0533,0.0384,0,1,0
NCRB-SYNTH-101427,Trial Court,Sec 482 CrPC (Quashing),2,2,1,0,1,1,0,1,0,0,0.8699,1,182,1,0,0.0629,4,1.1838,107.33,31311.82,0.1313,1,1,1,1,1,2,1,0,0,1,0,1,1,0,0,4,0.0716,0.0445,2,1,0
NCRB-SYNTH-101435,Trial Court,Writ Petition (Detention),21,4,1,0,1,1,0,1,0,0,0.8751,0,176,1,1,0.0974,1,1.1566,178.32,41990.55,0.1174,1,0,1,0,0,1,1,1,1,0,1,0,1,0,0,2,0.08,0.0728,2,1,1
NCRB-SYNTH-101436,Trial Court,Sec 439 CrPC (Regular Bail),4,5,2,0,1,1,0,1,0,0,0.8358,1,101,1,1,0.1669,7,1.0,86.56,8235.19,0.0089,1,0,1,1,0,1,0,1,1,0,0,0,1,0,1,4,0.0462,0.0287,2,1,1
NCRB-SYNTH-101442,Trial Court,Sec 482 CrPC (Quashing),2,2,1,0,1,1,0,1,0,0,0.7718,1,66,1,0,0.034,7,1.2285,163.38,18745.76,0.1801,1,1,1,0,0,3,1,0,0,1,1,0,0,1,0,1,0.0202,0.0292,2,1,0
NCRB-SYNTH-101446,Trial Court,Sec 482 CrPC (Quashing),1,1,2,0,1,0,0,1,0,0,0.635,0,141,1,1,0.025,1,1.3138,99.8,25197.53,0.1253,0,0,1,1,1,1,0,0,0,1,0,0,1,0,0,4,0.0104,0.0065,2,1,0
NCRB-SYNTH-101455,High Court,Writ Petition (Detention),7,1,2,0,1,0,0,1,0,0,0.9095,1,98,1,1,0.1275,8,1.2334,32.99,12876.13,0.004,1,0,1,1,1,1,0,1,1,0,1,1,1,0,1,3,0.0669,0.0483,0,0,1
NCRB-SYNTH-101463,Trial Court,Sec 439 CrPC (Regular Bail),1,1,1,0,1,0,1,1,0,0,0.8787,0,74,0,0,0.0687,8,1.0,103.35,30937.96,0.1872,1,1,1,1,1,3,0,0,0,1,1,0,0,0,0,4,0.0611,0.038,2,1,0
NCRB-SYNTH-101466,Trial Court,Sec 439 CrPC (Regular Bail),21,2,1,0,1,0,1,1,0,0,0.8864,1,114,0,0,0.1094,9,1.02,115.74,8852.15,0.1413,1,0,1,1,1,1,1,1,1,0,0,0,1,0,0,2,0.0513,0.0467,2,0,1
NCRB-SYNTH-101482,Trial Court,Sec 482 CrPC (Quashing),7,2,2,0,1,0,0,1,0,0,0.676,1,129,0,1,0.0426,9,1.0,66.53,15512.32,0.1042,1,0,1,1,1,1,1,1,1,0,0,1,1,0,0,1,0.0347,0.0501,2,1,1
NCRB-SYNTH-101484,Trial Court,Sec 439 CrPC (Regular Bail),1,4,1,0,1,0,1,1,0,0,0.4806,1,172,1,1,0.0472,5,1.0215,102.9,7685.02,0.1695,1,0,1,1,1,3,0,0,0,1,0,0,1,0,0,1,0.0551,0.0795,2,1,0
NCRB-SYNTH-101494,Trial Court,Writ Petition (Detention),1,1,2,0,1,0,0,1,0,0,0.8697,1,138,0,1,0.0665,2,1.0488,113.05,21007.17,0.1367,1,1,1,1,1,1,0,0,0,1,1,0,1,0,0,2,0.0982,0.0894,2,1,0
NCRB-SYNTH-101503,Trial Court,Sec 439 CrPC (Regular Bail),15,1,1,0,1,0,0,1,0,1,0.9797,1,154,1,0,0.0213,6,1.105,139.3,14721.91,0.0134,1,0,1,0,0,3,0,1,1,0,1,0,0,0,0,4,0.0378,0.0235,2,0,1
NCRB-SYNTH-101514,High Court,Writ Petition (Detention),1,4,2,0,1,0,1,1,0,0,0.4948,1,60,0,0,0.0649,1,1.1311,39.4,44169.87,0.1014,1,1,1,1,0,1,0,0,0,1,1,0,0,0,0,2,0.0308,0.0281,2,1,0
NCRB-SYNTH-101515,Trial Court,Sec 482 CrPC (Quashing),1,2,1,0,1,0,1,1,0,1,0.472,1,31,0,0,0.0247,1,1.192,138.38,27996.87,0.1175,1,0,0,1,1,2,1,1,1,0,1,1,1,0,0,4,0.0812,0.0504,2,0,0
NCRB-SYNTH-101516,Trial Court,Sec 439 CrPC (Regular Bail),1,2,2,0,1,0,1,1,0,1,0.5566,1,156,0,1,0.0637,7,1.0,121.52,21887.94,0.0241,1,0,1,1,1,4,1,1,1,0,1,1,0,0,0,4,0.0133,0.0082,2,1,0
NCRB-SYNTH-101521,Trial Court,Trial Judgment,1,2,1,0,1,0,0,1,0,0,0.8345,1,170,1,0,0.0689,9,1.0389,46.79,17337.69,0.1586,1,1,1,1,0,3,1,0,0,1,0,1,0,1,1,4,0.0879,0.0546,2,1,0
NCRB-SYNTH-101524,Trial Court,Sec 482 CrPC (Quashing),15,4,1,0,1,0,0,1,0,0,0.5419,1,125,0,0,0.0866,5,1.0108,102.1,4208.8,0.0613,1,1,1,1,1,3,0,0,0,1,1,1,1,0,1,3,0.0277,0.02,2,1,0
NCRB-SYNTH-101536,Trial Court,Sec 439 CrPC (Regular Bail),1,4,1,0,1,0,0,1,0,1,0.9481,1,81,0,0,0.1243,8,1.0792,141.13,21929.13,0.0447,1,1,1,0,1,2,1,0,0,1,1,0,0,0,0,4,0.0325,0.0202,0,1,0
NCRB-SYNTH-101537,Trial Court,Sec 439 CrPC (Regular Bail),2,5,1,0,1,0,0,1,1,0,0.5338,1,75,0,0,0.0581,4,1.2484,60.5,27101.89,0.0135,0,1,1,1,1,3,1,0,0,1,1,0,1,0,0,2,0.0905,0.0824,2,1,0
NCRB-SYNTH-101539,Trial Court,Trial Judgment,4,2,1,0,1,1,1,1,0,1,0.6984,1,91,1,0,0.0331,6,1.3089,39.65,41161.1,0.0359,1,1,0,1,1,3,1,0,0,1,0,1,0,0,0,2,0.0417,0.038,2,1,0
NCRB-SYNTH-101542,Trial Court,Sec 482 CrPC (Quashing),21,4,1,0,1,0,0,1,0,1,0.8984,0,172,1,1,0.0403,1,1.171,169.24,10759.68,0.1798,1,1,1,1,1,4,0,0,0,1,1,1,0,1,0,1,0.0488,0.0704,2,1,0
NCRB-SYNTH-101549,Trial Court,Sec 482 CrPC (Quashing),4,1,1,0,1,0,0,1,1,1,0.9464,1,56,0,0,0.0933,6,1.1077,57.19,30199.48,0.0827,1,1,1,1,0,1,1,0,0,1,0,1,1,0,0,4,0.0384,0.0239,0,1,0
NCRB-SYNTH-101568,Trial Court,Trial Judgment,45,5,2,0,1,0,0,1,0,0,0.5169,1,48,0,0,0.0534,8,1.0225,127.73,17061.4,0.0277,1,1,1,1,1,1,0,0,0,1,0,1,1,0,0,3,0.024,0.0173,2,1,0
NCRB-SYNTH-101572,Trial Court,Writ Petition (Detention),1,1,1,0,1,1,1,1,0,0,0.5348,1,77,0,0,0.0658,9,1.0441,128.18,8966.54,0.0889,1,1,1,1,1,3,0,0,0,1,1,1,1,0,0,1,0.0962,0.1388,0,1,0
NCRB-SYNTH-101576,High Court,Writ Petition (Detention),1,1,2,0,1,0,0,1,0,0,0.7203,0,33,1,1,0.1415,9,1.0,143.21,14193.3,0.155,0,0,0,0,0,2,0,1,1,0,1,0,1,1,0,2,0.0732,0.0666,2,0,1
NCRB-SYNTH-101577,Trial Court,Writ Petition (Detention),1,1,2,0,1,0,0,1,0,0,0.4561,1,39,0,0,0.0572,9,1.1093,143.28,20757.96,0.0217,1,0,1,1,0,4,0,0,0,1,1,1,0,1,1,2,0.0235,0.0214,2,1,0
NCRB-SYNTH-101586,Trial Court,Sec 439 CrPC (Regular Bail),1,2,1,0,1,0,0,1,1,1,0.4768,0,36,1,1,0.0857,6,1.1951,106.63,21500.03,0.1412,1,1,1,1,1,2,1,0,0,1,1,0,0,1,0,1,0.0753,0.1087,2,1,0
NCRB-SYNTH-101593,Trial Court,Writ Petition (Detention),7,3,2,0,1,1,0,1,0,0,0.9577,1,67,0,0,0.1833,5,1.125,116.28,19403.38,0.0377,1,1,1,1,1,2,0,0,0,1,1,1,1,0,0,3,0.0746,0.0538,2,1,0
NCRB-SYNTH-101594,High Court,Trial Judgment,1,4,1,0,1,0,0,1,1,1,0.8729,1,37,1,0,0.0859,5,1.1965,39.7,13328.72,0.0248,1,0,1,1,1,2,0,1,1,0,0,1,1,0,0,2,0.0285,0.0259,2,1,1
NCRB-SYNTH-101598,Trial Court,Sec 482 CrPC (Quashing),1,3,1,0,1,0,0,1,0,0,0.9625,0,17,0,0,0.05,1,1.0474,73.26,22175.82,0.0893,1,1,1,0,0,1,1,0,0,1,0,0,1,0,0,2,0.0723,0.0658,2,1,0
NCRB-SYNTH-101599,Trial Court,Writ Petition (Detention),4,2,1,0,1,0,0,1,0,0,0.4515,1,26,0,0,0.0092,7,1.061,72.01,5013.35,0.0977,1,1,0,1,1,3,1,0,0,1,1,1,1,0,0,4,0.0229,0.0143,2,1,0
NCRB-SYNTH-101601,Trial Court,Sec 482 CrPC (Quashing),1,2,2,0,1,0,1,1,0,0,0.7327,1,135,0,0,0.0286,1,1.0144,83.86,25999.51,0.0948,1,0,1,1,1,3,0,1,1,0,1,1,1,0,0,4,0.0824,0.0512,2,0,1
NCRB-SYNTH-101605,Trial Court,Writ Petition (Detention),2,4,2,0,1,0,0,1,0,0,0.758,1,133,0,0,0.1177,4,1.0,73.88,14052.01,0.1947,1,0,1,1,1,1,0,1,1,0,1,0,1,1,1,4,0.0205,0.0128,2,0,1
NCRB-SYNTH-101607,Trial Court,Sec 439 CrPC (Regular Bail),2,3,1,1,1,0,0,1,0,0,0.4112,0,147,0,0,0.0893,4,1.1882,84.35,9992.69,0.1327,1,1,1,1,1,5,1,0,0,1,1,0,0,0,0,3,0.096,0.0692,2,1,0
NCRB-SYNTH-101622,High Court,Sec 439 CrPC (Regular Bail),1,3,1,0,1,1,0,1,1,0,0.7446,1,74,0,0,0.0803,8,1.1526,150.09,20146.18,0.1587,1,1,0,1,0,1,1,0,0,1,1,0,0,0,0,1,0.0346,0.0499,2,1,0
NCRB-SYNTH-101625,High Court,Sec 482 CrPC (Quashing),4,5,1,0,1,0,0,1,0,0,0.6947,0,20,0,0,0.0553,3,1.2335,123.37,5623.51,0.1751,1,1,1,1,0,3,0,0,0,1,0,0,0,1,1,2,0.0361,0.0328,2,1,0
NCRB-SYNTH-101629,Trial Court,Writ Petition (Detention),2,2,1,0,1,1,0,1,1,0,0.6109,1,53,0,0,0.0623,5,1.1564,107.86,37592.26,0.0457,1,1,1,1,0,2,0,0,0,1,1,0,1,0,0,4,0.0131,0.0081,2,1,0
NCRB-SYNTH-101638,Trial Court,Sec 439 CrPC (Regular Bail),1,3,2,0,1,0,1,1,0,0,0.7274,0,17,1,1,0.1017,9,1.0604,77.67,13299.52,0.1348,0,1,1,0,1,2,0,0,0,1,1,1,0,0,0,1,0.021,0.0303,2,1,0
NCRB-SYNTH-101645,Trial Court,Sec 439 CrPC (Regular Bail),1,5,1,0,1,1,0,1,0,1,0.8081,1,40,0,0,0.0899,3,1.0,174.28,30292.83,0.1634,1,0,0,1,0,2,1,1,1,0,0,1,1,0,1,4,0.089,0.0553,2,1,1
NCRB-SYNTH-101647,Trial Court,Sec 439 CrPC (Regular Bail),2,5,1,0,1,0,1,1,0,0,0.7254,1,48,0,0,0.0334,4,1.1354,164.35,11629.32,0.1833,1,1,1,1,1,3,1,0,0,1,0,1,0,1,1,3,0.0146,0.0106,2,1,0
NCRB-SYNTH-101651,High Court,Sec 439 CrPC (Regular Bail),1,2,1,0,1,0,0,1,1,0,0.8423,1,42,0,1,0.1227,4,1.0,71.35,3813.34,0.066,0,1,1,1,0,2,0,0,0,1,1,0,1,0,0,3,0.0892,0.0643,2,1,0
NCRB-SYNTH-101655,Trial Court,Writ Petition (Detention),1,5,2,0,1,0,0,1,0,0,0.6576,0,96,1,1,0.1235,2,1.123,39.33,29120.96,0.1487,1,1,1,1,1,3,0,0,0,1,1,0,0,0,0,2,0.0142,0.0129,2,1,0
NCRB-SYNTH-101669,Trial Court,Trial Judgment,7,3,1,0,1,1,1,1,0,0,0.6438,1,125,1,1,0.08,1,1.1194,43.47,20712.57,0.0395,1,1,1,1,0,2,0,0,0,1,0,1,0,1,0,2,0.0518,0.0472,0,1,0
NCRB-SYNTH-101677,Trial Court,Sec 482 CrPC (Quashing),4,1,1,0,1,1,0,1,0,0,0.7938,1,54,0,0,0.0434,9,1.2538,66.03,42891.57,0.0611,1,0,1,1,1,2,0,1,1,0,1,0,1,0,0,1,0.0912,0.1315,2,1,1
NCRB-SYNTH-101679,High Court,Writ Petition (Detention),1,3,2,0,1,0,0,1,1,0,0.6881,1,139,0,0,0.1742,3,1.1134,41.91,14629.2,0.1454,1,0,0,1,1,3,0,1,1,0,1,0,1,0,0,1,0.0839,0.121,2,0,1
NCRB-SYNTH-101685,Trial Court,Sec 439 CrPC (Regular Bail),1,4,1,0,1,0,1,1,0,0,0.4492,1,116,1,0,0.105,9,1.0,102.08,18721.74,0.1504,1,1,1,0,1,1,0,0,0,1,0,0,0,0,0,3,0.0407,0.0294,2,1,0
NCRB-SYNTH-101691,Trial Court,Trial Judgment,7,3,1,0,1,1,0,1,0,1,0.514,1,55,1,1,0.0385,3,1.0498,135.32,23223.88,0.1037,1,0,1,1,1,1,0,1,1,0,0,1,1,0,0,3,0.0715,0.0516,2,1,0
NCRB-SYNTH-101694,Trial Court,Sec 439 CrPC (Regular Bail),1,4,1,0,1,1,1,1,0,0,0.7841,0,139,1,1,0.0936,2,1.1707,108.38,21810.14,0.1663,1,1,0,1,1,5,0,0,0,1,0,0,0,0,0,3,0.0366,0.0264,2,1,0
NCRB-SYNTH-101696,Trial Court,Writ Petition (Detention),1,3,2,0,1,0,1,1,1,0,0.5021,1,78,1,1,0.0855,3,1.0521,163.6,12169.33,0.0092,1,1,1,1,0,3,0,0,0,1,1,0,0,0,1,2,0.0912,0.083,2,1,0
NCRB-SYNTH-101697,High Court,Sec 482 CrPC (Quashing),1,1,1,0,1,1,0,1,0,0,0.8379,1,49,0,1,0.059,7,1.1707,42.66,31762.59,0.085,1,0,1,1,0,2,0,1,1,0,1,1,1,0,0,1,0.0735,0.106,2,0,1
NCRB-SYNTH-101698,Trial Court,Sec 482 CrPC (Quashing),1,4,2,1,1,1,0,1,0,1,0.6394,0,142,1,1,0.0767,6,1.0,144.82,10188.1,0.1012,0,0,0,1,0,4,0,1,1,0,1,1,0,1,1,2,0.0364,0.0332,2,0,0
NCRB-SYNTH-101706,Trial Court,Trial Judgment,1,5,2,0,1,0,1,1,0,0,0.6386,1,132,1,1,0.1213,7,1.0184,125.02,16462.62,0.0442,1,0,1,1,0,3,0,1,1,0,1,0,1,0,1,4,0.0586,0.0364,0,1,0
NCRB-SYNTH-101711,Trial Court,Writ Petition (Detention),2,2,2,0,1,1,0,1,1,0,0.4198,1,40,0,0,0.0719,9,1.0772,130.0,43742.24,0.0646,1,0,1,1,1,3,0,1,1,0,1,0,1,0,1,3,0.0323,0.0233,2,0,0
NCRB-SYNTH-101712,Trial Court,Sec 439 CrPC (Regular Bail),1,3,1,0,1,1,0,1,0,0,0.6235,1,142,0,0,0.1149,2,1.0964,160.21,11619.43,0.024,1,0,1,1,1,4,1,1,1,0,1,0,1,0,0,3,0.0436,0.0314,2,1,0
NCRB-SYNTH-101715,Trial Court,Sec 482 CrPC (Quashing),1,4,1,0,1,0,0,1,0,0,0.5647,1,138,1,1,0.1199,6,1.0,119.77,35271.93,0.0845,1,1,1,1,0,2,1,0,0,1,1,0,0,0,0,3,0.0648,0.0467,2,1,0
NCRB-SYNTH-101717,Trial Court,Sec 439 CrPC (Regular Bail),4,1,2,0,1,1,1,1,0,1,0.5996,1,45,0,0,0.0136,2,1.2473,118.94,39599.8,0.1686,1,1,0,1,1,2,0,0,0,1,0,0,1,0,0,1,0.0698,0.1008,2,1,0
NCRB-SYNTH-101721,Trial Court,Trial Judgment,1,5,2,0,1,0,0,1,0,1,0.8922,1,130,0,0,0.1443,2,1.3547,94.63,16961.46,0.1881,1,1,1,1,1,3,0,0,0,1,1,1,1,0,0,3,0.0808,0.0583,2,1,0
NCRB-SYNTH-101722,Trial Court,Sec 482 CrPC (Quashing),1,4,2,1,1,0,0,1,0,0,0.6189,1,67,0,0,0.0568,2,1.0736,158.5,44985.18,0.1166,1,0,1,1,1,2,0,0,0,1,1,1,0,0,0,2,0.0228,0.0208,2,1,0
NCRB-SYNTH-101724,Trial Court,Sec 482 CrPC (Quashing),2,1,1,0,1,1,0,1,0,1,0.4772,1,107,1,1,0.0633,5,1.3592,160.95,3433.29,0.0967,1,1,1,1,0,3,0,0,0,1,1,0,1,0,0,1,0.0632,0.0911,2,1,0
NCRB-SYNTH-101726,High Court,Sec 439 CrPC (Regular Bail),1,4,2,0,1,1,0,1,0,0,0.669,0,137,0,0,0.1157,1,1.1336,115.87,37036.32,0.0659,1,0,1,1,1,1,1,0,0,1,1,0,1,0,0,1,0.018,0.026,2,1,0
NCRB-SYNTH-101735,Trial Court,Sec 439 CrPC (Regular Bail),2,5,1,0,1,1,0,1,0,1,0.6572,1,154,0,0,0.0774,3,1.1329,101.85,30770.69,0.0643,1,1,0,1,0,3,0,0,0,1,0,0,1,0,0,4,0.0725,0.045,2,1,0
NCRB-SYNTH-101738,Trial Court,Sec 439 CrPC (Regular Bail),1,2,2,0,1,0,0,1,0,0,0.9109,1,169,1,1,0.1147,9,1.2543,174.27,11589.93,0.0347,1,0,1,1,1,2,0,1,1,0,1,0,1,1,0,3,0.0913,0.0659,2,0,1
NCRB-SYNTH-101744,High Court,Sec 439 CrPC (Regular Bail),4,4,2,0,1,0,1,1,1,0,0.5791,0,151,0,0,0.0993,2,1.1231,166.54,43765.3,0.1866,0,1,1,0,1,3,1,0,0,1,1,1,0,0,0,4,0.0117,0.0073,2,1,0
NCRB-SYNTH-101747,Trial Court,Writ Petition (Detention),2,4,2,0,1,1,0,1,0,1,0.5757,1,94,0,0,0.1045,8,1.1243,89.04,31508.01,0.1332,1,1,1,1,0,3,1,0,0,1,1,0,0,0,0,1,0.077,0.1111,2,1,0
NCRB-SYNTH-101750,Trial Court,Sec 439 CrPC (Regular Bail),4,4,2,0,1,1,0,1,0,1,0.4939,1,147,0,0,0.0639,6,1.0,167.65,36630.73,0.06,1,1,0,1,0,3,0,0,0,1,1,1,1,0,0,3,0.0838,0.0605,2,1,0
NCRB-SYNTH-101753,Trial Court,Writ Petition (Detention),1,5,1,0,1,1,0,1,0,1,0.7008,1,102,0,1,0.0646,5,1.0364,80.32,5735.61,0.1515,1,0,1,1,1,2,1,1,1,0,1,1,0,1,1,3,0.0318,0.023,2,1,1
NCRB-SYNTH-101759,Trial Court,Trial Judgment,1,3,1,0,1,0,1,1,0,1,0.759,0,143,1,1,0.0528,2,1.0308,76.44,7352.02,0.0613,1,1,1,1,1,2,1,0,0,1,1,1,0,0,0,1,0.0548,0.0791,2,1,0
NCRB-SYNTH-101763,Trial Court,Sec 482 CrPC (Quashing),7,4,2,0,1,0,0,1,0,0,0.4446,1,72,0,0,0.094,3,1.1522,107.96,8940.88,0.0989,1,1,1,1,1,1,1,0,0,1,1,1,0,0,0,2,0.0859,0.0782,0,1,0
NCRB-SYNTH-101765,Trial Court,Sec 439 CrPC (Regular Bail),4,4,2,0,1,0,0,1,0,1,0.583,1,121,0,0,0.0151,7,1.0192,99.4,30540.4,0.0161,0,1,1,1,1,3,0,0,0,1,0,1,0,1,0,3,0.0549,0.0396,2,1,0
NCRB-SYNTH-101781,High Court,Sec 482 CrPC (Quashing),1,3,1,0,1,1,1,1,0,0,0.4871,1,163,0,0,0.0243,6,1.0799,94.65,38327.38,0.1432,0,1,1,1,1,2,0,0,0,1,0,0,0,1,0,4,0.0621,0.0386,2,1,0
NCRB-SYNTH-101789,Trial Court,Sec 482 CrPC (Quashing),15,3,1,0,1,0,1,1,0,1,0.8267,1,25,1,1,0.0755,7,1.0,33.43,40863.41,0.0497,1,1,0,0,0,3,1,0,0,1,0,1,0,0,0,4,0.0521,0.0323,0,1,0
NCRB-SYNTH-101791,Trial Court,Sec 482 CrPC (Quashing),2,4,2,0,1,0,0,1,0,1,0.7848,1,37,1,1,0.0834,5,1.0945,153.42,37136.37,0.0667,1,0,1,1,1,3,1,1,1,0,1,0,1,1,0,2,0.0683,0.0622,2,0,1
NCRB-SYNTH-101795,Trial Court,Sec 439 CrPC (Regular Bail),1,1,2,0,1,0,0,1,0,0,0.8442,1,173,1,1,0.1004,3,1.1386,76.95,40341.27,0.1818,1,1,1,1,0,5,1,0,0,1,1,1,0,0,0,3,0.0403,0.0291,0,1,0
NCRB-SYNTH-101796,Trial Court,Sec 439 CrPC (Regular Bail),2,2,2,0,1,1,0,1,0,1,0.4195,1,165,0,1,0.0458,8,1.1943,50.65,31697.0,0.1556,1,1,0,0,1,3,0,0,0,1,1,0,1,0,1,4,0.0481,0.0299,0,1,0
NCRB-SYNTH-101798,Trial Court,Trial Judgment,4,1,2,0,1,1,1,1,0,0,0.6762,1,107,0,0,0.0719,4,1.0,117.71,13565.03,0.0244,1,0,1,1,1,1,1,1,1,0,0,0,0,0,0,2,0.0251,0.0228,2,1,1
NCRB-SYNTH-101799,Trial Court,Sec 482 CrPC (Quashing),7,3,2,0,1,1,0,1,0,0,0.4498,1,116,0,0,0.1122,3,1.1271,76.16,14550.36,0.1739,1,1,1,1,0,2,0,0,0,1,1,0,0,0,0,4,0.0446,0.0277,2,1,0
NCRB-SYNTH-101800,High Court,Sec 439 CrPC (Regular Bail),1,2,1,0,1,0,0,1,0,0,0.7784,1,27,1,1,0.1193,4,1.0,110.87,18227.48,0.1896,1,0,0,0,1,2,0,1,1,0,0,0,0,0,0,1,0.0467,0.0674,0,1,1
NCRB-SYNTH-101808,Trial Court,Sec 439 CrPC (Regular Bail),1,3,1,0,1,1,1,1,0,0,0.7161,1,103,1,1,0.0523,4,1.188,101.89,17622.21,0.0751,1,0,1,1,1,1,1,0,0,1,1,1,0,0,0,2,0.0533,0.0486,2,1,0
NCRB-SYNTH-101809,Trial Court,Writ Petition (Detention),1,5,1,0,1,0,0,1,0,0,0.4144,1,74,0,1,0.0,8,1.1893,57.39,14768.23,0.1724,1,1,0,1,0,1,1,0,0,1,0,0,1,0,0,3,0.0333,0.024,0,1,0
NCRB-SYNTH-101810,Trial Court,Sec 482 CrPC (Quashing),1,2,2,1,1,0,0,1,0,0,0.6709,1,168,0,0,0.0601,1,1.052,38.42,25109.19,0.1174,1,1,1,1,1,4,0,0,0,1,0,0,0,0,0,2,0.0317,0.0289,2,1,0
NCRB-SYNTH-101814,Trial Court,Sec 482 CrPC (Quashing),27,1,2,0,1,0,1,1,0,0,0.728,1,55,0,1,0.104,9,1.1677,76.66,24210.51,0.0731,1,1,1,1,0,3,1,0,0,1,1,1,1,0,0,2,0.0853,0.0777,2,1,0
NCRB-SYNTH-101815,High Court,Sec 482 CrPC (Quashing),1,2,1,0,1,0,1,1,0,0,0.5157,1,52,0,0,0.0628,2,1.3089,145.86,8950.91,0.0971,1,1,1,1,0,3,0,0,0,1,1,0,0,0,1,2,0.021,0.0191,2,1,0
NCRB-SYNTH-101822,Trial Court,Sec 482 CrPC (Quashing),2,5,1,0,1,0,0,1,1,0,0.6495,1,157,0,1,0.0368,8,1.0878,45.13,11502.03,0.047,1,0,1,1,1,1,0,1,1,0,1,1,1,0,0,3,0.0549,0.0396,2,0,0
NCRB-SYNTH-101827,Trial Court,Sec 439 CrPC (Regular Bail),4,2,1,0,1,0,1,1,0,0,0.7046,0,141,0,0,0.1005,1,1.0972,32.08,14082.24,0.1899,0,1,1,0,1,3,0,0,0,1,0,1,0,0,1,1,0.064,0.0924,2,1,0
NCRB-SYNTH-101837,Trial Court,Writ Petition (Detention),2,2,2,1,1,0,1,1,0,1,0.7008,1,153,0,0,0.0285,8,1.0,143.97,16549.56,0.1749,1,1,1,1,0,3,0,0,0,1,0,1,1,0,0,3,0.057,0.0411,2,1,0
NCRB-SYNTH-101847,High Court,Sec 439 CrPC (Regular Bail),1,4,1,0,1,1,0,1,0,0,0.5158,0,127,0,0,0.0788,6,1.191,46.91,17278.78,0.0325,0,1,0,1,1,2,0,0,0,1,1,0,1,0,0,1,0.0303,0.0437,2,1,0
NCRB-SYNTH-101848,High Court,Trial Judgment,1,4,1,0,1,1,0,1,0,0,0.5332,0,108,0,0,0.1019,6,1.0918,144.61,22766.52,0.0853,1,1,0,1,0,3,1,0,0,1,1,0,1,0,1,1,0.032,0.0462,2,1,0
NCRB-SYNTH-101863,Trial Court,Sec 439 CrPC (Regular Bail),1,3,2,0,1,0,0,1,0,0,0.7682,1,147,1,1,0.1029,3,1.0405,71.63,9761.34,0.1259,1,0,1,1,0,1,1,0,0,1,1,0,0,0,0,2,0.0192,0.0175,2,1,0
NCRB-SYNTH-101867,High Court,Sec 439 CrPC (Regular Bail),15,5,2,0,1,0,0,1,0,0,0.5673,1,22,0,1,0.0374,4,1.0,35.99,26782.99,0.133,1,1,1,1,1,3,1,0,0,1,1,1,0,0,0,2,0.0556,0.0506,2,1,0
NCRB-SYNTH-101868,Trial Court,Writ Petition (Detention),4,3,1,0,1,0,0,1,0,0,0.4273,1,27,1,0,0.013,1,1.0904,46.58,38807.45,0.1715,1,1,1,1,0,1,0,0,0,1,1,0,1,0,1,2,0.037,0.0337,2,1,0
NCRB-SYNTH-101869,Trial Court,Trial Judgment,7,3,2,0,1,0,1,1,0,0,0.5432,1,153,0,0,0.105,4,1.1811,78.68,18746.13,0.0373,0,1,1,1,1,4,0,0,0,1,1,0,1,0,0,3,0.0322,0.0232,2,1,0
NCRB-SYNTH-101885,High Court,Sec 482 CrPC (Quashing),7,2,1,0,1,0,0,1,0,0,0.9842,1,166,0,0,0.0678,1,1.1601,126.27,21876.72,0.1149,1,0,0,1,0,3,1,0,0,1,1,1,0,0,1,4,0.0466,0.029,2,1,0
NCRB-SYNTH-101887,High Court,Sec 439 CrPC (Regular Bail),1,5,1,0,1,0,0,1,0,0,0.8135,0,108,0,0,0.0725,7,1.0245,77.97,44214.12,0.0496,1,1,1,0,1,2,1,0,0,1,1,0,0,0,0,2,0.0566,0.0515,2,1,0
NCRB-SYNTH-101891,Trial Court,Trial Judgment,1,1,2,0,1,0,1,1,0,0,0.5399,1,162,1,1,0.0516,8,1.1002,139.62,30306.66,0.0987,1,0,1,1,0,1,1,0,0,1,1,0,0,1,0,2,0.07,0.0638,2,1,0
NCRB-SYNTH-101898,Trial Court,Sec 439 CrPC (Regular Bail),4,3,2,0,1,0,1,1,0,0,0.849,0,86,1,1,0.0858,9,1.0,128.21,32413.51,0.0496,1,1,1,1,1,1,1,0,0,1,1,1,1,0,0,4,0.0455,0.0283,2,1,0
NCRB-SYNTH-101902,High Court,Sec 439 CrPC (Regular Bail),2,5,1,0,1,0,1,1,0,1,0.9128,1,43,0,0,0.0498,8,1.0576,145.68,7937.87,0.0176,1,1,1,0,1,2,1,0,0,1,0,0,0,0,0,4,0.0111,0.0069,2,1,0
NCRB-SYNTH-101904,Trial Court,Sec 482 CrPC (Quashing),15,3,2,0,1,1,0,1,1,1,0.634,0,72,0,0,0.1401,4,1.2444,115.58,10589.21,0.0109,1,1,1,1,0,3,1,0,0,1,1,0,1,1,0,2,0.0823,0.0749,2,1,0
NCRB-SYNTH-101910,High Court,Writ Petition (Detention),2,4,1,0,1,0,1,1,0,0,0.7769,1,155,0,0,0.0413,9,1.0799,120.05,43143.63,0.0559,1,1,0,0,0,2,0,0,0,1,1,1,1,0,0,1,0.0974,0.1406,2,1,0
NCRB-SYNTH-101922,Trial Court,Sec 439 CrPC (Regular Bail),1,1,2,0,1,0,0,1,0,0,0.791,1,72,1,1,0.0851,2,1.0,126.76,23547.35,0.0652,1,1,1,1,0,4,0,0,0,1,0,0,0,0,0,4,0.0454,0.0282,2,1,0
NCRB-SYNTH-101926,High Court,Writ Petition (Detention),1,3,1,0,1,0,0,1,0,0,0.4915,1,11,0,0,0.0631,2,1.0,48.15,34342.97,0.0288,0,1,1,1,1,3,1,0,0,1,1,0,1,0,0,2,0.0147,0.0134,2,1,0
NCRB-SYNTH-101930,High Court,Sec 439 CrPC (Regular Bail),1,5,2,0,1,0,0,1,0,0,0.4518,1,122,1,1,0.0352,6,1.2674,90.74,32730.22,0.1265,1,1,1,1,1,2,0,0,0,1,0,0,1,0,0,4,0.0973,0.0605,2,1,0
NCRB-SYNTH-101940,Trial Court,Writ Petition (Detention),2,2,1,0,1,1,1,1,0,0,0.4154,1,133,0,0,0.0,6,1.0959,141.52,16495.41,0.0382,1,0,1,1,0,2,0,1,1,0,0,0,1,1,0,4,0.0988,0.0614,2,1,0
NCRB-SYNTH-101941,High Court,Trial Judgment,4,3,1,0,1,1,0,1,0,1,0.493,1,99,1,0,0.111,6,1.1093,109.24,40174.65,0.1555,1,1,1,1,0,2,1,0,0,1,0,0,0,0,0,4,0.0935,0.0581,2,1,0
NCRB-SYNTH-101948,Trial Court,Writ Petition (Detention),1,2,1,0,1,0,1,1,0,1,0.4516,1,73,1,1,0.0517,5,1.3206,107.73,40216.12,0.1969,1,1,1,1,1,2,1,0,0,1,1,0,1,0,0,1,0.0384,0.0554,0,1,0
NCRB-SYNTH-101951,Trial Court,Sec 439 CrPC (Regular Bail),1,3,1,0,1,0,0,1,0,1,0.6674,1,60,1,0,0.0617,5,1.1879,168.78,33720.27,0.0335,1,1,1,1,0,4,0,0,0,1,1,1,1,0,0,1,0.0779,0.1124,2,1,0
NCRB-SYNTH-101961,Trial Court,Sec 439 CrPC (Regular Bail),2,1,2,0,1,0,0,1,0,0,0.7539,1,127,1,0,0.0557,7,1.2681,91.97,14730.52,0.1542,1,1,1,1,1,2,0,0,0,1,1,1,0,0,0,3,0.095,0.0686,2,1,0
NCRB-SYNTH-101967,Trial Court,Sec 482 CrPC (Quashing),4,3,1,0,1,0,1,1,0,0,0.3715,1,111,0,0,0.0612,2,1.0494,66.07,29377.14,0.1022,0,1,1,1,1,3,1,0,0,1,0,1,0,0,1,2,0.0937,0.0853,0,1,0
NCRB-SYNTH-101970,Trial Court,Sec 482 CrPC (Quashing),4,2,1,0,1,0,0,1,0,1,0.8126,1,63,0,0,0.0203,1,1.197,142.7,38512.85,0.1751,1,1,1,1,1,2,1,0,0,1,1,0,1,0,1,3,0.0162,0.0117,2,1,0
NCRB-SYNTH-101971,High Court,Sec 482 CrPC (Quashing),1,2,2,0,1,0,1,1,0,1,0.6656,1,31,1,0,0.1643,1,1.0,179.5,5654.95,0.0268,1,1,1,1,1,5,0,0,0,1,1,1,1,0,0,4,0.0694,0.0431,2,1,0
NCRB-SYNTH-101981,Trial Court,Sec 482 CrPC (Quashing),4,4,2,0,1,0,1,1,0,0,0.6158,1,81,0,1,0.1262,5,1.2012,128.11,35719.08,0.1848,1,0,1,1,1,3,1,1,1,0,1,0,1,0,0,1,0.0997,0.1439,0,0,0
NCRB-SYNTH-101985,Trial Court,Sec 482 CrPC (Quashing),1,5,2,0,1,0,0,1,0,1,0.8332,0,62,0,0,0.055,2,1.0,176.75,30643.84,0.0458,1,1,1,1,0,2,1,0,0,1,1,1,1,0,0,4,0.0889,0.0552,2,1,0
NCRB-SYNTH-101986,High Court,Sec 482 CrPC (Quashing),27,5,2,0,1,0,0,1,0,0,0.9196,1,71,0,1,0.03,3,1.1232,134.31,28680.43,0.1011,1,1,1,1,1,5,0,0,0,1,1,0,0,0,0,4,0.0459,0.0285,2,1,0
NCRB-SYNTH-101992,Trial Court,Sec 439 CrPC (Regular Bail),1,4,1,0,1,1,1,1,0,1,0.9364,1,98,1,1,0.118,1,1.173,130.14,37237.9,0.091,1,1,1,1,1,2,1,0,0,1,0,0,0,0,0,3,0.0819,0.0591,2,1,0
NCRB-SYNTH-101994,Trial Court,Writ Petition (Detention),7,3,1,0,1,1,1,1,0,1,0.7825,1,143,0,0,0.1238,2,1.1331,176.06,31275.14,0.153,1,1,0,1,1,2,1,0,0,1,1,1,1,1,0,1,0.0261,0.0376,2,1,0
NCRB-SYNTH-101998,Trial Court,Trial Judgment,4,4,1,0,1,0,0,1,0,1,0.5793,1,53,0,0,0.039,8,1.2453,126.29,32457.52,0.1502,0,0,1,1,1,4,0,0,0,1,1,1,0,0,0,1,0.0199,0.0288,2,1,0
NCRB-SYNTH-101999,Trial Court,Sec 439 CrPC (Regular Bail),1,2,1,0,1,0,0,1,0,0,0.8269,1,22,0,0,0.0,8,1.1592,93.41,5638.29,0.1789,1,1,1,1,1,3,0,0,0,1,1,0,0,0,0,4,0.0779,0.0484,2,1,0
NCRB-SYNTH-102009,Trial Court,Writ Petition (Detention),1,3,1,0,1,1,0,1,0,0,0.3867,1,177,0,0,0.0945,4,1.0074,155.56,23147.67,0.0373,1,1,0,1,1,2,0,0,0,1,1,0,1,0,0,4,0.0824,0.0512,2,1,0
NCRB-SYNTH-102011,High Court,Sec 482 CrPC (Quashing),1,1,2,0,1,0,1,1,0,0,0.654,1,113,1,1,0.0553,7,1.0659,71.44,25452.98,0.0683,1,1,1,1,1,2,0,0,0,1,1,1,1,1,1,3,0.0319,0.023,0,1,0
NCRB-SYNTH-102012,Trial Court,Trial Judgment,1,4,2,0,1,0,1,1,0,1,0.7878,1,28,0,1,0.1934,5,1.2628,96.77,15940.47,0.028,1,0,1,0,1,1,0,1,1,0,1,0,1,0,0,4,0.0564,0.035,2,0,1
NCRB-SYNTH-102014,High Court,Writ Petition (Detention),1,2,2,0,1,1,1,1,0,0,0.8063,1,174,0,0,0.1288,5,1.2093,118.86,33858.24,0.0708,1,1,1,1,0,3,0,0,0,1,0,0,0,1,0,1,0.0983,0.1419,2,1,0
NCRB-SYNTH-102019,Trial Court,Sec 439 CrPC (Regular Bail),15,1,2,0,1,1,0,1,0,1,0.7739,1,103,0,0,0.1481,5,1.2065,147.72,10579.08,0.0498,1,1,1,1,0,3,0,0,0,1,1,1,1,0,1,4,0.0458,0.0285,2,1,0
NCRB-SYNTH-102024,Trial Court,Sec 439 CrPC (Regular Bail),4,4,1,0,1,0,1,1,0,0,0.8616,0,166,1,1,0.0062,6,1.0709,62.61,12711.35,0.1541,1,0,1,1,1,3,0,1,1,0,1,1,1,0,1,2,0.0247,0.0225,2,1,1
NCRB-SYNTH-102031,Trial Court,Writ Petition (Detention),7,1,1,0,1,1,0,1,0,0,0.416,0,106,1,1,0.0588,4,1.2259,36.28,39812.46,0.1479,0,1,0,0,1,1,1,0,0,1,0,0,1,1,0,3,0.0811,0.0585,2,1,0
NCRB-SYNTH-102037,Trial Court,Sec 439 CrPC (Regular Bail),2,3,2,0,1,0,0,1,0,0,0.8491,1,91,1,1,0.081,3,1.2968,178.96,41758.61,0.0075,0,1,1,1,1,2,1,0,0,1,1,0,0,0,1,2,0.0811,0.0738,2,1,0
NCRB-SYNTH-102038,Trial Court,Sec 482 CrPC (Quashing),2,5,1,0,1,0,0,1,0,0,0.4925,1,87,1,1,0.13,7,1.0217,79.47,41471.89,0.016,1,1,0,1,1,3,1,0,0,1,0,0,0,0,0,3,0.0319,0.023,2,1,0
NCRB-SYNTH-102044,Trial Court,Sec 482 CrPC (Quashing),1,4,1,0,1,0,1,1,0,0,0.4504,0,158,0,0,0.1105,5,1.2544,89.09,9900.3,0.0917,1,1,0,1,1,4,1,0,0,1,0,0,0,1,0,3,0.0612,0.0441,2,1,0
NCRB-SYNTH-102047,Trial Court,Sec 439 CrPC (Regular Bail),7,5,2,0,1,1,1,1,0,1,0.6785,1,135,0,0,0.0184,6,1.0,159.63,13130.44,0.0864,1,0,1,1,0,1,0,0,0,1,1,1,0,1,0,2,0.0808,0.0735,0,1,0
NCRB-SYNTH-102050,Trial Court,Sec 439 CrPC (Regular Bail),2,1,2,0,1,0,0,1,0,1,0.6,1,77,0,0,0.0501,3,1.1722,147.34,17912.2,0.0928,1,1,1,1,1,2,0,0,0,1,1,0,0,0,0,1,0.0695,0.1003,2,1,0
NCRB-SYNTH-102053,Trial Court,Trial Judgment,1,5,1,0,1,0,0,1,0,0,0.9376,1,84,0,0,0.0405,7,1.2441,92.7,39040.2,0.1546,1,0,0,1,0,1,1,1,1,0,1,1,0,0,0,3,0.0928,0.0669,0,0,1
NCRB-SYNTH-102061,Trial Court,Sec 439 CrPC (Regular Bail),2,4,1,0,1,0,1,1,0,0,0.7983,1,72,0,0,0.2007,3,1.0,169.26,13581.23,0.1954,1,0,1,0,0,2,0,1,1,0,1,1,0,0,0,2,0.0905,0.0823,2,1,1
NCRB-SYNTH-102065,Trial Court,Sec 439 CrPC (Regular Bail),1,4,1,0,1,1,0,1,0,0,0.6062,1,82,0,0,0.1239,4,1.2374,101.03,40329.76,0.0021,1,1,0,1,1,2,0,0,0,1,1,0,0,0,0,1,0.0831,0.1199,2,1,0
NCRB-SYNTH-102069,Trial Court,Sec 439 CrPC (Regular Bail),15,1,1,0,1,0,1,1,0,1,0.8463,0,178,0,0,0.1205,8,1.1112,116.03,24831.92,0.1196,1,1,0,1,0,2,0,0,0,1,1,0,0,1,0,2,0.0404,0.0368,2,1,0
NCRB-SYNTH-102081,Trial Court,Writ Petition (Detention),1,3,2,0,1,0,0,1,0,1,0.8299,1,100,0,0,0.0649,5,1.0881,153.31,8579.03,0.0238,1,1,1,1,0,1,0,0,0,1,1,1,0,1,1,4,0.0653,0.0406,2,1,0
NCRB-SYNTH-102082,Trial Court,Sec 439 CrPC (Regular Bail),1,1,2,0,1,0,0,1,0,0,0.48,1,108,0,0,0.154,4,1.0544,93.56,28189.45,0.1251,1,1,0,1,1,2,0,0,0,1,1,1,0,1,0,1,0.0111,0.0161,2,1,0
NCRB-SYNTH-102087,Trial Court,Sec 439 CrPC (Regular Bail),2,4,2,0,1,1,0,1,0,0,0.8429,0,33,1,1,0.0529,9,1.2966,140.33,22645.34,0.0854,1,0,1,1,0,3,0,1,1,0,1,0,1,0,0,2,0.0293,0.0267,2,1,1
NCRB-SYNTH-102103,Trial Court,Writ Petition (Detention),4,2,2,0,1,0,0,1,0,0,0.6778,1,46,0,0,0.0607,6,1.1569,116.5,27046.16,0.1458,1,0,0,1,0,2,0,0,0,1,1,0,1,0,0,2,0.0406,0.037,2,1,0
NCRB-SYNTH-102111,High Court,Sec 439 CrPC (Regular Bail),2,4,2,0,1,0,0,1,0,1,0.873,1,135,0,0,0.0781,7,1.0103,164.55,29149.04,0.0021,1,1,0,1,0,2,0,0,0,1,1,0,0,0,0,1,0.0291,0.042,0,1,0
NCRB-SYNTH-102113,Trial Court,Writ Petition (Detention),1,4,1,0,1,0,0,1,0,1,0.7628,1,153,0,0,0.0948,3,1.3292,74.21,16715.37,0.0882,1,0,1,1,1,4,0,0,0,1,0,1,1,0,1,4,0.0258,0.016,2,1,0
NCRB-SYNTH-102116,Trial Court,Sec 439 CrPC (Regular Bail),4,4,1,0,1,0,0,1,0,0,0.7601,1,96,0,0,0.0191,8,1.2435,130.94,18591.77,0.0695,1,1,1,1,1,3,0,0,0,1,1,0,1,0,0,4,0.0842,0.0523,2,1,0
NCRB-SYNTH-102119,High Court,Sec 439 CrPC (Regular Bail),2,3,2,0,1,0,0,1,0,1,0.6092,1,81,0,0,0.1089,8,1.0651,178.99,38258.27,0.1831,1,1,1,1,0,4,1,0,0,1,0,0,0,0,0,3,0.0616,0.0444,2,1,0
NCRB-SYNTH-102128,Trial Court,Trial Judgment,1,4,1,0,1,0,0,1,0,1,0.8683,1,28,0,0,0.0377,9,1.0098,99.42,33661.79,0.1441,1,0,1,1,1,2,0,1,1,0,1,0,0,0,0,1,0.0985,0.1421,2,0,1
NCRB-SYNTH-102131,Trial Court,Writ Petition (Detention),1,2,2,0,1,0,0,1,0,0,0.714,1,56,1,1,0.092,6,1.1997,140.62,29001.2,0.1106,1,0,1,0,1,2,0,1,1,0,1,0,1,0,0,2,0.0267,0.0243,2,1,1
NCRB-SYNTH-102132,Trial Court,Sec 439 CrPC (Regular Bail),1,3,2,1,1,0,0,1,0,1,0.7744,1,105,1,1,0.0625,7,1.1514,35.94,28749.11,0.1004,1,0,1,1,1,2,0,1,1,0,0,0,1,0,0,4,0.0952,0.0591,2,0,1
NCRB-SYNTH-102137,Trial Court,Writ Petition (Detention),1,2,1,0,1,0,0,1,1,0,0.5847,1,36,0,1,0.1493,4,1.1333,120.3,29928.02,0.0175,1,0,1,1,0,7,0,1,1,0,1,0,0,1,0,2,0.0238,0.0216,2,1,0
NCRB-SYNTH-102139,High Court,Sec 439 CrPC (Regular Bail),1,5,1,0,1,0,0,1,0,1,0.4289,1,158,0,0,0.1067,6,1.0614,163.62,4791.95,0.1413,0,1,1,1,0,2,1,0,0,1,1,0,1,0,0,1,0.0192,0.0277,2,1,0
NCRB-SYNTH-102152,High Court,Sec 439 CrPC (Regular Bail),21,3,1,1,1,1,0,1,0,0,0.9665,0,109,0,0,0.0432,3,1.1069,96.72,36139.68,0.0742,1,1,1,1,0,1,0,0,0,1,0,1,1,1,0,3,0.0929,0.067,2,1,0
NCRB-SYNTH-102155,Trial Court,Sec 439 CrPC (Regular Bail),1,4,1,0,1,1,1,1,0,0,0.4324,1,44,0,0,0.07,8,1.2506,174.69,8702.65,0.1297,1,1,1,1,1,2,1,0,0,1,1,0,0,1,0,4,0.0412,0.0256,2,1,0
NCRB-SYNTH-102157,High Court,Sec 439 CrPC (Regular Bail),1,2,1,1,1,1,1,1,0,0,0.4317,0,147,0,0,0.0597,1,1.0206,166.64,21463.3,0.0163,1,0,1,1,1,2,1,0,0,1,1,1,1,0,0,1,0.0334,0.0482,2,1,0
NCRB-SYNTH-102168,Trial Court,Trial Judgment,21,5,1,0,1,0,0,1,0,0,0.4937,1,166,0,1,0.0538,4,1.2982,97.36,40485.4,0.1617,1,1,0,1,0,4,0,0,0,1,1,0,1,0,0,3,0.0611,0.0441,2,1,0
NCRB-SYNTH-102172,Trial Court,Writ Petition (Detention),1,2,2,1,1,0,0,1,0,1,0.4389,1,67,0,0,0.0716,1,1.0,122.89,16629.05,0.1919,1,1,1,0,0,3,0,0,0,1,0,1,0,1,0,2,0.09,0.0819,2,1,0
NCRB-SYNTH-102173,High Court,Sec 482 CrPC (Quashing),1,5,2,0,1,0,0,1,0,1,0.7944,1,101,0,0,0.0,8,1.0454,43.54,38302.47,0.1721,1,1,1,1,1,2,0,0,0,1,1,1,1,1,0,3,0.0603,0.0435,2,1,0
NCRB-SYNTH-102183,Trial Court,Sec 439 CrPC (Regular Bail),4,4,2,0,1,0,0,1,0,0,0.8432,1,112,1,1,0.0484,1,1.0715,100.83,41408.19,0.0289,1,1,1,1,0,4,0,0,0,1,0,0,1,1,0,2,0.0557,0.0507,2,1,0
NCRB-SYNTH-102195,Trial Court,Sec 482 CrPC (Quashing),1,4,1,0,1,0,1,1,0,1,0.6086,0,110,0,0,0.0877,4,1.1183,54.67,32290.91,0.0689,1,1,0,1,0,1,1,0,0,1,1,1,1,0,0,1,0.0149,0.0215,2,1,0
NCRB-SYNTH-102202,Trial Court,Writ Petition (Detention),1,5,2,0,1,1,0,1,0,0,0.637,0,102,1,1,0.0735,1,1.0,135.58,40729.63,0.026,1,1,1,1,0,3,1,0,0,1,1,0,1,0,0,1,0.0333,0.0481,2,1,0
NCRB-SYNTH-102204,Trial Court,Sec 439 CrPC (Regular Bail),1,3,2,0,1,0,0,1,0,0,0.7275,1,59,1,1,0.0768,5,1.2417,117.58,32171.77,0.1706,1,1,0,1,0,1,0,0,0,1,0,1,1,0,1,1,0.0482,0.0695,2,1,0
NCRB-SYNTH-102213,Trial Court,Sec 482 CrPC (Quashing),2,5,1,0,1,0,0,1,0,1,0.6095,1,159,0,1,0.0331,9,1.1894,136.57,10790.24,0.1607,0,1,1,0,0,4,1,0,0,1,1,1,0,0,0,3,0.0248,0.0179,2,1,0
NCRB-SYNTH-102220,Trial Court,Sec 482 CrPC (Quashing),4,1,2,0,1,0,0,1,0,1,0.4658,1,45,0,1,0.1124,3,1.0,172.4,7282.93,0.1268,1,1,1,1,1,2,0,0,0,1,1,0,0,0,1,1,0.0562,0.0811,2,1,0
NCRB-SYNTH-102223,Trial Court,Sec 439 CrPC (Regular Bail),1,2,2,0,1,0,1,1,0,0,0.7231,1,100,0,1,0.1009,2,1.0285,65.34,15099.32,0.0317,1,1,1,1,1,2,1,0,0,1,1,1,0,0,0,1,0.097,0.14,2,1,0
NCRB-SYNTH-102225,Trial Court,Sec 482 CrPC (Quashing),1,4,1,0,1,0,0,1,0,1,0.6418,1,42,1,0,0.1271,3,1.0,33.85,9649.04,0.1078,1,1,0,1,1,3,1,0,0,1,1,0,0,0,0,3,0.0785,0.0566,2,1,0
NCRB-SYNTH-102232,High Court,Writ Petition (Detention),7,5,1,0,1,0,0,1,0,1,0.6382,1,150,0,1,0.1472,2,1.283,75.98,5457.02,0.0953,1,0,1,1,0,3,1,1,1,0,0,0,1,0,0,3,0.041,0.0296,2,0,0
NCRB-SYNTH-102238,High Court,Writ Petition (Detention),2,1,2,0,1,1,1,1,0,1,0.4142,1,66,0,1,0.0895,5,1.1997,97.36,41143.65,0.0445,0,1,1,1,1,2,1,0,0,1,1,1,0,0,0,3,0.0946,0.0683,2,1,0
NCRB-SYNTH-102239,Trial Court,Trial Judgment,2,2,2,0,1,1,1,1,0,1,0.718,1,65,0,0,0.0261,5,1.3293,136.1,5587.88,0.1223,1,1,0,1,1,4,0,0,0,1,0,1,0,0,0,1,0.0672,0.0969,2,1,0
NCRB-SYNTH-102242,High Court,Trial Judgment,1,1,1,0,1,0,0,1,0,0,0.5552,1,163,1,0,0.0641,7,1.0468,100.13,5600.1,0.1089,1,0,1,1,1,2,0,1,1,0,0,1,1,0,0,4,0.0248,0.0154,2,0,0
NCRB-SYNTH-102247,Trial Court,Sec 439 CrPC (Regular Bail),7,1,1,0,1,0,1,1,0,0,0.8427,1,51,0,1,0.1006,3,1.0806,114.36,13924.76,0.1275,1,1,0,1,1,1,0,0,0,1,1,0,1,0,0,1,0.0425,0.0613,2,1,0
NCRB-SYNTH-102250,Trial Court,Sec 482 CrPC (Quashing),1,3,2,0,1,0,1,1,0,0,0.5911,1,33,0,0,0.0839,9,1.1755,75.31,35055.15,0.078,1,1,1,1,0,3,1,0,0,1,1,0,1,0,0,4,0.0419,0.026,2,1,0
NCRB-SYNTH-102251,Trial Court,Trial Judgment,2,2,2,0,1,0,1,1,0,0,0.961,1,94,0,0,0.0309,3,1.1695,177.72,26295.52,0.0606,1,1,1,1,0,2,0,0,0,1,1,1,0,0,1,3,0.0464,0.0335,2,1,0
NCRB-SYNTH-102271,Trial Court,Sec 439 CrPC (Regular Bail),1,2,2,0,1,0,1,1,0,0,0.6994,0,151,0,0,0.1231,6,1.2753,100.03,40653.53,0.1062,1,1,1,0,1,2,1,0,0,1,1,1,1,0,1,1,0.024,0.0347,2,1,0
NCRB-SYNTH-102280,Trial Court,Sec 439 CrPC (Regular Bail),7,4,2,0,1,0,0,1,0,1,0.5183,1,74,1,1,0.1288,9,1.0,73.55,23873.16,0.0663,1,1,1,1,0,1,0,0,0,1,1,0,1,0,0,4,0.0394,0.0245,0,1,0
NCRB-SYNTH-102284,Trial Court,Sec 439 CrPC (Regular Bail),1,5,2,0,1,0,0,1,0,1,0.8163,1,104,1,1,0.1112,3,1.0,75.96,31522.84,0.0037,1,1,0,1,0,2,0,0,0,1,1,0,0,0,1,1,0.0459,0.0662,2,1,0
NCRB-SYNTH-102285,Trial Court,Sec 482 CrPC (Quashing),2,5,2,1,1,1,0,1,0,0,0.5906,1,117,1,1,0.1115,9,1.1693,33.16,16240.36,0.0895,1,1,1,1,1,2,0,0,0,1,1,0,0,0,0,4,0.0762,0.0474,2,1,0
NCRB-SYNTH-102290,Trial Court,Sec 482 CrPC (Quashing),2,4,2,0,1,1,0,1,0,0,0.4447,1,22,1,1,0.0689,1,1.0366,54.62,31748.09,0.0142,1,1,1,0,1,1,0,0,0,1,1,1,0,0,1,2,0.0454,0.0413,2,1,0
NCRB-SYNTH-102295,High Court,Writ Petition (Detention),1,3,1,0,1,1,1,1,0,1,0.898,1,84,0,0,0.1465,5,1.1957,55.13,12642.41,0.0967,1,1,1,1,1,3,1,0,0,1,1,0,0,0,0,3,0.0461,0.0333,0,1,0
NCRB-SYNTH-102296,Trial Court,Sec 482 CrPC (Quashing),1,5,1,0,1,0,0,1,1,1,0.5841,1,109,0,1,0.1091,1,1.0,103.4,4634.05,0.121,0,1,0,1,0,2,0,0,0,1,1,0,0,0,0,4,0.0123,0.0076,0,1,0
NCRB-SYNTH-102298,High Court,Sec 439 CrPC (Regular Bail),4,3,1,0,1,0,1,1,0,0,0.69,1,25,1,1,0.0409,2,1.0,73.34,28484.56,0.1365,1,0,1,1,1,4,1,0,0,1,1,0,0,0,0,1,0.0962,0.1388,2,1,0
NCRB-SYNTH-102299,High Court,Trial Judgment,7,3,1,0,1,0,1,1,0,1,0.5484,1,77,0,0,0.0201,3,1.0518,143.05,7677.97,0.1451,1,1,1,1,0,2,0,0,0,1,1,0,0,0,1,1,0.0528,0.0762,2,1,0
NCRB-SYNTH-102307,Trial Court,Sec 439 CrPC (Regular Bail),1,4,1,0,1,0,1,1,1,1,0.6602,1,22,0,0,0.113,1,1.079,175.9,14282.09,0.0047,1,1,1,1,1,4,0,0,0,1,0,1,1,1,0,2,0.0789,0.0719,0,1,0
NCRB-SYNTH-102309,Trial Court,Sec 482 CrPC (Quashing),1,5,2,0,1,0,1,1,0,1,0.8217,1,12,0,0,0.133,5,1.046,100.2,18989.05,0.0379,1,1,1,1,1,3,0,0,0,1,1,0,0,0,1,3,0.0248,0.0179,2,1,0
NCRB-SYNTH-102316,Trial Court,Writ Petition (Detention),7,4,1,0,1,0,0,1,0,1,0.8053,0,52,0,0,0.0868,5,1.0654,136.36,37823.8,0.0624,1,1,0,1,0,4,0,0,0,1,1,1,0,0,0,1,0.0403,0.0581,2,1,0
NCRB-SYNTH-102328,High Court,Writ Petition (Detention),1,5,1,0,1,0,0,1,0,1,0.5811,1,34,0,1,0.0786,4,1.1808,95.49,4136.97,0.1913,1,1,1,1,0,2,0,0,0,1,1,0,0,0,1,4,0.0737,0.0458,2,1,0
NCRB-SYNTH-102330,Trial Court,Sec 482 CrPC (Quashing),1,5,1,0,1,0,0,1,0,0,0.488,1,146,0,0,0.0988,8,1.2618,177.97,36308.67,0.1828,1,1,0,1,1,1,0,0,0,1,1,1,1,0,1,2,0.089,0.081,0,1,0
NCRB-SYNTH-102332,Trial Court,Sec 482 CrPC (Quashing),1,5,2,0,1,0,0,1,0,1,0.659,1,53,0,0,0.0994,1,1.0482,88.52,9101.58,0.1657,0,1,1,1,0,2,0,0,0,1,0,0,0,0,1,4,0.0759,0.0471,2,1,0
NCRB-SYNTH-102335,Trial Court,Sec 439 CrPC (Regular Bail),2,4,1,0,1,1,1,1,0,0,0.8964,1,144,0,1,0.1069,8,1.1856,73.89,22993.78,0.1234,1,1,1,1,0,3,1,0,0,1,1,1,1,0,1,1,0.0934,0.1347,2,1,0
NCRB-SYNTH-102339,Trial Court,Writ Petition (Detention),1,2,2,0,1,0,1,1,0,0,0.4913,1,91,1,1,0.0,5,1.0,63.07,42269.13,0.1919,1,1,1,0,1,6,0,0,0,1,1,1,0,0,0,3,0.0601,0.0433,2,1,0
NCRB-SYNTH-102342,High Court,Trial Judgment,2,1,2,0,1,1,0,1,0,1,0.5549,1,144,0,0,0.0572,6,1.0368,99.01,38574.03,0.1131,1,1,1,0,1,3,1,0,0,1,1,0,0,0,0,2,0.0275,0.025,2,1,0
NCRB-SYNTH-102343,Trial Court,Sec 482 CrPC (Quashing),2,1,1,0,1,0,0,1,0,1,0.6051,1,85,1,1,0.0806,8,1.0293,168.75,6001.29,0.1081,1,1,1,1,1,1,1,0,0,1,1,1,1,0,0,1,0.0885,0.1277,2,1,0
NCRB-SYNTH-102350,High Court,Sec 439 CrPC (Regular Bail),1,5,2,1,1,0,1,1,0,0,0.6534,0,41,1,0,0.0875,6,1.1506,160.88,6207.34,0.0837,1,1,1,1,1,4,0,0,0,1,1,1,0,0,0,2,0.0134,0.0122,2,1,0
NCRB-SYNTH-102356,Trial Court,Sec 439 CrPC (Regular Bail),7,1,1,0,1,1,1,1,0,0,0.4922,1,88,0,1,0.0706,1,1.1212,76.72,19019.89,0.013,1,1,1,1,1,6,0,0,0,1,1,0,1,0,0,3,0.0553,0.0399,2,1,0
NCRB-SYNTH-102358,Trial Court,Writ Petition (Detention),1,5,1,0,1,0,1,1,0,0,0.9201,1,49,0,0,0.0628,2,1.2815,143.75,37687.48,0.1224,1,1,0,1,1,3,1,0,0,1,1,1,1,0,0,1,0.0537,0.0774,2,1,0
NCRB-SYNTH-102360,High Court,Sec 439 CrPC (Regular Bail),2,2,1,0,1,1,0,1,0,1,0.5446,1,20,1,0,0.0292,8,1.0997,170.85,14048.47,0.0584,1,1,0,1,0,2,0,0,0,1,1,0,1,1,1,2,0.0859,0.0782,0,1,0
NCRB-SYNTH-102361,Trial Court,Sec 439 CrPC (Regular Bail),1,5,2,0,1,0,1,1,1,0,0.6052,1,35,0,0,0.0436,4,1.135,110.86,28467.08,0.01,1,1,0,1,0,5,1,0,0,1,1,0,1,1,1,1,0.0692,0.0999,2,1,0
NCRB-SYNTH-102366,High Court,Sec 439 CrPC (Regular Bail),1,5,2,0,1,0,1,1,0,0,0.436,1,117,0,1,0.1438,5,1.0,61.82,30732.28,0.1618,0,0,0,1,0,2,0,1,1,0,1,0,1,0,1,2,0.0795,0.0724,0,0,0
NCRB-SYNTH-102367,Trial Court,Sec 439 CrPC (Regular Bail),4,4,1,0,1,1,1,1,0,0,0.8506,1,90,1,1,0.0637,7,1.0,76.17,23837.7,0.1129,1,1,1,1,0,1,0,0,0,1,1,0,1,0,0,2,0.0919,0.0837,0,1,0
NCRB-SYNTH-102392,Trial Court,Writ Petition (Detention),1,5,2,0,1,1,0,1,0,0,0.4565,1,165,1,1,0.0,9,1.1441,34.1,30939.83,0.1466,1,0,1,1,1,4,0,1,1,0,1,1,1,1,1,3,0.0686,0.0495,2,1,0
NCRB-SYNTH-102394,Trial Court,Sec 439 CrPC (Regular Bail),4,5,1,0,1,1,0,1,0,0,0.8501,1,77,1,1,0.116,8,1.1413,108.69,10722.74,0.1001,1,1,1,1,0,2,0,0,0,1,0,0,0,1,0,4,0.0258,0.016,2,1,0
NCRB-SYNTH-102397,High Court,Trial Judgment,2,5,2,0,1,0,0,1,0,0,0.7827,1,72,0,0,0.0089,9,1.0,151.81,20435.99,0.0121,1,1,1,1,1,2,0,0,0,1,1,0,1,0,0,4,0.0167,0.0104,2,1,0
NCRB-SYNTH-102398,High Court,Writ Petition (Detention),1,4,2,0,1,0,0,1,0,0,0.4552,1,130,0,0,0.0084,2,1.1664,177.97,34740.32,0.0356,1,1,0,1,0,3,0,0,0,1,1,1,0,0,0,1,0.085,0.1226,2,1,0
NCRB-SYNTH-102402,Trial Court,Sec 482 CrPC (Quashing),2,1,2,0,1,0,0,1,0,1,0.8793,1,122,1,1,0.1525,1,1.2359,87.6,23265.14,0.0679,1,1,1,0,1,2,0,0,0,1,1,1,1,0,1,2,0.0606,0.0551,2,1,0
NCRB-SYNTH-102412,Trial Court,Trial Judgment,1,5,1,0,1,0,1,1,0,0,0.9081,1,96,0,1,0.1739,7,1.0117,108.03,26815.05,0.1874,1,0,1,1,1,2,0,0,0,1,1,0,0,1,0,4,0.0739,0.0459,0,1,0
NCRB-SYNTH-102414,Trial Court,Sec 482 CrPC (Quashing),1,2,2,0,1,1,1,1,0,0,0.9341,1,32,0,0,0.056,1,1.1161,80.78,5445.16,0.0976,1,1,1,1,1,3,1,0,0,1,0,0,1,0,0,3,0.0375,0.027,2,1,0
NCRB-SYNTH-102418,Trial Court,Sec 439 CrPC (Regular Bail),2,4,1,0,1,0,1,1,0,0,0.4845,1,86,0,0,0.0529,2,1.1928,65.93,24772.68,0.1329,1,1,1,1,1,3,1,0,0,1,1,1,0,0,0,1,0.043,0.0621,2,1,0
NCRB-SYNTH-102419,Trial Court,Sec 439 CrPC (Regular Bail),1,1,1,0,1,0,0,1,0,1,0.9444,0,147,0,1,0.0951,4,1.2606,152.88,22391.41,0.1572,1,0,0,1,1,4,1,0,0,1,0,1,1,0,0,4,0.0166,0.0103,2,1,0
NCRB-SYNTH-102421,Trial Court,Sec 439 CrPC (Regular Bail),2,4,2,0,1,0,0,1,0,1,0.6866,1,99,0,0,0.1871,9,1.0224,82.71,35665.52,0.1503,1,1,1,1,0,4,1,0,0,1,1,0,0,0,0,2,0.0737,0.0671,2,1,0
NCRB-SYNTH-102422,High Court,Sec 482 CrPC (Quashing),2,3,2,0,1,0,0,1,0,1,0.4539,1,31,0,0,0.0764,4,1.0,130.4,20914.82,0.0474,1,1,1,1,1,3,0,0,0,1,0,0,1,0,0,1,0.0229,0.0331,2,1,0
NCRB-SYNTH-102427,Trial Court,Sec 482 CrPC (Quashing),2,5,2,0,1,0,0,1,0,1,0.7719,1,23,0,0,0.1296,6,1.0667,76.23,22702.4,0.0014,1,1,1,1,1,4,0,0,0,1,1,0,1,0,0,1,0.0975,0.1407,2,1,0
NCRB-SYNTH-102440,High Court,Writ Petition (Detention),7,3,1,0,1,0,0,1,0,0,0.6529,1,49,0,0,0.0558,2,1.0,149.99,5236.49,0.1706,1,0,1,1,1,1,1,0,0,1,0,0,1,0,1,3,0.0391,0.0282,2,1,0
NCRB-SYNTH-102448,Trial Court,Sec 439 CrPC (Regular Bail),4,3,1,0,1,1,0,1,0,1,0.522,1,49,0,0,0.1835,3,1.2334,93.79,19744.45,0.0462,1,1,0,1,1,5,0,0,0,1,0,0,1,0,1,4,0.0465,0.0289,2,1,0
NCRB-SYNTH-102449,Trial Court,Sec 439 CrPC (Regular Bail),27,1,2,0,1,0,0,1,0,1,0.932,1,143,0,0,0.0888,6,1.1892,44.99,19609.71,0.1204,1,1,1,0,1,3,0,0,0,1,0,0,0,0,0,3,0.0681,0.0492,2,1,0
NCRB-SYNTH-102456,High Court,Sec 439 CrPC (Regular Bail),2,2,1,0,1,0,1,1,0,0,0.5633,1,150,1,1,0.0973,7,1.0959,142.34,32732.76,0.0307,1,1,0,1,1,6,1,0,0,1,1,1,0,1,1,4,0.0748,0.0465,2,1,0
NCRB-SYNTH-102468,Trial Court,Sec 439 CrPC (Regular Bail),1,5,2,0,1,0,0,1,0,1,0.96,1,44,0,0,0.0389,7,1.0846,46.47,43446.16,0.0102,1,0,1,0,0,7,0,1,1,0,0,0,0,0,0,2,0.0458,0.0417,2,0,1
NCRB-SYNTH-102477,High Court,Writ Petition (Detention),1,5,2,0,1,0,0,1,0,0,0.7409,1,146,0,0,0.087,8,1.103,47.64,43881.28,0.1154,1,1,1,1,1,4,0,0,0,1,1,0,0,1,0,4,0.0586,0.0364,2,1,0
NCRB-SYNTH-102479,High Court,Writ Petition (Detention),21,5,1,0,1,1,0,1,0,0,0.4519,0,60,1,1,0.1135,5,1.0844,118.15,15727.48,0.1066,1,1,0,1,1,2,1,0,0,1,0,0,1,0,0,1,0.0646,0.0932,2,1,0
NCRB-SYNTH-102484,Trial Court,Sec 439 CrPC (Regular Bail),1,1,2,0,1,0,0,1,0,0,0.4847,0,47,0,0,0.1897,3,1.0149,40.29,4479.73,0.1136,1,1,1,1,1,4,0,0,0,1,1,0,1,1,0,3,0.0939,0.0678,2,1,0
NCRB-SYNTH-102506,Trial Court,Sec 482 CrPC (Quashing),1,4,1,0,1,0,1,1,0,0,0.5003,1,35,0,0,0.007,2,1.1562,53.79,17479.04,0.1374,0,1,1,1,0,1,0,0,0,1,1,0,1,0,1,4,0.0897,0.0557,2,1,0
NCRB-SYNTH-102511,Trial Court,Sec 482 CrPC (Quashing),15,5,1,0,1,0,1,1,1,1,0.3834,1,156,0,1,0.0179,9,1.0275,31.1,7221.79,0.0992,0,0,1,1,1,5,0,1,1,0,1,1,0,0,0,3,0.0715,0.0516,2,0,0
NCRB-SYNTH-102517,Trial Court,Writ Petition (Detention),1,2,2,0,1,0,0,1,0,1,0.8205,0,69,0,0,0.07,8,1.1489,131.67,10469.85,0.039,1,0,1,1,0,2,0,1,1,0,0,1,1,0,0,1,0.0305,0.044,2,1,1
NCRB-SYNTH-102522,Trial Court,Writ Petition (Detention),45,5,2,0,1,0,0,1,0,0,0.4308,1,120,0,0,0.0552,5,1.2573,115.5,23809.44,0.1195,0,0,1,1,1,3,1,1,1,0,1,0,0,1,0,4,0.0146,0.0091,2,0,0
NCRB-SYNTH-102529,Trial Court,Sec 482 CrPC (Quashing),7,5,1,0,1,0,0,1,0,0,0.8076,1,172,0,0,0.1397,2,1.1185,118.1,39172.98,0.0901,1,1,0,1,1,4,1,0,0,1,1,1,0,0,1,3,0.0652,0.047,0,1,0
NCRB-SYNTH-102534,Trial Court,Sec 439 CrPC (Regular Bail),2,1,2,1,1,0,0,1,0,0,0.5641,1,113,0,0,0.0834,8,1.1835,40.6,26945.32,0.1534,0,0,1,1,0,3,1,0,0,1,0,1,1,0,0,1,0.0374,0.054,2,1,0
NCRB-SYNTH-102538,Trial Court,Trial Judgment,21,1,1,0,1,0,1,1,0,1,0.8054,0,146,1,1,0.0049,9,1.0681,118.32,10183.49,0.0246,1,1,1,0,0,2,0,0,0,1,1,1,0,0,0,3,0.0615,0.0444,2,1,0
NCRB-SYNTH-102545,Trial Court,Trial Judgment,1,2,2,0,1,0,0,1,0,1,0.5639,0,106,0,0,0.1468,4,1.0871,48.46,7872.11,0.1529,0,0,1,0,0,2,1,1,1,0,1,1,1,0,0,3,0.0189,0.0137,0,0,0
NCRB-SYNTH-102547,Trial Court,Trial Judgment,1,1,1,0,1,0,0,1,0,0,0.7693,1,129,0,0,0.0,3,1.0567,137.59,3997.7,0.1813,1,1,1,1,0,3,1,0,0,1,1,0,1,0,0,2,0.0193,0.0176,2,1,0
NCRB-SYNTH-102550,Trial Court,Trial Judgment,1,4,1,0,1,1,1,1,0,0,0.6384,1,47,0,0,0.1364,6,1.1255,79.08,16498.72,0.1767,1,0,1,1,1,1,1,0,0,1,1,0,1,0,1,1,0.0715,0.1032,2,1,0
NCRB-SYNTH-102552,Trial Court,Sec 439 CrPC (Regular Bail),1,2,1,1,1,0,0,1,0,1,0.5296,1,166,1,1,0.1095,9,1.0,92.57,13530.28,0.0182,1,1,0,1,0,2,0,0,0,1,1,0,1,0,0,1,0.072,0.1039,2,1,0
NCRB-SYNTH-102555,Trial Court,Writ Petition (Detention),1,4,2,0,1,0,0,1,0,1,0.7185,1,59,0,0,0.0675,5,1.207,77.75,12729.75,0.1406,1,0,0,0,1,2,0,1,1,0,1,1,1,0,0,2,0.0567,0.0516,2,0,1
NCRB-SYNTH-102559,Trial Court,Sec 439 CrPC (Regular Bail),1,2,2,0,1,1,0,1,0,1,0.5964,1,171,0,1,0.062,4,1.0098,52.92,24058.13,0.1321,1,0,1,1,0,1,0,1,1,0,0,0,0,0,0,3,0.0674,0.0486,2,0,0
NCRB-SYNTH-102563,Trial Court,Writ Petition (Detention),1,5,1,0,1,0,1,1,0,0,0.7872,1,154,0,0,0.0777,2,1.0539,120.3,9832.46,0.199,1,1,1,0,1,2,0,0,0,1,1,1,1,0,0,1,0.0932,0.1345,2,1,0
NCRB-SYNTH-102564,Trial Court,Sec 482 CrPC (Quashing),4,5,1,0,1,0,1,1,0,0,0.6009,1,74,0,0,0.0678,3,1.0042,55.08,14178.7,0.0233,1,1,1,1,1,6,1,0,0,1,0,1,0,0,0,3,0.0632,0.0456,0,1,0
NCRB-SYNTH-102581,High Court,Writ Petition (Detention),1,2,1,1,1,1,0,1,0,1,0.9394,1,82,0,1,0.1409,3,1.1857,141.24,28023.84,0.1955,1,1,0,1,1,2,1,0,0,1,0,0,1,0,1,4,0.0602,0.0374,2,1,0
NCRB-SYNTH-102587,Trial Court,Sec 439 CrPC (Regular Bail),1,4,2,0,1,0,1,1,0,0,0.8561,1,177,1,1,0.1342,5,1.3508,41.83,15738.21,0.0873,1,0,1,0,1,2,0,0,0,1,1,0,1,0,1,4,0.0414,0.0257,2,1,0
NCRB-SYNTH-102595,Trial Court,Sec 482 CrPC (Quashing),1,5,2,1,1,1,0,1,0,1,0.8337,1,103,0,0,0.1423,2,1.1238,59.69,43029.52,0.0979,1,1,1,1,0,1,0,0,0,1,1,0,0,0,0,4,0.01,0.0062,2,1,0
NCRB-SYNTH-102600,High Court,Writ Petition (Detention),1,2,2,0,1,0,0,1,0,0,0.7308,1,50,1,1,0.0041,4,1.0299,159.19,43015.19,0.0864,1,1,0,1,1,2,1,0,0,1,1,0,1,0,0,2,0.0834,0.076,2,1,0
NCRB-SYNTH-102602,High Court,Sec 482 CrPC (Quashing),4,1,2,0,1,0,1,1,0,0,0.7258,1,180,1,1,0.0594,2,1.1966,70.84,7045.92,0.0051,1,1,1,0,1,1,0,0,0,1,1,1,0,0,0,2,0.0807,0.0735,0,1,0
NCRB-SYNTH-102605,Trial Court,Trial Judgment,4,1,1,0,1,0,1,1,0,0,0.6157,1,81,0,1,0.0132,1,1.0,108.91,34101.93,0.1775,1,1,1,1,1,1,1,0,0,1,0,1,1,0,0,3,0.0896,0.0646,2,1,0
NCRB-SYNTH-102607,Trial Court,Sec 439 CrPC (Regular Bail),1,2,2,0,1,1,0,1,0,0,0.6694,1,121,0,0,0.0476,3,1.1465,82.23,22346.1,0.1129,1,0,1,1,1,1,0,1,1,0,1,1,0,0,0,2,0.0667,0.0607,2,0,1
NCRB-SYNTH-102610,Trial Court,Trial Judgment,21,2,1,0,1,0,0,1,0,0,0.6055,1,92,1,1,0.0625,6,1.0379,124.03,12462.15,0.1487,1,1,0,1,1,2,0,0,0,1,1,0,1,0,1,3,0.0195,0.0141,2,1,0
NCRB-SYNTH-102612,Trial Court,Writ Petition (Detention),1,5,2,1,1,1,0,1,0,0,0.5162,0,17,0,0,0.0366,2,1.0772,158.46,34550.47,0.1197,1,0,1,1,1,3,0,1,1,0,1,0,1,0,1,4,0.0765,0.0475,2,0,0
NCRB-SYNTH-102616,High Court,Writ Petition (Detention),4,4,1,0,1,0,0,1,0,1,0.5309,0,48,0,0,0.1775,4,1.0823,134.51,39824.73,0.0012,1,1,1,1,1,2,0,0,0,1,1,0,0,0,0,1,0.0698,0.1007,2,1,0
NCRB-SYNTH-102627,Trial Court,Sec 439 CrPC (Regular Bail),1,5,1,0,1,0,1,1,0,1,0.8105,1,39,1,1,0.0,6,1.1854,42.47,4439.18,0.0105,1,1,1,1,1,4,0,0,0,1,0,0,0,0,0,2,0.0499,0.0454,2,1,0
NCRB-SYNTH-102633,High Court,Sec 482 CrPC (Quashing),15,3,2,0,1,0,0,1,0,1,0.9814,1,45,1,1,0.0928,9,1.1876,176.95,38949.42,0.1758,1,1,1,1,1,2,1,0,0,1,0,0,1,0,0,2,0.0858,0.0781,2,1,0
NCRB-SYNTH-102634,Trial Court,Sec 439 CrPC (Regular Bail),4,4,2,0,1,0,0,1,0,0,0.9249,1,110,1,1,0.0,2,1.0,36.43,6875.52,0.1369,1,1,1,1,0,1,0,0,0,1,1,1,0,0,1,1,0.0699,0.1009,2,1,0
NCRB-SYNTH-102642,High Court,Sec 439 CrPC (Regular Bail),21,4,1,0,1,0,0,1,0,0,0.8558,1,98,1,1,0.0931,7,1.2658,177.48,11830.16,0.0484,1,1,0,1,0,4,0,0,0,1,1,1,0,0,0,3,0.0877,0.0633,0,1,0
NCRB-SYNTH-102645,Trial Court,Sec 439 CrPC (Regular Bail),1,5,1,0,1,0,0,1,0,0,0.6036,1,146,0,0,0.1004,3,1.1492,53.03,12361.31,0.1645,1,1,1,1,1,4,1,0,0,1,1,0,0,0,0,2,0.0658,0.0599,2,1,0
NCRB-SYNTH-102654,Trial Court,Trial Judgment,2,1,2,0,1,1,0,1,1,1,0.6678,0,88,0,0,0.0394,9,1.1963,122.0,14759.05,0.0685,1,1,1,1,1,1,0,0,0,1,0,0,0,0,0,4,0.0314,0.0195,2,1,0
NCRB-SYNTH-102667,Trial Court,Sec 482 CrPC (Quashing),2,3,2,0,1,0,1,1,0,1,0.8951,1,13,0,0,0.0405,6,1.0,135.47,25042.32,0.1201,0,1,1,0,1,1,1,0,0,1,0,1,0,0,0,2,0.0111,0.0101,0,1,0
NCRB-SYNTH-102674,Trial Court,Writ Petition (Detention),1,4,1,0,1,0,0,1,0,0,0.644,1,45,1,0,0.0621,1,1.2267,143.97,12179.87,0.0491,1,1,1,1,0,1,0,0,0,1,1,0,1,0,0,3,0.0118,0.0085,2,1,0
NCRB-SYNTH-102678,Trial Court,Sec 439 CrPC (Regular Bail),1,2,1,0,1,0,0,1,1,0,0.9101,1,137,0,0,0.1461,4,1.3293,111.11,4816.5,0.0622,0,1,1,1,1,4,0,0,0,1,1,1,1,0,0,1,0.0182,0.0263,2,1,0
NCRB-SYNTH-102679,High Court,Writ Petition (Detention),1,3,2,0,1,0,0,1,0,1,0.7976,1,102,1,1,0.0253,7,1.2133,84.75,15669.76,0.1166,1,0,1,1,1,4,0,1,1,0,0,0,1,0,0,3,0.0419,0.0302,0,0,1
NCRB-SYNTH-102683,Trial Court,Sec 482 CrPC (Quashing),1,5,2,0,1,1,0,1,0,0,0.8905,0,124,0,0,0.1204,5,1.0,84.31,27587.63,0.0049,1,1,1,1,0,3,0,0,0,1,0,0,1,0,1,2,0.0238,0.0217,0,1,0
NCRB-SYNTH-102686,Trial Court,Writ Petition (Detention),21,5,1,0,1,1,0,1,0,0,0.5256,1,75,1,0,0.0672,1,1.1675,73.59,26142.38,0.1078,1,0,1,0,1,4,1,1,1,0,1,1,0,0,0,1,0.0157,0.0226,2,0,0
NCRB-SYNTH-102687,Trial Court,Sec 482 CrPC (Quashing),2,4,2,0,1,0,0,1,0,0,0.5224,1,41,0,1,0.0972,8,1.2245,121.66,13900.62,0.0689,1,0,1,1,1,4,1,0,0,1,1,0,0,1,0,4,0.0361,0.0224,0,1,0
NCRB-SYNTH-102693,Trial Court,Writ Petition (Detention),4,5,1,0,1,1,0,1,0,1,0.7356,1,93,0,0,0.0932,7,1.053,73.37,25607.81,0.1809,1,1,1,1,1,2,1,0,0,1,0,0,0,0,0,2,0.0173,0.0158,2,1,0
NCRB-SYNTH-102703,High Court,Writ Petition (Detention),21,3,1,0,1,0,0,1,0,0,0.8239,1,66,0,0,0.1122,7,1.035,113.35,38761.24,0.0357,1,0,1,1,1,3,0,1,1,0,1,1,0,0,0,3,0.0922,0.0665,2,1,1
NCRB-SYNTH-102704,Trial Court,Sec 439 CrPC (Regular Bail),2,3,2,0,1,0,1,1,0,1,0.4756,1,100,0,0,0.1695,7,1.3302,131.87,6279.95,0.1096,1,1,1,1,0,2,0,0,0,1,0,0,0,0,0,3,0.0953,0.0687,2,1,0
NCRB-SYNTH-102707,Trial Court,Sec 439 CrPC (Regular Bail),1,1,1,0,1,1,0,1,0,0,0.4909,0,86,0,0,0.0565,1,1.0,55.79,22166.55,0.0469,1,0,1,1,0,1,1,0,0,1,1,0,0,0,0,1,0.031,0.0448,2,1,0
NCRB-SYNTH-102709,Trial Court,Sec 439 CrPC (Regular Bail),45,2,1,1,1,1,0,1,0,1,0.6246,1,39,0,0,0.0081,5,1.1972,163.11,44295.91,0.0121,1,1,1,1,1,1,0,0,0,1,1,0,0,0,0,1,0.0263,0.0379,2,1,0
NCRB-SYNTH-102715,Trial Court,Sec 439 CrPC (Regular Bail),2,3,1,0,1,0,0,1,0,0,0.8378,1,16,0,0,0.1001,9,1.1073,74.32,22521.05,0.1498,0,1,1,1,0,1,0,0,0,1,0,1,1,0,0,3,0.0175,0.0126,2,1,0
NCRB-SYNTH-102720,High Court,Writ Petition (Detention),2,4,2,0,1,0,0,1,0,0,0.7519,1,73,0,0,0.1046,3,1.2216,94.5,31871.69,0.0439,1,1,0,1,0,3,0,0,0,1,1,0,1,0,1,3,0.0842,0.0608,0,1,0
NCRB-SYNTH-102727,Trial Court,Sec 482 CrPC (Quashing),1,3,2,0,1,0,1,1,0,0,0.9027,1,117,0,0,0.0481,7,1.1204,146.51,35520.13,0.1974,1,1,1,1,1,3,0,0,0,1,1,1,0,0,0,3,0.0929,0.067,2,1,0
NCRB-SYNTH-102733,Trial Court,Writ Petition (Detention),1,3,2,0,1,0,0,1,0,0,0.5421,1,87,0,0,0.0582,2,1.211,31.08,20391.12,0.1148,1,1,1,1,1,1,0,0,0,1,1,1,0,0,0,2,0.0289,0.0263,0,1,0
NCRB-SYNTH-102740,High Court,Sec 439 CrPC (Regular Bail),7,1,1,0,1,0,1,1,0,0,0.7902,1,62,1,1,0.1598,1,1.0568,131.23,29044.09,0.0637,1,0,1,0,1,2,1,1,1,0,1,1,1,1,0,2,0.0208,0.019,2,0,1
NCRB-SYNTH-102743,Trial Court,Sec 439 CrPC (Regular Bail),1,4,2,0,1,0,0,1,0,0,0.9342,1,166,0,0,0.0603,4,1.0923,93.89,41447.27,0.0479,1,0,1,1,1,2,0,1,1,0,1,0,0,0,0,1,0.077,0.1111,2,0,1
NCRB-SYNTH-102744,Trial Court,Writ Petition (Detention),7,4,2,0,1,0,0,1,0,0,0.8057,1,89,1,1,0.0142,1,1.2204,108.22,21359.26,0.103,1,1,1,1,0,5,0,0,0,1,0,0,1,0,0,2,0.0517,0.047,2,1,0
NCRB-SYNTH-102748,High Court,Sec 482 CrPC (Quashing),2,2,1,0,1,1,1,1,0,1,0.9578,1,121,1,0,0.0768,4,1.1409,169.67,24930.98,0.0918,0,1,1,1,1,5,0,0,0,1,0,0,1,0,0,1,0.0682,0.0984,2,1,0
NCRB-SYNTH-102760,Trial Court,Trial Judgment,2,5,2,0,1,1,0,1,0,1,0.7325,1,74,0,0,0.027,9,1.2474,82.86,34376.81,0.0908,1,1,1,0,1,2,0,0,0,1,1,1,0,0,0,3,0.0782,0.0564,2,1,0
NCRB-SYNTH-102761,High Court,Sec 439 CrPC (Regular Bail),2,3,1,0,1,0,1,1,0,0,0.8384,1,144,0,0,0.0905,8,1.1059,31.33,31773.8,0.0466,1,1,1,1,1,2,1,0,0,1,1,0,0,0,1,1,0.0683,0.0985,2,1,0
NCRB-SYNTH-102762,Trial Court,Sec 439 CrPC (Regular Bail),4,1,2,0,1,0,0,1,0,1,0.7735,1,154,0,0,0.088,6,1.0643,152.99,40994.1,0.1525,1,1,0,1,1,3,1,0,0,1,1,1,1,0,0,3,0.0594,0.0429,2,1,0
NCRB-SYNTH-102765,High Court,Sec 482 CrPC (Quashing),2,2,2,0,1,0,0,1,0,0,0.7991,1,78,0,0,0.1151,7,1.291,128.0,27232.0,0.1278,1,1,1,0,1,1,0,0,0,1,1,0,1,0,0,2,0.0372,0.0339,0,1,0
NCRB-SYNTH-102771,High Court,Writ Petition (Detention),1,5,2,0,1,1,1,1,0,1,0.667,1,72,0,0,0.0025,4,1.0,112.4,44313.74,0.008,1,1,1,1,1,1,0,0,0,1,1,1,0,0,1,1,0.0126,0.0182,2,1,0
NCRB-SYNTH-102777,Trial Court,Sec 439 CrPC (Regular Bail),7,4,1,0,1,0,0,1,0,0,0.4348,1,150,0,1,0.0501,6,1.0,173.39,29211.78,0.1872,0,0,1,1,1,4,0,1,1,0,1,1,1,1,1,3,0.0914,0.0659,2,1,0
NCRB-SYNTH-102778,Trial Court,Sec 439 CrPC (Regular Bail),1,1,1,0,1,0,0,1,0,1,0.6977,0,93,0,0,0.1041,9,1.0944,40.57,11759.57,0.0088,1,1,1,1,1,1,1,0,0,1,0,1,1,0,0,1,0.0495,0.0713,2,1,0
NCRB-SYNTH-102781,Trial Court,Sec 439 CrPC (Regular Bail),1,2,1,1,1,0,0,1,0,0,0.84,1,94,1,1,0.0679,1,1.0725,37.49,23523.77,0.0724,1,1,1,1,1,4,1,0,0,1,1,0,1,0,0,1,0.0563,0.0812,2,1,0
NCRB-SYNTH-102788,Trial Court,Sec 439 CrPC (Regular Bail),2,5,1,1,1,0,1,1,0,0,0.7585,1,45,1,1,0.0657,6,1.2193,48.98,21850.37,0.1748,0,1,1,1,0,3,0,0,0,1,1,0,0,0,0,2,0.0184,0.0168,2,1,0
NCRB-SYNTH-102797,Trial Court,Sec 439 CrPC (Regular Bail),1,3,1,0,1,1,0,1,0,1,0.6983,1,17,0,1,0.0922,7,1.1216,57.31,24331.38,0.0384,1,0,1,1,1,4,1,1,1,0,1,0,0,0,0,4,0.0443,0.0275,2,0,1
NCRB-SYNTH-102800,Trial Court,Sec 439 CrPC (Regular Bail),1,5,1,0,1,0,1,1,0,0,0.4967,1,62,1,1,0.152,2,1.0272,171.25,34691.79,0.1865,0,1,1,1,0,3,0,0,0,1,0,0,1,0,1,2,0.0832,0.0758,0,1,0
NCRB-SYNTH-102808,Trial Court,Sec 482 CrPC (Quashing),2,2,1,0,1,0,0,1,0,1,0.6525,1,91,1,0,0.0,5,1.0,42.04,43787.64,0.0358,1,1,1,1,0,4,1,0,0,1,0,0,0,0,0,4,0.0997,0.0619,2,1,0
NCRB-SYNTH-102814,High Court,Sec 482 CrPC (Quashing),1,5,1,0,1,0,0,1,1,1,0.8973,1,108,1,1,0.0967,2,1.0,127.49,44726.37,0.0835,1,1,1,1,0,2,0,0,0,1,1,1,0,0,1,2,0.0642,0.0584,2,1,0
NCRB-SYNTH-102818,Trial Court,Trial Judgment,1,2,2,0,1,0,0,1,0,0,0.4562,1,126,0,0,0.0588,8,1.1825,51.04,39869.3,0.1824,1,1,1,1,1,1,1,0,0,1,0,1,1,0,0,1,0.037,0.0534,0,1,0
NCRB-SYNTH-102819,Trial Court,Sec 482 CrPC (Quashing),7,5,2,0,1,0,0,1,0,1,0.5109,0,54,0,0,0.0666,6,1.2449,104.98,31642.78,0.1163,1,1,1,1,0,2,0,0,0,1,1,0,1,0,0,1,0.0406,0.0586,2,1,0
NCRB-SYNTH-102828,Trial Court,Sec 439 CrPC (Regular Bail),15,3,2,0,1,0,0,1,0,1,0.5642,1,109,0,0,0.0682,7,1.2115,30.42,10645.16,0.1813,1,0,1,1,0,1,0,1,1,0,1,1,0,0,0,2,0.0715,0.0651,2,1,0
NCRB-SYNTH-102830,Trial Court,Sec 439 CrPC (Regular Bail),2,2,2,0,1,0,1,1,0,0,0.6041,1,112,1,0,0.1221,3,1.071,133.06,29870.37,0.1591,1,1,1,1,1,2,0,0,0,1,1,1,0,1,1,3,0.0781,0.0564,0,1,0
NCRB-SYNTH-102833,Trial Court,Trial Judgment,27,3,2,0,1,1,0,1,1,0,0.8585,0,168,0,0,0.0518,6,1.0115,82.79,35543.56,0.1968,0,0,1,1,1,2,0,1,1,0,0,0,0,0,1,2,0.0646,0.0588,2,1,1
NCRB-SYNTH-102838,Trial Court,Sec 482 CrPC (Quashing),1,4,2,0,1,0,0,1,0,0,0.4319,1,58,1,1,0.0071,7,1.187,90.79,20302.18,0.0062,1,1,1,1,1,2,0,0,0,1,1,1,1,1,0,4,0.0947,0.0589,2,1,0
NCRB-SYNTH-102853,High Court,Sec 482 CrPC (Quashing),1,2,2,0,1,0,0,1,0,0,0.6989,1,96,0,1,0.1181,9,1.0,71.89,32959.15,0.0936,1,1,1,1,1,4,0,0,0,1,1,0,0,0,0,4,0.0395,0.0245,0,1,0
NCRB-SYNTH-102855,High Court,Sec 439 CrPC (Regular Bail),2,5,1,0,1,0,0,1,0,1,0.7613,1,23,0,0,0.0303,9,1.2415,48.83,43239.69,0.1388,1,0,1,1,1,4,1,1,1,0,1,0,0,1,0,2,0.0202,0.0184,2,1,1
NCRB-SYNTH-102858,Trial Court,Sec 439 CrPC (Regular Bail),2,1,2,0,1,0,0,1,0,0,0.4125,1,105,0,1,0.0243,7,1.1887,171.98,24211.1,0.1826,1,0,0,1,0,1,0,1,1,0,1,0,1,0,1,2,0.0719,0.0654,2,1,0
NCRB-SYNTH-102859,Trial Court,Sec 439 CrPC (Regular Bail),7,1,2,0,1,1,0,1,0,1,0.8857,0,172,1,1,0.1588,4,1.2507,106.67,6570.54,0.0317,1,0,1,1,1,2,1,1,1,0,1,0,0,0,1,1,0.0462,0.0667,0,0,1
NCRB-SYNTH-102860,Trial Court,Sec 482 CrPC (Quashing),1,4,2,0,1,0,0,1,0,1,0.4652,1,86,1,1,0.086,8,1.1364,143.27,30690.69,0.1805,1,1,1,1,1,1,1,0,0,1,0,0,0,0,0,4,0.0201,0.0125,2,1,0
NCRB-SYNTH-102880,Trial Court,Sec 482 CrPC (Quashing),1,5,2,1,1,0,1,1,0,0,0.8986,0,45,0,0,0.0686,5,1.0802,159.24,13472.39,0.129,1,1,1,1,1,3,0,0,0,1,1,1,1,0,0,3,0.0109,0.0078,0,1,0
NCRB-SYNTH-102884,Trial Court,Sec 439 CrPC (Regular Bail),7,4,2,0,1,0,0,1,0,0,0.7679,1,140,0,0,0.0159,9,1.3666,40.25,25765.93,0.1799,1,1,1,1,0,2,1,0,0,1,0,0,1,0,0,1,0.0881,0.1271,2,1,0
NCRB-SYNTH-102885,Trial Court,Trial Judgment,1,4,1,0,1,0,0,1,0,1,0.6713,1,119,0,0,0.0594,8,1.1024,50.53,21488.67,0.0699,1,1,1,1,0,3,0,0,0,1,1,1,0,0,0,1,0.0908,0.131,0,1,0
NCRB-SYNTH-102895,Trial Court,Trial Judgment,7,3,1,0,1,0,0,1,1,0,0.5811,1,56,0,0,0.1022,9,1.0933,171.15,36187.79,0.1558,0,1,1,1,1,2,0,0,0,1,1,0,0,0,0,3,0.0454,0.0327,2,1,0
NCRB-SYNTH-102900,Trial Court,Writ Petition (Detention),2,2,2,0,1,0,1,1,0,0,0.458,1,55,1,1,0.0749,8,1.2146,42.52,38053.0,0.1752,0,0,1,1,1,2,0,0,0,1,0,0,0,0,1,1,0.0434,0.0627,0,1,0
NCRB-SYNTH-102901,Trial Court,Sec 482 CrPC (Quashing),7,4,2,0,1,1,1,1,1,0,0.861,1,41,0,0,0.0829,4,1.3432,114.63,4296.66,0.0184,1,1,0,1,0,2,0,0,0,1,1,1,0,1,0,1,0.0922,0.133,2,1,0
NCRB-SYNTH-102903,Trial Court,Sec 482 CrPC (Quashing),27,5,1,0,1,1,0,1,0,0,0.4047,1,114,1,1,0.0811,8,1.0968,70.04,23419.79,0.0894,1,1,1,1,0,2,0,0,0,1,1,1,1,0,1,3,0.0511,0.0369,2,1,0
NCRB-SYNTH-102906,Trial Court,Trial Judgment,2,1,1,0,1,0,1,1,0,0,0.8231,1,161,0,0,0.0244,1,1.0864,113.03,23325.47,0.0938,1,1,1,1,1,1,0,0,0,1,0,1,1,1,0,3,0.0571,0.0412,2,1,0
NCRB-SYNTH-102912,High Court,Sec 439 CrPC (Regular Bail),1,4,1,0,1,1,0,1,0,0,0.9327,1,175,0,1,0.1231,7,1.1863,115.01,30007.0,0.1257,0,1,1,1,1,2,0,0,0,1,1,0,1,0,1,1,0.0633,0.0913,2,1,0
NCRB-SYNTH-102924,High Court,Sec 482 CrPC (Quashing),1,4,1,0,1,0,1,1,0,0,0.4803,1,88,0,0,0.0721,3,1.1181,37.5,25833.84,0.0817,1,1,1,1,0,2,1,0,0,1,0,0,0,0,0,2,0.0631,0.0574,2,1,0
NCRB-SYNTH-102933,Trial Court,Writ Petition (Detention),2,2,1,1,1,0,0,1,0,0,0.7648,0,91,0,1,0.0504,1,1.2304,128.2,25211.49,0.1539,0,1,0,1,0,1,0,0,0,1,0,1,1,0,0,4,0.0722,0.0449,2,1,0
NCRB-SYNTH-102936,Trial Court,Sec 439 CrPC (Regular Bail),4,2,2,0,1,0,0,1,0,0,0.6256,1,155,0,0,0.0756,8,1.1654,82.07,28834.54,0.1321,1,1,1,0,1,2,0,0,0,1,0,1,1,0,0,1,0.0577,0.0832,0,1,0
NCRB-SYNTH-102940,Trial Court,Writ Petition (Detention),4,1,2,0,1,0,0,1,0,0,0.4501,0,171,0,0,0.0064,2,1.2948,77.76,38457.37,0.0376,1,1,0,1,0,1,1,0,0,1,1,0,0,0,0,1,0.0845,0.122,2,1,0
NCRB-SYNTH-102946,Trial Court,Sec 439 CrPC (Regular Bail),1,2,1,1,1,0,0,1,0,0,0.6011,1,22,0,0,0.0,6,1.2606,76.87,38127.7,0.1551,1,1,1,1,0,2,1,0,0,1,1,0,0,0,0,1,0.0553,0.0798,2,1,0
NCRB-SYNTH-102961,Trial Court,Sec 439 CrPC (Regular Bail),4,3,1,0,1,0,0,1,0,1,0.483,0,110,0,0,0.0,3,1.2396,140.46,30965.35,0.0279,1,0,1,0,1,2,0,1,1,0,1,0,0,0,1,3,0.0385,0.0277,2,1,0
NCRB-SYNTH-102972,Trial Court,Sec 482 CrPC (Quashing),15,3,1,0,1,0,0,1,0,0,0.5755,1,139,1,0,0.1731,2,1.3008,119.46,42086.4,0.0973,1,1,1,1,1,2,0,0,0,1,1,0,1,0,0,1,0.0587,0.0847,2,1,0
NCRB-SYNTH-102976,Trial Court,Sec 482 CrPC (Quashing),4,5,1,0,1,0,0,1,0,0,0.7297,1,159,1,1,0.0461,5,1.1861,53.26,11207.31,0.1323,1,1,1,1,1,2,0,0,0,1,1,0,1,0,0,3,0.0837,0.0604,2,1,0
NCRB-SYNTH-102978,Trial Court,Trial Judgment,15,2,2,0,1,0,0,1,0,1,0.6613,1,61,1,1,0.0928,1,1.1117,41.93,25640.56,0.0161,1,1,1,1,0,3,0,0,0,1,1,0,0,0,0,2,0.0597,0.0544,2,1,0
NCRB-SYNTH-102987,Trial Court,Sec 482 CrPC (Quashing),1,2,1,0,1,0,0,1,0,0,0.8915,1,162,0,0,0.1512,8,1.2434,119.34,31768.71,0.1131,1,0,0,1,1,2,0,0,0,1,1,0,1,0,0,1,0.073,0.1053,2,1,0
NCRB-SYNTH-102991,High Court,Writ Petition (Detention),1,4,1,0,1,0,0,1,1,1,0.8994,1,106,0,1,0.1003,5,1.1187,138.41,26635.72,0.1726,1,1,1,1,0,3,1,0,0,1,0,1,1,0,1,4,0.0585,0.0364,2,1,0
NCRB-SYNTH-102995,Trial Court,Trial Judgment,2,1,1,1,1,0,1,1,1,1,0.5574,1,26,1,1,0.1214,8,1.0709,117.79,6453.9,0.0914,0,1,1,1,0,2,0,0,0,1,1,0,0,0,0,4,0.0424,0.0263,2,1,0
NCRB-SYNTH-102997,Trial Court,Sec 439 CrPC (Regular Bail),7,3,2,0,1,0,0,1,0,1,0.7016,1,34,0,0,0.0824,4,1.0792,140.29,42358.87,0.0173,1,1,1,1,0,1,1,0,0,1,1,0,0,0,1,2,0.0153,0.0139,2,1,0
NCRB-SYNTH-103008,Trial Court,Sec 439 CrPC (Regular Bail),1,2,1,0,1,0,0,1,0,0,0.4501,1,52,0,0,0.1473,7,1.2108,103.51,6586.54,0.0639,1,1,1,1,0,3,1,0,0,1,0,0,1,0,0,3,0.0658,0.0474,2,1,0
NCRB-SYNTH-103010,Trial Court,Writ Petition (Detention),1,5,1,0,1,0,0,1,1,0,0.8242,1,68,1,1,0.0879,9,1.1726,96.94,19269.07,0.0698,1,1,1,1,0,4,1,0,0,1,1,1,0,0,0,4,0.0878,0.0546,2,1,0
NCRB-SYNTH-103019,Trial Court,Writ Petition (Detention),7,3,2,0,1,0,0,1,0,0,0.4624,1,142,0,0,0.0929,8,1.3554,172.75,4560.15,0.1482,1,1,1,1,1,3,0,0,0,1,1,1,1,0,0,3,0.018,0.013,2,1,0
NCRB-SYNTH-103025,Trial Court,Writ Petition (Detention),1,3,2,0,1,1,0,1,0,0,0.6593,1,23,0,0,0.0,5,1.126,106.94,11281.37,0.0831,1,1,1,0,0,3,0,0,0,1,1,1,0,0,0,4,0.0392,0.0244,2,1,0
NCRB-SYNTH-103031,Trial Court,Writ Petition (Detention),1,1,1,0,1,1,0,1,0,0,0.6426,1,161,0,0,0.0973,1,1.2222,143.71,28786.7,0.0468,1,1,1,1,1,3,0,0,0,1,1,0,0,0,0,4,0.0546,0.0339,2,1,0
NCRB-SYNTH-103034,Trial Court,Sec 439 CrPC (Regular Bail),1,2,1,0,1,0,1,1,1,0,0.8478,1,27,0,0,0.042,1,1.228,156.69,42680.0,0.1067,1,1,1,1,0,2,1,0,0,1,1,1,0,0,0,4,0.063,0.0392,2,1,0
NCRB-SYNTH-103039,Trial Court,Writ Petition (Detention),1,5,2,1,1,0,1,1,0,1,0.7959,0,132,1,1,0.1798,1,1.348,164.57,34755.99,0.1355,1,0,1,1,1,5,1,0,0,1,1,1,0,0,0,4,0.0901,0.056,2,1,0
NCRB-SYNTH-103041,Trial Court,Sec 439 CrPC (Regular Bail),2,3,2,0,1,0,0,1,0,1,0.8608,1,121,0,0,0.0546,6,1.0923,107.42,26238.08,0.0215,1,0,1,0,0,4,1,0,0,1,1,1,1,0,0,3,0.0689,0.0497,0,1,0
NCRB-SYNTH-103043,Trial Court,Sec 482 CrPC (Quashing),1,5,2,0,1,0,0,1,0,1,0.4406,1,73,0,0,0.0328,7,1.035,162.8,22565.94,0.0996,1,1,0,1,1,3,1,0,0,1,1,0,1,0,0,4,0.0219,0.0136,2,1,0
NCRB-SYNTH-103058,Trial Court,Sec 482 CrPC (Quashing),2,2,1,0,1,0,1,1,1,1,0.5677,0,152,0,0,0.11,2,1.0,76.24,21430.29,0.0647,0,0,1,1,0,3,0,1,1,0,0,0,1,0,0,1,0.0977,0.141,2,1,0
NCRB-SYNTH-103059,Trial Court,Trial Judgment,15,4,1,1,1,0,1,1,0,0,0.8261,0,84,0,0,0.0814,2,1.1139,108.9,18280.2,0.0818,1,0,1,1,1,5,1,1,1,0,0,1,1,0,0,4,0.048,0.0298,2,1,1
NCRB-SYNTH-103062,Trial Court,Writ Petition (Detention),1,2,1,0,1,0,0,1,0,0,0.8106,1,87,0,0,0.1311,2,1.042,37.42,31194.13,0.1024,0,0,1,1,0,1,0,0,0,1,0,0,0,0,1,2,0.0899,0.0818,2,1,0
NCRB-SYNTH-103067,Trial Court,Sec 482 CrPC (Quashing),1,4,1,0,1,0,0,1,0,0,0.6981,1,159,1,1,0.0411,4,1.0795,124.94,10112.35,0.1734,1,0,1,1,1,2,0,1,1,0,0,1,0,0,0,4,0.05,0.031,2,1,1
NCRB-SYNTH-103078,Trial Court,Sec 482 CrPC (Quashing),21,4,1,0,1,0,0,1,0,1,0.6483,1,156,0,0,0.0,8,1.1678,31.47,14785.75,0.0083,1,0,1,1,0,4,1,0,0,1,1,0,0,0,1,3,0.0877,0.0632,2,1,0
NCRB-SYNTH-103079,High Court,Writ Petition (Detention),1,3,2,0,1,0,0,1,1,0,0.8901,1,27,1,1,0.1367,1,1.048,172.37,38297.56,0.0422,1,0,0,1,1,2,0,0,0,1,0,0,1,0,1,4,0.0541,0.0336,2,1,0
NCRB-SYNTH-103088,High Court,Sec 482 CrPC (Quashing),1,3,1,0,1,0,0,1,0,0,0.7092,0,138,0,0,0.0519,3,1.0548,126.57,10308.59,0.1761,1,1,0,1,1,1,1,0,0,1,0,1,0,1,0,4,0.0845,0.0525,2,1,0
NCRB-SYNTH-103095,Trial Court,Sec 482 CrPC (Quashing),4,2,2,0,1,0,0,1,0,1,0.5625,0,65,0,0,0.1625,7,1.3124,146.34,24066.5,0.1089,1,1,1,1,0,5,1,0,0,1,1,1,1,0,0,3,0.0217,0.0157,2,1,0
NCRB-SYNTH-103098,High Court,Sec 439 CrPC (Regular Bail),1,5,2,0,1,1,0,1,0,0,0.48,1,135,0,0,0.114,6,1.002,121.45,13693.01,0.1541,1,1,1,1,1,1,0,0,0,1,1,1,1,0,1,1,0.0185,0.0266,0,1,0
NCRB-SYNTH-103099,Trial Court,Sec 439 CrPC (Regular Bail),1,2,2,0,1,0,0,1,0,0,0.6703,1,126,1,1,0.1676,3,1.0578,112.43,44250.06,0.1731,1,0,1,1,1,5,1,0,0,1,1,1,0,1,1,2,0.0405,0.0368,2,1,0
NCRB-SYNTH-103101,High Court,Sec 439 CrPC (Regular Bail),1,2,1,0,1,0,0,1,1,1,0.5524,1,77,0,0,0.0919,6,1.0,36.23,28149.68,0.1686,1,0,1,1,1,2,1,1,1,0,0,0,0,0,0,1,0.0273,0.0395,2,0,0
NCRB-SYNTH-103108,Trial Court,Writ Petition (Detention),1,3,1,0,1,1,1,1,0,1,0.4857,1,101,1,1,0.0721,6,1.0935,108.61,33281.66,0.0728,1,1,1,1,0,2,1,0,0,1,1,0,0,0,0,2,0.0882,0.0803,2,1,0
NCRB-SYNTH-103114,Trial Court,Sec 439 CrPC (Regular Bail),1,3,2,0,1,0,0,1,1,0,0.8596,1,72,1,0,0.1403,9,1.0,152.88,4861.14,0.0554,1,0,1,1,1,2,0,1,1,0,1,1,0,0,0,1,0.0673,0.0972,2,0,1
NCRB-SYNTH-103115,Trial Court,Writ Petition (Detention),1,2,2,0,1,0,1,1,0,0,0.5991,0,84,0,0,0.0,9,1.1445,128.2,14572.67,0.1414,1,1,1,1,1,5,1,0,0,1,0,0,1,0,0,2,0.0637,0.058,0,1,0
NCRB-SYNTH-103118,Trial Court,Sec 439 CrPC (Regular Bail),4,2,2,0,1,0,0,1,0,1,0.9284,0,117,1,1,0.1105,6,1.1378,32.7,22511.08,0.1715,1,0,1,1,1,3,1,1,1,0,1,1,0,0,0,4,0.0529,0.0329,2,0,1
NCRB-SYNTH-103123,Trial Court,Sec 439 CrPC (Regular Bail),1,1,2,0,1,0,0,1,0,1,0.4757,1,139,1,0,0.1064,6,1.1074,84.18,41009.29,0.1426,1,1,1,0,0,3,1,0,0,1,1,0,0,0,0,2,0.0395,0.0359,2,1,0
NCRB-SYNTH-103128,High Court,Writ Petition (Detention),21,4,2,0,1,0,0,1,0,0,0.6718,1,161,0,0,0.1069,7,1.1293,155.03,8586.98,0.1384,1,0,1,1,1,2,0,1,1,0,0,0,0,0,0,4,0.0159,0.0099,2,0,1
NCRB-SYNTH-103140,Trial Court,Sec 439 CrPC (Regular Bail),2,2,2,0,1,1,1,1,1,1,0.7315,1,142,0,0,0.105,8,1.0744,159.89,25116.66,0.167,1,1,1,1,1,3,1,0,0,1,1,0,1,0,0,1,0.0417,0.0602,2,1,0
NCRB-SYNTH-103158,Trial Court,Trial Judgment,15,2,1,0,1,0,0,1,0,1,0.5671,1,62,0,0,0.0835,7,1.2121,154.09,25310.14,0.0873,1,0,1,1,0,3,1,1,1,0,1,1,0,1,0,1,0.0767,0.1106,2,0,0
NCRB-SYNTH-103162,Trial Court,Sec 439 CrPC (Regular Bail),1,2,2,0,1,1,0,1,0,1,0.5742,1,110,0,0,0.1405,5,1.1294,106.03,20755.87,0.0352,1,1,0,0,0,2,1,0,0,1,0,1,0,0,0,1,0.0409,0.059,2,1,0
NCRB-SYNTH-103165,Trial Court,Sec 482 CrPC (Quashing),1,2,2,0,1,0,0,1,0,0,0.9205,1,126,0,0,0.0158,3,1.0,163.2,25849.79,0.1109,1,1,1,1,1,5,0,0,0,1,1,1,1,0,0,3,0.0529,0.0382,2,1,0
NCRB-SYNTH-103168,Trial Court,Sec 439 CrPC (Regular Bail),2,3,2,0,1,0,1,1,0,1,0.4188,1,44,1,1,0.1001,2,1.2895,131.18,33624.17,0.1685,1,1,1,1,0,4,1,0,0,1,1,1,0,0,1,1,0.041,0.0592,2,1,0
NCRB-SYNTH-103173,Trial Court,Trial Judgment,21,3,1,0,1,0,0,1,0,0,0.7262,1,168,0,0,0.0683,7,1.0,32.44,35475.99,0.1063,1,1,0,1,1,2,1,0,0,1,0,0,0,0,0,1,0.0959,0.1384,2,1,0
NCRB-SYNTH-103174,Trial Court,Sec 482 CrPC (Quashing),7,2,1,0,1,1,0,1,0,0,0.7743,1,108,0,0,0.0989,9,1.1919,92.89,33882.85,0.1751,1,0,1,1,1,5,0,0,0,1,0,0,0,0,0,2,0.0423,0.0385,2,1,0
NCRB-SYNTH-103175,Trial Court,Sec 439 CrPC (Regular Bail),2,2,1,0,1,0,1,1,0,0,0.8752,1,92,0,1,0.1764,9,1.0,110.23,3941.12,0.1468,1,0,1,1,1,5,1,0,0,1,1,0,1,0,1,2,0.0833,0.0758,2,1,0
NCRB-SYNTH-103176,Trial Court,Writ Petition (Detention),15,2,2,0,1,1,1,1,1,1,0.5364,1,61,1,1,0.0924,1,1.0,139.65,18411.95,0.1812,1,1,0,1,1,4,1,0,0,1,0,1,0,0,0,2,0.093,0.0847,2,1,0
NCRB-SYNTH-103181,Trial Court,Writ Petition (Detention),45,4,2,0,1,0,1,1,0,0,0.7778,1,117,0,1,0.0857,4,1.2193,78.16,19408.36,0.1837,1,1,1,1,1,2,0,0,0,1,1,0,0,0,1,2,0.0335,0.0305,2,1,0
NCRB-SYNTH-103199,Trial Court,Sec 439 CrPC (Regular Bail),1,1,2,0,1,0,0,1,0,0,0.7159,1,42,1,0,0.026,6,1.1091,174.01,37046.38,0.1849,1,1,1,1,1,1,0,0,0,1,1,0,0,0,0,3,0.0969,0.0699,2,1,0
NCRB-SYNTH-103203,High Court,Sec 439 CrPC (Regular Bail),15,3,2,0,1,1,0,1,0,0,0.7294,1,39,0,0,0.0107,1,1.1066,159.11,34135.65,0.0731,1,1,0,0,0,1,1,0,0,1,1,0,1,0,0,3,0.0201,0.0145,2,1,0
NCRB-SYNTH-103211,Trial Court,Sec 439 CrPC (Regular Bail),1,1,1,0,1,0,0,1,0,0,0.8413,1,149,0,1,0.089,6,1.0363,96.15,29059.47,0.0908,0,1,0,1,1,3,1,0,0,1,1,1,1,0,1,4,0.0163,0.0101,2,1,0
NCRB-SYNTH-103213,Trial Court,Trial Judgment,1,3,1,0,1,0,1,1,0,1,0.6527,1,142,0,1,0.0623,5,1.1731,89.88,29433.75,0.0067,1,1,1,1,1,4,1,0,0,1,1,1,1,1,1,1,0.063,0.0909,2,1,0
NCRB-SYNTH-103216,Trial Court,Writ Petition (Detention),1,1,2,0,1,0,1,1,0,0,0.6586,1,128,0,1,0.0933,4,1.2181,167.69,40427.33,0.074,1,1,1,0,1,1,0,0,0,1,1,0,0,0,0,3,0.0541,0.039,2,1,0
NCRB-SYNTH-103217,Trial Court,Writ Petition (Detention),1,5,1,0,1,0,0,1,0,1,0.5224,1,114,1,1,0.1549,7,1.0703,131.21,29855.17,0.0807,1,1,1,1,1,1,1,0,0,1,1,0,1,0,0,4,0.0222,0.0138,2,1,0
NCRB-SYNTH-103218,Trial Court,Trial Judgment,1,4,1,0,1,1,1,1,0,1,0.5463,1,131,0,0,0.0626,3,1.1919,164.43,14012.8,0.1266,1,1,1,1,1,4,0,0,0,1,1,1,1,0,1,3,0.0153,0.011,2,1,0
NCRB-SYNTH-103222,Trial Court,Writ Petition (Detention),2,5,2,0,1,0,0,1,0,1,0.6421,1,169,0,0,0.0648,5,1.1617,130.23,39499.23,0.1962,1,1,1,0,0,2,0,0,0,1,1,0,0,0,1,1,0.0121,0.0175,2,1,0
NCRB-SYNTH-103223,Trial Court,Sec 439 CrPC (Regular Bail),4,1,1,0,1,1,0,1,0,0,0.523,1,22,0,0,0.0876,5,1.1911,65.39,9756.01,0.1394,0,1,1,1,0,3,1,0,0,1,1,0,0,0,0,3,0.0324,0.0234,2,1,0
NCRB-SYNTH-103224,Trial Court,Sec 439 CrPC (Regular Bail),2,1,2,0,1,0,1,1,0,1,0.6555,1,27,0,0,0.0,9,1.0857,135.77,42382.94,0.0124,1,1,0,1,0,3,0,0,0,1,0,1,0,1,0,1,0.0107,0.0154,2,1,0
NCRB-SYNTH-103225,Trial Court,Writ Petition (Detention),27,1,1,0,1,0,0,1,0,0,0.4529,0,163,1,1,0.1826,3,1.0501,161.8,11289.65,0.1133,1,1,1,0,1,2,0,0,0,1,1,1,0,1,0,4,0.0737,0.0458,2,1,0
NCRB-SYNTH-103229,Trial Court,Sec 482 CrPC (Quashing),2,2,2,0,1,1,1,1,0,0,0.4952,0,95,1,1,0.1426,7,1.0,65.25,27120.69,0.095,1,1,1,1,1,3,0,0,0,1,0,1,0,0,0,3,0.0355,0.0256,2,1,0
NCRB-SYNTH-103234,Trial Court,Sec 439 CrPC (Regular Bail),1,1,2,1,1,0,1,1,0,1,0.9513,1,14,0,0,0.0541,7,1.0622,78.14,38744.74,0.1896,1,0,1,1,1,6,1,1,1,0,1,0,0,0,1,2,0.0567,0.0516,2,0,1
NCRB-SYNTH-103246,Trial Court,Trial Judgment,45,2,2,0,1,0,1,1,0,0,0.831,1,115,0,0,0.0407,7,1.0,49.71,12894.02,0.0717,0,1,1,1,0,3,0,0,0,1,0,1,0,0,0,4,0.0398,0.0248,2,1,0
NCRB-SYNTH-103252,Trial Court,Sec 439 CrPC (Regular Bail),2,1,1,0,1,0,0,1,0,0,0.6321,1,132,0,0,0.0,7,1.068,163.42,31632.59,0.0559,1,1,0,1,0,1,1,0,0,1,1,1,1,0,0,2,0.0565,0.0515,2,1,0
NCRB-SYNTH-103254,Trial Court,Sec 439 CrPC (Regular Bail),1,5,1,0,1,0,0,1,0,0,0.725,1,80,0,0,0.0391,1,1.1969,101.83,22459.17,0.0204,1,1,1,1,0,1,0,0,0,1,1,0,0,0,0,3,0.0152,0.011,0,1,0
NCRB-SYNTH-103256,High Court,Sec 482 CrPC (Quashing),7,5,1,0,1,0,0,1,0,0,0.7373,1,130,0,0,0.0951,6,1.0,36.1,29857.0,0.0326,1,1,0,0,1,3,0,0,0,1,1,0,1,0,0,4,0.0794,0.0493,2,1,0
NCRB-SYNTH-103264,Trial Court,Sec 482 CrPC (Quashing),4,4,1,0,1,0,0,1,0,0,0.724,1,131,0,0,0.0442,9,1.2085,159.99,10651.05,0.1569,0,1,1,1,1,4,1,0,0,1,1,1,1,0,0,4,0.0117,0.0073,2,1,0
NCRB-SYNTH-103266,Trial Court,Writ Petition (Detention),1,2,2,1,1,0,0,1,0,0,0.4868,1,137,0,1,0.0854,9,1.0,94.93,11085.67,0.0585,1,1,0,1,1,2,1,0,0,1,1,0,1,0,0,3,0.0806,0.0581,2,1,0
NCRB-SYNTH-103272,Trial Court,Sec 482 CrPC (Quashing),1,3,1,0,1,0,1,1,0,0,0.3994,1,72,0,0,0.0606,1,1.1832,50.2,11201.37,0.1072,1,1,1,1,0,1,0,0,0,1,0,1,0,0,0,1,0.0784,0.1131,2,1,0
NCRB-SYNTH-103282,Trial Court,Writ Petition (Detention),2,5,1,0,1,0,1,1,1,0,0.9165,1,45,1,1,0.074,8,1.2439,59.32,17035.96,0.0325,1,0,1,0,0,1,0,1,1,0,1,1,1,1,0,1,0.0886,0.1278,2,0,1
NCRB-SYNTH-103286,Trial Court,Writ Petition (Detention),1,1,1,0,1,0,1,1,1,0,0.5285,1,24,0,0,0.0568,6,1.0675,52.23,26565.38,0.154,1,0,1,0,1,1,0,0,0,1,0,0,0,1,0,2,0.0876,0.0798,0,1,0
NCRB-SYNTH-103291,Trial Court,Sec 482 CrPC (Quashing),2,4,2,0,1,1,0,1,0,1,0.8872,1,175,0,0,0.1005,5,1.1409,55.54,11460.05,0.1397,1,0,1,1,0,1,1,1,1,0,0,1,1,0,0,1,0.0805,0.1162,2,0,1
NCRB-SYNTH-103296,Trial Court,Sec 482 CrPC (Quashing),1,4,1,0,1,1,0,1,0,1,0.9803,1,86,1,1,0.0544,9,1.2142,47.91,11648.04,0.0391,1,1,1,1,1,3,0,0,0,1,0,1,0,0,1,1,0.0902,0.1302,2,1,0
NCRB-SYNTH-103298,Trial Court,Writ Petition (Detention),4,2,2,0,1,0,0,1,0,0,0.9064,1,34,1,1,0.0793,1,1.0543,54.6,29146.34,0.0539,1,1,0,1,0,2,0,0,0,1,1,0,1,0,0,1,0.0313,0.0451,2,1,0
NCRB-SYNTH-103308,Trial Court,Sec 439 CrPC (Regular Bail),1,4,2,0,1,1,1,1,0,0,0.8006,1,52,0,0,0.0366,6,1.0,160.35,15122.17,0.1799,1,1,0,1,1,2,0,0,0,1,1,0,1,0,0,1,0.0504,0.0728,2,1,0
NCRB-SYNTH-103314,Trial Court,Sec 439 CrPC (Regular Bail),1,4,2,0,1,1,1,1,0,0,0.4716,1,155,0,0,0.0378,6,1.0974,86.26,18526.38,0.0145,1,0,1,1,0,2,1,0,0,1,1,1,0,0,0,2,0.0733,0.0667,2,1,0
NCRB-SYNTH-103318,Trial Court,Writ Petition (Detention),4,1,1,0,1,0,0,1,0,1,0.4847,1,47,0,0,0.0,6,1.0598,83.84,11843.2,0.1209,1,1,1,1,1,2,1,0,0,1,1,0,1,0,0,2,0.0564,0.0513,2,1,0
NCRB-SYNTH-103322,High Court,Trial Judgment,4,1,2,0,1,1,0,1,0,0,0.8371,1,34,1,1,0.0504,7,1.0526,48.99,39299.57,0.0846,1,0,1,1,0,3,1,1,1,0,1,0,0,0,0,3,0.0892,0.0644,2,0,1
NCRB-SYNTH-103329,Trial Court,Writ Petition (Detention),1,2,1,0,1,1,0,1,0,1,0.8507,1,50,0,0,0.0697,9,1.0613,58.07,18230.47,0.0381,1,1,0,1,0,2,0,0,0,1,1,0,0,0,0,4,0.0107,0.0066,2,1,0
NCRB-SYNTH-103333,High Court,Trial Judgment,45,3,2,1,1,0,0,1,0,0,0.7988,1,24,0,1,0.1251,1,1.1086,118.13,36312.44,0.1109,1,0,0,0,0,1,1,0,0,1,0,1,0,0,0,1,0.0323,0.0466,0,1,0
NCRB-SYNTH-103334,High Court,Writ Petition (Detention),1,5,1,0,1,1,0,1,0,0,0.4234,1,82,1,1,0.0144,2,1.205,59.06,33655.47,0.1175,1,1,1,1,0,5,0,0,0,1,1,0,1,1,0,3,0.03,0.0217,2,1,0
NCRB-SYNTH-103344,High Court,Trial Judgment,1,3,2,0,1,0,0,1,0,0,0.5473,1,60,0,0,0.0349,1,1.1989,88.28,5347.77,0.1991,1,1,0,1,0,1,1,0,0,1,1,0,1,0,0,3,0.088,0.0635,2,1,0
NCRB-SYNTH-103355,High Court,Writ Petition (Detention),1,1,2,0,1,0,1,1,0,1,0.8185,0,127,0,0,0.0848,7,1.301,72.98,9824.76,0.1268,1,1,1,1,1,3,0,0,0,1,1,1,0,0,0,2,0.0107,0.0097,2,1,0
NCRB-SYNTH-103356,Trial Court,Sec 439 CrPC (Regular Bail),7,2,2,0,1,1,0,1,0,0,0.6158,0,37,0,0,0.0739,2,1.0,31.61,44472.37,0.1293,1,1,1,1,1,3,0,0,0,1,1,0,1,0,0,3,0.0269,0.0194,2,1,0
NCRB-SYNTH-103369,Trial Court,Sec 482 CrPC (Quashing),1,2,1,0,1,0,1,1,0,0,0.6575,1,167,0,0,0.0621,8,1.0289,79.02,13887.94,0.0871,0,1,1,1,1,2,0,0,0,1,1,0,1,0,1,3,0.0356,0.0257,2,1,0
NCRB-SYNTH-103378,Trial Court,Sec 439 CrPC (Regular Bail),2,5,1,0,1,0,0,1,0,0,0.4987,1,91,1,1,0.1667,7,1.158,62.15,40658.91,0.1614,1,0,1,1,0,2,0,1,1,0,1,1,1,0,0,2,0.029,0.0264,2,1,0
NCRB-SYNTH-103379,Trial Court,Sec 482 CrPC (Quashing),4,4,2,0,1,0,0,1,0,0,0.7564,1,21,1,1,0.1005,7,1.2638,124.17,35296.22,0.1292,1,1,1,1,0,4,1,0,0,1,1,1,0,0,0,4,0.0364,0.0226,2,1,0
NCRB-SYNTH-103383,High Court,Writ Petition (Detention),1,3,2,0,1,0,0,1,0,0,0.912,1,64,0,0,0.0983,1,1.0,134.78,35559.39,0.1785,1,1,1,1,1,2,1,0,0,1,1,0,0,0,1,2,0.0794,0.0723,0,1,0
NCRB-SYNTH-103385,High Court,Sec 439 CrPC (Regular Bail),1,2,1,0,1,0,0,1,0,1,0.5106,1,141,1,1,0.1273,6,1.128,160.88,38810.07,0.0791,1,1,1,1,1,5,0,0,0,1,1,1,1,0,0,1,0.0647,0.0933,2,1,0
NCRB-SYNTH-103389,Trial Court,Writ Petition (Detention),2,4,2,0,1,0,0,1,0,1,0.8376,1,142,0,0,0.0706,9,1.0,141.66,29047.12,0.149,1,1,1,1,1,1,0,0,0,1,1,0,1,0,0,2,0.0261,0.0238,2,1,0
NCRB-SYNTH-103401,Trial Court,Trial Judgment,1,1,2,0,1,0,0,1,1,1,0.4118,1,86,0,0,0.1092,6,1.0557,179.97,28815.57,0.0595,1,1,1,1,1,3,1,0,0,1,1,1,1,0,0,2,0.0872,0.0794,2,1,0
NCRB-SYNTH-103402,Trial Court,Writ Petition (Detention),2,3,1,1,1,1,0,1,0,0,0.4834,1,91,0,1,0.1756,8,1.2623,68.53,33159.17,0.1492,1,1,1,1,0,2,0,0,0,1,1,0,0,0,1,1,0.0733,0.1058,2,1,0
NCRB-SYNTH-103410,Trial Court,Sec 482 CrPC (Quashing),7,3,1,0,1,0,0,1,0,1,0.8952,1,34,1,1,0.0437,4,1.1185,92.14,20289.74,0.1023,1,1,1,1,1,4,1,0,0,1,1,1,0,0,0,2,0.0863,0.0785,2,1,0
NCRB-SYNTH-103412,Trial Court,Sec 439 CrPC (Regular Bail),15,1,2,0,1,1,0,1,0,0,0.67,1,150,0,1,0.0491,1,1.0,148.71,44133.98,0.0888,1,1,1,1,1,1,0,0,0,1,1,0,1,0,0,3,0.0388,0.028,2,1,0
NCRB-SYNTH-103413,Trial Court,Sec 482 CrPC (Quashing),1,1,1,0,1,1,1,1,0,1,0.6803,1,162,0,0,0.071,4,1.0132,82.79,20667.21,0.1305,1,1,0,1,1,3,0,0,0,1,1,0,0,0,0,2,0.0684,0.0623,2,1,0
NCRB-SYNTH-103420,High Court,Writ Petition (Detention),2,4,2,0,1,0,0,1,0,0,0.6767,1,41,0,0,0.1039,7,1.0081,46.74,9841.98,0.1384,1,0,1,1,1,1,1,0,0,1,1,0,1,0,0,2,0.0812,0.0739,2,1,0
NCRB-SYNTH-103424,Trial Court,Sec 439 CrPC (Regular Bail),1,4,2,0,1,0,0,1,0,0,0.9235,1,69,0,1,0.0571,9,1.2312,144.08,31883.72,0.1513,1,0,0,1,1,2,0,0,0,1,1,0,1,1,1,4,0.0653,0.0406,2,1,0
NCRB-SYNTH-103450,High Court,Sec 439 CrPC (Regular Bail),2,2,2,0,1,0,0,1,0,1,0.8758,1,91,0,0,0.1304,2,1.0,129.94,21699.54,0.0343,1,0,1,1,0,2,1,1,1,0,1,1,1,0,0,1,0.0636,0.0918,2,0,1
NCRB-SYNTH-103456,Trial Court,Trial Judgment,1,2,1,0,1,0,0,1,0,0,0.6746,1,94,1,1,0.0465,6,1.2093,138.99,27721.7,0.0368,1,1,1,1,1,4,1,0,0,1,1,0,0,0,1,3,0.0532,0.0384,2,1,0
NCRB-SYNTH-103462,High Court,Sec 482 CrPC (Quashing),2,4,1,0,1,0,0,1,0,0,0.7665,1,150,0,0,0.1372,7,1.1718,118.19,9367.36,0.0994,1,1,1,1,1,1,1,0,0,1,1,0,0,0,1,2,0.0229,0.0208,2,1,0
NCRB-SYNTH-103465,Trial Court,Sec 439 CrPC (Regular Bail),2,5,1,0,1,0,1,1,0,1,0.8557,1,158,1,1,0.0268,8,1.0403,146.3,37035.27,0.1475,0,0,1,1,1,1,1,0,0,1,1,0,1,1,0,1,0.0966,0.1394,2,1,0
NCRB-SYNTH-103470,High Court,Sec 482 CrPC (Quashing),1,2,2,0,1,0,0,1,0,0,0.6565,1,127,0,0,0.0587,9,1.178,59.71,36671.61,0.0177,1,1,1,1,0,2,1,0,0,1,1,1,1,1,0,2,0.0196,0.0178,2,1,0
NCRB-SYNTH-103471,Trial Court,Sec 482 CrPC (Quashing),1,2,2,0,1,0,0,1,0,0,0.4609,1,148,1,1,0.1079,1,1.1882,104.69,30286.49,0.1159,1,1,1,1,1,5,0,0,0,1,1,0,0,0,0,4,0.0791,0.0491,2,1,0
NCRB-SYNTH-103481,Trial Court,Sec 439 CrPC (Regular Bail),1,2,2,0,1,0,1,1,0,0,0.568,1,95,0,0,0.0249,3,1.1639,65.97,13967.77,0.1216,1,0,0,1,0,2,0,1,1,0,1,0,1,0,0,2,0.0478,0.0435,2,1,0
NCRB-SYNTH-103488,Trial Court,Sec 482 CrPC (Quashing),1,1,1,0,1,1,1,1,0,0,0.6468,0,171,0,0,0.0848,3,1.0,125.34,18599.13,0.0287,1,1,1,1,0,4,0,0,0,1,0,0,1,0,0,3,0.0542,0.0391,2,1,0
NCRB-SYNTH-103489,High Court,Sec 482 CrPC (Quashing),1,4,2,0,1,0,1,1,0,1,0.7023,1,36,0,0,0.1158,1,1.1336,87.88,17931.88,0.0944,1,1,1,0,1,4,0,0,0,1,1,0,0,0,0,2,0.0325,0.0296,2,1,0
NCRB-SYNTH-103491,Trial Court,Sec 482 CrPC (Quashing),4,4,2,0,1,0,1,1,1,0,0.8432,1,24,1,1,0.1038,2,1.1943,109.43,33820.39,0.0558,1,0,1,1,0,4,0,0,0,1,1,0,0,0,0,4,0.0395,0.0245,2,1,0
NCRB-SYNTH-103499,Trial Court,Sec 439 CrPC (Regular Bail),1,1,1,0,1,0,0,1,0,1,0.6398,1,110,0,0,0.118,1,1.1612,99.95,43169.3,0.0995,1,0,0,1,1,1,0,1,1,0,1,0,0,0,1,4,0.0238,0.0148,2,1,0
NCRB-SYNTH-103504,Trial Court,Trial Judgment,4,1,1,0,1,1,0,1,0,1,0.8903,1,16,0,1,0.008,3,1.1575,103.83,24533.83,0.1487,0,1,1,1,1,1,0,0,0,1,1,0,0,0,0,3,0.0513,0.037,0,1,0
NCRB-SYNTH-103510,Trial Court,Sec 439 CrPC (Regular Bail),2,2,2,0,1,0,1,1,0,1,0.822,1,105,0,0,0.0,6,1.0,120.08,36056.29,0.0213,1,0,0,1,0,3,1,0,0,1,0,0,1,0,0,3,0.0257,0.0185,2,1,0
NCRB-SYNTH-103512,High Court,Sec 482 CrPC (Quashing),2,1,1,0,1,1,1,1,0,1,0.5107,1,144,1,1,0.0276,4,1.0,109.19,26564.67,0.1823,1,0,1,0,1,4,0,0,0,1,1,0,1,1,0,1,0.0847,0.1222,2,1,0
NCRB-SYNTH-103517,Trial Court,Sec 439 CrPC (Regular Bail),4,3,1,1,1,1,0,1,0,1,0.4463,1,19,1,1,0.0961,4,1.1626,130.67,5288.88,0.1138,1,1,1,1,1,2,1,0,0,1,0,1,0,0,1,2,0.0548,0.0498,2,1,0
NCRB-SYNTH-103519,Trial Court,Sec 439 CrPC (Regular Bail),2,2,2,0,1,0,1,1,1,1,0.4239,1,166,0,0,0.0873,4,1.0,100.47,3120.71,0.0589,1,1,1,1,1,2,0,0,0,1,1,0,0,0,0,1,0.0506,0.073,0,1,0
NCRB-SYNTH-103524,High Court,Writ Petition (Detention),1,1,2,0,1,0,1,1,0,1,0.9142,1,84,0,0,0.0348,7,1.1028,168.47,22258.75,0.0744,1,1,0,1,0,1,1,0,0,1,1,0,0,0,0,1,0.0513,0.0739,2,1,0
NCRB-SYNTH-103525,Trial Court,Writ Petition (Detention),27,2,2,0,1,0,1,1,0,0,0.6549,1,48,0,0,0.1605,4,1.0789,173.54,40770.9,0.0591,1,1,1,1,1,2,0,0,0,1,1,0,1,0,0,2,0.0781,0.071,0,1,0
NCRB-SYNTH-103526,High Court,Writ Petition (Detention),1,4,1,0,1,0,0,1,0,1,0.8784,1,158,0,0,0.063,5,1.1208,151.25,24155.83,0.0259,1,0,1,1,1,4,0,1,1,0,1,0,0,0,0,2,0.0174,0.0159,2,0,1
NCRB-SYNTH-103536,Trial Court,Sec 482 CrPC (Quashing),4,3,1,0,1,0,0,1,0,0,0.4522,1,40,0,0,0.1441,4,1.084,39.11,27838.01,0.0035,1,0,1,1,0,2,0,0,0,1,1,0,1,0,0,3,0.0211,0.0153,0,1,0
NCRB-SYNTH-103540,Trial Court,Sec 439 CrPC (Regular Bail),1,3,1,0,1,0,0,1,0,1,0.7543,1,76,0,0,0.0368,7,1.0815,70.25,31201.97,0.0429,1,1,1,1,1,1,0,0,0,1,1,0,0,0,0,4,0.0709,0.044,2,1,0
NCRB-SYNTH-103543,Trial Court,Sec 482 CrPC (Quashing),7,3,1,0,1,0,1,1,0,0,0.6567,0,163,1,1,0.0761,9,1.1901,145.5,15748.76,0.186,1,1,0,1,0,3,1,0,0,1,1,0,1,0,1,2,0.0628,0.0572,0,1,0
NCRB-SYNTH-103546,Trial Court,Sec 482 CrPC (Quashing),4,5,1,0,1,0,0,1,0,0,0.7902,1,45,0,1,0.1197,9,1.0,114.23,43500.35,0.0161,1,1,1,1,0,2,1,0,0,1,1,1,0,0,1,4,0.0114,0.0071,2,1,0
NCRB-SYNTH-103547,Trial Court,Trial Judgment,1,1,1,1,1,1,1,1,0,1,0.5798,0,164,0,0,0.1001,9,1.0364,156.56,5753.41,0.1746,0,1,0,1,1,4,0,0,0,1,1,1,0,0,1,2,0.0644,0.0587,2,1,0
NCRB-SYNTH-103552,Trial Court,Sec 439 CrPC (Regular Bail),1,1,1,0,1,1,1,1,0,0,0.7456,1,152,1,1,0.1071,3,1.0523,161.05,10206.25,0.0742,1,1,1,1,1,2,0,0,0,1,0,0,0,0,0,2,0.0478,0.0435,2,1,0
NCRB-SYNTH-103555,Trial Court,Sec 439 CrPC (Regular Bail),1,2,1,0,1,0,1,1,0,1,0.8029,1,177,1,1,0.0462,1,1.0109,148.05,39217.9,0.0911,0,1,1,1,1,3,0,0,0,1,0,1,0,0,0,3,0.0668,0.0482,2,1,0
NCRB-SYNTH-103559,Trial Court,Sec 482 CrPC (Quashing),15,5,2,0,1,0,1,1,0,1,0.8483,0,68,1,1,0.1292,4,1.0732,61.04,41458.06,0.0091,1,1,0,1,1,2,0,0,0,1,0,0,1,0,0,2,0.0474,0.0432,2,1,0
NCRB-SYNTH-103563,High Court,Writ Petition (Detention),21,1,1,0,1,0,1,1,0,0,0.8468,1,181,0,0,0.134,4,1.0391,78.64,5069.65,0.0687,1,1,1,1,1,2,1,0,0,1,1,0,0,0,0,1,0.0787,0.1136,0,1,0
NCRB-SYNTH-103577,Trial Court,Writ Petition (Detention),1,3,2,0,1,0,0,1,1,1,0.7764,0,60,0,0,0.0452,4,1.1185,84.73,29789.69,0.1045,1,1,1,1,1,2,0,0,0,1,1,0,1,0,0,1,0.0548,0.0791,2,1,0
NCRB-SYNTH-103589,Trial Court,Writ Petition (Detention),1,1,1,0,1,1,0,1,0,1,0.9052,1,66,0,0,0.1023,2,1.285,116.65,10077.71,0.0844,1,1,1,1,1,3,1,0,0,1,1,0,0,1,0,4,0.0803,0.0499,0,1,0
NCRB-SYNTH-103590,High Court,Sec 482 CrPC (Quashing),1,5,2,0,1,0,1,1,0,1,0.7942,1,37,0,0,0.1313,1,1.0,111.3,27946.37,0.0695,1,0,1,1,0,1,0,1,1,0,1,1,1,0,0,2,0.0769,0.07,0,1,1
NCRB-SYNTH-103592,Trial Court,Sec 439 CrPC (Regular Bail),4,2,1,0,1,0,1,1,0,0,0.4016,1,60,1,1,0.0654,8,1.1935,124.5,29055.57,0.1644,1,0,1,1,1,3,0,1,1,0,1,1,0,0,0,2,0.0326,0.0296,2,1,0
NCRB-SYNTH-103601,Trial Court,Writ Petition (Detention),7,5,1,0,1,0,0,1,0,0,0.8949,1,139,0,0,0.0751,2,1.1684,104.51,3047.97,0.151,1,0,1,1,1,3,1,1,1,0,1,1,1,0,0,1,0.0805,0.1162,2,0,1
NCRB-SYNTH-103603,High Court,Writ Petition (Detention),1,5,1,0,1,0,0,1,0,1,0.6262,1,31,1,1,0.0709,4,1.2111,167.17,29410.71,0.1599,1,1,1,0,1,3,1,0,0,1,1,1,1,0,0,3,0.0988,0.0712,2,1,0
NCRB-SYNTH-103606,High Court,Writ Petition (Detention),1,4,2,0,1,0,0,1,0,1,0.6204,0,101,1,1,0.1579,1,1.0659,70.98,31296.35,0.0764,1,1,1,1,1,3,0,0,0,1,0,1,0,0,1,1,0.0187,0.027,2,1,0
NCRB-SYNTH-103612,Trial Court,Sec 439 CrPC (Regular Bail),1,2,2,0,1,0,0,1,0,0,0.5211,1,88,1,1,0.0361,3,1.108,155.12,16621.25,0.0925,1,1,1,1,1,4,0,0,0,1,0,1,1,0,0,1,0.0809,0.1168,2,1,0
NCRB-SYNTH-103616,Trial Court,Sec 439 CrPC (Regular Bail),1,3,1,0,1,1,1,1,0,0,0.7462,0,46,0,0,0.0175,7,1.0924,112.06,26112.98,0.0763,0,0,1,1,0,3,0,1,1,0,1,0,0,0,0,4,0.0697,0.0433,2,0,1
NCRB-SYNTH-103620,Trial Court,Sec 439 CrPC (Regular Bail),7,2,1,0,1,0,1,1,0,0,0.7915,1,109,1,1,0.1601,7,1.1136,63.7,28240.62,0.1963,0,1,0,1,0,2,0,0,0,1,0,0,1,1,0,2,0.0984,0.0895,2,1,0
NCRB-SYNTH-103627,Trial Court,Sec 482 CrPC (Quashing),1,5,1,0,1,1,1,1,0,1,0.5093,1,58,1,1,0.1217,8,1.1413,91.3,19185.63,0.0676,1,1,0,1,1,4,0,0,0,1,0,1,0,0,0,3,0.0301,0.0217,2,1,0
NCRB-SYNTH-103632,Trial Court,Sec 482 CrPC (Quashing),1,1,2,0,1,0,0,1,1,1,0.7925,1,127,0,0,0.1371,4,1.0957,88.95,42519.81,0.0006,1,1,1,1,1,1,1,0,0,1,1,0,1,0,0,1,0.0134,0.0193,0,1,0
NCRB-SYNTH-103635,Trial Court,Writ Petition (Detention),7,5,1,0,1,0,1,1,0,1,0.7238,1,76,1,1,0.015,9,1.078,89.12,35765.16,0.0425,0,0,1,1,0,1,0,0,0,1,1,0,1,0,0,4,0.0407,0.0253,0,1,0
NCRB-SYNTH-103638,Trial Court,Writ Petition (Detention),2,1,1,0,1,0,0,1,0,1,0.5656,1,126,0,0,0.168,6,1.2405,85.55,3550.54,0.1688,1,0,0,1,1,3,0,1,1,0,0,0,0,0,0,4,0.0556,0.0345,2,0,0
NCRB-SYNTH-103646,Trial Court,Trial Judgment,1,1,1,0,1,0,0,1,0,0,0.8352,0,139,0,1,0.0607,3,1.2398,33.45,35757.13,0.1915,1,1,1,1,0,2,0,0,0,1,1,1,1,0,0,3,0.0319,0.023,2,1,0
NCRB-SYNTH-103654,Trial Court,Trial Judgment,15,4,1,0,1,0,1,1,1,1,0.7473,1,133,0,1,0.0933,9,1.0597,147.76,35315.88,0.1204,1,1,1,1,1,1,1,0,0,1,1,1,1,1,0,1,0.0308,0.0445,2,1,0
NCRB-SYNTH-103655,Trial Court,Sec 439 CrPC (Regular Bail),2,1,2,0,1,0,1,1,0,0,0.6676,1,140,0,0,0.0126,4,1.1212,119.05,15141.55,0.0747,1,1,0,1,1,1,0,0,0,1,1,0,1,1,1,2,0.0363,0.0331,2,1,0
NCRB-SYNTH-103663,Trial Court,Trial Judgment,1,2,1,0,1,0,1,1,0,0,0.4923,1,67,0,0,0.0418,8,1.0363,167.26,29768.97,0.1376,0,0,1,1,0,3,1,0,0,1,1,0,1,0,0,1,0.0593,0.0855,2,1,0
NCRB-SYNTH-103664,Trial Court,Sec 439 CrPC (Regular Bail),15,4,1,0,1,0,1,1,0,0,0.4454,1,21,0,0,0.0198,7,1.176,83.11,43877.15,0.1092,0,1,1,1,0,1,0,0,0,1,1,0,1,0,0,3,0.0315,0.0227,2,1,0
NCRB-SYNTH-103668,Trial Court,Writ Petition (Detention),1,5,1,1,1,0,0,1,0,1,0.7184,1,156,0,0,0.139,9,1.0055,119.43,15327.51,0.1279,1,1,1,1,0,1,0,0,0,1,1,0,1,0,0,1,0.0876,0.1264,2,1,0
NCRB-SYNTH-103669,Trial Court,Trial Judgment,2,3,2,0,1,0,1,1,0,0,0.47,1,123,0,0,0.0631,4,1.0125,35.19,16155.5,0.0988,1,1,1,1,1,4,0,0,0,1,1,1,0,0,0,4,0.0292,0.0181,2,1,0
NCRB-SYNTH-103672,Trial Court,Writ Petition (Detention),1,3,2,0,1,0,0,1,0,1,0.511,1,157,0,0,0.0687,1,1.1061,132.78,20712.8,0.0827,1,1,1,1,0,2,0,0,0,1,1,0,1,0,1,4,0.0192,0.0119,0,1,0
NCRB-SYNTH-103674,Trial Court,Sec 439 CrPC (Regular Bail),1,4,1,0,1,0,1,1,0,1,0.8562,1,165,0,0,0.1533,2,1.065,130.06,39888.16,0.0691,1,0,1,1,1,1,0,1,1,0,1,0,0,0,0,2,0.0403,0.0366,0,0,1
NCRB-SYNTH-103677,Trial Court,Sec 482 CrPC (Quashing),1,4,1,0,1,1,0,1,0,0,0.7063,1,67,0,0,0.0677,2,1.3853,168.87,3146.74,0.1763,1,1,1,1,0,2,0,0,0,1,1,1,1,0,0,2,0.0324,0.0295,2,1,0
NCRB-SYNTH-103682,Trial Court,Sec 482 CrPC (Quashing),1,2,1,0,1,1,0,1,0,1,0.5843,1,70,0,1,0.0789,4,1.2029,87.74,6159.24,0.0828,1,1,1,1,1,2,0,0,0,1,1,1,1,0,0,3,0.0154,0.0111,2,1,0
NCRB-SYNTH-103689,Trial Court,Sec 439 CrPC (Regular Bail),2,2,2,0,1,0,0,1,0,0,0.8308,1,125,0,0,0.0905,6,1.0,60.09,29525.54,0.0011,1,1,1,1,1,2,0,0,0,1,1,0,1,0,0,3,0.0815,0.0588,2,1,0
NCRB-SYNTH-103690,Trial Court,Sec 482 CrPC (Quashing),4,4,2,0,1,0,0,1,1,1,0.5652,1,151,0,0,0.1001,7,1.1887,81.91,8962.23,0.0552,1,1,1,1,0,2,0,0,0,1,1,1,1,0,1,3,0.0614,0.0443,2,1,0
NCRB-SYNTH-103696,Trial Court,Sec 482 CrPC (Quashing),1,2,1,0,1,0,0,1,0,0,0.7332,1,176,0,0,0.0,3,1.0,137.12,41876.08,0.1795,1,1,1,1,1,3,0,0,0,1,0,0,1,0,0,1,0.0127,0.0183,2,1,0
NCRB-SYNTH-103711,Trial Court,Sec 482 CrPC (Quashing),27,2,1,0,1,1,0,1,0,0,0.6328,1,128,0,0,0.0661,7,1.1117,81.89,13952.58,0.0364,1,1,1,1,1,1,0,0,0,1,0,1,1,0,0,4,0.0234,0.0145,2,1,0
NCRB-SYNTH-103718,Trial Court,Sec 482 CrPC (Quashing),1,3,2,0,1,1,0,1,0,0,0.6711,1,74,1,1,0.0643,1,1.0,93.11,12164.23,0.125,1,1,0,0,1,5,0,0,0,1,1,1,0,0,0,2,0.0662,0.0603,2,1,0
NCRB-SYNTH-103724,Trial Court,Trial Judgment,2,1,2,0,1,1,0,1,0,0,0.7375,1,158,0,0,0.0191,1,1.0,30.42,7925.52,0.1901,1,1,1,1,1,1,1,0,0,1,1,0,0,1,0,3,0.0719,0.0519,2,1,0
NCRB-SYNTH-103727,Trial Court,Sec 439 CrPC (Regular Bail),2,4,2,0,1,0,0,1,0,0,0.827,1,96,0,0,0.1207,1,1.0185,103.66,43864.42,0.1731,1,1,1,1,1,4,1,0,0,1,1,0,1,0,0,2,0.0832,0.0757,2,1,0
NCRB-SYNTH-103728,High Court,Sec 482 CrPC (Quashing),2,3,2,1,1,0,0,1,0,1,0.451,1,38,1,1,0.0358,4,1.2411,161.2,22030.97,0.0213,1,0,1,1,1,1,0,1,1,0,1,0,0,0,0,1,0.0187,0.0269,2,0,0
NCRB-SYNTH-103729,Trial Court,Writ Petition (Detention),2,4,1,0,1,0,0,1,0,0,0.8076,1,88,0,0,0.1092,3,1.2033,137.78,36696.23,0.0899,1,1,1,1,0,4,1,0,0,1,0,0,1,0,0,1,0.0371,0.0535,2,1,0
NCRB-SYNTH-103731,Trial Court,Sec 439 CrPC (Regular Bail),1,1,2,0,1,0,1,1,0,0,0.5992,1,162,0,0,0.0,4,1.3792,62.74,15439.34,0.112,0,1,1,1,0,4,1,0,0,1,1,0,0,0,0,4,0.0343,0.0213,2,1,0
NCRB-SYNTH-103744,High Court,Writ Petition (Detention),27,5,1,0,1,0,0,1,0,0,0.7637,1,176,0,0,0.1347,6,1.3944,75.45,13943.1,0.0356,1,1,1,0,1,3,0,0,0,1,1,0,1,1,0,2,0.0908,0.0827,2,1,0
NCRB-SYNTH-103745,High Court,Writ Petition (Detention),4,2,1,0,1,0,0,1,0,1,0.8612,1,162,0,0,0.1193,5,1.0387,97.31,41903.61,0.1207,1,1,1,0,0,3,0,0,0,1,0,0,1,0,0,3,0.0642,0.0463,2,1,0
NCRB-SYNTH-103756,Trial Court,Sec 482 CrPC (Quashing),7,2,1,0,1,0,0,1,0,0,0.8467,0,155,0,0,0.1336,9,1.0459,132.71,40752.98,0.0307,1,1,0,1,1,3,1,0,0,1,1,0,1,0,0,4,0.0477,0.0296,0,1,0
NCRB-SYNTH-103757,Trial Court,Trial Judgment,7,2,2,0,1,1,0,1,0,0,0.8468,0,104,1,1,0.0279,3,1.0274,92.72,27070.73,0.0183,1,1,1,1,1,2,0,0,0,1,1,0,0,0,0,4,0.0641,0.0398,2,1,0
NCRB-SYNTH-103761,Trial Court,Writ Petition (Detention),2,3,2,0,1,0,0,1,0,0,0.547,1,70,0,0,0.0507,4,1.0,34.17,37408.83,0.0197,1,1,1,0,1,1,1,0,0,1,1,0,1,0,0,1,0.0415,0.0599,2,1,0
NCRB-SYNTH-103769,Trial Court,Writ Petition (Detention),1,2,2,0,1,0,0,1,0,1,0.923,1,130,0,0,0.1291,7,1.0712,107.32,36579.85,0.1355,1,1,1,0,1,4,1,0,0,1,1,0,1,0,0,4,0.0278,0.0173,2,1,0
NCRB-SYNTH-103770,Trial Court,Sec 482 CrPC (Quashing),1,1,2,0,1,0,0,1,1,0,0.4724,1,92,0,1,0.0928,6,1.2018,175.5,20425.35,0.007,0,1,1,1,0,5,1,0,0,1,0,0,0,0,0,2,0.0478,0.0435,2,1,0
NCRB-SYNTH-103783,Trial Court,Sec 482 CrPC (Quashing),1,3,1,0,1,1,0,1,0,0,0.8754,1,175,0,0,0.0796,8,1.0,164.42,4829.78,0.1956,1,0,0,1,1,2,1,1,1,0,1,0,1,0,0,1,0.0713,0.1028,2,0,1
NCRB-SYNTH-103786,Trial Court,Sec 439 CrPC (Regular Bail),2,4,1,1,1,0,1,1,0,1,0.6204,1,89,1,1,0.0835,8,1.2208,148.37,40084.68,0.0588,0,1,1,1,1,2,1,0,0,1,0,1,1,0,0,2,0.0327,0.0298,2,1,0
NCRB-SYNTH-103789,Trial Court,Sec 482 CrPC (Quashing),7,2,1,0,1,0,0,1,0,1,0.9509,1,32,1,1,0.0344,5,1.0764,138.64,4827.68,0.0197,1,1,0,1,1,1,0,0,0,1,0,1,1,0,0,1,0.0596,0.086,2,1,0
NCRB-SYNTH-103792,Trial Court,Sec 482 CrPC (Quashing),4,5,1,0,1,0,1,1,0,0,0.6083,1,48,0,0,0.0788,8,1.0667,169.47,3201.96,0.0359,1,1,1,1,1,5,0,0,0,1,0,0,0,0,0,2,0.0461,0.042,2,1,0
NCRB-SYNTH-103795,High Court,Writ Petition (Detention),7,5,2,0,1,0,0,1,0,0,0.3937,1,132,0,0,0.0872,2,1.1444,94.21,37171.47,0.0428,1,1,1,1,0,5,0,0,0,1,0,0,1,0,0,3,0.0322,0.0233,2,1,0
NCRB-SYNTH-103798,Trial Court,Writ Petition (Detention),1,2,2,0,1,1,0,1,0,1,0.6662,1,38,0,0,0.0866,9,1.0586,49.74,19836.13,0.1921,1,0,1,0,1,1,0,1,1,0,1,1,1,1,0,3,0.0711,0.0513,2,1,1
NCRB-SYNTH-103799,Trial Court,Sec 439 CrPC (Regular Bail),1,4,1,0,1,0,0,1,0,0,0.8789,1,30,0,0,0.0492,8,1.2434,156.16,12145.5,0.0919,1,0,1,1,1,2,0,1,1,0,1,0,0,1,1,3,0.0773,0.0558,2,0,1
NCRB-SYNTH-103809,Trial Court,Trial Judgment,2,4,2,1,1,0,0,1,0,0,0.9038,0,76,1,1,0.0788,2,1.1307,171.51,15612.32,0.1151,1,1,1,1,0,1,0,0,0,1,1,0,0,1,0,4,0.0257,0.016,2,1,0
NCRB-SYNTH-103810,Trial Court,Writ Petition (Detention),2,1,1,0,1,0,0,1,0,1,0.6181,1,57,0,0,0.0315,1,1.0,107.45,9144.4,0.086,1,1,1,1,0,3,0,0,0,1,1,1,0,0,0,3,0.0893,0.0644,2,1,0
NCRB-SYNTH-103826,Trial Court,Writ Petition (Detention),21,2,1,0,1,0,0,1,0,1,0.8214,1,53,0,0,0.1523,7,1.3157,46.87,9909.22,0.0617,1,0,1,1,1,3,1,0,0,1,1,0,1,0,0,1,0.0137,0.0198,2,1,0
NCRB-SYNTH-103838,High Court,Writ Petition (Detention),1,4,1,0,1,1,0,1,0,0,0.7721,1,40,1,1,0.0,3,1.0458,128.84,39324.74,0.0118,1,1,1,1,1,3,0,0,0,1,1,1,0,0,1,3,0.0803,0.0579,2,1,0
NCRB-SYNTH-103842,High Court,Sec 439 CrPC (Regular Bail),2,2,1,0,1,0,0,1,0,0,0.7361,1,92,1,1,0.126,2,1.1588,56.6,11714.41,0.1702,0,0,1,1,1,2,0,0,0,1,1,1,1,0,1,4,0.0253,0.0157,2,1,0
NCRB-SYNTH-103845,Trial Court,Sec 439 CrPC (Regular Bail),1,5,2,0,1,1,0,1,0,0,0.452,0,135,1,1,0.1314,2,1.1303,55.78,11819.91,0.0505,1,0,1,1,1,2,1,0,0,1,0,1,0,0,0,1,0.0817,0.1179,2,1,0
NCRB-SYNTH-103850,Trial Court,Sec 482 CrPC (Quashing),4,3,2,0,1,0,0,1,0,1,0.8778,1,69,0,0,0.0691,7,1.1114,105.06,13100.19,0.1808,1,0,0,0,0,1,0,1,1,0,1,0,0,0,0,1,0.0417,0.0601,2,0,1
NCRB-SYNTH-103852,Trial Court,Sec 439 CrPC (Regular Bail),4,1,1,0,1,0,0,1,0,1,0.7036,1,131,1,1,0.1393,8,1.0,172.56,4728.93,0.0059,1,1,1,1,0,3,0,0,0,1,1,1,1,0,0,2,0.0456,0.0415,0,1,0
NCRB-SYNTH-103856,Trial Court,Sec 439 CrPC (Regular Bail),45,3,1,0,1,0,1,1,0,0,0.7318,1,168,1,1,0.0463,3,1.0382,102.43,31736.11,0.185,1,1,1,1,0,2,0,0,0,1,0,0,1,0,0,1,0.0533,0.0769,2,1,0
NCRB-SYNTH-103865,Trial Court,Trial Judgment,1,4,1,0,1,0,0,1,0,1,0.7863,1,136,1,1,0.1397,9,1.16,117.81,42310.99,0.1588,1,1,1,1,1,1,0,0,0,1,1,1,1,0,0,4,0.0975,0.0606,2,1,0
NCRB-SYNTH-103870,Trial Court,Writ Petition (Detention),1,4,2,0,1,0,0,1,0,0,0.5036,1,125,1,1,0.1123,6,1.1034,93.52,16929.14,0.0561,1,1,1,1,0,3,0,0,0,1,0,0,0,0,0,3,0.0211,0.0152,2,1,0
NCRB-SYNTH-103872,Trial Court,Writ Petition (Detention),4,5,1,0,1,0,1,1,0,0,0.8532,1,71,0,0,0.0775,8,1.0,84.64,18721.35,0.0855,1,1,1,1,1,2,0,0,0,1,0,1,1,0,0,4,0.0747,0.0464,2,1,0
NCRB-SYNTH-103873,Trial Court,Writ Petition (Detention),1,1,2,0,1,0,0,1,0,0,0.4198,1,168,0,0,0.1161,5,1.0517,162.94,3414.97,0.0613,0,1,1,1,1,1,0,0,0,1,1,0,1,0,0,1,0.0657,0.0948,2,1,0
NCRB-SYNTH-103875,Trial Court,Trial Judgment,1,2,1,0,1,0,1,1,1,0,0.3901,1,25,1,1,0.1339,9,1.0281,126.94,35044.37,0.1643,1,1,1,1,0,2,0,0,0,1,1,0,0,0,1,4,0.0345,0.0214,2,1,0
NCRB-SYNTH-103877,High Court,Sec 439 CrPC (Regular Bail),1,1,2,0,1,1,0,1,0,0,0.4037,1,113,1,1,0.0014,8,1.0,130.89,14883.05,0.1171,1,1,1,1,1,4,1,0,0,1,0,1,1,1,0,2,0.0527,0.048,2,1,0
NCRB-SYNTH-103897,Trial Court,Sec 439 CrPC (Regular Bail),4,5,2,0,1,0,1,1,0,1,0.9879,1,182,0,1,0.0588,9,1.0,104.14,21643.45,0.0166,1,1,0,1,1,2,0,0,0,1,0,0,1,0,0,2,0.0993,0.0903,2,1,0
NCRB-SYNTH-103911,Trial Court,Writ Petition (Detention),1,5,1,0,1,0,0,1,0,0,0.8991,1,35,1,1,0.0592,4,1.0619,76.15,4931.57,0.0861,0,0,1,1,1,5,0,1,1,0,1,0,0,0,0,1,0.0963,0.1389,2,0,1
NCRB-SYNTH-103913,Trial Court,Sec 482 CrPC (Quashing),7,4,1,0,1,0,1,1,0,1,0.527,0,41,1,1,0.0901,1,1.112,173.95,44471.5,0.1701,1,1,0,1,1,4,0,0,0,1,0,1,0,0,0,1,0.0607,0.0876,2,1,0
NCRB-SYNTH-103926,Trial Court,Sec 482 CrPC (Quashing),2,2,1,0,1,1,0,1,0,1,0.7234,1,148,1,0,0.0837,1,1.2471,177.52,42414.92,0.1982,1,1,1,1,1,1,0,0,0,1,1,1,0,0,0,2,0.0155,0.0141,2,1,0
NCRB-SYNTH-103930,Trial Court,Sec 439 CrPC (Regular Bail),2,5,1,0,1,0,1,1,0,1,0.4573,1,59,1,1,0.0256,2,1.1879,148.3,8208.43,0.1316,1,0,1,1,0,1,0,1,1,0,1,0,1,1,1,3,0.0909,0.0656,2,1,0
NCRB-SYNTH-103932,Trial Court,Sec 482 CrPC (Quashing),2,4,1,0,1,0,1,1,0,1,0.4763,1,137,1,1,0.0707,3,1.2267,59.69,33356.25,0.1773,1,0,1,1,0,1,1,0,0,1,0,1,0,0,0,2,0.0952,0.0866,2,1,0
NCRB-SYNTH-103938,High Court,Writ Petition (Detention),1,2,2,0,1,1,0,1,0,0,0.9434,1,154,0,0,0.1451,3,1.2576,40.49,12461.05,0.1433,1,0,1,1,1,3,0,1,1,0,0,0,0,0,0,3,0.0507,0.0366,2,1,1
NCRB-SYNTH-103939,Trial Court,Sec 439 CrPC (Regular Bail),1,3,1,0,1,1,0,1,0,0,0.855,1,122,0,1,0.0881,8,1.2185,84.39,26811.79,0.1378,1,0,1,1,1,3,0,1,1,0,1,1,1,0,0,4,0.0885,0.055,2,1,1
NCRB-SYNTH-103943,Trial Court,Sec 482 CrPC (Quashing),1,2,1,1,1,0,0,1,0,1,0.6146,1,108,0,0,0.0836,9,1.1823,150.5,36917.72,0.1776,1,1,1,1,0,2,0,0,0,1,1,1,1,0,1,4,0.0825,0.0513,2,1,0
NCRB-SYNTH-103945,Trial Court,Sec 482 CrPC (Quashing),1,4,1,1,1,0,1,1,0,1,0.5802,0,102,0,1,0.0185,6,1.2104,146.21,31853.1,0.0969,1,1,1,0,0,2,0,0,0,1,0,0,0,0,0,4,0.0985,0.0612,2,1,0
NCRB-SYNTH-103946,High Court,Writ Petition (Detention),4,5,1,0,1,1,1,1,0,0,0.8044,1,112,0,0,0.0826,4,1.1846,30.01,14196.69,0.0832,1,0,1,1,1,3,0,1,1,0,1,1,1,0,0,3,0.0889,0.0641,2,1,1
NCRB-SYNTH-103949,High Court,Sec 439 CrPC (Regular Bail),2,4,1,0,1,0,0,1,0,1,0.5263,1,117,1,1,0.1465,5,1.0671,84.98,8706.71,0.0785,1,0,1,1,0,2,0,1,1,0,1,0,0,0,1,3,0.0887,0.064,2,0,0
NCRB-SYNTH-103951,Trial Court,Sec 439 CrPC (Regular Bail),1,3,2,0,1,0,0,1,0,1,0.7318,1,184,1,0,0.0456,4,1.0,113.51,16304.71,0.1929,1,1,1,1,1,1,0,0,0,1,0,0,1,0,0,3,0.0956,0.069,0,1,0
NCRB-SYNTH-103954,Trial Court,Trial Judgment,27,1,2,0,1,0,0,1,0,1,0.6498,1,21,1,1,0.0732,4,1.2121,53.49,15882.05,0.102,1,1,1,1,0,1,0,0,0,1,0,1,0,1,1,2,0.0541,0.0493,2,1,0
NCRB-SYNTH-103959,Trial Court,Sec 482 CrPC (Quashing),7,1,1,1,1,0,1,1,0,0,0.7792,1,144,0,0,0.0764,2,1.0,30.45,6960.01,0.1133,1,0,0,1,1,2,0,1,1,0,0,0,1,0,0,2,0.0539,0.0491,2,0,1
NCRB-SYNTH-103960,Trial Court,Trial Judgment,4,4,1,0,1,1,0,1,0,1,0.7519,1,147,0,1,0.0718,2,1.0212,102.4,20349.3,0.1202,1,1,1,1,0,4,0,0,0,1,0,0,0,0,0,3,0.0218,0.0157,2,1,0
NCRB-SYNTH-103963,Trial Court,Trial Judgment,7,2,1,0,1,0,0,1,0,0,0.4344,1,151,0,0,0.106,5,1.0876,148.85,21436.04,0.12,1,0,0,1,0,1,1,1,1,0,1,1,0,0,0,2,0.0359,0.0327,2,0,0
NCRB-SYNTH-103965,Trial Court,Sec 439 CrPC (Regular Bail),1,3,2,0,1,0,0,1,0,1,0.9192,1,162,1,0,0.0804,9,1.0,132.95,25416.07,0.0648,1,0,1,1,0,3,0,1,1,0,1,1,0,1,0,3,0.0312,0.0225,0,0,1
NCRB-SYNTH-103968,Trial Court,Trial Judgment,2,1,1,0,1,0,1,1,0,0,0.7129,1,77,0,1,0.1066,3,1.0919,141.04,7958.89,0.1523,0,1,1,1,0,1,1,0,0,1,1,0,1,0,0,3,0.0884,0.0638,2,1,0
NCRB-SYNTH-103979,Trial Court,Sec 482 CrPC (Quashing),2,5,2,0,1,1,1,1,0,1,0.6305,1,30,0,0,0.0345,9,1.1574,66.47,20255.21,0.1408,0,1,1,0,1,1,0,0,0,1,1,1,1,0,0,1,0.0455,0.0656,2,1,0
NCRB-SYNTH-103987,Trial Court,Sec 482 CrPC (Quashing),2,5,1,0,1,0,1,1,0,1,0.8573,1,95,1,1,0.0271,3,1.0,166.43,31127.23,0.1267,0,0,1,1,1,3,0,0,0,1,1,1,1,0,0,1,0.0962,0.1387,2,1,0
NCRB-SYNTH-103991,High Court,Writ Petition (Detention),1,4,1,0,1,0,1,1,0,1,0.5155,1,131,0,0,0.065,9,1.1456,106.93,25707.75,0.173,1,1,1,1,0,5,1,0,0,1,1,1,1,0,0,1,0.0807,0.1164,2,1,0
NCRB-SYNTH-103994,Trial Court,Sec 439 CrPC (Regular Bail),4,4,1,0,1,1,0,1,0,1,0.8137,1,159,0,0,0.1927,5,1.1292,109.45,14424.44,0.0856,1,1,1,1,1,2,0,0,0,1,1,0,1,0,0,2,0.0417,0.038,0,1,0
NCRB-SYNTH-104000,Trial Court,Sec 439 CrPC (Regular Bail),1,3,1,0,1,0,0,1,0,0,0.6879,1,113,1,1,0.1231,7,1.0,76.19,39016.28,0.0035,1,1,1,1,1,1,0,0,0,1,0,0,0,0,0,2,0.0548,0.0499,2,1,0
NCRB-SYNTH-104004,Trial Court,Sec 439 CrPC (Regular Bail),2,5,1,0,1,0,1,1,0,1,0.4601,1,142,0,0,0.0379,9,1.0948,136.96,7140.25,0.0334,1,0,1,1,1,5,0,1,1,0,0,0,0,0,1,3,0.0732,0.0528,0,0,0
NCRB-SYNTH-104005,Trial Court,Writ Petition (Detention),1,3,1,1,1,0,0,1,0,0,0.8873,1,67,0,0,0.083,1,1.3313,140.21,41075.04,0.0982,1,1,1,0,1,3,0,0,0,1,1,0,1,0,0,3,0.0621,0.0448,2,1,0
NCRB-SYNTH-104010,Trial Court,Sec 482 CrPC (Quashing),2,2,2,0,1,1,1,1,0,0,0.5556,0,169,0,0,0.1008,7,1.0137,59.09,36628.72,0.0004,1,1,1,1,0,2,0,0,0,1,1,1,0,0,1,1,0.0227,0.0328,2,1,0
NCRB-SYNTH-104011,Trial Court,Writ Petition (Detention),2,4,2,0,1,0,1,1,0,0,0.5994,1,111,0,0,0.1016,7,1.2527,116.02,19450.0,0.1365,1,1,1,1,1,4,1,0,0,1,1,1,1,1,0,4,0.0431,0.0268,2,1,0
NCRB-SYNTH-104014,Trial Court,Sec 439 CrPC (Regular Bail),2,5,1,0,1,1,0,1,0,0,0.6368,1,61,1,0,0.087,4,1.1422,124.91,40134.75,0.008,1,1,1,1,1,3,1,0,0,1,1,0,1,0,0,1,0.0819,0.1181,2,1,0
NCRB-SYNTH-104028,Trial Court,Writ Petition (Detention),1,4,1,0,1,1,0,1,0,1,0.4966,1,144,0,0,0.1049,9,1.0,68.22,42701.12,0.1515,1,1,1,1,0,2,1,0,0,1,1,1,0,0,0,2,0.0423,0.0385,2,1,0
NCRB-SYNTH-104033,Trial Court,Trial Judgment,1,4,1,0,1,0,0,1,0,1,0.5087,0,167,0,0,0.0552,1,1.0938,67.65,39547.56,0.1603,1,0,1,1,1,2,0,0,0,1,1,0,0,1,1,1,0.0405,0.0585,2,1,0
NCRB-SYNTH-104035,Trial Court,Writ Petition (Detention),1,5,2,0,1,0,0,1,0,0,0.7604,1,39,1,1,0.0589,9,1.089,100.68,4900.52,0.1233,1,1,0,1,0,3,0,0,0,1,1,1,1,0,0,3,0.0917,0.0662,0,1,0
NCRB-SYNTH-104056,High Court,Sec 482 CrPC (Quashing),2,1,1,0,1,1,0,1,0,1,0.6657,1,170,0,0,0.006,9,1.1823,54.62,43061.69,0.0954,0,1,1,1,0,3,0,0,0,1,1,0,1,0,1,1,0.041,0.0592,2,1,0
NCRB-SYNTH-104058,Trial Court,Trial Judgment,7,3,2,0,1,0,0,1,0,0,0.7541,0,82,1,1,0.0997,3,1.0252,30.6,26708.12,0.1749,1,1,1,1,1,1,1,0,0,1,0,0,0,0,0,3,0.0208,0.015,2,1,0
NCRB-SYNTH-104066,Trial Court,Sec 482 CrPC (Quashing),4,2,2,0,1,0,0,1,0,1,0.4752,1,54,1,0,0.0865,1,1.2547,113.08,21391.76,0.198,1,0,1,1,1,3,0,1,1,0,1,1,1,0,1,1,0.0896,0.1293,2,0,0
NCRB-SYNTH-104067,Trial Court,Writ Petition (Detention),2,1,1,0,1,0,1,1,0,0,0.5141,1,72,0,0,0.0793,4,1.0457,75.79,12708.87,0.0826,1,1,1,1,0,2,0,0,0,1,1,0,1,0,0,3,0.0976,0.0704,2,1,0
NCRB-SYNTH-104086,High Court,Sec 482 CrPC (Quashing),1,3,1,0,1,0,0,1,0,0,0.6122,1,172,1,1,0.083,1,1.1418,89.81,13991.85,0.0428,1,1,0,1,1,3,1,0,0,1,1,1,1,0,0,1,0.0203,0.0292,0,1,0
NCRB-SYNTH-104087,Trial Court,Writ Petition (Detention),2,2,1,0,1,0,1,1,0,0,0.7777,1,166,0,0,0.0912,5,1.1886,158.25,34042.04,0.1904,1,1,0,1,0,1,0,0,0,1,0,0,0,1,0,4,0.052,0.0323,2,1,0
NCRB-SYNTH-104090,Trial Court,Trial Judgment,1,3,1,0,1,1,1,1,0,0,0.7136,1,49,0,0,0.0355,6,1.1281,102.86,32591.84,0.0991,1,0,0,1,1,1,0,1,1,0,0,1,0,0,0,4,0.0678,0.0421,2,0,1
NCRB-SYNTH-104097,High Court,Sec 439 CrPC (Regular Bail),4,1,1,0,1,0,0,1,0,0,0.7716,1,116,1,1,0.0888,8,1.0,37.44,35471.42,0.0289,1,1,0,1,1,2,0,0,0,1,1,1,1,0,0,2,0.099,0.0901,2,1,0
NCRB-SYNTH-104098,Trial Court,Sec 482 CrPC (Quashing),45,2,2,0,1,0,1,1,0,0,0.9085,1,35,0,1,0.0657,6,1.0,66.66,24850.76,0.0911,1,1,1,1,1,2,1,0,0,1,1,0,0,0,0,4,0.0458,0.0285,2,1,0
NCRB-SYNTH-104100,Trial Court,Sec 439 CrPC (Regular Bail),4,2,2,0,1,0,0,1,0,0,0.5117,0,142,0,0,0.0444,9,1.0,137.53,14442.15,0.1057,0,1,1,1,1,6,0,0,0,1,0,0,1,1,0,1,0.0631,0.0911,2,1,0
NCRB-SYNTH-104104,Trial Court,Writ Petition (Detention),27,3,1,0,1,1,0,1,1,1,0.7181,1,34,1,0,0.086,7,1.165,73.52,36589.64,0.1439,1,0,1,1,1,2,0,0,0,1,1,0,0,0,0,2,0.0552,0.0502,2,1,0
NCRB-SYNTH-104108,High Court,Sec 439 CrPC (Regular Bail),1,5,1,0,1,0,0,1,0,0,0.4955,1,61,0,0,0.1134,2,1.1093,137.62,18442.6,0.106,1,1,0,1,1,1,0,0,0,1,1,1,0,0,0,2,0.0942,0.0858,2,1,0
NCRB-SYNTH-104113,Trial Court,Trial Judgment,2,3,1,0,1,0,0,1,0,1,0.7377,1,101,0,0,0.19,1,1.0,60.66,37844.5,0.0999,1,1,0,1,1,1,1,0,0,1,0,1,0,0,0,4,0.0139,0.0086,2,1,0
NCRB-SYNTH-104114,Trial Court,Trial Judgment,1,4,2,0,1,1,0,1,0,1,0.5773,0,84,1,1,0.0548,6,1.0,47.87,26814.05,0.1945,0,1,1,0,0,2,0,0,0,1,1,0,1,0,0,4,0.0823,0.0512,2,1,0
NCRB-SYNTH-104119,Trial Court,Sec 482 CrPC (Quashing),2,1,1,0,1,0,0,1,0,0,0.8356,0,90,0,0,0.1361,3,1.1442,30.68,42565.61,0.0646,1,1,1,1,0,2,0,0,0,1,1,1,1,0,0,3,0.0712,0.0513,2,1,0
NCRB-SYNTH-104130,Trial Court,Sec 482 CrPC (Quashing),1,5,1,0,1,0,0,1,0,1,0.698,1,119,1,1,0.14,4,1.1194,107.0,5553.53,0.0437,1,0,1,1,1,4,1,0,0,1,1,0,1,0,0,4,0.0697,0.0433,2,1,0
NCRB-SYNTH-104136,Trial Court,Writ Petition (Detention),1,4,1,0,1,0,0,1,1,1,0.7588,0,78,0,0,0.0554,1,1.0113,148.77,14469.39,0.0696,1,1,1,1,1,3,1,0,0,1,0,1,1,0,1,2,0.0647,0.0589,2,1,0
NCRB-SYNTH-104142,Trial Court,Sec 439 CrPC (Regular Bail),1,2,2,0,1,0,1,1,1,1,0.4857,0,27,0,1,0.1552,9,1.2595,115.72,26058.05,0.054,1,1,1,1,0,1,0,0,0,1,1,0,1,0,1,4,0.0704,0.0437,2,1,0
NCRB-SYNTH-104143,Trial Court,Sec 439 CrPC (Regular Bail),2,3,2,0,1,0,0,1,1,0,0.6317,1,173,0,0,0.0901,5,1.0024,72.75,43907.8,0.1593,1,0,1,0,0,3,0,1,1,0,0,0,0,0,0,1,0.0444,0.0641,2,1,0
NCRB-SYNTH-104147,Trial Court,Sec 482 CrPC (Quashing),1,1,1,0,1,0,0,1,0,1,0.7704,1,59,0,0,0.0996,6,1.046,39.89,23507.58,0.1988,0,1,1,1,0,1,1,0,0,1,0,0,1,0,0,2,0.0215,0.0196,2,1,0
NCRB-SYNTH-104151,Trial Court,Trial Judgment,1,4,1,0,1,1,0,1,0,1,0.6681,1,25,0,0,0.137,1,1.0674,99.23,35066.05,0.1751,1,1,1,0,1,2,1,0,0,1,1,1,1,0,0,2,0.0405,0.0369,2,1,0
NCRB-SYNTH-104152,High Court,Writ Petition (Detention),2,4,1,0,1,0,1,1,0,1,0.8484,0,158,1,1,0.0602,8,1.0,140.01,40148.91,0.0609,1,0,1,1,1,2,0,1,1,0,0,1,0,0,0,3,0.055,0.0397,2,1,1
NCRB-SYNTH-104156,Trial Court,Writ Petition (Detention),1,1,2,0,1,0,0,1,0,1,0.8238,1,30,1,1,0.0316,4,1.113,112.8,9592.55,0.0557,1,1,1,1,1,3,1,0,0,1,1,1,0,1,0,2,0.0461,0.0419,2,1,0
NCRB-SYNTH-104162,High Court,Writ Petition (Detention),4,5,1,0,1,0,0,1,0,0,0.7969,0,89,0,0,0.0326,8,1.0,93.33,14462.65,0.1126,1,1,1,1,1,4,0,0,0,1,0,1,1,0,0,3,0.0972,0.0701,2,1,0
NCRB-SYNTH-104168,Trial Court,Writ Petition (Detention),4,5,2,0,1,0,1,1,0,0,0.4898,1,102,0,0,0.0521,7,1.0364,32.18,26236.44,0.0325,1,1,0,1,0,3,0,0,0,1,0,1,1,0,0,4,0.0448,0.0278,2,1,0
NCRB-SYNTH-104170,Trial Court,Writ Petition (Detention),2,3,2,0,1,0,1,1,0,1,0.5203,1,126,0,0,0.1482,9,1.0315,134.8,15296.42,0.0925,1,1,0,1,1,1,0,0,0,1,0,0,1,1,1,1,0.0302,0.0436,2,1,0
NCRB-SYNTH-104171,Trial Court,Sec 439 CrPC (Regular Bail),1,4,2,1,1,0,1,1,0,0,0.9016,1,20,0,0,0.1594,8,1.1629,173.1,38760.8,0.149,1,1,1,1,0,2,0,0,0,1,0,0,1,0,0,3,0.0151,0.0109,2,1,0
NCRB-SYNTH-104185,Trial Court,Sec 482 CrPC (Quashing),1,1,2,0,1,0,1,1,0,1,0.928,1,37,0,0,0.0715,1,1.101,159.75,9760.76,0.0912,0,1,1,1,1,3,1,0,0,1,1,0,1,0,1,1,0.0176,0.0254,2,1,0
NCRB-SYNTH-104187,High Court,Writ Petition (Detention),7,3,2,0,1,0,0,1,0,1,0.9151,1,98,1,1,0.0055,4,1.1759,166.61,37350.48,0.117,0,0,1,1,0,3,1,1,1,0,1,1,0,0,0,2,0.092,0.0838,2,0,1
NCRB-SYNTH-104196,High Court,Sec 439 CrPC (Regular Bail),1,5,1,0,1,0,1,1,0,0,0.4101,1,174,0,1,0.1109,4,1.0188,115.55,20431.81,0.1509,1,1,1,1,0,4,1,0,0,1,0,1,1,0,0,4,0.0716,0.0445,2,1,0
NCRB-SYNTH-104197,Trial Court,Writ Petition (Detention),1,2,1,1,1,0,1,1,0,0,0.4343,1,142,1,1,0.1413,8,1.0948,115.0,3908.55,0.1309,1,0,1,1,1,3,0,1,1,0,1,1,0,0,0,3,0.0427,0.0308,2,0,0
NCRB-SYNTH-104202,Trial Court,Sec 439 CrPC (Regular Bail),21,1,2,0,1,1,0,1,0,1,0.7091,0,121,0,0,0.0345,8,1.1115,102.97,33105.49,0.1251,1,0,1,1,1,2,1,1,1,0,1,0,0,0,0,2,0.0656,0.0597,2,0,1
NCRB-SYNTH-104203,Trial Court,Sec 482 CrPC (Quashing),4,5,1,0,1,0,1,1,0,0,0.8605,0,48,1,1,0.1109,3,1.1223,30.52,22380.98,0.1936,1,1,1,1,1,4,1,0,0,1,1,0,1,0,0,1,0.062,0.0894,2,1,0
NCRB-SYNTH-104205,Trial Court,Sec 439 CrPC (Regular Bail),1,1,1,0,1,0,0,1,1,0,0.6087,0,72,0,0,0.1873,6,1.0,120.29,41899.17,0.142,1,1,1,1,0,2,1,0,0,1,1,0,0,0,0,3,0.0536,0.0386,2,1,0
NCRB-SYNTH-104209,Trial Court,Trial Judgment,1,1,1,0,1,1,1,1,0,0,0.9417,1,57,0,0,0.1136,4,1.0908,155.46,32209.41,0.1781,1,0,1,1,1,5,0,1,1,0,1,0,1,0,0,2,0.0542,0.0493,0,0,1
NCRB-SYNTH-104210,Trial Court,Writ Petition (Detention),1,4,2,0,1,1,1,1,0,0,0.8442,1,129,0,0,0.1143,7,1.0425,59.79,19139.13,0.1052,0,1,0,1,0,3,1,0,0,1,1,0,0,0,1,4,0.0592,0.0368,2,1,0
NCRB-SYNTH-104211,Trial Court,Sec 439 CrPC (Regular Bail),2,3,2,0,1,0,0,1,0,1,0.5427,1,90,0,0,0.1246,8,1.2571,133.58,40434.96,0.1203,1,1,0,1,0,1,0,0,0,1,1,0,1,1,0,3,0.0881,0.0636,2,1,0
NCRB-SYNTH-104217,Trial Court,Trial Judgment,1,5,2,1,1,0,0,1,0,1,0.9205,1,46,0,0,0.069,3,1.0,155.04,9633.77,0.1491,1,0,0,1,0,4,0,1,1,0,1,0,1,0,0,4,0.0494,0.0307,2,0,1
NCRB-SYNTH-104230,High Court,Sec 439 CrPC (Regular Bail),1,1,2,0,1,0,0,1,0,1,0.6404,1,146,0,0,0.1173,5,1.0338,123.66,35473.74,0.0712,1,1,1,1,1,2,0,0,0,1,1,0,1,0,0,1,0.0837,0.1208,2,1,0
NCRB-SYNTH-104235,High Court,Sec 482 CrPC (Quashing),2,1,2,0,1,0,0,1,0,0,0.8555,1,67,0,0,0.0295,3,1.0207,82.51,23081.4,0.0529,0,1,1,1,1,1,0,0,0,1,0,0,0,1,1,4,0.0217,0.0135,0,1,0
NCRB-SYNTH-104237,Trial Court,Sec 482 CrPC (Quashing),4,1,2,0,1,0,0,1,0,0,0.5357,1,129,1,1,0.1305,5,1.2667,46.49,28672.5,0.0829,1,1,1,1,1,3,0,0,0,1,1,1,1,1,0,2,0.0583,0.0531,2,1,0
NCRB-SYNTH-104248,High Court,Sec 439 CrPC (Regular Bail),2,5,1,0,1,0,0,1,0,0,0.9134,1,135,0,0,0.0172,9,1.0,174.01,3388.34,0.0417,1,0,1,1,1,2,0,1,1,0,1,1,1,0,1,2,0.0914,0.0832,2,1,1
NCRB-SYNTH-104252,Trial Court,Trial Judgment,1,2,1,0,1,0,1,1,0,0,0.913,0,24,0,0,0.1531,4,1.1977,83.69,30948.03,0.0389,1,1,1,1,0,2,1,0,0,1,0,0,1,0,1,4,0.0219,0.0136,0,1,0
NCRB-SYNTH-104255,Trial Court,Writ Petition (Detention),1,3,2,0,1,1,0,1,0,0,0.6771,0,105,0,0,0.0,5,1.1823,153.5,32904.43,0.1942,1,1,1,1,1,1,0,0,0,1,1,0,1,0,0,2,0.066,0.0601,2,1,0
NCRB-SYNTH-104261,Trial Court,Writ Petition (Detention),1,4,2,0,1,0,0,1,0,0,0.464,1,35,1,1,0.098,5,1.1244,159.78,12358.82,0.0779,1,0,1,1,0,1,0,0,0,1,1,1,1,0,0,3,0.0795,0.0573,2,1,0
NCRB-SYNTH-104268,Trial Court,Sec 482 CrPC (Quashing),1,1,2,0,1,0,1,1,0,0,0.9071,1,129,1,1,0.0426,6,1.0473,169.98,25189.56,0.0863,1,1,1,1,1,2,0,0,0,1,1,1,1,0,1,3,0.0641,0.0462,2,1,0
NCRB-SYNTH-104273,Trial Court,Writ Petition (Detention),1,4,2,0,1,0,0,1,0,0,0.525,1,137,0,0,0.1007,4,1.0,122.89,18231.65,0.0807,1,0,0,0,1,2,1,1,1,0,1,1,1,0,0,2,0.0932,0.0848,2,0,0
NCRB-SYNTH-104279,High Court,Sec 482 CrPC (Quashing),4,5,2,0,1,0,0,1,0,1,0.531,1,128,0,1,0.0954,3,1.0,38.29,40166.26,0.0156,1,0,0,1,1,3,0,1,1,0,1,0,1,0,1,2,0.0963,0.0876,2,0,0
NCRB-SYNTH-104281,High Court,Writ Petition (Detention),1,5,2,0,1,0,1,1,0,0,0.8026,1,45,1,1,0.0661,3,1.0725,41.75,18975.87,0.1675,1,1,0,0,0,2,0,0,0,1,1,0,0,1,1,3,0.0601,0.0433,2,1,0
NCRB-SYNTH-104284,Trial Court,Writ Petition (Detention),1,1,1,0,1,0,0,1,1,0,0.5208,1,29,1,1,0.05,4,1.0864,178.18,7345.56,0.1881,0,1,0,0,1,3,1,0,0,1,1,1,1,0,0,4,0.0302,0.0188,2,1,0
NCRB-SYNTH-104292,Trial Court,Writ Petition (Detention),1,2,2,0,1,1,0,1,0,1,0.8317,1,154,0,1,0.0,7,1.0131,146.29,36943.32,0.0082,1,1,1,1,1,1,0,0,0,1,1,0,1,1,0,2,0.0852,0.0775,2,1,0
NCRB-SYNTH-104297,Trial Court,Trial Judgment,2,4,1,0,1,0,1,1,0,0,0.6147,1,147,0,0,0.0699,2,1.2614,108.49,36881.89,0.1973,1,1,0,0,0,1,0,0,0,1,0,1,0,0,0,3,0.0349,0.0252,2,1,0
NCRB-SYNTH-104298,Trial Court,Writ Petition (Detention),7,2,1,0,1,1,0,1,0,1,0.6823,1,149,0,0,0.064,9,1.0009,125.38,33964.33,0.1551,1,1,0,1,1,5,0,0,0,1,0,0,0,0,0,3,0.0732,0.0528,2,1,0
NCRB-SYNTH-104301,Trial Court,Writ Petition (Detention),1,5,2,0,1,1,0,1,0,0,0.8591,1,124,0,1,0.0494,7,1.1045,148.43,26526.13,0.0136,1,0,1,1,1,5,0,1,1,0,1,1,1,1,0,4,0.0396,0.0246,2,1,1
NCRB-SYNTH-104306,Trial Court,Writ Petition (Detention),2,4,1,0,1,1,1,1,0,0,0.4914,1,44,1,1,0.0735,1,1.0773,161.15,38887.52,0.0879,1,1,1,1,1,3,1,0,0,1,1,1,1,0,1,2,0.0826,0.0752,2,1,0
NCRB-SYNTH-104313,Trial Court,Trial Judgment,1,2,2,0,1,0,0,1,0,0,0.5273,1,159,1,1,0.0783,8,1.0322,67.23,17341.34,0.0503,1,1,1,0,0,2,0,0,0,1,1,1,1,0,0,2,0.0705,0.0642,0,1,0
NCRB-SYNTH-104316,Trial Court,Sec 439 CrPC (Regular Bail),7,1,2,1,1,0,0,1,0,1,0.4449,1,154,0,0,0.1149,6,1.0517,172.78,7742.02,0.118,1,1,1,1,1,3,1,0,0,1,1,1,1,0,0,4,0.0738,0.0459,2,1,0
NCRB-SYNTH-104318,Trial Court,Sec 439 CrPC (Regular Bail),1,2,1,0,1,0,1,1,0,0,0.9773,1,105,0,1,0.0149,6,1.1455,162.95,27173.55,0.0185,1,0,0,1,0,2,1,0,0,1,1,0,0,0,0,4,0.0325,0.0202,2,1,0
NCRB-SYNTH-104327,Trial Court,Writ Petition (Detention),1,3,2,0,1,1,0,1,0,0,0.5496,1,34,1,1,0.1606,8,1.0,107.42,41764.95,0.1529,1,1,1,1,1,2,1,0,0,1,1,1,1,0,0,1,0.0829,0.1196,2,1,0
NCRB-SYNTH-104329,Trial Court,Sec 439 CrPC (Regular Bail),2,1,2,0,1,0,0,1,0,1,0.8523,1,87,0,0,0.0848,7,1.1846,157.67,4360.01,0.1624,1,1,1,1,1,2,0,0,0,1,1,0,0,0,0,2,0.0811,0.0738,2,1,0
NCRB-SYNTH-104332,Trial Court,Sec 482 CrPC (Quashing),45,5,2,0,1,1,0,1,0,0,0.8417,1,68,1,0,0.0421,5,1.0,49.88,11959.32,0.1112,1,1,1,0,1,1,1,0,0,1,1,0,0,0,0,4,0.0178,0.011,2,1,0
NCRB-SYNTH-104336,Trial Court,Sec 482 CrPC (Quashing),2,1,2,0,1,1,0,1,0,1,0.6431,0,143,0,1,0.0358,2,1.0,45.11,44224.63,0.1471,1,1,1,1,0,2,0,0,0,1,0,1,0,0,0,4,0.0352,0.0219,2,1,0
NCRB-SYNTH-104342,Trial Court,Sec 439 CrPC (Regular Bail),1,5,1,1,1,0,0,1,0,0,0.7073,1,126,1,1,0.0524,4,1.0899,98.23,17330.64,0.1023,1,1,1,1,0,2,0,0,0,1,1,1,0,0,0,2,0.0116,0.0105,2,1,0
NCRB-SYNTH-104360,Trial Court,Sec 439 CrPC (Regular Bail),4,2,1,0,1,0,0,1,0,0,0.6928,0,71,0,0,0.0957,1,1.1123,153.78,39366.85,0.0583,1,1,1,1,0,1,1,0,0,1,1,0,0,0,1,1,0.0331,0.0478,2,1,0
NCRB-SYNTH-104361,High Court,Sec 439 CrPC (Regular Bail),1,3,1,0,1,1,1,1,0,1,0.9291,1,50,0,0,0.0664,3,1.2422,55.51,20177.68,0.1397,1,1,1,1,0,2,0,0,0,1,0,0,0,0,0,3,0.0705,0.0509,2,1,0
NCRB-SYNTH-104367,Trial Court,Trial Judgment,2,1,1,0,1,0,0,1,0,0,0.5042,0,30,0,0,0.1524,6,1.0501,174.7,35098.64,0.1963,1,0,1,1,0,1,1,0,0,1,1,0,0,1,1,2,0.0865,0.0787,0,1,0
NCRB-SYNTH-104369,Trial Court,Trial Judgment,1,1,1,0,1,0,0,1,0,1,0.5619,1,124,0,0,0.1558,5,1.0,83.4,33853.58,0.074,1,1,1,1,1,2,0,0,0,1,1,0,0,0,0,3,0.0131,0.0094,2,1,0
NCRB-SYNTH-104370,Trial Court,Writ Petition (Detention),1,4,1,1,1,0,0,1,1,0,0.6519,1,103,0,0,0.0719,3,1.1834,86.06,39821.41,0.1165,1,0,1,1,0,7,0,0,0,1,1,1,1,1,1,4,0.0702,0.0436,2,1,0
NCRB-SYNTH-104373,Trial Court,Sec 482 CrPC (Quashing),1,4,2,0,1,1,1,1,0,0,0.5353,1,31,0,0,0.1191,5,1.0624,112.37,36529.3,0.1965,0,1,1,1,1,2,0,0,0,1,0,1,0,0,0,2,0.0881,0.0802,0,1,0
NCRB-SYNTH-104379,Trial Court,Writ Petition (Detention),1,2,2,0,1,0,0,1,0,1,0.742,1,131,0,0,0.1385,8,1.2074,50.08,22618.18,0.1075,1,1,1,0,0,2,0,0,0,1,0,0,0,1,0,4,0.0459,0.0285,2,1,0
NCRB-SYNTH-104381,Trial Court,Trial Judgment,1,5,2,0,1,0,1,1,0,0,0.8972,1,172,0,1,0.0981,5,1.0675,165.27,33461.73,0.171,1,1,1,1,1,3,1,0,0,1,1,0,0,1,0,1,0.034,0.0491,2,1,0
NCRB-SYNTH-104382,High Court,Writ Petition (Detention),1,1,2,0,1,0,1,1,0,0,0.8533,1,167,0,0,0.1235,5,1.1477,148.51,28180.51,0.1498,1,1,1,1,1,2,0,0,0,1,0,0,1,0,0,1,0.0183,0.0263,0,1,0
NCRB-SYNTH-104388,Trial Court,Trial Judgment,2,5,1,0,1,0,0,1,0,1,0.6946,0,103,0,0,0.0667,3,1.0451,39.48,11275.17,0.029,1,0,1,1,0,2,1,1,1,0,1,0,1,0,0,2,0.0629,0.0573,2,1,1
NCRB-SYNTH-104389,Trial Court,Sec 482 CrPC (Quashing),1,3,2,0,1,0,0,1,0,1,0.6685,1,33,1,1,0.0849,5,1.1147,152.45,40190.43,0.0218,1,0,0,0,0,4,0,0,0,1,1,1,1,0,0,1,0.0219,0.0316,2,1,0
NCRB-SYNTH-104390,Trial Court,Sec 482 CrPC (Quashing),15,4,2,0,1,1,1,1,0,0,0.6281,1,120,0,1,0.1455,6,1.0455,74.78,23685.4,0.0016,1,1,1,1,1,3,0,0,0,1,0,0,0,0,0,4,0.0654,0.0407,2,1,0
NCRB-SYNTH-104391,Trial Court,Writ Petition (Detention),1,1,1,1,1,0,1,1,0,0,0.654,0,75,0,0,0.05,8,1.1869,70.94,18586.66,0.1745,0,1,1,1,1,2,0,0,0,1,1,1,1,0,0,4,0.0624,0.0388,2,1,0
NCRB-SYNTH-104394,Trial Court,Sec 482 CrPC (Quashing),2,4,1,0,1,1,1,1,1,0,0.7046,1,67,1,1,0.0806,3,1.0022,133.16,6765.89,0.0984,1,1,1,1,0,2,1,0,0,1,1,1,1,1,0,3,0.0947,0.0683,2,1,0
NCRB-SYNTH-104398,Trial Court,Trial Judgment,2,3,1,0,1,0,0,1,1,0,0.8823,1,45,0,0,0.0691,9,1.2194,52.96,34116.76,0.0871,1,1,1,1,0,5,0,0,0,1,1,1,1,1,0,1,0.0365,0.0526,2,1,0
NCRB-SYNTH-104399,High Court,Writ Petition (Detention),1,2,1,0,1,0,0,1,0,0,0.9461,0,32,0,0,0.0161,4,1.0021,33.69,5287.22,0.0216,1,1,1,1,1,2,1,0,0,1,0,0,0,0,1,3,0.0812,0.0586,0,1,0
NCRB-SYNTH-104400,Trial Court,Sec 482 CrPC (Quashing),1,5,2,0,1,1,1,1,0,0,0.5212,1,175,1,1,0.0125,1,1.0,74.28,13691.0,0.1,1,1,1,1,1,4,0,0,0,1,0,1,0,0,0,1,0.036,0.052,2,1,0
NCRB-SYNTH-104401,High Court,Writ Petition (Detention),7,4,1,0,1,0,0,1,0,0,0.5147,1,127,0,1,0.0479,3,1.0765,143.49,6106.45,0.1871,1,0,0,1,0,4,1,0,0,1,0,1,0,0,0,3,0.0816,0.0589,2,1,0
NCRB-SYNTH-104408,Trial Court,Sec 482 CrPC (Quashing),2,4,2,0,1,0,0,1,0,1,0.676,1,45,1,1,0.0592,3,1.197,49.25,23419.77,0.1527,1,1,1,1,0,2,0,0,0,1,0,0,1,1,0,4,0.0415,0.0258,0,1,0
NCRB-SYNTH-104411,Trial Court,Writ Petition (Detention),15,4,2,0,1,0,0,1,0,0,0.6505,1,73,1,1,0.0189,1,1.0517,130.57,40452.38,0.011,1,1,1,1,1,2,0,0,0,1,0,0,1,0,1,4,0.0988,0.0614,2,1,0
NCRB-SYNTH-104412,Trial Court,Sec 482 CrPC (Quashing),1,4,1,0,1,0,0,1,0,0,0.6853,1,51,0,1,0.1041,4,1.2582,49.77,13570.32,0.1463,1,1,1,1,0,2,0,0,0,1,1,0,0,0,0,4,0.0412,0.0256,2,1,0
NCRB-SYNTH-104418,Trial Court,Trial Judgment,1,1,1,0,1,0,0,1,0,0,0.8868,1,138,1,1,0.1004,2,1.3139,91.86,15715.89,0.1095,1,0,1,0,1,1,1,0,0,1,1,1,1,0,0,1,0.0943,0.136,0,1,0
NCRB-SYNTH-104420,High Court,Sec 482 CrPC (Quashing),1,5,2,1,1,0,1,1,0,0,0.4033,1,161,1,1,0.0865,5,1.0834,62.68,35358.1,0.1974,1,1,1,1,1,4,0,0,0,1,1,0,1,0,0,2,0.0596,0.0542,0,1,0
NCRB-SYNTH-104421,Trial Court,Sec 482 CrPC (Quashing),1,4,1,0,1,1,0,1,0,0,0.45,1,145,0,0,0.0473,2,1.042,156.1,36166.55,0.0099,1,0,1,0,1,2,0,1,1,0,1,0,0,0,0,4,0.0901,0.056,2,1,0
NCRB-SYNTH-104428,Trial Court,Sec 439 CrPC (Regular Bail),2,2,2,0,1,0,0,1,1,0,0.7336,0,37,0,1,0.1356,6,1.2408,114.24,3898.2,0.1339,1,0,1,1,0,3,0,1,1,0,1,0,1,0,0,4,0.059,0.0367,0,1,1
NCRB-SYNTH-104429,High Court,Writ Petition (Detention),1,3,1,0,1,0,0,1,0,1,0.6901,1,152,1,1,0.0,1,1.1287,77.3,13108.49,0.1391,1,0,0,1,0,2,0,1,1,0,1,1,0,1,1,1,0.012,0.0173,2,1,1
NCRB-SYNTH-104435,High Court,Sec 482 CrPC (Quashing),1,3,1,0,1,0,0,1,1,0,0.6331,1,29,0,0,0.0065,9,1.053,118.55,24370.03,0.1355,1,1,1,1,1,1,1,0,0,1,1,0,0,0,0,2,0.0867,0.0789,0,1,0
NCRB-SYNTH-104447,Trial Court,Sec 439 CrPC (Regular Bail),2,5,2,0,1,0,0,1,0,0,0.7745,1,72,0,0,0.0458,4,1.009,131.44,8667.03,0.0084,1,1,1,1,0,2,1,0,0,1,1,0,1,0,1,2,0.0581,0.0529,2,1,0
NCRB-SYNTH-104456,High Court,Writ Petition (Detention),7,5,1,0,1,1,1,1,0,0,0.6638,1,156,0,0,0.1219,7,1.3272,99.67,26266.74,0.0514,1,1,1,1,1,4,0,0,0,1,1,0,1,0,1,2,0.0472,0.043,2,1,0
NCRB-SYNTH-104458,Trial Court,Sec 439 CrPC (Regular Bail),2,3,1,0,1,0,0,1,0,0,0.8065,1,166,1,1,0.1232,4,1.168,39.4,43463.25,0.0451,1,1,1,1,1,3,1,0,0,1,1,1,1,0,0,4,0.0425,0.0264,2,1,0
NCRB-SYNTH-104464,High Court,Sec 482 CrPC (Quashing),4,1,2,0,1,0,1,1,0,1,0.9236,1,87,1,0,0.0179,4,1.2172,93.88,24010.77,0.0404,1,1,1,1,0,3,1,0,0,1,1,0,1,1,0,4,0.0337,0.0209,2,1,0
NCRB-SYNTH-104467,Trial Court,Sec 439 CrPC (Regular Bail),4,4,1,0,1,0,0,1,0,0,0.7188,1,37,0,0,0.0997,6,1.23,115.57,7340.32,0.1294,0,1,1,1,1,4,0,0,0,1,0,0,1,0,0,2,0.0835,0.076,2,1,0
NCRB-SYNTH-104468,High Court,Trial Judgment,2,4,1,0,1,0,0,1,0,0,0.74,0,161,1,1,0.0742,7,1.0,31.72,41561.09,0.0831,1,1,1,1,1,3,0,0,0,1,0,0,0,0,0,4,0.0217,0.0135,2,1,0
NCRB-SYNTH-104481,Trial Court,Writ Petition (Detention),1,3,1,0,1,0,0,1,0,1,0.9315,1,15,0,0,0.0727,7,1.0187,111.46,23312.34,0.1061,1,1,1,1,1,5,1,0,0,1,1,1,1,0,1,4,0.092,0.0572,2,1,0
NCRB-SYNTH-104487,Trial Court,Sec 482 CrPC (Quashing),1,2,1,0,1,0,0,1,0,0,0.4974,1,151,0,0,0.1563,9,1.0891,72.63,19313.06,0.0638,1,0,1,1,0,2,1,0,0,1,0,1,1,0,0,4,0.0324,0.0201,2,1,0
NCRB-SYNTH-104498,Trial Court,Sec 482 CrPC (Quashing),2,3,2,1,1,0,0,1,0,0,0.9206,0,93,1,1,0.1234,8,1.0061,80.17,24543.25,0.0163,1,0,1,0,1,4,0,1,1,0,1,1,1,0,0,2,0.0675,0.0615,0,0,1
NCRB-SYNTH-104504,Trial Court,Writ Petition (Detention),1,2,1,0,1,0,1,1,0,0,0.6619,1,24,0,1,0.0609,9,1.132,109.99,41040.06,0.1794,1,1,1,1,1,3,1,0,0,1,0,1,1,0,0,1,0.0601,0.0867,2,1,0
NCRB-SYNTH-104508,Trial Court,Sec 439 CrPC (Regular Bail),2,3,2,0,1,0,0,1,0,1,0.6625,1,107,0,0,0.0242,2,1.0248,101.79,35360.55,0.1745,1,0,0,1,1,3,0,1,1,0,1,1,0,0,1,4,0.031,0.0193,2,1,1
NCRB-SYNTH-104511,Trial Court,Sec 439 CrPC (Regular Bail),1,2,2,0,1,0,0,1,0,0,0.5793,1,150,0,0,0.0444,1,1.0616,65.75,16445.85,0.1988,1,1,1,0,1,4,0,0,0,1,1,1,1,0,0,3,0.0697,0.0503,2,1,0
NCRB-SYNTH-104513,High Court,Sec 482 CrPC (Quashing),1,3,2,0,1,1,1,1,0,0,0.4753,1,46,0,0,0.0744,3,1.1055,117.09,4670.19,0.0277,1,1,0,1,0,3,0,0,0,1,1,1,1,0,0,4,0.054,0.0336,0,1,0
NCRB-SYNTH-104519,Trial Court,Sec 439 CrPC (Regular Bail),1,4,2,0,1,0,0,1,0,1,0.5921,1,57,0,1,0.0714,2,1.0,90.35,41468.42,0.1082,1,1,1,1,0,4,0,0,0,1,1,1,0,1,0,1,0.0736,0.1062,2,1,0
NCRB-SYNTH-104520,Trial Court,Writ Petition (Detention),1,2,2,0,1,0,1,1,1,0,0.3629,1,27,0,0,0.0,4,1.0429,110.32,44471.21,0.1437,1,1,1,1,0,3,0,0,0,1,0,1,0,0,0,4,0.0203,0.0126,2,1,0
NCRB-SYNTH-104530,Trial Court,Sec 439 CrPC (Regular Bail),1,1,1,0,1,0,0,1,0,0,0.5794,1,116,1,1,0.1185,7,1.0,57.24,26401.44,0.0675,0,1,1,1,0,4,1,0,0,1,0,0,0,0,0,1,0.0493,0.0711,0,1,0
NCRB-SYNTH-104532,High Court,Sec 439 CrPC (Regular Bail),1,1,1,0,1,0,0,1,0,0,0.4211,1,32,0,0,0.0322,2,1.087,61.33,10927.12,0.1135,1,0,1,1,1,3,0,0,0,1,1,0,0,0,0,2,0.0731,0.0665,2,1,0
NCRB-SYNTH-104539,Trial Court,Sec 439 CrPC (Regular Bail),1,4,2,0,1,0,1,1,0,1,0.4815,1,170,0,0,0.1246,1,1.2034,110.01,16450.18,0.1307,1,1,1,1,1,2,0,0,0,1,1,1,0,1,0,2,0.0242,0.022,2,1,0
NCRB-SYNTH-104540,Trial Court,Sec 482 CrPC (Quashing),1,4,1,0,1,0,0,1,0,0,0.3864,1,35,0,0,0.0799,8,1.2605,97.42,40487.62,0.0408,1,1,1,1,1,3,0,0,0,1,0,0,0,0,0,1,0.0868,0.1253,2,1,0
NCRB-SYNTH-104541,High Court,Sec 439 CrPC (Regular Bail),2,4,1,0,1,0,0,1,0,0,0.5715,0,106,1,1,0.0714,4,1.0863,162.88,3751.2,0.0536,1,1,1,1,0,3,0,0,0,1,0,0,1,0,1,2,0.0632,0.0575,2,1,0
NCRB-SYNTH-104547,Trial Court,Sec 482 CrPC (Quashing),1,4,2,0,1,1,0,1,0,0,0.4306,1,75,0,0,0.0207,1,1.1712,169.78,21064.47,0.1479,1,0,0,1,0,2,0,1,1,0,1,1,1,0,0,4,0.0953,0.0592,2,0,0
NCRB-SYNTH-104552,Trial Court,Sec 439 CrPC (Regular Bail),1,4,2,0,1,0,0,1,0,0,0.3946,0,66,1,1,0.1361,6,1.2817,37.3,42086.92,0.0144,1,1,1,1,0,1,0,0,0,1,0,0,1,0,0,3,0.0379,0.0274,2,1,0
NCRB-SYNTH-104553,Trial Court,Sec 482 CrPC (Quashing),4,1,2,1,1,0,0,1,1,1,0.7868,1,27,0,0,0.04,4,1.1474,126.88,36191.56,0.166,1,1,1,0,1,2,1,0,0,1,0,0,1,0,0,1,0.017,0.0245,2,1,0
NCRB-SYNTH-104564,High Court,Sec 482 CrPC (Quashing),1,5,1,0,1,0,0,1,0,0,0.5533,1,82,0,0,0.0407,8,1.2435,48.8,18791.47,0.1168,1,1,1,0,1,2,0,0,0,1,1,0,1,0,1,4,0.0732,0.0455,2,1,0
NCRB-SYNTH-104569,Trial Court,Sec 439 CrPC (Regular Bail),2,2,1,0,1,1,1,1,0,0,0.8476,1,164,0,0,0.0775,8,1.0,126.6,43909.0,0.0616,1,1,1,1,1,1,0,0,0,1,1,1,1,0,0,3,0.0838,0.0605,2,1,0
NCRB-SYNTH-104588,Trial Court,Trial Judgment,7,4,2,0,1,0,0,1,0,1,0.8226,1,47,0,0,0.0112,4,1.0662,94.95,30655.59,0.189,1,0,1,1,1,3,1,1,1,0,0,1,1,1,0,4,0.032,0.0199,2,0,1
NCRB-SYNTH-104601,High Court,Writ Petition (Detention),4,5,2,0,1,1,0,1,0,1,0.5302,1,112,0,0,0.0745,1,1.2716,88.63,41999.04,0.0756,1,1,1,1,1,2,0,0,0,1,1,1,1,0,0,4,0.0567,0.0352,2,1,0
NCRB-SYNTH-104608,Trial Court,Trial Judgment,2,2,2,0,1,0,0,1,0,0,0.8404,1,48,0,0,0.2286,9,1.0,90.14,7755.7,0.0978,1,1,1,1,1,1,0,0,0,1,1,1,0,0,0,3,0.0267,0.0192,2,1,0
NCRB-SYNTH-104612,Trial Court,Sec 439 CrPC (Regular Bail),4,3,1,0,1,0,0,1,0,1,0.6796,1,81,0,0,0.1526,2,1.0,42.98,5778.57,0.1648,1,0,1,1,0,2,0,1,1,0,1,0,0,0,0,2,0.0964,0.0878,2,0,1
NCRB-SYNTH-104614,High Court,Sec 439 CrPC (Regular Bail),1,1,2,0,1,0,0,1,0,1,0.5057,1,122,0,0,0.0317,2,1.1709,103.07,33088.31,0.0068,1,1,1,1,0,2,1,0,0,1,1,1,0,0,0,4,0.0618,0.0384,2,1,0
NCRB-SYNTH-104623,Trial Court,Trial Judgment,1,5,2,0,1,0,0,1,0,1,0.5599,0,85,0,0,0.0442,8,1.0192,38.49,16118.32,0.1081,1,0,1,1,0,4,1,1,1,0,1,1,1,0,0,4,0.0296,0.0184,0,0,0
NCRB-SYNTH-104631,Trial Court,Sec 482 CrPC (Quashing),1,4,1,0,1,1,1,1,0,0,0.8553,1,24,1,0,0.1061,4,1.0948,139.09,3320.3,0.0014,1,1,1,0,1,3,1,0,0,1,1,0,1,1,1,2,0.0566,0.0515,0,1,0
NCRB-SYNTH-104635,Trial Court,Sec 439 CrPC (Regular Bail),2,3,2,0,1,0,1,1,1,1,0.5349,1,150,0,0,0.0177,7,1.0,129.58,20363.35,0.1677,1,1,0,1,0,1,0,0,0,1,0,0,1,0,0,4,0.0348,0.0216,2,1,0
NCRB-SYNTH-104644,High Court,Writ Petition (Detention),15,1,1,0,1,0,0,1,0,0,0.5724,1,42,1,1,0.0345,8,1.0,100.21,11313.2,0.0049,1,1,1,1,0,3,1,0,0,1,1,0,0,0,1,3,0.0144,0.0104,2,1,0
NCRB-SYNTH-104650,Trial Court,Writ Petition (Detention),4,3,1,0,1,1,0,1,0,1,0.7643,1,111,0,1,0.0,5,1.0,88.57,44849.41,0.0684,1,1,1,0,0,1,0,0,0,1,1,0,1,0,0,2,0.0689,0.0627,2,1,0
NCRB-SYNTH-104651,Trial Court,Sec 439 CrPC (Regular Bail),2,5,1,0,1,0,0,1,0,1,0.8855,1,30,0,1,0.0719,2,1.0,56.59,9526.59,0.1139,0,1,1,1,1,3,1,0,0,1,1,1,0,0,0,3,0.0998,0.072,2,1,0
NCRB-SYNTH-104656,High Court,Trial Judgment,2,5,1,0,1,0,1,1,0,0,0.7523,1,155,0,1,0.16,6,1.0,31.65,20519.35,0.0611,1,0,1,1,1,2,0,1,1,0,1,0,0,0,1,4,0.0319,0.0198,0,0,1
NCRB-SYNTH-104659,Trial Court,Trial Judgment,2,2,1,0,1,0,0,1,0,0,0.805,1,46,0,0,0.079,6,1.221,141.13,43789.36,0.0302,1,1,1,1,1,1,0,0,0,1,1,0,0,0,0,2,0.0191,0.0174,2,1,0
NCRB-SYNTH-104667,Trial Court,Sec 439 CrPC (Regular Bail),2,1,2,0,1,0,1,1,0,1,0.462,1,123,0,0,0.0888,3,1.01,83.25,30912.2,0.1101,1,1,1,1,1,3,0,0,0,1,1,0,0,0,0,1,0.047,0.0679,2,1,0
NCRB-SYNTH-104674,High Court,Sec 439 CrPC (Regular Bail),1,3,1,0,1,0,1,1,0,0,0.5102,1,170,0,0,0.1189,5,1.0,102.7,15645.34,0.0091,1,1,0,1,1,3,1,0,0,1,1,0,1,0,0,4,0.0323,0.0201,2,1,0
NCRB-SYNTH-104677,Trial Court,Sec 482 CrPC (Quashing),1,4,2,0,1,0,0,1,0,0,0.6863,1,28,0,1,0.0545,7,1.1385,30.33,34266.2,0.1798,1,0,0,1,1,3,0,1,1,0,0,0,1,1,0,3,0.0256,0.0185,2,1,1
NCRB-SYNTH-104687,High Court,Trial Judgment,1,3,2,0,1,0,0,1,0,0,0.5655,1,65,0,0,0.0,5,1.0393,128.2,21590.83,0.1457,1,1,1,1,0,2,0,0,0,1,0,0,1,0,1,2,0.0761,0.0693,2,1,0
NCRB-SYNTH-104688,Trial Court,Sec 482 CrPC (Quashing),1,1,1,0,1,1,0,1,0,0,0.5494,1,56,0,1,0.0777,1,1.0,100.28,40538.77,0.1735,1,1,1,1,1,1,1,0,0,1,0,1,0,0,1,3,0.0449,0.0324,2,1,0
NCRB-SYNTH-104699,Trial Court,Sec 439 CrPC (Regular Bail),21,1,1,0,1,0,0,1,0,0,0.5429,0,132,0,0,0.1006,6,1.1426,177.21,16619.34,0.1797,1,1,1,0,1,2,1,0,0,1,0,1,1,0,1,1,0.0221,0.0319,2,1,0
NCRB-SYNTH-104702,Trial Court,Sec 439 CrPC (Regular Bail),4,4,1,1,1,1,0,1,0,1,0.6899,1,42,0,1,0.0,8,1.3222,172.42,9994.46,0.1517,1,1,0,1,1,2,1,0,0,1,1,0,0,0,0,2,0.0469,0.0427,2,1,0
NCRB-SYNTH-104708,Trial Court,Sec 439 CrPC (Regular Bail),2,3,1,0,1,0,0,1,0,0,0.557,1,138,0,0,0.0284,4,1.1952,119.97,44347.13,0.1542,1,1,1,1,0,4,1,0,0,1,1,0,0,0,0,3,0.0272,0.0196,2,1,0
NCRB-SYNTH-104722,Trial Court,Sec 482 CrPC (Quashing),1,4,2,0,1,0,0,1,1,1,0.6566,1,117,0,0,0.0843,7,1.2606,123.42,31101.95,0.0949,1,1,0,1,0,3,1,0,0,1,1,1,0,1,0,4,0.0931,0.0578,0,1,0
NCRB-SYNTH-104726,Trial Court,Trial Judgment,1,1,1,0,1,0,1,1,0,1,0.4871,0,164,0,1,0.0904,4,1.1302,108.11,43485.49,0.148,1,1,1,1,0,1,1,0,0,1,1,1,0,0,0,4,0.0807,0.0501,2,1,0
NCRB-SYNTH-104730,High Court,Sec 439 CrPC (Regular Bail),1,3,1,0,1,1,1,1,0,1,0.7012,1,19,0,0,0.0,1,1.0765,50.26,39678.47,0.0842,1,1,1,1,1,2,0,0,0,1,1,1,0,0,1,2,0.0524,0.0477,0,1,0
NCRB-SYNTH-104731,Trial Court,Trial Judgment,1,3,2,1,1,1,0,1,0,0,0.4493,1,165,0,0,0.0881,9,1.2352,145.16,24967.89,0.1004,1,1,0,1,1,4,0,0,0,1,1,1,0,0,0,4,0.0302,0.0188,2,1,0
NCRB-SYNTH-104732,Trial Court,Writ Petition (Detention),1,1,2,0,1,1,0,1,0,0,0.6384,1,56,1,1,0.088,1,1.0694,84.53,35814.17,0.1885,1,1,1,0,1,1,0,0,0,1,1,0,1,0,1,3,0.0565,0.0408,2,1,0
NCRB-SYNTH-104736,Trial Court,Sec 439 CrPC (Regular Bail),2,1,1,0,1,1,0,1,0,0,0.5642,1,150,0,0,0.0,5,1.0958,36.97,37041.68,0.0963,1,0,0,1,0,4,1,0,0,1,1,0,0,0,0,3,0.0726,0.0524,2,1,0
NCRB-SYNTH-104742,Trial Court,Sec 439 CrPC (Regular Bail),1,3,1,0,1,0,0,1,1,1,0.4965,1,153,1,0,0.0504,4,1.0,156.9,29277.55,0.0885,1,1,0,1,0,2,0,0,0,1,0,1,1,1,0,1,0.0465,0.067,2,1,0
NCRB-SYNTH-104743,Trial Court,Sec 439 CrPC (Regular Bail),7,2,1,0,1,0,0,1,0,1,0.7044,0,84,0,0,0.0637,3,1.0,77.46,4597.36,0.0101,0,0,0,0,1,2,0,1,1,0,1,1,1,0,0,3,0.0981,0.0708,2,0,1
NCRB-SYNTH-104746,Trial Court,Trial Judgment,1,2,1,0,1,0,0,1,0,1,0.4675,0,45,0,0,0.083,8,1.3658,42.54,42108.33,0.1754,1,1,1,1,1,2,1,0,0,1,1,0,0,0,1,4,0.0247,0.0154,2,1,0
NCRB-SYNTH-104747,Trial Court,Writ Petition (Detention),2,4,2,0,1,1,0,1,0,0,0.4662,1,26,0,1,0.1019,2,1.0,158.98,15846.67,0.1294,1,1,1,0,0,2,1,0,0,1,1,0,0,1,1,4,0.0682,0.0424,2,1,0
NCRB-SYNTH-104748,Trial Court,Writ Petition (Detention),1,5,1,1,1,0,0,1,0,0,0.519,1,92,0,0,0.1268,2,1.2845,84.64,18226.82,0.0191,1,1,1,0,0,2,1,0,0,1,0,1,0,0,1,4,0.0945,0.0587,2,1,0
NCRB-SYNTH-104757,Trial Court,Sec 482 CrPC (Quashing),2,2,2,0,1,0,1,1,0,0,0.4809,1,33,1,0,0.0996,9,1.0,159.73,19876.65,0.1927,1,0,1,1,1,3,0,1,1,0,0,0,0,0,0,3,0.0103,0.0074,2,0,0
NCRB-SYNTH-104768,Trial Court,Writ Petition (Detention),4,3,1,0,1,1,1,1,0,0,0.485,1,161,0,0,0.0021,5,1.1362,178.44,12123.51,0.0719,1,0,0,1,1,4,0,1,1,0,1,0,1,0,0,4,0.0285,0.0177,2,1,0
NCRB-SYNTH-104771,Trial Court,Trial Judgment,7,2,2,0,1,0,0,1,0,0,0.5183,1,181,0,0,0.0874,6,1.1501,49.72,30903.21,0.1094,1,1,1,1,0,3,1,0,0,1,1,1,0,0,0,3,0.058,0.0418,2,1,0
NCRB-SYNTH-104777,High Court,Writ Petition (Detention),2,1,2,0,1,0,0,1,0,0,0.6251,1,140,0,1,0.1099,6,1.0,107.66,19379.61,0.1618,1,1,1,1,1,2,1,0,0,1,1,0,1,0,0,4,0.0253,0.0157,0,1,0
NCRB-SYNTH-104781,Trial Court,Sec 482 CrPC (Quashing),4,4,1,1,1,0,1,1,0,0,0.3487,1,111,0,0,0.1887,6,1.0,96.71,13252.88,0.0284,0,1,1,1,1,1,0,0,0,1,1,0,0,1,0,2,0.0113,0.0103,2,1,0
NCRB-SYNTH-104782,Trial Court,Writ Petition (Detention),4,5,1,0,1,0,1,1,0,0,0.7856,1,90,0,0,0.0599,3,1.2865,178.46,11568.74,0.1724,1,1,0,0,0,3,0,0,0,1,1,1,1,0,1,3,0.0123,0.0089,2,1,0
NCRB-SYNTH-104791,Trial Court,Sec 439 CrPC (Regular Bail),1,3,1,0,1,1,0,1,0,0,0.4256,1,90,1,1,0.1641,9,1.2713,140.61,29968.34,0.1547,1,0,1,1,1,1,0,1,1,0,1,1,0,0,1,1,0.0195,0.0281,2,0,0
NCRB-SYNTH-104793,Trial Court,Sec 482 CrPC (Quashing),4,4,2,0,1,1,0,1,0,0,0.4538,1,148,0,0,0.0177,3,1.107,86.94,22290.68,0.1015,1,1,1,1,1,3,0,0,0,1,1,1,1,0,0,3,0.0935,0.0674,0,1,0
NCRB-SYNTH-104797,Trial Court,Writ Petition (Detention),2,5,2,0,1,0,1,1,0,0,0.715,1,42,0,0,0.0561,4,1.1428,111.63,36082.35,0.0976,1,1,1,1,0,2,0,0,0,1,1,0,1,0,0,3,0.0346,0.025,2,1,0
NCRB-SYNTH-104799,High Court,Sec 482 CrPC (Quashing),2,3,1,0,1,1,1,1,0,1,0.5756,1,160,0,1,0.1456,7,1.0,57.74,38044.27,0.1962,1,0,1,1,0,1,0,1,1,0,1,0,1,0,0,4,0.0484,0.0301,0,0,0
NCRB-SYNTH-104801,Trial Court,Sec 482 CrPC (Quashing),2,1,1,0,1,0,0,1,0,1,0.8294,0,65,1,0,0.0564,1,1.054,163.64,41229.04,0.0121,1,1,1,1,1,3,0,0,0,1,1,0,0,0,0,3,0.0968,0.0698,2,1,0
NCRB-SYNTH-104802,Trial Court,Trial Judgment,2,3,1,0,1,1,1,1,0,0,0.4982,1,151,0,1,0.0734,7,1.1018,115.97,13077.68,0.1019,1,1,1,1,1,2,0,0,0,1,1,1,1,0,0,2,0.0404,0.0368,2,1,0
NCRB-SYNTH-104804,Trial Court,Writ Petition (Detention),1,2,2,0,1,0,0,1,0,0,0.3826,1,109,0,0,0.0802,9,1.1528,43.17,8739.2,0.1921,1,1,0,1,1,2,1,0,0,1,1,1,1,0,0,2,0.0968,0.0881,2,1,0
NCRB-SYNTH-104807,Trial Court,Sec 439 CrPC (Regular Bail),4,3,2,0,1,0,0,1,0,0,0.4521,1,145,1,1,0.0529,7,1.1724,158.61,12252.57,0.0652,0,0,1,1,0,4,1,0,0,1,1,1,0,0,0,2,0.0482,0.0439,2,1,0
NCRB-SYNTH-104811,High Court,Trial Judgment,1,2,2,0,1,1,0,1,0,0,0.4393,1,131,0,1,0.1144,1,1.1496,91.89,40050.86,0.1588,1,0,1,1,1,1,1,0,0,1,0,1,0,0,0,4,0.0391,0.0243,2,1,0
NCRB-SYNTH-104813,Trial Court,Sec 439 CrPC (Regular Bail),2,4,1,0,1,0,0,1,0,0,0.4613,0,43,1,0,0.1302,6,1.1469,167.84,39441.47,0.1086,1,0,1,1,1,4,1,0,0,1,1,1,1,0,0,3,0.0387,0.0279,0,1,0
NCRB-SYNTH-104820,Trial Court,Trial Judgment,1,3,1,0,1,0,1,1,0,1,0.7526,1,72,1,0,0.0582,5,1.0757,143.1,26688.65,0.0259,1,1,1,1,0,1,0,0,0,1,1,1,1,0,1,1,0.0781,0.1127,2,1,0
NCRB-SYNTH-104826,Trial Court,Trial Judgment,1,5,1,0,1,0,1,1,1,0,0.4161,1,89,1,1,0.0135,2,1.0,173.16,22769.6,0.1794,1,1,1,0,1,2,0,0,0,1,1,0,0,0,0,4,0.0469,0.0292,2,1,0
NCRB-SYNTH-104828,Trial Court,Sec 482 CrPC (Quashing),1,5,2,0,1,0,0,1,0,1,0.7505,1,112,1,1,0.1181,5,1.1906,177.64,36772.56,0.0109,1,0,1,1,1,4,0,1,1,0,1,0,0,0,0,3,0.014,0.0101,2,0,1
NCRB-SYNTH-104834,Trial Court,Sec 439 CrPC (Regular Bail),4,4,2,0,1,0,0,1,0,0,0.6312,1,179,0,0,0.1353,6,1.1032,73.72,39746.76,0.0439,1,1,0,1,1,3,1,0,0,1,1,0,0,1,0,3,0.0622,0.0448,2,1,0
NCRB-SYNTH-104836,High Court,Writ Petition (Detention),1,3,2,0,1,1,1,1,0,1,0.4441,1,58,0,0,0.0144,1,1.1157,56.49,14198.66,0.0247,0,1,0,1,1,1,0,0,0,1,1,0,0,0,0,4,0.0254,0.0158,2,1,0
NCRB-SYNTH-104839,Trial Court,Sec 482 CrPC (Quashing),2,3,2,0,1,1,0,1,0,1,0.7189,0,20,0,1,0.0565,1,1.1688,139.19,6862.66,0.0329,1,1,1,1,1,3,0,0,0,1,1,1,1,0,0,2,0.027,0.0245,2,1,0
NCRB-SYNTH-104844,Trial Court,Sec 439 CrPC (Regular Bail),2,4,2,0,1,1,1,1,0,1,0.6081,1,66,0,1,0.0837,3,1.2725,52.7,40822.71,0.1205,1,0,1,1,0,4,0,0,0,1,1,1,0,1,0,4,0.0433,0.0269,2,1,0
NCRB-SYNTH-104845,Trial Court,Sec 439 CrPC (Regular Bail),2,2,2,0,1,1,0,1,0,0,0.5508,0,37,1,1,0.0778,8,1.0517,105.42,38772.73,0.1762,1,1,0,1,0,2,0,0,0,1,0,0,1,0,0,2,0.0214,0.0195,2,1,0
NCRB-SYNTH-104848,Trial Court,Sec 439 CrPC (Regular Bail),7,5,2,0,1,1,0,1,0,0,0.6765,1,102,0,0,0.1072,7,1.0701,143.58,32510.39,0.1832,1,1,1,1,1,1,0,0,0,1,0,1,0,0,0,1,0.0322,0.0465,2,1,0
NCRB-SYNTH-104850,Trial Court,Sec 439 CrPC (Regular Bail),1,1,1,1,1,0,1,1,0,0,0.6074,1,137,0,0,0.1089,1,1.0655,59.83,35760.51,0.012,1,1,1,1,0,3,0,0,0,1,0,0,1,1,1,4,0.0603,0.0375,2,1,0
NCRB-SYNTH-104856,Trial Court,Sec 482 CrPC (Quashing),1,3,1,0,1,0,0,1,0,1,0.5844,1,92,1,1,0.0613,8,1.1889,119.38,11472.9,0.0944,1,0,1,0,0,1,1,1,1,0,1,1,1,0,1,1,0.0536,0.0774,2,1,0
NCRB-SYNTH-104857,Trial Court,Trial Judgment,1,2,2,0,1,0,0,1,0,1,0.5279,1,76,0,1,0.0529,1,1.017,148.28,27643.51,0.0522,1,1,1,1,0,4,0,0,0,1,1,1,0,0,0,4,0.0264,0.0164,2,1,0
NCRB-SYNTH-104863,Trial Court,Sec 482 CrPC (Quashing),7,4,1,0,1,0,0,1,0,1,0.722,1,36,0,0,0.0634,4,1.1929,125.52,7210.11,0.0129,1,0,0,1,0,2,1,1,1,0,1,0,1,0,0,1,0.0559,0.0806,2,0,1
NCRB-SYNTH-104868,High Court,Writ Petition (Detention),1,4,2,0,1,1,0,1,0,1,0.5054,1,41,1,1,0.0573,4,1.1521,161.13,3686.03,0.084,1,1,1,1,1,4,0,0,0,1,1,0,1,0,0,2,0.0222,0.0202,2,1,0
NCRB-SYNTH-104872,Trial Court,Trial Judgment,1,5,2,0,1,0,0,1,0,0,0.6154,1,39,0,0,0.1638,4,1.16,54.93,8704.13,0.135,1,1,1,1,1,2,0,0,0,1,0,0,0,0,0,4,0.012,0.0075,2,1,0
NCRB-SYNTH-104873,Trial Court,Sec 482 CrPC (Quashing),2,4,2,0,1,0,0,1,0,0,0.6592,1,103,0,0,0.1134,6,1.0405,69.17,16659.78,0.191,1,1,1,0,1,2,0,0,0,1,1,1,1,0,0,2,0.0394,0.0358,2,1,0
NCRB-SYNTH-104884,Trial Court,Sec 439 CrPC (Regular Bail),1,4,1,0,1,0,1,1,0,1,0.7786,1,143,0,0,0.1227,7,1.1778,89.56,33365.09,0.1819,1,0,0,1,0,1,0,1,1,0,0,0,1,0,0,2,0.0571,0.052,2,0,1
NCRB-SYNTH-104885,Trial Court,Sec 439 CrPC (Regular Bail),1,1,2,0,1,0,0,1,1,0,0.5692,1,42,0,1,0.097,3,1.1565,138.25,18614.97,0.1026,1,1,1,1,0,2,0,0,0,1,1,0,1,0,0,1,0.0498,0.0718,2,1,0
NCRB-SYNTH-104889,Trial Court,Sec 482 CrPC (Quashing),1,3,1,1,1,1,1,1,0,0,0.4631,1,57,1,1,0.069,6,1.0,88.19,37145.1,0.0397,0,1,1,1,1,3,1,0,0,1,0,0,0,1,0,4,0.0757,0.047,2,1,0
NCRB-SYNTH-104892,High Court,Sec 439 CrPC (Regular Bail),7,5,1,0,1,0,0,1,1,0,0.5051,1,131,0,0,0.0766,3,1.1375,81.09,20450.21,0.0498,1,0,1,0,0,3,0,1,1,0,1,1,1,0,0,1,0.0637,0.0919,2,0,0
NCRB-SYNTH-104896,Trial Court,Sec 439 CrPC (Regular Bail),4,1,1,0,1,0,0,1,0,0,0.7719,1,127,0,0,0.0693,5,1.1661,96.73,30290.06,0.0977,1,1,1,0,0,4,0,0,0,1,0,1,0,0,0,4,0.0969,0.0602,0,1,0
NCRB-SYNTH-104897,Trial Court,Sec 482 CrPC (Quashing),1,4,2,0,1,0,0,1,0,0,0.75,1,141,0,0,0.0488,4,1.143,30.31,28783.33,0.1197,1,1,1,0,0,2,0,0,0,1,0,1,0,0,0,4,0.0266,0.0165,2,1,0
NCRB-SYNTH-104899,Trial Court,Writ Petition (Detention),1,1,2,1,1,0,1,1,0,1,0.3744,1,114,0,0,0.0481,1,1.1841,54.56,5173.03,0.1163,0,0,1,1,1,1,1,0,0,1,1,1,1,0,0,3,0.0882,0.0636,2,1,0
NCRB-SYNTH-104901,Trial Court,Trial Judgment,2,4,1,0,1,0,1,1,0,0,0.4782,0,168,1,1,0.0282,2,1.1926,60.75,24575.04,0.1233,1,1,1,1,1,3,0,0,0,1,1,0,0,0,0,4,0.0428,0.0266,2,1,0
NCRB-SYNTH-104903,Trial Court,Writ Petition (Detention),2,3,1,0,1,0,0,1,0,0,0.9052,0,30,0,0,0.172,4,1.1522,40.91,10331.69,0.1416,1,0,0,0,1,4,1,1,1,0,1,1,1,0,0,1,0.0181,0.0261,2,0,1
NCRB-SYNTH-104906,High Court,Trial Judgment,1,4,1,0,1,0,0,1,1,0,0.6306,0,46,0,0,0.0613,1,1.1407,167.17,8603.24,0.0218,0,0,0,1,0,2,1,1,1,0,1,0,1,0,0,1,0.0708,0.1022,2,0,0
NCRB-SYNTH-104914,Trial Court,Sec 482 CrPC (Quashing),4,3,2,0,1,0,0,1,0,0,0.6336,1,100,0,1,0.1467,5,1.0,93.6,21125.71,0.024,1,1,0,1,1,4,0,0,0,1,1,0,0,0,0,1,0.0799,0.1153,2,1,0
NCRB-SYNTH-104915,Trial Court,Sec 439 CrPC (Regular Bail),15,2,2,0,1,1,0,1,0,0,0.5913,1,100,0,0,0.1686,7,1.0055,70.43,10643.71,0.0623,1,1,1,1,0,1,0,0,0,1,1,0,0,0,0,4,0.037,0.023,2,1,0
NCRB-SYNTH-104925,Trial Court,Trial Judgment,2,1,2,0,1,0,1,1,1,1,0.7246,1,49,0,0,0.1182,6,1.0,43.05,4938.5,0.0861,1,1,0,1,0,2,0,0,0,1,1,1,1,0,0,1,0.0937,0.1352,2,1,0
NCRB-SYNTH-104952,Trial Court,Writ Petition (Detention),21,3,1,0,1,0,0,1,0,0,0.7874,1,23,1,1,0.0051,4,1.0,33.14,8310.77,0.0585,1,0,1,1,0,2,1,0,0,1,1,1,1,1,0,1,0.0776,0.1119,2,1,0
NCRB-SYNTH-104959,Trial Court,Sec 439 CrPC (Regular Bail),4,5,1,0,1,1,0,1,1,0,0.762,1,121,0,0,0.0909,5,1.1423,55.65,17785.51,0.0484,1,1,0,1,0,2,1,0,0,1,1,0,0,0,0,3,0.098,0.0707,2,1,0
NCRB-SYNTH-104977,High Court,Sec 439 CrPC (Regular Bail),1,2,2,0,1,0,1,1,0,1,0.9049,1,105,1,1,0.1268,7,1.15,85.84,42517.77,0.004,1,1,1,1,0,1,0,0,0,1,1,0,0,1,0,1,0.024,0.0346,2,1,0
NCRB-SYNTH-104979,Trial Court,Sec 439 CrPC (Regular Bail),1,3,1,0,1,0,0,1,0,0,0.4717,1,85,1,1,0.0656,5,1.1461,116.61,24923.54,0.0473,0,0,1,1,0,4,0,1,1,0,0,0,1,0,1,1,0.0481,0.0694,2,1,0
NCRB-SYNTH-104980,High Court,Sec 439 CrPC (Regular Bail),1,3,1,0,1,1,0,1,0,0,0.4628,1,35,0,0,0.0628,7,1.2075,146.23,37776.24,0.0063,0,1,1,1,0,2,0,0,0,1,0,1,0,0,0,2,0.0325,0.0296,2,1,0
NCRB-SYNTH-104986,High Court,Sec 439 CrPC (Regular Bail),15,2,2,0,1,0,0,1,0,0,0.4584,1,54,0,0,0.0,1,1.0,72.84,14528.16,0.0366,1,1,1,0,0,2,1,0,0,1,1,0,0,0,0,2,0.0626,0.057,2,1,0
NCRB-SYNTH-104995,Trial Court,Sec 439 CrPC (Regular Bail),1,1,1,0,1,0,0,1,0,0,0.5637,1,18,0,0,0.0521,5,1.116,34.67,11699.55,0.0482,1,0,1,1,1,2,1,0,0,1,1,1,1,0,0,4,0.0208,0.0129,2,1,0
NCRB-SYNTH-104997,Trial Court,Sec 439 CrPC (Regular Bail),1,5,2,0,1,0,1,1,0,0,0.8715,0,76,1,1,0.1725,1,1.0542,104.21,3093.58,0.1859,1,1,1,1,0,2,1,0,0,1,1,1,1,0,1,4,0.0676,0.042,2,1,0
NCRB-SYNTH-105006,Trial Court,Sec 439 CrPC (Regular Bail),2,4,2,0,1,0,0,1,0,1,0.4006,1,10,1,1,0.0211,6,1.2358,108.74,29996.35,0.0065,1,1,1,1,0,2,0,0,0,1,1,0,1,0,1,3,0.0443,0.032,2,1,0
NCRB-SYNTH-105009,High Court,Sec 482 CrPC (Quashing),1,1,2,0,1,0,0,1,0,1,0.756,1,63,0,0,0.1236,5,1.3016,91.53,40915.13,0.0309,1,1,1,1,1,2,0,0,0,1,1,0,0,0,0,2,0.0888,0.0808,2,1,0
NCRB-SYNTH-105011,Trial Court,Trial Judgment,1,2,1,0,1,0,0,1,0,1,0.8831,0,118,1,1,0.1321,2,1.1346,112.82,21298.77,0.1976,1,0,1,1,0,4,1,1,1,0,0,1,1,0,1,3,0.08,0.0577,2,1,1
NCRB-SYNTH-105015,Trial Court,Sec 482 CrPC (Quashing),45,4,2,0,1,0,1,1,0,1,0.3729,1,112,1,1,0.1185,7,1.0,116.3,31834.68,0.0168,0,1,1,1,1,1,1,0,0,1,1,0,1,0,0,1,0.0705,0.1017,2,1,0
NCRB-SYNTH-105017,Trial Court,Writ Petition (Detention),27,4,1,0,1,1,0,1,0,0,0.8623,1,39,1,0,0.0685,9,1.0481,172.32,18411.35,0.1769,1,1,1,1,1,3,1,0,0,1,1,1,1,0,0,2,0.0256,0.0233,2,1,0
NCRB-SYNTH-105028,Trial Court,Sec 482 CrPC (Quashing),7,2,2,0,1,0,0,1,0,0,0.5807,0,145,0,0,0.0708,4,1.174,111.76,4191.05,0.1535,1,1,1,1,0,3,0,0,0,1,0,1,0,0,1,4,0.0258,0.016,2,1,0
NCRB-SYNTH-105030,Trial Court,Writ Petition (Detention),1,4,1,0,1,1,0,1,0,1,0.4415,1,39,0,0,0.0146,1,1.2654,38.16,34031.9,0.0694,1,1,0,1,0,1,1,0,0,1,0,0,0,0,0,2,0.0925,0.0842,2,1,0
NCRB-SYNTH-105035,Trial Court,Writ Petition (Detention),2,3,2,0,1,0,0,1,0,1,0.486,0,135,0,0,0.1093,4,1.0031,77.21,19562.32,0.0984,0,0,1,0,1,1,1,1,1,0,1,0,0,0,0,4,0.092,0.0572,2,0,0
NCRB-SYNTH-105043,Trial Court,Sec 482 CrPC (Quashing),1,1,1,0,1,0,0,1,0,0,0.6149,1,160,0,0,0.1003,1,1.1937,166.25,23277.31,0.0097,1,0,1,1,0,2,0,1,1,0,0,0,0,0,0,4,0.0451,0.028,2,0,0
NCRB-SYNTH-105051,High Court,Writ Petition (Detention),1,5,1,0,1,1,0,1,0,1,0.71,0,155,0,0,0.1643,3,1.04,68.42,39174.8,0.162,1,1,1,1,0,2,1,0,0,1,1,1,0,0,0,1,0.0243,0.0351,2,1,0
NCRB-SYNTH-105053,Trial Court,Sec 439 CrPC (Regular Bail),15,4,1,0,1,0,0,1,0,1,0.5456,1,76,1,1,0.0326,4,1.0,71.91,15475.86,0.097,1,1,1,1,0,3,0,0,0,1,1,0,1,1,0,1,0.0325,0.0469,2,1,0
NCRB-SYNTH-105054,Trial Court,Writ Petition (Detention),1,3,1,0,1,1,0,1,0,1,0.4462,0,111,0,0,0.0536,4,1.0,78.08,7678.02,0.0602,0,1,1,1,0,5,1,0,0,1,0,1,1,0,0,2,0.0599,0.0545,2,1,0
NCRB-SYNTH-105066,High Court,Writ Petition (Detention),4,5,2,0,1,0,1,1,0,0,0.5895,1,54,0,0,0.0315,8,1.0265,41.7,31701.67,0.1435,0,0,1,1,1,5,1,0,0,1,1,0,0,0,0,1,0.0331,0.0478,2,1,0
NCRB-SYNTH-105070,Trial Court,Writ Petition (Detention),15,1,2,0,1,0,0,1,0,0,0.7132,1,75,0,0,0.1166,4,1.1741,113.89,11803.92,0.0101,1,1,1,0,0,2,0,0,0,1,1,1,0,0,1,1,0.0644,0.093,2,1,0
NCRB-SYNTH-105074,High Court,Writ Petition (Detention),4,1,2,0,1,0,0,1,0,0,0.6317,1,121,1,1,0.0489,6,1.0685,103.66,44658.57,0.102,1,1,0,1,0,4,0,0,0,1,1,1,0,0,0,1,0.0254,0.0366,2,1,0
NCRB-SYNTH-105081,Trial Court,Sec 482 CrPC (Quashing),4,2,2,0,1,1,0,1,0,0,0.7264,1,149,1,1,0.0626,1,1.0,176.21,34390.2,0.1491,1,0,1,1,1,4,0,0,0,1,0,1,0,0,0,1,0.0908,0.1309,2,1,0
NCRB-SYNTH-105082,Trial Court,Sec 439 CrPC (Regular Bail),21,1,1,0,1,1,0,1,0,0,0.5977,1,35,0,1,0.056,8,1.1181,133.58,32780.29,0.1208,0,1,1,0,0,1,1,0,0,1,1,1,1,0,0,4,0.0849,0.0527,2,1,0
NCRB-SYNTH-105085,Trial Court,Trial Judgment,4,2,1,0,1,0,0,1,0,0,0.8054,1,86,0,0,0.112,5,1.1761,125.91,22285.03,0.0548,1,1,1,1,1,2,1,0,0,1,1,0,0,0,0,1,0.0286,0.0412,2,1,0
NCRB-SYNTH-105088,Trial Court,Trial Judgment,1,4,1,1,1,0,0,1,0,1,0.6728,1,30,1,0,0.071,8,1.0244,139.69,43211.36,0.1791,0,1,1,1,1,2,0,0,0,1,0,1,0,0,0,1,0.0181,0.0262,2,1,0
NCRB-SYNTH-105090,High Court,Trial Judgment,1,4,1,0,1,0,0,1,0,0,0.8831,1,133,0,0,0.0977,3,1.0215,72.12,4065.91,0.0795,1,1,1,1,1,2,0,0,0,1,1,1,1,1,0,1,0.015,0.0216,0,1,0
NCRB-SYNTH-105091,Trial Court,Writ Petition (Detention),1,2,2,0,1,0,1,1,0,1,0.5768,1,36,0,0,0.069,7,1.0,56.11,36845.72,0.1549,1,1,1,1,0,5,1,0,0,1,1,1,1,0,0,4,0.0238,0.0148,2,1,0
NCRB-SYNTH-105092,Trial Court,Sec 482 CrPC (Quashing),1,5,1,0,1,0,1,1,0,0,0.6625,1,53,1,1,0.0313,4,1.0,78.43,35832.36,0.1752,1,1,1,1,1,2,1,0,0,1,1,1,1,0,1,1,0.0535,0.0772,2,1,0
NCRB-SYNTH-105094,Trial Court,Writ Petition (Detention),4,4,1,0,1,0,0,1,0,0,0.5642,1,15,0,0,0.0785,7,1.0824,147.58,11234.24,0.1487,1,1,1,1,1,5,1,0,0,1,0,1,0,0,0,3,0.0956,0.0689,2,1,0
NCRB-SYNTH-105095,High Court,Sec 439 CrPC (Regular Bail),2,4,2,0,1,0,0,1,0,1,0.5022,1,88,0,0,0.0656,3,1.0908,101.69,17725.71,0.1206,1,1,0,1,1,2,0,0,0,1,1,1,1,0,0,1,0.0309,0.0446,0,1,0
NCRB-SYNTH-105100,Trial Court,Writ Petition (Detention),2,2,2,0,1,0,1,1,0,1,0.5422,1,48,0,0,0.1011,3,1.0365,35.56,17128.08,0.1435,1,1,0,1,1,1,0,0,0,1,1,0,1,0,1,4,0.0105,0.0065,2,1,0
NCRB-SYNTH-105106,High Court,Sec 439 CrPC (Regular Bail),1,1,2,0,1,0,1,1,0,1,0.6663,0,94,1,0,0.0815,3,1.0446,77.0,30075.52,0.1888,1,0,1,1,0,7,0,0,0,1,1,0,1,0,0,2,0.0787,0.0717,0,1,0
NCRB-SYNTH-105108,Trial Court,Writ Petition (Detention),2,3,2,0,1,0,0,1,0,1,0.5878,1,165,0,0,0.0919,2,1.0215,103.51,5572.84,0.1284,0,0,1,1,0,2,1,1,1,0,1,0,1,0,0,1,0.0754,0.1087,2,0,0
NCRB-SYNTH-105123,Trial Court,Writ Petition (Detention),1,4,2,0,1,0,0,1,0,0,0.8988,1,26,0,0,0.1181,4,1.1009,133.11,35646.58,0.1558,1,1,1,1,0,3,1,0,0,1,0,1,0,0,1,2,0.0865,0.0788,2,1,0
NCRB-SYNTH-105133,Trial Court,Trial Judgment,2,2,1,0,1,0,0,1,0,0,0.8814,1,115,0,0,0.0052,6,1.146,161.05,40918.4,0.0078,1,1,1,1,1,2,1,0,0,1,1,1,0,1,0,4,0.0576,0.0358,2,1,0
NCRB-SYNTH-105134,Trial Court,Sec 439 CrPC (Regular Bail),7,4,1,0,1,0,1,1,0,1,0.5704,1,67,0,0,0.0122,6,1.23,32.59,35387.32,0.0422,1,0,1,0,1,3,1,1,1,0,1,0,1,0,0,1,0.0492,0.071,2,1,0
NCRB-SYNTH-105138,Trial Court,Sec 439 CrPC (Regular Bail),2,5,2,0,1,0,0,1,0,0,0.5628,1,72,1,1,0.0203,6,1.0604,110.26,6001.28,0.0411,1,1,1,1,1,1,1,0,0,1,0,0,0,1,0,1,0.0548,0.079,0,1,0
NCRB-SYNTH-105142,Trial Court,Sec 439 CrPC (Regular Bail),1,4,2,0,1,0,0,1,0,0,0.4919,1,113,1,1,0.0671,5,1.0788,33.97,21908.77,0.1492,1,1,1,1,1,3,0,0,0,1,1,1,0,0,0,1,0.0563,0.0812,2,1,0
NCRB-SYNTH-105150,Trial Court,Trial Judgment,2,1,2,0,1,0,0,1,0,1,0.501,1,96,0,0,0.1491,4,1.059,108.56,42178.89,0.1834,1,1,0,0,1,1,0,0,0,1,1,1,0,0,1,3,0.054,0.0389,2,1,0
NCRB-SYNTH-105157,Trial Court,Sec 439 CrPC (Regular Bail),2,4,1,0,1,0,0,1,0,1,0.4633,1,145,0,0,0.1159,1,1.0,34.69,10988.97,0.1019,1,1,1,1,1,4,1,0,0,1,0,1,1,1,0,1,0.0277,0.0399,0,1,0
NCRB-SYNTH-105162,Trial Court,Trial Judgment,7,5,1,1,1,1,0,1,0,1,0.495,1,139,0,1,0.0783,2,1.0,105.94,21970.36,0.0666,1,1,1,1,1,5,1,0,0,1,1,0,1,0,0,4,0.0373,0.0232,2,1,0
NCRB-SYNTH-105165,Trial Court,Sec 482 CrPC (Quashing),1,1,1,0,1,0,0,1,0,0,0.4084,1,68,1,1,0.0123,3,1.2,35.57,5914.42,0.1801,1,1,1,1,0,1,1,0,0,1,1,1,1,1,1,1,0.0642,0.0926,2,1,0
NCRB-SYNTH-105168,Trial Court,Sec 439 CrPC (Regular Bail),45,2,1,0,1,0,1,1,1,1,0.6204,1,64,0,0,0.0901,1,1.0358,170.49,19798.45,0.1845,1,0,1,1,1,3,1,1,1,0,1,0,1,0,1,3,0.0806,0.0582,2,0,0
NCRB-SYNTH-105173,Trial Court,Sec 439 CrPC (Regular Bail),1,1,1,0,1,1,0,1,0,1,0.5395,0,127,0,1,0.053,8,1.2106,158.84,28305.6,0.1686,1,1,1,1,0,1,0,0,0,1,1,1,0,1,0,3,0.0149,0.0107,2,1,0
NCRB-SYNTH-105174,Trial Court,Sec 482 CrPC (Quashing),2,4,1,0,1,1,0,1,0,1,0.4948,1,144,1,1,0.0678,5,1.0,120.41,43427.3,0.1337,1,0,1,1,1,6,0,0,0,1,0,0,1,0,0,2,0.0661,0.0602,2,1,0
NCRB-SYNTH-105178,High Court,Trial Judgment,1,4,1,1,1,0,1,1,0,0,0.7918,1,125,1,1,0.0708,3,1.1177,157.14,3534.72,0.1518,1,1,1,1,1,5,1,0,0,1,1,0,1,1,0,1,0.0807,0.1164,2,1,0
NCRB-SYNTH-105183,High Court,Trial Judgment,2,3,2,0,1,0,0,1,0,0,0.5482,0,65,1,0,0.1301,6,1.0956,147.18,7248.5,0.0456,0,1,1,1,1,2,0,0,0,1,1,1,1,0,1,4,0.0887,0.0551,2,1,0
NCRB-SYNTH-105198,Trial Court,Sec 482 CrPC (Quashing),1,2,2,0,1,1,0,1,0,0,0.717,1,72,0,0,0.0874,9,1.0949,154.9,8362.05,0.181,1,0,1,1,1,2,0,0,0,1,1,0,0,0,0,2,0.0187,0.017,2,1,0
NCRB-SYNTH-105210,Trial Court,Sec 482 CrPC (Quashing),1,4,1,0,1,1,1,1,0,0,0.7165,1,145,0,0,0.169,3,1.1754,32.3,19448.84,0.1323,1,1,1,1,1,1,0,0,0,1,1,0,1,0,0,1,0.0119,0.0172,2,1,0
NCRB-SYNTH-105220,High Court,Sec 482 CrPC (Quashing),1,3,2,1,1,1,0,1,0,1,0.608,1,139,1,1,0.0419,8,1.234,45.51,9824.68,0.1461,1,1,1,0,0,2,1,0,0,1,0,0,1,0,0,2,0.0416,0.0379,2,1,0
NCRB-SYNTH-105223,Trial Court,Trial Judgment,1,5,1,0,1,0,1,1,0,0,0.3675,1,94,1,1,0.0715,2,1.2463,49.75,22790.94,0.1795,0,1,0,1,1,3,0,0,0,1,0,0,0,0,0,3,0.0996,0.0718,2,1,0
NCRB-SYNTH-105226,Trial Court,Sec 439 CrPC (Regular Bail),1,1,1,0,1,0,0,1,0,0,0.7285,1,114,0,0,0.0539,8,1.1466,87.52,5650.87,0.0054,1,1,1,1,1,4,0,0,0,1,0,0,0,1,0,2,0.0168,0.0152,2,1,0
NCRB-SYNTH-105229,Trial Court,Writ Petition (Detention),15,2,1,0,1,0,0,1,0,1,0.5103,1,35,0,0,0.0937,1,1.0356,61.47,42551.78,0.1006,1,1,1,0,1,2,1,0,0,1,0,1,1,0,0,4,0.0533,0.0331,0,1,0
NCRB-SYNTH-105236,Trial Court,Sec 439 CrPC (Regular Bail),2,5,2,0,1,1,0,1,0,0,0.9696,1,162,0,1,0.1042,5,1.1804,74.68,35052.03,0.0881,0,1,1,1,1,3,0,0,0,1,1,0,0,0,0,4,0.0118,0.0073,2,1,0
NCRB-SYNTH-105239,Trial Court,Writ Petition (Detention),2,5,2,0,1,0,0,1,0,0,0.5379,1,168,0,1,0.0886,7,1.1874,123.3,36794.71,0.1303,1,1,1,0,1,3,0,0,0,1,1,1,1,0,0,1,0.0322,0.0464,2,1,0
NCRB-SYNTH-105254,High Court,Sec 439 CrPC (Regular Bail),2,5,1,0,1,0,1,1,0,0,0.651,1,166,0,0,0.0833,7,1.1358,34.88,30279.65,0.1338,1,1,1,1,0,2,0,0,0,1,1,0,1,0,0,2,0.0384,0.0349,2,1,0
NCRB-SYNTH-105257,Trial Court,Sec 482 CrPC (Quashing),7,2,2,0,1,0,0,1,0,0,0.8852,1,66,0,0,0.1187,5,1.0435,61.25,11218.4,0.146,1,1,1,1,1,1,0,0,0,1,1,0,0,0,0,4,0.0958,0.0595,2,1,0
NCRB-SYNTH-105264,Trial Court,Sec 482 CrPC (Quashing),2,5,2,0,1,1,0,1,0,0,0.7191,1,39,1,1,0.1168,2,1.1159,91.9,39322.91,0.0832,1,1,1,1,1,3,0,0,0,1,1,1,0,0,0,2,0.0649,0.059,2,1,0
NCRB-SYNTH-105271,Trial Court,Sec 439 CrPC (Regular Bail),2,1,2,0,1,0,1,1,0,1,0.4851,1,142,0,0,0.0942,7,1.0208,62.2,41740.64,0.1949,0,0,1,0,0,7,1,1,1,0,0,0,0,0,0,4,0.0689,0.0428,2,1,0
NCRB-SYNTH-105272,Trial Court,Writ Petition (Detention),2,1,2,0,1,0,1,1,0,0,0.6835,1,121,0,0,0.0749,8,1.0999,159.8,20867.54,0.0849,0,1,1,1,1,2,0,0,0,1,1,1,1,0,0,3,0.016,0.0116,2,1,0
NCRB-SYNTH-105277,Trial Court,Writ Petition (Detention),1,2,1,0,1,0,0,1,0,1,0.4625,1,111,0,0,0.121,1,1.035,153.14,33014.91,0.0871,1,1,1,1,1,1,1,0,0,1,1,1,0,0,0,4,0.039,0.0242,2,1,0
NCRB-SYNTH-105283,Trial Court,Sec 482 CrPC (Quashing),2,2,1,0,1,0,0,1,0,0,0.5747,1,52,1,1,0.1355,4,1.178,172.78,39591.67,0.0306,1,0,1,1,0,3,0,1,1,0,0,0,0,0,1,3,0.0511,0.0369,2,0,0
NCRB-SYNTH-105288,Trial Court,Writ Petition (Detention),4,1,1,0,1,0,0,1,0,1,0.7982,1,168,0,0,0.0346,6,1.2577,90.8,26862.88,0.166,1,0,1,0,0,6,0,0,0,1,1,1,0,0,0,1,0.0982,0.1417,2,1,0
NCRB-SYNTH-105289,High Court,Sec 482 CrPC (Quashing),1,5,2,0,1,0,1,1,0,0,0.8757,1,152,0,0,0.0956,5,1.0495,77.43,3754.77,0.1275,1,1,1,0,0,3,1,0,0,1,0,1,0,0,1,1,0.0984,0.142,2,1,0
NCRB-SYNTH-105292,Trial Court,Trial Judgment,2,3,1,0,1,0,1,1,0,0,0.8017,1,76,0,1,0.0321,4,1.121,39.39,24201.66,0.1366,1,0,1,1,1,5,0,0,0,1,0,1,1,0,0,3,0.0266,0.0192,2,1,0
NCRB-SYNTH-105293,Trial Court,Sec 439 CrPC (Regular Bail),15,5,1,0,1,1,1,1,0,1,0.7381,1,158,0,0,0.0,9,1.0,176.44,11484.79,0.0412,1,1,0,1,0,2,0,0,0,1,1,0,0,0,0,3,0.062,0.0447,2,1,0
NCRB-SYNTH-105294,Trial Court,Trial Judgment,1,2,1,0,1,1,0,1,0,0,0.5262,1,106,0,0,0.0485,1,1.1204,66.05,28924.18,0.0576,1,0,1,0,0,3,0,0,0,1,1,0,1,0,0,1,0.0439,0.0633,2,1,0
NCRB-SYNTH-105296,Trial Court,Trial Judgment,45,3,1,0,1,0,0,1,0,0,0.8667,1,111,0,0,0.1415,6,1.2355,104.19,21948.31,0.1993,1,0,0,1,1,2,0,0,0,1,1,0,0,0,0,4,0.0512,0.0318,2,1,0
NCRB-SYNTH-105300,Trial Court,Sec 482 CrPC (Quashing),2,1,1,0,1,0,0,1,0,1,0.7055,1,62,0,0,0.1278,1,1.1491,132.16,43371.97,0.0426,0,1,1,1,1,1,1,0,0,1,1,1,1,0,0,3,0.0924,0.0667,2,1,0
NCRB-SYNTH-105302,High Court,Sec 482 CrPC (Quashing),1,4,1,0,1,0,1,1,0,0,0.5321,1,97,0,0,0.07,6,1.0,166.66,27864.2,0.1423,1,1,1,0,1,2,0,0,0,1,0,0,1,0,0,4,0.0167,0.0104,2,1,0
NCRB-SYNTH-105319,High Court,Writ Petition (Detention),1,4,2,0,1,0,1,1,1,1,0.749,0,130,0,1,0.0606,3,1.2951,159.71,6991.28,0.1539,1,1,1,1,1,4,0,0,0,1,1,1,1,0,1,1,0.091,0.1313,2,1,0
NCRB-SYNTH-105325,Trial Court,Sec 439 CrPC (Regular Bail),1,2,1,0,1,0,0,1,0,0,0.7333,1,58,0,0,0.0574,3,1.0,133.4,4593.61,0.0417,1,0,1,1,1,3,1,1,1,0,1,1,0,0,0,1,0.0579,0.0836,2,1,1
NCRB-SYNTH-105327,Trial Court,Sec 439 CrPC (Regular Bail),2,5,2,0,1,1,0,1,0,1,0.5372,1,171,1,1,0.148,6,1.0,33.73,8988.65,0.0409,1,1,1,1,1,3,0,0,0,1,0,0,1,0,0,1,0.0691,0.0996,2,1,0
NCRB-SYNTH-105328,Trial Court,Writ Petition (Detention),1,3,2,0,1,0,0,1,0,0,0.9474,1,13,1,1,0.1082,2,1.2192,127.88,31810.81,0.055,0,1,1,1,1,4,1,0,0,1,0,0,1,0,0,4,0.0634,0.0394,2,1,0
NCRB-SYNTH-105333,Trial Court,Sec 482 CrPC (Quashing),2,5,2,0,1,0,0,1,0,0,0.5856,0,170,0,0,0.0866,2,1.0419,110.12,39488.74,0.1771,1,1,1,1,1,2,0,0,0,1,0,0,1,1,0,1,0.052,0.075,2,1,0
NCRB-SYNTH-105340,Trial Court,Sec 439 CrPC (Regular Bail),2,4,2,0,1,0,0,1,0,0,0.696,1,125,0,1,0.0899,2,1.0907,105.41,28501.56,0.0002,1,1,1,1,1,1,0,0,0,1,1,1,0,0,0,4,0.0842,0.0523,2,1,0
NCRB-SYNTH-105343,High Court,Sec 439 CrPC (Regular Bail),4,1,2,0,1,0,1,1,0,0,0.7733,1,77,0,0,0.1297,9,1.2076,131.22,17780.0,0.0887,1,1,0,1,0,1,0,0,0,1,1,0,0,0,0,4,0.0528,0.0328,0,1,0
NCRB-SYNTH-105344,Trial Court,Trial Judgment,2,3,1,1,1,1,0,1,0,1,0.5027,1,138,0,0,0.0312,5,1.1436,32.42,12850.57,0.157,1,1,1,1,0,5,0,0,0,1,1,1,1,0,0,3,0.0625,0.0451,2,1,0
NCRB-SYNTH-105347,Trial Court,Sec 482 CrPC (Quashing),4,4,2,0,1,1,1,1,0,0,0.7282,0,56,0,0,0.0945,3,1.0353,166.02,13560.37,0.138,1,1,0,1,0,1,1,0,0,1,1,0,1,0,0,3,0.0823,0.0593,0,1,0
NCRB-SYNTH-105357,Trial Court,Trial Judgment,2,3,2,0,1,0,1,1,0,0,0.5918,1,141,0,0,0.0475,6,1.1911,81.78,23204.62,0.021,1,1,1,1,1,5,1,0,0,1,1,1,0,1,0,3,0.0802,0.0578,2,1,0
NCRB-SYNTH-105370,Trial Court,Sec 482 CrPC (Quashing),1,5,2,0,1,1,1,1,0,1,0.818,1,80,0,0,0.0884,9,1.0,39.07,44286.19,0.0309,1,1,1,1,0,3,1,0,0,1,1,0,1,0,0,1,0.0327,0.0471,2,1,0
NCRB-SYNTH-105384,Trial Court,Sec 439 CrPC (Regular Bail),1,4,1,0,1,1,0,1,0,0,0.5087,0,81,0,0,0.0278,8,1.2502,151.65,11681.58,0.1863,1,0,1,1,1,3,1,1,1,0,1,1,1,0,0,4,0.0813,0.0505,2,1,0
NCRB-SYNTH-105391,Trial Court,Trial Judgment,1,5,2,0,1,0,0,1,0,0,0.5008,1,108,1,0,0.0617,5,1.0,177.5,11481.6,0.1557,1,0,0,1,1,5,0,0,0,1,1,0,1,0,0,2,0.079,0.0719,2,1,0
NCRB-SYNTH-105397,Trial Court,Trial Judgment,1,4,2,0,1,1,0,1,1,0,0.816,1,35,0,1,0.1359,4,1.3555,60.18,26981.94,0.0589,0,1,0,1,0,2,1,0,0,1,1,0,1,0,0,4,0.024,0.0149,2,1,0
NCRB-SYNTH-105414,Trial Court,Writ Petition (Detention),2,5,1,0,1,0,0,1,1,1,0.9224,1,166,1,1,0.1664,7,1.229,120.96,41726.29,0.0039,1,0,1,1,1,1,0,1,1,0,1,0,1,0,0,1,0.0836,0.1206,2,0,1
NCRB-SYNTH-105415,Trial Court,Writ Petition (Detention),1,4,2,0,1,0,0,1,0,0,0.9368,1,40,0,0,0.0956,2,1.0,173.0,22123.3,0.0177,0,1,1,1,0,2,0,0,0,1,1,1,0,0,0,1,0.0384,0.0555,2,1,0
NCRB-SYNTH-105421,Trial Court,Sec 482 CrPC (Quashing),1,2,1,0,1,1,1,1,1,0,0.6896,1,43,0,0,0.1362,8,1.2641,167.45,9654.33,0.0722,1,0,1,1,0,2,0,1,1,0,1,1,1,0,0,4,0.0995,0.0618,2,1,1
NCRB-SYNTH-105432,Trial Court,Sec 482 CrPC (Quashing),1,2,1,0,1,1,0,1,0,0,0.8699,1,94,0,1,0.0019,8,1.0051,115.01,31561.87,0.0527,1,1,1,0,0,2,0,0,0,1,0,0,1,0,0,2,0.0352,0.032,2,1,0
NCRB-SYNTH-105434,High Court,Sec 439 CrPC (Regular Bail),1,4,2,0,1,0,0,1,1,1,0.8193,1,80,1,1,0.0694,4,1.0675,108.17,25307.91,0.1687,1,0,1,1,1,2,0,1,1,0,1,0,1,0,1,1,0.0475,0.0686,2,0,1
NCRB-SYNTH-105439,Trial Court,Trial Judgment,2,3,2,0,1,0,0,1,0,0,0.474,1,55,0,0,0.0245,2,1.3008,130.8,18247.09,0.0869,1,0,0,1,0,1,1,1,1,0,1,1,0,0,1,4,0.0139,0.0086,2,0,0
NCRB-SYNTH-105443,Trial Court,Writ Petition (Detention),27,3,1,0,1,0,1,1,0,1,0.8236,1,135,0,0,0.1168,2,1.1879,105.11,42825.67,0.1979,0,1,1,1,1,2,0,0,0,1,1,0,0,0,0,4,0.0638,0.0396,2,1,0
NCRB-SYNTH-105445,Trial Court,Sec 482 CrPC (Quashing),4,4,1,0,1,0,0,1,0,0,0.8483,1,105,0,0,0.015,7,1.0472,132.96,23162.17,0.1992,0,1,0,1,1,2,0,0,0,1,0,0,1,0,0,4,0.0157,0.0097,2,1,0
NCRB-SYNTH-105446,Trial Court,Writ Petition (Detention),21,4,1,0,1,1,1,1,0,0,0.8482,1,179,0,0,0.0634,6,1.0,169.55,28646.61,0.0552,1,0,0,0,1,3,0,0,0,1,1,1,1,0,0,2,0.0571,0.052,2,1,0
NCRB-SYNTH-105450,Trial Court,Trial Judgment,4,2,1,0,1,0,1,1,0,1,0.6075,1,165,0,0,0.0687,1,1.073,172.37,22611.9,0.0067,1,1,1,1,1,2,1,0,0,1,0,0,1,0,1,2,0.0928,0.0845,2,1,0
NCRB-SYNTH-105463,Trial Court,Trial Judgment,7,3,2,0,1,1,0,1,0,0,0.931,0,98,0,0,0.052,1,1.1798,113.42,22383.34,0.1937,1,0,1,1,1,5,0,1,1,0,0,0,0,0,0,1,0.0202,0.0291,2,0,1
NCRB-SYNTH-105473,Trial Court,Sec 482 CrPC (Quashing),1,3,1,0,1,1,1,1,0,0,0.6995,0,77,0,1,0.106,4,1.2117,97.39,16567.57,0.1983,1,1,1,0,1,4,0,0,0,1,1,1,0,0,0,2,0.0304,0.0277,0,1,0
NCRB-SYNTH-105475,Trial Court,Writ Petition (Detention),1,1,1,1,1,0,0,1,0,0,0.4206,1,182,1,1,0.0597,1,1.2084,57.54,17227.05,0.0877,1,0,1,0,1,2,0,1,1,0,0,0,0,0,0,3,0.0459,0.0331,2,1,0
NCRB-SYNTH-105491,Trial Court,Sec 439 CrPC (Regular Bail),7,5,2,0,1,0,1,1,0,1,0.6153,1,54,0,0,0.0302,4,1.0264,46.44,8519.39,0.0099,1,1,1,1,0,3,1,0,0,1,0,0,0,1,0,2,0.0708,0.0645,0,1,0
NCRB-SYNTH-105502,Trial Court,Sec 439 CrPC (Regular Bail),1,3,1,0,1,0,1,1,0,1,0.8683,0,82,1,1,0.0746,1,1.1453,109.17,13009.98,0.1482,1,1,1,1,1,2,0,0,0,1,1,0,0,0,1,1,0.052,0.075,0,1,0
NCRB-SYNTH-105506,High Court,Sec 482 CrPC (Quashing),21,3,1,0,1,0,0,1,0,0,0.7468,1,169,0,0,0.0433,5,1.0,68.24,8408.33,0.1594,1,1,0,1,0,4,0,0,0,1,0,0,0,0,0,3,0.0832,0.06,2,1,0
NCRB-SYNTH-105511,Trial Court,Trial Judgment,2,2,2,0,1,0,0,1,0,1,0.9018,1,104,0,1,0.107,7,1.0132,76.45,31937.34,0.1007,1,1,1,1,1,1,0,0,0,1,1,0,1,0,0,1,0.0441,0.0636,2,1,0
NCRB-SYNTH-105515,Trial Court,Trial Judgment,2,2,1,0,1,0,0,1,0,1,0.9192,0,54,0,0,0.0919,1,1.2638,52.95,32288.79,0.0874,1,0,0,1,1,1,1,0,0,1,1,1,1,0,0,1,0.0774,0.1116,2,1,0
NCRB-SYNTH-105519,Trial Court,Sec 439 CrPC (Regular Bail),1,5,2,0,1,0,0,1,0,0,0.8299,1,108,0,0,0.095,3,1.0705,39.02,23893.9,0.1737,1,1,1,1,1,1,0,0,0,1,0,0,0,1,0,3,0.0615,0.0444,2,1,0
NCRB-SYNTH-105526,Trial Court,Sec 439 CrPC (Regular Bail),1,5,1,0,1,0,0,1,0,0,0.5704,1,58,1,1,0.0695,8,1.1945,163.2,40637.76,0.0062,1,0,0,1,1,1,0,1,1,0,1,1,0,0,0,4,0.074,0.046,2,0,0
NCRB-SYNTH-105528,Trial Court,Sec 482 CrPC (Quashing),1,1,2,0,1,0,1,1,1,0,0.7274,1,108,0,0,0.0336,8,1.0,110.32,44593.7,0.1278,1,1,1,1,1,4,0,0,0,1,1,0,1,0,0,3,0.0799,0.0577,2,1,0
NCRB-SYNTH-105532,High Court,Sec 439 CrPC (Regular Bail),15,2,1,0,1,0,0,1,0,0,0.4951,1,66,1,1,0.1088,5,1.2086,166.78,23828.81,0.0012,1,1,1,0,0,2,1,0,0,1,1,0,1,0,0,1,0.0356,0.0514,2,1,0
NCRB-SYNTH-105535,High Court,Sec 482 CrPC (Quashing),2,5,2,0,1,0,1,1,1,1,0.4716,1,29,1,1,0.1773,6,1.0937,90.47,14541.7,0.173,0,1,1,1,1,1,1,0,0,1,1,1,0,0,1,4,0.063,0.0392,2,1,0
NCRB-SYNTH-105536,Trial Court,Sec 482 CrPC (Quashing),1,4,1,0,1,1,0,1,0,0,0.5208,1,143,1,1,0.0012,6,1.0874,103.86,20797.69,0.0053,1,1,1,1,0,3,1,0,0,1,1,0,1,0,0,1,0.0522,0.0753,2,1,0
NCRB-SYNTH-105537,Trial Court,Writ Petition (Detention),1,4,1,0,1,1,1,1,0,1,0.5567,1,100,0,0,0.0719,3,1.2615,124.9,4824.2,0.0889,1,0,1,0,1,5,0,1,1,0,1,1,1,0,1,2,0.01,0.0091,2,0,0
NCRB-SYNTH-105541,Trial Court,Sec 482 CrPC (Quashing),1,2,2,0,1,0,0,1,0,1,0.8506,1,22,1,0,0.0851,7,1.2579,60.48,35709.32,0.1887,1,1,1,1,0,2,0,0,0,1,0,0,1,0,1,4,0.028,0.0174,2,1,0
NCRB-SYNTH-105546,Trial Court,Writ Petition (Detention),1,1,1,0,1,0,0,1,0,0,0.4863,1,28,1,1,0.0648,2,1.1685,51.13,15824.34,0.1146,1,0,0,1,0,1,0,0,0,1,0,0,1,1,0,2,0.0254,0.0231,2,1,0
NCRB-SYNTH-105547,Trial Court,Sec 439 CrPC (Regular Bail),1,4,1,0,1,1,1,1,0,0,0.8734,1,11,0,0,0.0856,6,1.0211,48.09,9847.58,0.1009,1,1,1,1,0,1,0,0,0,1,1,1,1,0,1,3,0.0531,0.0383,2,1,0
NCRB-SYNTH-105548,High Court,Sec 439 CrPC (Regular Bail),21,1,1,0,1,0,0,1,1,1,0.717,1,33,1,1,0.0933,5,1.1671,175.78,7700.71,0.1887,1,1,1,1,0,1,0,0,0,1,1,0,0,0,0,4,0.0648,0.0402,2,1,0
NCRB-SYNTH-105550,Trial Court,Sec 439 CrPC (Regular Bail),1,2,1,0,1,0,0,1,0,0,0.4733,1,53,0,0,0.0806,2,1.0993,150.89,37742.47,0.1103,1,0,1,1,1,2,0,1,1,0,0,1,0,0,0,1,0.0213,0.0307,2,0,0
NCRB-SYNTH-105557,Trial Court,Sec 482 CrPC (Quashing),2,5,1,0,1,1,0,1,0,0,0.6673,1,64,0,0,0.0423,7,1.0,72.43,40357.08,0.1788,1,1,0,1,1,4,0,0,0,1,0,0,0,0,0,4,0.0681,0.0423,2,1,0
NCRB-SYNTH-105566,Trial Court,Sec 482 CrPC (Quashing),1,5,2,0,1,0,0,1,0,0,0.8194,0,168,1,1,0.0766,4,1.0,76.28,36819.75,0.1596,1,0,1,1,1,5,1,1,1,0,1,1,1,0,0,2,0.0213,0.0194,2,0,1
NCRB-SYNTH-105572,Trial Court,Sec 439 CrPC (Regular Bail),4,3,1,0,1,0,0,1,0,1,0.6911,1,90,1,1,0.1074,4,1.1359,58.02,34022.86,0.133,1,1,1,1,1,1,1,0,0,1,1,0,1,0,1,1,0.0671,0.0967,2,1,0
NCRB-SYNTH-105576,Trial Court,Sec 482 CrPC (Quashing),2,1,1,0,1,0,0,1,0,0,0.6776,0,77,0,0,0.0957,3,1.0046,106.31,38012.09,0.0345,1,0,1,1,0,4,0,1,1,0,1,1,1,0,1,3,0.0942,0.0679,2,0,1
NCRB-SYNTH-105581,Trial Court,Trial Judgment,2,1,2,0,1,0,0,1,0,1,0.4257,1,150,0,0,0.072,4,1.0,30.73,12154.58,0.0462,0,1,0,0,1,3,0,0,0,1,1,1,0,0,0,3,0.0961,0.0693,2,1,0
NCRB-SYNTH-105586,Trial Court,Sec 482 CrPC (Quashing),4,5,2,0,1,0,1,1,0,1,0.6837,1,53,0,0,0.0619,4,1.0104,132.43,28708.25,0.0479,1,1,1,1,1,3,1,0,0,1,1,1,0,0,0,3,0.0476,0.0344,2,1,0
NCRB-SYNTH-105593,Trial Court,Sec 439 CrPC (Regular Bail),1,1,1,0,1,0,1,1,0,1,0.5797,1,103,1,0,0.1125,3,1.127,106.7,10131.17,0.1063,1,1,1,1,1,2,0,0,0,1,1,1,0,0,0,4,0.0868,0.0539,2,1,0
NCRB-SYNTH-105603,Trial Court,Writ Petition (Detention),1,3,1,0,1,1,0,1,0,0,0.4161,1,53,1,1,0.1601,4,1.0506,49.81,27960.03,0.0076,1,1,1,1,1,4,1,0,0,1,1,1,1,0,0,3,0.0301,0.0217,2,1,0
NCRB-SYNTH-105605,Trial Court,Sec 439 CrPC (Regular Bail),1,1,2,0,1,0,0,1,0,0,0.6885,0,78,1,1,0.1164,5,1.0301,35.75,6860.07,0.0807,0,0,1,1,0,3,0,1,1,0,1,0,1,0,1,3,0.0508,0.0367,2,1,1
NCRB-SYNTH-105611,Trial Court,Trial Judgment,45,2,1,0,1,0,0,1,0,0,0.4691,0,70,0,0,0.1144,7,1.0759,77.22,20758.54,0.1295,1,1,1,0,0,5,1,0,0,1,1,0,0,0,0,3,0.0335,0.0241,2,1,0
NCRB-SYNTH-105620,Trial Court,Trial Judgment,4,2,2,0,1,0,1,1,0,0,0.4802,1,38,1,1,0.088,1,1.1409,54.32,24372.69,0.0945,1,1,1,1,0,2,0,0,0,1,1,0,1,0,0,1,0.0164,0.0236,0,1,0
NCRB-SYNTH-105621,Trial Court,Trial Judgment,1,3,1,0,1,0,0,1,0,1,0.777,1,93,0,0,0.136,6,1.0,179.66,24024.66,0.133,1,1,1,1,1,4,1,0,0,1,0,0,0,1,0,1,0.0881,0.1271,2,1,0
NCRB-SYNTH-105625,Trial Court,Sec 482 CrPC (Quashing),1,5,2,0,1,0,1,1,1,0,0.4801,1,44,0,1,0.0736,8,1.2543,79.18,27242.73,0.0371,1,1,1,0,0,3,0,0,0,1,1,0,1,0,1,2,0.0678,0.0617,2,1,0
NCRB-SYNTH-105630,Trial Court,Sec 439 CrPC (Regular Bail),1,1,2,0,1,0,0,1,0,1,0.9741,1,153,1,0,0.1205,9,1.0,170.08,26384.04,0.1672,1,1,1,1,1,1,1,0,0,1,1,1,1,0,0,2,0.0503,0.0458,2,1,0
NCRB-SYNTH-105633,Trial Court,Sec 482 CrPC (Quashing),4,5,1,0,1,0,0,1,0,1,0.7621,1,125,1,1,0.0443,1,1.0771,96.12,28041.53,0.1818,1,1,1,1,0,2,1,0,0,1,1,1,1,0,0,4,0.0824,0.0512,2,1,0
NCRB-SYNTH-105634,Trial Court,Sec 439 CrPC (Regular Bail),1,5,1,0,1,0,0,1,0,1,0.8581,1,97,0,1,0.1169,2,1.1733,139.07,40118.61,0.0296,0,1,1,0,1,3,0,0,0,1,1,0,0,0,0,1,0.0339,0.0489,2,1,0
NCRB-SYNTH-105635,Trial Court,Writ Petition (Detention),2,3,1,0,1,0,0,1,0,1,0.5879,1,80,1,1,0.0834,9,1.1776,55.08,41970.48,0.0757,1,1,1,1,1,2,0,0,0,1,1,0,1,0,0,3,0.0899,0.0648,2,1,0
NCRB-SYNTH-105636,Trial Court,Trial Judgment,2,3,1,1,1,1,1,1,0,0,0.6475,1,118,0,0,0.0169,2,1.0543,137.02,14081.79,0.0585,1,0,1,1,1,3,1,1,1,0,1,0,0,0,1,4,0.0898,0.0558,0,1,0
NCRB-SYNTH-105639,High Court,Trial Judgment,1,5,1,0,1,0,0,1,0,0,0.6354,1,90,0,1,0.0481,7,1.1498,31.14,28315.84,0.1027,1,1,1,1,1,2,1,0,0,1,1,0,0,0,0,4,0.0468,0.0291,2,1,0
NCRB-SYNTH-105640,Trial Court,Sec 482 CrPC (Quashing),7,3,2,0,1,0,0,1,0,1,0.8106,1,140,1,1,0.0674,3,1.1464,66.05,5660.19,0.1808,1,1,1,1,1,4,1,0,0,1,0,0,1,0,0,2,0.0272,0.0248,2,1,0
NCRB-SYNTH-105647,Trial Court,Sec 482 CrPC (Quashing),1,1,2,0,1,1,0,1,0,1,0.5516,1,126,0,0,0.1187,4,1.2705,105.17,28225.11,0.1631,1,1,0,1,0,3,0,0,0,1,1,1,0,0,1,2,0.0556,0.0506,2,1,0
NCRB-SYNTH-105655,Trial Court,Writ Petition (Detention),2,2,1,0,1,1,1,1,0,0,0.9005,1,42,0,0,0.1248,2,1.102,78.43,36912.94,0.0586,0,1,1,1,0,2,0,0,0,1,0,1,0,0,1,1,0.0736,0.1061,2,1,0
NCRB-SYNTH-105656,Trial Court,Sec 439 CrPC (Regular Bail),45,1,2,0,1,1,1,1,0,0,0.8131,1,66,0,0,0.1367,1,1.0,168.01,36565.24,0.1578,1,1,1,1,1,1,0,0,0,1,1,0,1,1,1,1,0.0653,0.0942,2,1,0
NCRB-SYNTH-105661,Trial Court,Sec 482 CrPC (Quashing),4,2,2,0,1,0,0,1,0,0,0.8128,1,140,0,0,0.14,9,1.1255,109.1,32557.17,0.0651,1,1,1,1,1,2,0,0,0,1,0,0,1,1,0,2,0.0372,0.0339,2,1,0
NCRB-SYNTH-105662,Trial Court,Trial Judgment,2,2,1,0,1,0,0,1,0,0,0.7548,1,52,0,0,0.0592,5,1.2792,79.29,35790.65,0.0409,1,1,1,1,1,5,1,0,0,1,1,0,0,0,0,3,0.0144,0.0104,2,1,0
NCRB-SYNTH-105669,Trial Court,Sec 439 CrPC (Regular Bail),1,4,2,0,1,0,1,1,0,1,0.8608,1,87,0,0,0.1012,2,1.1671,168.33,22729.61,0.0243,1,0,1,0,0,2,0,0,0,1,1,1,0,0,0,3,0.0439,0.0316,2,1,0
NCRB-SYNTH-105676,Trial Court,Sec 439 CrPC (Regular Bail),1,3,2,1,1,0,0,1,0,0,0.719,1,70,0,1,0.044,2,1.0794,88.37,36660.91,0.1067,0,1,0,1,1,3,0,0,0,1,0,0,1,0,0,4,0.0723,0.0449,2,1,0
NCRB-SYNTH-105678,Trial Court,Sec 439 CrPC (Regular Bail),1,3,1,0,1,0,1,1,0,0,0.6503,1,178,1,1,0.0885,7,1.0,52.31,32456.88,0.1412,1,0,1,0,1,1,1,0,0,1,1,1,1,0,0,2,0.0228,0.0207,0,1,0
NCRB-SYNTH-105680,High Court,Writ Petition (Detention),4,1,2,0,1,0,1,1,0,1,0.7715,1,29,1,1,0.0731,6,1.0,117.83,44976.76,0.0324,1,1,1,1,1,1,0,0,0,1,0,0,0,0,0,3,0.0415,0.0299,2,1,0
NCRB-SYNTH-105685,Trial Court,Trial Judgment,1,2,1,0,1,0,1,1,1,0,0.4887,1,28,0,0,0.0667,5,1.2014,34.36,3331.3,0.1672,1,0,1,1,1,1,0,1,1,0,0,0,1,0,0,4,0.0449,0.0279,0,0,0
NCRB-SYNTH-105689,Trial Court,Sec 439 CrPC (Regular Bail),7,4,2,0,1,1,0,1,0,1,0.8864,0,182,0,0,0.0576,6,1.1153,62.81,9185.29,0.1799,1,1,1,1,1,4,1,0,0,1,1,1,0,0,0,3,0.0508,0.0366,0,1,0
NCRB-SYNTH-105692,High Court,Trial Judgment,1,1,2,0,1,1,0,1,0,0,0.6937,0,99,0,0,0.1118,2,1.0735,111.16,37352.76,0.0756,1,0,1,1,0,2,0,1,1,0,1,0,0,0,0,3,0.0718,0.0518,2,0,1
NCRB-SYNTH-105708,High Court,Sec 439 CrPC (Regular Bail),2,5,2,0,1,0,0,1,0,0,0.5624,0,85,0,1,0.1197,8,1.2057,42.05,30732.47,0.0838,1,0,1,1,1,2,0,1,1,0,0,0,1,0,0,1,0.083,0.1198,2,0,0
NCRB-SYNTH-105711,Trial Court,Sec 439 CrPC (Regular Bail),21,3,2,0,1,0,0,1,0,1,0.4502,1,118,1,1,0.0319,5,1.0,84.39,36239.14,0.1537,1,1,1,1,1,2,0,0,0,1,1,1,1,1,1,2,0.0604,0.055,2,1,0
NCRB-SYNTH-105717,Trial Court,Writ Petition (Detention),1,1,2,0,1,0,1,1,1,1,0.5826,1,94,1,1,0.1031,4,1.2549,175.03,31798.31,0.1457,1,1,1,1,1,4,0,0,0,1,1,1,1,1,0,1,0.0858,0.1238,2,1,0
NCRB-SYNTH-105719,Trial Court,Sec 439 CrPC (Regular Bail),2,2,1,1,1,0,1,1,0,1,0.5778,0,108,1,1,0.1134,3,1.1809,53.33,3989.72,0.0482,1,1,1,1,1,1,0,0,0,1,1,0,1,0,0,3,0.0982,0.0708,2,1,0
NCRB-SYNTH-105720,Trial Court,Sec 439 CrPC (Regular Bail),4,4,1,0,1,0,0,1,0,1,0.5622,0,95,0,0,0.0724,2,1.0866,94.91,11249.8,0.152,0,1,1,1,0,3,1,0,0,1,0,1,0,0,0,3,0.0378,0.0273,2,1,0
NCRB-SYNTH-105721,High Court,Sec 439 CrPC (Regular Bail),1,3,1,0,1,1,1,1,1,0,0.9212,1,115,1,1,0.0337,7,1.0967,171.01,31587.81,0.025,1,1,1,1,1,2,0,0,0,1,1,0,1,0,0,4,0.0773,0.048,2,1,0
NCRB-SYNTH-105724,Trial Court,Sec 439 CrPC (Regular Bail),1,3,2,0,1,0,1,1,0,0,0.9055,1,120,0,0,0.1737,6,1.1061,80.84,15510.32,0.1993,1,1,0,1,1,2,0,0,0,1,1,0,0,0,0,4,0.0689,0.0428,2,1,0
NCRB-SYNTH-105725,Trial Court,Writ Petition (Detention),1,1,2,0,1,0,0,1,0,0,0.5493,1,104,0,1,0.1453,2,1.0,117.51,36047.15,0.0059,1,1,1,1,1,5,0,0,0,1,1,1,1,0,0,2,0.0892,0.0812,2,1,0
NCRB-SYNTH-105727,High Court,Trial Judgment,1,1,2,0,1,0,0,1,0,0,0.6143,1,176,0,0,0.1101,1,1.1035,170.06,37350.02,0.0486,1,0,1,0,1,4,1,1,1,0,1,0,1,1,0,2,0.0921,0.0838,2,1,0
NCRB-SYNTH-105728,Trial Court,Trial Judgment,1,2,1,0,1,0,1,1,0,1,0.9178,1,77,1,1,0.0176,4,1.1565,61.85,31687.27,0.0623,1,1,1,1,1,4,1,0,0,1,1,0,1,0,0,1,0.0147,0.0212,2,1,0
NCRB-SYNTH-105729,Trial Court,Writ Petition (Detention),4,5,2,0,1,1,0,1,0,0,0.7653,1,44,1,1,0.0809,9,1.0325,30.11,13151.71,0.0501,1,0,1,1,1,2,0,0,0,1,0,0,1,0,1,3,0.0156,0.0113,2,1,0
NCRB-SYNTH-105739,High Court,Trial Judgment,1,4,1,0,1,0,0,1,0,0,0.5198,1,176,0,0,0.0768,8,1.2414,174.37,41286.02,0.1127,1,1,1,1,1,2,0,0,0,1,1,0,0,0,1,1,0.0546,0.0788,0,1,0
NCRB-SYNTH-105745,High Court,Sec 482 CrPC (Quashing),1,3,1,0,1,0,1,1,0,0,0.7025,1,138,0,0,0.0403,3,1.0,137.44,41738.29,0.088,0,0,1,0,0,3,0,1,1,0,1,0,1,0,0,4,0.0666,0.0414,2,1,1
NCRB-SYNTH-105753,High Court,Sec 439 CrPC (Regular Bail),1,1,2,0,1,0,0,1,0,0,0.7003,1,38,0,0,0.1592,5,1.0666,147.64,28231.31,0.0489,1,1,1,1,0,1,0,0,0,1,1,0,0,0,0,3,0.0614,0.0443,2,1,0
NCRB-SYNTH-105764,Trial Court,Sec 482 CrPC (Quashing),1,1,1,1,1,0,0,1,0,0,0.826,1,78,1,1,0.0158,4,1.1293,141.85,26794.08,0.0387,0,0,1,1,1,2,0,1,1,0,1,1,0,0,0,2,0.024,0.0218,2,1,1
NCRB-SYNTH-105768,Trial Court,Trial Judgment,1,4,2,0,1,0,1,1,0,0,0.6755,0,71,0,0,0.0416,5,1.0,123.94,3503.29,0.1438,1,1,1,1,1,2,0,0,0,1,1,0,1,0,0,2,0.0399,0.0364,2,1,0
NCRB-SYNTH-105775,Trial Court,Writ Petition (Detention),21,2,1,0,1,0,1,1,0,1,0.9004,1,180,0,0,0.0208,1,1.0,117.92,28979.4,0.0121,1,1,1,1,1,3,0,0,0,1,0,1,0,0,0,2,0.0369,0.0336,0,1,0
NCRB-SYNTH-105778,Trial Court,Sec 482 CrPC (Quashing),1,1,2,0,1,0,0,1,0,0,0.7826,1,161,0,0,0.0855,4,1.1533,145.64,35207.45,0.0959,1,1,1,1,1,2,0,0,0,1,1,1,1,0,0,4,0.0625,0.0388,2,1,0
NCRB-SYNTH-105784,High Court,Sec 482 CrPC (Quashing),2,4,1,0,1,0,0,1,0,0,0.7718,1,18,0,0,0.0654,3,1.1659,111.62,11527.56,0.1967,1,1,1,1,1,3,1,0,0,1,1,0,0,0,0,4,0.0296,0.0184,2,1,0
NCRB-SYNTH-105785,Trial Court,Sec 482 CrPC (Quashing),2,4,1,0,1,0,0,1,0,0,0.8911,1,144,0,0,0.0897,7,1.0,70.07,35050.83,0.1062,0,1,1,1,1,1,0,0,0,1,1,0,0,0,0,2,0.0811,0.0738,2,1,0
NCRB-SYNTH-105797,Trial Court,Sec 439 CrPC (Regular Bail),7,2,1,1,1,1,0,1,0,0,0.6327,1,100,0,1,0.0667,3,1.0742,166.5,6588.14,0.1814,1,1,1,0,1,3,0,0,0,1,0,0,0,0,0,1,0.0874,0.1261,2,1,0
NCRB-SYNTH-105800,Trial Court,Writ Petition (Detention),1,1,1,0,1,0,0,1,0,1,0.5319,1,61,1,1,0.0285,7,1.2555,125.37,19720.02,0.0556,1,0,1,1,1,4,1,0,0,1,1,0,1,0,0,4,0.0225,0.014,2,1,0
NCRB-SYNTH-105802,Trial Court,Sec 439 CrPC (Regular Bail),2,2,2,0,1,0,0,1,0,1,0.7603,1,62,0,0,0.046,4,1.0293,155.41,38519.17,0.162,1,1,1,1,1,3,0,0,0,1,1,0,1,1,0,4,0.0573,0.0356,2,1,0
NCRB-SYNTH-105806,Trial Court,Trial Judgment,1,1,2,1,1,0,0,1,0,1,0.704,1,39,1,1,0.1583,4,1.0,152.9,11666.89,0.1329,1,1,1,1,0,4,0,0,0,1,1,1,0,0,0,2,0.0553,0.0503,2,1,0
NCRB-SYNTH-105811,Trial Court,Sec 439 CrPC (Regular Bail),2,5,2,0,1,1,1,1,1,0,0.4171,1,110,1,1,0.0569,3,1.0,144.88,22419.21,0.0777,1,1,1,1,1,3,0,0,0,1,0,0,1,1,0,1,0.0178,0.0256,2,1,0
NCRB-SYNTH-105815,Trial Court,Trial Judgment,1,5,2,0,1,0,1,1,0,1,0.4702,1,51,0,0,0.0225,3,1.1488,36.19,33593.55,0.126,1,0,1,1,0,1,1,1,1,0,1,0,1,0,0,4,0.0381,0.0237,2,0,0
NCRB-SYNTH-105816,Trial Court,Sec 482 CrPC (Quashing),7,2,2,1,1,0,1,1,0,1,0.5275,1,30,0,0,0.0473,9,1.2937,46.25,42537.98,0.0813,1,0,1,1,0,3,1,1,1,0,1,1,1,1,0,3,0.0428,0.0309,2,0,0
NCRB-SYNTH-105817,High Court,Sec 482 CrPC (Quashing),7,4,1,0,1,0,0,1,0,0,0.5305,1,65,1,1,0.0993,3,1.0,74.34,10209.7,0.1789,1,1,1,1,1,6,0,0,0,1,1,0,1,0,0,1,0.0418,0.0602,2,1,0
NCRB-SYNTH-105825,Trial Court,Sec 439 CrPC (Regular Bail),1,2,2,1,1,1,1,1,0,1,0.7524,1,167,1,1,0.0796,8,1.1821,89.29,27970.2,0.088,1,0,1,1,1,2,1,1,1,0,0,0,0,0,0,2,0.0503,0.0458,2,0,1
NCRB-SYNTH-105828,Trial Court,Writ Petition (Detention),2,3,1,0,1,0,1,1,0,1,0.5896,1,46,1,1,0.1202,2,1.1831,77.9,26861.85,0.016,1,0,1,1,1,2,1,1,1,0,1,0,1,0,0,3,0.0374,0.027,0,0,0
NCRB-SYNTH-105842,Trial Court,Trial Judgment,1,1,1,0,1,0,0,1,0,1,0.6728,1,54,1,1,0.0846,2,1.2035,76.85,32592.66,0.0388,1,1,1,1,0,1,0,0,0,1,0,0,1,0,0,2,0.0763,0.0694,2,1,0
NCRB-SYNTH-105843,High Court,Writ Petition (Detention),2,3,2,0,1,0,1,1,0,0,0.4102,1,132,0,0,0.0935,1,1.1525,124.51,33661.52,0.1956,0,0,1,1,0,2,0,1,1,0,1,0,1,0,0,2,0.0328,0.0299,2,0,0
NCRB-SYNTH-105844,Trial Court,Trial Judgment,2,5,1,0,1,1,0,1,0,0,0.5612,1,26,0,0,0.0993,1,1.221,92.93,27400.99,0.1637,1,1,1,0,1,4,1,0,0,1,0,0,0,0,0,4,0.0223,0.0138,2,1,0
NCRB-SYNTH-105851,Trial Court,Writ Petition (Detention),4,3,2,0,1,1,0,1,0,0,0.6841,0,97,0,0,0.1072,5,1.0,131.02,34912.93,0.0127,1,0,1,1,1,2,0,0,0,1,1,0,0,0,0,2,0.0232,0.0211,2,1,0
NCRB-SYNTH-105857,Trial Court,Sec 439 CrPC (Regular Bail),1,4,1,0,1,0,0,1,0,0,0.8987,1,96,0,0,0.0,7,1.0162,40.51,15581.1,0.0695,0,1,0,1,0,2,0,0,0,1,1,1,0,0,0,4,0.0987,0.0613,2,1,0
NCRB-SYNTH-105858,Trial Court,Writ Petition (Detention),1,2,1,0,1,1,0,1,0,1,0.8877,1,117,0,0,0.1329,2,1.0749,144.38,29725.57,0.0507,1,1,1,1,1,2,0,0,0,1,1,0,1,0,0,4,0.0134,0.0083,0,1,0
NCRB-SYNTH-105859,Trial Court,Writ Petition (Detention),2,4,2,0,1,0,0,1,0,1,0.8588,0,78,0,0,0.0632,2,1.0032,96.59,5845.72,0.1943,0,0,0,1,1,1,0,1,1,0,1,0,1,0,0,2,0.0886,0.0806,2,0,1
NCRB-SYNTH-105863,Trial Court,Sec 439 CrPC (Regular Bail),1,4,1,0,1,0,0,1,0,1,0.632,1,82,0,0,0.0627,4,1.2363,144.49,10231.64,0.1777,1,1,0,1,1,1,0,0,0,1,1,0,1,0,1,4,0.052,0.0323,2,1,0
NCRB-SYNTH-105894,Trial Court,Sec 482 CrPC (Quashing),1,1,1,0,1,1,0,1,0,0,0.9026,1,82,0,1,0.0966,3,1.0531,113.97,22564.76,0.152,0,1,1,0,0,3,0,0,0,1,1,0,0,0,0,4,0.0634,0.0394,2,1,0
NCRB-SYNTH-105903,High Court,Sec 439 CrPC (Regular Bail),15,2,2,0,1,0,0,1,0,1,0.7747,1,181,1,1,0.1046,2,1.1333,53.88,40197.32,0.0651,1,1,1,1,1,3,1,0,0,1,0,0,1,0,0,4,0.0937,0.0582,0,1,0
NCRB-SYNTH-105905,Trial Court,Sec 439 CrPC (Regular Bail),1,5,2,0,1,0,1,1,0,1,0.685,1,83,1,1,0.0457,7,1.0,82.74,42841.22,0.1526,1,1,1,1,1,2,1,0,0,1,0,0,0,0,1,2,0.0868,0.079,2,1,0
NCRB-SYNTH-105910,Trial Court,Writ Petition (Detention),1,2,2,0,1,0,1,1,0,0,0.5649,1,16,0,0,0.0688,2,1.0725,53.06,15918.01,0.1705,1,1,1,1,1,1,0,0,0,1,0,0,0,0,0,1,0.0287,0.0414,0,1,0
NCRB-SYNTH-105916,Trial Court,Trial Judgment,1,5,1,0,1,0,1,1,0,0,0.6431,1,70,1,1,0.1237,5,1.0701,171.52,14388.97,0.1052,1,1,1,1,1,4,0,0,0,1,0,0,0,0,0,3,0.09,0.0649,2,1,0
NCRB-SYNTH-105921,Trial Court,Sec 482 CrPC (Quashing),2,1,2,0,1,1,1,1,0,0,0.882,1,174,0,0,0.0694,7,1.0,101.05,24085.26,0.0985,1,1,1,1,1,1,1,0,0,1,1,1,1,0,0,1,0.0439,0.0634,0,1,0
NCRB-SYNTH-105923,Trial Court,Sec 439 CrPC (Regular Bail),1,4,1,0,1,1,1,1,1,1,0.711,1,79,0,0,0.04,2,1.2001,54.67,26999.82,0.0595,1,0,1,1,0,2,0,1,1,0,0,1,1,1,0,3,0.028,0.0202,2,0,1
NCRB-SYNTH-105931,Trial Court,Sec 439 CrPC (Regular Bail),2,1,2,0,1,0,0,1,0,1,0.9417,1,75,0,0,0.1662,7,1.0997,149.73,4676.24,0.0601,1,1,0,1,0,6,0,0,0,1,1,0,0,0,0,2,0.0808,0.0735,2,1,0
NCRB-SYNTH-105943,Trial Court,Sec 439 CrPC (Regular Bail),2,4,2,0,1,0,0,1,0,1,0.5148,1,103,0,1,0.1103,6,1.1347,34.77,39588.12,0.1174,1,0,1,1,1,3,0,1,1,0,1,0,1,1,0,2,0.019,0.0173,2,0,0
NCRB-SYNTH-105948,Trial Court,Sec 482 CrPC (Quashing),21,5,1,0,1,0,0,1,0,0,0.676,0,147,0,1,0.0399,5,1.3242,165.25,38552.61,0.0898,1,0,1,1,1,2,0,1,1,0,1,1,1,0,0,3,0.0819,0.0591,2,1,1
NCRB-SYNTH-105951,Trial Court,Writ Petition (Detention),1,2,2,0,1,0,0,1,0,0,0.9125,1,88,0,0,0.0188,3,1.0,39.79,44889.8,0.0749,1,1,1,1,1,3,0,0,0,1,0,1,1,0,0,2,0.0537,0.0489,2,1,0
NCRB-SYNTH-105952,Trial Court,Sec 439 CrPC (Regular Bail),4,3,1,0,1,0,0,1,0,0,0.7585,1,95,1,1,0.0976,4,1.0,114.4,11358.01,0.0494,1,1,1,1,0,3,0,0,0,1,1,1,1,0,0,2,0.0372,0.0339,2,1,0
NCRB-SYNTH-105955,Trial Court,Sec 482 CrPC (Quashing),4,2,1,1,1,0,1,1,0,0,0.8699,0,120,0,0,0.0498,4,1.1997,94.45,29219.27,0.1727,1,0,1,1,0,4,0,1,1,0,0,0,1,0,0,4,0.0626,0.0389,2,0,1
NCRB-SYNTH-105968,Trial Court,Sec 482 CrPC (Quashing),1,4,2,0,1,0,1,1,1,1,0.6723,0,152,1,1,0.076,8,1.2857,64.98,27421.85,0.0472,1,1,1,0,1,3,0,0,0,1,0,0,1,0,0,1,0.0571,0.0824,2,1,0
NCRB-SYNTH-105977,Trial Court,Sec 439 CrPC (Regular Bail),21,3,1,0,1,0,1,1,0,1,0.4234,1,41,0,0,0.0865,9,1.2837,124.4,5421.98,0.1863,1,1,1,1,1,2,1,0,0,1,1,0,0,0,1,1,0.0642,0.0927,2,1,0
NCRB-SYNTH-105978,Trial Court,Sec 439 CrPC (Regular Bail),1,3,1,0,1,0,1,1,0,1,0.4666,1,35,0,0,0.0378,4,1.1191,46.51,35862.23,0.1751,1,1,1,1,0,3,0,0,0,1,1,0,1,0,0,1,0.0249,0.0359,0,1,0
NCRB-SYNTH-105982,Trial Court,Writ Petition (Detention),4,5,2,0,1,1,0,1,0,1,0.7333,1,133,0,0,0.0532,8,1.1194,172.68,40824.69,0.0546,1,1,1,1,1,6,0,0,0,1,1,0,0,0,0,3,0.015,0.0109,2,1,0
NCRB-SYNTH-105984,High Court,Sec 482 CrPC (Quashing),2,4,1,0,1,0,0,1,0,0,0.4443,1,125,1,1,0.0352,1,1.1669,144.97,19814.63,0.0784,1,1,1,1,1,1,0,0,0,1,0,0,0,0,0,2,0.0605,0.055,2,1,0
NCRB-SYNTH-105985,High Court,Sec 482 CrPC (Quashing),7,5,1,0,1,1,0,1,0,1,0.9111,1,154,1,1,0.0652,5,1.2881,39.19,33412.71,0.0751,1,0,0,1,1,4,0,0,0,1,0,1,1,0,0,4,0.0377,0.0234,2,1,0
NCRB-SYNTH-105986,High Court,Writ Petition (Detention),4,5,1,1,1,0,1,1,0,1,0.4511,0,42,0,0,0.1194,8,1.0,174.57,44060.67,0.1912,0,1,1,0,0,2,0,0,0,1,1,0,0,0,0,2,0.083,0.0755,2,1,0
NCRB-SYNTH-105991,High Court,Writ Petition (Detention),1,1,1,0,1,0,1,1,0,0,0.8589,1,61,0,0,0.0557,6,1.2902,126.47,37527.29,0.1063,1,0,1,0,0,2,1,0,0,1,1,1,1,1,0,3,0.0136,0.0098,2,1,0
NCRB-SYNTH-105995,Trial Court,Writ Petition (Detention),2,4,2,0,1,0,0,1,1,1,0.6863,1,99,0,0,0.04,1,1.1717,88.26,8678.7,0.156,1,0,1,1,1,2,0,1,1,0,1,0,0,0,0,3,0.0423,0.0305,0,0,1
NCRB-SYNTH-106000,Trial Court,Trial Judgment,1,5,1,0,1,0,0,1,0,1,0.685,1,179,0,0,0.0262,4,1.0261,55.76,39242.16,0.0292,1,1,1,1,1,4,1,0,0,1,0,0,0,0,0,4,0.0795,0.0494,2,1,0
NCRB-SYNTH-106002,Trial Court,Sec 439 CrPC (Regular Bail),1,3,2,0,1,0,1,1,0,0,0.5681,1,33,1,1,0.0804,4,1.195,47.93,40449.68,0.1631,1,0,1,1,1,6,0,0,0,1,1,0,0,0,1,4,0.0748,0.0465,2,1,0
NCRB-SYNTH-106005,Trial Court,Writ Petition (Detention),4,5,2,0,1,0,0,1,0,0,0.717,1,48,0,0,0.1392,4,1.0996,149.83,14475.99,0.1036,1,1,1,1,1,3,0,0,0,1,1,1,0,0,1,3,0.0888,0.0641,0,1,0
NCRB-SYNTH-106008,High Court,Writ Petition (Detention),1,2,1,0,1,0,1,1,0,0,0.6453,1,42,0,0,0.1592,4,1.0,152.9,35403.95,0.1131,1,0,1,1,1,4,0,1,1,0,1,0,0,0,0,2,0.0485,0.0441,0,1,0
NCRB-SYNTH-106017,Trial Court,Sec 439 CrPC (Regular Bail),7,3,1,0,1,0,1,1,0,0,0.4575,1,50,0,0,0.0851,5,1.0295,78.76,17404.97,0.1255,1,0,1,0,0,2,0,0,0,1,0,0,1,1,0,4,0.0402,0.025,2,1,0
NCRB-SYNTH-106020,Trial Court,Sec 482 CrPC (Quashing),1,4,2,1,1,0,0,1,0,1,0.7535,1,130,0,0,0.1283,7,1.2458,93.61,40908.57,0.0968,1,1,1,1,1,1,0,0,0,1,1,0,1,0,0,2,0.0278,0.0253,2,1,0
NCRB-SYNTH-106024,Trial Court,Sec 439 CrPC (Regular Bail),2,2,2,0,1,1,0,1,0,0,0.8654,1,124,0,0,0.065,7,1.0,44.84,18065.89,0.152,1,1,1,1,1,2,1,0,0,1,1,0,1,0,0,1,0.0194,0.028,2,1,0
NCRB-SYNTH-106025,High Court,Trial Judgment,1,4,2,0,1,1,0,1,0,1,0.7636,1,124,0,0,0.0732,2,1.0,86.49,22073.16,0.0153,1,1,1,1,1,2,0,0,0,1,0,1,0,0,0,1,0.0567,0.0819,2,1,0
NCRB-SYNTH-106028,High Court,Sec 439 CrPC (Regular Bail),2,5,2,1,1,0,1,1,0,1,0.5652,1,156,1,0,0.1779,3,1.2171,95.49,43865.28,0.143,1,1,1,1,1,2,0,0,0,1,1,1,0,0,0,3,0.0952,0.0687,2,1,0
NCRB-SYNTH-106030,Trial Court,Writ Petition (Detention),1,2,2,0,1,0,0,1,0,0,0.3692,1,85,1,1,0.0796,3,1.0,44.42,30797.16,0.1148,1,1,1,1,1,3,1,0,0,1,1,0,1,0,0,1,0.0883,0.1274,2,1,0
NCRB-SYNTH-106039,High Court,Sec 439 CrPC (Regular Bail),1,2,1,0,1,1,0,1,0,0,0.3807,0,31,1,1,0.0569,2,1.0,170.39,13863.82,0.1335,1,0,1,1,0,1,1,1,1,0,1,0,1,1,0,1,0.0987,0.1424,2,0,0
NCRB-SYNTH-106042,Trial Court,Trial Judgment,2,3,2,0,1,0,0,1,1,1,0.5823,1,85,0,0,0.1119,7,1.2554,171.5,39458.77,0.141,0,1,1,1,1,3,1,0,0,1,0,1,0,0,0,4,0.0591,0.0367,2,1,0
NCRB-SYNTH-106044,Trial Court,Sec 439 CrPC (Regular Bail),1,5,2,0,1,1,1,1,0,1,0.5844,1,63,0,0,0.0,6,1.0,162.3,9278.71,0.0754,1,1,1,1,1,3,1,0,0,1,1,0,0,1,0,4,0.054,0.0335,2,1,0
NCRB-SYNTH-106047,Trial Court,Sec 439 CrPC (Regular Bail),1,5,1,0,1,1,1,1,1,0,0.8332,1,61,0,1,0.1678,9,1.0411,162.57,36769.05,0.0562,1,1,1,1,1,4,0,0,0,1,1,1,0,0,0,3,0.0768,0.0554,0,1,0
NCRB-SYNTH-106069,Trial Court,Sec 482 CrPC (Quashing),21,2,1,0,1,0,1,1,0,0,0.5998,1,137,0,0,0.0903,6,1.0723,71.66,44414.66,0.0078,1,1,1,1,0,2,1,0,0,1,1,1,1,0,1,1,0.0103,0.0149,0,1,0
NCRB-SYNTH-106073,Trial Court,Sec 482 CrPC (Quashing),1,2,2,0,1,0,0,1,0,0,0.8252,1,91,1,0,0.0004,9,1.0366,88.25,10237.14,0.0615,1,1,1,1,1,4,1,0,0,1,1,1,1,0,0,1,0.0694,0.1001,2,1,0
NCRB-SYNTH-106076,Trial Court,Sec 439 CrPC (Regular Bail),1,4,2,0,1,0,0,1,0,1,0.6142,1,168,1,1,0.0407,1,1.0612,39.28,25524.67,0.1576,1,1,1,0,1,3,0,0,0,1,0,0,0,0,0,4,0.0359,0.0223,2,1,0
NCRB-SYNTH-106090,High Court,Trial Judgment,1,1,1,0,1,0,0,1,0,0,0.5616,1,140,0,0,0.1585,4,1.0,150.26,3624.55,0.0658,0,0,1,1,1,2,0,1,1,0,0,1,1,0,1,4,0.0457,0.0284,2,1,0
NCRB-SYNTH-106097,Trial Court,Sec 439 CrPC (Regular Bail),1,3,1,0,1,0,0,1,1,1,0.5196,1,137,0,1,0.0917,7,1.2094,112.54,24033.45,0.0095,1,1,1,1,1,2,0,0,0,1,1,0,0,0,0,3,0.0902,0.0651,2,1,0
NCRB-SYNTH-106099,Trial Court,Sec 439 CrPC (Regular Bail),1,4,1,0,1,0,0,1,0,0,0.7324,1,47,1,1,0.1186,8,1.0,34.0,33683.36,0.0512,0,1,0,1,0,2,1,0,0,1,1,0,1,0,0,1,0.0736,0.1062,2,1,0
NCRB-SYNTH-106105,Trial Court,Writ Petition (Detention),1,4,1,0,1,0,0,1,0,1,0.5777,1,79,0,0,0.0702,6,1.3533,118.87,20034.91,0.0858,1,1,1,1,0,3,1,0,0,1,1,0,0,0,0,4,0.022,0.0136,2,1,0
NCRB-SYNTH-106106,Trial Court,Writ Petition (Detention),7,4,1,0,1,0,0,1,0,1,0.7058,1,96,0,0,0.0,8,1.0699,38.07,40193.07,0.1394,0,1,1,1,1,2,0,0,0,1,1,0,0,0,0,2,0.0794,0.0723,2,1,0
NCRB-SYNTH-106108,Trial Court,Sec 439 CrPC (Regular Bail),1,1,2,0,1,1,0,1,0,1,0.6587,1,144,1,1,0.0558,3,1.133,102.13,3046.12,0.0459,1,1,1,1,0,2,0,0,0,1,1,0,0,0,0,4,0.0566,0.0352,2,1,0
NCRB-SYNTH-106109,Trial Court,Writ Petition (Detention),2,4,2,0,1,0,0,1,0,0,0.4158,0,78,1,1,0.0621,2,1.0514,142.09,26621.58,0.004,1,0,1,1,0,3,1,1,1,0,1,1,0,0,1,1,0.0193,0.0278,0,1,0
NCRB-SYNTH-106121,Trial Court,Sec 439 CrPC (Regular Bail),2,5,2,0,1,0,1,1,0,1,0.8676,1,91,0,0,0.1183,3,1.046,55.86,42510.49,0.0494,1,1,1,1,1,2,1,0,0,1,0,1,0,0,1,2,0.0626,0.057,0,1,0
NCRB-SYNTH-106122,Trial Court,Sec 482 CrPC (Quashing),1,2,1,0,1,0,1,1,0,1,0.6745,1,14,0,0,0.113,1,1.254,136.05,44522.93,0.0239,1,1,1,0,1,3,0,0,0,1,1,1,1,0,1,4,0.0351,0.0218,0,1,0
NCRB-SYNTH-106123,Trial Court,Sec 439 CrPC (Regular Bail),4,4,1,0,1,0,0,1,0,1,0.4811,1,101,1,1,0.0,4,1.0,52.83,31065.77,0.035,0,0,1,1,0,2,0,0,0,1,1,1,0,0,0,1,0.0528,0.0762,2,1,0
NCRB-SYNTH-106129,Trial Court,Sec 439 CrPC (Regular Bail),1,5,2,1,1,0,0,1,0,1,0.6599,0,73,1,1,0.1228,7,1.1288,39.82,34599.62,0.0349,1,0,1,1,1,2,1,1,1,0,1,0,1,0,0,4,0.0904,0.0562,2,0,1
NCRB-SYNTH-106134,High Court,Sec 482 CrPC (Quashing),2,3,2,0,1,0,0,1,0,0,0.5682,1,114,0,0,0.1146,9,1.0,73.48,11111.12,0.0971,1,0,1,1,1,2,0,1,1,0,1,1,0,0,0,2,0.0471,0.0428,2,0,0
NCRB-SYNTH-106135,Trial Court,Writ Petition (Detention),1,3,2,0,1,0,0,1,0,0,0.9459,1,51,0,0,0.1045,9,1.1485,169.52,42755.7,0.0265,1,1,1,1,1,2,0,0,0,1,1,0,0,0,0,1,0.0802,0.1157,0,1,0
NCRB-SYNTH-106136,Trial Court,Sec 439 CrPC (Regular Bail),2,3,1,0,1,0,0,1,0,0,0.6609,1,149,0,1,0.1319,6,1.2018,136.62,20157.13,0.0678,1,1,1,0,1,2,0,0,0,1,1,1,0,1,0,4,0.0162,0.0101,2,1,0
NCRB-SYNTH-106143,Trial Court,Trial Judgment,1,3,2,0,1,0,0,1,0,0,0.5471,1,156,0,1,0.1428,8,1.0,126.39,37899.36,0.0055,1,1,1,1,1,3,1,0,0,1,1,0,0,0,0,1,0.0917,0.1323,2,1,0
NCRB-SYNTH-106146,Trial Court,Sec 439 CrPC (Regular Bail),1,5,1,0,1,0,0,1,0,0,0.728,1,82,0,0,0.1481,1,1.0,77.43,28301.73,0.1374,1,1,1,0,0,2,0,0,0,1,1,1,0,0,0,4,0.0126,0.0079,2,1,0
NCRB-SYNTH-106153,Trial Court,Writ Petition (Detention),1,4,2,0,1,0,0,1,0,0,0.7799,1,177,0,0,0.0901,7,1.0194,117.24,39817.57,0.0885,0,1,1,1,1,4,1,0,0,1,1,0,0,0,1,4,0.0134,0.0084,2,1,0
NCRB-SYNTH-106154,High Court,Writ Petition (Detention),27,5,1,1,1,0,1,1,1,1,0.7939,1,172,0,0,0.076,2,1.0,110.78,41831.06,0.1193,1,1,1,1,1,4,0,0,0,1,1,1,0,1,0,4,0.0503,0.0312,2,1,0
NCRB-SYNTH-106155,Trial Court,Sec 482 CrPC (Quashing),1,3,2,0,1,0,0,1,0,1,0.937,0,84,0,0,0.1059,5,1.0579,59.49,38569.59,0.0878,1,1,1,1,1,3,0,0,0,1,0,1,0,1,0,2,0.027,0.0246,2,1,0
NCRB-SYNTH-106156,Trial Court,Writ Petition (Detention),1,4,2,0,1,1,0,1,0,0,0.7236,1,122,0,0,0.131,9,1.2486,66.04,6653.82,0.0792,1,1,1,1,1,3,0,0,0,1,0,0,0,0,0,2,0.0755,0.0687,2,1,0
NCRB-SYNTH-106159,Trial Court,Sec 439 CrPC (Regular Bail),1,3,2,0,1,0,1,1,0,0,0.8745,1,85,0,1,0.0165,8,1.0,83.63,7024.31,0.1834,1,0,1,0,1,2,0,1,1,0,1,1,0,0,0,2,0.0129,0.0117,0,0,1
NCRB-SYNTH-106161,Trial Court,Sec 439 CrPC (Regular Bail),2,2,2,0,1,0,0,1,0,0,0.5586,1,54,0,0,0.0101,9,1.0,173.24,6472.26,0.1229,0,1,1,0,1,1,1,0,0,1,0,1,0,0,1,1,0.0266,0.0384,2,1,0
NCRB-SYNTH-106169,Trial Court,Sec 482 CrPC (Quashing),4,2,2,1,1,0,1,1,0,0,0.4415,1,113,1,1,0.0089,6,1.0976,146.34,12663.68,0.1425,0,1,1,1,1,3,0,0,0,1,1,0,1,0,0,3,0.0725,0.0523,2,1,0
NCRB-SYNTH-106170,Trial Court,Sec 482 CrPC (Quashing),2,1,1,0,1,1,0,1,0,0,0.6325,0,11,0,0,0.0846,3,1.1144,90.34,41064.56,0.144,1,1,1,1,1,2,1,0,0,1,1,0,1,0,0,3,0.0679,0.049,2,1,0
NCRB-SYNTH-106171,Trial Court,Writ Petition (Detention),1,1,2,0,1,0,0,1,0,0,0.9411,1,134,1,1,0.0416,3,1.2659,78.81,23963.22,0.0823,1,1,1,1,0,2,0,0,0,1,0,0,0,0,0,2,0.0775,0.0705,2,1,0
NCRB-SYNTH-106173,High Court,Trial Judgment,1,3,2,0,1,0,1,1,0,0,0.6757,1,156,0,0,0.0764,5,1.0392,60.28,6137.89,0.0979,1,1,0,1,1,2,0,0,0,1,0,0,0,0,0,2,0.0443,0.0403,2,1,0
NCRB-SYNTH-106178,Trial Court,Sec 439 CrPC (Regular Bail),4,3,2,0,1,1,1,1,0,1,0.4642,0,152,0,0,0.0745,7,1.2125,167.01,26345.36,0.1533,1,1,0,1,0,1,0,0,0,1,1,0,1,1,0,1,0.044,0.0635,0,1,0
NCRB-SYNTH-106179,High Court,Sec 439 CrPC (Regular Bail),1,4,2,0,1,0,0,1,0,0,0.7116,1,28,0,0,0.052,9,1.0256,131.14,26001.35,0.0571,1,1,1,1,1,3,0,0,0,1,1,1,0,0,0,4,0.0937,0.0582,0,1,0
NCRB-SYNTH-106183,High Court,Sec 482 CrPC (Quashing),1,4,1,0,1,0,1,1,0,1,0.8002,0,16,1,1,0.1052,4,1.1633,46.76,39194.72,0.0717,1,1,1,0,1,3,0,0,0,1,1,0,0,0,0,2,0.0203,0.0185,2,1,0
NCRB-SYNTH-106185,High Court,Sec 439 CrPC (Regular Bail),21,2,2,0,1,1,0,1,0,1,0.6823,0,74,1,0,0.0883,2,1.3886,91.5,14543.52,0.1684,1,1,0,1,1,3,0,0,0,1,1,1,1,1,0,1,0.045,0.065,2,1,0
NCRB-SYNTH-106189,Trial Court,Sec 482 CrPC (Quashing),1,4,1,0,1,0,1,1,0,1,0.562,0,138,1,1,0.0842,4,1.0,51.56,32861.26,0.1933,0,0,1,1,0,1,1,0,0,1,0,0,1,0,0,3,0.0566,0.0408,2,1,0
NCRB-SYNTH-106190,Trial Court,Sec 482 CrPC (Quashing),1,4,2,0,1,1,0,1,0,0,0.8486,1,77,0,0,0.0932,3,1.0511,160.92,6102.83,0.1149,1,1,1,1,0,3,0,0,0,1,0,0,0,0,0,3,0.0954,0.0688,2,1,0
NCRB-SYNTH-106196,Trial Court,Sec 439 CrPC (Regular Bail),1,4,2,0,1,0,1,1,0,0,0.3431,1,86,0,0,0.0703,8,1.1791,150.72,33989.4,0.043,1,1,1,1,0,1,0,0,0,1,1,1,0,0,0,4,0.0836,0.052,2,1,0
NCRB-SYNTH-106200,Trial Court,Sec 439 CrPC (Regular Bail),21,1,1,0,1,0,0,1,0,0,0.7108,1,137,1,1,0.0533,5,1.0,69.83,33901.8,0.1836,1,1,0,1,0,4,1,0,0,1,1,1,0,0,0,2,0.0852,0.0776,2,1,0
NCRB-SYNTH-106205,High Court,Sec 482 CrPC (Quashing),1,3,2,1,1,0,1,1,0,0,0.4522,0,97,0,0,0.0514,1,1.0527,86.29,8287.15,0.0175,1,1,1,1,0,2,0,0,0,1,1,1,1,0,0,3,0.0436,0.0314,2,1,0
NCRB-SYNTH-106210,Trial Court,Writ Petition (Detention),27,1,2,0,1,0,1,1,0,1,0.7002,1,26,0,1,0.0453,5,1.1884,90.78,5482.64,0.0774,1,1,1,1,0,3,1,0,0,1,1,0,0,0,0,3,0.0668,0.0482,2,1,0
NCRB-SYNTH-106212,Trial Court,Sec 482 CrPC (Quashing),4,5,1,0,1,0,0,1,0,1,0.9011,0,82,0,0,0.0575,6,1.1423,163.48,6908.27,0.1704,0,1,1,1,1,2,0,0,0,1,1,0,0,0,0,1,0.0379,0.0547,2,1,0
NCRB-SYNTH-106217,Trial Court,Sec 482 CrPC (Quashing),1,1,1,0,1,0,0,1,1,0,0.7573,1,110,0,0,0.0,9,1.1197,116.09,12445.35,0.1925,1,1,1,1,1,2,1,0,0,1,1,0,0,0,0,1,0.0488,0.0704,2,1,0
NCRB-SYNTH-106220,Trial Court,Sec 439 CrPC (Regular Bail),1,5,2,0,1,1,0,1,0,0,0.4829,1,51,0,0,0.1106,9,1.0,169.87,17738.32,0.1103,0,1,1,1,0,3,0,0,0,1,1,1,0,0,0,3,0.0192,0.0139,2,1,0
NCRB-SYNTH-106223,Trial Court,Trial Judgment,2,2,2,0,1,0,0,1,0,0,0.8679,1,37,1,1,0.0876,8,1.2971,37.68,11957.4,0.0551,1,0,0,1,1,2,0,1,1,0,1,1,1,0,1,4,0.0415,0.0258,2,0,1
NCRB-SYNTH-106225,Trial Court,Writ Petition (Detention),1,4,1,0,1,0,1,1,0,0,0.8871,1,166,0,1,0.0647,9,1.1053,63.82,44888.2,0.0438,0,1,1,1,1,1,0,0,0,1,0,0,0,0,0,4,0.0151,0.0094,2,1,0
NCRB-SYNTH-106227,Trial Court,Writ Petition (Detention),7,4,1,0,1,0,0,1,0,0,0.7357,1,144,1,1,0.0872,5,1.0,169.31,18330.45,0.1003,1,0,0,1,0,2,0,1,1,0,0,1,0,0,0,1,0.096,0.1385,2,1,1
NCRB-SYNTH-106234,Trial Court,Writ Petition (Detention),2,2,2,0,1,0,0,1,0,0,0.7165,1,23,1,1,0.1074,2,1.1024,84.69,6693.44,0.1547,0,1,1,1,1,5,1,0,0,1,0,0,0,0,0,2,0.0341,0.031,2,1,0
NCRB-SYNTH-106242,Trial Court,Sec 439 CrPC (Regular Bail),1,4,2,0,1,0,1,1,0,1,0.7034,1,56,0,0,0.0694,2,1.1466,151.67,13829.43,0.109,1,1,0,1,0,6,1,0,0,1,0,1,0,0,0,3,0.092,0.0664,2,1,0
NCRB-SYNTH-106247,Trial Court,Sec 482 CrPC (Quashing),1,3,1,0,1,0,1,1,0,1,0.5974,1,73,1,1,0.02,7,1.0347,124.96,16044.03,0.1864,1,1,0,1,1,2,1,0,0,1,0,0,1,0,0,4,0.0876,0.0545,2,1,0
NCRB-SYNTH-106250,Trial Court,Sec 439 CrPC (Regular Bail),15,2,2,0,1,1,1,1,1,1,0.5043,1,167,0,0,0.0713,6,1.0509,78.76,44415.82,0.0605,1,1,1,1,1,3,1,0,0,1,0,0,0,0,0,3,0.0167,0.0121,2,1,0
NCRB-SYNTH-106252,Trial Court,Writ Petition (Detention),4,2,1,0,1,1,0,1,0,0,0.768,1,71,0,0,0.1254,6,1.0995,84.95,44913.53,0.0609,1,1,0,1,1,6,1,0,0,1,0,0,1,0,1,1,0.0187,0.027,2,1,0
NCRB-SYNTH-106254,Trial Court,Sec 439 CrPC (Regular Bail),1,1,2,0,1,0,1,1,0,1,0.7086,1,83,0,0,0.0988,4,1.199,86.68,7027.87,0.0881,1,1,1,1,1,4,0,0,0,1,0,0,0,1,0,1,0.0135,0.0195,2,1,0
NCRB-SYNTH-106261,High Court,Trial Judgment,1,1,2,0,1,0,0,1,0,1,0.5011,1,134,0,0,0.0718,6,1.0813,110.88,8821.16,0.1098,1,1,1,1,1,2,0,0,0,1,0,0,1,0,0,2,0.0587,0.0534,0,1,0
NCRB-SYNTH-106263,High Court,Trial Judgment,1,3,2,0,1,0,0,1,0,0,0.4056,1,161,0,0,0.0935,6,1.0649,38.65,23737.08,0.0401,1,1,1,1,1,3,0,0,0,1,1,0,0,0,0,3,0.0781,0.0563,2,1,0
NCRB-SYNTH-106268,High Court,Trial Judgment,1,3,2,0,1,0,1,1,0,0,0.467,1,48,0,1,0.0459,4,1.2263,126.45,37872.08,0.1606,1,1,1,1,1,4,0,0,0,1,1,1,0,0,1,1,0.0147,0.0213,0,1,0
NCRB-SYNTH-106273,Trial Court,Sec 439 CrPC (Regular Bail),2,5,2,0,1,1,0,1,0,1,0.696,1,112,0,0,0.0595,4,1.0857,96.01,28268.51,0.1499,1,1,1,1,0,4,0,0,0,1,1,0,0,1,0,3,0.0178,0.0128,2,1,0
NCRB-SYNTH-106280,High Court,Trial Judgment,1,5,1,0,1,0,0,1,0,1,0.734,1,46,0,0,0.0986,6,1.0,173.2,28655.75,0.1568,0,1,1,1,0,2,0,0,0,1,0,0,1,0,0,2,0.0338,0.0308,2,1,0
NCRB-SYNTH-106291,High Court,Writ Petition (Detention),1,4,1,0,1,1,1,1,0,1,0.9316,1,156,0,1,0.0534,1,1.1445,158.25,25415.96,0.1786,1,0,1,1,0,3,0,1,1,0,1,1,1,1,1,1,0.0965,0.1393,2,0,1
NCRB-SYNTH-106298,High Court,Writ Petition (Detention),1,3,1,0,1,1,1,1,0,0,0.7139,1,126,0,0,0.0,7,1.2434,139.49,26740.86,0.0207,1,1,1,1,1,3,0,0,0,1,1,1,1,1,0,4,0.0528,0.0328,0,1,0
NCRB-SYNTH-106320,Trial Court,Writ Petition (Detention),1,2,1,1,1,0,1,1,0,1,0.7169,1,57,1,1,0.1118,7,1.122,39.57,35614.48,0.092,0,1,1,1,1,3,0,0,0,1,1,0,0,0,0,2,0.0103,0.0094,2,1,0
NCRB-SYNTH-106325,High Court,Sec 439 CrPC (Regular Bail),4,3,1,0,1,0,0,1,1,1,0.973,1,126,0,0,0.0615,3,1.0944,98.31,42507.15,0.1217,1,1,1,0,0,2,1,0,0,1,1,1,1,0,0,2,0.0225,0.0204,2,1,0
NCRB-SYNTH-106326,Trial Court,Trial Judgment,27,2,2,0,1,1,1,1,1,1,0.4611,0,119,1,1,0.1302,2,1.2898,32.6,36487.13,0.0548,1,1,1,0,0,1,0,0,0,1,1,0,1,0,0,3,0.0905,0.0653,2,1,0
NCRB-SYNTH-106330,Trial Court,Writ Petition (Detention),1,1,2,0,1,0,0,1,0,0,0.5749,0,66,1,1,0.0251,9,1.0265,78.25,29927.39,0.1734,1,1,1,0,1,4,0,0,0,1,1,0,0,0,0,1,0.032,0.0461,2,1,0
NCRB-SYNTH-106331,Trial Court,Sec 439 CrPC (Regular Bail),2,4,1,0,1,1,0,1,0,0,0.5969,1,40,0,0,0.0745,9,1.0,149.06,16171.17,0.1245,1,1,1,1,1,1,0,0,0,1,0,0,1,0,0,1,0.0907,0.1309,2,1,0
NCRB-SYNTH-106337,Trial Court,Sec 439 CrPC (Regular Bail),15,5,2,0,1,0,0,1,0,1,0.8886,1,84,1,1,0.0662,2,1.0207,115.08,8408.5,0.0513,1,1,1,0,0,3,0,0,0,1,0,0,0,0,1,4,0.0102,0.0064,2,1,0
NCRB-SYNTH-106338,Trial Court,Trial Judgment,4,5,1,0,1,0,0,1,0,0,0.6176,0,47,0,0,0.1404,5,1.0,57.42,28240.12,0.0879,1,1,1,1,0,5,0,0,0,1,0,1,1,0,0,2,0.0525,0.0478,2,1,0
NCRB-SYNTH-106346,Trial Court,Sec 439 CrPC (Regular Bail),2,4,2,0,1,1,1,1,0,0,0.4692,1,42,1,1,0.1047,7,1.1788,133.44,9670.37,0.0421,1,1,1,1,0,3,0,0,0,1,1,0,0,0,0,2,0.0609,0.0554,2,1,0
NCRB-SYNTH-106351,Trial Court,Trial Judgment,1,5,1,0,1,0,0,1,0,1,0.6807,1,155,0,0,0.0528,4,1.0616,45.2,13724.58,0.0275,1,1,1,1,0,2,0,0,0,1,1,1,1,0,0,1,0.0975,0.1407,2,1,0
NCRB-SYNTH-106353,High Court,Sec 482 CrPC (Quashing),2,2,1,0,1,0,0,1,0,0,0.8882,1,81,0,1,0.0413,4,1.1628,177.72,30290.08,0.1016,1,1,1,1,0,3,1,0,0,1,0,0,1,0,1,1,0.043,0.062,2,1,0
NCRB-SYNTH-106361,Trial Court,Sec 482 CrPC (Quashing),1,4,2,0,1,0,0,1,0,0,0.8741,1,165,0,0,0.1123,5,1.317,178.22,27557.75,0.0081,0,1,1,0,1,2,0,0,0,1,1,0,1,0,1,3,0.0719,0.0519,2,1,0
NCRB-SYNTH-106368,Trial Court,Sec 439 CrPC (Regular Bail),1,5,2,0,1,0,0,1,0,1,0.5743,1,174,0,0,0.0,8,1.0545,57.78,3114.79,0.1347,1,1,1,1,0,2,1,0,0,1,1,1,1,0,0,4,0.0525,0.0326,2,1,0
NCRB-SYNTH-106376,Trial Court,Sec 482 CrPC (Quashing),1,1,1,0,1,0,1,1,0,0,0.8564,1,81,0,0,0.0628,7,1.2442,116.89,35534.41,0.1131,1,1,1,1,0,3,1,0,0,1,1,0,1,1,0,1,0.0445,0.0642,2,1,0
NCRB-SYNTH-106383,Trial Court,Writ Petition (Detention),1,2,2,0,1,0,0,1,0,1,0.5431,1,101,1,1,0.0,1,1.0,38.39,23753.54,0.1141,1,1,1,1,1,3,1,0,0,1,1,0,1,0,1,3,0.0534,0.0385,2,1,0
NCRB-SYNTH-106391,Trial Court,Sec 439 CrPC (Regular Bail),4,5,2,0,1,0,1,1,0,1,0.44,1,177,0,0,0.0,7,1.2452,107.35,5802.2,0.0573,1,1,1,1,0,2,0,0,0,1,1,1,0,0,0,2,0.0129,0.0117,2,1,0
NCRB-SYNTH-106405,Trial Court,Sec 439 CrPC (Regular Bail),1,1,1,0,1,0,0,1,0,0,0.5794,1,72,0,1,0.0457,9,1.1066,171.88,17511.3,0.0828,1,0,1,1,0,3,0,0,0,1,0,1,0,0,1,3,0.0286,0.0206,0,1,0
NCRB-SYNTH-106411,Trial Court,Sec 439 CrPC (Regular Bail),1,5,2,0,1,1,0,1,0,1,0.734,0,8,1,1,0.1898,2,1.0882,138.52,44508.06,0.0107,1,1,0,0,1,4,0,0,0,1,0,1,0,0,0,4,0.071,0.0441,2,1,0
NCRB-SYNTH-106415,Trial Court,Sec 482 CrPC (Quashing),1,3,1,0,1,0,0,1,0,1,0.4305,0,150,0,0,0.0418,5,1.1775,131.86,11960.21,0.1044,1,1,0,1,1,3,1,0,0,1,1,0,1,0,1,4,0.0279,0.0173,2,1,0
NCRB-SYNTH-106423,Trial Court,Sec 439 CrPC (Regular Bail),1,1,1,0,1,0,0,1,0,1,0.8564,0,37,1,1,0.0876,6,1.1792,80.48,42378.61,0.0361,1,1,1,1,0,4,1,0,0,1,1,0,0,0,0,1,0.0376,0.0543,2,1,0
NCRB-SYNTH-106426,Trial Court,Sec 482 CrPC (Quashing),2,5,2,0,1,0,0,1,0,0,0.5461,0,100,0,0,0.0834,2,1.0,143.99,13469.84,0.1475,1,0,1,1,1,3,0,1,1,0,0,0,1,0,0,3,0.0152,0.011,2,1,0
NCRB-SYNTH-106438,Trial Court,Writ Petition (Detention),1,1,2,0,1,0,0,1,0,0,0.4988,1,36,0,0,0.1351,6,1.0,167.18,32536.38,0.0885,0,1,0,0,1,2,0,0,0,1,1,0,1,0,0,3,0.0229,0.0165,2,1,0
NCRB-SYNTH-106439,High Court,Sec 439 CrPC (Regular Bail),2,1,2,1,1,0,0,1,0,0,0.6363,1,142,0,1,0.0308,1,1.2426,178.43,40748.69,0.097,1,0,1,1,1,4,0,1,1,0,1,0,1,0,0,3,0.0192,0.0139,2,1,0
NCRB-SYNTH-106442,Trial Court,Writ Petition (Detention),2,5,2,0,1,0,0,1,0,0,0.7442,1,181,0,0,0.0945,2,1.0,147.85,11852.21,0.1326,1,0,1,1,0,2,1,1,1,0,1,0,0,0,0,3,0.0126,0.0091,2,0,1
NCRB-SYNTH-106444,Trial Court,Writ Petition (Detention),7,4,2,0,1,0,1,1,0,1,0.727,1,67,0,1,0.0609,9,1.0324,33.09,38683.58,0.1917,1,1,1,0,0,2,0,0,0,1,1,0,0,0,0,4,0.0368,0.0229,0,1,0
NCRB-SYNTH-106449,Trial Court,Sec 439 CrPC (Regular Bail),15,1,1,0,1,1,1,1,0,0,0.4218,1,148,0,0,0.078,5,1.0,87.78,22145.42,0.045,1,1,1,1,1,2,0,0,0,1,1,0,0,0,0,1,0.0492,0.071,2,1,0
NCRB-SYNTH-106456,Trial Court,Writ Petition (Detention),15,3,1,0,1,1,0,1,0,1,0.8672,1,88,0,1,0.148,2,1.0473,116.29,9451.91,0.0102,1,0,1,1,1,2,1,1,1,0,1,1,0,0,0,3,0.0901,0.065,2,1,1
NCRB-SYNTH-106459,Trial Court,Trial Judgment,15,4,1,0,1,0,0,1,0,1,0.4616,1,101,1,1,0.0696,4,1.1277,132.4,16460.25,0.0812,1,1,1,0,1,3,0,0,0,1,0,0,1,0,0,2,0.0275,0.025,2,1,0
NCRB-SYNTH-106466,Trial Court,Sec 439 CrPC (Regular Bail),7,2,2,1,1,1,0,1,0,0,0.6515,1,82,1,1,0.097,3,1.3904,47.67,11170.6,0.0384,0,0,1,1,1,2,1,0,0,1,1,0,1,0,0,1,0.0334,0.0482,2,1,0
NCRB-SYNTH-106468,Trial Court,Trial Judgment,1,3,1,0,1,0,1,1,0,0,0.4579,1,178,0,0,0.0573,1,1.1162,50.05,44816.09,0.0277,0,1,1,1,1,3,0,0,0,1,1,0,0,0,0,4,0.0819,0.0509,2,1,0
NCRB-SYNTH-106478,Trial Court,Writ Petition (Detention),1,5,2,0,1,1,0,1,0,0,0.4714,1,107,0,0,0.1367,9,1.0738,169.26,10748.26,0.1679,1,0,1,1,0,3,0,0,0,1,1,0,1,0,0,4,0.0102,0.0063,2,1,0
NCRB-SYNTH-106480,Trial Court,Sec 439 CrPC (Regular Bail),2,5,1,0,1,0,0,1,0,0,0.5546,1,49,1,1,0.0674,9,1.0,167.44,33244.54,0.064,1,1,0,1,1,4,1,0,0,1,0,0,1,0,0,1,0.0611,0.0881,2,1,0
NCRB-SYNTH-106484,Trial Court,Sec 482 CrPC (Quashing),1,1,2,0,1,1,1,1,0,0,0.4715,1,148,0,0,0.0949,8,1.1423,163.32,23531.98,0.1608,1,1,1,1,1,2,1,0,0,1,1,1,0,0,0,3,0.083,0.0599,2,1,0
NCRB-SYNTH-106485,High Court,Sec 439 CrPC (Regular Bail),2,1,2,0,1,0,0,1,0,0,0.4386,1,107,0,0,0.1109,4,1.0985,114.69,31102.72,0.1738,1,1,0,1,1,3,1,0,0,1,1,0,1,0,1,1,0.0451,0.0651,2,1,0
NCRB-SYNTH-106496,Trial Court,Sec 482 CrPC (Quashing),1,4,2,0,1,0,0,1,1,1,0.8329,1,103,1,1,0.1616,4,1.0351,118.91,31930.69,0.1189,0,1,1,1,1,1,1,0,0,1,1,1,1,0,0,1,0.0412,0.0595,2,1,0
NCRB-SYNTH-106498,Trial Court,Sec 482 CrPC (Quashing),1,5,1,0,1,1,1,1,0,0,0.5453,0,44,1,1,0.0957,7,1.0483,110.55,40389.21,0.0818,1,1,0,1,0,5,0,0,0,1,1,0,1,0,1,4,0.0853,0.053,2,1,0
NCRB-SYNTH-106502,High Court,Trial Judgment,7,1,1,0,1,0,0,1,0,0,0.4007,1,17,1,1,0.0357,7,1.0542,163.4,41226.67,0.0636,1,0,1,1,1,4,0,0,0,1,1,0,0,0,0,1,0.0202,0.0291,2,1,0
NCRB-SYNTH-106504,High Court,Sec 482 CrPC (Quashing),7,2,2,0,1,1,0,1,0,0,0.6595,1,168,1,1,0.0859,3,1.0,150.9,17748.8,0.0076,1,1,1,1,0,2,0,0,0,1,0,0,1,0,0,2,0.025,0.0228,0,1,0
NCRB-SYNTH-106505,Trial Court,Writ Petition (Detention),1,4,1,0,1,1,0,1,0,0,0.8673,1,79,0,1,0.0363,5,1.1835,128.83,27617.41,0.1625,1,0,1,1,1,2,0,1,1,0,1,0,1,0,0,2,0.0203,0.0185,2,0,1
NCRB-SYNTH-106511,Trial Court,Sec 482 CrPC (Quashing),1,1,2,0,1,0,0,1,1,0,0.4927,1,87,0,0,0.0846,6,1.1991,46.35,11612.62,0.0613,1,1,1,0,0,2,1,0,0,1,1,0,1,0,0,2,0.0464,0.0422,2,1,0
NCRB-SYNTH-106520,Trial Court,Sec 439 CrPC (Regular Bail),1,4,2,0,1,1,1,1,0,1,0.407,1,66,0,1,0.0,9,1.2313,124.59,20112.86,0.1003,1,1,1,1,1,6,0,0,0,1,1,0,1,0,0,3,0.0472,0.034,2,1,0
NCRB-SYNTH-106524,Trial Court,Sec 482 CrPC (Quashing),27,4,2,0,1,0,1,1,0,1,0.8074,1,139,0,0,0.0892,9,1.494,76.75,32221.83,0.1264,1,1,0,1,0,3,1,0,0,1,1,0,0,0,1,1,0.0435,0.0628,2,1,0
NCRB-SYNTH-106525,Trial Court,Sec 482 CrPC (Quashing),2,3,2,0,1,0,0,1,0,1,0.6639,1,169,1,1,0.0778,7,1.134,88.52,35204.69,0.1591,1,0,1,1,0,1,1,1,1,0,1,1,1,0,1,3,0.0688,0.0496,2,0,1
NCRB-SYNTH-106527,Trial Court,Writ Petition (Detention),1,3,2,0,1,0,1,1,0,1,0.8894,1,162,0,0,0.0908,1,1.2488,86.63,27199.63,0.1568,1,1,0,1,0,5,0,0,0,1,1,0,1,0,1,1,0.0334,0.0482,2,1,0
NCRB-SYNTH-106534,Trial Court,Sec 439 CrPC (Regular Bail),1,1,2,0,1,0,1,1,0,1,0.6227,1,68,0,0,0.0115,8,1.0634,149.07,41866.75,0.1575,0,1,1,0,1,1,1,0,0,1,0,1,1,0,0,4,0.0266,0.0165,2,1,0
NCRB-SYNTH-106535,Trial Court,Sec 439 CrPC (Regular Bail),1,4,2,0,1,1,0,1,0,1,0.504,1,97,0,0,0.0954,4,1.2068,174.41,42288.24,0.1672,1,0,1,1,0,1,0,0,0,1,1,0,0,0,0,4,0.0137,0.0085,0,1,0
NCRB-SYNTH-106541,Trial Court,Sec 482 CrPC (Quashing),1,2,2,0,1,0,1,1,1,1,0.9285,1,145,1,1,0.1745,4,1.1276,133.48,17222.83,0.1716,1,0,0,1,1,5,0,1,1,0,0,0,1,0,0,1,0.0185,0.0267,2,0,1
NCRB-SYNTH-106546,Trial Court,Sec 482 CrPC (Quashing),21,2,2,0,1,0,0,1,1,1,0.7471,1,131,0,0,0.0723,5,1.2999,94.63,39309.89,0.1711,1,0,1,1,0,1,0,1,1,0,0,0,0,0,0,3,0.0346,0.025,2,1,1
NCRB-SYNTH-106549,Trial Court,Writ Petition (Detention),1,5,1,0,1,1,0,1,0,0,0.9532,1,147,0,0,0.1285,4,1.0,57.7,12510.2,0.0278,1,1,1,1,1,1,1,0,0,1,1,0,1,0,1,1,0.0461,0.0665,2,1,0
NCRB-SYNTH-106554,Trial Court,Writ Petition (Detention),4,2,2,0,1,0,0,1,0,1,0.6287,1,87,0,0,0.0443,1,1.0155,64.05,35786.3,0.0883,1,0,1,1,1,2,1,1,1,0,1,1,1,0,0,4,0.0382,0.0238,2,0,0
NCRB-SYNTH-106558,Trial Court,Writ Petition (Detention),1,3,2,0,1,0,0,1,0,0,0.5853,1,59,0,0,0.1056,1,1.0303,98.79,12435.59,0.0648,1,0,1,1,0,2,1,1,1,0,1,0,1,1,0,3,0.0105,0.0076,2,0,0
NCRB-SYNTH-106563,Trial Court,Sec 482 CrPC (Quashing),2,4,1,0,1,1,1,1,0,1,0.7409,1,12,0,1,0.0579,6,1.041,156.86,44421.93,0.0714,0,0,1,1,1,1,1,1,1,0,0,0,1,0,1,3,0.0871,0.0628,2,0,1
NCRB-SYNTH-106565,High Court,Sec 439 CrPC (Regular Bail),7,4,2,0,1,0,0,1,1,1,0.9054,1,63,0,0,0.0146,7,1.0652,151.02,42886.9,0.1133,1,0,1,1,0,1,0,1,1,0,1,0,1,0,0,4,0.0954,0.0593,2,0,1
NCRB-SYNTH-106572,Trial Court,Trial Judgment,2,1,1,0,1,0,1,1,0,0,0.8324,1,162,1,1,0.0396,8,1.0307,43.39,43000.0,0.1171,1,0,0,0,0,4,0,1,1,0,0,0,1,0,0,1,0.0853,0.1231,2,0,1
NCRB-SYNTH-106573,Trial Court,Writ Petition (Detention),2,2,2,0,1,0,1,1,0,0,0.4644,0,79,0,1,0.0316,5,1.0,84.82,21441.95,0.1186,1,0,0,0,0,2,0,1,1,0,1,1,0,0,0,3,0.0394,0.0284,2,1,0
NCRB-SYNTH-106575,High Court,Sec 439 CrPC (Regular Bail),7,1,2,0,1,0,0,1,0,0,0.5157,0,117,1,1,0.077,3,1.0,135.37,3701.25,0.1494,1,1,1,1,0,5,1,0,0,1,1,0,0,1,0,4,0.0274,0.017,2,1,0
NCRB-SYNTH-106584,Trial Court,Sec 439 CrPC (Regular Bail),2,1,2,0,1,0,0,1,0,0,0.7751,1,101,1,1,0.0179,9,1.1697,48.42,40742.77,0.0211,1,1,1,0,1,2,0,0,0,1,0,0,0,1,0,3,0.0905,0.0653,2,1,0
NCRB-SYNTH-106588,High Court,Sec 439 CrPC (Regular Bail),27,2,2,0,1,0,0,1,0,1,0.4775,1,25,0,0,0.1277,8,1.0443,39.52,27875.6,0.1005,1,0,1,0,1,2,0,1,1,0,1,0,1,0,0,2,0.0242,0.022,2,0,0
NCRB-SYNTH-106589,Trial Court,Trial Judgment,2,4,1,0,1,0,0,1,0,0,0.6219,1,92,1,1,0.1044,1,1.0355,65.16,5539.83,0.1876,1,1,0,1,1,3,0,0,0,1,1,1,1,0,0,2,0.0304,0.0277,2,1,0
NCRB-SYNTH-106597,Trial Court,Writ Petition (Detention),1,2,1,0,1,0,0,1,0,0,0.6903,1,131,0,1,0.0598,4,1.0368,80.74,41575.42,0.0071,1,0,1,1,1,5,1,1,1,0,0,1,0,0,0,3,0.0717,0.0517,0,1,1
NCRB-SYNTH-106606,Trial Court,Writ Petition (Detention),2,1,2,0,1,0,0,1,0,1,0.9252,1,48,1,1,0.089,1,1.0,73.08,41211.7,0.0734,1,0,1,0,0,3,1,1,1,0,0,0,0,0,0,2,0.0608,0.0553,2,0,1
NCRB-SYNTH-106607,Trial Court,Sec 439 CrPC (Regular Bail),4,1,1,0,1,0,0,1,0,0,0.8687,1,69,0,0,0.2201,7,1.0,92.34,30624.57,0.1853,1,1,1,1,1,2,1,0,0,1,1,0,1,0,0,4,0.0637,0.0396,2,1,0
NCRB-SYNTH-106614,Trial Court,Sec 482 CrPC (Quashing),1,5,2,0,1,0,0,1,0,1,0.6819,1,161,1,1,0.0713,2,1.2627,96.42,3329.71,0.1983,1,1,0,1,1,3,0,0,0,1,0,1,1,0,0,4,0.0204,0.0127,2,1,0
NCRB-SYNTH-106615,High Court,Writ Petition (Detention),1,1,2,0,1,1,0,1,0,0,0.654,1,111,1,0,0.0957,2,1.0693,61.74,31070.84,0.116,1,1,1,1,0,4,1,0,0,1,0,1,1,0,0,4,0.0928,0.0577,2,1,0
NCRB-SYNTH-106617,Trial Court,Sec 482 CrPC (Quashing),1,3,1,1,1,1,1,1,0,0,0.6416,1,19,1,1,0.1249,7,1.1946,146.41,24447.85,0.1128,1,1,1,1,1,5,1,0,0,1,1,0,1,0,0,2,0.0206,0.0188,2,1,0
NCRB-SYNTH-106621,Trial Court,Sec 482 CrPC (Quashing),1,3,2,0,1,0,0,1,0,0,0.4014,1,30,0,0,0.149,6,1.1721,126.39,29694.3,0.0365,0,1,1,1,0,1,1,0,0,1,1,0,0,0,0,3,0.0989,0.0713,2,1,0
NCRB-SYNTH-106626,Trial Court,Sec 439 CrPC (Regular Bail),27,3,2,0,1,0,0,1,1,1,0.424,1,40,1,1,0.1155,4,1.0561,39.77,29670.8,0.1246,1,1,0,1,1,5,0,0,0,1,1,1,1,1,0,3,0.0147,0.0106,2,1,0
NCRB-SYNTH-106632,Trial Court,Writ Petition (Detention),2,5,1,0,1,0,1,1,0,0,0.4768,1,145,0,1,0.0909,9,1.0062,113.96,33180.32,0.1676,1,1,1,0,0,2,1,0,0,1,1,0,0,0,0,4,0.0339,0.021,2,1,0
NCRB-SYNTH-106639,Trial Court,Sec 482 CrPC (Quashing),7,5,1,0,1,0,1,1,0,1,0.5512,1,45,1,1,0.1088,5,1.0221,56.07,37350.87,0.0387,1,0,1,1,1,3,0,0,0,1,0,0,1,1,0,3,0.0168,0.0121,2,1,0
NCRB-SYNTH-106651,Trial Court,Sec 482 CrPC (Quashing),1,3,2,0,1,0,0,1,0,1,0.9468,1,101,1,1,0.0641,4,1.1397,61.86,19983.23,0.0131,1,1,0,1,0,2,1,0,0,1,1,0,1,1,0,4,0.0704,0.0437,2,1,0
NCRB-SYNTH-106654,Trial Court,Sec 482 CrPC (Quashing),2,1,2,0,1,0,1,1,0,1,0.8656,1,62,0,0,0.077,7,1.0923,70.87,12327.29,0.1121,1,1,0,1,0,1,0,0,0,1,1,0,0,0,0,4,0.0414,0.0257,2,1,0
NCRB-SYNTH-106659,Trial Court,Trial Judgment,2,1,2,0,1,0,0,1,0,0,0.487,1,153,0,0,0.0031,3,1.0,80.36,43168.67,0.1777,1,0,1,1,1,3,0,1,1,0,0,1,1,1,0,3,0.0335,0.0242,2,0,0
NCRB-SYNTH-106669,Trial Court,Writ Petition (Detention),7,5,1,1,1,0,0,1,0,0,0.5165,1,16,0,1,0.1305,8,1.0,134.49,7837.08,0.1885,0,1,1,1,1,1,1,0,0,1,1,0,1,0,1,4,0.0304,0.0189,2,1,0
NCRB-SYNTH-106670,High Court,Trial Judgment,1,5,2,0,1,0,0,1,0,1,0.6137,0,30,1,1,0.1045,6,1.0518,159.57,36639.14,0.0322,1,1,1,1,1,1,0,0,0,1,1,1,0,0,0,2,0.0422,0.0384,2,1,0
NCRB-SYNTH-106674,Trial Court,Sec 439 CrPC (Regular Bail),1,5,2,0,1,0,1,1,0,0,0.6646,1,104,0,0,0.0944,7,1.0,68.55,16219.72,0.0432,1,1,0,0,1,2,1,0,0,1,1,1,1,0,0,4,0.0379,0.0236,2,1,0
NCRB-SYNTH-106675,Trial Court,Sec 439 CrPC (Regular Bail),2,2,2,0,1,0,1,1,0,1,0.4827,0,166,0,0,0.1053,4,1.0945,80.32,23566.09,0.0495,1,1,1,1,1,5,0,0,0,1,1,0,0,0,1,1,0.0411,0.0592,2,1,0
NCRB-SYNTH-106686,Trial Court,Sec 482 CrPC (Quashing),1,1,1,0,1,1,0,1,0,1,0.5115,1,125,0,0,0.1088,4,1.1027,64.17,16360.35,0.0592,1,1,1,1,0,1,1,0,0,1,1,0,1,0,0,1,0.0994,0.1433,2,1,0
NCRB-SYNTH-106690,Trial Court,Sec 482 CrPC (Quashing),7,4,2,0,1,0,0,1,0,1,0.6158,1,51,1,1,0.0864,5,1.3115,78.33,5693.42,0.1477,1,1,1,1,1,1,0,0,0,1,1,1,0,0,1,3,0.0371,0.0268,2,1,0
NCRB-SYNTH-106711,Trial Court,Trial Judgment,27,4,1,0,1,0,0,1,1,0,0.4758,1,97,1,1,0.0488,2,1.1424,115.6,18855.61,0.1169,1,1,0,1,1,1,0,0,0,1,0,0,0,0,0,4,0.0105,0.0065,2,1,0
NCRB-SYNTH-106717,High Court,Trial Judgment,2,2,2,0,1,0,1,1,0,0,0.9325,1,30,0,1,0.0933,4,1.0,141.86,15040.11,0.0418,1,0,1,1,1,3,0,1,1,0,0,0,0,1,0,3,0.0283,0.0204,0,0,1
NCRB-SYNTH-106722,Trial Court,Writ Petition (Detention),1,2,1,0,1,0,0,1,0,0,0.5858,1,165,0,0,0.1528,1,1.0,96.52,16202.87,0.17,1,1,0,1,0,4,0,0,0,1,0,0,0,0,0,3,0.089,0.0642,2,1,0
NCRB-SYNTH-106726,Trial Court,Writ Petition (Detention),21,1,2,0,1,0,0,1,0,0,0.5988,1,166,1,1,0.126,1,1.2174,148.09,40215.16,0.1417,1,0,1,1,1,3,0,1,1,0,0,0,0,0,0,1,0.045,0.0649,2,1,0
NCRB-SYNTH-106728,Trial Court,Sec 482 CrPC (Quashing),15,5,1,0,1,0,0,1,0,0,0.6596,1,130,1,1,0.0692,2,1.0,139.22,13773.42,0.168,1,1,1,1,1,3,1,0,0,1,1,1,1,0,0,1,0.088,0.1269,2,1,0
NCRB-SYNTH-106735,Trial Court,Trial Judgment,2,4,1,0,1,1,0,1,0,0,0.8075,1,113,0,0,0.139,1,1.302,124.48,3088.92,0.1281,1,0,1,0,0,1,0,0,0,1,1,1,1,0,1,2,0.0584,0.0532,2,1,0
NCRB-SYNTH-106738,Trial Court,Sec 482 CrPC (Quashing),1,1,2,0,1,1,0,1,0,0,0.4831,1,40,0,0,0.0657,8,1.1005,99.88,21617.86,0.1805,1,0,0,0,1,3,0,1,1,0,1,0,1,0,0,3,0.0616,0.0444,2,0,0
NCRB-SYNTH-106741,High Court,Sec 439 CrPC (Regular Bail),1,3,1,0,1,0,0,1,1,1,0.5159,1,104,0,0,0.0777,7,1.0,65.44,38608.58,0.1021,1,1,1,0,1,1,1,0,0,1,0,0,1,0,0,1,0.0879,0.1268,0,1,0
NCRB-SYNTH-106742,Trial Court,Sec 439 CrPC (Regular Bail),1,2,2,0,1,1,1,1,0,0,0.8254,1,46,0,0,0.1042,9,1.0,171.82,35144.39,0.0212,1,0,1,1,1,1,0,0,0,1,1,1,0,0,0,2,0.0333,0.0303,2,1,0
NCRB-SYNTH-106748,Trial Court,Sec 439 CrPC (Regular Bail),1,2,2,0,1,0,0,1,0,0,0.7361,1,111,1,1,0.0685,8,1.1338,98.0,24734.57,0.0959,1,1,0,1,1,2,0,0,0,1,1,0,1,1,1,4,0.0105,0.0065,2,1,0
NCRB-SYNTH-106754,Trial Court,Sec 439 CrPC (Regular Bail),1,5,1,0,1,0,1,1,0,0,0.5339,1,104,1,1,0.0306,8,1.0593,69.35,22700.26,0.0463,1,1,1,1,1,5,1,0,0,1,0,0,1,1,0,4,0.0489,0.0304,2,1,0
NCRB-SYNTH-106755,Trial Court,Sec 482 CrPC (Quashing),15,1,1,0,1,0,0,1,0,1,0.6788,1,82,0,0,0.1106,9,1.15,103.9,9874.35,0.1184,0,1,1,0,1,3,0,0,0,1,0,0,1,0,0,1,0.082,0.1183,0,1,0
NCRB-SYNTH-106762,Trial Court,Trial Judgment,1,2,1,0,1,0,0,1,0,1,0.4296,1,76,0,0,0.0287,2,1.1903,171.99,21406.54,0.1623,1,0,1,1,1,2,0,1,1,0,1,0,0,1,0,1,0.0251,0.0363,2,0,0
NCRB-SYNTH-106763,High Court,Sec 439 CrPC (Regular Bail),7,4,2,0,1,0,0,1,0,1,0.6667,1,126,1,0,0.1341,2,1.0187,92.15,32532.32,0.1614,1,1,1,1,1,2,0,0,0,1,1,0,0,0,0,4,0.0776,0.0482,2,1,0
NCRB-SYNTH-106771,Trial Court,Sec 439 CrPC (Regular Bail),1,2,2,0,1,1,0,1,0,1,0.8617,1,116,0,0,0.1086,8,1.1925,71.03,13385.63,0.1054,1,1,1,1,1,1,1,0,0,1,1,0,0,0,0,4,0.0998,0.062,2,1,0
NCRB-SYNTH-106774,High Court,Sec 482 CrPC (Quashing),4,5,1,0,1,1,1,1,0,1,0.4836,0,145,1,1,0.0707,1,1.1594,105.89,4004.53,0.0181,1,0,1,1,0,2,0,1,1,0,1,0,1,0,0,4,0.0125,0.0078,2,1,0
NCRB-SYNTH-106780,Trial Court,Sec 439 CrPC (Regular Bail),2,5,1,0,1,1,0,1,0,0,0.8895,1,18,1,0,0.1073,2,1.2642,81.47,34426.4,0.1639,1,0,1,1,1,3,0,1,1,0,1,0,0,0,0,4,0.0634,0.0394,0,1,1
NCRB-SYNTH-106799,Trial Court,Sec 482 CrPC (Quashing),4,3,1,0,1,0,1,1,0,0,0.5366,1,45,0,0,0.1122,9,1.0729,73.03,35953.55,0.147,1,1,1,1,1,2,0,0,0,1,1,0,0,1,0,1,0.0697,0.1005,2,1,0
NCRB-SYNTH-106801,Trial Court,Writ Petition (Detention),1,3,1,0,1,0,1,1,0,1,0.9067,1,45,0,0,0.0,7,1.2351,66.11,28560.89,0.1244,1,0,1,1,1,3,0,0,0,1,1,0,0,0,1,1,0.0491,0.0709,0,1,0
NCRB-SYNTH-106802,Trial Court,Sec 439 CrPC (Regular Bail),1,2,2,0,1,1,1,1,0,0,0.6048,0,36,0,0,0.0855,5,1.0788,107.28,43978.27,0.0573,1,1,1,1,0,1,0,0,0,1,0,0,1,0,0,2,0.0147,0.0134,2,1,0
NCRB-SYNTH-106812,High Court,Sec 439 CrPC (Regular Bail),2,4,1,0,1,0,1,1,0,1,0.7964,1,67,0,0,0.0546,7,1.0152,97.98,16003.84,0.1459,1,0,1,1,0,2,0,1,1,0,1,1,1,0,0,4,0.0719,0.0447,2,0,1
NCRB-SYNTH-106813,Trial Court,Sec 439 CrPC (Regular Bail),1,3,1,0,1,1,1,1,0,1,0.5734,1,14,0,0,0.1304,2,1.1555,156.13,6398.22,0.0854,1,0,1,1,0,2,1,1,1,0,0,0,0,0,0,3,0.0803,0.058,2,1,0
NCRB-SYNTH-106816,Trial Court,Sec 482 CrPC (Quashing),1,3,2,1,1,0,1,1,0,1,0.4958,1,38,0,0,0.0574,8,1.2356,162.42,24619.46,0.1358,1,1,1,1,0,4,1,0,0,1,1,0,1,0,1,3,0.0454,0.0327,2,1,0
NCRB-SYNTH-106827,High Court,Sec 439 CrPC (Regular Bail),1,4,2,0,1,0,0,1,0,1,0.7719,1,44,0,0,0.0473,9,1.1658,130.21,17866.24,0.1303,1,1,1,1,1,5,0,0,0,1,1,0,0,0,0,1,0.0981,0.1416,0,1,0
NCRB-SYNTH-106832,Trial Court,Sec 482 CrPC (Quashing),1,4,1,0,1,0,0,1,0,0,0.5641,1,14,0,0,0.0965,5,1.0247,168.07,40109.24,0.0101,0,1,1,0,0,4,1,0,0,1,1,0,0,0,0,4,0.0561,0.0348,2,1,0
NCRB-SYNTH-106836,High Court,Sec 439 CrPC (Regular Bail),1,5,2,0,1,1,0,1,0,1,0.7564,1,131,1,1,0.0257,6,1.2509,132.13,14265.51,0.0884,1,1,0,1,1,2,1,0,0,1,0,1,1,0,0,3,0.0944,0.0681,2,1,0
NCRB-SYNTH-106839,Trial Court,Sec 482 CrPC (Quashing),4,2,1,0,1,0,1,1,0,1,0.6972,1,92,0,0,0.0927,6,1.2131,55.91,44194.62,0.1996,1,1,1,1,0,2,0,0,0,1,1,0,0,0,0,1,0.0361,0.0521,2,1,0
NCRB-SYNTH-106842,Trial Court,Sec 439 CrPC (Regular Bail),1,5,1,0,1,0,0,1,1,1,0.7776,1,146,0,0,0.1609,8,1.1023,39.27,29339.59,0.0683,1,0,1,1,1,6,0,1,1,0,1,0,0,0,0,3,0.0731,0.0527,2,0,1
NCRB-SYNTH-106843,High Court,Sec 439 CrPC (Regular Bail),7,4,1,0,1,0,1,1,0,1,0.4947,1,163,1,1,0.0582,4,1.2157,51.03,38071.44,0.1461,1,1,1,1,1,3,1,0,0,1,0,0,1,0,1,2,0.0136,0.0124,0,1,0
NCRB-SYNTH-106844,Trial Court,Sec 482 CrPC (Quashing),2,2,2,0,1,1,1,1,0,1,0.8638,1,114,1,0,0.1212,3,1.0654,125.16,39811.25,0.1311,1,0,1,1,1,2,0,1,1,0,1,0,1,0,0,4,0.0284,0.0177,2,0,1
NCRB-SYNTH-106846,High Court,Sec 482 CrPC (Quashing),2,2,1,0,1,0,1,1,0,0,0.7393,1,163,0,0,0.0467,6,1.0,156.78,7462.89,0.1566,1,1,1,1,1,3,0,0,0,1,1,1,0,0,0,1,0.0106,0.0152,2,1,0
NCRB-SYNTH-106850,Trial Court,Sec 439 CrPC (Regular Bail),1,1,2,0,1,0,0,1,0,1,0.4579,1,13,0,0,0.0462,1,1.0886,57.68,24317.43,0.1135,1,1,1,1,1,3,1,0,0,1,0,0,1,0,0,4,0.079,0.0491,2,1,0
NCRB-SYNTH-106855,High Court,Sec 439 CrPC (Regular Bail),2,4,1,0,1,0,1,1,0,0,0.5906,1,88,1,1,0.0464,1,1.0612,133.15,8008.32,0.0987,1,1,1,1,1,3,0,0,0,1,0,1,0,0,0,1,0.0733,0.1058,2,1,0
NCRB-SYNTH-106861,Trial Court,Sec 439 CrPC (Regular Bail),7,2,2,0,1,0,1,1,1,1,0.8362,1,70,0,1,0.0506,4,1.0,38.09,13775.0,0.0631,1,1,1,1,1,4,0,0,0,1,1,1,0,0,0,3,0.0568,0.041,2,1,0
NCRB-SYNTH-106864,Trial Court,Sec 439 CrPC (Regular Bail),1,5,1,0,1,0,1,1,1,1,0.6907,1,136,0,0,0.0399,3,1.2205,110.05,5352.8,0.0007,1,1,1,0,0,1,1,0,0,1,1,1,1,0,0,4,0.0142,0.0088,2,1,0
NCRB-SYNTH-106868,High Court,Sec 482 CrPC (Quashing),4,5,2,0,1,1,0,1,0,1,0.5545,0,58,1,1,0.081,9,1.0826,148.21,16652.13,0.1182,1,0,0,1,1,1,1,0,0,1,0,1,1,0,0,4,0.0811,0.0504,2,1,0
NCRB-SYNTH-106872,Trial Court,Sec 482 CrPC (Quashing),1,3,2,0,1,1,0,1,0,0,0.7123,0,166,0,0,0.1399,9,1.2692,96.59,32410.5,0.0009,1,1,1,1,0,2,0,0,0,1,1,0,1,1,0,2,0.0839,0.0763,2,1,0
NCRB-SYNTH-106877,Trial Court,Sec 482 CrPC (Quashing),1,2,1,0,1,0,0,1,0,1,0.5221,1,139,1,1,0.0884,3,1.0984,51.11,33566.06,0.0929,1,1,1,0,1,2,1,0,0,1,0,1,0,0,0,4,0.0527,0.0327,2,1,0
NCRB-SYNTH-106878,High Court,Writ Petition (Detention),1,3,2,0,1,1,0,1,0,0,0.8817,1,161,0,0,0.1099,9,1.1784,178.57,33969.44,0.0361,1,1,1,1,1,3,0,0,0,1,1,0,1,0,0,1,0.0822,0.1186,0,1,0
NCRB-SYNTH-106889,Trial Court,Sec 439 CrPC (Regular Bail),4,2,2,0,1,0,0,1,1,1,0.739,1,106,1,1,0.0907,6,1.0347,66.94,30014.58,0.003,1,1,1,1,1,3,0,0,0,1,1,1,1,0,0,3,0.0441,0.0318,2,1,0
NCRB-SYNTH-106898,High Court,Writ Petition (Detention),1,1,2,0,1,0,0,1,1,0,0.57,1,43,1,1,0.056,6,1.1225,133.93,13346.85,0.129,0,0,1,1,1,2,0,1,1,0,0,0,1,0,0,1,0.0373,0.0539,2,0,0
NCRB-SYNTH-106902,Trial Court,Trial Judgment,1,4,1,0,1,0,1,1,0,0,0.8045,1,167,0,0,0.0489,3,1.0,41.92,42156.01,0.1771,1,1,1,0,1,1,1,0,0,1,1,1,1,0,0,4,0.0291,0.0181,2,1,0
NCRB-SYNTH-106903,Trial Court,Sec 439 CrPC (Regular Bail),1,3,1,0,1,0,0,1,0,0,0.7119,1,78,0,0,0.0098,9,1.0368,51.44,6920.6,0.0147,0,0,1,1,1,1,0,1,1,0,1,1,0,0,1,3,0.0136,0.0098,0,1,1
NCRB-SYNTH-106906,Trial Court,Trial Judgment,2,3,2,0,1,0,0,1,0,0,0.9252,1,130,1,0,0.0945,3,1.0,162.81,21957.56,0.1463,1,1,1,1,0,2,1,0,0,1,0,1,1,0,0,3,0.0186,0.0134,2,1,0
NCRB-SYNTH-106916,Trial Court,Trial Judgment,1,5,2,0,1,0,0,1,0,1,0.4822,1,78,1,1,0.0976,4,1.0,33.26,26811.01,0.1704,1,1,1,1,1,3,1,0,0,1,1,1,1,0,0,4,0.0658,0.0409,2,1,0
NCRB-SYNTH-106922,Trial Court,Sec 482 CrPC (Quashing),2,4,2,1,1,1,1,1,1,1,0.5612,1,21,1,1,0.0514,3,1.0024,97.71,13597.66,0.1589,1,1,1,1,1,2,1,0,0,1,1,1,1,0,0,1,0.0653,0.0942,2,1,0
NCRB-SYNTH-106926,Trial Court,Sec 439 CrPC (Regular Bail),1,1,1,0,1,0,0,1,1,1,0.8048,1,144,0,0,0.183,9,1.0826,158.62,6639.8,0.0977,1,1,1,1,1,1,0,0,0,1,1,0,1,0,0,2,0.0175,0.0159,2,1,0
NCRB-SYNTH-106932,Trial Court,Writ Petition (Detention),1,5,2,0,1,0,0,1,0,0,0.7924,1,90,1,1,0.0551,3,1.223,84.22,36461.13,0.1036,1,1,0,1,1,2,0,0,0,1,1,0,0,0,0,2,0.0297,0.0271,2,1,0
NCRB-SYNTH-106934,Trial Court,Writ Petition (Detention),7,5,1,0,1,0,0,1,0,0,0.3957,1,146,0,0,0.0599,6,1.0641,69.94,8340.39,0.1782,0,0,1,1,0,4,0,1,1,0,1,0,0,0,0,3,0.0652,0.047,2,1,0
NCRB-SYNTH-106944,Trial Court,Sec 439 CrPC (Regular Bail),1,2,2,1,1,0,0,1,1,1,0.4351,0,105,0,1,0.1273,8,1.038,38.79,39385.76,0.0966,1,1,1,1,1,2,0,0,0,1,0,0,1,0,0,4,0.0816,0.0507,2,1,0
NCRB-SYNTH-106947,High Court,Writ Petition (Detention),1,2,2,0,1,0,0,1,0,1,0.5558,1,58,1,0,0.0937,7,1.0163,173.95,10452.19,0.0097,1,0,1,1,1,1,0,0,0,1,0,0,1,0,0,4,0.0374,0.0232,2,1,0
NCRB-SYNTH-106950,Trial Court,Trial Judgment,1,1,1,0,1,0,0,1,0,1,0.5905,1,33,1,1,0.0819,4,1.0343,164.77,19467.0,0.1908,1,1,0,1,1,1,0,0,0,1,0,0,1,0,1,4,0.0235,0.0146,2,1,0
NCRB-SYNTH-106954,Trial Court,Sec 439 CrPC (Regular Bail),1,3,1,0,1,0,0,1,0,1,0.6758,1,47,0,0,0.0575,1,1.2875,100.35,17894.79,0.1407,1,0,1,1,1,2,0,1,1,0,1,0,0,0,1,4,0.0672,0.0418,2,1,1
NCRB-SYNTH-106966,High Court,Sec 439 CrPC (Regular Bail),15,1,1,0,1,1,0,1,1,1,0.4886,1,41,1,1,0.0695,2,1.0731,124.09,11488.23,0.0069,0,0,1,1,0,3,1,1,1,0,1,0,0,0,1,3,0.0485,0.035,2,0,0
NCRB-SYNTH-106971,Trial Court,Writ Petition (Detention),4,4,1,0,1,0,1,1,0,1,0.3829,1,140,0,0,0.0839,1,1.2264,50.92,9471.29,0.0927,1,0,1,1,1,3,0,1,1,0,0,0,1,0,0,3,0.0565,0.0408,2,1,0
NCRB-SYNTH-106973,High Court,Sec 439 CrPC (Regular Bail),2,1,2,0,1,1,0,1,0,0,0.7913,1,171,1,1,0.0775,4,1.0,43.66,39601.49,0.0002,1,1,1,1,1,2,0,0,0,1,1,1,1,0,0,2,0.044,0.0401,2,1,0
NCRB-SYNTH-106980,Trial Court,Writ Petition (Detention),2,2,1,0,1,0,1,1,1,0,0.7007,1,17,0,1,0.0333,3,1.0987,61.49,10455.36,0.0293,0,1,1,0,0,2,0,0,0,1,1,0,1,0,0,2,0.0312,0.0284,2,1,0
NCRB-SYNTH-106981,Trial Court,Sec 439 CrPC (Regular Bail),1,5,2,0,1,0,1,1,0,1,0.7151,1,35,0,0,0.0651,1,1.0847,119.11,20205.71,0.0199,1,1,0,1,0,5,0,0,0,1,1,0,0,0,0,2,0.022,0.0201,2,1,0
NCRB-SYNTH-106989,Trial Court,Writ Petition (Detention),27,2,2,0,1,0,1,1,0,0,0.7778,1,116,0,0,0.0,5,1.158,91.94,29957.2,0.1263,1,1,1,1,0,2,0,0,0,1,1,0,1,0,0,4,0.0915,0.0569,2,1,0
NCRB-SYNTH-106990,Trial Court,Sec 439 CrPC (Regular Bail),1,1,2,1,1,0,0,1,0,0,0.4669,1,40,1,1,0.04,9,1.1374,52.8,23485.3,0.0765,1,1,1,1,1,3,1,0,0,1,1,1,1,0,0,2,0.0464,0.0423,2,1,0
NCRB-SYNTH-106994,Trial Court,Writ Petition (Detention),1,5,2,0,1,1,1,1,0,1,0.9076,1,81,0,1,0.1234,3,1.1031,154.22,35866.44,0.1113,1,0,0,1,1,2,0,1,1,0,0,1,0,0,0,2,0.0351,0.032,2,1,1
NCRB-SYNTH-107001,High Court,Writ Petition (Detention),45,1,2,0,1,0,1,1,0,1,0.947,1,99,0,1,0.0712,3,1.0,137.85,13559.52,0.1697,1,0,1,1,1,4,1,0,0,1,0,0,1,0,0,2,0.0318,0.029,2,1,0
NCRB-SYNTH-107002,Trial Court,Sec 482 CrPC (Quashing),1,5,2,0,1,1,1,1,0,1,0.784,0,168,1,0,0.1424,9,1.1795,151.82,26346.93,0.1986,0,1,1,1,1,3,0,0,0,1,1,1,1,1,0,3,0.0354,0.0255,2,1,0
NCRB-SYNTH-107008,Trial Court,Writ Petition (Detention),1,2,1,0,1,0,1,1,0,0,0.7059,1,127,0,0,0.1097,9,1.1364,36.8,17740.14,0.0394,0,1,0,1,1,4,0,0,0,1,1,1,1,0,0,4,0.0918,0.057,2,1,0
NCRB-SYNTH-107014,Trial Court,Sec 439 CrPC (Regular Bail),1,3,2,0,1,0,0,1,0,0,0.4777,1,184,0,0,0.1836,9,1.1153,147.38,31611.26,0.0482,1,1,1,1,0,3,0,0,0,1,1,1,0,0,0,3,0.0654,0.0472,2,1,0
NCRB-SYNTH-107018,Trial Court,Writ Petition (Detention),2,4,2,0,1,1,0,1,0,1,0.8153,0,144,1,0,0.0891,6,1.106,163.02,11596.06,0.1561,1,0,0,1,1,1,0,0,0,1,1,1,1,1,0,2,0.0996,0.0907,2,1,0
NCRB-SYNTH-107027,Trial Court,Sec 482 CrPC (Quashing),7,4,2,0,1,0,1,1,0,0,0.4761,1,64,0,0,0.0699,2,1.0569,118.34,3041.3,0.0224,1,1,0,0,1,2,1,0,0,1,0,1,1,0,1,2,0.0788,0.0717,0,1,0
NCRB-SYNTH-107030,High Court,Sec 439 CrPC (Regular Bail),2,2,2,0,1,0,1,1,0,1,0.7311,1,29,1,1,0.0293,9,1.0061,120.53,29273.03,0.0976,1,1,1,0,1,1,1,0,0,1,0,1,1,0,0,4,0.0381,0.0237,2,1,0
NCRB-SYNTH-107044,Trial Court,Sec 482 CrPC (Quashing),2,1,1,0,1,0,0,1,0,0,0.7608,1,80,1,1,0.049,2,1.029,74.16,7325.95,0.0927,0,1,1,1,1,2,0,0,0,1,1,0,1,0,0,2,0.0883,0.0804,2,1,0
NCRB-SYNTH-107048,Trial Court,Sec 482 CrPC (Quashing),1,2,2,0,1,0,0,1,0,0,0.571,1,71,0,0,0.0782,3,1.2281,67.16,3084.32,0.1045,1,1,1,1,0,1,0,0,0,1,0,1,1,0,1,3,0.0514,0.0371,2,1,0
NCRB-SYNTH-107056,Trial Court,Sec 439 CrPC (Regular Bail),2,2,1,0,1,0,0,1,0,1,0.6899,0,29,0,0,0.0535,6,1.1418,143.84,41046.23,0.1754,0,1,1,1,0,2,0,0,0,1,1,0,1,0,0,1,0.0245,0.0353,2,1,0
NCRB-SYNTH-107065,High Court,Writ Petition (Detention),1,2,1,0,1,0,0,1,0,1,0.8479,1,91,0,0,0.0274,6,1.1705,106.77,20648.12,0.1514,1,1,1,0,0,1,1,0,0,1,1,0,0,0,1,2,0.0279,0.0254,2,1,0
NCRB-SYNTH-107067,High Court,Writ Petition (Detention),1,3,2,0,1,0,0,1,1,0,0.5087,0,150,0,1,0.0789,3,1.0055,40.9,16975.16,0.1738,1,1,1,1,0,2,0,0,0,1,0,1,0,0,0,1,0.0122,0.0176,2,1,0
NCRB-SYNTH-107069,Trial Court,Sec 482 CrPC (Quashing),7,4,1,0,1,0,1,1,0,0,0.5023,1,173,0,0,0.0612,2,1.1391,41.1,42518.04,0.1248,1,0,1,1,0,4,0,1,1,0,1,1,1,0,0,4,0.0734,0.0456,0,0,0
NCRB-SYNTH-107070,High Court,Sec 482 CrPC (Quashing),2,3,2,0,1,1,1,1,0,1,0.4249,0,139,0,0,0.0436,9,1.01,171.85,21821.19,0.1726,1,0,0,1,1,3,0,1,1,0,1,0,1,0,1,2,0.0721,0.0656,2,1,0
NCRB-SYNTH-107074,Trial Court,Sec 439 CrPC (Regular Bail),4,3,1,0,1,0,1,1,0,1,0.8088,1,83,0,0,0.0263,3,1.1341,35.96,35094.55,0.0813,1,1,0,1,1,3,0,0,0,1,1,0,1,0,0,1,0.0223,0.0321,2,1,0
NCRB-SYNTH-107076,High Court,Sec 482 CrPC (Quashing),1,2,1,0,1,0,0,1,0,0,0.7345,1,162,1,0,0.0102,1,1.3494,148.75,22363.75,0.0808,1,1,1,1,1,1,1,0,0,1,1,0,0,1,1,2,0.0108,0.0098,2,1,0
NCRB-SYNTH-107086,Trial Court,Sec 439 CrPC (Regular Bail),1,2,2,0,1,0,0,1,0,0,0.8972,1,110,0,1,0.0416,7,1.0741,166.56,41288.09,0.0384,1,0,1,1,0,1,0,0,0,1,1,0,0,0,0,1,0.0245,0.0354,0,1,0
NCRB-SYNTH-107090,Trial Court,Writ Petition (Detention),1,3,1,0,1,0,0,1,0,1,0.6583,1,171,0,0,0.052,4,1.1518,103.95,16757.34,0.147,1,0,0,1,0,1,1,1,1,0,1,0,1,0,0,3,0.0199,0.0144,2,0,1
NCRB-SYNTH-107091,Trial Court,Sec 482 CrPC (Quashing),1,5,2,0,1,0,0,1,0,0,0.7175,1,127,0,0,0.1131,5,1.2038,42.93,19109.04,0.1594,1,1,1,0,1,2,1,0,0,1,1,0,0,1,0,3,0.0287,0.0207,2,1,0
NCRB-SYNTH-107094,Trial Court,Sec 482 CrPC (Quashing),1,2,2,0,1,1,0,1,0,0,0.6641,1,64,0,0,0.0683,1,1.0072,167.19,14546.29,0.1782,0,0,1,1,0,2,0,1,1,0,1,0,1,0,0,4,0.0513,0.0319,2,0,1
NCRB-SYNTH-107098,Trial Court,Sec 439 CrPC (Regular Bail),1,3,2,0,1,1,0,1,0,0,0.6406,1,108,0,0,0.0933,9,1.2157,32.29,16360.53,0.1091,1,1,1,0,0,3,0,0,0,1,1,1,1,0,0,1,0.0364,0.0526,2,1,0
NCRB-SYNTH-107101,Trial Court,Trial Judgment,21,3,1,0,1,0,0,1,0,1,0.5906,0,103,0,0,0.0478,6,1.0,88.15,33110.71,0.1557,1,0,1,0,0,2,1,0,0,1,1,1,0,0,1,3,0.0512,0.0369,2,1,0
NCRB-SYNTH-107106,Trial Court,Sec 439 CrPC (Regular Bail),2,1,2,0,1,0,0,1,1,0,0.5089,1,25,1,1,0.1013,3,1.0,142.41,25639.88,0.0937,1,0,0,1,0,5,1,1,1,0,1,1,0,0,0,4,0.0874,0.0543,2,1,0
NCRB-SYNTH-107107,High Court,Trial Judgment,1,1,1,0,1,0,1,1,1,0,0.621,1,133,0,1,0.0633,9,1.0313,61.41,36365.3,0.0521,1,1,0,0,1,4,1,0,0,1,0,1,1,1,0,1,0.0304,0.0438,2,1,0
NCRB-SYNTH-107114,Trial Court,Sec 482 CrPC (Quashing),1,2,1,1,1,1,0,1,0,1,0.775,1,50,0,1,0.0515,4,1.0343,141.0,25428.57,0.1795,0,0,1,0,0,4,1,1,1,0,0,0,0,1,0,4,0.0858,0.0533,2,0,1
NCRB-SYNTH-107118,Trial Court,Writ Petition (Detention),1,3,2,0,1,0,0,1,0,0,0.5174,1,179,1,0,0.1191,7,1.3004,156.48,32600.15,0.0653,1,1,1,1,1,1,1,0,0,1,1,1,0,0,0,3,0.0406,0.0293,2,1,0
NCRB-SYNTH-107122,Trial Court,Writ Petition (Detention),2,4,2,0,1,0,1,1,0,1,0.4375,1,180,0,0,0.116,1,1.0688,127.49,40642.48,0.0063,1,1,1,1,0,3,1,0,0,1,0,1,0,0,0,3,0.0303,0.0218,2,1,0
NCRB-SYNTH-107127,High Court,Sec 482 CrPC (Quashing),1,2,1,0,1,0,1,1,0,1,0.9643,0,70,0,0,0.0877,7,1.1245,57.3,29808.75,0.0224,1,0,1,1,0,5,0,1,1,0,1,1,1,0,1,3,0.0258,0.0186,2,1,1
NCRB-SYNTH-107134,High Court,Sec 482 CrPC (Quashing),1,2,1,0,1,1,0,1,0,0,0.7345,1,16,0,0,0.0682,5,1.0,85.14,16745.97,0.1936,1,1,1,1,1,2,0,0,0,1,0,0,1,0,1,4,0.01,0.0062,0,1,0
NCRB-SYNTH-107140,Trial Court,Writ Petition (Detention),21,3,1,0,1,1,1,1,0,0,0.6795,1,66,0,1,0.0618,1,1.0966,89.91,3129.0,0.0464,0,0,1,1,1,2,0,0,0,1,1,0,1,0,0,2,0.0926,0.0843,2,1,0
NCRB-SYNTH-107142,Trial Court,Sec 482 CrPC (Quashing),1,5,2,1,1,0,1,1,0,0,0.5818,1,116,1,1,0.0992,4,1.0,168.42,4817.75,0.0344,1,1,1,1,1,2,0,0,0,1,0,1,1,0,0,3,0.0697,0.0503,2,1,0
NCRB-SYNTH-107152,Trial Court,Sec 482 CrPC (Quashing),4,1,1,0,1,1,1,1,0,0,0.6357,1,90,0,0,0.0844,6,1.0,167.77,32329.28,0.0971,1,1,1,1,0,2,1,0,0,1,1,0,0,0,0,3,0.0656,0.0473,2,1,0
NCRB-SYNTH-107166,Trial Court,Writ Petition (Detention),1,4,1,0,1,0,0,1,0,0,0.8144,1,164,0,0,0.0257,5,1.0451,83.04,26155.06,0.0215,1,0,1,1,1,2,0,1,1,0,1,0,1,0,1,3,0.0782,0.0564,2,1,1
NCRB-SYNTH-107175,Trial Court,Sec 482 CrPC (Quashing),2,4,1,0,1,1,0,1,0,0,0.8077,1,122,0,0,0.1477,3,1.0,124.6,19545.58,0.1346,1,0,1,0,1,1,0,0,0,1,1,1,0,0,0,3,0.0959,0.0692,2,1,0
NCRB-SYNTH-107194,High Court,Trial Judgment,4,2,2,0,1,0,0,1,0,0,0.5814,1,153,1,1,0.0,7,1.2338,88.36,11256.22,0.075,1,0,1,1,1,2,1,1,1,0,0,0,0,0,0,4,0.0555,0.0345,2,0,0
NCRB-SYNTH-107197,Trial Court,Sec 482 CrPC (Quashing),4,5,1,0,1,0,1,1,0,0,0.9298,1,14,0,0,0.0657,3,1.0649,59.75,37556.38,0.0259,1,1,1,1,1,1,0,0,0,1,1,0,1,1,0,2,0.0218,0.0198,2,1,0
NCRB-SYNTH-107202,Trial Court,Sec 439 CrPC (Regular Bail),15,4,2,0,1,0,0,1,0,0,0.3473,1,91,1,1,0.0849,4,1.0,176.61,30941.38,0.1501,1,0,1,1,0,1,0,1,1,0,0,1,1,0,1,4,0.0596,0.037,0,0,0
NCRB-SYNTH-107204,Trial Court,Sec 439 CrPC (Regular Bail),4,2,2,0,1,0,0,1,0,0,0.8691,1,181,1,1,0.1031,2,1.2714,153.54,10350.95,0.188,0,1,0,1,1,2,0,0,0,1,0,0,1,0,0,1,0.0272,0.0392,2,1,0
NCRB-SYNTH-107206,Trial Court,Sec 482 CrPC (Quashing),15,2,1,0,1,0,1,1,0,1,0.4607,0,144,0,1,0.0992,4,1.0,58.76,6869.17,0.0559,1,1,1,1,1,1,1,0,0,1,1,0,0,1,0,1,0.0417,0.0601,2,1,0
NCRB-SYNTH-107212,Trial Court,Writ Petition (Detention),1,5,1,0,1,0,0,1,0,0,0.9029,1,129,1,1,0.0998,8,1.1035,179.5,18740.33,0.0898,1,0,1,1,1,3,0,1,1,0,1,1,1,0,1,2,0.0136,0.0124,2,1,1
NCRB-SYNTH-107215,Trial Court,Sec 482 CrPC (Quashing),2,2,1,0,1,0,0,1,1,0,0.8198,1,143,1,1,0.0759,4,1.0679,157.73,30352.09,0.054,1,1,1,1,1,2,1,0,0,1,0,0,1,0,0,4,0.0829,0.0515,0,1,0
NCRB-SYNTH-107223,Trial Court,Sec 439 CrPC (Regular Bail),2,5,2,0,1,1,0,1,0,0,0.515,1,102,0,0,0.1247,2,1.1396,167.51,13944.86,0.0338,0,0,1,1,1,3,0,1,1,0,0,0,0,0,0,4,0.0437,0.0272,0,0,0
NCRB-SYNTH-107228,High Court,Sec 482 CrPC (Quashing),1,1,2,0,1,0,0,1,0,0,0.5855,1,106,0,0,0.0747,7,1.2172,79.2,22048.86,0.1482,1,1,1,1,1,1,1,0,0,1,1,0,1,0,0,4,0.0899,0.0559,2,1,0
NCRB-SYNTH-107231,Trial Court,Writ Petition (Detention),1,5,1,0,1,0,1,1,0,0,0.9279,1,30,0,0,0.024,3,1.0798,102.8,23607.32,0.064,1,0,1,1,0,1,1,1,1,0,1,1,1,1,0,1,0.05,0.0722,2,0,1
NCRB-SYNTH-107233,Trial Court,Writ Petition (Detention),1,3,1,0,1,1,1,1,0,1,0.7,0,166,1,1,0.1151,8,1.1128,129.27,15274.94,0.089,1,1,1,1,1,2,1,0,0,1,0,0,0,0,1,1,0.0463,0.0668,2,1,0
NCRB-SYNTH-107243,High Court,Trial Judgment,4,1,2,0,1,1,0,1,0,1,0.5018,0,173,0,0,0.0668,7,1.2557,96.6,31748.24,0.0194,1,1,1,1,1,3,0,0,0,1,1,0,1,0,0,4,0.0308,0.0191,2,1,0
NCRB-SYNTH-107246,Trial Court,Sec 482 CrPC (Quashing),2,5,2,0,1,0,0,1,0,1,0.4368,1,62,1,1,0.0761,2,1.1785,58.54,17825.61,0.161,1,1,0,0,1,2,0,0,0,1,1,1,1,0,0,4,0.0734,0.0456,2,1,0
NCRB-SYNTH-107249,Trial Court,Sec 439 CrPC (Regular Bail),1,5,1,0,1,0,0,1,0,1,0.5428,1,77,0,0,0.0143,2,1.061,139.66,9937.11,0.0333,1,1,1,1,1,1,0,0,0,1,1,1,0,0,0,3,0.0977,0.0705,2,1,0
NCRB-SYNTH-107257,Trial Court,Sec 482 CrPC (Quashing),1,5,2,0,1,1,1,1,0,1,0.7008,1,109,0,0,0.1214,7,1.1113,64.85,4233.8,0.028,1,1,0,1,0,2,1,0,0,1,0,1,0,0,0,4,0.0836,0.0519,2,1,0
NCRB-SYNTH-107258,Trial Court,Trial Judgment,4,5,2,0,1,0,0,1,0,0,0.775,1,36,0,0,0.1106,4,1.2264,161.21,21109.55,0.1826,1,1,1,1,0,4,1,0,0,1,0,0,0,0,0,1,0.0424,0.0612,2,1,0
NCRB-SYNTH-107262,Trial Court,Sec 439 CrPC (Regular Bail),4,3,1,0,1,0,1,1,0,0,0.5313,1,150,0,0,0.1663,3,1.0479,148.1,22576.63,0.0503,1,1,0,1,0,2,1,0,0,1,1,0,0,1,0,3,0.0613,0.0442,2,1,0
NCRB-SYNTH-107264,Trial Court,Sec 482 CrPC (Quashing),1,2,2,0,1,0,1,1,0,1,0.7778,1,110,1,1,0.116,4,1.2355,42.88,13341.27,0.185,1,1,1,1,1,4,0,0,0,1,1,0,0,0,0,3,0.0214,0.0155,2,1,0
NCRB-SYNTH-107266,Trial Court,Trial Judgment,1,4,1,0,1,0,0,1,0,0,0.4291,1,18,0,0,0.0526,6,1.3198,72.73,26654.61,0.0836,1,0,1,0,0,3,1,1,1,0,1,0,1,0,0,3,0.0581,0.0419,2,0,0
NCRB-SYNTH-107267,Trial Court,Sec 439 CrPC (Regular Bail),1,1,1,1,1,0,0,1,0,0,0.7029,0,158,0,0,0.0057,6,1.0554,112.03,4030.61,0.1672,1,0,1,1,0,3,1,1,1,0,0,1,1,0,0,2,0.0513,0.0467,2,1,1
NCRB-SYNTH-107274,Trial Court,Writ Petition (Detention),1,2,2,0,1,0,1,1,1,0,0.5265,1,96,0,0,0.0843,8,1.0,41.31,44271.62,0.095,1,1,0,0,1,3,0,0,0,1,1,0,1,0,0,3,0.0893,0.0644,2,1,0
NCRB-SYNTH-107278,High Court,Writ Petition (Detention),2,4,2,0,1,0,0,1,0,1,0.7245,1,73,1,1,0.1292,2,1.241,41.56,44927.94,0.1007,1,1,0,0,0,6,0,0,0,1,1,0,1,0,0,3,0.0711,0.0513,0,1,0
NCRB-SYNTH-107282,Trial Court,Sec 439 CrPC (Regular Bail),1,1,2,0,1,0,0,1,0,0,0.5788,1,169,1,1,0.1101,4,1.1528,53.78,43592.77,0.1472,1,1,1,1,1,3,0,0,0,1,0,0,0,0,1,4,0.0206,0.0128,2,1,0
NCRB-SYNTH-107283,High Court,Sec 439 CrPC (Regular Bail),1,2,2,0,1,0,1,1,0,0,0.6898,1,87,1,1,0.1029,5,1.2718,129.29,33023.9,0.1921,1,1,0,1,0,1,0,0,0,1,1,0,1,0,0,4,0.0593,0.0369,2,1,0
NCRB-SYNTH-107292,Trial Court,Sec 439 CrPC (Regular Bail),2,4,1,0,1,0,1,1,0,0,0.6568,1,68,1,1,0.0762,2,1.1452,61.91,10887.2,0.0747,1,1,1,1,1,3,0,0,0,1,0,0,0,0,0,2,0.0354,0.0322,2,1,0
NCRB-SYNTH-107293,Trial Court,Sec 439 CrPC (Regular Bail),21,1,1,0,1,0,0,1,0,0,0.4045,1,20,0,0,0.1269,8,1.0,177.16,34630.24,0.1091,1,0,0,1,0,1,0,1,1,0,0,0,1,0,0,4,0.0454,0.0282,0,1,0
NCRB-SYNTH-107295,Trial Court,Sec 439 CrPC (Regular Bail),1,3,2,0,1,0,0,1,0,1,0.9554,0,161,0,0,0.012,6,1.0406,42.02,33964.79,0.0513,1,0,1,1,0,3,0,1,1,0,0,0,1,1,1,3,0.0441,0.0318,2,0,1
NCRB-SYNTH-107297,Trial Court,Sec 482 CrPC (Quashing),1,1,1,0,1,0,0,1,0,1,0.9211,1,160,1,1,0.0484,7,1.2026,95.15,20475.82,0.1667,1,0,1,1,1,1,0,1,1,0,1,0,1,0,0,3,0.0876,0.0632,2,0,1
NCRB-SYNTH-107301,Trial Court,Sec 439 CrPC (Regular Bail),21,4,2,0,1,1,0,1,0,0,0.9004,1,80,0,0,0.0206,2,1.1215,169.78,39603.37,0.1479,0,1,1,0,1,4,0,0,0,1,1,0,1,0,0,4,0.0318,0.0198,2,1,0
NCRB-SYNTH-107305,Trial Court,Writ Petition (Detention),4,3,1,0,1,0,0,1,0,1,0.3887,1,75,1,1,0.1321,9,1.136,90.38,9450.31,0.0852,1,1,1,1,1,2,0,0,0,1,1,0,1,0,1,3,0.0732,0.0528,2,1,0
NCRB-SYNTH-107310,Trial Court,Trial Judgment,7,4,2,0,1,0,0,1,0,0,0.8849,1,99,0,1,0.0796,8,1.1706,55.64,30242.93,0.0405,1,0,1,1,1,4,1,1,1,0,1,0,1,0,0,2,0.0695,0.0632,2,0,1
NCRB-SYNTH-107315,Trial Court,Sec 439 CrPC (Regular Bail),1,4,2,0,1,1,1,1,0,1,0.4255,1,76,0,0,0.062,9,1.1369,70.84,15883.55,0.1993,0,0,1,1,0,3,0,1,1,0,0,0,1,0,0,4,0.0555,0.0345,0,0,0
NCRB-SYNTH-107317,High Court,Sec 439 CrPC (Regular Bail),1,2,2,0,1,0,1,1,0,0,0.5659,0,49,0,0,0.1445,1,1.1578,179.14,7575.03,0.0989,1,1,1,1,0,2,0,0,0,1,1,1,1,0,0,3,0.0613,0.0442,2,1,0
NCRB-SYNTH-107325,Trial Court,Sec 482 CrPC (Quashing),1,1,1,0,1,0,0,1,0,0,0.8381,1,105,0,0,0.0427,5,1.1041,91.35,6794.39,0.0333,1,1,1,0,1,3,0,0,0,1,1,1,0,0,0,3,0.0895,0.0646,2,1,0
NCRB-SYNTH-107326,Trial Court,Writ Petition (Detention),15,5,2,0,1,1,0,1,0,0,0.6257,1,26,1,1,0.1171,7,1.1891,84.69,10020.89,0.1207,0,0,1,1,1,5,0,1,1,0,1,0,0,0,1,4,0.037,0.023,2,0,0
NCRB-SYNTH-107329,Trial Court,Sec 482 CrPC (Quashing),15,5,2,0,1,0,0,1,1,0,0.6445,1,21,1,1,0.1017,7,1.1501,31.17,34384.44,0.1085,1,0,0,1,0,2,1,1,1,0,1,0,1,0,0,3,0.0933,0.0673,2,1,0
NCRB-SYNTH-107337,High Court,Sec 439 CrPC (Regular Bail),1,3,2,0,1,0,1,1,0,0,0.713,1,60,0,0,0.0922,3,1.13,79.86,26804.09,0.135,1,1,1,0,1,1,1,0,0,1,1,1,0,0,0,2,0.0191,0.0174,2,1,0
NCRB-SYNTH-107352,High Court,Sec 439 CrPC (Regular Bail),1,2,1,0,1,0,0,1,0,1,0.8947,1,130,0,0,0.023,6,1.1372,95.82,24652.18,0.0767,1,1,0,1,0,3,0,0,0,1,1,0,1,0,0,2,0.0589,0.0537,0,1,0
NCRB-SYNTH-107355,High Court,Sec 482 CrPC (Quashing),1,2,1,0,1,1,1,1,1,1,0.582,1,52,1,1,0.0502,1,1.0,33.15,21397.08,0.1561,1,1,1,1,0,1,1,0,0,1,1,1,1,0,0,3,0.029,0.0209,2,1,0
NCRB-SYNTH-107359,Trial Court,Sec 439 CrPC (Regular Bail),1,2,1,0,1,0,0,1,0,0,0.8819,0,160,0,0,0.04,5,1.0416,170.45,19940.6,0.1942,1,0,0,1,0,1,0,0,0,1,0,1,0,0,0,2,0.0427,0.0389,2,1,0
NCRB-SYNTH-107369,Trial Court,Sec 439 CrPC (Regular Bail),1,5,1,0,1,0,1,1,0,0,0.5261,1,57,1,1,0.0318,4,1.0467,91.72,44799.95,0.106,1,1,0,1,1,4,0,0,0,1,0,0,0,0,0,4,0.0129,0.008,2,1,0
NCRB-SYNTH-107373,Trial Court,Writ Petition (Detention),4,2,2,0,1,0,0,1,0,1,0.4269,1,184,1,1,0.1331,6,1.1343,135.56,33330.49,0.1505,1,1,1,1,1,2,0,0,0,1,0,0,1,0,0,2,0.0594,0.0541,2,1,0
NCRB-SYNTH-107375,Trial Court,Sec 482 CrPC (Quashing),1,3,1,0,1,0,1,1,0,0,0.6923,0,178,0,0,0.0678,4,1.1011,171.51,14534.82,0.1296,1,1,1,1,0,1,0,0,0,1,0,1,0,0,0,4,0.0541,0.0336,2,1,0
NCRB-SYNTH-107376,High Court,Sec 439 CrPC (Regular Bail),1,1,2,0,1,1,1,1,0,1,0.6429,1,126,1,1,0.034,5,1.0504,100.27,29534.28,0.0642,1,1,1,1,1,1,0,0,0,1,0,0,1,1,1,4,0.0789,0.049,2,1,0
NCRB-SYNTH-107380,Trial Court,Sec 439 CrPC (Regular Bail),1,1,2,0,1,0,0,1,0,0,0.4316,1,172,0,0,0.0471,6,1.016,124.94,28640.76,0.1441,1,0,1,1,0,2,0,1,1,0,0,1,0,0,0,4,0.065,0.0404,2,0,0
NCRB-SYNTH-107382,High Court,Sec 439 CrPC (Regular Bail),1,3,1,0,1,0,0,1,0,0,0.5155,1,127,0,0,0.0036,2,1.251,98.45,17959.71,0.1014,1,1,1,1,0,2,0,0,0,1,0,0,0,0,0,4,0.0184,0.0114,2,1,0
NCRB-SYNTH-107387,Trial Court,Sec 439 CrPC (Regular Bail),1,1,1,0,1,1,1,1,1,1,0.4715,1,165,0,0,0.1465,4,1.1767,124.48,24942.76,0.0599,1,1,1,1,1,3,1,0,0,1,1,0,1,0,0,1,0.0136,0.0196,2,1,0
NCRB-SYNTH-107392,High Court,Trial Judgment,2,5,2,0,1,0,0,1,0,0,0.7293,1,90,0,0,0.0466,7,1.2223,162.25,38809.33,0.0519,1,1,0,1,1,5,0,0,0,1,1,0,1,0,1,2,0.0728,0.0662,2,1,0
NCRB-SYNTH-107396,Trial Court,Writ Petition (Detention),1,3,1,0,1,0,1,1,0,0,0.6551,1,152,0,0,0.041,1,1.0434,90.32,42894.07,0.1958,0,1,1,1,1,1,0,0,0,1,1,0,1,0,0,3,0.0326,0.0235,2,1,0
NCRB-SYNTH-107397,Trial Court,Sec 482 CrPC (Quashing),1,2,2,0,1,0,0,1,0,1,0.7255,1,134,1,1,0.1277,6,1.0879,99.77,28940.54,0.1891,1,1,0,1,1,1,0,0,0,1,1,1,0,0,0,4,0.052,0.0323,2,1,0
NCRB-SYNTH-107401,Trial Court,Writ Petition (Detention),1,4,2,0,1,0,1,1,0,0,0.549,1,43,1,0,0.0385,3,1.1825,75.53,30382.06,0.1443,1,1,1,0,0,4,0,0,0,1,0,1,1,1,0,3,0.014,0.0101,2,1,0
NCRB-SYNTH-107409,Trial Court,Writ Petition (Detention),1,4,2,0,1,0,1,1,0,0,0.64,1,96,0,0,0.0,5,1.2427,105.87,32371.9,0.0197,1,1,1,1,1,4,0,0,0,1,1,1,0,0,0,3,0.0872,0.0629,2,1,0
NCRB-SYNTH-107418,Trial Court,Sec 482 CrPC (Quashing),2,4,1,0,1,0,0,1,0,1,0.9245,0,96,0,1,0.1694,8,1.1149,167.93,7973.17,0.0089,1,1,0,1,1,1,1,0,0,1,0,1,1,0,1,1,0.0248,0.0358,2,1,0
NCRB-SYNTH-107419,Trial Court,Writ Petition (Detention),15,3,2,0,1,0,1,1,0,0,0.5364,1,126,0,0,0.0702,2,1.1353,70.99,30641.26,0.0928,0,1,1,0,0,3,1,0,0,1,0,0,1,0,0,4,0.0162,0.01,2,1,0
NCRB-SYNTH-107421,Trial Court,Trial Judgment,1,1,1,0,1,0,0,1,0,1,0.9395,1,53,0,0,0.0707,9,1.1128,71.89,25928.87,0.0667,0,1,1,1,1,1,0,0,0,1,0,0,1,0,0,4,0.0979,0.0608,2,1,0
NCRB-SYNTH-107427,Trial Court,Trial Judgment,1,3,2,0,1,0,0,1,0,1,0.6723,1,90,0,0,0.095,6,1.0569,108.06,21726.94,0.1574,1,1,1,1,1,4,0,0,0,1,1,0,0,0,0,3,0.0593,0.0428,2,1,0
NCRB-SYNTH-107433,Trial Court,Sec 482 CrPC (Quashing),2,1,1,0,1,0,1,1,0,1,0.8191,0,46,1,1,0.0259,2,1.2383,80.99,14132.51,0.1413,1,1,0,1,1,3,1,0,0,1,1,0,1,0,0,4,0.0467,0.029,2,1,0
NCRB-SYNTH-107435,Trial Court,Sec 439 CrPC (Regular Bail),1,1,1,0,1,0,0,1,0,1,0.9104,1,166,0,0,0.0353,9,1.1666,39.47,22824.64,0.1551,1,1,0,1,1,1,0,0,0,1,1,1,0,0,0,2,0.0701,0.0638,2,1,0
NCRB-SYNTH-107440,High Court,Sec 439 CrPC (Regular Bail),2,4,1,0,1,1,0,1,0,0,0.6235,1,177,0,0,0.0606,6,1.0624,141.03,33171.77,0.0833,1,0,0,1,0,1,1,0,0,1,1,0,1,0,1,4,0.0411,0.0256,0,1,0
NCRB-SYNTH-107442,High Court,Sec 439 CrPC (Regular Bail),7,4,1,0,1,1,0,1,1,0,0.5893,0,60,0,0,0.0713,5,1.0832,160.67,25759.92,0.1653,1,1,1,1,0,4,0,0,0,1,1,0,0,0,0,4,0.0161,0.01,2,1,0
NCRB-SYNTH-107443,Trial Court,Sec 439 CrPC (Regular Bail),2,3,2,0,1,0,1,1,0,0,0.4544,1,126,0,1,0.0832,1,1.0799,53.42,16333.4,0.0905,1,1,1,0,0,1,0,0,0,1,1,0,0,0,0,1,0.0852,0.1229,2,1,0
NCRB-SYNTH-107450,Trial Court,Writ Petition (Detention),2,3,2,0,1,0,0,1,0,1,0.99,1,106,0,0,0.0926,5,1.1072,155.0,16248.01,0.0912,1,1,1,0,1,2,1,0,0,1,1,0,1,0,0,2,0.0882,0.0802,0,1,0
NCRB-SYNTH-107472,Trial Court,Sec 439 CrPC (Regular Bail),21,1,2,0,1,0,0,1,1,1,0.785,0,110,0,0,0.1149,1,1.1144,32.17,12844.65,0.1199,1,1,1,1,0,3,0,0,0,1,0,0,0,0,0,3,0.0248,0.0179,2,1,0
NCRB-SYNTH-107478,Trial Court,Sec 439 CrPC (Regular Bail),2,4,2,0,1,1,1,1,0,0,0.5646,1,179,0,1,0.1359,3,1.1201,86.02,39910.96,0.069,1,1,1,1,0,6,1,0,0,1,1,0,1,0,0,1,0.0167,0.0241,2,1,0
NCRB-SYNTH-107482,Trial Court,Sec 439 CrPC (Regular Bail),1,3,2,0,1,0,1,1,0,1,0.7103,1,56,1,0,0.0,9,1.276,112.67,32714.39,0.0815,0,0,1,1,1,3,0,1,1,0,1,0,0,0,0,1,0.0859,0.1239,2,0,1
NCRB-SYNTH-107491,Trial Court,Trial Judgment,1,2,2,0,1,1,0,1,0,0,0.9468,1,94,1,1,0.0506,9,1.0769,140.02,27778.01,0.1332,1,0,1,1,0,2,1,0,0,1,1,0,1,0,0,2,0.0173,0.0157,2,1,0
NCRB-SYNTH-107496,Trial Court,Trial Judgment,1,1,2,0,1,0,0,1,0,0,0.5388,1,143,1,1,0.032,6,1.1477,162.87,25872.21,0.1711,1,1,0,1,1,4,1,0,0,1,0,1,0,0,0,3,0.0795,0.0573,2,1,0
NCRB-SYNTH-107497,Trial Court,Sec 439 CrPC (Regular Bail),1,2,1,0,1,1,1,1,0,0,0.8235,1,23,0,0,0.1557,7,1.0732,38.92,8324.43,0.0276,0,0,1,1,0,1,0,1,1,0,0,1,0,0,0,2,0.0721,0.0656,2,0,1
NCRB-SYNTH-107503,Trial Court,Sec 439 CrPC (Regular Bail),45,2,2,0,1,0,0,1,0,0,0.4377,1,117,0,0,0.1629,2,1.1651,123.61,36604.31,0.1651,0,1,1,1,1,1,0,0,0,1,1,1,1,0,0,4,0.0388,0.0241,2,1,0
NCRB-SYNTH-107504,Trial Court,Trial Judgment,7,5,2,0,1,0,0,1,0,1,0.8486,1,119,1,1,0.1036,8,1.0,121.01,17639.85,0.1801,1,1,0,1,0,2,0,0,0,1,1,1,0,1,0,1,0.0982,0.1417,2,1,0
NCRB-SYNTH-107513,Trial Court,Sec 482 CrPC (Quashing),21,2,1,0,1,0,0,1,0,0,0.4651,1,146,0,0,0.1157,8,1.153,138.34,5330.55,0.1564,1,1,0,0,1,2,1,0,0,1,0,1,0,0,0,2,0.0604,0.055,2,1,0
NCRB-SYNTH-107514,Trial Court,Sec 482 CrPC (Quashing),1,5,1,1,1,1,0,1,0,1,0.4462,1,63,1,1,0.0593,1,1.0841,57.72,22142.14,0.1661,1,1,1,1,0,3,1,0,0,1,1,1,0,0,0,2,0.0981,0.0893,2,1,0
NCRB-SYNTH-107520,Trial Court,Writ Petition (Detention),4,1,1,0,1,1,0,1,0,1,0.5822,1,31,0,0,0.1322,8,1.2389,38.82,6687.02,0.082,1,1,0,1,1,3,1,0,0,1,1,0,0,0,0,4,0.035,0.0218,0,1,0
NCRB-SYNTH-107531,Trial Court,Trial Judgment,7,5,1,0,1,0,0,1,0,1,0.5368,1,143,0,1,0.0536,3,1.0877,40.16,17652.96,0.1847,1,1,1,1,1,1,0,0,0,1,1,0,1,0,0,3,0.0997,0.0719,2,1,0
NCRB-SYNTH-107532,Trial Court,Sec 439 CrPC (Regular Bail),21,1,1,0,1,0,0,1,0,1,0.5839,1,50,0,0,0.0,7,1.2182,32.13,29326.99,0.1859,1,0,1,0,1,3,0,1,1,0,1,1,1,0,0,4,0.0451,0.028,2,1,0
NCRB-SYNTH-107541,High Court,Writ Petition (Detention),7,1,1,0,1,0,1,1,1,1,0.4048,1,125,0,0,0.0726,8,1.0654,123.03,4042.09,0.0325,1,0,0,1,0,5,1,0,0,1,0,1,0,0,1,2,0.0941,0.0856,2,1,0
NCRB-SYNTH-107542,Trial Court,Trial Judgment,2,3,1,0,1,1,0,1,0,1,0.7745,1,156,0,0,0.0138,6,1.1223,136.06,24922.99,0.1906,0,1,1,0,1,3,1,0,0,1,1,0,1,0,1,3,0.0846,0.061,2,1,0
NCRB-SYNTH-107545,Trial Court,Sec 439 CrPC (Regular Bail),21,2,2,0,1,0,0,1,0,1,0.6942,0,83,0,0,0.1424,6,1.2611,171.36,35087.68,0.122,1,1,0,1,1,2,1,0,0,1,1,0,0,1,0,1,0.0421,0.0607,2,1,0
NCRB-SYNTH-107546,Trial Court,Trial Judgment,2,2,1,0,1,0,1,1,0,0,0.6863,1,177,0,1,0.02,5,1.2607,131.03,11712.86,0.1352,1,1,1,1,0,3,0,0,0,1,1,0,1,0,0,3,0.0916,0.0661,2,1,0
NCRB-SYNTH-107557,Trial Court,Writ Petition (Detention),1,5,2,0,1,1,1,1,0,1,0.6778,1,83,0,0,0.0879,1,1.1156,51.91,28910.77,0.0029,0,1,1,1,1,1,0,0,0,1,0,1,0,0,0,1,0.0728,0.105,2,1,0
NCRB-SYNTH-107563,Trial Court,Sec 439 CrPC (Regular Bail),1,3,2,0,1,0,0,1,0,0,0.8383,1,25,0,1,0.0865,2,1.0,152.03,13439.46,0.1402,1,1,1,1,1,3,0,0,0,1,1,0,1,0,1,2,0.0888,0.0808,2,1,0
NCRB-SYNTH-107568,Trial Court,Sec 439 CrPC (Regular Bail),1,5,2,0,1,0,0,1,0,0,0.5447,1,32,0,0,0.0454,2,1.0,120.02,12011.97,0.1605,1,1,1,1,1,2,0,0,0,1,0,1,1,0,0,4,0.0871,0.0541,2,1,0
NCRB-SYNTH-107570,High Court,Sec 439 CrPC (Regular Bail),1,2,1,0,1,0,0,1,0,0,0.4342,0,134,1,1,0.0205,5,1.0625,173.09,11009.21,0.1214,0,0,0,1,1,3,0,0,0,1,1,1,0,0,0,2,0.0942,0.0857,2,1,0
NCRB-SYNTH-107573,Trial Court,Sec 439 CrPC (Regular Bail),15,2,1,0,1,0,0,1,0,1,0.9411,1,173,0,0,0.0467,4,1.078,142.91,8771.9,0.1628,1,1,1,0,0,1,0,0,0,1,1,0,0,0,1,4,0.0295,0.0184,2,1,0
NCRB-SYNTH-107575,High Court,Sec 439 CrPC (Regular Bail),1,4,1,0,1,0,0,1,0,0,0.8707,0,21,1,0,0.101,8,1.0503,167.55,32798.72,0.0132,1,1,1,1,1,2,0,0,0,1,0,1,1,0,0,3,0.0976,0.0704,2,1,0
NCRB-SYNTH-107576,Trial Court,Sec 482 CrPC (Quashing),1,5,2,0,1,0,0,1,0,0,0.6905,1,85,1,1,0.1625,9,1.1259,126.74,14332.1,0.0871,1,1,0,1,1,1,1,0,0,1,1,0,0,0,0,1,0.0188,0.0272,2,1,0
NCRB-SYNTH-107583,High Court,Sec 439 CrPC (Regular Bail),1,3,1,1,1,0,0,1,0,1,0.3793,1,104,0,0,0.1153,6,1.2037,64.85,21027.32,0.1633,1,0,0,1,1,3,0,0,0,1,0,0,1,0,0,3,0.0729,0.0526,0,1,0
NCRB-SYNTH-107584,Trial Court,Writ Petition (Detention),4,4,1,0,1,0,1,1,0,0,0.836,1,137,0,0,0.1149,8,1.1698,57.38,16993.96,0.1145,1,1,1,1,0,3,1,0,0,1,1,0,0,0,0,1,0.0442,0.0638,2,1,0
NCRB-SYNTH-107590,High Court,Sec 482 CrPC (Quashing),7,1,2,0,1,0,0,1,0,0,0.5097,1,148,0,0,0.0481,7,1.0789,46.68,28641.92,0.1634,1,0,0,0,1,2,1,1,1,0,1,1,1,1,0,3,0.095,0.0686,2,0,0
NCRB-SYNTH-107591,Trial Court,Writ Petition (Detention),1,2,1,0,1,1,0,1,0,1,0.8358,1,45,0,0,0.0939,9,1.3516,156.38,43852.99,0.0291,1,1,1,1,0,2,1,0,0,1,0,0,0,0,1,1,0.0744,0.1073,2,1,0
NCRB-SYNTH-107595,Trial Court,Sec 482 CrPC (Quashing),1,4,1,0,1,1,0,1,0,0,0.5833,1,125,1,1,0.0882,3,1.0,100.07,33813.88,0.0003,1,1,1,1,0,3,0,0,0,1,1,0,1,0,0,4,0.067,0.0416,2,1,0
NCRB-SYNTH-107598,Trial Court,Sec 482 CrPC (Quashing),4,1,1,0,1,0,0,1,0,0,0.6376,1,29,0,0,0.0,6,1.2574,105.03,6932.85,0.0388,1,0,0,1,1,1,0,0,0,1,1,0,1,0,0,2,0.0493,0.0449,2,1,0
NCRB-SYNTH-107602,High Court,Sec 439 CrPC (Regular Bail),45,1,1,0,1,0,0,1,0,0,0.6735,1,95,1,1,0.0124,6,1.035,138.51,36883.18,0.1682,1,1,1,1,0,3,0,0,0,1,1,0,0,0,0,2,0.0131,0.0119,2,1,0
NCRB-SYNTH-107607,High Court,Sec 439 CrPC (Regular Bail),1,3,1,1,1,0,0,1,0,1,0.7042,0,165,0,0,0.1056,5,1.0,145.11,29707.38,0.1545,1,0,1,1,1,2,0,1,1,0,1,1,1,0,0,1,0.0301,0.0434,2,0,1
NCRB-SYNTH-107612,Trial Court,Sec 482 CrPC (Quashing),1,4,2,0,1,1,0,1,0,0,0.5604,1,162,1,0,0.0861,6,1.4184,67.95,30580.76,0.1454,1,1,1,1,0,7,1,0,0,1,1,1,0,0,0,3,0.0802,0.0579,2,1,0
NCRB-SYNTH-107623,Trial Court,Sec 439 CrPC (Regular Bail),1,1,2,0,1,0,0,1,0,0,0.5102,1,150,0,0,0.1271,3,1.1251,163.58,10013.55,0.0491,1,1,1,1,0,3,1,0,0,1,0,0,1,0,0,3,0.0296,0.0214,0,1,0
NCRB-SYNTH-107636,Trial Court,Writ Petition (Detention),1,1,2,1,1,0,0,1,0,0,0.6713,1,65,0,0,0.0911,3,1.0571,104.05,3759.46,0.007,1,1,1,1,1,4,1,0,0,1,1,0,1,0,0,4,0.0343,0.0213,2,1,0
NCRB-SYNTH-107639,Trial Court,Writ Petition (Detention),2,3,1,0,1,0,1,1,0,0,0.6847,1,33,1,0,0.1337,3,1.1158,31.31,14970.13,0.0817,1,1,1,1,1,2,1,0,0,1,1,1,1,0,0,3,0.0844,0.0608,2,1,0
NCRB-SYNTH-107640,Trial Court,Sec 439 CrPC (Regular Bail),2,5,2,0,1,0,1,1,0,1,0.6179,1,56,0,0,0.0645,5,1.0584,177.94,34103.23,0.0613,1,1,1,1,1,4,1,0,0,1,0,0,0,0,1,2,0.0805,0.0733,2,1,0
NCRB-SYNTH-107645,Trial Court,Sec 439 CrPC (Regular Bail),1,5,1,0,1,0,0,1,0,1,0.4796,1,139,0,0,0.0809,4,1.0763,72.14,5029.34,0.0901,0,1,1,1,0,2,0,0,0,1,1,1,0,0,0,4,0.0956,0.0594,0,1,0
NCRB-SYNTH-107651,High Court,Sec 439 CrPC (Regular Bail),1,3,1,0,1,0,1,1,0,1,0.4953,0,14,0,0,0.074,9,1.2496,177.35,14998.29,0.1041,1,0,0,0,0,3,1,1,1,0,0,0,1,0,1,3,0.0777,0.0561,0,0,0
NCRB-SYNTH-107652,Trial Court,Sec 482 CrPC (Quashing),1,1,2,1,1,0,1,1,0,0,0.421,1,73,0,0,0.0929,1,1.0482,94.39,35093.96,0.0307,1,1,1,0,0,4,0,0,0,1,1,1,1,0,0,4,0.0145,0.009,0,1,0
NCRB-SYNTH-107653,Trial Court,Sec 439 CrPC (Regular Bail),15,2,1,0,1,0,0,1,0,1,0.5061,1,17,1,1,0.0014,1,1.034,122.96,36020.64,0.1216,1,1,1,1,1,6,0,0,0,1,1,0,1,1,0,4,0.023,0.0143,2,1,0
NCRB-SYNTH-107661,Trial Court,Sec 439 CrPC (Regular Bail),1,1,2,1,1,0,1,1,0,0,0.9057,1,77,1,1,0.0,9,1.0879,93.09,22740.8,0.1993,1,1,1,1,0,1,1,0,0,1,1,0,1,0,0,3,0.0155,0.0112,2,1,0
NCRB-SYNTH-107679,Trial Court,Trial Judgment,2,2,2,0,1,0,0,1,0,0,0.7126,1,143,0,0,0.094,8,1.1146,49.75,42687.78,0.0912,1,0,1,1,0,4,0,1,1,0,0,0,0,0,0,3,0.0358,0.0258,2,0,1
NCRB-SYNTH-107680,Trial Court,Writ Petition (Detention),2,4,2,0,1,0,1,1,0,0,0.4576,0,117,0,0,0.0684,3,1.1215,164.39,7577.06,0.1884,1,1,1,1,1,2,1,0,0,1,1,0,1,0,0,1,0.0861,0.1242,2,1,0
NCRB-SYNTH-107685,Trial Court,Sec 439 CrPC (Regular Bail),4,3,1,0,1,1,0,1,0,0,0.7894,0,67,0,1,0.1452,6,1.0,92.48,28526.25,0.139,1,1,0,1,1,3,1,0,0,1,0,0,1,0,0,4,0.0278,0.0173,2,1,0
NCRB-SYNTH-107691,Trial Court,Sec 439 CrPC (Regular Bail),2,1,1,0,1,0,0,1,1,1,0.5925,0,121,0,1,0.132,7,1.0429,58.47,12014.93,0.1559,1,0,1,1,0,1,1,0,0,1,0,0,0,0,0,1,0.0982,0.1416,0,1,0
NCRB-SYNTH-107705,High Court,Trial Judgment,4,4,2,0,1,0,1,1,0,0,0.6281,1,92,0,1,0.0584,2,1.0,91.73,12734.36,0.0677,1,1,1,1,0,5,0,0,0,1,1,0,0,0,0,2,0.0267,0.0243,2,1,0
NCRB-SYNTH-107706,High Court,Writ Petition (Detention),7,2,1,0,1,1,0,1,0,0,0.3906,1,165,0,0,0.1385,6,1.0132,131.4,30626.03,0.0901,1,1,1,0,0,3,1,0,0,1,1,1,1,0,0,1,0.0957,0.1381,2,1,0
NCRB-SYNTH-107711,Trial Court,Sec 439 CrPC (Regular Bail),1,1,2,0,1,1,0,1,0,0,0.8978,1,109,0,1,0.0809,1,1.0749,66.02,25584.67,0.0825,1,1,0,1,0,4,1,0,0,1,1,0,1,1,1,3,0.0581,0.0419,2,1,0
NCRB-SYNTH-107715,Trial Court,Sec 482 CrPC (Quashing),1,4,1,0,1,0,0,1,0,1,0.505,1,146,1,1,0.0018,8,1.1348,171.28,34005.28,0.1834,1,1,0,1,1,2,1,0,0,1,1,1,0,0,0,2,0.076,0.0691,0,1,0
NCRB-SYNTH-107723,Trial Court,Sec 439 CrPC (Regular Bail),2,5,1,0,1,1,1,1,1,0,0.5794,1,35,0,0,0.1044,1,1.0302,58.77,42303.49,0.0653,1,1,1,1,1,2,0,0,0,1,1,0,1,0,0,1,0.0716,0.1033,0,1,0
NCRB-SYNTH-107726,Trial Court,Writ Petition (Detention),1,4,2,0,1,0,0,1,0,0,0.5148,1,144,1,1,0.028,5,1.2028,142.88,28241.13,0.1108,1,1,0,1,1,1,0,0,0,1,0,1,1,0,0,4,0.0106,0.0066,0,1,0
NCRB-SYNTH-107727,Trial Court,Writ Petition (Detention),4,4,2,0,1,0,1,1,0,0,0.6774,1,143,1,1,0.1414,7,1.0355,108.7,25490.51,0.1564,1,1,1,0,1,5,0,0,0,1,0,0,0,0,0,2,0.0967,0.088,0,1,0
NCRB-SYNTH-107732,Trial Court,Sec 439 CrPC (Regular Bail),2,5,1,0,1,0,0,1,1,0,0.8388,1,106,0,0,0.1562,1,1.2049,79.1,39290.8,0.1145,1,1,1,0,1,4,0,0,0,1,0,1,1,1,0,4,0.0687,0.0427,0,1,0
NCRB-SYNTH-107733,Trial Court,Sec 482 CrPC (Quashing),1,1,2,0,1,1,1,1,0,0,0.8062,1,123,0,0,0.058,2,1.0933,151.64,35961.26,0.1816,1,1,0,1,0,5,0,0,0,1,1,0,0,1,0,3,0.0572,0.0412,2,1,0
NCRB-SYNTH-107735,High Court,Writ Petition (Detention),1,5,2,0,1,0,1,1,0,1,0.7652,1,111,0,0,0.0,6,1.0,79.73,38840.05,0.1596,1,0,1,1,1,2,0,1,1,0,1,0,0,0,0,1,0.0368,0.0531,2,0,1
NCRB-SYNTH-107740,Trial Court,Sec 482 CrPC (Quashing),45,5,1,0,1,0,0,1,1,1,0.9531,1,103,0,0,0.1418,9,1.0,152.84,27743.68,0.1732,1,1,1,0,0,2,1,0,0,1,1,0,1,0,0,2,0.0825,0.0751,2,1,0
NCRB-SYNTH-107742,Trial Court,Writ Petition (Detention),1,1,1,0,1,0,0,1,0,1,0.918,1,173,0,1,0.1309,9,1.0705,70.15,17022.08,0.1761,1,1,0,1,1,3,0,0,0,1,1,0,1,0,0,4,0.0408,0.0253,0,1,0
NCRB-SYNTH-107747,High Court,Trial Judgment,1,2,2,0,1,0,1,1,0,0,0.6543,1,22,0,0,0.0926,5,1.0416,175.28,12137.08,0.0903,1,1,1,1,0,1,0,0,0,1,1,1,1,1,0,2,0.049,0.0446,2,1,0
NCRB-SYNTH-107751,Trial Court,Sec 439 CrPC (Regular Bail),4,4,1,0,1,0,0,1,0,0,0.783,1,74,0,0,0.1331,5,1.2034,116.27,39006.59,0.0431,1,1,1,1,0,4,0,0,0,1,1,0,0,0,1,2,0.0848,0.0772,0,1,0
NCRB-SYNTH-107753,Trial Court,Sec 439 CrPC (Regular Bail),4,1,2,0,1,1,0,1,0,1,0.8609,1,89,0,0,0.0248,9,1.2564,49.62,11229.26,0.0661,0,1,1,1,1,1,0,0,0,1,0,0,0,0,0,3,0.0604,0.0436,2,1,0
NCRB-SYNTH-107760,Trial Court,Sec 482 CrPC (Quashing),1,2,2,0,1,1,0,1,0,0,0.8078,1,161,0,0,0.0497,8,1.0,178.02,26200.78,0.0859,1,1,0,1,0,3,0,0,0,1,1,1,0,0,0,2,0.0206,0.0187,2,1,0
NCRB-SYNTH-107762,High Court,Trial Judgment,1,1,2,0,1,0,0,1,0,0,0.7946,1,101,0,0,0.1176,5,1.2391,159.88,3497.17,0.0731,0,1,1,1,0,2,0,0,0,1,1,0,1,0,0,2,0.0986,0.0898,2,1,0
NCRB-SYNTH-107769,Trial Court,Sec 482 CrPC (Quashing),27,4,1,0,1,1,0,1,0,0,0.8032,1,154,0,0,0.0922,5,1.0,117.35,39163.46,0.0973,1,1,1,1,0,1,1,0,0,1,1,0,1,0,0,1,0.0699,0.1008,2,1,0
NCRB-SYNTH-107776,High Court,Sec 439 CrPC (Regular Bail),15,3,2,0,1,1,0,1,0,0,0.9247,0,99,0,0,0.0627,3,1.1107,110.57,22482.05,0.1115,1,1,1,1,1,2,0,0,0,1,1,0,1,0,0,4,0.0716,0.0445,2,1,0
NCRB-SYNTH-107782,Trial Court,Sec 482 CrPC (Quashing),2,1,1,0,1,0,0,1,0,0,0.5371,1,75,1,1,0.0954,9,1.227,114.45,30639.47,0.0874,1,0,1,1,0,1,0,1,1,0,0,0,1,0,1,3,0.0628,0.0453,2,1,0
NCRB-SYNTH-107784,Trial Court,Sec 439 CrPC (Regular Bail),15,2,2,0,1,0,1,1,0,1,0.7129,1,82,0,1,0.0957,6,1.0,174.01,40719.65,0.1594,1,1,0,1,0,1,0,0,0,1,1,0,0,0,1,2,0.0966,0.088,2,1,0
NCRB-SYNTH-107789,Trial Court,Sec 439 CrPC (Regular Bail),1,3,2,0,1,0,1,1,0,0,0.5735,1,54,1,1,0.0616,9,1.0898,76.28,9707.3,0.0384,1,0,1,1,1,3,1,1,1,0,1,0,1,0,1,4,0.0669,0.0416,2,0,0
NCRB-SYNTH-107796,Trial Court,Sec 482 CrPC (Quashing),7,2,2,0,1,1,0,1,0,0,0.6298,1,66,1,0,0.0807,5,1.2727,116.53,24511.48,0.0896,0,1,1,1,1,2,1,0,0,1,0,0,0,0,0,1,0.0652,0.094,2,1,0
NCRB-SYNTH-107798,Trial Court,Writ Petition (Detention),1,4,1,0,1,1,0,1,0,1,0.8661,1,69,0,1,0.0926,8,1.0854,169.39,10063.16,0.0811,1,1,1,1,1,3,1,0,0,1,1,1,0,0,0,2,0.0145,0.0132,0,1,0
NCRB-SYNTH-107801,Trial Court,Sec 439 CrPC (Regular Bail),1,3,2,0,1,0,1,1,0,1,0.5826,1,141,1,1,0.0101,1,1.3334,35.71,23738.97,0.019,1,1,1,1,1,1,1,0,0,1,1,0,0,0,1,1,0.0109,0.0157,2,1,0
NCRB-SYNTH-107802,Trial Court,Sec 482 CrPC (Quashing),2,1,2,0,1,0,0,1,0,0,0.652,1,103,0,0,0.0491,2,1.2232,123.48,12552.86,0.1009,1,1,0,0,0,1,0,0,0,1,1,1,0,0,0,4,0.0356,0.0221,2,1,0
NCRB-SYNTH-107805,Trial Court,Writ Petition (Detention),1,2,2,0,1,0,1,1,0,0,0.5991,1,43,0,0,0.0577,4,1.2119,66.71,23249.06,0.0858,1,1,0,1,1,3,1,0,0,1,0,1,1,0,0,2,0.0611,0.0556,2,1,0
NCRB-SYNTH-107806,High Court,Sec 482 CrPC (Quashing),1,2,2,0,1,0,1,1,0,1,0.9464,1,143,0,0,0.0168,8,1.2004,178.02,18431.1,0.0785,1,1,1,0,1,1,0,0,0,1,0,0,1,0,0,4,0.0644,0.04,2,1,0
NCRB-SYNTH-107810,Trial Court,Sec 439 CrPC (Regular Bail),1,2,2,0,1,1,0,1,0,0,0.5758,1,114,0,1,0.0994,5,1.0539,46.14,20089.11,0.1932,1,1,1,0,0,3,1,0,0,1,1,1,1,0,0,2,0.0686,0.0625,0,1,0
NCRB-SYNTH-107812,High Court,Sec 439 CrPC (Regular Bail),1,5,2,0,1,1,0,1,0,0,0.7553,1,53,0,0,0.0918,4,1.0394,36.38,17124.38,0.1852,1,1,1,1,1,4,1,0,0,1,0,0,1,0,0,4,0.0456,0.0283,2,1,0
NCRB-SYNTH-107813,Trial Court,Writ Petition (Detention),1,2,1,0,1,0,1,1,0,0,0.8979,1,22,0,0,0.0792,7,1.0,60.23,32203.33,0.114,1,1,0,0,1,3,0,0,0,1,1,0,0,0,0,4,0.046,0.0286,2,1,0
NCRB-SYNTH-107830,Trial Court,Sec 482 CrPC (Quashing),15,4,2,0,1,0,1,1,1,0,0.5587,1,76,0,0,0.099,8,1.0483,165.03,30138.73,0.1056,1,1,1,1,1,3,0,0,0,1,1,0,1,1,0,3,0.0337,0.0243,2,1,0
NCRB-SYNTH-107835,Trial Court,Sec 439 CrPC (Regular Bail),2,5,1,0,1,0,1,1,0,0,0.5713,1,159,1,1,0.0766,1,1.1631,50.22,23968.64,0.0953,1,1,1,1,0,2,0,0,0,1,1,0,1,0,0,1,0.0548,0.079,2,1,0
NCRB-SYNTH-107843,Trial Court,Sec 439 CrPC (Regular Bail),2,1,2,0,1,1,0,1,0,1,0.4654,1,103,0,0,0.1054,8,1.0,37.03,41827.56,0.1191,1,1,1,1,1,3,1,0,0,1,0,0,1,0,0,1,0.0746,0.1076,0,1,0
NCRB-SYNTH-107849,Trial Court,Sec 482 CrPC (Quashing),1,5,1,0,1,0,0,1,0,1,0.4834,1,95,0,0,0.0726,9,1.0,102.12,30427.33,0.1332,1,1,1,1,1,2,1,0,0,1,0,0,1,0,1,4,0.0839,0.0521,2,1,0
NCRB-SYNTH-107850,Trial Court,Sec 439 CrPC (Regular Bail),2,2,2,0,1,1,0,1,0,1,0.3924,1,97,0,1,0.0985,4,1.1162,63.15,39214.82,0.0183,1,1,0,1,1,1,1,0,0,1,0,1,0,0,0,1,0.0484,0.0699,2,1,0
NCRB-SYNTH-107859,Trial Court,Sec 482 CrPC (Quashing),2,4,2,0,1,1,0,1,0,1,0.9196,0,73,0,1,0.0571,1,1.2308,159.35,11727.96,0.1607,1,1,1,1,1,2,1,0,0,1,0,0,1,0,0,4,0.0228,0.0142,0,1,0
NCRB-SYNTH-107860,High Court,Sec 482 CrPC (Quashing),1,2,2,0,1,0,0,1,1,1,0.7149,1,162,0,0,0.0271,6,1.0696,106.63,5316.67,0.0563,1,1,1,1,1,2,1,0,0,1,1,0,1,0,0,4,0.0226,0.014,2,1,0
NCRB-SYNTH-107861,Trial Court,Trial Judgment,4,3,2,0,1,0,0,1,0,0,0.7471,1,19,0,0,0.026,6,1.3473,94.85,11735.39,0.1884,1,0,1,1,1,3,0,0,0,1,1,0,1,1,0,4,0.09,0.0559,0,1,0
NCRB-SYNTH-107862,Trial Court,Trial Judgment,1,4,1,0,1,0,0,1,1,1,0.4223,1,14,1,1,0.0833,1,1.0,48.3,8513.48,0.0726,1,1,0,1,0,3,0,0,0,1,0,1,1,0,1,2,0.0452,0.0411,2,1,0
NCRB-SYNTH-107863,Trial Court,Sec 482 CrPC (Quashing),2,2,1,0,1,0,0,1,0,0,0.9183,1,126,1,1,0.0492,1,1.1536,120.84,9383.01,0.0582,0,1,1,0,1,2,0,0,0,1,1,1,1,0,0,3,0.08,0.0577,2,1,0
NCRB-SYNTH-107867,Trial Court,Writ Petition (Detention),4,2,2,0,1,1,0,1,0,1,0.4498,1,22,1,1,0.0643,2,1.0833,132.09,31598.17,0.1848,1,1,0,1,1,3,0,0,0,1,0,1,1,0,0,2,0.0548,0.0499,2,1,0
NCRB-SYNTH-107870,Trial Court,Sec 482 CrPC (Quashing),1,3,1,0,1,0,1,1,0,0,0.9671,1,93,0,0,0.0353,2,1.0,83.06,11945.94,0.0712,1,1,1,1,1,2,0,0,0,1,1,0,1,0,1,4,0.0114,0.0071,2,1,0
NCRB-SYNTH-107872,Trial Court,Writ Petition (Detention),2,1,2,0,1,0,1,1,0,0,0.5206,1,58,1,1,0.1067,6,1.4498,56.88,21177.58,0.1601,0,1,1,1,1,2,1,0,0,1,0,0,1,0,0,2,0.0458,0.0417,0,1,0
NCRB-SYNTH-107880,Trial Court,Writ Petition (Detention),1,5,2,1,1,1,1,1,0,1,0.687,0,82,0,0,0.1531,1,1.1962,172.19,5208.32,0.0462,0,1,1,1,1,2,1,0,0,1,1,0,0,1,1,1,0.0991,0.1429,2,1,0
NCRB-SYNTH-107881,Trial Court,Sec 482 CrPC (Quashing),1,2,2,0,1,1,1,1,0,0,0.5204,1,4,1,0,0.0457,8,1.2726,113.04,28152.79,0.1673,0,0,1,1,0,3,1,0,0,1,1,0,1,0,0,2,0.03,0.0273,2,1,0
NCRB-SYNTH-107885,Trial Court,Trial Judgment,2,2,2,0,1,1,0,1,0,1,0.7131,1,118,1,1,0.1207,4,1.2062,86.66,5518.44,0.0141,1,0,0,1,0,2,0,1,1,0,1,1,0,0,0,3,0.0903,0.0651,2,1,1
NCRB-SYNTH-107891,Trial Court,Trial Judgment,2,2,1,1,1,0,1,1,0,1,0.5392,0,110,0,0,0.0055,4,1.0833,100.99,3419.72,0.1497,1,0,0,1,0,1,0,1,1,0,1,0,0,0,1,4,0.0123,0.0076,2,0,0
NCRB-SYNTH-107905,Trial Court,Sec 439 CrPC (Regular Bail),1,1,1,0,1,0,1,1,1,1,0.8761,1,126,0,0,0.1198,4,1.0,37.24,25097.12,0.0646,1,1,1,1,1,2,1,0,0,1,0,0,1,1,0,4,0.064,0.0398,2,1,0
NCRB-SYNTH-107907,Trial Court,Sec 439 CrPC (Regular Bail),1,2,1,0,1,0,0,1,0,0,0.9063,1,58,0,0,0.0796,3,1.152,159.46,22162.91,0.1196,1,1,1,1,1,2,1,0,0,1,1,1,0,1,0,3,0.0388,0.028,2,1,0
NCRB-SYNTH-107914,Trial Court,Writ Petition (Detention),4,1,2,0,1,0,1,1,0,1,0.9779,1,163,0,0,0.065,7,1.0462,148.87,36129.01,0.0508,1,1,1,1,1,4,1,0,0,1,1,1,1,0,0,1,0.0839,0.1211,2,1,0
NCRB-SYNTH-107915,Trial Court,Writ Petition (Detention),7,2,1,0,1,0,0,1,0,0,0.8025,1,125,0,0,0.0197,5,1.2061,167.88,19395.16,0.1,0,1,1,1,1,5,0,0,0,1,0,0,1,0,0,3,0.036,0.026,2,1,0
NCRB-SYNTH-107918,Trial Court,Writ Petition (Detention),2,2,2,0,1,1,0,1,0,0,0.5748,1,156,1,0,0.0625,5,1.0195,91.75,5670.61,0.0476,1,1,1,1,1,1,1,0,0,1,1,1,0,0,0,1,0.0212,0.0307,2,1,0
NCRB-SYNTH-107919,Trial Court,Sec 439 CrPC (Regular Bail),1,1,1,0,1,1,1,1,0,0,0.5657,1,118,0,0,0.1283,4,1.1442,90.42,22344.51,0.0196,1,1,1,1,1,1,1,0,0,1,1,1,1,0,0,1,0.0521,0.0752,2,1,0
NCRB-SYNTH-107923,Trial Court,Writ Petition (Detention),1,1,2,0,1,0,0,1,1,1,0.666,1,43,1,1,0.0103,6,1.042,152.86,39266.02,0.0414,1,1,1,1,0,2,1,0,0,1,0,0,0,0,0,4,0.0529,0.0329,2,1,0
NCRB-SYNTH-107924,Trial Court,Trial Judgment,1,4,2,1,1,1,0,1,0,1,0.7344,1,61,0,0,0.11,5,1.2676,84.62,43448.72,0.0159,1,1,0,1,1,2,1,0,0,1,0,0,1,1,0,3,0.0923,0.0666,2,1,0
NCRB-SYNTH-107930,Trial Court,Sec 439 CrPC (Regular Bail),1,5,2,0,1,0,0,1,0,0,0.6519,1,139,1,1,0.0937,5,1.0636,156.99,34639.34,0.0792,1,1,1,1,1,2,0,0,0,1,1,1,1,0,0,2,0.0779,0.0709,2,1,0
NCRB-SYNTH-107936,Trial Court,Writ Petition (Detention),1,3,1,0,1,0,1,1,0,1,0.568,1,106,0,0,0.0941,1,1.1433,93.41,14525.9,0.1072,0,1,1,1,0,6,1,0,0,1,1,1,0,0,1,2,0.0136,0.0124,2,1,0
NCRB-SYNTH-107944,Trial Court,Writ Petition (Detention),21,1,2,0,1,0,0,1,0,1,0.7964,0,159,1,0,0.0745,1,1.0,47.15,14723.59,0.0009,1,0,0,1,1,4,0,1,1,0,1,1,1,0,0,2,0.0374,0.0341,2,1,1
NCRB-SYNTH-107946,Trial Court,Sec 439 CrPC (Regular Bail),27,2,1,0,1,0,0,1,0,0,0.6747,1,49,0,0,0.032,4,1.0,60.1,19365.31,0.0443,1,0,1,1,1,1,1,1,1,0,1,0,1,0,0,4,0.0316,0.0197,2,0,1
NCRB-SYNTH-107952,Trial Court,Trial Judgment,4,1,2,0,1,0,0,1,0,1,0.6946,1,150,0,0,0.092,1,1.0994,119.49,19730.63,0.1825,1,1,1,1,0,1,0,0,0,1,1,0,0,0,0,1,0.0836,0.1206,2,1,0
NCRB-SYNTH-107954,Trial Court,Sec 439 CrPC (Regular Bail),15,2,2,0,1,0,0,1,0,1,0.5785,1,40,0,1,0.1732,5,1.2743,146.66,13769.08,0.1409,0,1,1,1,0,4,0,0,0,1,1,0,0,1,0,2,0.0357,0.0325,2,1,0
NCRB-SYNTH-107959,Trial Court,Sec 482 CrPC (Quashing),1,5,2,0,1,0,1,1,0,1,0.3942,1,28,0,0,0.0752,1,1.0825,90.18,22501.94,0.1587,1,1,0,1,0,1,0,0,0,1,1,1,1,0,0,4,0.0277,0.0172,2,1,0
NCRB-SYNTH-107960,Trial Court,Sec 439 CrPC (Regular Bail),2,1,1,1,1,0,1,1,0,0,0.5589,1,170,0,0,0.1157,4,1.0962,160.81,24833.59,0.0632,1,1,1,1,0,2,1,0,0,1,1,0,1,0,0,4,0.0165,0.0103,2,1,0
NCRB-SYNTH-107963,Trial Court,Sec 482 CrPC (Quashing),1,4,2,0,1,0,0,1,0,1,0.6604,1,170,0,0,0.0235,8,1.1389,41.54,5978.16,0.0024,1,1,0,1,1,2,0,0,0,1,1,0,0,0,0,3,0.0469,0.0338,2,1,0
NCRB-SYNTH-107966,Trial Court,Trial Judgment,4,2,2,0,1,1,0,1,0,0,0.6326,1,131,0,0,0.0383,1,1.0286,147.54,18874.68,0.1613,1,0,1,1,0,3,1,1,1,0,0,0,1,0,0,3,0.0659,0.0475,0,1,0
NCRB-SYNTH-107968,Trial Court,Sec 439 CrPC (Regular Bail),1,4,1,0,1,0,0,1,0,1,0.6171,1,135,1,1,0.0482,2,1.2622,117.47,33148.43,0.0182,1,1,1,0,1,2,1,0,0,1,1,0,0,0,0,1,0.0447,0.0645,2,1,0
NCRB-SYNTH-107973,Trial Court,Sec 439 CrPC (Regular Bail),1,5,1,0,1,0,1,1,0,0,0.5708,1,42,1,1,0.0887,7,1.2499,154.19,38261.83,0.1914,0,0,0,1,1,3,0,0,0,1,1,1,0,1,0,3,0.0523,0.0377,2,1,0
NCRB-SYNTH-107976,Trial Court,Sec 482 CrPC (Quashing),15,2,2,0,1,1,0,1,0,0,0.4115,1,89,0,1,0.1143,8,1.0329,82.32,35671.86,0.1167,1,0,1,1,1,3,1,1,1,0,1,1,1,0,1,4,0.0446,0.0277,2,0,0
NCRB-SYNTH-107995,Trial Court,Sec 439 CrPC (Regular Bail),4,4,1,0,1,0,0,1,0,1,0.684,1,127,0,0,0.0239,1,1.0195,47.94,37994.27,0.06,1,1,1,1,1,1,0,0,0,1,0,1,0,0,1,2,0.0383,0.0348,2,1,0
NCRB-SYNTH-108000,High Court,Sec 482 CrPC (Quashing),4,5,1,1,1,0,0,1,0,0,0.8341,1,77,1,1,0.1068,3,1.1721,159.04,7956.46,0.0226,1,1,1,1,1,4,1,0,0,1,1,0,0,0,0,3,0.0904,0.0652,2,1,0
NCRB-SYNTH-108003,Trial Court,Writ Petition (Detention),4,2,2,0,1,0,0,1,1,1,0.941,0,26,0,1,0.0279,8,1.0,178.08,34017.74,0.0885,1,1,1,1,0,4,0,0,0,1,1,0,1,0,0,3,0.0376,0.0271,2,1,0
NCRB-SYNTH-108010,Trial Court,Sec 482 CrPC (Quashing),2,3,2,0,1,0,0,1,0,0,0.4763,0,15,1,1,0.0748,7,1.1394,158.95,35190.51,0.1574,1,1,1,1,0,1,1,0,0,1,0,0,1,0,0,3,0.0477,0.0344,2,1,0
NCRB-SYNTH-108034,Trial Court,Trial Judgment,2,4,1,1,1,0,0,1,0,1,0.8228,1,9,1,1,0.1177,3,1.1211,125.63,40496.12,0.0714,1,0,1,1,1,3,0,1,1,0,1,0,1,0,0,1,0.0602,0.0868,2,1,1
NCRB-SYNTH-108036,High Court,Sec 439 CrPC (Regular Bail),1,2,1,0,1,1,0,1,0,0,0.74,1,88,0,1,0.0992,6,1.2128,78.39,39535.44,0.0647,1,1,0,1,0,4,0,0,0,1,1,1,0,0,1,4,0.0754,0.0468,2,1,0
NCRB-SYNTH-108043,High Court,Writ Petition (Detention),2,3,2,0,1,0,1,1,0,0,0.6237,1,65,0,0,0.0037,4,1.2241,54.26,17249.33,0.1152,1,1,0,0,0,3,0,0,0,1,0,1,1,0,0,4,0.0532,0.033,2,1,0
NCRB-SYNTH-108046,Trial Court,Trial Judgment,1,1,1,0,1,0,0,1,0,1,0.5305,1,21,1,0,0.0684,4,1.0376,59.13,33082.52,0.1208,1,1,1,0,1,1,0,0,0,1,1,1,0,1,0,4,0.0215,0.0133,2,1,0
NCRB-SYNTH-108048,High Court,Sec 482 CrPC (Quashing),21,1,1,0,1,1,0,1,0,1,0.8046,1,55,1,1,0.0239,1,1.0852,97.27,19475.3,0.0958,1,0,1,1,1,3,1,1,1,0,1,0,0,0,0,2,0.0959,0.0873,2,0,1
NCRB-SYNTH-108050,Trial Court,Writ Petition (Detention),1,2,1,0,1,0,1,1,0,0,0.5161,1,169,0,0,0.0644,6,1.1584,134.09,6951.83,0.1843,0,1,1,1,1,1,0,0,0,1,0,0,1,0,0,1,0.0396,0.0571,0,1,0
NCRB-SYNTH-108051,Trial Court,Sec 482 CrPC (Quashing),1,5,2,1,1,0,1,1,0,1,0.6383,1,110,0,0,0.0667,9,1.0,112.6,21944.24,0.1629,1,1,1,1,0,3,0,0,0,1,0,1,1,0,0,4,0.0418,0.026,2,1,0
NCRB-SYNTH-108052,Trial Court,Sec 439 CrPC (Regular Bail),1,1,2,0,1,1,0,1,0,0,0.455,1,94,0,0,0.1537,9,1.2335,98.0,36939.52,0.1483,1,0,1,1,1,1,1,1,1,0,1,0,1,0,0,4,0.0143,0.0089,2,0,0
NCRB-SYNTH-108064,Trial Court,Sec 439 CrPC (Regular Bail),1,3,1,0,1,1,0,1,0,0,0.6901,1,108,0,0,0.0952,9,1.1786,163.47,28529.54,0.0972,0,1,1,1,1,2,0,0,0,1,1,0,1,0,0,2,0.0345,0.0314,2,1,0
NCRB-SYNTH-108066,Trial Court,Sec 482 CrPC (Quashing),1,4,2,0,1,1,1,1,0,0,0.9495,1,139,1,0,0.094,7,1.0,141.88,35426.19,0.0039,1,0,1,0,0,1,0,1,1,0,1,0,0,0,0,4,0.0449,0.0279,2,1,1
NCRB-SYNTH-108082,Trial Court,Sec 439 CrPC (Regular Bail),15,4,1,0,1,1,1,1,0,1,0.7841,1,61,0,0,0.0151,3,1.0684,74.76,40052.47,0.0446,1,1,1,1,1,4,0,0,0,1,1,1,0,1,1,3,0.0982,0.0708,2,1,0
NCRB-SYNTH-108084,Trial Court,Sec 482 CrPC (Quashing),1,2,2,0,1,1,0,1,0,0,0.9185,1,137,1,1,0.0446,9,1.1338,149.94,22664.64,0.0901,1,1,1,1,0,2,0,0,0,1,1,0,1,0,0,1,0.0286,0.0413,2,1,0
NCRB-SYNTH-108089,Trial Court,Sec 439 CrPC (Regular Bail),7,2,2,0,1,0,0,1,0,0,0.9643,1,68,1,0,0.1126,4,1.2829,37.24,43925.1,0.0774,1,1,1,0,1,4,0,0,0,1,1,0,0,0,1,1,0.0229,0.0331,2,1,0
NCRB-SYNTH-108097,High Court,Writ Petition (Detention),2,4,2,0,1,1,1,1,0,0,0.3687,1,154,0,0,0.0,7,1.2152,166.9,44466.61,0.0126,0,0,1,1,1,1,0,1,1,0,1,1,1,0,0,1,0.0352,0.0508,2,0,0
NCRB-SYNTH-108098,Trial Court,Sec 439 CrPC (Regular Bail),2,2,2,0,1,1,0,1,0,0,0.8588,0,136,0,0,0.101,3,1.1675,85.52,21362.37,0.1125,1,1,0,1,0,1,1,0,0,1,1,1,0,0,0,4,0.0276,0.0172,2,1,0
NCRB-SYNTH-108104,Trial Court,Sec 439 CrPC (Regular Bail),1,5,1,1,1,0,0,1,0,1,0.8578,1,125,1,1,0.108,5,1.0006,143.34,39557.43,0.1308,1,1,1,1,1,2,0,0,0,1,1,1,0,0,0,2,0.0929,0.0845,0,1,0
NCRB-SYNTH-108107,Trial Court,Sec 439 CrPC (Regular Bail),4,3,2,1,1,0,1,1,0,0,0.4373,1,151,1,1,0.0593,2,1.0,121.66,16862.94,0.1063,1,1,1,1,1,3,1,0,0,1,0,0,1,1,0,3,0.0266,0.0192,2,1,0
NCRB-SYNTH-108119,Trial Court,Sec 482 CrPC (Quashing),1,2,2,0,1,1,0,1,0,1,0.5795,1,157,1,1,0.1159,5,1.0692,120.4,9603.18,0.0623,1,1,1,0,1,2,0,0,0,1,0,0,0,0,1,4,0.0368,0.0229,2,1,0
NCRB-SYNTH-108123,Trial Court,Sec 439 CrPC (Regular Bail),4,2,2,0,1,0,1,1,0,0,0.9426,1,84,0,0,0.137,2,1.0,145.4,5044.74,0.0927,1,1,1,1,1,1,0,0,0,1,1,0,1,0,1,4,0.013,0.0081,2,1,0
NCRB-SYNTH-108126,High Court,Writ Petition (Detention),1,2,2,1,1,0,0,1,1,1,0.6015,1,67,1,1,0.0848,6,1.0452,97.79,37035.35,0.1391,1,1,0,1,1,1,1,0,0,1,1,0,0,0,0,3,0.0535,0.0386,2,1,0
NCRB-SYNTH-108127,High Court,Trial Judgment,2,5,2,0,1,0,0,1,0,0,0.7263,1,42,0,0,0.1256,6,1.0,158.94,7087.87,0.1603,1,0,1,1,1,1,0,1,1,0,1,0,0,1,1,1,0.0644,0.0929,2,0,1
NCRB-SYNTH-108136,High Court,Writ Petition (Detention),1,5,2,0,1,0,0,1,0,0,0.6186,0,27,1,1,0.0603,8,1.2255,149.18,27760.55,0.1915,0,0,1,1,1,1,0,0,0,1,0,0,1,0,1,1,0.0217,0.0313,0,1,0
NCRB-SYNTH-108141,Trial Court,Writ Petition (Detention),2,3,1,0,1,0,0,1,0,1,0.6388,0,176,0,0,0.0,6,1.0324,168.21,43719.96,0.0622,1,1,1,1,1,2,0,0,0,1,0,0,1,0,1,3,0.0446,0.0321,2,1,0
NCRB-SYNTH-108146,Trial Court,Sec 439 CrPC (Regular Bail),2,1,1,0,1,0,0,1,0,1,0.6104,1,128,0,0,0.0802,5,1.0932,66.95,40954.32,0.0377,1,0,1,1,0,2,0,1,1,0,0,1,0,0,1,3,0.0538,0.0388,2,1,0
NCRB-SYNTH-108153,Trial Court,Sec 439 CrPC (Regular Bail),2,4,2,0,1,1,1,1,0,0,0.8389,1,49,1,1,0.115,4,1.1286,138.98,4081.89,0.1533,0,1,1,1,1,2,0,0,0,1,1,0,0,0,1,3,0.0634,0.0457,2,1,0
NCRB-SYNTH-108156,Trial Court,Writ Petition (Detention),2,4,2,0,1,0,1,1,0,0,0.6962,1,119,1,1,0.0965,2,1.0838,119.49,30125.77,0.128,1,0,1,1,1,2,0,0,0,1,1,1,1,0,0,3,0.0269,0.0194,2,1,0
NCRB-SYNTH-108162,Trial Court,Trial Judgment,7,1,1,0,1,1,1,1,1,0,0.8641,0,174,0,0,0.0645,9,1.1765,168.84,34713.24,0.1609,1,0,1,0,0,3,0,1,1,0,0,0,0,0,0,2,0.0642,0.0585,2,1,1
NCRB-SYNTH-108167,Trial Court,Trial Judgment,27,1,2,0,1,0,1,1,0,1,0.5235,0,117,1,1,0.0788,5,1.0718,169.52,21241.85,0.0143,1,1,1,1,0,2,0,0,0,1,0,0,1,1,0,2,0.092,0.0837,2,1,0
NCRB-SYNTH-108170,High Court,Sec 439 CrPC (Regular Bail),2,2,2,0,1,0,0,1,1,0,0.8086,1,77,1,1,0.092,7,1.0,100.72,3965.02,0.1696,0,1,1,1,0,3,1,0,0,1,1,0,0,0,0,3,0.0645,0.0465,2,1,0
NCRB-SYNTH-108179,Trial Court,Sec 482 CrPC (Quashing),2,1,2,0,1,0,1,1,0,0,0.6803,1,103,1,1,0.0869,8,1.0786,99.38,44727.89,0.1581,1,1,1,1,1,3,1,0,0,1,1,0,1,0,0,3,0.0297,0.0214,2,1,0
NCRB-SYNTH-108180,Trial Court,Sec 439 CrPC (Regular Bail),1,1,1,0,1,1,0,1,0,1,0.9383,1,152,1,1,0.0231,4,1.3115,91.16,31256.01,0.0374,1,1,1,1,1,4,1,0,0,1,0,1,0,0,0,1,0.0839,0.121,2,1,0
NCRB-SYNTH-108181,Trial Court,Sec 482 CrPC (Quashing),1,5,2,0,1,1,1,1,0,0,0.6621,1,80,0,0,0.0405,5,1.1382,104.44,15346.66,0.1202,0,1,0,1,1,2,1,0,0,1,0,1,1,0,0,2,0.0903,0.0822,2,1,0
NCRB-SYNTH-108182,Trial Court,Sec 482 CrPC (Quashing),1,5,2,0,1,0,1,1,0,0,0.8499,1,93,0,0,0.1046,8,1.1264,72.99,20500.46,0.141,1,0,1,1,1,2,0,0,0,1,1,0,0,0,0,2,0.0766,0.0697,0,1,0
NCRB-SYNTH-108183,High Court,Trial Judgment,4,3,1,0,1,0,0,1,0,1,0.5998,1,74,1,1,0.0582,2,1.03,36.28,34109.89,0.1431,1,1,1,1,0,1,1,0,0,1,1,0,0,0,0,4,0.0102,0.0063,2,1,0
NCRB-SYNTH-108186,Trial Court,Trial Judgment,7,5,1,0,1,1,0,1,0,1,0.5018,1,51,0,0,0.0453,4,1.1714,54.72,29433.55,0.1195,1,1,1,1,0,3,0,0,0,1,0,0,1,0,0,1,0.0297,0.0429,2,1,0
NCRB-SYNTH-108200,Trial Court,Trial Judgment,15,3,2,0,1,0,1,1,0,0,0.6002,1,169,0,0,0.0079,6,1.066,146.91,6250.44,0.1335,1,1,1,1,1,1,0,0,0,1,1,1,0,0,1,1,0.0729,0.1052,2,1,0
NCRB-SYNTH-108201,Trial Court,Sec 482 CrPC (Quashing),1,3,2,1,1,0,0,1,0,0,0.7387,1,135,0,1,0.1213,3,1.0965,40.29,43856.31,0.0464,1,1,0,1,0,1,1,0,0,1,1,0,1,1,1,4,0.013,0.0081,0,1,0
NCRB-SYNTH-108207,Trial Court,Writ Petition (Detention),2,4,1,0,1,0,1,1,0,1,0.5226,1,69,1,1,0.0938,1,1.2812,148.26,27532.97,0.1929,1,0,1,1,0,5,0,1,1,0,0,0,1,0,0,2,0.0275,0.025,2,1,0
NCRB-SYNTH-108208,Trial Court,Sec 482 CrPC (Quashing),1,4,1,0,1,0,0,1,0,1,0.7559,1,176,0,0,0.0116,8,1.1443,57.17,27093.03,0.1124,1,0,0,1,0,3,0,0,0,1,0,0,1,0,0,2,0.0428,0.0389,2,1,0
NCRB-SYNTH-108210,High Court,Sec 482 CrPC (Quashing),1,3,2,0,1,0,1,1,0,0,0.6317,1,83,0,0,0.0193,9,1.1076,70.08,4978.88,0.1415,1,0,1,1,1,4,0,1,1,0,1,0,1,1,1,4,0.0639,0.0397,2,0,0
NCRB-SYNTH-108211,Trial Court,Sec 482 CrPC (Quashing),2,5,2,0,1,1,0,1,0,0,0.6589,1,98,1,1,0.1344,5,1.25,124.42,17186.72,0.0239,0,0,1,1,1,4,0,0,0,1,0,1,1,0,0,3,0.0635,0.0458,2,1,0
NCRB-SYNTH-108213,Trial Court,Sec 482 CrPC (Quashing),1,1,1,0,1,0,1,1,0,0,0.542,1,30,0,1,0.0896,1,1.0,50.47,36738.71,0.0865,0,0,0,1,1,4,1,1,1,0,1,0,0,0,0,3,0.0326,0.0235,2,1,0
NCRB-SYNTH-108222,Trial Court,Sec 439 CrPC (Regular Bail),15,1,2,0,1,1,1,1,0,1,0.6166,1,126,0,0,0.0204,1,1.1207,160.76,4400.62,0.1142,1,1,0,1,1,1,0,0,0,1,1,0,1,0,1,3,0.087,0.0628,0,1,0
NCRB-SYNTH-108223,Trial Court,Sec 439 CrPC (Regular Bail),1,2,2,0,1,1,0,1,0,0,0.8612,1,91,0,0,0.164,3,1.0,55.75,32367.23,0.052,1,0,1,1,1,2,0,1,1,0,1,0,0,0,0,2,0.0151,0.0137,2,1,1
NCRB-SYNTH-108228,Trial Court,Sec 439 CrPC (Regular Bail),2,3,1,0,1,1,0,1,0,1,0.84,1,167,1,1,0.0993,6,1.0,37.57,29057.62,0.1137,0,1,1,1,1,1,1,0,0,1,1,0,1,1,0,3,0.0829,0.0598,2,1,0
NCRB-SYNTH-108235,Trial Court,Sec 439 CrPC (Regular Bail),21,5,1,0,1,0,0,1,0,0,0.7513,1,48,1,1,0.1182,1,1.0828,156.07,40152.82,0.0229,1,1,1,1,1,1,1,0,0,1,1,1,1,0,1,4,0.0515,0.032,0,1,0
NCRB-SYNTH-108240,Trial Court,Writ Petition (Detention),2,3,2,0,1,0,1,1,0,1,0.8309,1,108,0,1,0.1144,1,1.3445,72.36,41830.28,0.0468,1,1,1,0,0,4,1,0,0,1,1,0,0,0,0,4,0.0736,0.0457,0,1,0
NCRB-SYNTH-108243,High Court,Writ Petition (Detention),4,5,2,0,1,0,1,1,0,0,0.5135,1,98,0,1,0.0866,3,1.0261,54.72,10718.05,0.0514,1,1,1,0,0,2,0,0,0,1,1,1,0,1,0,2,0.0224,0.0204,2,1,0
NCRB-SYNTH-108253,Trial Court,Sec 439 CrPC (Regular Bail),1,5,1,0,1,0,0,1,0,1,0.8746,1,88,0,0,0.1311,7,1.1982,43.81,23076.44,0.1484,1,0,1,0,1,4,0,0,0,1,1,0,0,0,0,4,0.0212,0.0132,2,1,0
NCRB-SYNTH-108261,High Court,Sec 439 CrPC (Regular Bail),7,4,2,0,1,0,0,1,0,0,0.6352,0,149,1,1,0.1247,9,1.0273,52.23,38245.13,0.193,1,0,1,1,1,1,1,0,0,1,1,1,0,0,0,4,0.0775,0.0482,2,1,0
NCRB-SYNTH-108262,High Court,Sec 439 CrPC (Regular Bail),7,2,2,0,1,0,0,1,0,0,0.396,1,120,0,0,0.0052,5,1.1631,95.38,36550.01,0.1827,1,1,1,1,0,1,1,0,0,1,1,0,1,0,0,3,0.0604,0.0436,2,1,0
NCRB-SYNTH-108264,Trial Court,Writ Petition (Detention),1,5,1,0,1,0,1,1,0,1,0.4522,1,157,0,0,0.1307,1,1.0,175.18,44323.47,0.1475,0,1,1,1,1,3,1,0,0,1,1,0,1,0,1,3,0.0681,0.0491,2,1,0
NCRB-SYNTH-108266,Trial Court,Sec 482 CrPC (Quashing),1,2,2,0,1,1,1,1,0,0,0.8212,0,98,1,1,0.0863,9,1.1277,113.73,38050.31,0.1973,1,1,1,1,0,1,0,0,0,1,1,1,0,0,0,2,0.029,0.0264,2,1,0
NCRB-SYNTH-108272,High Court,Sec 439 CrPC (Regular Bail),2,3,2,0,1,0,0,1,0,0,0.6344,1,65,0,1,0.0387,3,1.0,147.6,17080.58,0.0556,0,1,1,1,1,2,1,0,0,1,1,1,0,0,0,3,0.0639,0.0461,0,1,0
NCRB-SYNTH-108273,High Court,Trial Judgment,1,2,1,0,1,1,1,1,0,0,0.8118,1,39,0,0,0.05,3,1.2751,112.44,40054.78,0.144,0,0,1,1,0,3,0,1,1,0,1,1,1,1,0,1,0.0789,0.1138,2,1,1
NCRB-SYNTH-108280,Trial Court,Trial Judgment,1,5,1,0,1,0,1,1,0,0,0.7624,1,125,1,1,0.0557,9,1.0,86.26,41962.93,0.0413,0,0,1,1,0,2,1,0,0,1,0,1,0,0,0,1,0.0451,0.0651,2,1,0
NCRB-SYNTH-108288,Trial Court,Sec 439 CrPC (Regular Bail),1,3,1,0,1,0,0,1,0,0,0.464,1,26,0,1,0.1043,5,1.3284,46.81,25537.52,0.0059,1,1,1,0,1,2,1,0,0,1,1,1,0,0,0,3,0.0294,0.0212,2,1,0
NCRB-SYNTH-108289,High Court,Sec 439 CrPC (Regular Bail),1,1,2,1,1,0,0,1,0,0,0.6456,1,179,0,0,0.1497,9,1.0294,154.24,35093.52,0.1655,1,1,1,1,1,4,1,0,0,1,0,0,0,0,1,2,0.0937,0.0853,2,1,0
NCRB-SYNTH-108293,Trial Court,Sec 439 CrPC (Regular Bail),1,5,2,0,1,0,0,1,1,0,0.8865,1,117,0,0,0.0791,5,1.1756,109.94,9662.79,0.0314,1,0,1,1,1,3,1,1,1,0,1,0,1,1,0,2,0.0137,0.0125,2,1,1
NCRB-SYNTH-108294,High Court,Sec 439 CrPC (Regular Bail),2,5,1,0,1,1,0,1,0,1,0.6019,1,132,0,0,0.0946,8,1.1113,161.16,32779.0,0.1526,1,1,0,1,1,4,1,0,0,1,1,1,1,0,1,1,0.0451,0.0651,2,1,0
NCRB-SYNTH-108299,Trial Court,Sec 439 CrPC (Regular Bail),4,3,2,0,1,0,0,1,0,1,0.5868,1,35,0,0,0.052,5,1.1015,145.74,23596.28,0.077,0,1,1,1,1,1,0,0,0,1,1,0,0,0,0,3,0.0496,0.0358,0,1,0
NCRB-SYNTH-108305,Trial Court,Trial Judgment,15,3,1,0,1,0,1,1,0,0,0.8804,1,130,1,1,0.1295,5,1.1135,179.26,34621.79,0.0119,1,0,1,1,1,3,1,1,1,0,1,0,0,0,0,4,0.0865,0.0537,2,1,1
NCRB-SYNTH-108307,Trial Court,Sec 439 CrPC (Regular Bail),2,2,2,0,1,1,1,1,0,1,0.5749,1,50,1,1,0.1482,5,1.1981,140.89,37004.55,0.1903,1,1,1,1,1,2,1,0,0,1,1,0,0,0,1,2,0.0279,0.0254,2,1,0
NCRB-SYNTH-108313,Trial Court,Trial Judgment,2,2,1,0,1,0,1,1,0,1,0.3703,1,176,0,0,0.122,8,1.1261,62.78,28250.8,0.1148,1,1,0,1,1,3,1,0,0,1,1,0,0,0,0,1,0.0422,0.0609,2,1,0
NCRB-SYNTH-108321,Trial Court,Writ Petition (Detention),15,4,2,0,1,1,0,1,0,0,0.9202,1,172,1,1,0.0449,8,1.1885,160.42,15804.38,0.0808,1,1,1,1,0,3,0,0,0,1,1,1,0,0,1,4,0.0512,0.0318,2,1,0
NCRB-SYNTH-108325,Trial Court,Sec 439 CrPC (Regular Bail),2,3,2,0,1,0,0,1,1,0,0.5345,1,136,0,0,0.0353,4,1.1811,32.66,29049.81,0.0754,0,1,1,1,1,2,0,0,0,1,1,1,1,0,0,4,0.0171,0.0106,2,1,0
NCRB-SYNTH-108327,Trial Court,Sec 439 CrPC (Regular Bail),1,1,2,0,1,0,0,1,0,1,0.7196,1,157,0,0,0.1384,5,1.1375,92.63,32264.28,0.1814,0,1,1,1,1,4,0,0,0,1,1,0,1,0,0,1,0.054,0.0779,2,1,0
NCRB-SYNTH-108343,High Court,Writ Petition (Detention),21,5,1,0,1,0,1,1,0,0,0.5474,1,12,1,1,0.05,9,1.0934,117.5,17374.95,0.1634,1,1,1,1,1,1,0,0,0,1,1,1,1,0,0,2,0.0463,0.0421,0,1,0
NCRB-SYNTH-108348,Trial Court,Sec 439 CrPC (Regular Bail),7,3,2,0,1,1,1,1,0,0,0.6351,1,26,0,0,0.06,7,1.0,139.59,15095.81,0.0035,1,1,1,1,0,2,0,0,0,1,1,0,1,0,0,3,0.0395,0.0285,2,1,0
NCRB-SYNTH-108352,Trial Court,Writ Petition (Detention),2,5,1,1,1,0,0,1,0,1,0.5208,1,29,0,0,0.0879,5,1.0528,135.43,26949.5,0.0666,1,1,0,1,1,4,0,0,0,1,0,0,0,0,0,4,0.0252,0.0157,0,1,0
NCRB-SYNTH-108355,Trial Court,Sec 439 CrPC (Regular Bail),7,1,1,0,1,1,0,1,0,0,0.4762,1,145,0,0,0.0487,5,1.1054,81.54,28316.25,0.1794,1,0,1,1,0,1,1,0,0,1,0,1,0,0,0,3,0.0921,0.0664,2,1,0
NCRB-SYNTH-108359,Trial Court,Sec 439 CrPC (Regular Bail),1,5,2,0,1,0,1,1,0,1,0.6671,1,141,1,1,0.0634,8,1.1669,31.44,44569.51,0.0362,1,0,1,1,1,2,0,1,1,0,0,1,1,0,0,1,0.0311,0.0449,2,0,1
NCRB-SYNTH-108360,Trial Court,Writ Petition (Detention),4,5,2,0,1,1,1,1,0,0,0.8798,1,148,1,1,0.0417,5,1.1902,93.85,41335.21,0.0291,1,0,1,1,1,3,1,1,1,0,0,1,1,0,1,3,0.0374,0.0269,2,0,1
NCRB-SYNTH-108362,Trial Court,Sec 482 CrPC (Quashing),1,3,2,0,1,0,0,1,0,1,0.5071,1,14,0,0,0.0829,2,1.0,82.49,24349.23,0.0607,1,0,1,1,1,2,1,0,0,1,0,0,0,1,0,4,0.0677,0.042,2,1,0
NCRB-SYNTH-108370,Trial Court,Sec 439 CrPC (Regular Bail),1,3,2,0,1,0,1,1,0,0,0.6606,1,96,0,1,0.0109,6,1.1725,175.74,40933.71,0.0483,0,1,1,1,1,3,0,0,0,1,1,0,0,0,0,4,0.026,0.0162,2,1,0
NCRB-SYNTH-108371,Trial Court,Sec 439 CrPC (Regular Bail),2,3,1,0,1,0,0,1,0,0,0.788,0,105,0,0,0.0921,5,1.0,168.5,42805.31,0.0554,1,1,1,1,1,4,0,0,0,1,0,0,0,0,0,1,0.0391,0.0564,2,1,0
NCRB-SYNTH-108377,Trial Court,Sec 482 CrPC (Quashing),2,4,2,0,1,0,0,1,0,0,0.5507,1,149,1,1,0.0664,1,1.1039,109.63,7268.68,0.1552,1,1,0,1,0,2,0,0,0,1,1,0,1,0,0,2,0.0494,0.045,2,1,0
NCRB-SYNTH-108382,Trial Court,Trial Judgment,1,5,1,0,1,0,0,1,0,1,0.5967,1,96,0,0,0.1072,9,1.1039,175.39,20737.3,0.1551,1,1,1,1,1,1,1,0,0,1,1,0,1,0,1,4,0.0748,0.0464,2,1,0
NCRB-SYNTH-108390,Trial Court,Sec 439 CrPC (Regular Bail),4,5,1,0,1,0,1,1,0,0,0.6469,0,118,0,0,0.1178,4,1.0687,54.6,12323.09,0.11,1,1,1,1,1,4,1,0,0,1,1,0,1,0,0,1,0.0453,0.0653,2,1,0
NCRB-SYNTH-108392,High Court,Sec 439 CrPC (Regular Bail),1,3,2,0,1,0,0,1,0,0,0.6872,1,134,1,0,0.0313,5,1.1064,92.7,22658.32,0.1853,1,1,1,1,1,1,1,0,0,1,1,1,1,1,0,3,0.0601,0.0434,2,1,0
NCRB-SYNTH-108407,High Court,Writ Petition (Detention),2,2,2,0,1,1,0,1,0,1,0.7689,1,20,1,1,0.1019,3,1.1771,48.58,39493.22,0.0008,0,1,1,1,0,3,0,0,0,1,0,0,1,0,0,4,0.092,0.0571,2,1,0
NCRB-SYNTH-108415,High Court,Trial Judgment,1,3,2,0,1,0,1,1,0,0,0.3827,1,8,0,0,0.1127,8,1.0166,84.82,44638.37,0.158,1,1,1,0,1,4,0,0,0,1,1,0,1,1,0,1,0.0669,0.0965,0,1,0
NCRB-SYNTH-108416,High Court,Writ Petition (Detention),1,2,2,0,1,1,1,1,0,0,0.7202,1,165,1,0,0.0895,9,1.1691,82.21,27468.96,0.1186,1,1,0,1,0,4,1,0,0,1,1,0,0,0,1,4,0.0147,0.0091,0,1,0
NCRB-SYNTH-108420,Trial Court,Sec 439 CrPC (Regular Bail),1,2,1,0,1,1,1,1,1,1,0.8072,1,78,0,0,0.0984,3,1.2559,101.58,11943.91,0.162,1,1,1,1,1,2,1,0,0,1,1,1,1,0,1,3,0.0713,0.0514,2,1,0
NCRB-SYNTH-108424,Trial Court,Sec 439 CrPC (Regular Bail),1,1,2,0,1,0,1,1,0,1,0.9858,1,147,0,0,0.0879,9,1.3188,40.8,33010.85,0.042,0,1,0,1,1,1,0,0,0,1,0,0,1,0,0,4,0.0894,0.0555,0,1,0
NCRB-SYNTH-108425,Trial Court,Writ Petition (Detention),1,3,1,0,1,0,0,1,0,0,0.7877,1,155,0,0,0.1129,8,1.0404,76.79,3548.13,0.1807,1,1,0,1,1,1,1,0,0,1,0,1,0,0,0,3,0.0952,0.0687,2,1,0
NCRB-SYNTH-108427,High Court,Sec 439 CrPC (Regular Bail),1,2,2,1,1,0,1,1,0,1,0.682,0,167,0,0,0.06,7,1.0115,108.94,17878.56,0.0696,1,0,1,1,0,1,1,1,1,0,1,0,0,0,0,2,0.0544,0.0495,0,1,1
NCRB-SYNTH-108430,High Court,Writ Petition (Detention),1,3,1,0,1,0,1,1,0,0,0.6529,1,57,1,1,0.0413,4,1.0242,168.66,26960.52,0.0566,1,1,1,0,0,2,1,0,0,1,0,0,1,0,0,2,0.0892,0.0812,2,1,0
NCRB-SYNTH-108431,High Court,Sec 439 CrPC (Regular Bail),2,3,2,0,1,0,0,1,0,1,0.7936,1,171,1,1,0.064,7,1.0,162.91,40497.35,0.1626,1,1,1,1,1,3,0,0,0,1,1,0,1,0,1,4,0.0295,0.0183,2,1,0
NCRB-SYNTH-108433,Trial Court,Sec 439 CrPC (Regular Bail),1,1,2,0,1,0,1,1,0,1,0.82,0,86,1,1,0.082,9,1.137,164.07,41776.3,0.1602,1,1,0,1,0,3,0,0,0,1,1,0,0,0,1,2,0.0569,0.0518,2,1,0
NCRB-SYNTH-108438,Trial Court,Trial Judgment,4,1,2,0,1,0,1,1,1,1,0.6166,1,149,0,1,0.0927,7,1.1663,151.36,35219.06,0.1199,1,1,1,0,0,3,0,0,0,1,1,0,1,1,0,2,0.0554,0.0504,2,1,0
NCRB-SYNTH-108445,Trial Court,Trial Judgment,15,1,1,0,1,0,0,1,0,1,0.5662,1,79,1,1,0.1741,1,1.0028,102.24,5473.34,0.0181,1,1,1,1,1,4,0,0,0,1,0,1,0,0,1,1,0.0527,0.0761,2,1,0
NCRB-SYNTH-108449,Trial Court,Sec 439 CrPC (Regular Bail),4,4,2,0,1,0,1,1,0,0,0.4345,1,105,1,1,0.136,6,1.001,91.27,42106.48,0.1564,1,1,1,1,1,2,1,0,0,1,1,1,1,0,1,2,0.069,0.0628,0,1,0
NCRB-SYNTH-108452,Trial Court,Sec 439 CrPC (Regular Bail),1,5,2,1,1,0,0,1,0,0,0.482,1,32,0,0,0.078,4,1.1448,109.54,5390.44,0.1794,1,0,0,1,0,3,0,1,1,0,1,0,1,1,0,4,0.0878,0.0546,2,0,0
NCRB-SYNTH-108456,Trial Court,Sec 439 CrPC (Regular Bail),1,4,1,0,1,0,1,1,0,0,0.4187,0,84,0,1,0.0227,9,1.0366,67.19,40589.52,0.0975,1,1,0,1,1,3,0,0,0,1,1,0,1,0,0,3,0.0962,0.0694,2,1,0
NCRB-SYNTH-108470,High Court,Sec 482 CrPC (Quashing),1,1,1,0,1,0,0,1,0,1,0.5038,1,76,0,0,0.0739,8,1.0936,161.48,33643.45,0.1627,1,0,1,1,1,2,0,0,0,1,1,1,1,1,0,3,0.0258,0.0186,2,1,0
NCRB-SYNTH-108474,Trial Court,Sec 439 CrPC (Regular Bail),2,3,2,1,1,0,0,1,0,0,0.7732,0,41,0,0,0.0583,2,1.088,171.52,40278.06,0.1967,1,1,1,1,0,3,0,0,0,1,0,1,1,0,0,1,0.0511,0.0737,2,1,0
NCRB-SYNTH-108477,High Court,Trial Judgment,1,2,2,0,1,0,0,1,0,1,0.9289,1,123,0,0,0.0629,2,1.105,34.36,32465.48,0.1539,1,1,1,1,1,4,0,0,0,1,1,0,1,0,0,4,0.0294,0.0182,2,1,0
NCRB-SYNTH-108481,Trial Court,Sec 482 CrPC (Quashing),1,5,1,0,1,0,0,1,1,0,0.4513,0,66,0,0,0.1301,4,1.033,176.53,3764.3,0.0325,1,1,1,1,0,1,1,0,0,1,0,0,1,1,0,3,0.0856,0.0618,2,1,0
NCRB-SYNTH-108487,High Court,Sec 482 CrPC (Quashing),2,5,2,0,1,1,1,1,1,0,0.7517,1,44,0,0,0.1346,7,1.3393,97.62,9735.58,0.1868,1,1,1,1,1,2,0,0,0,1,1,1,1,1,0,2,0.0122,0.0111,2,1,0
NCRB-SYNTH-108490,High Court,Sec 482 CrPC (Quashing),2,2,1,0,1,0,0,1,0,1,0.828,1,133,0,0,0.088,6,1.0,109.24,6031.62,0.1178,1,1,1,1,1,2,0,0,0,1,1,0,1,0,0,1,0.0348,0.0501,2,1,0
NCRB-SYNTH-108492,High Court,Sec 482 CrPC (Quashing),21,3,2,0,1,1,0,1,0,0,0.7112,1,123,0,0,0.0,9,1.0,88.48,4592.95,0.0974,1,1,1,1,1,4,0,0,0,1,1,0,1,0,1,4,0.0973,0.0605,0,1,0
NCRB-SYNTH-108495,Trial Court,Writ Petition (Detention),1,3,1,0,1,0,1,1,0,1,0.6881,1,39,0,0,0.0157,5,1.2135,100.92,34885.27,0.0401,1,1,0,1,0,4,0,0,0,1,1,0,0,0,0,4,0.0681,0.0423,2,1,0
NCRB-SYNTH-108499,High Court,Sec 482 CrPC (Quashing),7,5,2,0,1,0,0,1,0,1,0.5412,1,17,1,1,0.0642,9,1.0,155.72,28474.96,0.1044,1,1,1,1,0,3,1,0,0,1,1,1,1,0,0,3,0.0144,0.0104,2,1,0
NCRB-SYNTH-108505,Trial Court,Sec 482 CrPC (Quashing),1,2,1,0,1,0,1,1,0,0,0.9077,0,69,1,1,0.0,6,1.0395,159.12,16056.04,0.0541,1,1,0,1,1,3,0,0,0,1,1,0,1,0,0,4,0.0241,0.0149,2,1,0
NCRB-SYNTH-108507,Trial Court,Sec 439 CrPC (Regular Bail),1,2,1,0,1,0,1,1,0,1,0.9747,1,98,0,0,0.0841,6,1.0649,134.49,27569.0,0.0571,1,1,0,1,0,1,1,0,0,1,1,0,0,0,0,1,0.08,0.1154,2,1,0
NCRB-SYNTH-108511,Trial Court,Sec 482 CrPC (Quashing),15,5,1,0,1,0,1,1,0,0,0.6425,1,102,1,0,0.1378,8,1.0553,50.95,17374.18,0.1876,0,0,0,1,1,3,1,1,1,0,1,0,1,0,0,3,0.0105,0.0075,2,0,0
NCRB-SYNTH-108523,High Court,Sec 439 CrPC (Regular Bail),2,2,2,0,1,1,0,1,1,0,0.9045,1,73,0,0,0.154,6,1.0657,107.76,34842.18,0.1923,1,0,1,1,0,4,0,1,1,0,1,0,0,0,0,2,0.0724,0.0659,2,0,1
NCRB-SYNTH-108526,Trial Court,Trial Judgment,1,4,2,0,1,1,1,1,0,1,0.5542,1,170,0,0,0.0613,5,1.0208,176.07,35449.32,0.1338,1,1,1,0,1,1,1,0,0,1,1,1,0,0,0,1,0.0893,0.1288,2,1,0
NCRB-SYNTH-108532,High Court,Trial Judgment,15,1,2,0,1,1,0,1,0,0,0.5202,1,76,0,0,0.1046,1,1.154,147.88,10261.59,0.1866,1,1,1,1,1,4,1,0,0,1,0,1,0,0,1,1,0.082,0.1183,2,1,0
NCRB-SYNTH-108537,Trial Court,Sec 439 CrPC (Regular Bail),1,1,2,0,1,0,0,1,0,1,0.9247,1,65,0,0,0.0531,2,1.0881,78.99,16825.95,0.1208,1,1,1,1,1,2,0,0,0,1,1,1,1,0,0,1,0.0191,0.0275,2,1,0
NCRB-SYNTH-108550,Trial Court,Writ Petition (Detention),1,1,2,0,1,0,1,1,0,0,0.5698,1,60,0,0,0.0779,2,1.0846,169.17,34310.03,0.1177,1,1,1,1,0,1,0,0,0,1,0,1,1,0,0,4,0.0445,0.0276,2,1,0
NCRB-SYNTH-108552,High Court,Trial Judgment,45,2,1,0,1,1,1,1,0,0,0.8933,0,52,0,0,0.1145,4,1.1889,113.84,5798.02,0.0838,1,1,1,1,0,5,0,0,0,1,1,1,1,0,0,4,0.0665,0.0413,2,1,0
NCRB-SYNTH-108557,Trial Court,Sec 439 CrPC (Regular Bail),27,3,1,0,1,0,0,1,0,1,0.5919,0,131,0,0,0.0646,4,1.0397,147.25,27501.46,0.0478,1,0,1,0,1,1,1,1,1,0,1,0,1,0,0,2,0.0436,0.0397,2,0,0
NCRB-SYNTH-108561,High Court,Sec 482 CrPC (Quashing),2,3,2,0,1,1,1,1,1,0,0.6484,0,162,0,0,0.0501,5,1.0,145.89,23333.95,0.1515,0,0,1,1,1,2,0,1,1,0,0,0,0,1,0,3,0.0358,0.0258,2,1,0
NCRB-SYNTH-108576,Trial Court,Writ Petition (Detention),1,3,2,0,1,0,0,1,0,0,0.5921,1,116,0,0,0.0605,6,1.1326,97.69,8656.27,0.0088,1,0,1,1,1,1,0,1,1,0,0,1,0,0,1,2,0.0338,0.0308,2,1,0
NCRB-SYNTH-108578,Trial Court,Writ Petition (Detention),2,4,1,0,1,1,0,1,0,1,0.5706,1,95,0,0,0.1099,7,1.0501,70.75,33530.72,0.0046,1,0,0,1,1,1,0,1,1,0,0,0,1,0,0,3,0.045,0.0325,2,0,0
NCRB-SYNTH-108580,Trial Court,Writ Petition (Detention),1,1,1,1,1,1,1,1,0,0,0.4872,1,57,0,1,0.0424,8,1.2277,130.71,8600.47,0.0326,1,0,1,1,1,3,1,1,1,0,1,0,1,0,0,2,0.0583,0.053,2,0,0
NCRB-SYNTH-108592,Trial Court,Writ Petition (Detention),1,5,1,0,1,0,1,1,0,1,0.7344,1,65,0,1,0.0534,3,1.248,163.23,25479.76,0.1663,1,0,1,1,1,1,1,1,1,0,0,0,1,0,1,1,0.0867,0.1251,2,0,1
NCRB-SYNTH-108604,Trial Court,Trial Judgment,1,3,2,0,1,0,0,1,0,0,0.4306,0,101,0,0,0.1292,9,1.1315,151.02,35471.93,0.0354,1,0,1,1,1,2,1,1,1,0,0,0,0,0,0,2,0.0735,0.0669,0,0,0
NCRB-SYNTH-108614,Trial Court,Sec 439 CrPC (Regular Bail),7,3,1,0,1,0,0,1,0,0,0.4781,1,158,0,1,0.1195,4,1.0,102.35,36164.11,0.1226,1,1,1,1,1,4,1,0,0,1,1,0,0,0,0,4,0.0513,0.0319,2,1,0
NCRB-SYNTH-108618,Trial Court,Sec 439 CrPC (Regular Bail),7,2,1,0,1,0,0,1,0,0,0.7439,1,129,1,1,0.0171,8,1.1603,85.0,11472.96,0.1314,1,1,0,1,0,1,1,0,0,1,1,0,0,0,0,4,0.0671,0.0417,2,1,0
NCRB-SYNTH-108619,Trial Court,Sec 439 CrPC (Regular Bail),1,5,1,0,1,0,0,1,0,1,0.3829,1,19,0,0,0.1646,7,1.1334,88.37,8112.67,0.042,1,1,1,1,1,3,0,0,0,1,1,0,1,0,0,3,0.0629,0.0454,2,1,0
NCRB-SYNTH-108620,Trial Court,Sec 439 CrPC (Regular Bail),1,2,1,1,1,0,0,1,0,1,0.7726,1,101,0,0,0.1138,1,1.0,85.11,28026.7,0.1796,1,0,1,0,1,2,0,1,1,0,1,0,0,1,1,1,0.0198,0.0285,0,1,1
NCRB-SYNTH-108622,Trial Court,Trial Judgment,1,3,2,0,1,0,0,1,0,1,0.6159,1,145,0,0,0.115,4,1.0,96.4,44654.64,0.0281,1,1,1,1,1,1,0,0,0,1,1,0,0,0,1,3,0.0116,0.0083,2,1,0
NCRB-SYNTH-108625,Trial Court,Trial Judgment,2,1,1,0,1,0,1,1,0,1,0.7706,1,81,0,0,0.1276,6,1.1005,168.98,14275.89,0.1054,0,1,1,1,0,1,0,0,0,1,1,0,1,0,1,4,0.07,0.0435,2,1,0
NCRB-SYNTH-108633,High Court,Sec 482 CrPC (Quashing),27,3,2,0,1,1,0,1,0,0,0.559,0,44,1,1,0.0844,9,1.2009,96.89,33539.04,0.0895,1,0,1,1,0,2,0,0,0,1,1,1,0,0,1,3,0.011,0.008,0,1,0
NCRB-SYNTH-108648,Trial Court,Trial Judgment,4,4,2,0,1,0,1,1,1,0,0.6186,1,108,0,0,0.0887,1,1.012,50.17,32268.62,0.0651,1,0,1,1,1,3,0,1,1,0,0,0,0,0,1,1,0.0324,0.0467,2,0,0
NCRB-SYNTH-108651,Trial Court,Sec 439 CrPC (Regular Bail),2,5,1,0,1,1,0,1,0,1,0.6025,1,72,0,0,0.0859,9,1.2738,139.42,25589.3,0.0493,1,1,1,1,1,4,0,0,0,1,1,0,1,0,0,1,0.0964,0.1391,2,1,0
NCRB-SYNTH-108659,Trial Court,Writ Petition (Detention),1,2,1,0,1,0,1,1,0,1,0.8578,1,40,1,1,0.0758,4,1.0633,36.96,22092.18,0.1313,1,1,1,1,0,4,0,0,0,1,1,0,1,0,1,4,0.0219,0.0136,2,1,0
NCRB-SYNTH-108663,Trial Court,Sec 439 CrPC (Regular Bail),1,2,2,0,1,1,0,1,0,0,0.7951,1,66,0,0,0.0609,7,1.1001,69.04,38490.68,0.0235,0,0,0,1,1,3,0,0,0,1,1,0,1,0,0,4,0.0837,0.052,2,1,0
NCRB-SYNTH-108668,Trial Court,Sec 439 CrPC (Regular Bail),4,1,1,0,1,0,0,1,0,0,0.739,1,116,0,0,0.0725,3,1.0527,165.14,12779.71,0.0731,1,1,1,1,1,4,0,0,0,1,1,1,1,0,0,3,0.0844,0.0609,2,1,0
NCRB-SYNTH-108672,Trial Court,Trial Judgment,1,2,2,0,1,0,0,1,0,0,0.6155,1,80,1,1,0.1263,4,1.082,44.94,42034.2,0.1521,1,1,1,1,1,1,0,0,0,1,1,0,0,0,0,2,0.064,0.0583,2,1,0
NCRB-SYNTH-108675,High Court,Sec 482 CrPC (Quashing),4,4,2,0,1,1,0,1,0,0,0.7532,1,34,1,0,0.1322,1,1.1582,46.27,19257.11,0.15,1,1,1,1,0,4,1,0,0,1,0,1,0,0,0,4,0.0645,0.0401,0,1,0
NCRB-SYNTH-108677,Trial Court,Sec 439 CrPC (Regular Bail),1,5,1,0,1,0,1,1,0,0,0.3902,1,94,1,1,0.0589,3,1.2294,135.64,41368.57,0.126,1,1,1,1,1,4,0,0,0,1,1,0,0,1,1,2,0.0646,0.0588,2,1,0
NCRB-SYNTH-108680,Trial Court,Writ Petition (Detention),45,1,2,0,1,0,0,1,0,1,0.4275,1,166,0,0,0.0841,8,1.0963,72.62,26808.3,0.0052,1,1,0,1,1,1,0,0,0,1,0,0,0,0,0,2,0.0145,0.0132,2,1,0
NCRB-SYNTH-108681,Trial Court,Sec 482 CrPC (Quashing),4,1,1,0,1,0,0,1,0,1,0.6155,0,153,1,1,0.0314,4,1.2135,38.82,20229.81,0.0321,1,0,1,1,1,2,0,1,1,0,1,0,1,0,0,3,0.0659,0.0475,0,0,0
NCRB-SYNTH-108683,Trial Court,Writ Petition (Detention),1,1,1,0,1,0,1,1,0,0,0.8158,1,121,0,0,0.0022,5,1.0967,42.46,18971.72,0.1684,1,1,1,1,1,5,0,0,0,1,0,1,1,0,0,3,0.061,0.044,2,1,0
NCRB-SYNTH-108688,Trial Court,Sec 439 CrPC (Regular Bail),2,3,2,1,1,0,1,1,0,0,0.8146,1,21,0,1,0.1068,3,1.0,58.35,30945.84,0.0833,1,1,1,1,0,4,0,0,0,1,1,0,1,0,0,1,0.0636,0.0918,2,1,0
NCRB-SYNTH-108690,Trial Court,Sec 439 CrPC (Regular Bail),1,3,2,0,1,0,1,1,0,0,0.6182,1,156,0,1,0.1567,3,1.0819,60.85,35795.57,0.065,1,1,1,1,0,5,0,0,0,1,1,0,0,0,0,2,0.0324,0.0295,2,1,0
NCRB-SYNTH-108694,Trial Court,Writ Petition (Detention),1,3,2,0,1,0,0,1,0,1,0.4683,0,174,0,0,0.0586,7,1.2177,162.89,33992.22,0.0348,0,1,0,1,1,1,0,0,0,1,1,0,1,0,0,2,0.0788,0.0717,2,1,0
NCRB-SYNTH-108709,Trial Court,Sec 439 CrPC (Regular Bail),1,2,2,0,1,0,0,1,0,0,0.8697,1,142,0,0,0.0213,6,1.0918,172.62,38110.43,0.0079,1,1,1,1,1,4,1,0,0,1,0,0,1,0,1,1,0.0311,0.0448,2,1,0
NCRB-SYNTH-108731,High Court,Writ Petition (Detention),7,1,1,0,1,1,0,1,0,0,0.4178,1,31,0,0,0.0048,9,1.1667,46.04,10349.47,0.154,1,1,1,1,0,4,1,0,0,1,1,0,0,0,0,3,0.0638,0.0461,2,1,0
NCRB-SYNTH-108738,Trial Court,Writ Petition (Detention),2,3,2,0,1,1,1,1,0,1,0.7642,1,51,0,0,0.0309,2,1.0475,175.72,3696.05,0.0295,1,0,1,1,0,4,0,1,1,0,0,1,0,1,0,4,0.0538,0.0334,2,1,1
NCRB-SYNTH-108739,Trial Court,Sec 439 CrPC (Regular Bail),1,1,1,0,1,0,1,1,0,1,0.9023,1,126,0,0,0.0899,6,1.1773,108.96,16209.04,0.0205,1,0,1,1,1,2,0,1,1,0,1,1,0,0,0,2,0.0504,0.0459,2,0,1
NCRB-SYNTH-108744,Trial Court,Writ Petition (Detention),1,1,2,0,1,0,0,1,0,0,0.4312,1,117,1,1,0.057,8,1.0989,75.85,34450.63,0.0956,1,0,0,1,0,3,1,1,1,0,1,0,0,0,0,1,0.0153,0.0221,2,0,0
NCRB-SYNTH-108747,Trial Court,Sec 439 CrPC (Regular Bail),1,3,1,0,1,0,0,1,0,0,0.9336,1,155,1,1,0.1413,2,1.0031,151.8,44610.72,0.0704,0,1,1,1,1,1,1,0,0,1,1,1,0,0,0,3,0.0709,0.0512,2,1,0
NCRB-SYNTH-108748,Trial Court,Writ Petition (Detention),4,2,2,0,1,0,0,1,0,0,0.8374,0,175,0,0,0.0954,9,1.1177,99.89,18107.31,0.122,1,1,1,1,1,5,0,0,0,1,0,0,1,0,0,4,0.0533,0.0331,2,1,0
NCRB-SYNTH-108749,Trial Court,Writ Petition (Detention),2,5,1,0,1,1,1,1,0,0,0.9444,0,127,0,1,0.1337,1,1.1069,88.97,20465.65,0.0819,1,1,1,1,0,4,1,0,0,1,1,0,1,0,0,2,0.0823,0.0749,2,1,0
NCRB-SYNTH-108750,Trial Court,Sec 439 CrPC (Regular Bail),2,3,1,0,1,0,1,1,0,0,0.5361,1,43,1,1,0.0,6,1.0803,66.63,29774.82,0.0928,1,1,0,1,0,5,0,0,0,1,1,0,1,1,1,1,0.0527,0.0761,2,1,0
NCRB-SYNTH-108752,Trial Court,Sec 439 CrPC (Regular Bail),4,1,1,0,1,1,0,1,0,0,0.6824,0,166,0,0,0.1254,9,1.0921,129.57,12700.34,0.169,1,0,1,1,1,2,0,0,0,1,1,0,0,0,1,1,0.0411,0.0592,2,1,0
NCRB-SYNTH-108754,Trial Court,Writ Petition (Detention),7,1,2,0,1,0,0,1,0,0,0.8264,0,163,0,0,0.0359,8,1.1443,90.87,34700.3,0.0205,0,1,1,0,0,4,0,0,0,1,1,0,1,0,0,4,0.0124,0.0077,2,1,0
NCRB-SYNTH-108761,Trial Court,Sec 439 CrPC (Regular Bail),2,3,1,0,1,0,0,1,0,0,0.6215,1,84,1,0,0.1741,6,1.2006,41.91,11495.35,0.0629,0,1,1,0,0,1,1,0,0,1,0,1,1,0,0,4,0.0152,0.0094,2,1,0
NCRB-SYNTH-108765,Trial Court,Sec 439 CrPC (Regular Bail),1,1,2,0,1,1,1,1,0,1,0.6697,1,168,1,1,0.0,5,1.0054,106.78,12316.43,0.0376,1,1,1,1,0,1,1,0,0,1,0,0,0,0,0,1,0.0985,0.1421,2,1,0
NCRB-SYNTH-108768,Trial Court,Sec 439 CrPC (Regular Bail),2,4,1,0,1,0,0,1,0,0,0.7885,1,140,0,0,0.0608,4,1.0822,76.82,30963.89,0.0242,1,1,0,1,0,2,1,0,0,1,1,1,1,0,1,1,0.0974,0.1405,0,1,0
NCRB-SYNTH-108770,Trial Court,Writ Petition (Detention),1,3,2,1,1,0,0,1,0,1,0.7615,1,53,1,1,0.0892,4,1.1984,76.74,35091.68,0.0375,1,0,1,1,1,3,0,0,0,1,1,0,0,0,1,1,0.055,0.0793,2,1,0
NCRB-SYNTH-108776,Trial Court,Sec 439 CrPC (Regular Bail),1,5,1,0,1,0,0,1,0,0,0.8007,1,163,0,1,0.0674,9,1.2325,151.34,39758.13,0.1281,1,0,1,1,1,4,0,0,0,1,1,0,0,0,0,3,0.0991,0.0715,2,1,0
NCRB-SYNTH-108781,Trial Court,Sec 439 CrPC (Regular Bail),2,2,1,0,1,0,0,1,0,0,0.9406,1,166,1,1,0.047,3,1.1992,34.29,16186.55,0.0596,1,1,1,0,1,2,0,0,0,1,1,0,0,0,1,1,0.0439,0.0633,2,1,0
NCRB-SYNTH-108789,Trial Court,Writ Petition (Detention),1,5,1,0,1,0,0,1,0,0,0.934,0,50,0,0,0.0,6,1.0036,113.75,21139.27,0.0014,1,1,1,1,0,1,1,0,0,1,1,1,1,0,0,4,0.062,0.0385,0,1,0
NCRB-SYNTH-108792,Trial Court,Trial Judgment,1,3,1,0,1,1,1,1,0,0,0.765,1,16,1,1,0.0948,2,1.1346,118.44,6849.41,0.0233,1,1,1,1,1,4,0,0,0,1,1,0,1,0,0,3,0.0622,0.0449,2,1,0
NCRB-SYNTH-108793,Trial Court,Trial Judgment,2,2,1,0,1,1,0,1,0,0,0.4371,1,95,0,0,0.068,2,1.2779,104.63,3479.15,0.1533,0,1,0,1,0,3,1,0,0,1,1,1,1,0,0,3,0.0634,0.0457,2,1,0
NCRB-SYNTH-108797,Trial Court,Trial Judgment,1,3,2,0,1,0,0,1,0,0,0.6619,1,182,0,0,0.0799,2,1.1444,54.83,41206.71,0.1703,1,1,1,1,0,3,1,0,0,1,1,1,1,0,0,3,0.0827,0.0597,2,1,0
NCRB-SYNTH-108799,Trial Court,Sec 439 CrPC (Regular Bail),15,2,2,0,1,0,0,1,0,1,0.4262,1,160,0,0,0.0891,3,1.2668,108.99,32869.42,0.0246,1,0,1,1,1,3,0,0,0,1,1,0,0,0,0,3,0.0611,0.0441,2,1,0
NCRB-SYNTH-108809,Trial Court,Sec 439 CrPC (Regular Bail),1,3,2,0,1,0,1,1,0,1,0.9588,1,145,0,1,0.1224,3,1.0586,115.6,5099.94,0.0519,0,1,1,1,1,1,0,0,0,1,1,1,1,0,0,4,0.0934,0.0581,2,1,0
NCRB-SYNTH-108810,High Court,Sec 439 CrPC (Regular Bail),4,1,2,0,1,0,0,1,0,0,0.506,1,27,0,0,0.1225,2,1.091,59.11,6204.97,0.0895,1,1,1,0,1,2,0,0,0,1,1,0,0,0,0,4,0.0172,0.0107,2,1,0
NCRB-SYNTH-108821,Trial Court,Sec 439 CrPC (Regular Bail),1,1,1,0,1,0,1,1,0,0,0.6102,1,34,0,0,0.1183,3,1.0,176.2,37558.46,0.056,1,1,1,1,0,2,0,0,0,1,1,1,1,0,0,2,0.0244,0.0222,2,1,0
NCRB-SYNTH-108823,Trial Court,Sec 439 CrPC (Regular Bail),1,5,1,0,1,0,0,1,0,1,0.8621,1,97,0,0,0.114,4,1.0204,85.47,11624.54,0.0759,1,1,1,1,1,2,0,0,0,1,1,1,0,0,0,3,0.0625,0.0451,2,1,0
NCRB-SYNTH-108824,Trial Court,Sec 439 CrPC (Regular Bail),4,4,1,0,1,1,0,1,0,1,0.7154,1,154,0,0,0.0,2,1.0884,152.3,19781.6,0.0784,1,1,1,1,0,3,1,0,0,1,0,0,0,0,1,3,0.0237,0.0171,0,1,0
NCRB-SYNTH-108836,Trial Court,Sec 482 CrPC (Quashing),1,3,1,0,1,0,0,1,0,0,0.8075,1,62,0,0,0.0536,3,1.082,77.34,26116.82,0.0374,1,0,1,0,1,1,1,1,1,0,0,0,1,0,0,4,0.0205,0.0127,2,0,1
NCRB-SYNTH-108840,Trial Court,Sec 482 CrPC (Quashing),1,1,2,0,1,0,0,1,0,1,0.7161,1,126,0,0,0.0521,8,1.0344,104.82,41672.59,0.1069,1,1,0,1,1,1,1,0,0,1,1,1,1,0,1,4,0.0595,0.0369,2,1,0
NCRB-SYNTH-108845,High Court,Trial Judgment,1,5,1,0,1,0,1,1,0,0,0.7957,1,118,0,0,0.0515,9,1.1954,35.86,9384.34,0.1912,0,0,0,0,1,3,1,1,1,0,1,0,1,0,0,3,0.0565,0.0408,0,1,1
NCRB-SYNTH-108850,High Court,Writ Petition (Detention),4,2,1,0,1,0,1,1,0,1,0.8602,1,58,0,0,0.0446,3,1.032,124.45,16774.3,0.1623,1,1,1,1,1,3,0,0,0,1,1,1,0,0,0,4,0.0595,0.037,2,1,0
NCRB-SYNTH-108853,Trial Court,Sec 439 CrPC (Regular Bail),1,2,1,0,1,0,0,1,0,0,0.7213,1,74,0,1,0.1069,4,1.3073,33.36,30123.2,0.1535,0,0,1,0,0,2,1,0,0,1,0,0,1,0,0,2,0.0195,0.0178,2,1,0
NCRB-SYNTH-108856,Trial Court,Trial Judgment,2,1,2,0,1,1,1,1,0,1,0.9226,1,51,1,1,0.0224,3,1.053,60.01,14066.29,0.0403,1,0,1,0,1,4,0,1,1,0,1,0,1,0,1,1,0.0145,0.0209,2,0,1
NCRB-SYNTH-108858,Trial Court,Sec 439 CrPC (Regular Bail),4,5,2,0,1,0,0,1,0,1,0.6897,1,63,0,0,0.0465,1,1.0,114.87,28895.63,0.1751,1,1,1,1,1,4,0,0,0,1,1,1,0,0,0,1,0.0103,0.0148,2,1,0
NCRB-SYNTH-108865,Trial Court,Trial Judgment,2,2,1,0,1,0,0,1,0,0,0.7047,1,66,0,0,0.0847,9,1.1996,164.38,41044.61,0.0075,0,1,0,1,0,2,1,0,0,1,0,0,0,0,1,4,0.0141,0.0088,2,1,0
NCRB-SYNTH-108872,Trial Court,Sec 439 CrPC (Regular Bail),2,4,1,0,1,1,1,1,0,0,0.5475,1,110,1,1,0.0927,5,1.0,134.8,38531.13,0.0056,1,1,0,0,1,1,1,0,0,1,1,1,0,0,0,4,0.0976,0.0606,2,1,0
NCRB-SYNTH-108874,Trial Court,Writ Petition (Detention),4,3,1,0,1,0,1,1,0,1,0.967,1,126,0,0,0.0929,1,1.1206,128.79,12087.74,0.0236,1,1,1,1,0,4,0,0,0,1,0,1,0,0,0,2,0.0614,0.0559,0,1,0
NCRB-SYNTH-108876,Trial Court,Sec 439 CrPC (Regular Bail),21,2,2,0,1,0,0,1,0,1,0.7819,1,92,0,0,0.126,6,1.0903,151.87,14405.66,0.038,1,1,1,1,1,1,0,0,0,1,0,0,1,0,0,2,0.0869,0.0791,2,1,0
NCRB-SYNTH-108877,Trial Court,Sec 482 CrPC (Quashing),27,2,2,0,1,0,0,1,0,0,0.4251,1,171,0,0,0.0032,1,1.1916,94.19,44171.79,0.0991,1,1,1,1,0,1,1,0,0,1,1,0,0,0,0,2,0.0574,0.0523,2,1,0
NCRB-SYNTH-108883,Trial Court,Sec 482 CrPC (Quashing),1,1,2,0,1,0,1,1,0,0,0.4563,1,155,1,1,0.1107,9,1.087,73.56,40155.64,0.1724,1,1,1,0,1,2,1,0,0,1,1,1,0,0,0,2,0.0871,0.0793,2,1,0
NCRB-SYNTH-108890,High Court,Sec 482 CrPC (Quashing),1,4,2,0,1,0,0,1,0,0,0.8022,1,142,1,1,0.0191,9,1.0,111.55,18712.65,0.0385,1,1,1,0,1,1,1,0,0,1,0,0,0,0,0,1,0.0404,0.0583,2,1,0
NCRB-SYNTH-108895,Trial Court,Sec 482 CrPC (Quashing),4,5,2,0,1,0,0,1,0,1,0.5143,0,162,0,0,0.0488,3,1.0,167.76,16326.05,0.1532,1,1,1,1,1,3,1,0,0,1,1,0,0,1,1,3,0.0304,0.0219,2,1,0
NCRB-SYNTH-108896,High Court,Sec 482 CrPC (Quashing),2,3,2,0,1,0,1,1,0,0,0.4862,0,108,1,1,0.1467,9,1.0304,155.32,15287.25,0.1282,1,0,1,1,1,2,1,0,0,1,1,1,0,1,1,1,0.0961,0.1387,2,1,0
NCRB-SYNTH-108899,Trial Court,Sec 482 CrPC (Quashing),4,2,1,0,1,0,1,1,0,0,0.433,1,56,0,0,0.0964,9,1.0,86.75,26712.52,0.1031,1,0,1,1,1,1,0,1,1,0,0,0,1,0,0,4,0.0542,0.0337,2,0,0
NCRB-SYNTH-108915,Trial Court,Sec 439 CrPC (Regular Bail),21,1,1,0,1,0,0,1,0,1,0.881,1,103,0,0,0.0788,5,1.2097,94.47,40762.53,0.1128,1,0,1,0,1,4,0,1,1,0,0,0,0,0,1,4,0.0438,0.0272,2,1,1
NCRB-SYNTH-108922,Trial Court,Sec 439 CrPC (Regular Bail),2,5,1,0,1,0,0,1,0,1,0.7158,1,143,0,0,0.0441,4,1.0,116.45,28059.24,0.0507,1,1,0,1,0,3,0,0,0,1,1,1,0,0,0,2,0.0822,0.0749,0,1,0
NCRB-SYNTH-108925,Trial Court,Sec 482 CrPC (Quashing),1,2,1,0,1,0,0,1,0,0,0.5234,1,61,0,0,0.076,2,1.0,131.19,29520.73,0.1805,0,1,1,1,1,2,0,0,0,1,1,0,0,0,1,2,0.0574,0.0523,2,1,0
NCRB-SYNTH-108928,Trial Court,Writ Petition (Detention),1,3,2,0,1,0,0,1,0,0,0.7326,0,165,1,1,0.1065,5,1.0617,62.85,15037.89,0.0698,0,1,1,1,1,1,1,0,0,1,1,0,0,0,0,2,0.0838,0.0762,2,1,0
NCRB-SYNTH-108929,High Court,Sec 439 CrPC (Regular Bail),1,3,1,0,1,1,0,1,0,1,0.6232,1,119,1,1,0.0112,2,1.0859,151.19,36852.89,0.0791,1,0,1,1,0,2,1,0,0,1,0,0,0,0,0,1,0.02,0.0288,2,1,0
NCRB-SYNTH-108933,High Court,Sec 439 CrPC (Regular Bail),2,4,1,0,1,0,0,1,0,0,0.7356,1,144,0,0,0.067,1,1.0309,112.82,21921.78,0.0321,1,0,0,1,1,4,0,1,1,0,0,0,0,1,0,1,0.0248,0.0357,0,1,1
NCRB-SYNTH-108937,Trial Court,Trial Judgment,1,1,1,0,1,0,1,1,0,1,0.5818,1,65,1,1,0.1126,9,1.0626,35.86,39458.04,0.0951,1,1,1,1,1,1,1,0,0,1,1,1,1,0,0,4,0.092,0.0572,2,1,0
NCRB-SYNTH-108953,Trial Court,Writ Petition (Detention),2,2,1,0,1,0,1,1,0,0,0.5224,1,44,0,0,0.0532,5,1.0413,38.14,27534.9,0.1199,1,1,0,1,1,2,1,0,0,1,1,1,0,0,0,2,0.0868,0.079,2,1,0
NCRB-SYNTH-108964,Trial Court,Trial Judgment,21,5,2,0,1,0,1,1,0,1,0.6158,1,154,1,1,0.0503,9,1.1724,178.35,43882.69,0.0605,1,1,1,1,1,1,0,0,0,1,1,1,0,0,0,2,0.0972,0.0885,2,1,0
NCRB-SYNTH-108970,Trial Court,Sec 439 CrPC (Regular Bail),1,4,1,0,1,0,0,1,1,0,0.9561,1,170,0,0,0.1546,3,1.2837,52.91,17312.94,0.1674,1,1,1,0,0,2,0,0,0,1,0,0,1,1,0,3,0.0276,0.0199,2,1,0
NCRB-SYNTH-108971,Trial Court,Sec 439 CrPC (Regular Bail),7,5,1,0,1,1,0,1,0,0,0.4522,1,146,0,1,0.1051,6,1.1587,60.42,30044.08,0.1739,1,1,1,1,0,3,0,0,0,1,1,0,0,1,0,4,0.0562,0.0349,2,1,0
NCRB-SYNTH-108974,Trial Court,Writ Petition (Detention),7,1,1,0,1,1,0,1,0,0,0.7022,1,60,1,1,0.1013,3,1.2382,73.23,20009.91,0.0172,0,1,1,1,1,2,1,0,0,1,0,1,0,0,1,1,0.0283,0.0408,2,1,0
NCRB-SYNTH-108985,Trial Court,Sec 482 CrPC (Quashing),1,4,2,0,1,0,0,1,0,1,0.808,1,114,0,0,0.0401,6,1.2539,169.8,12690.47,0.0563,0,1,1,1,1,2,0,0,0,1,0,1,0,0,0,3,0.054,0.0389,2,1,0
NCRB-SYNTH-108997,Trial Court,Writ Petition (Detention),4,4,2,0,1,0,0,1,0,0,0.641,1,81,0,0,0.1014,2,1.192,75.61,15998.4,0.1743,0,1,1,1,0,1,0,0,0,1,1,1,1,0,0,4,0.099,0.0615,2,1,0
NCRB-SYNTH-108999,Trial Court,Sec 482 CrPC (Quashing),1,1,1,0,1,0,0,1,0,1,0.7741,1,119,1,1,0.0361,6,1.2159,126.52,24497.81,0.008,1,1,1,1,1,3,0,0,0,1,1,0,1,0,0,2,0.0888,0.0808,2,1,0
NCRB-SYNTH-109013,Trial Court,Sec 439 CrPC (Regular Bail),1,4,2,0,1,0,0,1,0,1,0.5483,0,113,1,1,0.0539,8,1.0821,117.97,12698.98,0.0425,1,1,1,1,0,3,0,0,0,1,1,0,1,0,1,4,0.0407,0.0253,2,1,0
NCRB-SYNTH-109014,Trial Court,Sec 439 CrPC (Regular Bail),1,2,1,0,1,0,0,1,0,1,0.7331,1,27,0,0,0.1718,6,1.2963,39.86,41835.82,0.06,1,0,0,1,0,2,1,1,1,0,0,0,1,0,0,3,0.0985,0.071,0,1,1
NCRB-SYNTH-109016,High Court,Sec 439 CrPC (Regular Bail),2,4,2,0,1,0,1,1,0,1,0.6931,1,106,1,1,0.076,1,1.0852,72.09,15725.43,0.1275,1,0,1,1,0,3,0,0,0,1,0,0,1,0,0,3,0.0589,0.0425,2,1,0
NCRB-SYNTH-109017,Trial Court,Sec 439 CrPC (Regular Bail),7,1,2,0,1,0,1,1,0,0,0.695,1,119,0,0,0.0752,1,1.0,31.77,14810.79,0.0163,1,1,1,1,1,3,1,0,0,1,1,1,1,0,0,2,0.0667,0.0607,0,1,0
NCRB-SYNTH-109019,High Court,Sec 439 CrPC (Regular Bail),4,2,1,0,1,0,0,1,0,1,0.5722,1,48,0,0,0.0778,1,1.0,88.92,13057.33,0.0396,1,0,1,1,1,3,1,1,1,0,0,1,0,0,0,1,0.0576,0.0831,2,1,0
NCRB-SYNTH-109028,High Court,Sec 482 CrPC (Quashing),7,2,1,0,1,0,0,1,0,0,0.9862,0,168,1,1,0.0271,1,1.0982,127.28,8760.39,0.1682,1,1,1,1,1,4,0,0,0,1,1,0,0,0,0,3,0.0966,0.0697,2,1,0
NCRB-SYNTH-109037,High Court,Trial Judgment,7,1,1,0,1,0,1,1,0,0,0.8005,0,79,1,1,0.0818,3,1.2492,170.15,27892.5,0.0171,1,1,0,1,0,2,1,0,0,1,0,0,0,1,0,3,0.0126,0.0091,2,1,0
NCRB-SYNTH-109041,Trial Court,Sec 439 CrPC (Regular Bail),1,1,1,0,1,0,0,1,0,1,0.6722,1,23,0,0,0.0,4,1.1136,77.65,40049.22,0.0441,1,1,1,1,1,6,1,0,0,1,0,1,0,0,0,4,0.0134,0.0083,2,1,0
NCRB-SYNTH-109046,Trial Court,Sec 482 CrPC (Quashing),4,3,2,0,1,0,0,1,0,1,0.6689,1,137,1,1,0.125,2,1.1095,155.78,28254.08,0.0627,0,1,1,1,1,3,0,0,0,1,1,0,0,0,0,2,0.0977,0.0889,2,1,0
NCRB-SYNTH-109053,High Court,Writ Petition (Detention),1,2,1,0,1,0,0,1,0,0,0.7439,1,67,1,1,0.0741,1,1.0716,165.04,39296.12,0.168,1,1,1,1,1,1,1,0,0,1,1,0,1,0,1,2,0.0197,0.018,2,1,0
NCRB-SYNTH-109069,Trial Court,Sec 439 CrPC (Regular Bail),1,3,2,0,1,0,1,1,0,1,0.5784,1,126,1,1,0.12,2,1.0,131.08,44973.02,0.1137,1,1,1,1,1,1,0,0,0,1,1,0,0,1,0,3,0.0331,0.0239,2,1,0
NCRB-SYNTH-109070,Trial Court,Sec 439 CrPC (Regular Bail),1,5,1,0,1,0,0,1,0,1,0.8964,1,104,0,1,0.1092,8,1.2566,124.92,39724.43,0.1437,1,1,1,1,0,3,0,0,0,1,1,0,1,1,0,3,0.0864,0.0623,2,1,0
NCRB-SYNTH-109086,High Court,Writ Petition (Detention),1,4,2,0,1,0,1,1,0,0,0.9019,1,107,1,1,0.0,4,1.0685,126.58,38903.27,0.013,1,0,1,1,1,2,0,1,1,0,1,1,0,0,0,1,0.0677,0.0976,2,1,1
NCRB-SYNTH-109092,Trial Court,Sec 439 CrPC (Regular Bail),1,1,1,0,1,0,0,1,0,0,0.4611,1,177,1,0,0.0449,7,1.0,122.38,22277.11,0.1672,0,1,1,1,0,2,1,0,0,1,0,1,1,0,0,2,0.093,0.0847,0,1,0
NCRB-SYNTH-109098,High Court,Sec 439 CrPC (Regular Bail),2,2,1,0,1,1,0,1,0,0,0.9234,0,121,1,0,0.1074,5,1.2472,146.0,44715.85,0.0574,1,0,1,1,1,1,0,0,0,1,1,1,0,0,0,1,0.02,0.0289,2,1,0
NCRB-SYNTH-109105,Trial Court,Sec 439 CrPC (Regular Bail),2,1,1,0,1,0,1,1,0,0,0.4316,1,94,0,0,0.0422,1,1.1557,112.15,15466.93,0.1917,1,1,1,0,1,1,1,0,0,1,0,1,1,0,0,3,0.0365,0.0263,2,1,0
NCRB-SYNTH-109107,High Court,Writ Petition (Detention),1,2,2,0,1,0,1,1,0,0,0.7521,1,124,0,0,0.0372,9,1.023,121.53,28412.78,0.1182,1,0,1,0,1,1,1,1,1,0,1,0,1,1,0,2,0.0289,0.0263,0,1,1
NCRB-SYNTH-109142,Trial Court,Sec 482 CrPC (Quashing),1,5,2,0,1,1,0,1,0,1,0.4543,1,165,0,0,0.087,6,1.1684,92.67,9260.13,0.0607,0,1,1,0,1,3,0,0,0,1,1,0,0,0,0,2,0.0176,0.016,2,1,0
NCRB-SYNTH-109153,Trial Court,Trial Judgment,4,5,2,0,1,0,0,1,0,0,0.7647,1,85,0,0,0.1176,8,1.2995,72.72,36555.83,0.0298,1,0,1,1,1,2,0,1,1,0,0,0,0,0,0,4,0.0653,0.0406,2,0,1
NCRB-SYNTH-109155,Trial Court,Trial Judgment,7,3,1,0,1,1,1,1,0,0,0.8942,1,157,0,0,0.0718,7,1.1227,178.06,31819.4,0.1887,1,1,1,1,1,3,1,0,0,1,1,1,1,0,0,2,0.039,0.0355,2,1,0
NCRB-SYNTH-109156,High Court,Sec 482 CrPC (Quashing),2,1,1,0,1,1,0,1,0,1,0.6873,1,92,0,0,0.0952,7,1.0539,46.61,37131.69,0.0931,1,1,0,1,1,3,0,0,0,1,1,0,0,1,0,1,0.0848,0.1224,2,1,0
NCRB-SYNTH-109168,High Court,Writ Petition (Detention),1,4,1,0,1,0,1,1,0,1,0.726,1,40,0,0,0.1038,1,1.2282,117.7,10959.25,0.049,1,1,1,0,0,5,0,0,0,1,0,1,1,0,0,2,0.0556,0.0506,2,1,0
NCRB-SYNTH-109173,High Court,Sec 482 CrPC (Quashing),1,3,2,1,1,0,0,1,0,0,0.7868,1,118,0,0,0.0596,1,1.1868,160.99,17411.84,0.0797,1,1,1,1,1,4,0,0,0,1,0,1,0,0,0,2,0.0393,0.0357,2,1,0
NCRB-SYNTH-109174,Trial Court,Sec 482 CrPC (Quashing),1,3,1,0,1,0,1,1,0,1,0.8238,1,112,0,0,0.0869,2,1.0,101.03,36660.57,0.1122,1,0,1,0,0,1,1,0,0,1,0,1,1,0,0,3,0.0926,0.0668,0,1,0
NCRB-SYNTH-109176,Trial Court,Sec 439 CrPC (Regular Bail),1,5,2,0,1,0,1,1,0,0,0.4917,1,122,0,1,0.1203,7,1.1251,58.83,31383.35,0.0143,1,0,1,1,0,2,0,1,1,0,1,0,0,0,0,1,0.0797,0.1149,2,0,0
NCRB-SYNTH-109180,Trial Court,Trial Judgment,2,4,1,0,1,0,1,1,1,0,0.5904,1,55,1,1,0.0432,4,1.1705,40.33,8794.46,0.1096,0,0,1,1,1,6,0,1,1,0,1,0,0,0,0,4,0.0423,0.0263,2,0,0
NCRB-SYNTH-109183,High Court,Sec 482 CrPC (Quashing),4,2,1,0,1,0,1,1,0,1,0.6619,1,51,0,0,0.0363,3,1.0,53.29,30240.08,0.1928,1,0,1,1,0,5,1,1,1,0,1,1,1,0,0,4,0.0189,0.0118,2,1,1
NCRB-SYNTH-109188,Trial Court,Writ Petition (Detention),2,3,2,0,1,1,1,1,0,0,0.686,0,34,0,0,0.1104,8,1.0,130.82,44004.99,0.1299,1,1,1,0,0,4,1,0,0,1,1,0,0,0,0,2,0.0434,0.0395,0,1,0
NCRB-SYNTH-109192,Trial Court,Trial Judgment,15,5,2,0,1,0,1,1,0,0,0.6765,1,138,0,0,0.0689,2,1.1904,41.99,11200.21,0.0988,1,1,1,1,1,5,1,0,0,1,1,0,0,0,0,2,0.0966,0.0879,2,1,0
NCRB-SYNTH-109196,Trial Court,Writ Petition (Detention),2,2,2,0,1,0,0,1,0,0,0.6912,0,171,1,1,0.0452,1,1.1197,146.1,6873.08,0.0532,1,0,1,1,1,1,1,1,1,0,1,0,0,1,0,4,0.0607,0.0377,0,1,1
NCRB-SYNTH-109206,High Court,Trial Judgment,4,3,1,1,1,0,0,1,0,0,0.5271,1,98,0,0,0.1528,4,1.2602,113.87,17836.97,0.0269,1,1,1,1,1,2,1,0,0,1,1,1,0,1,0,4,0.0636,0.0395,2,1,0
NCRB-SYNTH-109213,High Court,Sec 439 CrPC (Regular Bail),27,2,1,0,1,0,0,1,0,0,0.4472,1,157,0,0,0.1006,8,1.0,120.49,36412.06,0.0726,1,0,1,0,1,2,1,0,0,1,1,0,0,0,1,4,0.0884,0.0549,0,1,0
NCRB-SYNTH-109215,High Court,Trial Judgment,7,3,2,0,1,0,1,1,0,0,0.6253,1,180,1,0,0.1264,4,1.1701,56.89,27050.69,0.0895,0,1,1,1,1,2,0,0,0,1,0,0,1,0,0,2,0.0466,0.0424,2,1,0
NCRB-SYNTH-109220,Trial Court,Writ Petition (Detention),2,4,2,0,1,0,1,1,0,1,0.5979,1,173,1,1,0.1057,7,1.1131,119.93,5117.06,0.1471,0,1,1,1,1,4,1,0,0,1,1,1,1,0,1,4,0.0452,0.0281,2,1,0
NCRB-SYNTH-109221,Trial Court,Writ Petition (Detention),1,3,1,1,1,0,1,1,1,0,0.6762,0,36,0,0,0.0489,5,1.1697,112.99,12363.71,0.0016,1,0,1,1,1,3,0,0,0,1,0,0,1,0,0,2,0.062,0.0565,0,1,0
NCRB-SYNTH-109232,Trial Court,Sec 482 CrPC (Quashing),1,4,2,0,1,0,0,1,0,0,0.5951,1,137,1,1,0.141,9,1.1263,115.99,8824.34,0.0018,0,1,0,1,1,1,0,0,0,1,1,1,0,0,0,2,0.0305,0.0278,2,1,0
NCRB-SYNTH-109237,Trial Court,Sec 482 CrPC (Quashing),1,5,1,0,1,1,0,1,0,0,0.569,1,25,0,1,0.0796,2,1.3163,43.74,28360.58,0.0854,1,1,1,1,0,3,0,0,0,1,1,0,0,0,1,3,0.0999,0.0721,2,1,0
NCRB-SYNTH-109238,High Court,Sec 482 CrPC (Quashing),1,1,1,0,1,1,0,1,0,1,0.8351,1,47,1,1,0.0,2,1.0522,121.94,24534.46,0.1447,1,1,0,1,1,1,0,0,0,1,0,1,0,0,0,2,0.07,0.0637,2,1,0
NCRB-SYNTH-109249,Trial Court,Trial Judgment,1,1,1,0,1,0,0,1,0,0,0.9033,0,47,0,0,0.113,6,1.2973,162.98,16229.8,0.0368,1,0,0,1,1,2,1,1,1,0,1,1,0,0,0,4,0.0107,0.0066,2,1,1
NCRB-SYNTH-109251,Trial Court,Sec 439 CrPC (Regular Bail),7,2,1,0,1,1,1,1,0,1,0.749,1,68,0,1,0.0494,5,1.1638,35.89,39422.23,0.0998,1,1,1,1,0,2,1,0,0,1,0,1,1,0,0,4,0.0445,0.0276,2,1,0
NCRB-SYNTH-109258,Trial Court,Sec 439 CrPC (Regular Bail),4,5,2,0,1,0,0,1,0,0,0.9364,0,72,0,0,0.0929,4,1.0529,136.36,42667.23,0.0294,1,0,0,1,1,2,0,1,1,0,1,0,1,0,0,4,0.0396,0.0246,2,0,1
NCRB-SYNTH-109260,Trial Court,Writ Petition (Detention),2,3,1,0,1,0,0,1,0,0,0.7451,1,44,1,1,0.0734,8,1.1526,55.88,40278.9,0.1603,1,1,0,1,1,5,1,0,0,1,0,0,0,0,0,4,0.0325,0.0202,0,1,0
NCRB-SYNTH-109266,High Court,Sec 439 CrPC (Regular Bail),1,1,2,0,1,1,0,1,0,1,0.4779,1,169,0,0,0.0832,2,1.208,65.4,29056.9,0.0631,1,1,1,1,1,3,1,0,0,1,1,0,1,1,0,2,0.0269,0.0245,2,1,0
NCRB-SYNTH-109269,Trial Court,Sec 439 CrPC (Regular Bail),1,1,2,0,1,0,1,1,1,0,0.5092,1,50,0,0,0.0713,5,1.3672,146.98,23960.63,0.0564,1,0,1,1,1,3,0,1,1,0,1,0,0,0,0,2,0.0743,0.0676,2,0,0
NCRB-SYNTH-109279,Trial Court,Sec 482 CrPC (Quashing),15,3,1,0,1,0,0,1,0,0,0.4115,1,55,0,0,0.1044,3,1.0,168.97,5625.62,0.0117,1,1,1,1,0,2,1,0,0,1,0,0,0,0,0,1,0.0159,0.0229,2,1,0
NCRB-SYNTH-109280,Trial Court,Trial Judgment,4,1,1,0,1,1,0,1,0,1,0.638,1,51,0,1,0.0,2,1.3016,112.09,6485.94,0.022,1,1,1,1,0,4,0,0,0,1,0,1,0,0,0,1,0.0558,0.0805,2,1,0
NCRB-SYNTH-109284,Trial Court,Writ Petition (Detention),2,4,2,1,1,0,0,1,0,0,0.4636,1,52,0,0,0.0503,7,1.0615,123.08,24105.35,0.0717,1,1,1,1,0,1,1,0,0,1,1,1,0,0,1,3,0.0381,0.0275,2,1,0
NCRB-SYNTH-109300,Trial Court,Sec 482 CrPC (Quashing),4,4,1,0,1,0,0,1,1,1,0.6995,0,132,0,0,0.1067,3,1.1366,65.42,43807.88,0.0927,1,1,1,1,0,1,1,0,0,1,1,0,0,0,1,4,0.0172,0.0107,2,1,0
NCRB-SYNTH-109306,Trial Court,Writ Petition (Detention),1,1,2,0,1,0,0,1,1,0,0.86,1,104,0,0,0.0001,1,1.0561,161.14,25482.89,0.1971,1,1,1,1,1,2,1,0,0,1,0,0,0,0,0,2,0.0377,0.0343,0,1,0
NCRB-SYNTH-109309,Trial Court,Sec 439 CrPC (Regular Bail),2,3,2,0,1,0,1,1,0,0,0.4941,1,150,0,0,0.218,9,1.0836,162.64,22144.18,0.1181,1,0,1,1,0,4,0,0,0,1,1,1,0,1,0,2,0.0168,0.0153,2,1,0
NCRB-SYNTH-109316,Trial Court,Sec 439 CrPC (Regular Bail),1,4,2,0,1,0,0,1,0,0,0.8732,1,92,0,0,0.0302,8,1.0684,133.11,9149.58,0.0208,0,1,1,1,0,3,0,0,0,1,1,0,0,0,0,4,0.0637,0.0396,2,1,0
NCRB-SYNTH-109325,Trial Court,Sec 482 CrPC (Quashing),4,5,1,0,1,1,1,1,0,1,0.9414,1,176,1,1,0.0539,5,1.135,139.51,21231.77,0.038,1,1,0,1,1,3,1,0,0,1,1,0,1,0,0,2,0.013,0.0118,2,1,0
NCRB-SYNTH-109345,Trial Court,Writ Petition (Detention),1,4,2,0,1,1,0,1,0,1,0.4679,1,16,0,1,0.1058,5,1.076,159.16,31701.66,0.1249,0,1,0,1,0,5,1,0,0,1,1,1,0,1,0,2,0.0591,0.0538,2,1,0
NCRB-SYNTH-109351,Trial Court,Writ Petition (Detention),4,1,1,0,1,1,0,1,0,1,0.5571,1,98,1,1,0.0698,7,1.272,155.15,16456.38,0.0475,1,0,1,1,0,2,0,0,0,1,1,1,1,0,0,1,0.0561,0.0809,2,1,0
NCRB-SYNTH-109355,High Court,Writ Petition (Detention),1,4,2,0,1,0,0,1,1,1,0.4687,1,100,1,1,0.0711,7,1.0732,138.84,14046.04,0.01,1,0,1,1,1,1,0,1,1,0,1,0,1,0,0,4,0.0841,0.0523,2,1,0
NCRB-SYNTH-109358,Trial Court,Sec 482 CrPC (Quashing),1,1,2,0,1,0,0,1,0,0,0.6057,1,62,0,1,0.0671,7,1.1872,31.13,11358.78,0.0276,1,1,1,1,1,3,0,0,0,1,0,1,0,0,0,3,0.0688,0.0497,2,1,0
NCRB-SYNTH-109364,Trial Court,Writ Petition (Detention),2,4,1,0,1,0,0,1,0,1,0.8985,1,122,1,0,0.1484,4,1.1473,79.61,14908.35,0.022,1,0,1,1,1,1,1,0,0,1,1,0,0,0,0,4,0.0813,0.0505,2,1,0
NCRB-SYNTH-109372,Trial Court,Sec 482 CrPC (Quashing),1,1,2,0,1,0,1,1,0,1,0.99,1,91,0,0,0.0649,2,1.0414,84.18,15796.75,0.1128,1,0,1,1,1,3,0,1,1,0,1,0,0,0,0,2,0.0589,0.0536,2,1,1
NCRB-SYNTH-109373,Trial Court,Trial Judgment,27,3,1,0,1,1,0,1,0,0,0.4181,0,106,1,1,0.0822,7,1.2341,67.34,31526.72,0.1253,1,0,1,1,1,1,0,1,1,0,0,0,1,0,0,2,0.0655,0.0597,2,1,0
NCRB-SYNTH-109375,Trial Court,Sec 439 CrPC (Regular Bail),4,5,2,0,1,0,1,1,0,1,0.7427,0,177,0,1,0.1182,9,1.1618,60.88,38162.38,0.0113,1,0,1,1,0,4,0,1,1,0,1,0,0,1,0,4,0.0807,0.0501,2,0,1
NCRB-SYNTH-109381,Trial Court,Sec 439 CrPC (Regular Bail),21,3,1,0,1,0,0,1,0,1,0.5418,0,65,1,1,0.0062,2,1.0673,70.9,13889.26,0.0253,1,0,1,1,1,3,1,1,1,0,1,0,0,0,0,4,0.0648,0.0403,2,1,0
NCRB-SYNTH-109396,Trial Court,Writ Petition (Detention),2,4,2,0,1,0,0,1,0,1,0.4588,0,101,0,0,0.0419,1,1.0644,103.19,25173.08,0.1691,1,0,1,1,0,2,1,0,0,1,0,0,0,0,1,4,0.0747,0.0464,2,1,0
NCRB-SYNTH-109397,Trial Court,Sec 482 CrPC (Quashing),15,5,1,0,1,1,1,1,0,0,0.7108,1,26,0,0,0.1094,2,1.0903,42.82,26293.4,0.1835,1,0,1,1,1,4,0,0,0,1,0,1,1,0,0,4,0.0804,0.05,2,1,0
NCRB-SYNTH-109400,Trial Court,Sec 482 CrPC (Quashing),1,3,2,0,1,1,0,1,0,1,0.6774,1,129,0,0,0.1252,8,1.0,83.17,17474.84,0.0884,1,1,1,1,0,2,1,0,0,1,1,0,1,0,0,4,0.0331,0.0206,2,1,0
NCRB-SYNTH-109405,High Court,Writ Petition (Detention),2,4,1,0,1,1,0,1,0,0,0.8502,1,83,0,0,0.0818,3,1.0,144.52,29189.07,0.1682,1,1,1,1,1,4,0,0,0,1,0,0,0,0,1,3,0.0675,0.0487,2,1,0
NCRB-SYNTH-109409,Trial Court,Writ Petition (Detention),4,2,2,0,1,0,0,1,0,1,0.6752,1,51,0,1,0.1242,2,1.0692,65.98,7452.63,0.0853,1,1,1,1,1,2,0,0,0,1,1,0,1,0,0,1,0.0809,0.1167,2,1,0
NCRB-SYNTH-109411,High Court,Trial Judgment,1,3,1,0,1,0,0,1,0,0,0.886,1,86,1,1,0.0678,6,1.0884,61.82,13030.55,0.0356,1,1,1,1,1,4,0,0,0,1,1,0,0,0,1,1,0.0872,0.1258,2,1,0
NCRB-SYNTH-109414,Trial Court,Trial Judgment,1,4,1,0,1,0,0,1,0,1,0.7795,0,132,0,0,0.1888,9,1.0,79.29,8678.43,0.1308,1,0,1,1,0,1,1,1,1,0,0,1,1,0,0,1,0.0703,0.1014,2,0,1
NCRB-SYNTH-109416,Trial Court,Writ Petition (Detention),4,1,1,1,1,0,0,1,0,1,0.7475,0,52,0,0,0.0984,1,1.0411,54.8,37186.2,0.0878,1,1,1,1,1,1,1,0,0,1,1,0,0,0,0,2,0.0469,0.0427,0,1,0
NCRB-SYNTH-109432,Trial Court,Sec 482 CrPC (Quashing),1,2,2,0,1,1,0,1,1,0,0.748,1,77,0,0,0.0643,1,1.2015,164.95,6668.66,0.0651,1,1,1,1,1,2,1,0,0,1,1,1,0,1,1,4,0.0111,0.0069,2,1,0
NCRB-SYNTH-109439,Trial Court,Trial Judgment,1,2,1,0,1,0,1,1,0,1,0.8837,1,64,1,1,0.0,2,1.1566,108.78,4800.15,0.0811,1,0,1,1,1,2,0,1,1,0,1,1,0,1,0,2,0.0382,0.0347,2,0,1
NCRB-SYNTH-109441,Trial Court,Writ Petition (Detention),4,2,2,0,1,0,0,1,1,0,0.6499,1,159,1,0,0.1257,3,1.0861,76.61,14706.53,0.0726,1,1,1,1,1,1,1,0,0,1,0,0,1,0,0,3,0.0688,0.0496,2,1,0
NCRB-SYNTH-109442,Trial Court,Sec 439 CrPC (Regular Bail),1,2,2,0,1,0,0,1,0,1,0.7526,1,16,1,0,0.0981,5,1.1423,151.0,5257.95,0.1359,1,0,1,1,1,3,0,1,1,0,1,1,0,0,0,4,0.0343,0.0213,2,0,1
NCRB-SYNTH-109446,Trial Court,Trial Judgment,1,3,1,1,1,0,0,1,0,0,0.6064,0,136,0,0,0.0408,7,1.1929,137.17,41833.09,0.0247,0,0,1,1,1,6,1,1,1,0,1,0,1,1,0,2,0.0811,0.0738,2,0,0
NCRB-SYNTH-109453,Trial Court,Trial Judgment,1,1,2,0,1,0,0,1,0,1,0.5101,1,91,0,0,0.0164,4,1.0724,101.25,25286.66,0.0776,0,0,1,1,1,3,0,1,1,0,1,1,1,0,0,1,0.0146,0.0211,2,0,0
NCRB-SYNTH-109454,Trial Court,Sec 482 CrPC (Quashing),4,2,2,0,1,0,1,1,0,0,0.8812,1,72,1,1,0.1114,6,1.1935,92.48,18423.59,0.1839,1,0,1,1,1,3,1,0,0,1,0,1,1,0,1,3,0.0509,0.0367,2,1,0
NCRB-SYNTH-109462,High Court,Writ Petition (Detention),15,3,2,0,1,1,0,1,0,0,0.5606,1,137,0,0,0.1096,7,1.3828,44.55,19014.79,0.076,1,1,0,1,1,3,0,0,0,1,1,0,1,1,0,1,0.0857,0.1236,2,1,0
NCRB-SYNTH-109480,High Court,Writ Petition (Detention),1,1,2,0,1,1,0,1,0,0,0.4062,1,170,0,0,0.1145,7,1.153,103.73,22935.51,0.1429,1,1,1,1,0,3,1,0,0,1,1,1,0,0,0,4,0.0109,0.0067,2,1,0
NCRB-SYNTH-109481,Trial Court,Trial Judgment,15,2,1,0,1,0,1,1,0,0,0.7824,1,127,0,0,0.0823,7,1.0207,45.3,9295.51,0.0054,1,1,0,1,0,4,0,0,0,1,1,0,0,0,1,4,0.0472,0.0293,0,1,0
NCRB-SYNTH-109487,High Court,Trial Judgment,2,4,2,1,1,0,0,1,0,1,0.9296,1,147,0,1,0.0,8,1.0325,61.23,33522.67,0.0986,1,0,1,1,0,3,0,0,0,1,0,0,1,0,0,4,0.0743,0.0461,0,1,0
NCRB-SYNTH-109488,High Court,Sec 439 CrPC (Regular Bail),2,1,2,0,1,0,0,1,0,0,0.5062,0,16,0,0,0.0972,9,1.0322,155.93,9956.83,0.0003,1,1,1,1,1,2,0,0,0,1,1,0,0,0,0,2,0.0902,0.0821,2,1,0
NCRB-SYNTH-109489,Trial Court,Sec 439 CrPC (Regular Bail),1,4,1,0,1,0,0,1,0,1,0.5181,0,63,0,0,0.0822,8,1.3012,101.54,44530.58,0.145,1,1,1,1,1,1,0,0,0,1,0,1,0,0,0,3,0.0661,0.0477,2,1,0
NCRB-SYNTH-109492,Trial Court,Sec 439 CrPC (Regular Bail),1,1,2,0,1,0,1,1,0,0,0.6968,0,41,0,0,0.0702,6,1.0126,38.92,17116.55,0.1239,1,1,0,1,0,4,0,0,0,1,1,1,1,0,0,1,0.0729,0.1052,2,1,0
NCRB-SYNTH-109494,Trial Court,Sec 439 CrPC (Regular Bail),1,4,2,0,1,0,0,1,0,1,0.6901,1,88,1,1,0.1179,2,1.1908,146.13,5244.79,0.1686,1,1,1,1,0,2,0,0,0,1,1,0,0,0,0,4,0.0798,0.0496,2,1,0
NCRB-SYNTH-109507,Trial Court,Sec 439 CrPC (Regular Bail),2,2,2,0,1,0,0,1,0,0,0.6144,0,135,0,1,0.0738,8,1.3127,79.64,44185.13,0.0157,1,1,1,1,1,3,0,0,0,1,1,0,0,0,0,4,0.0676,0.042,2,1,0
NCRB-SYNTH-109510,Trial Court,Sec 439 CrPC (Regular Bail),2,1,1,0,1,0,0,1,0,0,0.8709,0,31,1,1,0.0806,6,1.0894,67.38,36302.36,0.1999,1,1,0,0,1,3,0,0,0,1,0,0,0,0,1,3,0.0255,0.0184,0,1,0
NCRB-SYNTH-109513,Trial Court,Sec 439 CrPC (Regular Bail),1,5,2,0,1,1,0,1,0,0,0.7112,1,56,0,0,0.0672,9,1.1438,170.69,22267.4,0.0073,0,0,0,0,1,1,1,0,0,1,0,0,0,0,0,4,0.0391,0.0243,2,1,0
NCRB-SYNTH-109516,Trial Court,Writ Petition (Detention),15,4,2,0,1,1,1,1,0,0,0.8711,1,114,0,0,0.0737,3,1.0,168.4,18723.6,0.0878,1,1,1,1,1,1,0,0,0,1,1,0,1,0,0,3,0.0265,0.0191,2,1,0
NCRB-SYNTH-109525,Trial Court,Sec 439 CrPC (Regular Bail),1,1,1,0,1,1,0,1,0,0,0.6886,1,70,0,0,0.0592,6,1.0159,148.54,34809.51,0.0628,1,0,1,1,1,2,1,1,1,0,0,1,1,0,0,1,0.0637,0.0919,2,0,1
NCRB-SYNTH-109528,High Court,Sec 482 CrPC (Quashing),4,2,1,1,1,1,1,1,0,1,0.8776,0,137,1,1,0.1119,9,1.0,148.4,39518.13,0.0557,1,0,1,1,0,1,1,0,0,1,0,0,0,0,0,4,0.0538,0.0334,2,1,0
NCRB-SYNTH-109531,Trial Court,Sec 482 CrPC (Quashing),1,5,1,0,1,0,0,1,1,0,0.7769,1,41,0,0,0.1734,1,1.0,85.82,24556.28,0.1814,1,1,1,1,1,1,1,0,0,1,1,0,0,1,0,1,0.0272,0.0392,0,1,0
NCRB-SYNTH-109539,Trial Court,Sec 439 CrPC (Regular Bail),1,3,1,0,1,0,0,1,0,0,0.8189,1,20,0,0,0.0877,8,1.0937,43.53,20854.93,0.0216,1,1,1,1,1,1,0,0,0,1,0,1,1,1,0,2,0.0938,0.0854,2,1,0
NCRB-SYNTH-109541,High Court,Sec 439 CrPC (Regular Bail),1,3,2,0,1,0,1,1,0,1,0.4269,1,17,1,1,0.1242,1,1.0624,146.4,16278.27,0.1446,1,1,1,1,0,2,0,0,0,1,1,0,0,0,0,2,0.0115,0.0105,2,1,0
NCRB-SYNTH-109546,Trial Court,Trial Judgment,4,1,1,0,1,0,0,1,0,0,0.444,1,86,0,0,0.1186,3,1.1064,111.47,23818.59,0.0337,1,1,0,1,1,1,0,0,0,1,0,0,1,1,1,3,0.076,0.0548,0,1,0
NCRB-SYNTH-109547,Trial Court,Writ Petition (Detention),1,1,2,0,1,0,0,1,0,0,0.8963,1,71,1,1,0.1367,4,1.2334,170.82,38601.43,0.0526,1,0,0,1,0,2,1,1,1,0,0,0,1,0,0,1,0.0558,0.0805,2,1,1
NCRB-SYNTH-109548,High Court,Sec 439 CrPC (Regular Bail),1,5,2,0,1,0,0,1,1,0,0.6713,1,172,0,0,0.0785,6,1.0752,38.48,37227.2,0.025,1,1,1,1,0,1,1,0,0,1,1,1,1,0,0,3,0.0128,0.0092,0,1,0
NCRB-SYNTH-109551,High Court,Writ Petition (Detention),4,2,1,0,1,0,1,1,0,0,0.9882,1,94,1,1,0.0447,7,1.3367,144.01,7206.0,0.1932,1,1,1,1,1,2,1,0,0,1,1,0,1,0,1,2,0.0181,0.0165,2,1,0
NCRB-SYNTH-109557,Trial Court,Trial Judgment,1,1,1,0,1,0,0,1,0,1,0.4948,1,141,0,0,0.0926,8,1.1688,100.31,24419.75,0.1355,1,0,1,1,0,1,0,1,1,0,1,1,1,0,0,1,0.0298,0.0431,2,1,0
NCRB-SYNTH-109562,Trial Court,Writ Petition (Detention),1,4,1,0,1,0,0,1,1,1,0.645,1,150,0,0,0.0532,7,1.1454,103.16,19803.08,0.1404,0,1,1,1,1,4,1,0,0,1,1,1,0,0,0,1,0.0405,0.0584,2,1,0
NCRB-SYNTH-109572,High Court,Sec 439 CrPC (Regular Bail),2,5,1,0,1,0,1,1,0,0,0.5108,1,76,1,1,0.0711,7,1.0453,93.95,37380.24,0.0427,1,0,1,1,0,1,0,1,1,0,1,1,1,0,0,2,0.0475,0.0432,2,0,0
NCRB-SYNTH-109573,Trial Court,Sec 439 CrPC (Regular Bail),2,2,1,0,1,0,0,1,1,0,0.4986,1,73,0,0,0.0754,5,1.1571,147.26,37670.65,0.0462,1,1,1,1,1,3,1,0,0,1,1,1,1,0,0,4,0.0945,0.0587,0,1,0
NCRB-SYNTH-109574,Trial Court,Sec 482 CrPC (Quashing),1,2,2,1,1,1,0,1,0,0,0.5565,1,171,0,0,0.0548,8,1.0,124.83,28508.96,0.1097,1,1,1,1,1,1,1,0,0,1,0,0,1,0,1,2,0.0909,0.0827,2,1,0
NCRB-SYNTH-109579,Trial Court,Trial Judgment,21,2,1,0,1,0,0,1,0,1,0.5087,1,121,0,0,0.0725,8,1.1468,30.32,18190.97,0.1781,1,0,1,1,1,6,0,1,1,0,1,1,0,0,1,2,0.0249,0.0226,2,0,0
NCRB-SYNTH-109583,Trial Court,Trial Judgment,1,1,2,0,1,0,0,1,0,1,0.8433,1,98,0,0,0.1046,5,1.0,105.18,12428.78,0.0446,1,1,0,1,1,2,1,0,0,1,0,1,1,0,0,3,0.0198,0.0143,2,1,0
NCRB-SYNTH-109584,Trial Court,Sec 482 CrPC (Quashing),21,5,1,0,1,0,1,1,0,1,0.6479,1,81,0,0,0.0852,5,1.0601,118.79,10218.88,0.0134,1,0,1,0,0,2,0,1,1,0,1,0,0,1,0,4,0.0404,0.0251,2,0,0
NCRB-SYNTH-109587,Trial Court,Writ Petition (Detention),1,1,2,0,1,0,0,1,0,0,0.6923,1,41,0,1,0.1534,6,1.2082,107.0,16751.34,0.0782,0,0,0,1,1,2,1,1,1,0,1,0,0,0,1,2,0.0716,0.0652,2,0,1
NCRB-SYNTH-109592,High Court,Sec 482 CrPC (Quashing),1,4,1,1,1,0,0,1,0,0,0.7245,1,16,0,0,0.0722,9,1.145,159.86,15289.5,0.1235,1,1,1,1,1,1,0,0,0,1,1,1,1,0,1,2,0.0646,0.0588,0,1,0
NCRB-SYNTH-109601,Trial Court,Sec 482 CrPC (Quashing),7,4,1,0,1,1,0,1,0,0,0.9106,1,56,0,0,0.0006,6,1.0496,73.84,25626.46,0.1029,1,0,1,1,0,3,1,1,1,0,1,1,0,0,0,4,0.0731,0.0454,2,0,1
NCRB-SYNTH-109603,Trial Court,Trial Judgment,1,5,2,0,1,1,0,1,0,0,0.9473,1,92,0,0,0.1265,3,1.1114,53.23,24065.54,0.0862,1,1,0,1,0,2,0,0,0,1,1,0,0,1,1,2,0.017,0.0154,2,1,0
NCRB-SYNTH-109604,Trial Court,Trial Judgment,7,4,2,0,1,0,0,1,0,1,0.5702,0,129,0,0,0.1595,2,1.1679,149.06,39712.23,0.0487,1,0,1,1,0,6,1,0,0,1,1,0,1,0,0,2,0.094,0.0856,2,1,0
NCRB-SYNTH-109614,High Court,Writ Petition (Detention),4,1,2,0,1,0,0,1,0,0,0.4103,1,43,0,0,0.0746,1,1.1216,81.62,17814.09,0.1726,1,1,1,1,1,4,0,0,0,1,1,0,1,0,1,3,0.0664,0.0479,2,1,0
NCRB-SYNTH-109620,Trial Court,Sec 482 CrPC (Quashing),1,5,1,0,1,1,1,1,0,1,0.8757,1,70,0,0,0.0921,7,1.0,60.71,7345.74,0.1719,1,1,1,1,1,2,0,0,0,1,1,0,1,0,0,2,0.0698,0.0635,2,1,0
NCRB-SYNTH-109622,Trial Court,Sec 439 CrPC (Regular Bail),7,3,1,0,1,1,0,1,0,0,0.8894,1,83,0,0,0.0595,6,1.3262,155.63,14833.61,0.0129,1,1,1,1,0,3,0,0,0,1,0,1,0,0,1,3,0.0439,0.0316,2,1,0
NCRB-SYNTH-109629,High Court,Writ Petition (Detention),1,4,2,0,1,0,0,1,0,1,0.768,1,170,0,0,0.0503,5,1.0,46.52,28574.2,0.1331,1,1,1,1,1,4,0,0,0,1,0,0,1,0,0,2,0.055,0.05,2,1,0
NCRB-SYNTH-109631,Trial Court,Sec 482 CrPC (Quashing),1,2,1,0,1,0,0,1,0,0,0.627,1,91,1,1,0.1227,8,1.1116,83.08,23859.01,0.0192,1,1,1,1,1,2,0,0,0,1,1,0,0,0,0,2,0.0907,0.0826,2,1,0
NCRB-SYNTH-109633,Trial Court,Sec 482 CrPC (Quashing),7,3,1,0,1,0,0,1,0,0,0.4134,1,67,1,1,0.0047,2,1.0114,169.02,22154.5,0.0717,1,1,1,1,1,3,0,0,0,1,0,0,1,0,0,2,0.0626,0.0569,2,1,0
NCRB-SYNTH-109636,High Court,Sec 439 CrPC (Regular Bail),15,1,2,0,1,0,0,1,0,1,0.8104,1,98,1,0,0.1185,8,1.1831,153.82,17928.86,0.1125,1,0,0,1,0,1,1,0,0,1,1,0,0,0,0,3,0.0774,0.0558,2,1,0
NCRB-SYNTH-109638,High Court,Sec 439 CrPC (Regular Bail),4,5,1,0,1,1,0,1,0,0,0.67,1,60,0,0,0.0849,5,1.0715,45.21,23824.47,0.0206,1,1,1,1,1,2,1,0,0,1,1,1,1,0,0,2,0.0362,0.033,2,1,0
NCRB-SYNTH-109640,Trial Court,Sec 439 CrPC (Regular Bail),2,3,1,0,1,0,0,1,0,1,0.5772,1,70,0,0,0.0518,1,1.2457,140.66,43699.65,0.0504,1,1,0,0,1,4,1,0,0,1,1,1,0,1,1,1,0.0788,0.1136,2,1,0
NCRB-SYNTH-109644,High Court,Writ Petition (Detention),1,5,2,0,1,0,0,1,1,1,0.8655,0,137,0,1,0.1135,3,1.0,143.64,22439.62,0.0411,1,1,1,1,1,1,0,0,0,1,1,0,1,0,0,4,0.0818,0.0508,2,1,0
NCRB-SYNTH-109652,Trial Court,Sec 439 CrPC (Regular Bail),4,5,1,0,1,0,1,1,0,0,0.4166,1,100,1,1,0.025,8,1.0,151.67,20687.54,0.1733,1,0,1,0,0,3,0,1,1,0,1,1,1,0,0,2,0.0201,0.0183,2,0,0
NCRB-SYNTH-109658,Trial Court,Sec 439 CrPC (Regular Bail),1,2,1,0,1,0,1,1,0,0,0.5632,0,38,1,1,0.091,8,1.0,159.31,37298.59,0.1091,0,1,0,0,1,3,0,0,0,1,0,0,0,0,0,2,0.0426,0.0388,2,1,0
NCRB-SYNTH-109664,High Court,Trial Judgment,21,4,1,1,1,1,0,1,0,0,0.7853,1,55,0,0,0.1829,3,1.0341,63.86,30075.85,0.0612,0,1,1,1,1,2,1,0,0,1,1,0,1,1,0,2,0.0209,0.019,2,1,0
NCRB-SYNTH-109667,High Court,Sec 482 CrPC (Quashing),2,3,2,0,1,0,0,1,0,0,0.652,1,19,0,0,0.0974,5,1.1087,115.95,29647.44,0.1112,1,1,1,1,0,3,1,0,0,1,1,0,0,0,1,2,0.0689,0.0627,2,1,0
NCRB-SYNTH-109674,Trial Court,Trial Judgment,4,5,1,0,1,1,0,1,0,1,0.5924,1,13,0,0,0.1464,3,1.236,160.35,25462.58,0.0812,1,0,1,1,0,5,1,0,0,1,1,0,0,0,0,1,0.0543,0.0783,0,1,0
NCRB-SYNTH-109678,Trial Court,Trial Judgment,1,3,1,0,1,0,0,1,0,1,0.6389,1,109,0,0,0.1185,4,1.0,59.74,15126.72,0.0958,1,0,1,1,1,7,1,0,0,1,1,1,1,0,0,1,0.0847,0.1222,2,1,0
NCRB-SYNTH-109682,Trial Court,Sec 482 CrPC (Quashing),4,2,1,0,1,0,1,1,0,1,0.518,0,147,0,0,0.0911,4,1.0472,57.77,36125.7,0.1557,1,0,0,0,0,3,0,0,0,1,1,1,1,0,0,4,0.081,0.0503,2,1,0
NCRB-SYNTH-109706,Trial Court,Sec 482 CrPC (Quashing),1,3,2,0,1,0,1,1,0,1,0.6657,1,101,1,1,0.0418,1,1.0315,64.3,7659.38,0.1967,0,1,1,1,0,4,0,0,0,1,1,0,1,0,0,1,0.0446,0.0643,2,1,0
NCRB-SYNTH-109707,Trial Court,Trial Judgment,1,3,2,0,1,0,0,1,0,0,0.7641,1,20,0,0,0.1133,3,1.1329,33.37,23759.2,0.1269,1,1,1,1,0,6,0,0,0,1,1,1,0,0,0,4,0.0209,0.013,0,1,0
NCRB-SYNTH-109711,Trial Court,Sec 439 CrPC (Regular Bail),2,3,2,0,1,0,0,1,0,0,0.6727,1,42,0,0,0.0648,5,1.2792,75.1,5942.49,0.0117,1,1,1,1,1,4,0,0,0,1,1,1,1,1,0,2,0.057,0.0519,2,1,0
NCRB-SYNTH-109719,Trial Court,Trial Judgment,2,5,2,0,1,1,0,1,0,1,0.6245,0,145,0,0,0.0813,9,1.0,146.83,13309.76,0.1413,1,1,1,1,1,4,1,0,0,1,1,0,0,0,0,4,0.0997,0.0619,2,1,0
NCRB-SYNTH-109725,Trial Court,Sec 439 CrPC (Regular Bail),1,5,2,1,1,0,0,1,0,0,0.773,1,123,0,0,0.0718,3,1.3707,108.15,42630.41,0.1791,1,1,1,1,1,3,0,0,0,1,0,1,0,0,0,1,0.0822,0.1186,2,1,0
NCRB-SYNTH-109729,Trial Court,Sec 439 CrPC (Regular Bail),7,5,1,0,1,0,0,1,0,0,0.7352,1,121,0,0,0.1066,1,1.1355,83.49,39657.65,0.1194,1,1,1,1,1,1,0,0,0,1,1,1,0,0,0,2,0.0188,0.0171,2,1,0
NCRB-SYNTH-109730,High Court,Writ Petition (Detention),4,3,1,0,1,0,1,1,0,0,0.8122,1,104,0,1,0.1242,2,1.0219,47.47,27702.9,0.0904,1,0,0,1,1,2,1,0,0,1,1,1,1,0,0,1,0.0414,0.0597,2,1,0
NCRB-SYNTH-109731,Trial Court,Sec 482 CrPC (Quashing),1,1,2,0,1,1,0,1,0,0,0.4157,0,24,1,1,0.0565,7,1.1572,91.98,4426.27,0.1931,1,1,0,0,1,4,0,0,0,1,1,1,1,0,0,2,0.0479,0.0436,2,1,0
NCRB-SYNTH-109738,Trial Court,Trial Judgment,1,2,1,1,1,1,0,1,0,1,0.484,1,25,0,0,0.0837,5,1.1314,39.08,28293.61,0.0842,1,1,1,1,1,3,1,0,0,1,0,0,1,1,0,4,0.049,0.0305,2,1,0
NCRB-SYNTH-109741,High Court,Sec 482 CrPC (Quashing),1,5,2,0,1,0,0,1,0,1,0.68,1,79,0,0,0.0464,5,1.0732,37.49,29805.19,0.0289,1,0,1,1,1,2,1,1,1,0,0,1,1,0,1,2,0.0641,0.0583,2,0,1
NCRB-SYNTH-109742,Trial Court,Writ Petition (Detention),1,1,2,0,1,0,0,1,0,0,0.6775,0,97,0,0,0.0066,7,1.2189,168.97,31028.98,0.0236,1,0,0,1,1,2,0,0,0,1,0,0,0,0,0,3,0.094,0.0678,2,1,0
NCRB-SYNTH-109749,Trial Court,Sec 439 CrPC (Regular Bail),1,5,1,0,1,1,0,1,1,0,0.474,1,125,0,1,0.1197,3,1.142,177.3,24136.85,0.1045,1,1,1,1,0,3,1,0,0,1,1,0,0,0,0,2,0.0208,0.019,2,1,0
NCRB-SYNTH-109752,Trial Court,Sec 439 CrPC (Regular Bail),1,4,1,1,1,0,0,1,0,0,0.6747,1,106,1,1,0.0481,4,1.2436,91.87,3711.48,0.0192,1,1,0,1,1,2,0,0,0,1,1,1,1,1,0,3,0.0328,0.0236,2,1,0
NCRB-SYNTH-109759,Trial Court,Sec 482 CrPC (Quashing),1,5,2,0,1,0,0,1,0,0,0.5062,1,10,0,0,0.1008,6,1.0,40.52,34293.01,0.1833,1,0,1,1,0,4,1,1,1,0,1,1,0,1,0,4,0.0116,0.0072,2,0,0
NCRB-SYNTH-109762,Trial Court,Sec 482 CrPC (Quashing),1,2,1,0,1,0,1,1,0,0,0.5915,1,159,0,0,0.0734,2,1.0041,44.07,11639.56,0.0565,1,0,0,1,1,4,0,1,1,0,1,0,0,0,0,4,0.0906,0.0563,2,0,0
NCRB-SYNTH-109770,Trial Court,Sec 482 CrPC (Quashing),1,1,1,0,1,0,1,1,0,0,0.685,1,23,1,0,0.1005,1,1.0,118.99,6566.82,0.0854,1,0,1,1,1,4,0,0,0,1,1,0,1,0,0,3,0.0681,0.0492,2,1,0
NCRB-SYNTH-109773,Trial Court,Writ Petition (Detention),2,4,1,0,1,0,1,1,0,0,0.8777,1,77,0,1,0.0596,7,1.044,37.12,4240.31,0.1516,1,1,0,1,1,3,0,0,0,1,1,1,0,0,0,4,0.0848,0.0527,2,1,0
NCRB-SYNTH-109787,Trial Court,Sec 439 CrPC (Regular Bail),7,4,2,0,1,1,1,1,0,0,0.4802,1,125,0,0,0.0906,4,1.0292,54.27,13030.86,0.055,1,1,1,1,0,1,0,0,0,1,1,0,1,1,0,3,0.0597,0.0431,2,1,0
NCRB-SYNTH-109790,Trial Court,Sec 482 CrPC (Quashing),7,3,2,0,1,0,0,1,1,0,0.7955,1,21,1,1,0.1064,8,1.0734,77.19,35704.94,0.0973,1,0,1,1,1,5,0,1,1,0,1,0,0,0,0,4,0.0715,0.0444,2,1,1
NCRB-SYNTH-109793,Trial Court,Trial Judgment,1,4,2,1,1,1,0,1,0,0,0.4694,1,104,0,1,0.0948,2,1.0886,36.51,29057.99,0.0702,1,1,0,1,1,3,0,0,0,1,1,0,1,0,0,3,0.0794,0.0573,2,1,0
NCRB-SYNTH-109803,High Court,Sec 439 CrPC (Regular Bail),2,5,2,0,1,1,0,1,0,0,0.9681,1,145,0,0,0.0504,5,1.0,81.2,40188.9,0.1408,0,0,1,1,1,1,0,0,0,1,0,0,0,0,0,1,0.0798,0.1151,2,1,0
NCRB-SYNTH-109811,Trial Court,Sec 439 CrPC (Regular Bail),1,4,1,0,1,0,0,1,0,0,0.5119,1,182,0,0,0.099,5,1.2025,143.35,38490.78,0.1635,1,1,0,1,0,4,1,0,0,1,1,0,1,1,0,1,0.0256,0.0369,2,1,0
NCRB-SYNTH-109824,Trial Court,Sec 482 CrPC (Quashing),4,1,2,0,1,0,0,1,0,1,0.7717,1,167,0,0,0.0328,6,1.0,38.07,27503.76,0.1617,1,0,1,1,0,1,1,0,0,1,1,0,1,0,1,3,0.0767,0.0553,0,1,0
NCRB-SYNTH-109833,Trial Court,Sec 439 CrPC (Regular Bail),1,4,1,0,1,1,0,1,1,0,0.7445,1,41,0,1,0.1088,9,1.3949,41.46,42017.57,0.1805,1,0,1,1,0,3,1,1,1,0,1,1,1,0,1,1,0.0519,0.0749,0,1,1
NCRB-SYNTH-109835,Trial Court,Sec 482 CrPC (Quashing),1,5,2,0,1,0,1,1,0,1,0.8026,1,136,1,1,0.117,7,1.1945,112.04,42558.4,0.1682,1,0,1,1,0,1,1,1,1,0,1,1,0,0,0,4,0.0999,0.0621,2,0,1
NCRB-SYNTH-109836,High Court,Sec 482 CrPC (Quashing),1,1,2,0,1,0,1,1,0,0,0.6938,1,115,1,1,0.0937,7,1.2665,160.02,20554.7,0.1091,1,1,1,1,0,2,1,0,0,1,0,0,0,0,0,2,0.0292,0.0265,2,1,0
NCRB-SYNTH-109845,Trial Court,Sec 439 CrPC (Regular Bail),1,2,2,1,1,0,0,1,0,0,0.514,1,141,0,1,0.0485,6,1.1014,54.8,24680.23,0.1316,1,1,1,0,0,3,0,0,0,1,0,0,1,0,1,3,0.0696,0.0502,2,1,0
NCRB-SYNTH-109853,High Court,Sec 482 CrPC (Quashing),2,1,1,0,1,1,0,1,0,0,0.7565,1,63,0,0,0.1325,2,1.1358,145.22,8206.36,0.0774,1,0,1,1,1,4,1,1,1,0,1,0,1,0,0,3,0.028,0.0202,0,1,1
NCRB-SYNTH-109857,Trial Court,Sec 439 CrPC (Regular Bail),21,4,1,0,1,0,0,1,1,0,0.4435,1,156,0,0,0.1056,3,1.1438,113.59,40733.66,0.003,1,1,1,1,0,3,0,0,0,1,1,1,0,0,0,1,0.0424,0.0612,2,1,0
NCRB-SYNTH-109860,High Court,Writ Petition (Detention),2,2,1,1,1,0,0,1,0,1,0.5693,1,46,0,1,0.0805,8,1.3328,47.6,19196.57,0.1392,1,1,0,1,1,3,0,0,0,1,1,1,1,0,0,1,0.0305,0.044,2,1,0
NCRB-SYNTH-109866,Trial Court,Writ Petition (Detention),1,4,1,0,1,1,0,1,0,0,0.7913,1,131,0,0,0.0835,3,1.0934,85.56,42863.99,0.1453,1,1,1,1,0,3,1,0,0,1,1,0,1,0,0,3,0.0891,0.0643,2,1,0
NCRB-SYNTH-109868,Trial Court,Trial Judgment,21,4,2,0,1,0,0,1,0,0,0.4633,1,159,1,1,0.0704,6,1.2786,136.15,10309.55,0.0659,1,0,1,1,1,3,0,1,1,0,0,0,0,0,0,2,0.0671,0.0611,2,0,0
NCRB-SYNTH-109870,Trial Court,Sec 439 CrPC (Regular Bail),1,1,1,0,1,0,0,1,0,0,0.8351,1,86,0,0,0.1206,5,1.0637,156.84,33403.24,0.0963,1,1,1,1,1,1,1,0,0,1,0,1,0,0,0,3,0.0449,0.0324,2,1,0
NCRB-SYNTH-109876,Trial Court,Sec 439 CrPC (Regular Bail),1,2,2,0,1,0,1,1,0,0,0.8221,1,171,1,1,0.0818,8,1.2255,69.77,44008.1,0.0282,1,1,1,1,1,5,0,0,0,1,0,0,1,0,0,2,0.0226,0.0206,2,1,0
NCRB-SYNTH-109877,Trial Court,Sec 439 CrPC (Regular Bail),2,2,1,0,1,0,1,1,0,0,0.7667,1,67,0,0,0.0982,3,1.1589,47.98,21518.25,0.0833,1,1,1,0,1,2,0,0,0,1,1,0,0,0,0,3,0.0475,0.0343,2,1,0
NCRB-SYNTH-109885,Trial Court,Writ Petition (Detention),4,2,1,0,1,0,0,1,0,0,0.5935,1,118,0,1,0.0569,1,1.0895,171.8,40016.47,0.0195,1,1,1,0,1,2,0,0,0,1,1,1,0,0,1,3,0.0448,0.0323,2,1,0
NCRB-SYNTH-109889,Trial Court,Sec 439 CrPC (Regular Bail),4,3,1,0,1,1,1,1,0,0,0.8612,1,39,0,0,0.0852,1,1.0,120.05,43421.82,0.0262,1,1,1,0,1,1,1,0,0,1,1,0,0,0,0,4,0.0795,0.0494,2,1,0
NCRB-SYNTH-109892,High Court,Writ Petition (Detention),1,3,1,0,1,0,0,1,0,1,0.6758,1,35,1,1,0.0937,7,1.0814,122.08,30874.29,0.1831,1,1,1,1,0,2,0,0,0,1,0,0,1,0,0,2,0.0532,0.0484,2,1,0
NCRB-SYNTH-109896,Trial Court,Sec 439 CrPC (Regular Bail),1,1,1,0,1,0,0,1,0,1,0.8321,1,158,0,0,0.1289,3,1.1294,120.34,23276.29,0.1168,0,1,1,1,0,3,1,0,0,1,1,0,1,0,0,3,0.0204,0.0147,2,1,0
NCRB-SYNTH-109900,Trial Court,Sec 439 CrPC (Regular Bail),15,2,2,0,1,0,0,1,1,1,0.409,0,110,0,0,0.1191,9,1.1685,43.1,39164.37,0.1372,1,1,1,1,1,1,0,0,0,1,0,0,0,1,0,2,0.0701,0.0638,2,1,0
NCRB-SYNTH-109901,High Court,Trial Judgment,2,2,2,0,1,0,0,1,0,0,0.9152,1,42,1,0,0.0968,8,1.1288,86.17,42299.87,0.0462,1,1,1,1,1,5,1,0,0,1,0,0,0,1,0,3,0.0352,0.0254,2,1,0
NCRB-SYNTH-109903,High Court,Sec 439 CrPC (Regular Bail),4,5,1,0,1,0,1,1,1,0,0.7289,1,166,0,0,0.0564,6,1.0517,80.48,9176.62,0.0143,1,1,1,1,0,1,1,0,0,1,1,1,0,0,0,2,0.0446,0.0406,2,1,0
NCRB-SYNTH-109908,Trial Court,Writ Petition (Detention),1,4,1,0,1,0,1,1,0,0,0.8807,1,70,0,1,0.1372,6,1.0303,123.92,15905.38,0.1815,0,1,1,1,1,2,0,0,0,1,0,1,1,0,0,1,0.0847,0.1223,2,1,0
NCRB-SYNTH-109909,Trial Court,Sec 439 CrPC (Regular Bail),15,1,1,0,1,1,1,1,0,0,0.7354,1,119,0,1,0.0736,1,1.1041,68.22,41398.19,0.195,0,1,1,1,1,2,0,0,0,1,1,0,0,0,1,1,0.0833,0.1202,0,1,0
NCRB-SYNTH-109910,Trial Court,Writ Petition (Detention),1,4,2,0,1,0,1,1,0,0,0.5928,0,113,0,0,0.0763,7,1.0,85.16,23061.46,0.1307,1,1,1,1,0,1,0,0,0,1,0,0,1,0,0,1,0.0395,0.057,2,1,0
NCRB-SYNTH-109913,Trial Court,Writ Petition (Detention),7,2,1,0,1,1,1,1,0,0,0.5399,1,135,1,0,0.0446,2,1.0,50.0,30840.1,0.0665,0,1,1,1,0,2,1,0,0,1,1,1,1,0,0,2,0.0998,0.0909,0,1,0
NCRB-SYNTH-109917,Trial Court,Writ Petition (Detention),7,5,1,0,1,1,1,1,0,1,0.495,0,136,1,1,0.0759,7,1.2886,173.73,42548.72,0.1529,1,0,1,1,0,3,1,1,1,0,1,0,1,0,0,1,0.0802,0.1157,0,0,0
NCRB-SYNTH-109919,High Court,Sec 439 CrPC (Regular Bail),1,1,1,0,1,0,1,1,0,1,0.8539,1,108,0,0,0.0947,8,1.1136,101.24,40545.1,0.0447,1,1,1,1,1,4,0,0,0,1,1,0,0,0,1,3,0.0849,0.0613,2,1,0
NCRB-SYNTH-109926,Trial Court,Writ Petition (Detention),4,3,2,0,1,0,0,1,0,0,0.7941,0,164,1,1,0.0409,4,1.1341,154.79,40005.4,0.0527,1,1,1,1,1,2,0,0,0,1,1,1,0,0,1,4,0.0633,0.0393,2,1,0
NCRB-SYNTH-109932,Trial Court,Sec 482 CrPC (Quashing),7,3,1,0,1,0,0,1,0,0,0.7958,1,42,0,1,0.0864,6,1.2118,130.97,6447.2,0.179,1,1,1,1,0,1,0,0,0,1,1,0,1,0,0,2,0.0478,0.0435,2,1,0
NCRB-SYNTH-109934,High Court,Trial Judgment,7,4,1,0,1,1,0,1,0,0,0.395,1,74,0,1,0.103,8,1.005,32.31,19601.1,0.1524,1,1,1,1,1,2,0,0,0,1,1,0,1,0,0,3,0.0344,0.0248,0,1,0
NCRB-SYNTH-109936,Trial Court,Sec 439 CrPC (Regular Bail),1,2,1,0,1,1,0,1,0,1,0.7304,1,31,0,0,0.1364,3,1.1921,84.33,23967.59,0.1593,1,1,1,1,1,3,1,0,0,1,1,1,1,0,1,2,0.0527,0.048,0,1,0
NCRB-SYNTH-109942,Trial Court,Writ Petition (Detention),2,4,2,0,1,0,0,1,0,1,0.7448,1,169,0,1,0.0643,3,1.041,118.26,13370.9,0.1979,1,1,1,1,0,1,0,0,0,1,1,1,1,0,0,1,0.0185,0.0267,2,1,0
NCRB-SYNTH-109943,Trial Court,Writ Petition (Detention),2,3,1,0,1,0,0,1,1,1,0.6435,1,170,1,1,0.0851,9,1.0004,82.07,41992.62,0.1761,1,0,0,0,1,4,0,1,1,0,1,0,1,0,0,2,0.0359,0.0327,2,0,0
NCRB-SYNTH-109955,Trial Court,Sec 439 CrPC (Regular Bail),1,5,1,0,1,0,0,1,0,1,0.8604,1,104,0,0,0.0676,3,1.0,120.0,40615.72,0.1369,1,1,0,0,0,3,1,0,0,1,1,0,1,0,0,2,0.0924,0.0841,2,1,0
NCRB-SYNTH-109968,Trial Court,Trial Judgment,2,2,2,0,1,0,0,1,0,0,0.879,1,132,0,0,0.0829,9,1.1477,83.32,18036.84,0.0898,1,0,0,1,1,4,0,1,1,0,1,1,0,1,1,1,0.0558,0.0805,0,1,1
NCRB-SYNTH-109970,Trial Court,Writ Petition (Detention),1,1,2,0,1,0,1,1,1,1,0.5563,1,96,0,0,0.0545,2,1.218,166.03,15736.11,0.0261,1,1,0,0,0,2,1,0,0,1,1,1,0,0,0,4,0.0573,0.0356,2,1,0
NCRB-SYNTH-109971,High Court,Sec 439 CrPC (Regular Bail),2,5,2,1,1,1,1,1,0,0,0.7133,1,88,0,0,0.0266,4,1.0472,83.46,34946.39,0.1778,1,1,1,1,1,5,0,0,0,1,1,1,0,0,0,4,0.0278,0.0173,2,1,0
NCRB-SYNTH-109974,Trial Court,Sec 439 CrPC (Regular Bail),1,1,2,0,1,1,0,1,0,1,0.5533,1,114,1,1,0.094,2,1.1033,154.2,27868.61,0.0287,1,1,1,1,1,1,1,0,0,1,0,0,1,0,0,3,0.0627,0.0453,2,1,0
NCRB-SYNTH-109976,Trial Court,Sec 439 CrPC (Regular Bail),1,5,1,0,1,1,1,1,0,1,0.8622,1,19,0,1,0.0854,4,1.0,135.86,4388.3,0.0967,1,0,1,1,1,2,1,1,1,0,1,1,1,0,0,4,0.0601,0.0373,2,0,1
NCRB-SYNTH-109989,Trial Court,Trial Judgment,1,5,2,0,1,0,1,1,0,0,0.5937,1,81,0,0,0.0784,4,1.3427,169.48,40111.95,0.1387,1,1,1,1,0,1,0,0,0,1,1,1,1,0,0,1,0.085,0.1226,2,1,0
NCRB-SYNTH-109995,Trial Court,Sec 439 CrPC (Regular Bail),7,5,2,0,1,0,0,1,0,0,0.6313,1,168,0,0,0.121,6,1.0345,70.74,9487.47,0.0207,1,0,1,1,1,2,1,0,0,1,1,0,1,0,0,3,0.0562,0.0406,2,1,0
NCRB-SYNTH-110003,Trial Court,Trial Judgment,2,5,2,0,1,0,1,1,0,0,0.4479,1,64,1,1,0.1319,3,1.1137,51.27,6512.75,0.1099,1,1,1,0,1,3,0,0,0,1,1,0,0,1,0,3,0.0893,0.0644,2,1,0
NCRB-SYNTH-110007,Trial Court,Sec 482 CrPC (Quashing),7,4,1,0,1,1,0,1,0,0,0.5357,1,80,1,0,0.1113,2,1.1836,67.55,6977.69,0.0367,1,1,0,0,1,1,1,0,0,1,0,0,0,0,0,4,0.0851,0.0528,2,1,0
NCRB-SYNTH-110016,Trial Court,Sec 439 CrPC (Regular Bail),7,2,2,0,1,0,0,1,0,1,0.5825,1,162,1,1,0.002,4,1.1115,102.21,3234.03,0.0627,1,0,1,1,1,3,1,1,1,0,1,1,1,0,0,3,0.0571,0.0412,0,0,0
NCRB-SYNTH-110017,Trial Court,Sec 439 CrPC (Regular Bail),15,3,1,0,1,0,0,1,0,0,0.631,0,63,0,0,0.0531,9,1.0,148.45,25051.73,0.086,1,1,1,1,1,5,0,0,0,1,0,0,1,0,0,3,0.047,0.0339,0,1,0
NCRB-SYNTH-110019,Trial Court,Sec 482 CrPC (Quashing),1,3,2,0,1,1,0,1,0,0,0.7706,1,164,0,0,0.1164,8,1.1863,168.75,38855.59,0.1277,1,1,1,1,1,3,0,0,0,1,0,0,1,0,0,4,0.0723,0.0449,2,1,0
NCRB-SYNTH-110021,Trial Court,Sec 439 CrPC (Regular Bail),21,4,2,1,1,0,0,1,0,0,0.672,1,41,1,1,0.0342,9,1.0242,89.52,29319.71,0.1079,1,1,1,1,0,3,0,0,0,1,0,0,1,0,1,2,0.0878,0.08,2,1,0
NCRB-SYNTH-110022,Trial Court,Writ Petition (Detention),2,3,2,0,1,0,0,1,0,1,0.7704,1,172,0,0,0.0,1,1.1453,55.77,21669.9,0.1175,1,1,1,1,0,3,1,0,0,1,1,1,1,0,1,4,0.0698,0.0434,2,1,0
NCRB-SYNTH-110024,Trial Court,Writ Petition (Detention),1,3,2,0,1,1,0,1,0,1,0.8691,1,73,0,0,0.032,9,1.1039,126.45,13291.67,0.0131,1,1,1,1,1,3,1,0,0,1,1,1,1,0,0,3,0.0599,0.0432,2,1,0
NCRB-SYNTH-110026,Trial Court,Sec 482 CrPC (Quashing),1,3,2,0,1,1,0,1,0,1,0.6184,1,169,0,0,0.0716,9,1.1538,158.54,5573.2,0.1925,0,0,1,1,0,5,0,1,1,0,1,0,1,0,0,3,0.0471,0.034,2,0,0
NCRB-SYNTH-110031,Trial Court,Sec 439 CrPC (Regular Bail),15,3,1,0,1,1,0,1,0,0,0.5159,0,63,1,1,0.0852,8,1.0296,126.34,19514.42,0.0062,1,0,1,1,1,1,0,1,1,0,0,0,0,1,0,2,0.0456,0.0415,2,0,0
NCRB-SYNTH-110040,High Court,Trial Judgment,2,1,2,0,1,0,0,1,1,0,0.8126,1,56,1,1,0.1633,3,1.0,146.67,31098.72,0.1516,1,0,0,1,0,4,1,1,1,0,1,0,0,0,0,3,0.0331,0.0239,2,1,1
NCRB-SYNTH-110042,Trial Court,Sec 482 CrPC (Quashing),1,2,1,0,1,0,0,1,1,1,0.7667,1,26,0,0,0.0,9,1.0,113.12,6652.84,0.1841,1,1,0,1,1,3,0,0,0,1,1,0,0,1,0,2,0.0194,0.0176,2,1,0
NCRB-SYNTH-110048,Trial Court,Sec 439 CrPC (Regular Bail),27,3,1,0,1,1,0,1,1,1,0.8564,1,143,0,0,0.1611,6,1.0,156.42,17644.57,0.0324,1,1,1,0,1,2,0,0,0,1,1,1,1,0,0,2,0.0738,0.0672,2,1,0
NCRB-SYNTH-110062,Trial Court,Writ Petition (Detention),4,2,1,0,1,0,0,1,0,1,0.5077,1,21,1,0,0.0912,9,1.3017,43.08,22527.42,0.1461,1,0,1,1,0,1,0,0,0,1,0,0,1,0,0,1,0.0407,0.0587,0,1,0
NCRB-SYNTH-110065,Trial Court,Trial Judgment,21,5,1,0,1,0,1,1,0,1,0.7751,1,55,0,0,0.0704,2,1.1313,157.03,10712.32,0.1781,1,0,1,1,0,3,0,0,0,1,1,1,1,0,0,4,0.0988,0.0614,0,1,0
NCRB-SYNTH-110079,Trial Court,Sec 439 CrPC (Regular Bail),2,4,2,0,1,0,0,1,0,0,0.6234,1,140,0,0,0.1002,7,1.0014,170.96,30797.69,0.065,1,1,1,0,0,2,0,0,0,1,0,0,1,0,1,2,0.0711,0.0647,2,1,0
NCRB-SYNTH-110085,Trial Court,Sec 439 CrPC (Regular Bail),1,3,1,0,1,1,1,1,0,0,0.5721,1,24,1,1,0.0,5,1.0568,129.25,9374.38,0.0382,1,1,1,1,0,1,0,0,0,1,1,0,1,0,0,3,0.0586,0.0423,2,1,0
NCRB-SYNTH-110092,Trial Court,Sec 439 CrPC (Regular Bail),1,2,2,0,1,0,0,1,0,0,0.6114,1,83,0,1,0.1293,7,1.1293,155.31,17313.32,0.0124,1,1,1,1,0,2,1,0,0,1,1,0,1,0,0,3,0.0445,0.0321,2,1,0
NCRB-SYNTH-110100,Trial Court,Sec 482 CrPC (Quashing),1,5,1,0,1,0,1,1,0,0,0.916,0,150,0,0,0.1236,6,1.1264,129.37,8677.47,0.1928,1,1,1,1,1,5,0,0,0,1,0,1,1,1,0,4,0.0597,0.0371,2,1,0
NCRB-SYNTH-110110,Trial Court,Sec 439 CrPC (Regular Bail),2,1,2,0,1,0,1,1,0,0,0.4817,1,52,1,1,0.0069,9,1.0,102.05,42175.85,0.1274,1,1,1,1,1,2,1,0,0,1,1,0,0,0,1,3,0.0146,0.0105,2,1,0
NCRB-SYNTH-110112,High Court,Trial Judgment,21,2,2,0,1,1,1,1,0,0,0.7739,1,127,0,0,0.1062,3,1.2709,177.16,9294.87,0.1687,1,1,1,1,1,4,1,0,0,1,1,0,1,0,0,4,0.0393,0.0244,2,1,0
NCRB-SYNTH-110115,Trial Court,Writ Petition (Detention),1,4,2,0,1,0,0,1,0,0,0.4653,1,91,0,0,0.0931,6,1.0215,166.28,19276.04,0.1708,0,0,1,1,0,2,0,0,0,1,1,0,0,0,0,3,0.0653,0.0471,2,1,0
NCRB-SYNTH-110116,Trial Court,Sec 439 CrPC (Regular Bail),1,5,1,1,1,0,0,1,0,1,0.8204,1,105,0,1,0.0319,6,1.2378,59.03,9997.63,0.1797,1,0,1,0,1,1,0,1,1,0,1,1,1,1,0,3,0.0198,0.0143,0,1,1
NCRB-SYNTH-110117,High Court,Trial Judgment,7,3,2,0,1,0,1,1,0,0,0.7761,1,136,1,1,0.0288,1,1.2104,148.95,5018.46,0.0529,1,1,1,1,1,1,1,0,0,1,1,0,1,0,1,3,0.0492,0.0355,2,1,0
NCRB-SYNTH-110119,High Court,Sec 482 CrPC (Quashing),2,3,1,0,1,0,0,1,0,1,0.4121,1,51,0,0,0.0565,2,1.0968,38.9,11806.51,0.1452,1,1,1,1,1,2,0,0,0,1,1,1,0,1,1,3,0.0825,0.0595,2,1,0
NCRB-SYNTH-110121,Trial Court,Trial Judgment,4,3,1,0,1,0,0,1,0,0,0.5829,1,123,1,1,0.1284,2,1.3023,34.14,18810.19,0.1813,1,1,1,1,1,2,0,0,0,1,0,0,0,1,0,3,0.0769,0.0555,2,1,0
NCRB-SYNTH-110125,Trial Court,Trial Judgment,1,2,1,0,1,0,1,1,0,1,0.7427,1,149,0,0,0.1595,9,1.0,153.23,6390.92,0.0412,1,0,1,1,1,2,1,1,1,0,1,0,0,0,0,2,0.0679,0.0618,2,0,1
NCRB-SYNTH-110135,Trial Court,Sec 439 CrPC (Regular Bail),1,3,1,0,1,1,1,1,0,0,0.6361,0,101,0,0,0.0421,2,1.0907,40.74,22646.62,0.0827,1,1,1,1,1,1,0,0,0,1,1,0,0,0,0,4,0.0158,0.0098,2,1,0
NCRB-SYNTH-110136,High Court,Writ Petition (Detention),1,5,1,0,1,1,0,1,0,1,0.7409,1,114,0,0,0.0601,2,1.0,140.07,33899.81,0.0854,0,0,1,1,1,2,0,1,1,0,0,0,0,0,0,4,0.0871,0.0541,2,0,1
NCRB-SYNTH-110137,Trial Court,Sec 482 CrPC (Quashing),1,5,2,0,1,0,1,1,0,1,0.4289,0,130,0,0,0.0411,3,1.1416,98.97,29495.96,0.0035,1,0,1,1,1,1,1,0,0,1,1,0,0,0,0,3,0.074,0.0533,0,1,0
NCRB-SYNTH-110141,High Court,Writ Petition (Detention),4,2,1,0,1,0,1,1,0,0,0.7255,1,63,0,0,0.1234,9,1.088,147.36,6311.58,0.0805,1,1,0,1,0,2,0,0,0,1,1,1,0,0,0,3,0.0171,0.0124,2,1,0
NCRB-SYNTH-110154,Trial Court,Sec 439 CrPC (Regular Bail),1,3,2,1,1,1,1,1,0,0,0.5458,1,64,1,1,0.1096,9,1.1256,96.62,4335.88,0.0835,1,1,1,0,1,2,0,0,0,1,1,0,0,0,0,2,0.0285,0.026,2,1,0
NCRB-SYNTH-110166,Trial Court,Sec 439 CrPC (Regular Bail),1,3,1,0,1,0,1,1,1,0,0.7358,1,110,0,0,0.0892,5,1.0,40.41,42503.98,0.0537,1,0,1,0,0,1,1,1,1,0,0,0,0,0,1,3,0.0454,0.0327,2,1,1
NCRB-SYNTH-110172,High Court,Sec 439 CrPC (Regular Bail),1,5,2,0,1,0,0,1,0,0,0.6808,0,177,1,1,0.0838,7,1.2413,120.61,6701.82,0.0631,1,1,1,1,0,2,0,0,0,1,1,1,0,1,1,2,0.0335,0.0305,2,1,0
NCRB-SYNTH-110175,Trial Court,Sec 482 CrPC (Quashing),1,4,2,0,1,0,0,1,0,0,0.7417,1,166,0,0,0.0627,2,1.0782,48.89,39568.28,0.1211,1,1,1,1,0,3,1,0,0,1,1,0,1,0,0,4,0.044,0.0274,2,1,0
NCRB-SYNTH-110176,Trial Court,Writ Petition (Detention),4,3,1,0,1,0,0,1,0,0,0.8088,0,67,0,0,0.0544,3,1.135,157.68,43959.62,0.0501,0,0,1,1,0,3,1,1,1,0,1,0,1,0,0,2,0.0233,0.0212,2,0,1
NCRB-SYNTH-110189,Trial Court,Sec 439 CrPC (Regular Bail),1,2,2,0,1,0,1,1,1,1,0.925,1,91,1,0,0.0936,2,1.0,161.44,42024.07,0.188,1,1,1,1,1,1,1,0,0,1,1,1,0,0,0,1,0.055,0.0793,2,1,0
NCRB-SYNTH-110190,Trial Court,Sec 439 CrPC (Regular Bail),1,3,2,1,1,0,0,1,0,1,0.9243,1,42,1,1,0.1404,1,1.0107,32.93,15141.37,0.0779,1,1,1,1,1,2,0,0,0,1,1,0,0,0,1,1,0.0376,0.0543,2,1,0
NCRB-SYNTH-110193,Trial Court,Trial Judgment,1,1,1,0,1,0,1,1,0,0,0.877,1,117,0,0,0.1133,2,1.0,47.75,5269.41,0.1499,1,1,1,1,0,2,0,0,0,1,1,0,1,0,0,3,0.0238,0.0172,2,1,0
NCRB-SYNTH-110202,Trial Court,Sec 439 CrPC (Regular Bail),4,3,2,0,1,1,0,1,0,0,0.9305,0,141,0,1,0.0851,4,1.1898,111.18,10151.92,0.0894,1,0,1,1,0,1,0,0,0,1,1,0,1,0,0,1,0.0353,0.051,2,1,0
NCRB-SYNTH-110205,Trial Court,Sec 439 CrPC (Regular Bail),27,2,2,0,1,0,0,1,1,0,0.8954,1,108,0,0,0.0539,7,1.1866,151.16,24510.6,0.0147,1,0,1,1,0,2,1,0,0,1,1,0,1,0,0,3,0.0568,0.041,2,1,0
NCRB-SYNTH-110208,Trial Court,Sec 439 CrPC (Regular Bail),1,5,1,0,1,0,0,1,0,0,0.85,1,65,1,1,0.0254,2,1.0782,112.53,6006.74,0.1612,1,1,1,0,1,3,1,0,0,1,0,0,0,0,0,3,0.0554,0.04,2,1,0
NCRB-SYNTH-110209,Trial Court,Sec 439 CrPC (Regular Bail),27,2,2,0,1,1,0,1,1,0,0.5448,0,165,0,0,0.1061,1,1.0099,56.9,33971.16,0.0503,1,0,1,0,1,2,0,1,1,0,1,1,0,0,0,3,0.0933,0.0673,0,1,0
NCRB-SYNTH-110213,High Court,Sec 482 CrPC (Quashing),1,3,1,1,1,1,0,1,0,0,0.5864,1,125,0,0,0.1089,2,1.0521,87.98,41562.39,0.024,1,0,1,1,1,3,1,0,0,1,1,0,1,0,0,3,0.0336,0.0242,2,1,0
NCRB-SYNTH-110220,Trial Court,Trial Judgment,21,4,2,0,1,1,0,1,1,1,0.8268,1,140,1,1,0.0608,2,1.0678,155.82,25697.91,0.1299,1,0,1,1,1,3,0,1,1,0,1,0,0,0,0,4,0.0562,0.0349,2,0,1
NCRB-SYNTH-110225,Trial Court,Sec 439 CrPC (Regular Bail),1,3,1,0,1,0,0,1,0,0,0.5903,1,148,1,1,0.0449,1,1.3271,51.13,17051.81,0.0971,1,0,0,1,1,1,1,1,1,0,1,0,0,0,0,3,0.0655,0.0473,2,1,0
NCRB-SYNTH-110229,Trial Court,Sec 482 CrPC (Quashing),7,5,1,1,1,0,0,1,0,0,0.6089,1,148,0,0,0.0074,6,1.2728,131.26,21126.94,0.0908,1,0,1,1,1,5,0,0,0,1,1,1,0,1,0,2,0.0436,0.0397,2,1,0
NCRB-SYNTH-110247,Trial Court,Writ Petition (Detention),2,3,1,0,1,0,0,1,1,1,0.4575,1,169,1,1,0.0566,8,1.0587,44.54,14990.72,0.1072,1,1,1,1,0,2,0,0,0,1,1,0,0,1,1,2,0.0834,0.0759,2,1,0
NCRB-SYNTH-110250,High Court,Sec 482 CrPC (Quashing),2,5,2,0,1,0,1,1,0,0,0.4763,1,67,0,0,0.0493,5,1.1475,51.51,24311.62,0.1234,1,0,1,0,0,6,0,1,1,0,1,0,1,0,0,4,0.087,0.0541,2,1,0
NCRB-SYNTH-110253,High Court,Sec 439 CrPC (Regular Bail),7,4,2,0,1,0,0,1,0,1,0.6752,1,107,0,0,0.0885,7,1.0,91.95,44054.76,0.1935,0,1,1,1,0,2,0,0,0,1,0,0,0,0,1,2,0.0478,0.0435,2,1,0
NCRB-SYNTH-110256,Trial Court,Sec 482 CrPC (Quashing),1,5,1,0,1,0,1,1,0,0,0.8078,1,139,0,0,0.0716,8,1.1354,80.42,32299.39,0.0984,1,0,1,1,1,3,0,1,1,0,1,0,0,0,0,4,0.0483,0.03,0,1,1
NCRB-SYNTH-110260,Trial Court,Writ Petition (Detention),1,4,2,0,1,1,0,1,0,0,0.6199,1,166,0,0,0.0,5,1.2502,172.93,19403.69,0.0146,0,0,1,0,1,4,0,1,1,0,1,0,1,1,0,1,0.0461,0.0666,2,0,0
NCRB-SYNTH-110266,High Court,Sec 439 CrPC (Regular Bail),2,1,1,0,1,0,0,1,0,0,0.9202,1,114,0,0,0.0552,2,1.2,54.53,15197.97,0.1641,1,1,1,1,1,2,0,0,0,1,0,0,1,0,0,1,0.0543,0.0783,2,1,0
NCRB-SYNTH-110274,High Court,Writ Petition (Detention),2,1,2,0,1,1,0,1,0,0,0.3955,1,155,1,1,0.1094,4,1.1202,120.39,4853.08,0.0454,1,1,0,1,1,4,0,0,0,1,1,0,0,0,0,2,0.0754,0.0686,2,1,0
NCRB-SYNTH-110285,High Court,Sec 439 CrPC (Regular Bail),1,1,1,0,1,0,1,1,0,1,0.9266,1,143,0,1,0.1363,6,1.1539,92.57,13949.4,0.0403,1,1,1,1,1,5,1,0,0,1,1,1,0,1,0,3,0.0568,0.0409,2,1,0
NCRB-SYNTH-110286,Trial Court,Sec 482 CrPC (Quashing),1,5,1,0,1,0,0,1,1,0,0.702,1,175,0,0,0.0883,5,1.1206,155.79,25603.94,0.1898,1,0,1,1,1,4,0,1,1,0,1,0,0,0,0,3,0.0396,0.0285,2,0,1
NCRB-SYNTH-110288,High Court,Sec 439 CrPC (Regular Bail),7,5,1,0,1,0,0,1,0,0,0.5651,1,76,0,0,0.1698,6,1.2076,75.8,31359.65,0.0732,1,0,1,1,0,1,0,1,1,0,1,1,0,0,0,2,0.0151,0.0138,0,1,0
NCRB-SYNTH-110290,Trial Court,Writ Petition (Detention),1,1,2,0,1,0,1,1,0,1,0.666,1,154,1,1,0.102,6,1.253,113.31,6745.0,0.0859,1,1,1,1,0,4,1,0,0,1,1,0,0,0,0,1,0.0152,0.0219,2,1,0
NCRB-SYNTH-110292,Trial Court,Sec 482 CrPC (Quashing),1,2,1,0,1,0,1,1,0,0,0.821,1,130,0,1,0.081,9,1.2596,42.96,6972.57,0.0325,0,1,1,1,0,3,0,0,0,1,1,0,0,0,0,1,0.0503,0.0726,0,1,0
NCRB-SYNTH-110299,Trial Court,Sec 482 CrPC (Quashing),4,2,1,0,1,0,0,1,0,0,0.7077,1,116,0,0,0.0612,5,1.0,34.49,19137.63,0.1947,1,1,1,1,1,2,0,0,0,1,1,0,0,0,0,3,0.0815,0.0588,2,1,0
NCRB-SYNTH-110303,Trial Court,Sec 439 CrPC (Regular Bail),27,2,2,0,1,0,0,1,0,0,0.5367,1,11,0,0,0.0624,5,1.1227,142.11,24282.68,0.0858,0,0,0,1,1,3,0,0,0,1,0,1,1,0,1,3,0.0742,0.0536,2,1,0
NCRB-SYNTH-110314,Trial Court,Sec 439 CrPC (Regular Bail),45,3,2,0,1,0,1,1,0,0,0.8608,1,52,0,0,0.0802,2,1.2029,34.57,11285.29,0.01,1,1,1,1,0,1,1,0,0,1,0,0,0,0,1,2,0.0449,0.0409,2,1,0
NCRB-SYNTH-110320,High Court,Writ Petition (Detention),15,4,2,0,1,0,1,1,0,1,0.8735,1,109,1,0,0.0992,5,1.1369,33.51,5070.28,0.0371,1,0,1,1,1,5,0,0,0,1,1,0,0,0,1,1,0.0232,0.0335,0,1,0
NCRB-SYNTH-110324,Trial Court,Sec 439 CrPC (Regular Bail),4,1,1,0,1,0,0,1,1,1,0.7418,1,143,1,1,0.119,4,1.0241,60.3,44489.43,0.0122,1,1,1,1,1,5,0,0,0,1,1,0,1,1,0,4,0.0702,0.0436,2,1,0
NCRB-SYNTH-110325,Trial Court,Writ Petition (Detention),2,3,2,0,1,0,0,1,0,0,0.8453,1,128,0,1,0.0876,9,1.1886,102.75,4752.85,0.0401,1,1,0,1,0,3,0,0,0,1,1,0,1,0,0,1,0.0741,0.107,2,1,0
NCRB-SYNTH-110333,Trial Court,Trial Judgment,1,4,1,0,1,0,1,1,0,0,0.6864,1,82,0,1,0.1387,1,1.1439,60.84,9110.65,0.0947,1,1,1,1,1,1,0,0,0,1,1,1,0,0,0,1,0.0874,0.1261,0,1,0
NCRB-SYNTH-110335,Trial Court,Trial Judgment,15,4,1,0,1,1,0,1,1,0,0.4458,1,20,1,1,0.0788,9,1.204,117.9,22865.05,0.1834,1,0,1,1,1,4,0,1,1,0,0,1,0,1,0,1,0.0967,0.1395,2,0,0
NCRB-SYNTH-110341,Trial Court,Sec 439 CrPC (Regular Bail),45,5,1,0,1,0,0,1,0,0,0.5789,1,51,1,1,0.0046,7,1.1873,89.21,9429.61,0.1747,1,1,1,1,0,1,0,0,0,1,0,0,1,0,0,3,0.0236,0.0171,2,1,0
NCRB-SYNTH-110343,High Court,Sec 439 CrPC (Regular Bail),15,5,1,0,1,0,0,1,0,0,0.5321,1,115,1,1,0.035,1,1.0,158.47,29769.16,0.0034,1,0,1,1,1,3,0,0,0,1,0,0,0,0,0,3,0.0377,0.0272,0,1,0
NCRB-SYNTH-110353,Trial Court,Sec 439 CrPC (Regular Bail),1,5,1,0,1,0,0,1,0,0,0.8963,1,132,0,0,0.072,9,1.0,133.37,32168.24,0.0167,1,1,0,1,1,2,0,0,0,1,1,0,0,0,1,3,0.0699,0.0504,2,1,0
NCRB-SYNTH-110356,Trial Court,Sec 439 CrPC (Regular Bail),1,5,1,0,1,0,0,1,0,1,0.4222,1,53,0,0,0.0637,3,1.3059,91.15,10154.71,0.0631,1,1,1,1,1,3,0,0,0,1,1,0,1,0,0,4,0.0357,0.0222,2,1,0
NCRB-SYNTH-110359,Trial Court,Sec 439 CrPC (Regular Bail),1,4,2,0,1,0,0,1,0,1,0.6899,1,167,0,0,0.0028,5,1.1644,133.12,8577.1,0.0071,1,0,1,0,1,2,0,1,1,0,1,0,1,0,0,1,0.0402,0.058,2,1,1
NCRB-SYNTH-110365,High Court,Trial Judgment,1,3,1,0,1,0,0,1,0,1,0.7321,1,175,0,0,0.0828,3,1.164,102.0,21485.83,0.1869,1,1,1,0,0,2,1,0,0,1,1,0,0,0,0,2,0.0488,0.0444,2,1,0
NCRB-SYNTH-110377,Trial Court,Sec 439 CrPC (Regular Bail),1,3,2,0,1,0,1,1,0,0,0.7887,1,84,1,1,0.0623,6,1.0,134.94,28370.32,0.0135,1,1,1,1,0,2,0,0,0,1,1,0,1,0,1,2,0.0416,0.0378,2,1,0
NCRB-SYNTH-110386,Trial Court,Sec 439 CrPC (Regular Bail),27,2,2,0,1,0,0,1,0,0,0.8703,1,148,0,0,0.0154,2,1.0224,38.54,13780.02,0.1793,1,1,0,1,1,2,1,0,0,1,1,1,0,0,0,1,0.0134,0.0194,2,1,0
NCRB-SYNTH-110387,Trial Court,Sec 439 CrPC (Regular Bail),1,3,1,0,1,0,0,1,0,0,0.6248,1,97,0,0,0.0497,4,1.1775,105.46,36408.91,0.0398,1,1,0,1,1,3,1,0,0,1,1,1,0,0,1,1,0.084,0.1212,2,1,0
NCRB-SYNTH-110395,Trial Court,Sec 439 CrPC (Regular Bail),1,2,2,0,1,0,0,1,0,0,0.5566,1,84,1,1,0.0994,1,1.0,77.99,35544.66,0.1861,1,1,1,1,0,3,0,0,0,1,1,0,0,1,0,1,0.0845,0.1219,2,1,0
NCRB-SYNTH-110401,High Court,Sec 439 CrPC (Regular Bail),7,2,1,0,1,0,0,1,1,1,0.9391,1,129,0,1,0.1386,4,1.1644,80.76,15692.52,0.1235,0,1,0,1,1,3,1,0,0,1,0,0,0,0,0,2,0.0782,0.0712,2,1,0
NCRB-SYNTH-110403,Trial Court,Writ Petition (Detention),1,1,2,0,1,0,0,1,1,0,0.6512,1,81,1,1,0.1271,6,1.0,113.79,6971.55,0.1179,1,1,1,1,0,3,0,0,0,1,1,1,0,1,1,4,0.0178,0.0111,2,1,0
NCRB-SYNTH-110404,Trial Court,Sec 482 CrPC (Quashing),1,1,1,0,1,0,0,1,0,1,0.928,1,167,0,0,0.0554,8,1.1457,164.08,42705.79,0.0732,1,1,0,1,1,1,0,0,0,1,1,0,0,0,1,1,0.0292,0.0421,2,1,0
NCRB-SYNTH-110406,High Court,Writ Petition (Detention),1,3,2,0,1,1,0,1,0,0,0.5344,1,73,0,0,0.0723,6,1.0,71.23,22252.31,0.1729,1,0,1,1,1,1,0,0,0,1,0,0,0,1,1,3,0.0763,0.0551,0,1,0
NCRB-SYNTH-110410,Trial Court,Sec 439 CrPC (Regular Bail),1,2,2,0,1,0,0,1,0,0,0.4138,0,21,1,1,0.1559,5,1.0336,158.73,22665.27,0.168,0,1,0,0,1,3,0,0,0,1,1,0,1,0,1,4,0.0606,0.0376,0,1,0
NCRB-SYNTH-110418,Trial Court,Sec 482 CrPC (Quashing),21,2,1,0,1,1,1,1,0,0,0.838,1,66,0,1,0.0707,6,1.2034,54.22,22617.67,0.1779,1,1,1,0,1,5,1,0,0,1,1,0,1,0,1,3,0.0479,0.0346,0,1,0
NCRB-SYNTH-110421,Trial Court,Trial Judgment,1,1,2,0,1,0,0,1,0,1,0.6993,1,149,1,1,0.0366,9,1.0568,117.2,17839.64,0.1309,1,1,1,1,1,1,0,0,0,1,1,1,0,1,0,1,0.0967,0.1395,2,1,0
NCRB-SYNTH-110429,Trial Court,Sec 439 CrPC (Regular Bail),1,4,2,0,1,0,0,1,0,0,0.8234,1,128,0,0,0.0873,1,1.0,154.21,38842.35,0.0812,1,1,1,0,1,4,0,0,0,1,1,0,0,0,0,1,0.0615,0.0888,2,1,0
NCRB-SYNTH-110431,Trial Court,Sec 439 CrPC (Regular Bail),1,4,1,0,1,0,1,1,0,1,0.4365,1,69,0,0,0.0493,6,1.0,30.75,10031.48,0.0083,1,1,1,1,0,2,1,0,0,1,1,0,0,0,0,3,0.0129,0.0093,2,1,0
NCRB-SYNTH-110432,Trial Court,Sec 482 CrPC (Quashing),1,5,2,0,1,0,1,1,1,1,0.7155,1,30,1,1,0.0965,3,1.1034,103.61,38105.36,0.0618,1,1,1,1,1,1,0,0,0,1,0,1,0,0,0,4,0.0601,0.0374,2,1,0
NCRB-SYNTH-110459,High Court,Sec 439 CrPC (Regular Bail),2,3,1,0,1,1,0,1,0,0,0.4644,0,55,0,0,0.0769,3,1.2903,83.56,37435.24,0.1478,1,1,1,0,0,2,1,0,0,1,1,1,1,0,0,3,0.0283,0.0204,0,1,0
NCRB-SYNTH-110465,Trial Court,Sec 439 CrPC (Regular Bail),7,3,2,0,1,0,1,1,0,0,0.5408,1,27,1,1,0.0578,5,1.0,144.8,4841.7,0.0365,1,1,1,1,0,2,0,0,0,1,0,1,0,0,0,2,0.0352,0.032,2,1,0
NCRB-SYNTH-110474,Trial Court,Sec 439 CrPC (Regular Bail),2,2,2,0,1,1,0,1,0,1,0.401,1,46,0,0,0.0644,5,1.0,113.78,25752.31,0.0522,1,1,0,1,1,1,1,0,0,1,1,0,0,0,0,3,0.0319,0.023,2,1,0
NCRB-SYNTH-110478,Trial Court,Sec 482 CrPC (Quashing),45,3,1,0,1,0,0,1,0,1,0.7539,1,93,0,0,0.1061,2,1.0883,145.47,4986.59,0.0491,1,0,0,1,1,3,0,1,1,0,1,0,1,0,1,1,0.028,0.0404,2,1,1
NCRB-SYNTH-110485,Trial Court,Sec 439 CrPC (Regular Bail),1,4,2,0,1,0,0,1,0,0,0.6358,1,146,1,1,0.1575,9,1.2087,84.05,26244.27,0.1893,1,0,1,1,1,4,1,0,0,1,0,0,0,0,0,1,0.0277,0.04,0,1,0
NCRB-SYNTH-110487,Trial Court,Sec 439 CrPC (Regular Bail),1,3,2,0,1,0,1,1,0,0,0.4228,0,129,0,0,0.1124,3,1.1358,130.38,15340.22,0.0124,1,0,0,1,1,3,0,1,1,0,1,0,1,0,0,1,0.063,0.0908,2,0,0
NCRB-SYNTH-110492,Trial Court,Sec 439 CrPC (Regular Bail),2,3,1,0,1,0,1,1,0,0,0.5471,1,15,0,1,0.0669,6,1.1202,76.81,27993.86,0.1574,1,1,1,1,1,4,1,0,0,1,1,1,0,0,0,3,0.0791,0.0571,2,1,0
NCRB-SYNTH-110494,Trial Court,Trial Judgment,1,3,1,0,1,0,0,1,0,0,0.7855,1,159,1,1,0.0984,9,1.1079,79.14,19380.5,0.1045,1,1,0,0,1,3,1,0,0,1,0,1,1,0,1,4,0.0878,0.0546,2,1,0
NCRB-SYNTH-110496,Trial Court,Trial Judgment,2,4,2,0,1,0,1,1,0,0,0.7001,0,32,1,0,0.0341,6,1.1138,157.3,24193.76,0.1507,1,1,1,1,1,2,1,0,0,1,1,0,1,0,0,1,0.0678,0.0978,0,1,0
NCRB-SYNTH-110500,Trial Court,Trial Judgment,1,2,1,0,1,0,1,1,0,0,0.4222,1,18,1,1,0.0111,8,1.1184,79.58,22741.71,0.1919,1,1,1,0,1,4,0,0,0,1,1,1,0,0,1,2,0.0997,0.0908,2,1,0
NCRB-SYNTH-110501,Trial Court,Sec 439 CrPC (Regular Bail),2,5,2,0,1,0,1,1,0,0,0.5301,1,106,0,0,0.0122,7,1.0551,174.34,40728.61,0.0289,1,0,1,1,0,1,0,0,0,1,1,0,1,0,0,4,0.0773,0.048,2,1,0
NCRB-SYNTH-110502,Trial Court,Trial Judgment,1,5,2,0,1,1,0,1,0,1,0.8807,1,107,0,0,0.1249,3,1.3282,134.48,42918.57,0.0135,1,0,0,0,0,4,1,0,0,1,1,0,1,1,1,4,0.0378,0.0235,2,1,0
NCRB-SYNTH-110511,Trial Court,Sec 439 CrPC (Regular Bail),2,5,1,0,1,1,0,1,0,0,0.5763,1,156,1,1,0.1084,8,1.0553,55.44,19968.19,0.0262,1,1,1,0,1,3,0,0,0,1,1,1,1,0,0,1,0.061,0.0881,2,1,0
NCRB-SYNTH-110528,Trial Court,Sec 482 CrPC (Quashing),2,3,2,0,1,1,0,1,0,0,0.8312,1,130,0,0,0.0328,3,1.1414,150.09,33407.34,0.1497,1,0,0,0,1,1,1,0,0,1,1,0,1,1,1,4,0.0612,0.038,2,1,0
NCRB-SYNTH-110530,Trial Court,Sec 482 CrPC (Quashing),1,4,1,0,1,0,0,1,0,1,0.5275,1,169,1,1,0.1117,7,1.1168,72.94,22684.73,0.1587,1,0,1,1,0,2,1,1,1,0,1,0,0,0,0,3,0.0545,0.0393,0,1,0
NCRB-SYNTH-110534,Trial Court,Writ Petition (Detention),15,4,2,0,1,0,0,1,0,0,0.6522,1,131,0,0,0.0652,8,1.2056,66.66,30912.34,0.003,1,0,1,1,0,2,0,1,1,0,1,0,0,0,0,2,0.0231,0.021,2,0,1
NCRB-SYNTH-110538,High Court,Writ Petition (Detention),4,1,2,0,1,0,1,1,1,0,0.791,1,23,1,1,0.0396,3,1.0695,42.9,31440.95,0.0625,1,0,1,1,0,1,0,1,1,0,1,0,0,0,0,1,0.0601,0.0868,2,1,1
NCRB-SYNTH-110541,Trial Court,Writ Petition (Detention),1,3,1,0,1,0,0,1,0,0,0.3794,1,22,1,0,0.0267,5,1.0648,147.17,4195.69,0.19,1,1,1,1,0,2,0,0,0,1,0,0,1,0,0,3,0.0185,0.0134,2,1,0
NCRB-SYNTH-110550,High Court,Writ Petition (Detention),2,1,2,0,1,0,0,1,0,0,0.9474,1,102,1,1,0.0478,6,1.2658,153.66,4021.43,0.0202,1,1,1,0,0,2,1,0,0,1,1,0,0,1,0,4,0.0917,0.0569,0,1,0
NCRB-SYNTH-110557,Trial Court,Sec 439 CrPC (Regular Bail),1,5,2,1,1,1,0,1,0,0,0.4781,1,145,1,1,0.1404,7,1.0296,68.56,7366.51,0.1464,1,1,1,1,1,1,0,0,0,1,1,0,1,1,0,1,0.0366,0.0528,2,1,0
NCRB-SYNTH-110561,Trial Court,Sec 482 CrPC (Quashing),7,1,2,0,1,1,0,1,0,1,0.6775,0,96,0,1,0.0215,4,1.0789,111.53,41887.7,0.1436,1,1,0,1,1,1,1,0,0,1,1,1,0,0,0,4,0.0155,0.0096,2,1,0
NCRB-SYNTH-110563,Trial Court,Sec 482 CrPC (Quashing),1,2,2,0,1,0,0,1,0,1,0.5051,1,134,0,0,0.0801,4,1.0695,111.05,7783.25,0.0007,1,0,1,1,0,2,1,1,1,0,1,0,1,0,0,2,0.0831,0.0757,2,1,0
NCRB-SYNTH-110565,Trial Court,Sec 439 CrPC (Regular Bail),1,2,1,0,1,0,0,1,0,0,0.6897,1,45,1,1,0.0431,8,1.0141,60.92,7779.47,0.0336,1,1,1,1,1,5,0,0,0,1,0,0,1,0,0,2,0.0612,0.0557,2,1,0
NCRB-SYNTH-110579,Trial Court,Sec 439 CrPC (Regular Bail),2,5,2,0,1,0,0,1,1,1,0.5055,1,52,1,1,0.14,8,1.1597,34.79,10706.45,0.0658,1,0,1,1,1,2,0,1,1,0,1,0,0,0,0,2,0.0774,0.0704,2,1,0
NCRB-SYNTH-110587,Trial Court,Trial Judgment,1,4,1,0,1,1,0,1,0,0,0.5304,1,52,0,1,0.074,2,1.1061,104.25,26908.19,0.1535,0,1,1,1,0,4,0,0,0,1,1,1,1,0,0,1,0.0394,0.0569,2,1,0
NCRB-SYNTH-110590,High Court,Sec 439 CrPC (Regular Bail),1,2,2,0,1,0,0,1,0,0,0.44,1,59,1,1,0.0646,6,1.0407,41.37,24584.75,0.0033,1,1,0,1,1,5,0,0,0,1,1,0,0,0,1,4,0.0604,0.0375,0,1,0
NCRB-SYNTH-110599,Trial Court,Sec 482 CrPC (Quashing),1,2,2,0,1,0,1,1,0,1,0.7448,1,96,1,0,0.1248,3,1.08,66.97,13439.2,0.1658,1,0,1,0,1,3,0,0,0,1,1,1,0,1,0,4,0.0584,0.0363,2,1,0
NCRB-SYNTH-110601,Trial Court,Sec 482 CrPC (Quashing),2,2,2,1,1,0,1,1,0,0,0.5644,1,76,1,1,0.0018,8,1.1616,170.25,25003.26,0.1115,1,1,1,1,1,3,0,0,0,1,1,1,0,0,0,4,0.0465,0.0289,2,1,0
NCRB-SYNTH-110613,Trial Court,Writ Petition (Detention),4,2,1,0,1,1,0,1,0,0,0.825,1,121,1,1,0.1135,8,1.1759,85.89,43178.52,0.1395,1,0,1,0,1,3,1,1,1,0,0,1,0,0,0,4,0.0708,0.044,2,0,1
NCRB-SYNTH-110619,High Court,Writ Petition (Detention),4,3,1,0,1,1,0,1,0,0,0.7631,1,34,0,1,0.0585,5,1.0255,71.15,34063.17,0.01,1,1,1,1,1,3,0,0,0,1,1,0,0,0,1,2,0.0892,0.0812,2,1,0
NCRB-SYNTH-110620,High Court,Sec 482 CrPC (Quashing),1,5,2,0,1,0,0,1,0,0,0.4365,1,146,1,1,0.0837,1,1.0,64.64,19533.09,0.1355,0,1,1,1,1,1,0,0,0,1,1,1,1,0,0,1,0.0597,0.0861,2,1,0
NCRB-SYNTH-110646,Trial Court,Trial Judgment,1,5,2,0,1,0,0,1,0,0,0.6011,1,45,0,0,0.0923,6,1.1057,42.44,33118.57,0.0245,1,1,0,1,0,3,0,0,0,1,1,1,0,0,0,1,0.0108,0.0156,2,1,0
NCRB-SYNTH-110662,Trial Court,Writ Petition (Detention),1,3,2,0,1,0,0,1,1,0,0.8809,0,58,0,0,0.0588,5,1.0,145.99,36741.02,0.1164,0,1,1,1,0,1,0,0,0,1,1,0,1,0,0,2,0.0858,0.0781,2,1,0
NCRB-SYNTH-110666,Trial Court,Writ Petition (Detention),45,3,1,0,1,0,0,1,1,1,0.8076,1,84,1,1,0.1044,6,1.2961,30.71,21654.53,0.1578,1,1,0,1,0,3,0,0,0,1,1,0,0,0,0,3,0.0487,0.0351,2,1,0
NCRB-SYNTH-110667,Trial Court,Writ Petition (Detention),1,2,1,1,1,0,1,1,0,0,0.4305,0,155,0,0,0.1464,4,1.1066,41.11,37529.98,0.1212,1,1,1,1,1,1,1,0,0,1,1,1,0,0,1,2,0.0518,0.0471,2,1,0
NCRB-SYNTH-110670,Trial Court,Sec 439 CrPC (Regular Bail),1,2,2,0,1,0,0,1,1,0,0.5769,1,59,1,1,0.0246,8,1.0006,128.19,6152.87,0.0438,0,1,1,1,0,1,1,0,0,1,1,1,0,0,0,4,0.0905,0.0563,2,1,0
NCRB-SYNTH-110674,Trial Court,Sec 482 CrPC (Quashing),1,5,1,0,1,1,0,1,0,1,0.6191,1,166,0,0,0.0763,4,1.0569,163.17,19388.99,0.0532,1,1,1,1,0,3,0,0,0,1,1,1,1,0,0,1,0.0322,0.0465,2,1,0
NCRB-SYNTH-110675,Trial Court,Sec 482 CrPC (Quashing),1,3,1,0,1,1,0,1,0,1,0.7934,0,161,1,0,0.0569,6,1.0171,35.72,4112.97,0.1302,1,1,1,1,1,5,1,0,0,1,1,1,0,0,0,2,0.0178,0.0162,2,1,0
NCRB-SYNTH-110679,Trial Court,Writ Petition (Detention),1,3,1,1,1,0,0,1,0,1,0.7613,1,52,1,1,0.0646,3,1.1114,165.52,10937.08,0.0316,1,0,0,1,1,2,1,1,1,0,1,0,1,0,0,2,0.0786,0.0715,2,1,1
NCRB-SYNTH-110688,Trial Court,Sec 482 CrPC (Quashing),1,4,1,0,1,0,0,1,0,1,0.7168,1,109,1,1,0.0745,1,1.1244,123.66,17155.4,0.0847,1,1,1,1,1,1,0,0,0,1,0,1,1,1,0,4,0.0287,0.0179,0,1,0
NCRB-SYNTH-110692,Trial Court,Writ Petition (Detention),2,4,1,0,1,0,1,1,1,1,0.7507,1,51,1,0,0.0532,8,1.0672,128.49,34818.97,0.1577,1,0,1,1,1,1,0,1,1,0,1,1,0,0,0,1,0.0353,0.0509,2,1,1
NCRB-SYNTH-110694,High Court,Sec 439 CrPC (Regular Bail),1,4,2,0,1,0,0,1,0,0,0.4568,1,178,1,1,0.0231,3,1.0,173.54,31501.73,0.192,0,1,1,1,1,1,0,0,0,1,1,0,0,0,0,2,0.0279,0.0254,2,1,0
NCRB-SYNTH-110701,Trial Court,Writ Petition (Detention),2,4,1,0,1,1,0,1,0,0,0.5723,1,84,0,1,0.0652,8,1.0,62.57,36992.68,0.131,1,1,0,1,1,2,0,0,0,1,1,0,0,0,0,3,0.09,0.0649,2,1,0
NCRB-SYNTH-110703,Trial Court,Sec 439 CrPC (Regular Bail),15,2,1,0,1,1,0,1,0,1,0.6173,1,55,1,0,0.066,1,1.1384,84.96,12525.98,0.1812,1,1,1,1,0,1,0,0,0,1,1,0,1,1,0,4,0.0319,0.0198,2,1,0
NCRB-SYNTH-110705,Trial Court,Sec 439 CrPC (Regular Bail),4,5,2,0,1,0,0,1,0,0,0.8205,1,34,0,1,0.1143,4,1.2223,95.77,12071.29,0.1512,0,0,1,1,0,3,0,0,0,1,1,0,0,0,0,2,0.0726,0.0661,2,1,0
NCRB-SYNTH-110710,Trial Court,Sec 439 CrPC (Regular Bail),1,1,2,0,1,0,0,1,0,0,0.8694,0,41,0,0,0.0137,1,1.1176,134.31,34089.14,0.1248,1,1,1,1,0,1,0,0,0,1,0,0,1,0,0,2,0.0214,0.0195,2,1,0
NCRB-SYNTH-110716,Trial Court,Sec 482 CrPC (Quashing),1,1,2,0,1,0,1,1,0,0,0.7588,1,93,0,0,0.1196,7,1.0,62.82,8936.48,0.1754,1,1,1,1,1,1,1,0,0,1,1,1,1,0,0,2,0.0487,0.0444,2,1,0
NCRB-SYNTH-110718,Trial Court,Sec 482 CrPC (Quashing),4,5,2,0,1,0,0,1,0,1,0.7727,1,68,0,0,0.1119,1,1.0,58.51,3478.65,0.0211,0,0,1,1,0,6,0,0,0,1,0,0,1,0,0,3,0.0221,0.016,2,1,0
NCRB-SYNTH-110719,Trial Court,Writ Petition (Detention),4,5,2,0,1,0,1,1,0,1,0.5309,1,152,0,1,0.0684,4,1.1732,33.8,6690.04,0.0712,1,0,1,1,0,2,0,1,1,0,1,0,0,0,0,4,0.0105,0.0065,2,0,0
NCRB-SYNTH-110729,High Court,Sec 439 CrPC (Regular Bail),1,2,1,0,1,0,1,1,0,1,0.4512,0,68,0,0,0.1032,1,1.1601,122.05,31532.85,0.0666,1,1,1,1,0,3,1,0,0,1,1,0,0,0,0,4,0.0475,0.0295,2,1,0
NCRB-SYNTH-110740,Trial Court,Sec 439 CrPC (Regular Bail),2,2,1,0,1,1,1,1,0,0,0.507,1,32,1,1,0.1016,1,1.1204,133.61,37822.01,0.1199,1,1,1,1,0,5,0,0,0,1,1,1,0,0,0,3,0.0602,0.0434,0,1,0
NCRB-SYNTH-110741,Trial Court,Sec 482 CrPC (Quashing),21,1,1,0,1,0,1,1,0,0,0.8117,1,166,0,0,0.0551,5,1.0468,64.26,11075.78,0.0015,0,0,1,1,0,2,1,1,1,0,0,0,1,0,0,2,0.0726,0.0661,2,0,1
NCRB-SYNTH-110750,Trial Court,Sec 439 CrPC (Regular Bail),1,2,1,0,1,0,1,1,0,1,0.99,1,95,0,0,0.0,2,1.2798,119.64,27538.04,0.1624,1,0,1,1,1,1,1,1,1,0,0,0,0,0,0,2,0.0465,0.0423,2,0,1
NCRB-SYNTH-110755,Trial Court,Sec 439 CrPC (Regular Bail),1,3,1,0,1,0,0,1,0,0,0.4814,1,170,0,0,0.1259,5,1.0,100.45,10190.13,0.1318,1,1,1,1,1,2,0,0,0,1,1,1,0,0,0,1,0.0263,0.038,2,1,0
NCRB-SYNTH-110757,Trial Court,Sec 439 CrPC (Regular Bail),4,2,1,0,1,1,1,1,0,0,0.9053,1,134,0,0,0.0861,3,1.0907,69.4,14137.11,0.1163,1,0,1,1,0,3,0,1,1,0,1,0,0,0,0,2,0.0658,0.0599,0,0,1
NCRB-SYNTH-110761,Trial Court,Writ Petition (Detention),1,1,2,1,1,0,0,1,0,1,0.706,1,145,0,0,0.032,3,1.0793,87.39,40004.47,0.0999,1,1,0,1,1,1,1,0,0,1,0,1,1,0,0,1,0.0136,0.0197,2,1,0
NCRB-SYNTH-110776,Trial Court,Sec 439 CrPC (Regular Bail),2,5,1,0,1,1,0,1,0,0,0.4924,1,64,1,1,0.0766,5,1.0,136.51,43362.23,0.1006,1,1,1,1,1,1,0,0,0,1,1,0,0,0,0,4,0.0307,0.0191,2,1,0
NCRB-SYNTH-110786,Trial Court,Writ Petition (Detention),1,4,1,0,1,1,0,1,0,1,0.9384,1,143,1,1,0.0,9,1.0912,111.31,12058.02,0.0519,1,0,1,1,1,4,0,1,1,0,1,0,1,0,1,1,0.0276,0.0397,2,0,1
NCRB-SYNTH-110788,High Court,Sec 439 CrPC (Regular Bail),27,5,1,0,1,1,1,1,0,1,0.5726,1,121,1,0,0.1426,7,1.0,113.42,20054.15,0.104,1,1,0,1,0,2,1,0,0,1,1,1,0,0,1,4,0.0987,0.0613,2,1,0
NCRB-SYNTH-110794,Trial Court,Sec 482 CrPC (Quashing),2,1,1,0,1,0,0,1,0,1,0.6474,1,74,0,0,0.0955,9,1.1225,100.78,29469.94,0.1169,1,1,1,0,1,2,1,0,0,1,0,1,0,0,0,1,0.0527,0.076,2,1,0
NCRB-SYNTH-110795,High Court,Writ Petition (Detention),1,1,1,0,1,0,0,1,0,0,0.7476,1,156,1,1,0.0798,9,1.0632,160.13,4986.2,0.0365,1,1,1,1,1,2,0,0,0,1,0,0,1,0,0,4,0.0894,0.0555,2,1,0
NCRB-SYNTH-110800,Trial Court,Trial Judgment,2,5,2,0,1,1,1,1,0,0,0.8171,1,75,0,0,0.1148,1,1.1967,166.69,22744.75,0.0001,1,0,1,1,0,2,1,0,0,1,1,1,0,0,1,4,0.0911,0.0566,2,1,0
NCRB-SYNTH-110803,High Court,Sec 439 CrPC (Regular Bail),1,4,2,1,1,1,0,1,0,1,0.8856,1,88,0,0,0.0616,2,1.0667,81.42,43676.85,0.013,1,1,0,1,1,3,1,0,0,1,0,1,0,0,0,3,0.0327,0.0236,2,1,0
NCRB-SYNTH-110806,Trial Court,Sec 482 CrPC (Quashing),2,4,2,0,1,0,0,1,0,1,0.8512,1,130,1,1,0.0588,3,1.077,39.4,26036.28,0.1343,1,1,0,1,1,1,1,0,0,1,1,1,1,0,0,4,0.0405,0.0252,2,1,0
NCRB-SYNTH-110813,Trial Court,Writ Petition (Detention),1,4,1,0,1,1,0,1,0,1,0.6253,1,134,1,1,0.0,7,1.1156,85.01,34834.7,0.1087,1,1,1,1,1,3,0,0,0,1,1,0,1,0,1,3,0.0676,0.0488,2,1,0
NCRB-SYNTH-110822,Trial Court,Sec 439 CrPC (Regular Bail),1,2,1,0,1,0,0,1,0,1,0.5719,1,65,0,0,0.1932,5,1.039,81.4,12911.94,0.0375,1,1,1,1,1,5,0,0,0,1,1,0,1,0,0,1,0.0676,0.0975,2,1,0
NCRB-SYNTH-110824,Trial Court,Trial Judgment,1,2,1,0,1,1,0,1,1,0,0.8637,1,48,0,0,0.1046,7,1.0053,92.19,7957.26,0.0874,1,1,1,1,1,1,1,0,0,1,1,0,1,0,0,2,0.0514,0.0467,2,1,0
NCRB-SYNTH-110827,Trial Court,Sec 439 CrPC (Regular Bail),4,4,1,0,1,0,1,1,0,0,0.4072,1,125,0,0,0.116,9,1.1769,164.36,26189.36,0.1829,1,1,1,1,1,2,0,0,0,1,1,0,1,0,0,4,0.0144,0.009,2,1,0
NCRB-SYNTH-110832,Trial Court,Trial Judgment,7,2,1,0,1,0,1,1,0,1,0.5218,1,108,1,1,0.0774,3,1.2213,148.72,42877.8,0.0993,1,0,1,1,1,2,1,0,0,1,0,0,0,0,0,1,0.0871,0.1256,2,1,0
NCRB-SYNTH-110845,Trial Court,Writ Petition (Detention),4,4,2,0,1,0,0,1,0,1,0.686,1,30,1,1,0.0,5,1.0109,61.64,33250.43,0.1119,1,1,1,1,1,3,1,0,0,1,1,0,0,0,0,4,0.0995,0.0618,2,1,0
NCRB-SYNTH-110850,High Court,Sec 439 CrPC (Regular Bail),1,1,2,0,1,0,1,1,0,1,0.7364,1,165,0,0,0.0444,4,1.0,159.01,3188.2,0.1029,1,0,1,1,0,2,1,1,1,0,1,0,1,0,0,2,0.0421,0.0383,2,0,1
NCRB-SYNTH-110858,Trial Court,Sec 439 CrPC (Regular Bail),1,1,2,0,1,1,0,1,0,1,0.8044,1,100,0,0,0.1121,4,1.1245,126.81,23288.46,0.1379,1,0,1,1,1,4,1,1,1,0,1,1,0,0,1,1,0.096,0.1385,2,1,1
NCRB-SYNTH-110863,Trial Court,Sec 439 CrPC (Regular Bail),1,4,1,0,1,0,0,1,0,0,0.3855,1,88,1,1,0.1696,4,1.0,85.92,35391.86,0.1307,1,1,1,1,1,3,1,0,0,1,1,1,1,0,1,3,0.0323,0.0233,2,1,0
NCRB-SYNTH-110865,Trial Court,Writ Petition (Detention),45,4,1,0,1,1,1,1,0,0,0.5685,0,161,1,1,0.0473,6,1.3031,137.02,12058.02,0.0701,0,1,1,1,0,3,1,0,0,1,0,1,1,1,1,3,0.0809,0.0583,2,1,0
NCRB-SYNTH-110867,High Court,Sec 439 CrPC (Regular Bail),4,3,2,0,1,0,0,1,0,1,0.4404,1,64,1,1,0.2005,1,1.19,163.4,12146.08,0.1162,1,1,1,1,1,2,0,0,0,1,1,1,1,0,0,1,0.0519,0.0748,2,1,0
NCRB-SYNTH-110871,Trial Court,Sec 439 CrPC (Regular Bail),1,1,1,0,1,0,1,1,0,1,0.6944,1,140,1,1,0.1447,6,1.0,132.86,17132.34,0.1481,1,1,1,1,0,2,1,0,0,1,1,0,1,0,1,4,0.0645,0.0401,0,1,0
NCRB-SYNTH-110879,Trial Court,Sec 439 CrPC (Regular Bail),7,5,2,0,1,1,0,1,0,0,0.5536,1,152,0,1,0.0,1,1.0,97.31,22777.03,0.0788,0,1,1,1,1,3,0,0,0,1,0,0,0,0,0,3,0.0612,0.0441,0,1,0
NCRB-SYNTH-110882,Trial Court,Sec 439 CrPC (Regular Bail),15,2,1,0,1,0,1,1,0,1,0.6753,0,41,0,0,0.0405,8,1.2161,83.78,21584.29,0.0952,1,1,1,1,0,3,0,0,0,1,1,0,0,0,0,4,0.0257,0.016,2,1,0
NCRB-SYNTH-110887,Trial Court,Sec 439 CrPC (Regular Bail),1,5,2,0,1,1,0,1,0,0,0.5373,0,105,0,0,0.076,9,1.2102,121.23,7484.44,0.0222,1,1,1,1,0,2,0,0,0,1,1,0,0,0,0,3,0.0126,0.0091,2,1,0
NCRB-SYNTH-110890,Trial Court,Sec 439 CrPC (Regular Bail),45,3,2,0,1,1,0,1,0,1,0.4838,0,72,1,1,0.0153,9,1.2119,128.69,31198.28,0.0853,1,1,0,1,0,1,0,0,0,1,1,0,1,0,0,3,0.0226,0.0163,2,1,0
NCRB-SYNTH-110892,Trial Court,Writ Petition (Detention),1,2,1,0,1,0,1,1,1,0,0.84,1,56,1,1,0.1172,7,1.2336,56.92,23566.53,0.078,1,1,1,1,1,3,0,0,0,1,1,0,1,1,0,4,0.0681,0.0423,2,1,0
NCRB-SYNTH-110896,Trial Court,Sec 482 CrPC (Quashing),27,3,2,0,1,0,1,1,0,0,0.6964,1,36,0,1,0.1275,9,1.213,48.9,12222.67,0.1896,1,1,1,1,0,5,0,0,0,1,1,0,1,1,0,3,0.0591,0.0426,2,1,0
NCRB-SYNTH-110897,Trial Court,Sec 439 CrPC (Regular Bail),7,2,2,0,1,0,1,1,0,0,0.4374,1,29,0,0,0.0833,3,1.2292,76.53,17401.9,0.018,1,0,0,1,1,3,1,0,0,1,1,1,1,0,1,4,0.0927,0.0576,2,1,0
NCRB-SYNTH-110899,Trial Court,Trial Judgment,2,4,2,0,1,0,1,1,0,0,0.7827,0,21,0,0,0.0502,3,1.1939,44.5,17974.39,0.018,1,0,1,0,0,2,1,1,1,0,1,0,0,0,0,2,0.0786,0.0715,2,0,1
NCRB-SYNTH-110911,Trial Court,Writ Petition (Detention),27,2,1,0,1,0,0,1,0,0,0.6969,1,59,0,0,0.0907,2,1.0644,141.62,36868.56,0.1713,1,1,1,1,0,1,1,0,0,1,1,0,1,0,0,4,0.0816,0.0507,2,1,0
NCRB-SYNTH-110916,Trial Court,Sec 439 CrPC (Regular Bail),1,2,2,0,1,0,0,1,0,0,0.6458,0,164,0,1,0.0732,6,1.1103,175.36,9530.29,0.1197,0,1,1,1,1,2,1,0,0,1,1,0,1,1,0,1,0.0704,0.1016,2,1,0
NCRB-SYNTH-110917,High Court,Sec 482 CrPC (Quashing),1,3,2,0,1,0,0,1,0,1,0.4753,1,121,1,1,0.0316,6,1.0494,75.03,22448.17,0.0636,1,1,1,0,0,1,0,0,0,1,1,0,1,0,0,2,0.071,0.0646,2,1,0
NCRB-SYNTH-110924,High Court,Writ Petition (Detention),1,4,2,0,1,0,0,1,0,1,0.813,1,72,1,0,0.1082,1,1.2167,142.85,8207.75,0.1555,1,1,1,1,1,3,0,0,0,1,1,0,0,0,0,1,0.0852,0.1229,2,1,0
NCRB-SYNTH-110936,Trial Court,Sec 439 CrPC (Regular Bail),7,1,1,0,1,1,0,1,1,0,0.8671,1,175,0,0,0.082,3,1.1692,72.39,7636.18,0.0793,1,1,1,1,1,2,1,0,0,1,1,0,1,0,0,4,0.0994,0.0618,2,1,0
NCRB-SYNTH-110938,Trial Court,Sec 439 CrPC (Regular Bail),7,3,1,0,1,0,0,1,0,1,0.3918,1,171,1,1,0.0648,9,1.2722,110.29,30020.53,0.1089,1,1,0,0,1,3,0,0,0,1,1,1,0,0,1,4,0.0789,0.049,0,1,0
NCRB-SYNTH-110939,Trial Court,Writ Petition (Detention),4,5,2,0,1,0,0,1,0,0,0.6927,1,17,0,0,0.1487,2,1.0275,137.9,38437.11,0.0761,1,1,1,1,1,1,1,0,0,1,1,0,1,0,0,2,0.0634,0.0577,2,1,0
NCRB-SYNTH-110940,Trial Court,Sec 439 CrPC (Regular Bail),7,4,2,0,1,1,1,1,0,0,0.7127,1,83,0,0,0.0,7,1.2015,157.54,35200.88,0.0151,0,1,1,1,1,2,0,0,0,1,1,0,1,1,0,4,0.0648,0.0403,2,1,0
NCRB-SYNTH-110947,Trial Court,Sec 439 CrPC (Regular Bail),2,4,2,0,1,0,1,1,1,1,0.5828,1,51,0,0,0.1785,9,1.2609,128.41,6317.68,0.1351,1,0,1,1,1,1,0,0,0,1,1,0,1,0,0,3,0.0824,0.0594,2,1,0
NCRB-SYNTH-110951,Trial Court,Trial Judgment,15,4,2,0,1,0,0,1,0,0,0.912,1,74,1,1,0.0435,4,1.0,95.94,27491.73,0.0715,0,1,1,0,1,1,0,0,0,1,0,0,0,0,1,2,0.0968,0.0881,2,1,0
NCRB-SYNTH-110954,High Court,Writ Petition (Detention),7,5,1,0,1,0,0,1,0,0,0.4332,1,52,0,0,0.0562,6,1.2269,175.96,33928.62,0.1314,1,1,1,1,1,4,0,0,0,1,1,0,0,0,0,4,0.0552,0.0343,2,1,0
NCRB-SYNTH-110966,High Court,Sec 439 CrPC (Regular Bail),1,3,2,0,1,0,0,1,0,1,0.5466,1,69,0,0,0.0703,3,1.2016,48.08,8850.38,0.0264,1,1,1,1,1,3,0,0,0,1,1,0,0,1,0,1,0.0135,0.0195,2,1,0
NCRB-SYNTH-110967,Trial Court,Sec 482 CrPC (Quashing),1,5,2,0,1,0,0,1,1,0,0.8032,1,152,0,0,0.0391,8,1.3382,65.87,7577.33,0.036,1,1,1,1,0,2,0,0,0,1,0,0,0,0,0,1,0.0392,0.0565,2,1,0
NCRB-SYNTH-110970,Trial Court,Sec 482 CrPC (Quashing),2,4,1,0,1,0,0,1,0,0,0.5413,1,117,1,1,0.1077,4,1.1581,54.28,24798.47,0.1105,1,0,1,1,1,1,0,1,1,0,1,0,1,0,1,2,0.0577,0.0525,0,0,0
NCRB-SYNTH-110987,High Court,Sec 439 CrPC (Regular Bail),1,3,1,0,1,0,1,1,0,0,0.8553,1,107,0,0,0.0989,8,1.0623,60.65,4538.91,0.0705,0,1,1,1,1,2,0,0,0,1,0,0,0,0,0,4,0.0981,0.0609,2,1,0
NCRB-SYNTH-110988,High Court,Sec 439 CrPC (Regular Bail),1,3,2,0,1,0,0,1,0,0,0.7411,1,174,0,0,0.0095,7,1.0,126.1,20642.55,0.0357,1,1,1,1,0,2,0,0,0,1,1,0,1,0,0,4,0.0385,0.0239,2,1,0
NCRB-SYNTH-111002,High Court,Writ Petition (Detention),1,5,2,0,1,0,0,1,0,0,0.4644,0,111,0,1,0.1267,8,1.0789,35.83,21444.26,0.0543,1,0,0,1,0,6,1,0,0,1,1,1,1,0,0,4,0.0474,0.0295,0,1,0
NCRB-SYNTH-111005,Trial Court,Trial Judgment,15,2,2,0,1,0,1,1,0,1,0.5689,1,71,1,1,0.1426,2,1.0,69.59,44421.8,0.0149,1,1,1,1,1,1,0,0,0,1,0,0,1,0,0,3,0.0212,0.0153,2,1,0
NCRB-SYNTH-111022,Trial Court,Sec 439 CrPC (Regular Bail),1,3,1,0,1,1,0,1,0,0,0.6527,1,17,0,0,0.0406,8,1.1071,34.47,32947.98,0.0627,1,1,0,1,0,3,0,0,0,1,1,0,0,0,0,4,0.0358,0.0222,2,1,0
NCRB-SYNTH-111027,Trial Court,Sec 439 CrPC (Regular Bail),1,1,2,0,1,1,1,1,0,0,0.9525,1,173,0,1,0.1924,9,1.1323,47.57,22170.17,0.1901,1,1,1,1,1,2,0,0,0,1,1,0,0,1,0,1,0.0271,0.039,0,1,0
NCRB-SYNTH-111030,Trial Court,Sec 439 CrPC (Regular Bail),4,5,1,0,1,0,0,1,0,0,0.8536,1,86,0,0,0.1034,1,1.0259,69.75,33504.65,0.1272,1,1,1,1,1,1,0,0,0,1,1,0,1,0,1,3,0.0669,0.0483,0,1,0
NCRB-SYNTH-111032,Trial Court,Sec 482 CrPC (Quashing),1,4,1,0,1,0,0,1,0,0,0.9335,1,130,0,0,0.107,6,1.0,117.88,35627.1,0.0833,1,0,1,1,0,1,0,0,0,1,1,1,0,0,0,1,0.0332,0.0479,2,1,0
NCRB-SYNTH-111047,Trial Court,Sec 439 CrPC (Regular Bail),21,2,1,0,1,1,1,1,0,1,0.8459,1,51,0,0,0.1326,8,1.0983,137.15,33343.16,0.0482,0,0,1,0,0,5,0,1,1,0,1,1,0,0,0,3,0.0873,0.063,2,0,1
NCRB-SYNTH-111050,High Court,Sec 482 CrPC (Quashing),1,5,1,0,1,0,0,1,0,0,0.569,1,168,1,0,0.0217,6,1.1772,43.28,29660.84,0.0742,1,0,0,1,0,3,0,0,0,1,1,0,0,0,0,4,0.0307,0.0191,0,1,0
NCRB-SYNTH-111051,High Court,Trial Judgment,1,2,1,0,1,0,0,1,0,0,0.8027,1,170,1,0,0.0889,5,1.0537,152.83,26275.26,0.0439,1,0,1,1,1,1,0,0,0,1,0,0,0,0,1,1,0.071,0.1024,2,1,0
NCRB-SYNTH-111052,Trial Court,Writ Petition (Detention),7,4,2,0,1,0,0,1,0,0,0.9391,1,67,0,0,0.1092,8,1.0167,161.53,3959.42,0.1922,1,1,1,1,1,2,1,0,0,1,1,0,1,1,0,1,0.0503,0.0726,2,1,0
NCRB-SYNTH-111059,High Court,Sec 482 CrPC (Quashing),21,1,1,0,1,0,1,1,0,1,0.7213,1,64,1,1,0.0892,5,1.112,137.58,3715.03,0.0243,1,0,1,1,1,2,1,1,1,0,1,0,0,0,0,1,0.0442,0.0638,2,1,1
NCRB-SYNTH-111062,Trial Court,Sec 439 CrPC (Regular Bail),1,2,1,0,1,0,0,1,0,0,0.4196,1,168,1,1,0.0,2,1.2543,166.9,25942.28,0.0887,0,0,1,1,1,2,1,0,0,1,1,1,1,0,0,4,0.0758,0.0471,2,1,0
NCRB-SYNTH-111065,High Court,Sec 482 CrPC (Quashing),4,1,1,1,1,0,0,1,1,0,0.3775,0,130,0,0,0.153,3,1.0633,173.93,20220.61,0.0138,0,1,1,1,1,5,0,0,0,1,1,0,1,1,1,4,0.0744,0.0462,0,1,0
NCRB-SYNTH-111066,Trial Court,Sec 482 CrPC (Quashing),1,1,2,0,1,0,0,1,0,1,0.4825,1,168,0,0,0.0007,5,1.185,144.26,39924.05,0.1037,1,1,1,1,0,3,0,0,0,1,1,0,0,0,0,1,0.077,0.1111,0,1,0
NCRB-SYNTH-111067,Trial Court,Sec 482 CrPC (Quashing),2,1,2,0,1,0,0,1,0,0,0.6734,1,172,1,1,0.0961,3,1.1609,132.72,21232.7,0.0539,1,1,1,1,1,3,1,0,0,1,0,0,1,0,1,1,0.0935,0.135,2,1,0
NCRB-SYNTH-111074,Trial Court,Trial Judgment,4,2,2,0,1,0,0,1,0,0,0.758,1,29,0,0,0.0,7,1.1397,42.09,42847.35,0.0728,1,1,1,1,0,1,1,0,0,1,1,1,1,0,0,2,0.0426,0.0388,2,1,0
NCRB-SYNTH-111079,Trial Court,Sec 439 CrPC (Regular Bail),1,3,2,0,1,0,0,1,0,1,0.3949,1,80,0,0,0.1298,1,1.094,148.21,43068.47,0.0788,1,1,1,1,0,2,1,0,0,1,1,1,1,0,1,2,0.0609,0.0554,2,1,0
NCRB-SYNTH-111093,Trial Court,Sec 482 CrPC (Quashing),1,3,1,1,1,1,0,1,0,1,0.3951,1,78,1,1,0.1265,8,1.2078,65.8,11393.24,0.0375,1,0,1,1,1,5,1,1,1,0,1,0,0,0,0,2,0.0621,0.0565,2,0,0
NCRB-SYNTH-111106,Trial Court,Writ Petition (Detention),2,3,2,0,1,0,0,1,0,1,0.5601,1,80,0,1,0.1369,1,1.0883,31.96,14212.86,0.007,1,0,1,1,1,1,1,0,0,1,1,1,1,0,0,4,0.0964,0.0599,2,1,0
NCRB-SYNTH-111113,High Court,Sec 482 CrPC (Quashing),27,4,1,0,1,0,0,1,0,0,0.8162,1,159,0,0,0.1822,5,1.0686,64.25,4859.66,0.0608,0,0,1,1,1,4,0,1,1,0,1,1,1,0,0,3,0.06,0.0433,2,0,1
NCRB-SYNTH-111125,Trial Court,Sec 439 CrPC (Regular Bail),1,5,2,0,1,0,1,1,0,1,0.8165,1,160,0,0,0.1072,2,1.0,156.09,21050.05,0.1395,1,1,0,1,1,1,1,0,0,1,0,0,1,0,0,1,0.0149,0.0214,2,1,0
NCRB-SYNTH-111136,Trial Court,Sec 439 CrPC (Regular Bail),1,2,2,0,1,0,1,1,0,1,0.4103,1,28,1,1,0.1507,5,1.0,162.27,10366.02,0.0582,1,0,1,1,0,1,0,0,0,1,1,0,1,1,0,1,0.0736,0.1062,0,1,0
NCRB-SYNTH-111145,Trial Court,Writ Petition (Detention),1,5,2,0,1,1,1,1,0,1,0.7331,1,159,1,0,0.0607,6,1.0108,137.07,30668.6,0.1437,1,1,1,1,1,2,1,0,0,1,0,0,0,0,1,3,0.0455,0.0328,2,1,0
NCRB-SYNTH-111151,Trial Court,Writ Petition (Detention),1,1,1,0,1,0,0,1,0,1,0.8235,1,116,0,1,0.1367,8,1.0445,35.31,31513.49,0.0707,1,1,1,1,1,3,0,0,0,1,0,0,1,0,0,4,0.0707,0.0439,0,1,0
NCRB-SYNTH-111158,Trial Court,Sec 482 CrPC (Quashing),2,4,1,0,1,1,0,1,0,1,0.7383,1,72,1,1,0.1371,8,1.0237,101.5,30098.13,0.1656,1,0,1,1,0,3,0,0,0,1,0,0,1,0,0,3,0.0583,0.0421,2,1,0
NCRB-SYNTH-111167,Trial Court,Sec 482 CrPC (Quashing),1,2,2,0,1,0,1,1,0,0,0.7999,1,35,1,1,0.0,2,1.0766,112.38,39916.98,0.1885,0,0,1,1,1,5,0,1,1,0,0,0,0,1,0,2,0.017,0.0155,2,1,1
NCRB-SYNTH-111170,Trial Court,Sec 482 CrPC (Quashing),4,4,2,1,1,1,0,1,0,0,0.7092,1,106,1,1,0.0684,5,1.0648,60.18,14444.95,0.0276,1,1,1,1,0,2,0,0,0,1,0,0,0,0,1,2,0.093,0.0846,2,1,0
NCRB-SYNTH-111180,Trial Court,Sec 439 CrPC (Regular Bail),1,1,2,0,1,0,0,1,0,1,0.7517,0,85,0,0,0.0804,8,1.0694,80.24,40811.58,0.1347,0,1,1,1,0,1,0,0,0,1,1,1,0,0,0,2,0.0136,0.0124,2,1,0
NCRB-SYNTH-111187,Trial Court,Sec 482 CrPC (Quashing),1,4,1,0,1,1,1,1,0,1,0.8416,0,19,0,0,0.1004,1,1.0044,146.5,26321.74,0.181,1,1,1,1,1,2,0,0,0,1,1,0,1,0,0,4,0.0165,0.0103,2,1,0
NCRB-SYNTH-111192,Trial Court,Sec 439 CrPC (Regular Bail),4,4,2,0,1,0,0,1,1,0,0.7193,1,123,1,0,0.0665,9,1.0,53.64,31152.48,0.1072,1,0,1,1,0,3,0,0,0,1,1,0,0,0,0,1,0.0815,0.1176,2,1,0
NCRB-SYNTH-111195,Trial Court,Sec 439 CrPC (Regular Bail),21,2,2,0,1,0,0,1,0,0,0.5735,1,35,0,0,0.0753,7,1.0849,71.75,37398.58,0.1461,1,1,1,0,1,3,0,0,0,1,0,1,0,0,0,4,0.0323,0.0201,2,1,0
NCRB-SYNTH-111209,High Court,Writ Petition (Detention),7,5,2,0,1,0,0,1,0,0,0.6717,1,140,1,1,0.1038,8,1.0553,179.49,20372.39,0.0265,1,1,1,1,1,1,1,0,0,1,0,0,0,0,0,4,0.0225,0.014,2,1,0
NCRB-SYNTH-111211,Trial Court,Sec 439 CrPC (Regular Bail),2,2,1,0,1,0,1,1,0,0,0.9303,1,32,1,1,0.0847,4,1.0,134.03,8742.66,0.1241,1,1,1,1,1,4,0,0,0,1,1,1,0,0,0,2,0.0344,0.0313,2,1,0
NCRB-SYNTH-111214,Trial Court,Sec 439 CrPC (Regular Bail),2,2,2,0,1,0,0,1,0,1,0.7601,1,159,0,0,0.045,4,1.0758,52.77,39127.89,0.0546,1,1,1,1,1,4,1,0,0,1,1,0,0,1,0,1,0.0366,0.0527,2,1,0
NCRB-SYNTH-111221,High Court,Sec 482 CrPC (Quashing),1,4,2,1,1,0,0,1,0,0,0.589,1,52,1,0,0.0695,9,1.3348,68.83,5789.38,0.0441,1,0,1,0,0,2,1,0,0,1,0,1,0,0,1,3,0.0703,0.0507,2,1,0
NCRB-SYNTH-111233,Trial Court,Sec 439 CrPC (Regular Bail),1,1,1,0,1,0,0,1,0,0,0.6623,1,138,0,0,0.1012,8,1.2076,53.48,44307.82,0.1676,1,0,1,1,1,3,0,0,0,1,1,0,1,0,0,4,0.0364,0.0226,2,1,0
NCRB-SYNTH-111235,Trial Court,Writ Petition (Detention),1,4,1,0,1,0,0,1,0,1,0.728,0,67,1,1,0.1365,8,1.2172,114.06,5250.51,0.0217,1,1,1,1,0,1,0,0,0,1,1,0,0,0,0,2,0.0926,0.0842,0,1,0
NCRB-SYNTH-111243,High Court,Trial Judgment,1,5,1,0,1,0,1,1,0,1,0.5215,0,94,0,0,0.1307,5,1.0,40.14,34891.43,0.1147,1,1,0,1,1,3,1,0,0,1,1,0,1,0,0,2,0.081,0.0738,0,1,0
NCRB-SYNTH-111245,Trial Court,Sec 439 CrPC (Regular Bail),1,1,1,0,1,0,0,1,0,0,0.7621,1,116,0,0,0.099,6,1.0331,140.23,5509.79,0.1031,1,0,1,1,1,4,0,0,0,1,0,0,0,0,0,4,0.0371,0.0231,2,1,0
NCRB-SYNTH-111257,Trial Court,Sec 439 CrPC (Regular Bail),1,3,1,0,1,0,0,1,0,0,0.7592,1,81,0,0,0.1168,7,1.0334,167.36,42575.73,0.1321,1,1,1,0,0,2,1,0,0,1,0,1,0,0,1,1,0.098,0.1414,2,1,0
NCRB-SYNTH-111271,High Court,Trial Judgment,1,5,1,0,1,0,1,1,0,0,0.5592,1,132,1,0,0.0306,6,1.1837,74.7,13697.0,0.1992,1,1,1,1,0,1,0,0,0,1,1,1,0,0,0,3,0.0204,0.0147,0,1,0
NCRB-SYNTH-111272,High Court,Sec 439 CrPC (Regular Bail),1,4,1,0,1,0,0,1,0,1,0.8164,1,56,1,1,0.0478,5,1.0,79.04,41028.96,0.0237,1,1,1,1,1,1,0,0,0,1,0,1,0,1,0,4,0.0568,0.0353,2,1,0
NCRB-SYNTH-111274,Trial Court,Sec 439 CrPC (Regular Bail),7,5,2,0,1,0,1,1,0,0,0.6178,1,141,0,0,0.0975,2,1.1144,88.92,27097.61,0.1911,0,1,1,1,1,1,1,0,0,1,1,1,1,1,1,2,0.0824,0.075,2,1,0
NCRB-SYNTH-111275,Trial Court,Sec 439 CrPC (Regular Bail),2,3,2,0,1,1,0,1,0,0,0.4697,1,123,0,1,0.1327,8,1.0167,157.1,12716.94,0.0129,1,1,0,0,0,3,0,0,0,1,0,1,0,0,0,4,0.0421,0.0262,2,1,0
NCRB-SYNTH-111284,High Court,Sec 482 CrPC (Quashing),2,3,2,0,1,1,1,1,0,1,0.908,1,77,1,1,0.0795,9,1.2556,106.95,19459.53,0.0795,1,0,1,1,1,2,0,1,1,0,1,1,1,0,0,4,0.0847,0.0526,2,1,1
NCRB-SYNTH-111286,Trial Court,Sec 439 CrPC (Regular Bail),1,1,1,1,1,0,1,1,0,1,0.5726,1,172,1,1,0.0701,4,1.2548,76.95,26157.84,0.0682,1,1,0,1,1,2,1,0,0,1,1,1,1,1,0,1,0.0689,0.0994,2,1,0
NCRB-SYNTH-111295,Trial Court,Writ Petition (Detention),4,4,2,1,1,0,0,1,0,0,0.8243,1,151,0,0,0.1463,2,1.1004,40.53,11388.14,0.0639,1,0,1,0,0,1,1,1,1,0,1,1,0,0,0,3,0.0914,0.0659,2,0,1
NCRB-SYNTH-111296,Trial Court,Writ Petition (Detention),1,1,1,0,1,1,1,1,0,0,0.7791,1,131,0,0,0.0,1,1.136,175.1,10407.25,0.1545,1,0,0,1,1,3,0,1,1,0,1,1,0,0,0,1,0.0471,0.0679,2,1,1
NCRB-SYNTH-111298,Trial Court,Sec 439 CrPC (Regular Bail),1,4,2,0,1,0,0,1,0,0,0.8118,1,96,0,0,0.0564,2,1.1148,137.77,38038.13,0.1283,1,1,1,1,0,3,0,0,0,1,1,0,0,0,0,3,0.0309,0.0223,0,1,0
NCRB-SYNTH-111302,High Court,Writ Petition (Detention),1,5,2,0,1,0,1,1,0,0,0.8552,1,106,0,0,0.0472,7,1.2228,74.03,13059.62,0.0811,1,1,1,0,0,5,0,0,0,1,0,0,0,0,0,3,0.0802,0.0579,2,1,0
NCRB-SYNTH-111304,High Court,Writ Petition (Detention),7,4,2,0,1,0,0,1,0,0,0.5302,1,139,1,0,0.1203,2,1.1224,154.12,9786.86,0.0244,1,0,1,1,1,2,0,1,1,0,1,0,0,0,0,3,0.0863,0.0622,2,1,0
NCRB-SYNTH-111305,High Court,Sec 439 CrPC (Regular Bail),1,2,2,0,1,0,0,1,0,0,0.5138,1,21,1,1,0.0711,5,1.1931,165.87,27033.79,0.024,1,1,1,1,1,3,0,0,0,1,0,1,1,0,0,1,0.0111,0.016,2,1,0
NCRB-SYNTH-111306,High Court,Writ Petition (Detention),1,4,1,0,1,0,0,1,0,1,0.6217,1,113,0,1,0.0587,9,1.2026,41.76,16142.82,0.0806,1,0,1,1,0,2,1,1,1,0,1,0,1,0,0,2,0.0613,0.0558,0,0,0
NCRB-SYNTH-111308,Trial Court,Sec 482 CrPC (Quashing),1,4,1,0,1,0,1,1,0,0,0.797,0,89,0,0,0.1273,5,1.0,109.12,28144.73,0.1257,1,1,1,0,0,5,0,0,0,1,0,1,0,0,0,1,0.0756,0.1091,0,1,0
NCRB-SYNTH-111310,Trial Court,Sec 439 CrPC (Regular Bail),7,5,1,0,1,0,0,1,0,1,0.3865,1,37,1,1,0.0768,8,1.1508,104.65,22226.45,0.08,1,1,1,1,1,2,1,0,0,1,1,1,0,0,1,4,0.0271,0.0168,2,1,0
NCRB-SYNTH-111311,Trial Court,Sec 439 CrPC (Regular Bail),1,5,1,0,1,1,1,1,0,1,0.4546,1,109,1,1,0.0127,6,1.0,35.94,28452.34,0.1196,0,1,1,1,1,2,1,0,0,1,0,0,0,0,0,2,0.0883,0.0804,2,1,0
NCRB-SYNTH-111324,Trial Court,Sec 439 CrPC (Regular Bail),1,4,1,0,1,1,0,1,0,0,0.7099,1,48,0,1,0.1043,3,1.0018,176.12,36081.57,0.1041,1,1,1,1,1,2,1,0,0,1,1,1,0,0,0,3,0.0427,0.0308,0,1,0
NCRB-SYNTH-111328,Trial Court,Sec 439 CrPC (Regular Bail),1,3,1,1,1,0,0,1,1,1,0.572,1,21,0,0,0.0749,5,1.0,42.17,22081.4,0.0163,0,1,0,0,1,2,1,0,0,1,1,1,1,0,1,3,0.0515,0.0371,0,1,0
NCRB-SYNTH-111330,Trial Court,Sec 439 CrPC (Regular Bail),21,5,1,0,1,0,1,1,0,0,0.859,1,72,0,0,0.1122,7,1.0129,151.54,35141.44,0.1422,1,1,1,1,1,2,0,0,0,1,1,0,1,0,1,1,0.0726,0.1048,2,1,0
NCRB-SYNTH-111332,High Court,Sec 439 CrPC (Regular Bail),1,3,2,0,1,0,1,1,0,0,0.7234,1,10,1,1,0.0795,1,1.1382,158.12,36627.05,0.1474,0,1,0,1,0,2,1,0,0,1,0,0,0,0,1,3,0.0218,0.0157,0,1,0
NCRB-SYNTH-111335,Trial Court,Sec 482 CrPC (Quashing),2,1,2,1,1,1,0,1,0,0,0.7436,1,104,1,1,0.0515,2,1.0499,57.53,27283.91,0.1488,1,1,1,0,1,2,0,0,0,1,0,1,1,0,0,4,0.0392,0.0243,0,1,0
NCRB-SYNTH-111338,Trial Court,Sec 439 CrPC (Regular Bail),1,4,2,0,1,1,1,1,0,1,0.6071,1,152,0,0,0.1491,7,1.0,67.1,43636.19,0.177,0,1,0,1,1,2,1,0,0,1,0,1,0,0,0,2,0.0308,0.0281,2,1,0
NCRB-SYNTH-111342,Trial Court,Trial Judgment,4,4,2,0,1,0,0,1,0,1,0.5651,1,152,0,0,0.0295,7,1.3389,30.05,10861.71,0.1163,0,0,0,1,1,4,1,0,0,1,1,1,0,0,0,4,0.0554,0.0344,2,1,0
NCRB-SYNTH-111348,Trial Court,Sec 482 CrPC (Quashing),1,2,1,0,1,0,0,1,0,1,0.7289,1,154,0,0,0.1582,8,1.2857,73.23,9450.67,0.1924,1,1,1,1,1,4,0,0,0,1,1,0,0,0,0,4,0.0773,0.048,2,1,0
NCRB-SYNTH-111349,Trial Court,Sec 482 CrPC (Quashing),2,5,1,0,1,0,0,1,0,0,0.9226,1,94,0,0,0.067,4,1.2173,31.51,17666.52,0.0537,1,1,1,1,1,4,1,0,0,1,0,1,0,0,0,1,0.0835,0.1204,2,1,0
NCRB-SYNTH-111352,High Court,Writ Petition (Detention),2,1,1,0,1,0,0,1,0,1,0.5137,1,92,1,1,0.038,8,1.1857,69.1,22834.78,0.0206,1,1,1,0,1,3,1,0,0,1,0,0,1,0,0,2,0.0562,0.0512,0,1,0
NCRB-SYNTH-111356,Trial Court,Sec 439 CrPC (Regular Bail),1,5,2,0,1,0,0,1,0,1,0.9197,1,57,0,0,0.1595,5,1.0,167.78,13207.26,0.1003,1,1,0,1,1,2,0,0,0,1,1,1,1,0,1,4,0.0932,0.0579,2,1,0
NCRB-SYNTH-111357,Trial Court,Writ Petition (Detention),1,4,1,0,1,0,0,1,0,1,0.6994,0,36,0,0,0.1234,7,1.2224,148.97,36342.75,0.1003,1,1,0,1,0,1,1,0,0,1,1,1,1,1,1,1,0.0388,0.056,2,1,0
NCRB-SYNTH-111380,Trial Court,Sec 439 CrPC (Regular Bail),2,3,2,0,1,0,1,1,0,0,0.7035,1,110,0,0,0.0724,4,1.009,60.29,32781.06,0.1117,1,1,1,1,0,2,0,0,0,1,1,1,1,0,1,4,0.0799,0.0497,2,1,0
NCRB-SYNTH-111387,Trial Court,Sec 439 CrPC (Regular Bail),1,1,2,0,1,0,0,1,0,0,0.868,1,151,0,0,0.1053,7,1.0497,71.75,40064.02,0.09,1,1,1,1,0,3,0,0,0,1,1,0,0,0,0,4,0.0263,0.0163,0,1,0
NCRB-SYNTH-111391,High Court,Sec 439 CrPC (Regular Bail),27,1,2,0,1,1,0,1,0,0,0.6878,1,164,0,0,0.1135,4,1.0,32.12,40438.45,0.0088,1,1,0,1,0,4,1,0,0,1,1,0,0,1,1,3,0.0398,0.0287,2,1,0
NCRB-SYNTH-111392,High Court,Sec 482 CrPC (Quashing),2,3,1,0,1,0,0,1,0,0,0.5618,1,68,1,0,0.0577,2,1.0,150.73,12830.87,0.145,1,1,1,0,0,1,0,0,0,1,0,0,0,0,0,1,0.0116,0.0167,0,1,0
NCRB-SYNTH-111401,High Court,Sec 439 CrPC (Regular Bail),1,3,2,0,1,0,1,1,0,1,0.3526,0,84,0,0,0.034,1,1.1117,114.55,10780.64,0.0634,1,1,0,1,0,2,0,0,0,1,0,0,1,0,0,2,0.0615,0.0559,2,1,0
NCRB-SYNTH-111407,Trial Court,Sec 482 CrPC (Quashing),4,1,2,0,1,0,0,1,0,0,0.8233,1,156,0,0,0.0834,6,1.0401,141.68,13799.05,0.0497,1,0,1,1,1,3,1,1,1,0,1,1,1,0,1,1,0.052,0.075,2,1,1
NCRB-SYNTH-111411,Trial Court,Sec 439 CrPC (Regular Bail),1,4,1,0,1,0,0,1,0,1,0.489,0,62,0,0,0.0,3,1.1523,92.96,35847.57,0.0864,1,1,0,0,1,4,1,0,0,1,0,1,0,1,0,2,0.0222,0.0202,2,1,0
NCRB-SYNTH-111413,Trial Court,Sec 439 CrPC (Regular Bail),2,3,2,0,1,0,0,1,0,1,0.8386,1,79,0,1,0.0735,4,1.1818,58.42,16532.78,0.1865,0,0,1,1,1,1,0,1,1,0,0,1,0,0,0,2,0.0377,0.0343,2,0,1
NCRB-SYNTH-111414,Trial Court,Writ Petition (Detention),2,1,2,0,1,0,0,1,0,0,0.5527,1,164,1,1,0.0443,1,1.164,162.24,14191.37,0.0749,1,0,1,1,0,2,0,1,1,0,1,1,1,0,0,2,0.0653,0.0594,2,1,0
NCRB-SYNTH-111427,High Court,Trial Judgment,1,1,2,0,1,0,0,1,1,0,0.3714,1,11,0,0,0.1553,2,1.1359,79.04,32253.46,0.0931,1,0,1,1,1,4,1,1,1,0,0,0,1,0,0,2,0.0948,0.0863,2,1,0
NCRB-SYNTH-111429,Trial Court,Writ Petition (Detention),2,5,1,0,1,0,0,1,0,1,0.7105,1,158,1,0,0.0149,1,1.0844,78.2,3193.97,0.088,1,0,1,1,0,5,0,1,1,0,1,1,0,0,0,2,0.0781,0.0711,2,0,1
NCRB-SYNTH-111431,High Court,Trial Judgment,2,2,1,0,1,0,1,1,0,0,0.5616,1,164,0,0,0.0562,6,1.0,69.23,26944.97,0.1337,1,1,1,1,0,1,1,0,0,1,1,1,1,0,0,2,0.0524,0.0477,2,1,0
NCRB-SYNTH-111449,Trial Court,Writ Petition (Detention),1,2,1,1,1,0,0,1,0,1,0.5522,0,155,0,1,0.0608,3,1.1935,131.3,24228.27,0.0828,1,1,1,1,1,2,0,0,0,1,1,0,0,0,0,4,0.0687,0.0427,2,1,0
NCRB-SYNTH-111451,Trial Court,Sec 482 CrPC (Quashing),1,2,1,0,1,0,0,1,0,1,0.7173,1,59,1,0,0.0429,6,1.1414,177.02,10379.27,0.1225,1,1,1,1,0,2,1,0,0,1,1,0,1,1,0,2,0.0643,0.0585,2,1,0
NCRB-SYNTH-111453,Trial Court,Writ Petition (Detention),1,4,2,0,1,1,1,1,0,0,0.8526,1,89,1,1,0.0869,1,1.2954,128.38,25268.57,0.1871,1,0,1,1,0,1,0,1,1,0,0,1,1,0,1,2,0.013,0.0118,2,0,1
NCRB-SYNTH-111456,Trial Court,Writ Petition (Detention),1,4,1,0,1,0,1,1,0,0,0.6926,1,139,0,0,0.1301,8,1.1479,167.41,38616.79,0.0458,1,0,1,1,1,2,1,0,0,1,1,1,0,0,1,3,0.0559,0.0403,2,1,0
NCRB-SYNTH-111462,Trial Court,Sec 439 CrPC (Regular Bail),1,5,1,0,1,0,0,1,1,1,0.5078,0,177,1,1,0.1013,4,1.0,31.96,4211.24,0.1221,1,1,1,1,1,5,0,0,0,1,0,1,0,0,0,2,0.0732,0.0666,2,1,0
NCRB-SYNTH-111466,Trial Court,Sec 439 CrPC (Regular Bail),1,3,1,0,1,1,0,1,0,1,0.4608,1,124,0,0,0.0437,2,1.1886,126.83,16972.22,0.0351,0,1,1,1,1,2,1,0,0,1,1,1,1,0,0,2,0.0214,0.0195,2,1,0
NCRB-SYNTH-111467,Trial Court,Sec 439 CrPC (Regular Bail),4,4,1,1,1,0,0,1,1,1,0.7761,1,49,0,0,0.0549,3,1.1553,169.22,5069.6,0.1274,1,1,0,1,1,2,1,0,0,1,1,1,1,0,0,1,0.0542,0.0782,2,1,0
NCRB-SYNTH-111471,Trial Court,Sec 482 CrPC (Quashing),4,1,2,0,1,1,0,1,0,0,0.4719,1,48,0,0,0.166,4,1.0,156.72,5913.05,0.1269,0,1,1,0,0,2,1,0,0,1,1,1,1,0,0,4,0.0281,0.0175,0,1,0
NCRB-SYNTH-111476,Trial Court,Sec 482 CrPC (Quashing),4,2,1,0,1,0,0,1,0,1,0.8424,1,89,0,0,0.0912,4,1.0909,30.71,44705.99,0.0077,1,1,0,1,0,1,1,0,0,1,1,0,0,0,0,3,0.0338,0.0244,0,1,0
NCRB-SYNTH-111485,Trial Court,Sec 439 CrPC (Regular Bail),2,1,1,0,1,1,0,1,0,0,0.4542,0,111,0,0,0.1341,5,1.1203,48.45,44322.61,0.1555,1,1,1,1,1,1,0,0,0,1,0,0,1,0,1,1,0.0422,0.0608,2,1,0
NCRB-SYNTH-111497,Trial Court,Sec 482 CrPC (Quashing),15,5,2,0,1,1,0,1,1,0,0.8853,1,129,0,1,0.0411,2,1.0426,137.85,12327.09,0.1595,0,0,1,1,0,3,0,1,1,0,1,0,1,0,1,4,0.0899,0.0558,2,1,1
NCRB-SYNTH-111508,Trial Court,Sec 439 CrPC (Regular Bail),1,1,2,0,1,1,1,1,0,0,0.7462,1,140,0,1,0.0726,6,1.1667,30.27,42759.75,0.0126,1,1,1,1,0,2,1,0,0,1,1,0,1,0,0,3,0.0152,0.0109,2,1,0
NCRB-SYNTH-111511,Trial Court,Sec 439 CrPC (Regular Bail),4,1,1,0,1,1,0,1,0,1,0.9137,0,99,0,0,0.0565,2,1.1539,73.25,40897.74,0.0646,1,1,1,1,0,5,0,0,0,1,1,0,0,0,0,4,0.0693,0.0431,2,1,0
NCRB-SYNTH-111518,Trial Court,Writ Petition (Detention),7,1,1,0,1,0,0,1,0,0,0.9677,1,22,0,0,0.1257,2,1.2562,160.5,9742.82,0.0175,0,1,1,1,1,4,1,0,0,1,1,0,1,0,0,4,0.0871,0.0541,2,1,0
NCRB-SYNTH-111522,Trial Court,Sec 439 CrPC (Regular Bail),2,1,2,0,1,1,1,1,0,1,0.8718,0,166,0,0,0.0992,1,1.1549,157.68,19366.99,0.0474,1,1,1,0,1,1,1,0,0,1,1,0,0,1,0,4,0.0919,0.0571,2,1,0
NCRB-SYNTH-111524,Trial Court,Sec 439 CrPC (Regular Bail),7,4,2,0,1,0,1,1,0,1,0.7113,1,94,0,0,0.0613,4,1.1376,63.57,11640.88,0.1491,1,1,1,1,0,4,1,0,0,1,0,0,0,0,0,4,0.0945,0.0587,0,1,0
NCRB-SYNTH-111527,Trial Court,Sec 439 CrPC (Regular Bail),1,3,1,0,1,0,0,1,0,0,0.8361,1,147,0,0,0.0602,6,1.075,157.69,42504.6,0.1519,1,1,0,1,1,3,0,0,0,1,1,0,1,0,0,4,0.0914,0.0568,2,1,0
NCRB-SYNTH-111532,Trial Court,Writ Petition (Detention),2,3,2,0,1,0,0,1,0,0,0.4449,1,32,1,1,0.0955,8,1.1905,140.45,42090.79,0.1943,1,1,1,1,0,3,0,0,0,1,1,0,1,0,0,2,0.0836,0.0761,2,1,0
NCRB-SYNTH-111534,Trial Court,Sec 482 CrPC (Quashing),7,3,1,0,1,0,1,1,0,0,0.9735,1,126,0,0,0.0388,9,1.2612,118.41,31307.57,0.1119,0,1,0,1,0,2,0,0,0,1,1,0,1,0,0,1,0.0598,0.0862,2,1,0
NCRB-SYNTH-111542,High Court,Sec 482 CrPC (Quashing),2,5,2,0,1,0,1,1,0,0,0.8151,1,86,1,1,0.0822,9,1.2696,90.47,41415.3,0.1934,1,0,1,1,0,3,0,1,1,0,1,1,0,0,0,3,0.011,0.008,2,0,1
NCRB-SYNTH-111551,Trial Court,Sec 482 CrPC (Quashing),2,2,1,0,1,1,1,1,0,0,0.4366,1,57,0,0,0.1337,6,1.1795,113.45,9204.84,0.1614,1,1,0,1,0,5,1,0,0,1,1,1,1,0,0,2,0.01,0.0091,2,1,0
NCRB-SYNTH-111559,Trial Court,Writ Petition (Detention),1,1,2,0,1,0,0,1,0,1,0.5092,0,107,1,1,0.0731,4,1.2784,123.34,34324.37,0.1258,1,1,1,1,0,2,0,0,0,1,0,1,0,1,1,4,0.0968,0.0602,0,1,0
NCRB-SYNTH-111567,High Court,Sec 439 CrPC (Regular Bail),7,2,1,1,1,0,0,1,0,0,0.8879,1,174,0,0,0.1428,9,1.0475,85.76,15415.16,0.0313,1,1,1,1,1,1,0,0,0,1,1,0,0,0,1,3,0.0465,0.0335,2,1,0
NCRB-SYNTH-111569,Trial Court,Sec 439 CrPC (Regular Bail),4,2,1,0,1,1,1,1,0,0,0.4164,1,93,0,1,0.1138,4,1.1039,167.11,20169.67,0.1257,1,1,0,1,1,4,1,0,0,1,1,1,0,0,1,2,0.0501,0.0456,2,1,0
NCRB-SYNTH-111573,Trial Court,Sec 439 CrPC (Regular Bail),1,1,2,0,1,0,0,1,0,0,0.4406,1,102,0,0,0.1652,3,1.0,56.36,22995.14,0.0116,1,1,1,1,1,2,0,0,0,1,1,1,1,0,1,2,0.0483,0.044,0,1,0
NCRB-SYNTH-111576,Trial Court,Writ Petition (Detention),1,4,2,0,1,0,0,1,0,0,0.9301,1,108,0,0,0.0532,1,1.0,56.08,41918.62,0.0207,1,1,1,0,0,3,1,0,0,1,0,0,1,0,0,1,0.094,0.1357,2,1,0
NCRB-SYNTH-111581,Trial Court,Trial Judgment,1,3,2,0,1,0,0,1,0,1,0.666,0,150,1,1,0.0725,2,1.0675,162.7,20351.78,0.0032,1,1,0,1,1,3,0,0,0,1,1,0,0,0,0,4,0.0725,0.045,2,1,0
NCRB-SYNTH-111588,Trial Court,Writ Petition (Detention),1,2,1,0,1,0,0,1,0,1,0.7819,1,154,0,0,0.0673,7,1.1739,97.58,20779.45,0.1296,1,0,1,1,0,5,0,1,1,0,1,0,0,0,0,4,0.089,0.0553,2,0,1
NCRB-SYNTH-111598,Trial Court,Sec 439 CrPC (Regular Bail),4,4,2,0,1,0,1,1,0,0,0.7941,1,97,0,0,0.1024,4,1.0757,85.87,33111.58,0.0857,1,1,1,1,0,3,1,0,0,1,0,0,0,0,1,2,0.0722,0.0657,2,1,0
NCRB-SYNTH-111608,Trial Court,Trial Judgment,4,1,1,0,1,0,0,1,1,0,0.6295,1,173,0,1,0.0885,5,1.3174,128.54,27017.91,0.0059,1,1,1,1,0,2,0,0,0,1,1,1,1,0,1,2,0.0704,0.064,0,1,0
NCRB-SYNTH-111609,Trial Court,Sec 439 CrPC (Regular Bail),7,1,1,0,1,0,0,1,0,0,0.6355,1,162,0,0,0.0665,6,1.0052,154.05,21732.72,0.0187,1,0,0,1,1,2,0,1,1,0,1,1,0,0,0,4,0.0172,0.0107,2,0,0
NCRB-SYNTH-111615,Trial Court,Trial Judgment,7,5,1,1,1,0,0,1,0,0,0.4213,1,72,1,1,0.0951,7,1.0,175.99,44593.17,0.1306,0,1,1,1,0,1,1,0,0,1,1,1,1,0,1,3,0.0802,0.0578,2,1,0
NCRB-SYNTH-111618,Trial Court,Sec 439 CrPC (Regular Bail),1,1,1,0,1,0,0,1,0,0,0.7383,1,49,0,0,0.069,4,1.0252,122.48,9824.0,0.1264,1,1,1,0,1,2,0,0,0,1,0,0,0,0,1,4,0.0589,0.0366,0,1,0
NCRB-SYNTH-111620,Trial Court,Writ Petition (Detention),1,5,2,0,1,1,1,1,0,0,0.5579,1,75,1,0,0.0454,5,1.0,140.75,26938.92,0.1878,1,0,1,1,1,3,0,1,1,0,1,0,0,0,0,1,0.0913,0.1317,0,0,0
NCRB-SYNTH-111623,Trial Court,Writ Petition (Detention),1,4,2,1,1,0,1,1,0,0,0.8239,1,91,1,1,0.1135,2,1.0715,138.93,37527.36,0.0773,0,0,1,1,0,2,0,1,1,0,0,1,0,0,0,3,0.0846,0.061,2,0,1
NCRB-SYNTH-111624,Trial Court,Sec 482 CrPC (Quashing),2,2,1,0,1,0,1,1,0,0,0.5921,1,133,0,0,0.0861,2,1.0,116.28,42131.58,0.0576,1,1,0,1,1,3,0,0,0,1,1,0,1,0,0,1,0.0556,0.0802,2,1,0
NCRB-SYNTH-111625,Trial Court,Writ Petition (Detention),1,5,1,0,1,0,0,1,0,1,0.5105,1,127,1,1,0.0142,2,1.1396,122.5,21681.16,0.1629,1,0,0,1,1,3,1,1,1,0,1,1,0,0,0,4,0.0759,0.0471,2,0,0
NCRB-SYNTH-111626,High Court,Sec 439 CrPC (Regular Bail),1,3,1,1,1,1,0,1,0,0,0.6799,1,34,0,0,0.1083,9,1.1652,150.44,10296.0,0.1854,1,1,1,1,1,3,0,0,0,1,1,0,0,0,0,2,0.0783,0.0713,2,1,0
NCRB-SYNTH-111646,Trial Court,Sec 482 CrPC (Quashing),21,3,2,0,1,0,1,1,1,1,0.7983,1,177,0,0,0.1054,2,1.121,62.77,36150.03,0.1884,1,1,1,1,1,5,0,0,0,1,1,0,0,0,0,1,0.0183,0.0263,2,1,0
NCRB-SYNTH-111649,Trial Court,Sec 439 CrPC (Regular Bail),1,1,1,0,1,0,0,1,0,1,0.6973,1,160,1,1,0.1298,7,1.0501,54.29,8306.07,0.1705,1,0,1,1,1,2,1,1,1,0,1,1,0,1,1,1,0.0267,0.0385,2,1,1
NCRB-SYNTH-111653,High Court,Sec 482 CrPC (Quashing),2,3,1,0,1,1,0,1,0,1,0.7202,1,28,1,1,0.0913,6,1.0,37.11,28615.85,0.1405,1,1,1,1,1,6,0,0,0,1,1,0,0,0,0,1,0.0857,0.1236,2,1,0
NCRB-SYNTH-111654,Trial Court,Sec 482 CrPC (Quashing),1,4,1,0,1,1,0,1,0,0,0.5389,1,153,1,1,0.107,4,1.0612,159.51,43421.0,0.1743,1,1,1,0,0,2,0,0,0,1,1,0,1,0,1,2,0.0404,0.0367,2,1,0
NCRB-SYNTH-111670,Trial Court,Trial Judgment,1,2,1,0,1,0,0,1,0,0,0.5411,1,132,0,0,0.0285,1,1.2166,121.03,23220.58,0.1658,1,0,0,0,1,3,0,1,1,0,1,0,0,0,0,1,0.0411,0.0593,2,0,0
NCRB-SYNTH-111672,Trial Court,Writ Petition (Detention),1,4,2,0,1,0,0,1,0,0,0.6587,0,52,0,0,0.116,8,1.0706,128.77,20957.8,0.1305,1,1,1,1,1,4,0,0,0,1,1,0,0,0,0,4,0.0607,0.0377,2,1,0
NCRB-SYNTH-111675,Trial Court,Sec 439 CrPC (Regular Bail),2,4,1,0,1,0,0,1,1,1,0.6279,1,174,0,0,0.0472,9,1.0221,164.49,33951.8,0.0404,1,1,1,1,1,3,0,0,0,1,1,1,1,0,0,3,0.0783,0.0565,2,1,0
NCRB-SYNTH-111681,High Court,Sec 439 CrPC (Regular Bail),1,2,2,0,1,0,1,1,0,0,0.7347,0,83,0,0,0.101,1,1.1063,71.5,35415.71,0.1104,1,1,1,1,1,2,0,0,0,1,1,1,1,1,0,1,0.0687,0.0992,2,1,0
NCRB-SYNTH-111687,Trial Court,Writ Petition (Detention),1,5,2,0,1,0,0,1,0,0,0.8519,1,171,0,0,0.0632,9,1.1126,163.82,37195.46,0.0448,1,1,1,1,0,5,0,0,0,1,1,1,1,0,0,3,0.0786,0.0567,2,1,0
NCRB-SYNTH-111700,Trial Court,Sec 439 CrPC (Regular Bail),1,4,1,0,1,0,0,1,0,0,0.7897,0,36,0,0,0.0,9,1.0293,40.03,17111.92,0.1517,1,1,1,1,0,4,0,0,0,1,1,0,1,0,0,3,0.0889,0.0641,0,1,0
NCRB-SYNTH-111701,Trial Court,Sec 482 CrPC (Quashing),2,2,2,0,1,1,0,1,0,0,0.5756,1,178,0,1,0.0507,3,1.0911,47.87,38996.56,0.0178,1,1,1,1,0,3,0,0,0,1,0,0,1,0,0,4,0.0779,0.0484,2,1,0
NCRB-SYNTH-111703,High Court,Sec 439 CrPC (Regular Bail),1,1,2,0,1,1,1,1,0,0,0.9134,1,99,0,0,0.1526,9,1.0289,30.36,14254.48,0.1398,1,1,1,0,1,2,0,0,0,1,1,1,1,0,0,2,0.0165,0.0151,2,1,0
NCRB-SYNTH-111705,Trial Court,Sec 439 CrPC (Regular Bail),4,5,2,0,1,0,0,1,0,1,0.4979,1,121,0,1,0.0,6,1.113,142.0,17107.59,0.0908,1,0,1,1,1,1,0,1,1,0,1,0,1,0,0,3,0.0575,0.0414,2,1,0
NCRB-SYNTH-111712,Trial Court,Sec 482 CrPC (Quashing),4,1,1,0,1,0,0,1,0,0,0.4771,1,167,0,0,0.0421,4,1.2384,99.54,33429.84,0.1608,1,1,1,1,1,4,0,0,0,1,1,1,1,0,0,4,0.0371,0.023,2,1,0
NCRB-SYNTH-111717,Trial Court,Sec 439 CrPC (Regular Bail),1,2,2,0,1,0,0,1,0,0,0.9386,1,118,0,0,0.0414,3,1.1258,113.6,20281.94,0.0471,1,0,1,1,1,4,0,1,1,0,1,1,0,0,0,2,0.058,0.0528,2,1,1
NCRB-SYNTH-111721,Trial Court,Writ Petition (Detention),7,4,2,0,1,0,0,1,0,0,0.4548,0,36,0,1,0.1272,2,1.0998,95.0,43488.33,0.1126,1,1,0,1,1,1,0,0,0,1,0,0,0,1,0,4,0.0575,0.0357,2,1,0
NCRB-SYNTH-111727,Trial Court,Sec 439 CrPC (Regular Bail),2,1,2,0,1,1,0,1,0,1,0.6404,1,64,1,1,0.0899,8,1.0165,133.22,14944.04,0.0867,1,1,1,1,0,2,0,0,0,1,1,0,1,0,0,2,0.0986,0.0897,2,1,0
NCRB-SYNTH-111729,Trial Court,Trial Judgment,4,3,2,0,1,0,0,1,1,0,0.5055,1,121,0,0,0.0244,4,1.0852,126.93,10078.35,0.0039,1,1,0,0,0,1,1,0,0,1,0,1,1,0,0,1,0.047,0.0678,2,1,0
NCRB-SYNTH-111730,Trial Court,Trial Judgment,1,2,1,0,1,0,0,1,0,1,0.5462,1,63,1,1,0.1045,5,1.011,91.6,11625.73,0.1491,1,1,0,1,1,3,0,0,0,1,0,0,1,0,1,1,0.0557,0.0804,2,1,0
NCRB-SYNTH-111746,Trial Court,Sec 439 CrPC (Regular Bail),2,2,1,0,1,1,0,1,0,0,0.9254,1,79,1,0,0.0842,7,1.0106,99.97,7209.26,0.0268,1,0,1,1,0,3,0,1,1,0,0,1,0,0,0,1,0.0648,0.0935,2,0,1
NCRB-SYNTH-111747,Trial Court,Sec 482 CrPC (Quashing),7,4,2,0,1,0,1,1,1,1,0.8951,1,181,0,0,0.0627,6,1.1093,76.51,40109.14,0.0351,0,1,1,0,0,3,1,0,0,1,0,1,0,0,0,4,0.0668,0.0415,0,1,0
NCRB-SYNTH-111748,Trial Court,Trial Judgment,2,5,1,0,1,0,1,1,0,0,0.5701,1,76,0,0,0.0393,5,1.2586,146.21,30585.35,0.0366,1,1,0,1,1,1,0,0,0,1,1,0,0,0,0,1,0.0624,0.0901,2,1,0
NCRB-SYNTH-111750,Trial Court,Sec 482 CrPC (Quashing),7,4,1,0,1,1,0,1,0,1,0.3791,1,43,0,0,0.0852,8,1.1051,157.3,22298.25,0.0163,1,0,1,1,1,5,0,1,1,0,0,0,1,0,1,4,0.0163,0.0101,2,1,0
NCRB-SYNTH-111762,Trial Court,Sec 439 CrPC (Regular Bail),1,4,2,1,1,0,1,1,0,0,0.5184,1,47,0,0,0.0304,1,1.0,172.21,15570.52,0.0169,1,1,1,1,0,3,0,0,0,1,0,1,0,1,0,3,0.0306,0.0221,2,1,0
NCRB-SYNTH-111768,Trial Court,Writ Petition (Detention),1,5,1,0,1,1,0,1,0,0,0.459,1,38,0,0,0.0398,3,1.0979,51.86,12960.11,0.1434,0,1,1,1,1,1,1,0,0,1,1,0,1,0,0,2,0.0937,0.0853,2,1,0
NCRB-SYNTH-111769,Trial Court,Trial Judgment,4,2,2,0,1,1,1,1,0,0,0.3855,1,32,1,1,0.041,9,1.0,57.08,28334.91,0.1725,1,1,1,1,0,2,0,0,0,1,1,1,0,0,0,3,0.0929,0.067,2,1,0
NCRB-SYNTH-111770,Trial Court,Sec 439 CrPC (Regular Bail),2,2,2,0,1,0,0,1,0,0,0.5537,1,106,0,0,0.076,5,1.0,61.04,38973.0,0.1722,1,1,0,1,1,2,0,0,0,1,1,1,0,0,1,2,0.0731,0.0665,2,1,0
NCRB-SYNTH-111771,Trial Court,Sec 439 CrPC (Regular Bail),2,5,2,0,1,0,1,1,0,0,0.6974,1,104,1,1,0.0123,5,1.2646,160.17,5380.64,0.1594,1,0,0,1,0,3,1,1,1,0,1,0,1,0,0,1,0.0977,0.1409,2,0,1
NCRB-SYNTH-111772,Trial Court,Writ Petition (Detention),1,2,1,0,1,0,1,1,0,0,0.9045,1,114,0,1,0.0384,7,1.0,61.59,37226.01,0.1978,1,1,1,1,1,1,1,0,0,1,1,0,1,0,0,1,0.0868,0.1252,2,1,0
NCRB-SYNTH-111777,High Court,Sec 439 CrPC (Regular Bail),1,2,1,0,1,0,1,1,0,1,0.5054,1,146,1,1,0.0,8,1.0873,69.39,14884.11,0.1851,0,1,1,0,0,5,1,0,0,1,1,1,1,0,0,3,0.0516,0.0373,2,1,0
NCRB-SYNTH-111792,Trial Court,Sec 439 CrPC (Regular Bail),2,1,1,0,1,0,0,1,0,1,0.7163,1,133,0,0,0.0211,3,1.1767,34.75,43452.12,0.1905,1,1,1,1,1,3,0,0,0,1,1,0,1,0,0,2,0.0914,0.0832,2,1,0
NCRB-SYNTH-111794,Trial Court,Sec 439 CrPC (Regular Bail),1,5,2,0,1,0,0,1,0,1,0.6715,1,56,0,0,0.1489,4,1.1703,177.0,9086.53,0.0813,1,0,1,1,0,2,1,0,0,1,0,1,1,0,0,4,0.0376,0.0234,2,1,0
NCRB-SYNTH-111799,High Court,Sec 482 CrPC (Quashing),2,3,2,0,1,1,0,1,0,1,0.8832,0,39,0,0,0.1582,7,1.0697,179.33,27508.88,0.1172,1,1,1,1,1,2,1,0,0,1,0,1,1,0,0,1,0.029,0.0418,2,1,0
NCRB-SYNTH-111801,Trial Court,Sec 482 CrPC (Quashing),1,3,1,0,1,1,1,1,0,0,0.99,1,118,1,0,0.0411,7,1.0,34.76,15800.0,0.0405,1,0,1,1,0,1,1,1,1,0,1,0,0,0,0,2,0.0804,0.0732,2,0,1
NCRB-SYNTH-111806,Trial Court,Writ Petition (Detention),1,1,1,0,1,1,0,1,0,0,0.8615,1,129,0,1,0.0623,7,1.1029,56.04,13572.19,0.1237,1,0,1,1,1,1,1,1,1,0,0,1,1,0,0,3,0.0144,0.0104,2,1,1
NCRB-SYNTH-111808,Trial Court,Sec 482 CrPC (Quashing),2,3,1,0,1,1,1,1,0,1,0.8129,1,82,1,0,0.1639,4,1.0749,153.51,17811.06,0.1721,1,1,1,1,0,2,1,0,0,1,1,0,0,0,0,1,0.0898,0.1296,2,1,0
NCRB-SYNTH-111809,Trial Court,Writ Petition (Detention),1,4,1,0,1,1,0,1,0,0,0.7257,1,69,1,1,0.0593,8,1.1811,162.97,23733.66,0.0754,1,1,1,1,1,2,0,0,0,1,0,0,0,1,0,4,0.0831,0.0517,2,1,0
NCRB-SYNTH-111810,High Court,Sec 482 CrPC (Quashing),1,4,1,0,1,0,0,1,0,0,0.4084,1,47,0,0,0.0855,4,1.0873,71.41,8394.98,0.1265,1,1,1,1,0,2,1,0,0,1,1,0,1,0,0,3,0.0766,0.0552,0,1,0
NCRB-SYNTH-111813,Trial Court,Writ Petition (Detention),1,2,2,0,1,0,1,1,0,0,0.4321,1,135,0,1,0.0057,4,1.0,155.98,34055.23,0.1892,0,0,1,1,1,1,0,0,0,1,1,0,1,0,0,3,0.0376,0.0271,2,1,0
NCRB-SYNTH-111814,Trial Court,Writ Petition (Detention),1,3,2,0,1,0,0,1,0,1,0.9047,1,129,1,0,0.0681,8,1.2054,124.96,17294.92,0.1028,1,1,1,1,1,3,0,0,0,1,0,0,0,0,0,4,0.0133,0.0083,2,1,0
NCRB-SYNTH-111829,High Court,Writ Petition (Detention),1,5,1,0,1,0,0,1,0,0,0.6094,1,144,0,1,0.1061,8,1.0,100.01,8293.86,0.0989,1,1,0,1,1,2,0,0,0,1,1,1,0,0,0,2,0.0912,0.083,2,1,0
NCRB-SYNTH-111830,High Court,Trial Judgment,1,1,1,0,1,0,0,1,0,1,0.6951,1,24,0,1,0.021,8,1.07,89.29,23185.8,0.0312,1,1,1,0,0,3,1,0,0,1,1,1,1,0,0,4,0.0891,0.0554,2,1,0
NCRB-SYNTH-111836,Trial Court,Sec 439 CrPC (Regular Bail),1,2,1,0,1,0,1,1,0,1,0.4351,1,131,1,0,0.0,4,1.1181,103.32,36491.5,0.1168,1,0,1,1,1,3,1,0,0,1,0,0,1,1,1,3,0.0366,0.0264,2,1,0
NCRB-SYNTH-111839,Trial Court,Sec 482 CrPC (Quashing),2,2,1,0,1,0,0,1,0,0,0.8639,1,48,0,0,0.0544,4,1.2089,49.65,26496.69,0.0064,1,1,1,0,0,5,1,0,0,1,1,0,0,0,1,3,0.0673,0.0485,2,1,0
NCRB-SYNTH-111840,Trial Court,Sec 439 CrPC (Regular Bail),15,2,2,0,1,0,1,1,0,1,0.5569,1,15,0,0,0.0,7,1.173,53.61,37622.6,0.0806,1,1,0,1,0,3,0,0,0,1,1,0,1,1,0,4,0.0306,0.019,2,1,0
NCRB-SYNTH-111841,Trial Court,Sec 439 CrPC (Regular Bail),1,2,1,0,1,0,0,1,0,0,0.5198,0,157,0,0,0.1313,8,1.2018,103.35,39449.32,0.0597,1,1,1,1,0,3,0,0,0,1,1,0,0,1,1,1,0.0276,0.0399,2,1,0
NCRB-SYNTH-111846,Trial Court,Trial Judgment,1,1,2,1,1,0,0,1,1,1,0.4347,1,97,1,0,0.119,5,1.1086,128.19,28828.58,0.1541,1,1,1,1,1,3,0,0,0,1,0,0,0,0,1,3,0.0813,0.0586,2,1,0
NCRB-SYNTH-111856,Trial Court,Writ Petition (Detention),1,4,2,0,1,0,0,1,0,0,0.4266,0,93,0,0,0.0326,2,1.0,40.33,35655.2,0.1293,0,0,1,1,1,3,0,1,1,0,1,0,0,0,0,3,0.0223,0.0161,2,1,0
NCRB-SYNTH-111862,Trial Court,Sec 482 CrPC (Quashing),2,4,2,0,1,0,0,1,0,1,0.6149,1,110,1,1,0.0238,3,1.2577,102.96,3458.32,0.0119,1,1,0,1,0,3,0,0,0,1,0,0,1,0,1,1,0.0588,0.0849,2,1,0
NCRB-SYNTH-111866,Trial Court,Trial Judgment,2,5,1,0,1,0,0,1,0,0,0.3706,1,86,1,1,0.0497,3,1.0,64.93,36901.38,0.0072,1,1,1,0,0,1,0,0,0,1,0,1,1,0,0,4,0.0882,0.0548,2,1,0
NCRB-SYNTH-111867,Trial Court,Sec 482 CrPC (Quashing),2,1,1,0,1,0,0,1,1,1,0.4626,1,176,1,1,0.0,1,1.1544,73.48,3673.17,0.0942,1,1,1,1,1,4,0,0,0,1,0,0,1,0,0,3,0.0445,0.0321,2,1,0
NCRB-SYNTH-111868,Trial Court,Writ Petition (Detention),2,3,2,0,1,0,0,1,0,1,0.476,1,108,0,0,0.0664,6,1.0,77.73,24558.98,0.0018,1,0,1,1,0,2,0,0,0,1,1,0,1,1,0,4,0.075,0.0466,2,1,0
NCRB-SYNTH-111883,Trial Court,Writ Petition (Detention),1,5,2,0,1,0,1,1,0,1,0.821,1,173,1,0,0.0655,1,1.034,155.49,21128.37,0.0574,1,1,1,1,1,1,1,0,0,1,0,0,1,1,0,4,0.0144,0.009,2,1,0
NCRB-SYNTH-111884,Trial Court,Writ Petition (Detention),1,4,2,1,1,0,1,1,0,1,0.898,1,33,1,1,0.0472,6,1.1386,62.74,20037.28,0.0183,1,1,0,1,1,3,0,0,0,1,1,0,0,0,0,4,0.0699,0.0434,2,1,0
NCRB-SYNTH-111886,Trial Court,Trial Judgment,21,1,1,0,1,0,1,1,0,1,0.6248,1,108,0,0,0.0386,9,1.0615,74.03,30806.73,0.0254,1,0,1,0,0,2,0,1,1,0,1,1,1,0,0,4,0.0504,0.0313,2,0,0
NCRB-SYNTH-111892,Trial Court,Sec 482 CrPC (Quashing),7,5,1,0,1,1,0,1,0,1,0.3877,1,111,0,1,0.0791,9,1.0506,138.09,22171.6,0.0704,1,1,1,1,1,2,1,0,0,1,1,0,0,0,0,4,0.0166,0.0103,0,1,0
NCRB-SYNTH-111893,Trial Court,Trial Judgment,2,1,1,1,1,0,0,1,0,1,0.8306,1,76,0,0,0.1251,7,1.2007,179.82,3876.83,0.1384,1,1,0,1,0,2,0,0,0,1,1,0,1,0,0,4,0.0556,0.0345,2,1,0
NCRB-SYNTH-111897,High Court,Trial Judgment,1,2,2,0,1,0,1,1,1,0,0.8278,1,92,1,1,0.0886,1,1.145,84.57,4269.08,0.1282,1,0,1,1,0,2,0,1,1,0,1,1,1,1,0,2,0.0612,0.0557,2,0,1
NCRB-SYNTH-111900,Trial Court,Sec 439 CrPC (Regular Bail),4,1,1,0,1,0,0,1,0,0,0.9147,1,115,0,0,0.1076,4,1.0104,179.39,42459.61,0.0868,1,1,1,1,0,2,1,0,0,1,1,0,1,0,1,4,0.0511,0.0318,2,1,0
NCRB-SYNTH-111901,Trial Court,Writ Petition (Detention),2,1,2,0,1,0,0,1,0,0,0.4306,1,173,1,1,0.1292,9,1.1984,116.14,18013.87,0.1938,0,1,1,1,0,2,1,0,0,1,0,0,1,0,0,2,0.0249,0.0227,2,1,0
NCRB-SYNTH-111910,Trial Court,Writ Petition (Detention),1,4,1,0,1,0,0,1,0,1,0.3801,1,67,1,1,0.0,3,1.0037,85.92,34876.17,0.0754,1,1,0,1,1,3,1,0,0,1,1,0,1,0,0,1,0.0296,0.0426,2,1,0
NCRB-SYNTH-111923,Trial Court,Sec 482 CrPC (Quashing),1,1,1,1,1,0,0,1,0,0,0.6609,1,166,0,0,0.1077,1,1.0347,115.25,10292.63,0.1624,1,0,1,1,1,1,1,1,1,0,1,1,0,0,0,4,0.089,0.0553,2,1,1
NCRB-SYNTH-111927,Trial Court,Sec 482 CrPC (Quashing),1,4,2,0,1,0,0,1,0,0,0.8399,1,36,0,0,0.0902,5,1.0608,98.67,33274.14,0.0013,1,0,1,1,1,5,0,1,1,0,1,1,0,0,1,2,0.0621,0.0565,2,0,1
NCRB-SYNTH-111928,Trial Court,Sec 439 CrPC (Regular Bail),4,4,2,0,1,0,0,1,0,1,0.8131,1,87,0,0,0.0094,5,1.1464,166.22,37983.53,0.0594,1,1,1,0,0,4,1,0,0,1,1,0,0,0,0,4,0.0172,0.0107,2,1,0
NCRB-SYNTH-111933,Trial Court,Sec 482 CrPC (Quashing),1,5,1,0,1,0,0,1,0,0,0.7165,1,159,1,1,0.0811,7,1.0,67.82,26618.82,0.1035,1,0,1,1,1,2,1,0,0,1,1,0,1,0,0,4,0.0521,0.0324,2,1,0
NCRB-SYNTH-111934,Trial Court,Trial Judgment,2,3,1,0,1,1,1,1,0,1,0.4298,0,155,1,0,0.0268,7,1.0911,155.68,11808.49,0.0354,1,1,1,1,0,3,0,0,0,1,0,1,1,0,0,2,0.0242,0.022,2,1,0
NCRB-SYNTH-111936,Trial Court,Sec 439 CrPC (Regular Bail),1,4,2,0,1,0,0,1,0,1,0.7992,1,104,1,1,0.0778,3,1.1474,174.2,16117.38,0.0115,1,1,1,1,1,3,1,0,0,1,1,1,1,1,0,3,0.0933,0.0673,2,1,0
NCRB-SYNTH-111939,Trial Court,Sec 439 CrPC (Regular Bail),7,5,2,1,1,0,0,1,0,1,0.4233,1,19,1,1,0.1162,4,1.0,151.12,35203.85,0.0291,0,0,0,1,0,2,1,1,1,0,1,0,0,1,0,1,0.0666,0.096,2,1,0
NCRB-SYNTH-111941,Trial Court,Trial Judgment,2,1,2,0,1,0,1,1,0,1,0.585,1,122,1,1,0.0627,3,1.2038,48.0,13778.22,0.1773,1,1,1,1,1,4,1,0,0,1,1,1,0,0,0,1,0.0338,0.0488,2,1,0
NCRB-SYNTH-111942,Trial Court,Writ Petition (Detention),1,4,2,0,1,0,1,1,0,0,0.4582,1,35,0,0,0.1217,2,1.0,103.36,16976.4,0.0226,1,1,0,0,0,4,1,0,0,1,1,0,0,0,0,4,0.0385,0.0239,2,1,0
NCRB-SYNTH-111952,Trial Court,Writ Petition (Detention),2,2,1,0,1,1,0,1,0,1,0.9515,1,163,0,1,0.0771,4,1.0029,167.11,41509.2,0.0544,0,1,0,1,1,2,0,0,0,1,1,0,1,0,0,1,0.0279,0.0403,2,1,0
NCRB-SYNTH-111953,Trial Court,Writ Petition (Detention),4,5,1,0,1,0,0,1,1,0,0.4288,1,168,0,0,0.0717,3,1.0029,83.62,3505.76,0.0577,1,1,1,0,0,2,0,0,0,1,1,0,1,0,0,2,0.0159,0.0144,2,1,0
NCRB-SYNTH-111964,Trial Court,Writ Petition (Detention),1,5,1,0,1,0,0,1,0,1,0.8526,1,86,0,1,0.0319,6,1.1271,147.4,18181.14,0.0768,1,0,1,0,0,2,1,0,0,1,0,1,1,1,0,1,0.0641,0.0925,2,1,0
NCRB-SYNTH-111968,High Court,Sec 439 CrPC (Regular Bail),4,4,2,0,1,0,0,1,0,0,0.4683,1,71,1,0,0.1038,1,1.0,148.43,21975.74,0.0753,1,1,0,1,1,3,1,0,0,1,1,0,1,0,0,4,0.0344,0.0214,2,1,0
NCRB-SYNTH-111971,High Court,Sec 482 CrPC (Quashing),1,5,1,1,1,1,0,1,0,1,0.5764,0,97,0,0,0.1855,4,1.0226,65.47,44869.08,0.0095,1,1,1,1,0,1,1,0,0,1,1,0,1,1,0,2,0.0168,0.0153,2,1,0
NCRB-SYNTH-111975,Trial Court,Sec 482 CrPC (Quashing),1,2,2,1,1,0,0,1,0,0,0.4458,0,40,0,0,0.0816,6,1.0864,125.05,5883.77,0.1584,1,1,1,1,1,1,0,0,0,1,0,0,0,0,0,3,0.0518,0.0373,2,1,0
NCRB-SYNTH-111981,Trial Court,Trial Judgment,7,1,1,0,1,0,0,1,0,1,0.619,1,22,0,0,0.0864,9,1.0907,175.31,43630.71,0.1048,1,1,0,1,0,3,0,0,0,1,1,0,0,0,0,3,0.0883,0.0637,2,1,0
NCRB-SYNTH-111982,Trial Court,Writ Petition (Detention),1,1,1,0,1,0,1,1,0,0,0.581,1,59,0,0,0.1332,1,1.1327,36.08,18659.25,0.1493,1,1,1,1,1,3,0,0,0,1,1,0,0,0,1,4,0.0903,0.0561,2,1,0
NCRB-SYNTH-111984,High Court,Sec 439 CrPC (Regular Bail),2,5,2,0,1,0,1,1,0,0,0.8563,1,93,0,1,0.0865,2,1.162,78.11,25132.13,0.0842,1,0,0,1,1,2,0,0,0,1,1,0,0,0,0,1,0.0495,0.0714,2,1,0
NCRB-SYNTH-111988,Trial Court,Writ Petition (Detention),4,5,1,0,1,1,1,1,0,1,0.9202,1,173,0,0,0.0514,2,1.0,147.91,11110.99,0.1025,1,1,0,1,1,2,0,0,0,1,1,0,1,0,0,1,0.0498,0.0718,2,1,0
NCRB-SYNTH-111991,Trial Court,Sec 482 CrPC (Quashing),2,2,2,0,1,0,1,1,0,1,0.6327,1,161,0,0,0.0285,2,1.0589,129.61,35544.11,0.0939,1,1,1,1,1,3,0,0,0,1,1,0,0,0,0,1,0.0841,0.1213,2,1,0
NCRB-SYNTH-111992,Trial Court,Sec 439 CrPC (Regular Bail),4,3,1,0,1,1,0,1,0,0,0.9059,1,134,0,0,0.064,4,1.0,30.9,30811.55,0.1105,1,1,1,1,0,6,1,0,0,1,1,1,0,0,0,1,0.0319,0.046,2,1,0
NCRB-SYNTH-111994,Trial Court,Trial Judgment,4,2,2,0,1,0,0,1,0,0,0.4559,1,64,1,0,0.0312,3,1.1597,117.24,10808.46,0.0833,1,1,1,1,0,2,1,0,0,1,1,1,0,0,0,1,0.0698,0.1008,2,1,0
NCRB-SYNTH-111996,Trial Court,Sec 482 CrPC (Quashing),4,2,2,0,1,1,0,1,0,0,0.4365,1,76,1,1,0.1155,3,1.1611,31.87,37257.78,0.0288,1,0,1,0,1,2,1,0,0,1,0,1,0,0,0,4,0.0434,0.0269,2,1,0
NCRB-SYNTH-112002,Trial Court,Writ Petition (Detention),2,3,1,0,1,0,1,1,0,0,0.9471,1,114,0,0,0.0973,4,1.1653,171.32,20081.15,0.0119,0,0,1,1,1,4,0,1,1,0,1,0,0,0,0,2,0.072,0.0655,0,1,1
NCRB-SYNTH-112017,Trial Court,Sec 482 CrPC (Quashing),21,1,2,0,1,0,0,1,0,0,0.6472,1,170,0,0,0.096,4,1.1489,134.84,11556.63,0.1734,1,1,1,1,1,2,0,0,0,1,1,0,0,0,0,4,0.0321,0.0199,2,1,0
NCRB-SYNTH-112019,Trial Court,Writ Petition (Detention),1,5,1,0,1,0,0,1,0,1,0.5344,1,133,0,0,0.102,2,1.2429,152.36,3287.46,0.192,1,0,1,1,1,1,0,0,0,1,1,1,0,1,0,3,0.0272,0.0196,2,1,0
NCRB-SYNTH-112020,High Court,Writ Petition (Detention),2,3,1,0,1,1,0,1,0,0,0.9222,1,98,0,1,0.0942,9,1.1889,51.48,38562.85,0.1651,0,0,1,1,1,3,0,1,1,0,0,1,0,0,0,4,0.0762,0.0474,2,1,1
NCRB-SYNTH-112026,Trial Court,Sec 439 CrPC (Regular Bail),4,3,1,0,1,1,1,1,0,0,0.553,1,147,1,1,0.0817,3,1.2551,65.54,16636.91,0.1324,1,0,1,1,0,2,1,0,0,1,0,1,1,0,0,2,0.0437,0.0398,2,1,0
NCRB-SYNTH-112046,High Court,Writ Petition (Detention),1,3,1,0,1,1,1,1,0,1,0.6922,1,141,1,1,0.0994,4,1.2132,95.45,23179.14,0.0766,1,1,1,1,0,1,0,0,0,1,1,1,1,0,0,1,0.0534,0.0771,2,1,0
NCRB-SYNTH-112050,Trial Court,Sec 482 CrPC (Quashing),4,3,2,0,1,0,1,1,0,0,0.5102,1,95,0,1,0.0,9,1.0,177.18,21177.76,0.037,1,1,0,1,0,1,1,0,0,1,1,1,0,0,0,3,0.0317,0.0229,0,1,0
NCRB-SYNTH-112059,Trial Court,Sec 439 CrPC (Regular Bail),1,1,2,0,1,0,0,1,0,0,0.8748,0,35,0,0,0.0626,2,1.0932,33.38,39099.67,0.0863,1,1,1,1,1,3,1,0,0,1,1,1,0,0,0,3,0.05,0.0361,2,1,0
NCRB-SYNTH-112073,Trial Court,Sec 482 CrPC (Quashing),4,3,1,0,1,1,0,1,0,1,0.4956,1,25,0,0,0.0537,9,1.1274,75.68,9855.98,0.1002,1,1,1,1,1,4,0,0,0,1,1,1,0,0,1,3,0.0795,0.0574,2,1,0
NCRB-SYNTH-112077,Trial Court,Writ Petition (Detention),1,1,2,0,1,0,0,1,0,0,0.764,0,161,0,0,0.0775,7,1.1022,134.31,40298.22,0.0247,1,1,1,1,1,2,0,0,0,1,0,0,0,1,0,1,0.0547,0.079,2,1,0
NCRB-SYNTH-112079,Trial Court,Trial Judgment,1,2,2,0,1,0,1,1,0,1,0.4504,1,50,1,0,0.1906,9,1.0518,110.27,27228.75,0.0512,1,1,1,1,1,2,0,0,0,1,1,1,1,1,0,3,0.0837,0.0604,2,1,0
NCRB-SYNTH-112083,Trial Court,Sec 482 CrPC (Quashing),1,2,1,0,1,0,0,1,1,1,0.7267,1,28,0,1,0.0842,7,1.1822,107.5,44985.66,0.0775,1,1,1,1,0,2,0,0,0,1,1,0,1,0,1,1,0.0723,0.1044,2,1,0
NCRB-SYNTH-112085,Trial Court,Sec 439 CrPC (Regular Bail),1,4,1,1,1,0,0,1,1,1,0.8689,0,130,0,0,0.0992,4,1.0892,133.18,31590.33,0.0039,1,1,1,1,0,4,0,0,0,1,1,1,0,0,0,1,0.0916,0.1321,2,1,0
NCRB-SYNTH-112093,High Court,Sec 482 CrPC (Quashing),21,3,1,0,1,0,0,1,0,0,0.5713,1,45,1,1,0.0096,7,1.2517,104.41,12413.71,0.1347,1,1,1,1,1,3,0,0,0,1,0,0,1,0,0,1,0.0583,0.0841,2,1,0
NCRB-SYNTH-112096,Trial Court,Sec 482 CrPC (Quashing),21,4,1,0,1,0,0,1,0,0,0.3669,1,110,1,0,0.043,9,1.1433,101.61,43628.05,0.1496,0,0,1,1,1,2,1,1,1,0,0,1,1,1,0,1,0.0677,0.0977,2,1,0
NCRB-SYNTH-112097,Trial Court,Sec 482 CrPC (Quashing),1,2,1,0,1,0,0,1,0,1,0.4273,1,39,0,1,0.0504,2,1.0895,98.09,42744.8,0.0512,1,1,1,1,1,2,1,0,0,1,1,0,0,1,0,3,0.0319,0.023,2,1,0
NCRB-SYNTH-112110,Trial Court,Sec 482 CrPC (Quashing),1,3,1,0,1,0,1,1,0,0,0.8223,1,121,0,0,0.1629,9,1.0058,168.68,32044.27,0.0775,1,1,0,0,0,2,0,0,0,1,1,0,1,0,0,1,0.0847,0.1222,0,1,0
NCRB-SYNTH-112111,Trial Court,Writ Petition (Detention),1,1,1,0,1,0,1,1,0,0,0.9809,1,16,1,1,0.1556,5,1.295,160.86,6609.66,0.0094,1,1,1,1,1,3,1,0,0,1,1,0,1,0,0,4,0.0868,0.0539,2,1,0
NCRB-SYNTH-112116,Trial Court,Sec 482 CrPC (Quashing),7,3,1,0,1,0,1,1,0,0,0.7884,1,67,0,0,0.0448,1,1.0021,49.21,33549.62,0.178,1,0,1,1,1,1,0,1,1,0,1,1,0,0,0,3,0.0766,0.0553,2,0,1
NCRB-SYNTH-112134,Trial Court,Trial Judgment,15,3,1,0,1,0,0,1,0,0,0.6387,0,25,0,0,0.049,3,1.1387,46.33,36967.0,0.0741,1,1,1,1,1,2,0,0,0,1,1,1,0,0,0,1,0.0968,0.1396,2,1,0
NCRB-SYNTH-112135,Trial Court,Sec 439 CrPC (Regular Bail),1,5,1,0,1,0,0,1,0,1,0.7185,1,21,0,0,0.0641,6,1.0262,173.15,29446.7,0.0043,1,0,1,0,1,1,1,1,1,0,1,0,0,0,0,3,0.0771,0.0556,2,0,1
NCRB-SYNTH-112139,Trial Court,Writ Petition (Detention),1,4,2,0,1,0,0,1,0,1,0.4938,1,92,0,0,0.1436,2,1.0,80.53,8309.32,0.1867,1,0,1,1,0,1,1,1,1,0,0,1,1,0,1,1,0.0861,0.1242,2,1,0
NCRB-SYNTH-112144,Trial Court,Sec 439 CrPC (Regular Bail),2,4,1,0,1,0,0,1,0,1,0.7819,1,88,0,0,0.0614,5,1.0,85.01,10073.5,0.0421,1,0,0,1,1,2,1,1,1,0,1,0,1,1,1,4,0.0559,0.0348,2,0,1
NCRB-SYNTH-112147,Trial Court,Trial Judgment,2,4,2,0,1,0,1,1,0,0,0.558,1,26,0,0,0.0,6,1.1296,123.84,17688.77,0.0721,1,1,1,1,1,2,1,0,0,1,1,0,1,0,0,1,0.0782,0.1127,2,1,0
NCRB-SYNTH-112148,High Court,Sec 439 CrPC (Regular Bail),15,4,2,0,1,0,1,1,1,0,0.5573,1,45,0,0,0.0685,5,1.0,74.32,23684.2,0.0758,0,1,1,1,1,1,0,0,0,1,1,1,1,0,0,1,0.0968,0.1396,2,1,0
NCRB-SYNTH-112149,High Court,Writ Petition (Detention),1,2,1,1,1,0,1,1,0,0,0.9298,1,170,0,0,0.1083,9,1.0091,132.48,12381.19,0.0047,1,1,1,1,1,2,1,0,0,1,1,1,0,0,0,3,0.0651,0.0469,2,1,0
NCRB-SYNTH-112153,Trial Court,Trial Judgment,4,5,1,0,1,0,0,1,1,0,0.7897,1,125,1,1,0.0843,3,1.2023,94.64,32372.11,0.0756,1,1,1,1,0,2,0,0,0,1,1,0,0,1,0,3,0.0209,0.0151,0,1,0
NCRB-SYNTH-112157,Trial Court,Sec 482 CrPC (Quashing),4,5,2,0,1,0,1,1,1,1,0.5404,1,41,0,0,0.1741,9,1.0,42.95,20121.05,0.0781,1,0,0,1,0,3,0,1,1,0,1,0,0,1,0,2,0.0873,0.0795,2,1,0
NCRB-SYNTH-112158,Trial Court,Sec 482 CrPC (Quashing),1,4,1,0,1,0,1,1,1,0,0.487,0,21,0,0,0.1547,1,1.0,178.58,33750.73,0.0471,0,0,1,1,1,3,0,1,1,0,1,0,1,1,0,4,0.044,0.0273,2,1,0
NCRB-SYNTH-112160,Trial Court,Sec 439 CrPC (Regular Bail),1,4,2,0,1,0,1,1,0,1,0.6228,1,22,0,0,0.1287,1,1.0,36.02,25609.78,0.116,0,1,0,1,1,4,0,0,0,1,1,0,1,0,0,2,0.0617,0.0562,2,1,0
NCRB-SYNTH-112173,High Court,Trial Judgment,1,2,1,0,1,0,0,1,0,0,0.9606,1,129,0,0,0.0716,7,1.0,79.74,3397.95,0.1323,1,1,1,1,0,3,0,0,0,1,1,0,1,0,0,3,0.0449,0.0324,2,1,0
NCRB-SYNTH-112177,Trial Court,Trial Judgment,1,5,2,0,1,0,0,1,0,1,0.7008,1,128,0,0,0.0917,6,1.084,32.91,33361.85,0.1241,0,1,1,1,1,5,1,0,0,1,1,1,1,0,0,1,0.0566,0.0817,2,1,0
NCRB-SYNTH-112180,Trial Court,Trial Judgment,1,4,2,0,1,0,1,1,0,0,0.8247,1,44,0,0,0.1003,8,1.1836,126.02,14299.61,0.0357,1,1,1,1,1,3,1,0,0,1,0,0,0,0,0,1,0.0904,0.1304,2,1,0
NCRB-SYNTH-112185,Trial Court,Writ Petition (Detention),1,5,1,0,1,0,1,1,0,1,0.5373,1,155,0,0,0.0488,7,1.1061,126.65,36356.22,0.0747,1,1,1,1,1,1,1,0,0,1,1,0,1,1,0,3,0.0554,0.04,2,1,0
NCRB-SYNTH-112198,Trial Court,Trial Judgment,2,3,1,0,1,0,0,1,0,1,0.7148,1,42,1,1,0.1048,3,1.0574,143.47,3528.11,0.0842,1,1,1,0,1,1,0,0,0,1,1,0,0,0,0,3,0.0662,0.0478,2,1,0
NCRB-SYNTH-112203,Trial Court,Writ Petition (Detention),1,4,2,0,1,1,0,1,0,1,0.4295,1,170,0,0,0.1276,5,1.1429,137.74,26859.48,0.1302,0,1,1,0,0,2,0,0,0,1,0,0,0,0,0,3,0.0209,0.0151,0,1,0
NCRB-SYNTH-112205,Trial Court,Sec 482 CrPC (Quashing),2,2,2,0,1,0,0,1,0,0,0.99,1,71,1,1,0.037,7,1.2436,177.83,39374.87,0.1282,0,1,0,1,0,2,1,0,0,1,1,1,0,0,0,4,0.053,0.033,2,1,0
NCRB-SYNTH-112206,Trial Court,Sec 439 CrPC (Regular Bail),4,5,2,0,1,0,0,1,0,1,0.9722,0,151,0,0,0.1411,7,1.2291,179.43,18173.29,0.1186,1,1,1,1,0,3,1,0,0,1,1,1,1,1,0,3,0.0674,0.0486,2,1,0
NCRB-SYNTH-112219,High Court,Sec 482 CrPC (Quashing),1,5,1,0,1,0,0,1,0,1,0.9286,1,21,0,0,0.0708,1,1.1099,64.56,44616.43,0.1825,1,1,1,1,0,2,1,0,0,1,0,1,0,0,0,1,0.0638,0.092,2,1,0
NCRB-SYNTH-112221,Trial Court,Sec 439 CrPC (Regular Bail),2,5,1,0,1,0,1,1,0,1,0.5296,1,112,1,0,0.065,2,1.0,137.54,35640.84,0.0746,1,1,1,1,1,3,1,0,0,1,1,1,1,0,0,2,0.0335,0.0305,0,1,0
NCRB-SYNTH-112222,Trial Court,Sec 482 CrPC (Quashing),1,2,2,0,1,1,0,1,0,0,0.6285,1,174,0,0,0.0718,1,1.2585,82.87,22665.03,0.1301,1,1,1,1,1,3,0,0,0,1,1,0,1,0,1,3,0.0497,0.0359,2,1,0
NCRB-SYNTH-112223,Trial Court,Trial Judgment,7,4,1,0,1,0,1,1,0,1,0.5786,1,120,1,0,0.1322,4,1.1954,179.56,30117.19,0.1113,0,0,1,1,1,3,1,1,1,0,1,1,1,0,0,2,0.0582,0.0529,2,0,0
NCRB-SYNTH-112228,Trial Court,Writ Petition (Detention),2,1,1,0,1,1,0,1,0,0,0.6034,1,82,0,0,0.1201,3,1.0,68.07,32316.81,0.1373,1,1,1,1,1,3,0,0,0,1,1,0,0,0,0,1,0.0557,0.0804,2,1,0
NCRB-SYNTH-112233,Trial Court,Sec 482 CrPC (Quashing),15,4,1,0,1,0,0,1,0,0,0.5552,1,130,1,1,0.1554,5,1.0,106.33,4932.89,0.0657,0,1,1,1,0,3,1,0,0,1,1,0,0,0,0,4,0.0358,0.0222,2,1,0
NCRB-SYNTH-112241,Trial Court,Trial Judgment,1,4,2,0,1,0,1,1,0,0,0.7897,1,9,1,0,0.0369,5,1.0646,68.74,35449.51,0.1573,1,0,1,0,1,3,0,1,1,0,1,0,1,0,1,4,0.0809,0.0503,2,1,1
NCRB-SYNTH-112242,Trial Court,Writ Petition (Detention),1,4,1,0,1,0,0,1,0,1,0.8008,1,130,1,1,0.1042,5,1.0,128.01,30925.47,0.1628,1,1,1,1,1,1,0,0,0,1,0,0,1,0,0,4,0.0496,0.0308,2,1,0
NCRB-SYNTH-112245,Trial Court,Sec 439 CrPC (Regular Bail),1,2,2,0,1,0,0,1,0,0,0.8104,1,171,0,0,0.0,8,1.2678,92.89,6898.04,0.0595,1,1,0,1,0,1,0,0,0,1,1,1,1,0,0,2,0.0153,0.0139,2,1,0
NCRB-SYNTH-112246,Trial Court,Sec 439 CrPC (Regular Bail),1,3,1,1,1,0,1,1,0,0,0.8053,1,121,0,0,0.0764,2,1.2137,142.26,24775.06,0.1169,1,0,1,1,0,3,0,0,0,1,0,1,1,0,1,3,0.0841,0.0607,2,1,0
NCRB-SYNTH-112247,Trial Court,Sec 439 CrPC (Regular Bail),1,3,2,0,1,0,0,1,0,0,0.5068,1,76,0,0,0.0,8,1.281,93.1,24406.42,0.1042,1,0,1,1,1,2,0,0,0,1,1,1,1,1,0,3,0.0381,0.0275,2,1,0
NCRB-SYNTH-112248,Trial Court,Sec 439 CrPC (Regular Bail),4,1,2,0,1,0,0,1,0,0,0.7773,1,134,0,0,0.0622,9,1.1684,169.21,37381.63,0.199,1,1,0,1,1,2,0,0,0,1,1,1,0,1,0,4,0.0151,0.0094,2,1,0
NCRB-SYNTH-112264,High Court,Writ Petition (Detention),2,3,2,0,1,0,1,1,0,1,0.7126,1,91,0,0,0.104,6,1.0705,41.21,36621.3,0.0855,0,1,1,1,1,6,0,0,0,1,1,1,0,0,0,4,0.0255,0.0158,2,1,0
NCRB-SYNTH-112267,Trial Court,Trial Judgment,2,1,1,0,1,0,0,1,0,0,0.767,1,97,0,0,0.0744,8,1.0,139.94,3494.16,0.0747,1,1,1,1,1,2,0,0,0,1,1,1,1,0,0,1,0.0725,0.1046,2,1,0
NCRB-SYNTH-112270,Trial Court,Writ Petition (Detention),7,5,2,0,1,0,1,1,0,0,0.4443,1,157,0,0,0.0289,6,1.0286,176.99,17825.31,0.01,1,1,0,1,0,4,0,0,0,1,1,1,1,0,0,2,0.0541,0.0492,2,1,0
NCRB-SYNTH-112272,Trial Court,Sec 482 CrPC (Quashing),1,1,1,0,1,0,0,1,0,0,0.8601,1,44,1,1,0.1171,3,1.0,77.57,29653.9,0.1989,1,1,1,1,0,2,1,0,0,1,0,1,0,0,0,4,0.083,0.0516,2,1,0
NCRB-SYNTH-112289,Trial Court,Writ Petition (Detention),1,1,2,0,1,0,1,1,0,1,0.4816,0,119,0,0,0.1014,9,1.0508,168.84,20099.41,0.0162,1,0,1,0,1,3,1,0,0,1,1,0,1,1,1,2,0.0806,0.0734,2,1,0
NCRB-SYNTH-112290,Trial Court,Sec 439 CrPC (Regular Bail),7,2,2,0,1,0,1,1,0,1,0.466,1,107,0,0,0.0831,5,1.0656,73.24,31104.91,0.0299,1,0,1,1,1,7,0,1,1,0,1,1,0,0,1,4,0.0513,0.0319,2,0,0
NCRB-SYNTH-112299,Trial Court,Sec 439 CrPC (Regular Bail),2,4,2,0,1,0,0,1,0,0,0.4892,1,176,0,0,0.114,5,1.1027,125.58,7245.98,0.0421,1,0,0,0,1,1,1,0,0,1,1,1,0,0,1,2,0.0225,0.0205,0,1,0
NCRB-SYNTH-112309,High Court,Trial Judgment,1,3,1,0,1,1,0,1,0,0,0.8012,1,90,0,0,0.1522,3,1.1549,45.27,30366.65,0.1398,1,1,1,1,1,3,0,0,0,1,1,1,1,0,0,1,0.0504,0.0727,2,1,0
NCRB-SYNTH-112318,High Court,Sec 439 CrPC (Regular Bail),1,3,2,0,1,0,0,1,0,1,0.4933,1,166,1,1,0.0504,9,1.06,114.48,33742.12,0.074,0,0,1,1,1,2,0,1,1,0,1,1,0,1,0,1,0.0825,0.119,2,1,0
NCRB-SYNTH-112319,Trial Court,Sec 439 CrPC (Regular Bail),1,1,1,0,1,0,0,1,0,0,0.9043,1,72,1,1,0.0714,7,1.0946,58.26,26529.31,0.1504,1,0,1,0,0,5,0,0,0,1,0,1,1,0,0,2,0.0224,0.0204,2,1,0
NCRB-SYNTH-112323,Trial Court,Trial Judgment,4,1,1,0,1,1,0,1,0,1,0.6545,1,130,0,0,0.133,3,1.0,34.49,27688.29,0.0741,1,1,1,1,0,2,1,0,0,1,1,1,0,0,0,1,0.0717,0.1034,2,1,0
NCRB-SYNTH-112328,Trial Court,Sec 482 CrPC (Quashing),1,1,1,0,1,0,1,1,0,1,0.4761,1,143,0,1,0.1005,7,1.0,101.2,3739.64,0.1916,1,1,1,0,0,4,1,0,0,1,1,0,1,0,1,3,0.077,0.0555,2,1,0
NCRB-SYNTH-112330,Trial Court,Sec 439 CrPC (Regular Bail),15,2,1,0,1,0,1,1,0,1,0.5389,1,134,0,0,0.1917,7,1.0643,165.44,38713.47,0.1846,1,0,1,1,1,2,0,1,1,0,1,0,0,1,0,1,0.0788,0.1137,2,0,0
NCRB-SYNTH-112336,Trial Court,Sec 439 CrPC (Regular Bail),1,4,1,0,1,0,0,1,0,1,0.7207,1,171,1,1,0.1666,7,1.1333,136.06,22250.5,0.1433,1,1,1,1,0,2,0,0,0,1,1,1,1,0,0,4,0.0294,0.0183,0,1,0
NCRB-SYNTH-112337,Trial Court,Sec 482 CrPC (Quashing),1,1,1,1,1,1,0,1,0,1,0.4891,1,42,0,0,0.0,8,1.0868,155.49,31986.01,0.1768,0,1,1,1,0,1,1,0,0,1,1,0,1,0,0,4,0.0349,0.0217,2,1,0
NCRB-SYNTH-112340,Trial Court,Sec 439 CrPC (Regular Bail),1,5,2,0,1,1,1,1,0,1,0.4904,1,53,1,1,0.1243,4,1.0,100.47,9315.44,0.1814,1,0,1,1,0,2,0,1,1,0,1,0,1,0,0,2,0.0391,0.0356,2,0,0
NCRB-SYNTH-112347,Trial Court,Writ Petition (Detention),1,1,2,0,1,1,0,1,0,0,0.6706,1,68,0,0,0.044,8,1.2148,153.86,33319.79,0.0927,0,1,1,1,1,3,0,0,0,1,1,0,0,0,0,1,0.0969,0.1398,0,1,0
NCRB-SYNTH-112349,Trial Court,Sec 439 CrPC (Regular Bail),15,3,1,0,1,0,1,1,0,0,0.5986,0,125,0,0,0.1194,2,1.1521,173.27,25295.37,0.0998,1,1,0,1,1,2,0,0,0,1,1,1,0,1,0,2,0.0832,0.0758,2,1,0
NCRB-SYNTH-112350,Trial Court,Sec 439 CrPC (Regular Bail),2,2,1,0,1,1,0,1,0,0,0.9249,1,106,1,1,0.0681,4,1.0248,55.21,32391.6,0.0827,1,1,1,1,0,3,0,0,0,1,0,1,1,0,0,1,0.0214,0.0308,2,1,0
NCRB-SYNTH-112359,Trial Court,Trial Judgment,2,5,1,1,1,0,0,1,0,0,0.5119,1,40,1,1,0.0657,4,1.207,162.61,28872.97,0.1076,0,1,1,1,0,3,1,0,0,1,1,0,0,1,0,2,0.0219,0.0199,2,1,0
NCRB-SYNTH-112364,Trial Court,Trial Judgment,7,5,2,0,1,1,0,1,0,1,0.7125,1,38,1,1,0.107,9,1.0147,72.37,21853.13,0.0974,1,0,1,1,0,1,1,1,1,0,1,1,0,0,0,4,0.0551,0.0343,2,1,1
NCRB-SYNTH-112366,Trial Court,Sec 439 CrPC (Regular Bail),2,1,2,0,1,0,0,1,0,0,0.4747,1,149,0,0,0.0443,5,1.1607,97.57,11214.35,0.1766,1,0,0,1,0,2,1,0,0,1,1,0,0,0,0,1,0.0974,0.1405,0,1,0
NCRB-SYNTH-112371,Trial Court,Sec 439 CrPC (Regular Bail),1,5,2,0,1,1,0,1,0,1,0.811,1,34,0,0,0.1604,9,1.1711,89.39,15341.17,0.1735,1,1,0,1,0,2,0,0,0,1,1,0,1,0,0,4,0.0553,0.0343,2,1,0
NCRB-SYNTH-112377,Trial Court,Sec 482 CrPC (Quashing),4,4,2,0,1,0,0,1,0,1,0.7888,0,84,0,1,0.0428,7,1.0551,57.53,22176.84,0.0337,1,0,1,1,1,4,0,1,1,0,0,0,0,0,0,4,0.0101,0.0063,2,0,1
NCRB-SYNTH-112398,Trial Court,Sec 482 CrPC (Quashing),2,4,2,0,1,0,1,1,0,0,0.4837,0,175,1,1,0.0547,4,1.2295,55.98,28075.9,0.0623,1,0,1,0,0,3,1,1,1,0,1,0,1,0,0,1,0.0659,0.095,2,0,0
NCRB-SYNTH-112406,Trial Court,Trial Judgment,4,5,2,0,1,1,1,1,1,0,0.5197,1,73,0,0,0.0157,3,1.046,109.63,23705.72,0.0077,0,1,1,1,1,2,0,0,0,1,1,0,1,1,0,2,0.0927,0.0844,2,1,0
NCRB-SYNTH-112407,Trial Court,Trial Judgment,1,5,2,0,1,0,0,1,0,1,0.4918,1,27,1,1,0.036,9,1.1935,118.68,32442.13,0.0669,0,0,1,1,0,6,0,1,1,0,0,0,1,0,0,4,0.0327,0.0203,2,1,0
NCRB-SYNTH-112415,Trial Court,Trial Judgment,21,1,1,0,1,0,0,1,0,0,0.4779,1,69,1,1,0.0857,8,1.1503,100.13,34901.94,0.1235,1,0,1,1,1,3,1,1,1,0,0,1,1,0,0,4,0.0675,0.0419,0,1,0
NCRB-SYNTH-112416,Trial Court,Writ Petition (Detention),1,5,1,0,1,0,0,1,0,0,0.7017,1,143,0,0,0.1241,6,1.0564,71.22,8136.72,0.1661,1,1,1,1,1,1,1,0,0,1,1,0,1,0,0,1,0.0978,0.141,2,1,0
NCRB-SYNTH-112417,Trial Court,Trial Judgment,4,2,2,0,1,0,1,1,0,1,0.3647,1,133,1,0,0.0494,3,1.2486,58.47,32531.96,0.1976,1,1,0,1,1,1,1,0,0,1,1,0,0,0,1,3,0.0464,0.0335,2,1,0
NCRB-SYNTH-112423,High Court,Trial Judgment,1,5,2,0,1,0,0,1,0,1,0.8592,1,88,1,1,0.0738,4,1.1181,62.58,44073.51,0.0597,1,1,1,1,0,2,1,0,0,1,1,1,0,0,0,3,0.0117,0.0085,2,1,0
NCRB-SYNTH-112432,Trial Court,Sec 482 CrPC (Quashing),1,4,2,0,1,0,0,1,0,0,0.771,0,98,0,0,0.0821,3,1.0627,121.61,31139.49,0.0071,1,0,1,1,1,4,0,1,1,0,1,1,0,0,0,1,0.0331,0.0478,2,1,1
NCRB-SYNTH-112439,High Court,Sec 439 CrPC (Regular Bail),2,2,2,0,1,0,1,1,0,0,0.6693,1,154,0,0,0.1193,3,1.2481,60.85,26961.78,0.1345,1,0,1,1,0,2,0,1,1,0,1,0,0,0,0,4,0.0203,0.0126,2,1,1
NCRB-SYNTH-112445,High Court,Sec 439 CrPC (Regular Bail),1,2,1,0,1,0,0,1,0,0,0.9061,0,25,0,0,0.0675,5,1.2053,57.55,21621.57,0.0122,1,1,1,0,0,1,0,0,0,1,1,0,0,0,0,4,0.0262,0.0162,2,1,0
NCRB-SYNTH-112446,Trial Court,Sec 439 CrPC (Regular Bail),1,4,1,0,1,0,0,1,0,1,0.4903,1,177,0,0,0.0977,2,1.2175,80.5,21378.88,0.1244,1,1,1,0,1,2,1,0,0,1,1,0,0,1,1,1,0.0188,0.0271,2,1,0
NCRB-SYNTH-112453,Trial Court,Trial Judgment,1,2,2,0,1,0,0,1,1,0,0.5459,1,165,1,1,0.0428,7,1.0738,112.09,33230.62,0.0146,1,1,1,1,0,2,0,0,0,1,1,1,0,0,0,1,0.0589,0.0849,2,1,0
NCRB-SYNTH-112456,Trial Court,Sec 482 CrPC (Quashing),2,5,1,0,1,0,1,1,0,0,0.5925,0,111,1,1,0.0824,5,1.0,36.98,20437.0,0.1878,1,1,1,1,1,3,0,0,0,1,1,0,1,0,0,3,0.0859,0.062,0,1,0
NCRB-SYNTH-112461,Trial Court,Sec 439 CrPC (Regular Bail),1,1,1,0,1,0,0,1,1,1,0.7607,1,104,1,1,0.0952,3,1.0,134.4,31493.09,0.1796,1,0,1,1,1,3,0,1,1,0,1,0,0,0,1,4,0.0197,0.0122,2,1,1
NCRB-SYNTH-112468,Trial Court,Sec 439 CrPC (Regular Bail),1,4,2,0,1,0,0,1,0,0,0.412,1,52,0,0,0.1112,2,1.2045,138.64,30359.22,0.0067,0,0,1,0,1,3,0,0,0,1,1,0,1,0,0,2,0.022,0.02,2,1,0
NCRB-SYNTH-112480,High Court,Sec 482 CrPC (Quashing),2,1,1,0,1,0,1,1,0,0,0.454,1,35,0,0,0.0603,5,1.0752,76.69,36819.49,0.0389,1,1,1,0,1,2,0,0,0,1,1,0,0,0,1,3,0.0809,0.0584,0,1,0
NCRB-SYNTH-112484,Trial Court,Trial Judgment,7,5,2,0,1,0,0,1,0,0,0.907,1,57,1,1,0.0941,7,1.1152,113.88,38683.87,0.071,0,1,1,1,0,2,0,0,0,1,1,0,1,0,0,4,0.0719,0.0447,2,1,0
NCRB-SYNTH-112488,Trial Court,Sec 439 CrPC (Regular Bail),1,3,1,0,1,1,0,1,0,0,0.8685,1,32,1,1,0.0522,7,1.0725,88.95,20774.02,0.105,1,1,1,1,1,2,1,0,0,1,0,0,0,0,0,4,0.0518,0.0322,2,1,0
NCRB-SYNTH-112494,Trial Court,Sec 482 CrPC (Quashing),1,1,1,0,1,0,1,1,0,0,0.4825,0,107,0,0,0.092,4,1.0105,89.6,6896.1,0.1041,0,1,1,1,1,3,0,0,0,1,1,0,1,0,0,3,0.0799,0.0576,2,1,0
NCRB-SYNTH-112495,High Court,Writ Petition (Detention),1,5,2,0,1,0,1,1,0,1,0.5784,1,175,1,1,0.1326,8,1.0,76.47,24296.35,0.0008,1,1,0,1,1,2,0,0,0,1,0,0,0,0,0,3,0.0305,0.022,2,1,0
