case_reference_id,court_level,case_type,number_of_cases_alleged,number_of_accused,victim_count,cross_state_indicator,cybercrime_indicator,financial_fraud_indicator,evidence_completeness_score,charge_sheet_filed,custody_duration_days,statutory_cert_present,chain_of_custody_complete,night_call_ratio,call_burst_frequency,imei_sim_swap_ratio,avg_call_duration_sec,amount_credited_to_accused_ratio,victim_identification_success,test_identification_parade_validity,reasonable_doubt_identity_gap,network_degree,network_betweenness,topological_kingpin_score,label_bail_or_custody_relief
NCRB-SYNTH-100002,High Court,Sec 482 CrPC (Quashing),1,1,2,0,0,0,0.3304,0,43,0,0,0.0699,6,1.1418,40.0,0.0874,1,1,0,2,0.0245,0.0223,1
NCRB-SYNTH-100008,Trial Court,Sec 482 CrPC (Quashing),1,3,2,0,0,0,0.2509,0,29,0,0,0.041,2,1.0931,112.21,0.1663,1,1,0,3,0.0196,0.0142,1
NCRB-SYNTH-100012,Trial Court,Sec 482 CrPC (Quashing),4,1,2,0,0,0,0.1871,1,4,0,1,0.0187,8,1.1598,167.37,0.1586,1,1,0,3,0.0175,0.0126,1
NCRB-SYNTH-100034,Trial Court,Sec 482 CrPC (Quashing),7,3,1,0,0,0,0.3533,0,12,1,1,0.0785,2,1.1814,33.41,0.1263,0,0,1,4,0.0169,0.0105,1
NCRB-SYNTH-100035,Trial Court,Writ Petition (Detention),1,5,1,0,1,0,0.1946,0,33,0,0,0.0,1,1.11,119.66,0.1122,0,0,1,3,0.0729,0.0526,1
NCRB-SYNTH-100044,Trial Court,Sec 482 CrPC (Quashing),1,4,1,0,0,0,0.1751,1,32,0,0,0.0226,3,1.0228,88.88,0.1106,1,1,0,4,0.0694,0.0431,1
NCRB-SYNTH-100051,Trial Court,Sec 482 CrPC (Quashing),2,1,2,0,0,0,0.2156,1,17,1,1,0.0452,9,1.0445,34.13,0.1244,1,1,0,3,0.051,0.0368,1
NCRB-SYNTH-100053,Trial Court,Sec 482 CrPC (Quashing),4,2,2,0,0,1,0.3483,1,37,0,0,0.1112,4,1.1132,155.94,0.049,1,1,0,3,0.0276,0.0199,1
NCRB-SYNTH-100054,Trial Court,Sec 482 CrPC (Quashing),4,3,2,0,0,0,0.1627,0,1,0,1,0.1268,7,1.1704,70.45,0.1276,1,1,0,2,0.0876,0.0797,1
NCRB-SYNTH-100056,Trial Court,Sec 439 CrPC (Regular Bail),1,3,2,0,1,0,0.1091,1,40,1,1,0.0559,7,1.0,95.91,0.1287,0,0,1,3,0.0744,0.0537,1
NCRB-SYNTH-100070,Trial Court,Sec 482 CrPC (Quashing),7,2,1,0,0,0,0.2885,0,28,1,1,0.0044,2,1.1415,30.98,0.0864,1,1,0,2,0.0759,0.0691,1
NCRB-SYNTH-100081,Trial Court,Trial Judgment,7,1,1,1,0,0,0.1685,1,24,0,0,0.1101,2,1.2612,153.26,0.097,1,1,0,1,0.0383,0.0553,1
NCRB-SYNTH-100089,Trial Court,Sec 482 CrPC (Quashing),7,4,2,0,1,0,0.2414,0,37,0,1,0.0719,9,1.2686,60.41,0.1557,1,1,0,4,0.0508,0.0316,1
NCRB-SYNTH-100105,Trial Court,Sec 482 CrPC (Quashing),1,5,2,0,0,1,0.1792,0,32,0,0,0.0233,1,1.0045,142.07,0.171,1,1,0,1,0.0327,0.0472,1
NCRB-SYNTH-100113,Trial Court,Writ Petition (Detention),15,2,2,0,0,1,0.2283,0,7,0,0,0.0778,9,1.2661,177.65,0.0091,1,1,0,3,0.032,0.0231,1
NCRB-SYNTH-100116,Trial Court,Sec 482 CrPC (Quashing),2,3,2,0,0,0,0.2026,0,15,0,0,0.1013,7,1.2102,127.45,0.1581,1,1,0,2,0.0239,0.0217,1
NCRB-SYNTH-100119,Trial Court,Sec 439 CrPC (Regular Bail),2,2,1,0,0,0,0.2139,0,27,1,1,0.0196,7,1.3403,156.18,0.0506,1,1,0,2,0.0646,0.0588,1
NCRB-SYNTH-100122,Trial Court,Sec 482 CrPC (Quashing),2,3,2,0,1,0,0.2533,0,43,0,1,0.0685,6,1.0434,34.9,0.1694,1,1,0,2,0.0832,0.0757,1
NCRB-SYNTH-100128,Trial Court,Sec 482 CrPC (Quashing),1,4,2,0,0,0,0.1339,0,27,0,0,0.0967,1,1.041,134.19,0.1382,1,1,0,1,0.0374,0.0539,1
NCRB-SYNTH-100135,Trial Court,Sec 482 CrPC (Quashing),1,1,1,0,0,0,0.0853,0,33,0,0,0.0582,4,1.2724,58.92,0.1334,1,1,0,3,0.027,0.0195,1
NCRB-SYNTH-100140,Trial Court,Writ Petition (Detention),1,4,2,0,0,0,0.3774,1,44,1,1,0.0,1,1.1234,82.95,0.1493,1,1,0,1,0.0254,0.0367,1
NCRB-SYNTH-100141,Trial Court,Sec 482 CrPC (Quashing),1,1,1,0,0,0,0.3366,0,1,0,0,0.0562,4,1.0,174.59,0.1006,1,1,0,2,0.0629,0.0572,1
NCRB-SYNTH-100151,High Court,Sec 482 CrPC (Quashing),1,4,2,0,0,0,0.2974,0,38,1,1,0.0,4,1.0,132.07,0.1858,1,1,0,2,0.0764,0.0695,1
NCRB-SYNTH-100155,Trial Court,Sec 482 CrPC (Quashing),1,4,1,0,0,0,0.2655,1,26,0,0,0.0709,7,1.1741,74.68,0.0776,1,1,0,4,0.0794,0.0493,1
NCRB-SYNTH-100179,Trial Court,Sec 439 CrPC (Regular Bail),2,4,2,0,1,0,0.199,0,16,0,0,0.041,5,1.2529,103.39,0.0246,0,0,1,4,0.0346,0.0215,1
NCRB-SYNTH-100183,High Court,Sec 482 CrPC (Quashing),15,2,2,0,0,0,0.318,1,11,0,0,0.057,6,1.1857,165.98,0.1055,1,1,0,4,0.0749,0.0465,1
NCRB-SYNTH-100184,High Court,Sec 482 CrPC (Quashing),4,4,1,0,0,0,0.159,1,17,1,1,0.101,1,1.0,179.15,0.0144,1,1,0,3,0.0129,0.0093,1
NCRB-SYNTH-100192,Trial Court,Sec 482 CrPC (Quashing),7,4,2,0,0,1,0.3751,0,32,0,1,0.0097,7,1.1343,76.5,0.0081,1,1,0,1,0.0408,0.0588,1
NCRB-SYNTH-100193,Trial Court,Sec 439 CrPC (Regular Bail),2,5,2,0,0,0,0.2884,0,36,0,0,0.0513,8,1.0669,61.37,0.1174,1,1,0,1,0.0383,0.0552,1
NCRB-SYNTH-100198,Trial Court,Sec 439 CrPC (Regular Bail),21,3,1,0,0,0,0.1556,0,45,0,0,0.0789,3,1.1735,70.59,0.0394,0,0,1,4,0.098,0.0609,1
NCRB-SYNTH-100199,Trial Court,Sec 482 CrPC (Quashing),1,2,2,0,0,0,0.2667,0,11,1,1,0.0,5,1.0209,31.94,0.1688,1,1,0,2,0.0585,0.0532,1
NCRB-SYNTH-100204,Trial Court,Sec 482 CrPC (Quashing),4,2,2,0,0,0,0.3406,0,20,0,0,0.142,8,1.0401,143.59,0.0114,0,0,1,1,0.0513,0.074,1
NCRB-SYNTH-100227,Trial Court,Sec 482 CrPC (Quashing),4,5,1,0,0,0,0.1574,0,20,0,0,0.0647,8,1.0,37.99,0.0108,1,1,0,4,0.0807,0.0502,1
NCRB-SYNTH-100229,Trial Court,Sec 482 CrPC (Quashing),1,3,2,0,0,0,0.2335,0,30,0,1,0.1032,3,1.1408,131.96,0.0276,1,1,0,4,0.0336,0.0209,1
NCRB-SYNTH-100241,Trial Court,Writ Petition (Detention),2,3,1,0,0,0,0.1135,1,19,0,0,0.0,1,1.0333,71.62,0.0411,1,1,0,3,0.0588,0.0424,1
NCRB-SYNTH-100242,Trial Court,Sec 482 CrPC (Quashing),7,2,1,0,0,0,0.3474,0,40,1,1,0.0694,2,1.0708,172.29,0.1343,1,1,0,3,0.0583,0.0421,1
NCRB-SYNTH-100243,Trial Court,Sec 439 CrPC (Regular Bail),1,5,2,0,0,0,0.1544,1,42,1,1,0.0153,2,1.149,175.63,0.0299,1,1,0,4,0.071,0.0441,1
NCRB-SYNTH-100246,Trial Court,Sec 482 CrPC (Quashing),15,5,2,0,0,0,0.4008,0,26,0,1,0.0474,3,1.1824,168.71,0.1462,1,1,0,4,0.0603,0.0374,1
NCRB-SYNTH-100248,Trial Court,Sec 482 CrPC (Quashing),4,3,2,0,0,0,0.2554,0,27,1,1,0.0054,6,1.0435,72.68,0.0395,1,1,0,3,0.0673,0.0486,1
NCRB-SYNTH-100249,Trial Court,Sec 482 CrPC (Quashing),1,4,1,0,0,0,0.2494,0,7,0,0,0.056,1,1.1959,51.51,0.1742,1,1,0,2,0.0678,0.0617,1
NCRB-SYNTH-100250,Trial Court,Sec 439 CrPC (Regular Bail),2,1,1,0,0,0,0.2179,0,40,1,1,0.1119,4,1.0,67.41,0.0218,1,1,0,2,0.0867,0.079,1
NCRB-SYNTH-100253,Trial Court,Sec 482 CrPC (Quashing),1,1,1,0,0,0,0.3428,0,26,0,1,0.0757,8,1.0031,101.03,0.0652,1,1,0,4,0.0898,0.0558,1
NCRB-SYNTH-100257,Trial Court,Sec 482 CrPC (Quashing),1,1,1,0,0,0,0.2953,0,14,1,1,0.0545,4,1.0728,126.13,0.1468,1,1,0,3,0.0206,0.0148,1
NCRB-SYNTH-100262,Trial Court,Writ Petition (Detention),1,4,1,0,0,0,0.3351,0,26,0,0,0.1021,3,1.0972,125.59,0.1291,1,1,0,1,0.0471,0.0679,1
NCRB-SYNTH-100265,Trial Court,Sec 482 CrPC (Quashing),2,2,1,0,0,0,0.1918,1,28,0,1,0.0559,5,1.3573,75.27,0.111,1,1,0,1,0.0207,0.0299,1
NCRB-SYNTH-100273,Trial Court,Sec 482 CrPC (Quashing),1,3,1,0,0,0,0.2885,0,36,1,1,0.0946,4,1.282,41.13,0.1838,1,1,0,3,0.0711,0.0513,1
NCRB-SYNTH-100274,Trial Court,Sec 482 CrPC (Quashing),1,4,1,0,0,0,0.0867,0,1,0,0,0.1355,2,1.0884,108.92,0.0182,1,1,0,2,0.0373,0.0339,1
NCRB-SYNTH-100281,Trial Court,Sec 482 CrPC (Quashing),1,4,1,0,0,0,0.2127,0,26,1,0,0.083,7,1.2899,67.52,0.0444,1,1,0,2,0.0606,0.0552,1
NCRB-SYNTH-100306,Trial Court,Sec 482 CrPC (Quashing),1,3,1,0,0,0,0.161,0,1,1,1,0.0,1,1.0445,70.95,0.1111,0,0,1,1,0.0864,0.1247,1
NCRB-SYNTH-100314,Trial Court,Sec 482 CrPC (Quashing),1,5,1,0,0,0,0.1125,0,15,1,1,0.0115,5,1.0,164.1,0.1311,1,1,0,3,0.0349,0.0252,1
NCRB-SYNTH-100325,Trial Court,Sec 482 CrPC (Quashing),1,5,2,0,0,0,0.1806,1,30,0,1,0.0559,7,1.1477,85.91,0.1401,1,1,0,3,0.0549,0.0396,1
NCRB-SYNTH-100337,High Court,Writ Petition (Detention),1,4,1,0,0,0,0.2523,1,41,0,0,0.0681,7,1.0,167.38,0.1315,1,1,0,1,0.0827,0.1193,1
NCRB-SYNTH-100352,Trial Court,Sec 482 CrPC (Quashing),1,5,1,0,0,0,0.0904,1,32,0,1,0.0,1,1.1944,118.67,0.0932,1,1,0,3,0.0287,0.0207,1
NCRB-SYNTH-100359,Trial Court,Sec 439 CrPC (Regular Bail),21,1,2,1,0,0,0.359,0,46,0,0,0.0714,6,1.0259,141.4,0.0329,0,0,1,3,0.078,0.0563,1
NCRB-SYNTH-100365,Trial Court,Sec 439 CrPC (Regular Bail),1,4,1,0,0,0,0.3792,1,40,1,1,0.0156,6,1.1329,152.88,0.1299,0,0,1,2,0.0447,0.0407,1
NCRB-SYNTH-100367,High Court,Trial Judgment,7,3,1,1,1,0,0.1536,1,33,0,0,0.0,5,1.0291,109.45,0.1256,0,0,1,2,0.0505,0.0459,1
NCRB-SYNTH-100368,Trial Court,Sec 482 CrPC (Quashing),15,1,2,0,0,0,0.1633,0,32,0,0,0.0417,8,1.1373,90.76,0.1887,1,1,0,2,0.098,0.0892,1
NCRB-SYNTH-100384,Trial Court,Sec 482 CrPC (Quashing),1,2,1,0,0,0,0.3568,0,22,1,1,0.0367,7,1.2846,38.01,0.1662,1,1,0,4,0.0686,0.0426,1
NCRB-SYNTH-100391,Trial Court,Sec 482 CrPC (Quashing),1,2,1,0,0,0,0.2386,0,35,0,0,0.0213,7,1.2539,87.13,0.0676,1,1,0,3,0.019,0.0137,1
NCRB-SYNTH-100396,Trial Court,Sec 482 CrPC (Quashing),1,2,1,0,1,0,0.2219,1,25,1,1,0.0307,2,1.0533,154.48,0.1006,1,1,0,2,0.0396,0.0361,1
NCRB-SYNTH-100397,Trial Court,Writ Petition (Detention),2,1,2,0,0,1,0.3488,0,5,0,1,0.1477,7,1.0,155.04,0.1121,1,1,0,1,0.0999,0.1441,1
NCRB-SYNTH-100402,High Court,Sec 482 CrPC (Quashing),2,3,2,0,0,0,0.1738,0,23,0,1,0.0226,3,1.2706,51.12,0.0085,1,1,0,1,0.0563,0.0812,1
NCRB-SYNTH-100406,Trial Court,Sec 482 CrPC (Quashing),1,3,1,0,0,0,0.1859,0,36,0,0,0.0442,9,1.0,110.07,0.1035,1,1,0,1,0.093,0.1342,1
NCRB-SYNTH-100409,High Court,Sec 482 CrPC (Quashing),45,4,1,0,0,0,0.2074,0,15,1,1,0.0481,6,1.0292,77.6,0.12,0,0,1,4,0.0459,0.0285,1
NCRB-SYNTH-100412,Trial Court,Trial Judgment,1,4,2,0,0,0,0.1141,1,7,0,0,0.0395,7,1.0234,132.07,0.1102,1,1,0,3,0.0994,0.0717,1
NCRB-SYNTH-100413,High Court,Sec 482 CrPC (Quashing),2,1,2,0,0,0,0.2794,0,38,0,0,0.0,9,1.2016,153.8,0.112,0,0,1,4,0.0941,0.0585,1
NCRB-SYNTH-100428,Trial Court,Sec 482 CrPC (Quashing),1,5,1,0,0,0,0.3447,0,18,0,0,0.0786,7,1.04,62.15,0.0706,1,1,0,3,0.0934,0.0674,1
NCRB-SYNTH-100442,Trial Court,Sec 482 CrPC (Quashing),2,3,2,0,0,1,0.1222,0,31,0,0,0.0412,3,1.1542,84.61,0.0977,0,0,1,3,0.0216,0.0156,1
NCRB-SYNTH-100446,Trial Court,Sec 439 CrPC (Regular Bail),2,5,1,0,1,0,0.2935,0,28,0,0,0.0969,6,1.0,135.11,0.1064,0,0,1,3,0.0979,0.0706,1
NCRB-SYNTH-100447,Trial Court,Sec 439 CrPC (Regular Bail),1,1,1,0,0,0,0.3495,0,38,0,0,0.1086,1,1.1657,109.74,0.0543,0,0,1,3,0.0219,0.0158,1
NCRB-SYNTH-100454,Trial Court,Sec 482 CrPC (Quashing),1,2,1,0,0,0,0.1399,1,3,0,0,0.0449,9,1.0182,45.07,0.1809,1,1,0,3,0.0804,0.058,1
NCRB-SYNTH-100465,Trial Court,Sec 482 CrPC (Quashing),1,4,1,0,0,1,0.1929,0,41,1,1,0.0459,3,1.0,78.37,0.0812,1,1,0,2,0.0368,0.0335,1
NCRB-SYNTH-100468,Trial Court,Sec 439 CrPC (Regular Bail),21,4,2,0,0,1,0.1828,1,13,0,0,0.0575,9,1.0,179.17,0.1586,1,1,0,1,0.0576,0.0831,1
NCRB-SYNTH-100470,Trial Court,Sec 482 CrPC (Quashing),21,1,1,0,0,0,0.1153,0,24,1,1,0.0181,4,1.1693,39.61,0.0547,1,1,0,1,0.0745,0.1074,1
NCRB-SYNTH-100472,Trial Court,Trial Judgment,1,1,2,0,0,1,0.3496,1,16,0,0,0.0757,9,1.0,91.63,0.1254,1,1,0,3,0.0352,0.0254,1
NCRB-SYNTH-100474,Trial Court,Sec 482 CrPC (Quashing),4,4,2,0,1,0,0.2245,0,32,0,0,0.0446,1,1.0335,34.76,0.1112,1,1,0,4,0.0344,0.0214,1
NCRB-SYNTH-100476,Trial Court,Sec 482 CrPC (Quashing),7,5,2,0,1,0,0.1018,0,21,1,1,0.0618,5,1.2404,38.61,0.1522,1,1,0,4,0.0338,0.021,1
NCRB-SYNTH-100479,Trial Court,Sec 439 CrPC (Regular Bail),1,2,1,0,0,0,0.3494,0,18,1,0,0.0553,1,1.0385,52.62,0.0737,0,0,1,4,0.039,0.0242,1
NCRB-SYNTH-100486,Trial Court,Sec 482 CrPC (Quashing),15,2,2,0,0,0,0.2984,1,11,1,1,0.068,3,1.0967,88.03,0.1748,1,1,0,2,0.0494,0.045,1
NCRB-SYNTH-100489,Trial Court,Sec 482 CrPC (Quashing),1,2,1,0,0,1,0.3435,0,20,1,1,0.0757,3,1.1375,35.7,0.1934,1,1,0,1,0.0771,0.1112,1
NCRB-SYNTH-100490,Trial Court,Sec 482 CrPC (Quashing),1,1,1,0,0,0,0.1355,0,34,0,0,0.0661,7,1.123,131.45,0.0318,0,0,1,4,0.0492,0.0305,1
NCRB-SYNTH-100499,Trial Court,Sec 439 CrPC (Regular Bail),4,2,1,0,0,0,0.297,0,43,1,1,0.0295,4,1.0,72.86,0.0069,1,1,0,3,0.0227,0.0163,1
NCRB-SYNTH-100500,Trial Court,Sec 482 CrPC (Quashing),1,5,1,0,1,0,0.108,0,28,1,1,0.0963,1,1.0,56.7,0.0323,1,1,0,4,0.018,0.0112,1
NCRB-SYNTH-100507,Trial Court,Sec 482 CrPC (Quashing),1,4,2,0,0,0,0.2945,1,35,0,0,0.0896,3,1.0,170.62,0.0843,1,1,0,2,0.0241,0.022,1
NCRB-SYNTH-100509,Trial Court,Writ Petition (Detention),7,3,2,0,1,1,0.1455,0,14,0,0,0.0244,3,1.1181,66.01,0.0304,1,1,0,2,0.0707,0.0644,1
NCRB-SYNTH-100513,Trial Court,Sec 439 CrPC (Regular Bail),2,3,2,0,1,0,0.2536,0,15,0,1,0.0876,6,1.1122,30.46,0.1239,1,1,0,3,0.0155,0.0112,1
NCRB-SYNTH-100514,Trial Court,Sec 482 CrPC (Quashing),1,5,1,0,0,0,0.2354,1,19,0,0,0.0834,5,1.0,112.02,0.1081,0,0,1,2,0.0736,0.067,1
NCRB-SYNTH-100519,Trial Court,Sec 482 CrPC (Quashing),1,4,2,0,0,0,0.3852,0,28,0,0,0.1586,1,1.0,92.1,0.1173,0,0,1,2,0.0853,0.0776,1
NCRB-SYNTH-100523,High Court,Sec 482 CrPC (Quashing),1,3,2,0,0,0,0.3428,1,37,0,0,0.0547,8,1.0,86.3,0.0931,1,1,0,1,0.039,0.0562,1
NCRB-SYNTH-100530,Trial Court,Sec 439 CrPC (Regular Bail),4,1,2,0,0,0,0.1588,1,10,1,1,0.0469,9,1.0971,133.06,0.1238,1,1,0,3,0.0887,0.064,1
NCRB-SYNTH-100532,Trial Court,Sec 439 CrPC (Regular Bail),4,1,2,1,0,0,0.0956,0,39,0,1,0.0144,7,1.0712,51.03,0.0971,1,1,0,2,0.0735,0.0669,1
NCRB-SYNTH-100533,Trial Court,Sec 482 CrPC (Quashing),1,3,2,0,0,0,0.2642,0,16,0,0,0.1043,4,1.0666,83.8,0.0159,1,1,0,2,0.0121,0.011,1
NCRB-SYNTH-100536,Trial Court,Sec 439 CrPC (Regular Bail),7,3,2,0,0,0,0.1376,0,18,1,1,0.0172,6,1.0655,121.9,0.025,1,1,0,3,0.076,0.0548,1
NCRB-SYNTH-100541,Trial Court,Sec 482 CrPC (Quashing),7,2,2,0,0,0,0.1943,0,22,0,1,0.0341,4,1.031,94.61,0.1698,1,1,0,2,0.0615,0.056,1
NCRB-SYNTH-100552,Trial Court,Sec 482 CrPC (Quashing),2,4,1,0,0,0,0.1341,0,18,0,1,0.0462,6,1.3366,178.68,0.1907,1,1,0,2,0.0901,0.082,1
NCRB-SYNTH-100555,Trial Court,Sec 439 CrPC (Regular Bail),4,1,2,0,0,0,0.2561,0,34,0,0,0.0564,3,1.3498,148.67,0.1033,1,1,0,1,0.092,0.1328,1
NCRB-SYNTH-100569,Trial Court,Sec 482 CrPC (Quashing),1,1,1,0,0,0,0.137,0,18,0,0,0.016,5,1.1712,58.26,0.0352,1,1,0,4,0.066,0.041,1
NCRB-SYNTH-100575,Trial Court,Sec 482 CrPC (Quashing),1,4,2,0,0,0,0.3784,0,27,1,1,0.0554,9,1.0252,47.7,0.1459,1,1,0,3,0.0373,0.0269,1
NCRB-SYNTH-100576,Trial Court,Trial Judgment,2,1,1,0,0,0,0.1243,1,12,0,0,0.0147,1,1.0599,135.87,0.1555,1,1,0,2,0.0723,0.0658,1
NCRB-SYNTH-100578,Trial Court,Sec 482 CrPC (Quashing),2,3,1,0,0,0,0.3671,0,2,0,0,0.0083,8,1.1118,106.37,0.0853,1,1,0,3,0.0905,0.0653,1
NCRB-SYNTH-100582,Trial Court,Writ Petition (Detention),1,5,2,0,1,0,0.3782,0,2,0,0,0.0757,1,1.1437,90.33,0.1453,0,0,1,4,0.0454,0.0282,1
NCRB-SYNTH-100595,High Court,Sec 439 CrPC (Regular Bail),1,1,1,0,0,0,0.3845,0,5,0,0,0.0416,3,1.0386,45.61,0.162,1,1,0,3,0.0188,0.0136,1
NCRB-SYNTH-100615,Trial Court,Sec 482 CrPC (Quashing),15,5,2,0,0,0,0.2623,1,20,0,0,0.0677,8,1.2185,150.25,0.0252,1,1,0,4,0.0729,0.0453,1
NCRB-SYNTH-100616,Trial Court,Sec 482 CrPC (Quashing),1,1,2,0,0,0,0.3165,1,1,0,0,0.0517,9,1.0475,30.86,0.195,1,1,0,2,0.0711,0.0647,1
NCRB-SYNTH-100632,Trial Court,Sec 482 CrPC (Quashing),1,5,2,0,1,0,0.1587,1,4,0,1,0.0205,1,1.1211,127.13,0.1943,1,1,0,2,0.0579,0.0527,1
NCRB-SYNTH-100646,High Court,Sec 482 CrPC (Quashing),45,2,2,0,0,0,0.1846,0,35,0,0,0.0375,5,1.0,126.04,0.1581,1,1,0,1,0.072,0.1039,1
NCRB-SYNTH-100662,Trial Court,Sec 482 CrPC (Quashing),1,5,1,0,1,0,0.1124,1,16,0,0,0.0372,9,1.3011,87.97,0.1801,1,1,0,3,0.0633,0.0457,1
NCRB-SYNTH-100672,Trial Court,Sec 482 CrPC (Quashing),1,3,2,0,0,0,0.369,0,21,0,0,0.0537,3,1.0,42.53,0.1778,1,1,0,1,0.0841,0.1213,1
NCRB-SYNTH-100676,High Court,Sec 482 CrPC (Quashing),2,1,2,0,0,0,0.1434,1,38,1,1,0.0169,2,1.0,107.8,0.1157,1,1,0,2,0.0161,0.0146,1
NCRB-SYNTH-100679,Trial Court,Sec 439 CrPC (Regular Bail),27,1,2,0,0,0,0.312,0,5,1,0,0.0,3,1.0,143.94,0.1313,1,1,0,3,0.0221,0.016,1
NCRB-SYNTH-100680,Trial Court,Sec 482 CrPC (Quashing),1,3,2,0,0,0,0.2869,0,30,0,1,0.0233,8,1.1891,133.28,0.0829,0,0,1,1,0.0317,0.0457,1
NCRB-SYNTH-100685,Trial Court,Sec 482 CrPC (Quashing),2,3,1,0,0,0,0.1399,0,46,0,0,0.0,7,1.1987,72.66,0.1629,1,1,0,4,0.0341,0.0212,1
NCRB-SYNTH-100706,Trial Court,Sec 439 CrPC (Regular Bail),1,5,1,0,0,0,0.2675,1,1,0,0,0.0216,1,1.0444,87.06,0.1519,1,1,0,3,0.0542,0.0391,1
NCRB-SYNTH-100716,Trial Court,Sec 439 CrPC (Regular Bail),1,3,1,0,0,0,0.3618,0,37,1,1,0.0704,2,1.0,43.94,0.0734,1,1,0,1,0.0935,0.1349,1
NCRB-SYNTH-100718,High Court,Sec 482 CrPC (Quashing),1,2,1,0,0,0,0.2421,0,24,1,1,0.0704,7,1.2764,61.04,0.1806,1,1,0,3,0.0255,0.0184,1
NCRB-SYNTH-100721,Trial Court,Sec 482 CrPC (Quashing),1,3,1,0,0,0,0.216,0,48,0,1,0.0,2,1.0843,99.21,0.1469,1,1,0,3,0.0105,0.0076,1
NCRB-SYNTH-100736,High Court,Sec 482 CrPC (Quashing),1,1,1,0,0,0,0.1494,0,18,1,1,0.0,6,1.064,79.63,0.172,1,1,0,1,0.0649,0.0936,1
NCRB-SYNTH-100746,Trial Court,Sec 482 CrPC (Quashing),4,3,1,0,0,0,0.2255,0,34,0,0,0.0614,8,1.1178,131.05,0.0817,1,1,0,2,0.0207,0.0189,1
NCRB-SYNTH-100749,Trial Court,Sec 482 CrPC (Quashing),7,2,2,0,0,0,0.342,0,19,0,0,0.0566,3,1.0959,55.58,0.126,0,0,1,3,0.0549,0.0396,1
NCRB-SYNTH-100752,Trial Court,Sec 482 CrPC (Quashing),15,4,1,0,0,0,0.1799,0,45,0,1,0.0353,6,1.3173,63.11,0.0408,0,0,1,1,0.0924,0.1334,1
NCRB-SYNTH-100759,Trial Court,Sec 482 CrPC (Quashing),21,2,2,0,0,0,0.3933,0,18,1,1,0.0759,5,1.1004,164.09,0.0102,0,0,1,1,0.0488,0.0704,1
NCRB-SYNTH-100768,Trial Court,Trial Judgment,15,1,2,0,1,0,0.1813,0,12,0,1,0.0831,2,1.339,60.0,0.1555,1,1,0,4,0.0719,0.0447,1
NCRB-SYNTH-100786,High Court,Sec 439 CrPC (Regular Bail),2,1,2,0,0,0,0.2119,1,30,0,0,0.0564,3,1.0,50.63,0.1648,1,1,0,3,0.0838,0.0604,1
NCRB-SYNTH-100790,Trial Court,Sec 482 CrPC (Quashing),27,5,2,0,0,0,0.2679,0,16,1,0,0.0586,6,1.2412,50.07,0.1952,0,0,1,1,0.0246,0.0355,1
NCRB-SYNTH-100796,Trial Court,Writ Petition (Detention),4,3,1,0,0,0,0.3742,0,22,0,0,0.0803,4,1.1813,171.48,0.1289,1,1,0,1,0.0135,0.0195,1
NCRB-SYNTH-100797,High Court,Sec 439 CrPC (Regular Bail),2,4,1,0,0,0,0.3641,0,36,1,1,0.0701,4,1.0329,97.63,0.0398,0,0,1,2,0.0614,0.0559,1
NCRB-SYNTH-100800,Trial Court,Sec 439 CrPC (Regular Bail),1,2,2,0,0,0,0.2584,1,1,1,1,0.0643,3,1.1259,163.63,0.1603,1,1,0,3,0.0919,0.0663,1
NCRB-SYNTH-100807,Trial Court,Trial Judgment,4,2,2,0,0,0,0.1082,0,16,0,0,0.0,5,1.0672,118.81,0.07,1,1,0,1,0.0217,0.0313,1
NCRB-SYNTH-100808,High Court,Sec 482 CrPC (Quashing),2,4,2,0,0,0,0.2693,0,33,1,1,0.0036,5,1.0856,151.62,0.1628,1,1,0,4,0.0777,0.0483,1
NCRB-SYNTH-100811,Trial Court,Writ Petition (Detention),1,5,2,0,0,0,0.3125,0,39,0,0,0.0232,5,1.2459,39.25,0.1614,0,0,1,4,0.0712,0.0442,1
NCRB-SYNTH-100814,High Court,Trial Judgment,1,1,1,0,0,0,0.1952,1,21,1,1,0.0929,6,1.0,130.97,0.1849,1,1,0,3,0.0731,0.0527,1
NCRB-SYNTH-100815,Trial Court,Sec 482 CrPC (Quashing),1,2,2,0,0,0,0.3093,0,7,0,0,0.0,1,1.0191,128.97,0.1053,1,1,0,4,0.0691,0.0429,1
NCRB-SYNTH-100826,Trial Court,Sec 439 CrPC (Regular Bail),1,4,1,0,1,0,0.2708,0,15,1,1,0.0013,1,1.1058,72.84,0.197,0,0,1,1,0.0898,0.1295,1
NCRB-SYNTH-100837,Trial Court,Writ Petition (Detention),21,4,2,0,0,0,0.1634,0,5,0,0,0.0834,8,1.0,107.24,0.1763,1,1,0,1,0.0725,0.1046,1
NCRB-SYNTH-100844,Trial Court,Sec 439 CrPC (Regular Bail),1,5,1,0,0,0,0.1942,0,13,0,1,0.0802,8,1.1149,33.01,0.08,1,1,0,2,0.0463,0.0422,1
NCRB-SYNTH-100848,Trial Court,Sec 482 CrPC (Quashing),1,1,1,0,0,0,0.2738,1,28,0,1,0.0262,1,1.0,39.58,0.0857,1,1,0,1,0.0551,0.0795,1
NCRB-SYNTH-100854,Trial Court,Sec 482 CrPC (Quashing),1,5,1,0,0,0,0.1229,0,36,0,1,0.0646,6,1.0,42.88,0.0214,1,1,0,4,0.0323,0.0201,1
NCRB-SYNTH-100869,Trial Court,Sec 482 CrPC (Quashing),4,1,2,0,1,0,0.1673,0,32,0,0,0.0,4,1.0,88.75,0.0203,1,1,0,2,0.0447,0.0407,1
NCRB-SYNTH-100870,High Court,Trial Judgment,1,5,1,0,0,0,0.1251,0,32,0,1,0.1138,3,1.2335,174.4,0.0203,1,1,0,1,0.0923,0.1331,1
NCRB-SYNTH-100892,Trial Court,Writ Petition (Detention),1,1,1,0,0,0,0.321,0,15,0,0,0.0,2,1.111,153.25,0.0652,1,1,0,2,0.024,0.0218,1
NCRB-SYNTH-100898,High Court,Sec 482 CrPC (Quashing),15,4,1,0,0,0,0.3181,1,11,0,1,0.0368,7,1.1476,126.08,0.1886,0,0,1,3,0.092,0.0664,1
NCRB-SYNTH-100906,Trial Court,Writ Petition (Detention),4,1,1,0,0,0,0.3366,1,6,1,1,0.0594,2,1.0653,30.82,0.14,1,1,0,4,0.0594,0.0369,1
NCRB-SYNTH-100918,Trial Court,Sec 439 CrPC (Regular Bail),1,2,2,0,0,0,0.2977,0,26,1,1,0.0365,2,1.1082,166.53,0.0561,1,1,0,2,0.0926,0.0843,1
NCRB-SYNTH-100921,Trial Court,Sec 482 CrPC (Quashing),7,5,2,0,0,1,0.2957,1,31,0,0,0.0889,2,1.1043,100.84,0.0938,1,1,0,4,0.0967,0.0601,1
NCRB-SYNTH-100923,High Court,Sec 482 CrPC (Quashing),1,3,2,0,0,0,0.3107,0,39,1,1,0.0615,6,1.2487,106.56,0.0075,1,1,0,2,0.0108,0.0098,1
NCRB-SYNTH-100933,Trial Court,Sec 482 CrPC (Quashing),2,4,2,0,0,0,0.3689,0,6,0,0,0.0877,2,1.0868,62.38,0.0977,1,1,0,3,0.044,0.0317,1
NCRB-SYNTH-100938,Trial Court,Sec 482 CrPC (Quashing),2,5,2,0,0,0,0.2902,0,19,0,0,0.0609,3,1.1651,168.9,0.0463,1,1,0,4,0.0307,0.019,1
NCRB-SYNTH-100948,Trial Court,Sec 482 CrPC (Quashing),15,3,1,0,0,0,0.3167,0,30,1,1,0.0397,2,1.0157,66.48,0.1457,1,1,0,1,0.0869,0.1253,1
NCRB-SYNTH-100949,Trial Court,Sec 482 CrPC (Quashing),1,1,1,0,0,0,0.1362,1,30,0,1,0.0754,3,1.0646,100.93,0.0856,1,1,0,2,0.0417,0.0379,1
NCRB-SYNTH-100954,High Court,Sec 439 CrPC (Regular Bail),1,5,1,0,0,0,0.2576,1,20,1,0,0.0374,4,1.1728,143.41,0.1433,1,1,0,3,0.0968,0.0698,1
NCRB-SYNTH-100972,Trial Court,Writ Petition (Detention),2,3,1,1,0,0,0.0962,0,27,0,0,0.1006,1,1.1248,61.13,0.1329,1,1,0,1,0.0994,0.1434,1
NCRB-SYNTH-100997,High Court,Sec 482 CrPC (Quashing),1,1,2,0,0,0,0.2581,0,47,0,0,0.0,6,1.1376,100.03,0.1222,1,1,0,4,0.0964,0.0599,1
NCRB-SYNTH-100999,Trial Court,Sec 439 CrPC (Regular Bail),4,4,1,0,0,0,0.281,0,16,0,0,0.0427,1,1.266,85.05,0.1935,1,1,0,3,0.0383,0.0277,1
NCRB-SYNTH-101003,High Court,Trial Judgment,2,5,2,0,0,0,0.2436,0,34,0,0,0.0278,6,1.237,128.45,0.1235,1,1,0,4,0.0453,0.0281,1
NCRB-SYNTH-101012,Trial Court,Sec 439 CrPC (Regular Bail),1,3,1,0,0,0,0.1485,0,20,0,0,0.0184,9,1.0255,66.28,0.0618,1,1,0,1,0.0587,0.0847,1
NCRB-SYNTH-101013,Trial Court,Sec 482 CrPC (Quashing),1,2,1,0,0,0,0.0962,0,11,0,0,0.0816,7,1.0,88.25,0.155,1,1,0,3,0.0945,0.0682,1
NCRB-SYNTH-101016,Trial Court,Sec 482 CrPC (Quashing),1,4,1,0,0,0,0.1431,0,38,0,0,0.0003,9,1.2063,45.61,0.0685,1,1,0,2,0.0408,0.0372,1
NCRB-SYNTH-101019,Trial Court,Sec 482 CrPC (Quashing),2,3,1,0,0,0,0.1787,0,6,1,1,0.0544,6,1.2359,144.95,0.0393,1,1,0,1,0.0923,0.1331,1
NCRB-SYNTH-101023,Trial Court,Sec 482 CrPC (Quashing),1,3,1,0,0,0,0.2384,1,7,0,0,0.047,5,1.0558,116.52,0.1771,1,1,0,4,0.0169,0.0105,1
NCRB-SYNTH-101024,Trial Court,Sec 482 CrPC (Quashing),1,1,2,0,0,0,0.2496,0,47,1,1,0.0192,3,1.039,59.73,0.0895,1,1,0,2,0.0425,0.0387,1
NCRB-SYNTH-101025,Trial Court,Sec 439 CrPC (Regular Bail),2,2,1,0,0,0,0.1031,0,30,0,0,0.018,7,1.1925,153.59,0.1324,1,1,0,2,0.029,0.0264,1
NCRB-SYNTH-101027,Trial Court,Writ Petition (Detention),2,3,1,0,0,0,0.3384,0,34,0,0,0.08,2,1.2486,99.08,0.1573,1,1,0,3,0.0939,0.0677,1
NCRB-SYNTH-101045,Trial Court,Sec 482 CrPC (Quashing),1,4,1,0,0,0,0.1911,0,3,1,1,0.0436,7,1.0,76.31,0.0692,0,0,1,2,0.0794,0.0723,1
NCRB-SYNTH-101049,Trial Court,Sec 482 CrPC (Quashing),15,2,2,0,0,0,0.175,0,35,0,0,0.0653,4,1.0783,125.16,0.0835,1,1,0,3,0.0523,0.0378,1
NCRB-SYNTH-101051,Trial Court,Sec 482 CrPC (Quashing),1,1,1,0,0,0,0.266,1,13,0,0,0.0539,3,1.0972,123.67,0.0227,0,0,1,4,0.0761,0.0473,1
NCRB-SYNTH-101053,High Court,Sec 482 CrPC (Quashing),1,4,2,0,0,0,0.2712,0,19,1,0,0.0239,5,1.3532,114.78,0.0267,1,1,0,2,0.0407,0.0371,1
NCRB-SYNTH-101055,Trial Court,Sec 482 CrPC (Quashing),2,4,2,0,0,0,0.2978,0,29,0,1,0.0839,8,1.0423,91.04,0.072,1,1,0,3,0.0797,0.0575,1
NCRB-SYNTH-101061,Trial Court,Sec 482 CrPC (Quashing),1,1,1,0,0,0,0.2202,1,20,0,0,0.081,7,1.2292,60.16,0.0175,1,1,0,3,0.0206,0.0149,1
NCRB-SYNTH-101062,Trial Court,Sec 482 CrPC (Quashing),1,5,2,0,0,0,0.2043,0,22,0,0,0.0454,1,1.0,178.53,0.1173,0,0,1,2,0.0677,0.0616,1
NCRB-SYNTH-101075,Trial Court,Sec 439 CrPC (Regular Bail),15,1,2,1,0,0,0.3043,0,41,0,0,0.0017,6,1.2373,66.46,0.1701,1,1,0,4,0.0919,0.0571,1
NCRB-SYNTH-101080,Trial Court,Sec 482 CrPC (Quashing),2,4,2,0,0,0,0.1209,0,25,0,0,0.0798,5,1.0,116.13,0.1831,1,1,0,1,0.0185,0.0267,1
NCRB-SYNTH-101084,Trial Court,Sec 439 CrPC (Regular Bail),1,3,2,0,0,0,0.3755,0,9,1,1,0.0831,3,1.0694,85.21,0.0297,1,1,0,3,0.0879,0.0634,1
NCRB-SYNTH-101085,Trial Court,Sec 482 CrPC (Quashing),1,3,2,0,0,0,0.3691,1,4,0,0,0.0219,5,1.2152,42.74,0.0847,1,1,0,2,0.0521,0.0474,1
NCRB-SYNTH-101089,Trial Court,Sec 439 CrPC (Regular Bail),1,1,1,0,0,1,0.289,0,1,0,0,0.0388,8,1.1061,136.81,0.1205,1,1,0,2,0.0322,0.0293,1
NCRB-SYNTH-101091,High Court,Sec 482 CrPC (Quashing),1,1,2,0,0,0,0.2137,1,34,0,0,0.0513,3,1.0,171.19,0.0801,0,0,1,1,0.0763,0.1101,1
NCRB-SYNTH-101102,Trial Court,Sec 439 CrPC (Regular Bail),1,3,2,0,0,0,0.2287,0,26,0,1,0.0431,6,1.0804,151.48,0.1644,0,0,1,3,0.0228,0.0164,1
NCRB-SYNTH-101103,High Court,Sec 482 CrPC (Quashing),7,5,1,0,0,0,0.3746,0,14,0,0,0.0674,8,1.0,53.34,0.1609,0,0,1,2,0.0782,0.0712,1
NCRB-SYNTH-101104,High Court,Sec 482 CrPC (Quashing),21,1,2,0,0,0,0.1686,0,31,0,1,0.0477,4,1.0,95.82,0.0227,1,1,0,2,0.0111,0.0101,1
NCRB-SYNTH-101105,Trial Court,Sec 482 CrPC (Quashing),1,2,2,0,0,0,0.167,0,29,0,0,0.0942,7,1.0495,152.65,0.082,1,1,0,4,0.0872,0.0542,1
NCRB-SYNTH-101118,Trial Court,Sec 482 CrPC (Quashing),1,5,1,0,0,0,0.3751,0,26,0,0,0.0773,1,1.2257,94.07,0.1147,1,1,0,4,0.096,0.0596,1
NCRB-SYNTH-101121,Trial Court,Writ Petition (Detention),4,2,1,0,0,0,0.3226,0,39,0,0,0.0528,1,1.0,133.21,0.1147,1,1,0,4,0.0342,0.0212,1
NCRB-SYNTH-101122,Trial Court,Trial Judgment,1,1,1,0,0,0,0.3112,0,19,1,1,0.0641,6,1.154,116.85,0.1075,1,1,0,1,0.0399,0.0575,1
NCRB-SYNTH-101123,Trial Court,Sec 482 CrPC (Quashing),1,5,2,0,0,0,0.2219,1,2,1,1,0.0842,5,1.2021,124.09,0.1182,1,1,0,4,0.096,0.0597,1
NCRB-SYNTH-101137,Trial Court,Sec 482 CrPC (Quashing),1,5,1,0,0,0,0.1692,1,1,1,1,0.1239,5,1.0,113.72,0.1947,1,1,0,3,0.0252,0.0182,1
NCRB-SYNTH-101146,Trial Court,Sec 482 CrPC (Quashing),4,4,1,0,0,0,0.2021,0,6,1,1,0.1222,8,1.2021,47.78,0.1449,1,1,0,1,0.0414,0.0598,1
NCRB-SYNTH-101149,Trial Court,Writ Petition (Detention),1,2,1,0,0,0,0.2206,0,18,0,0,0.0158,9,1.2058,151.83,0.1322,0,0,1,2,0.0894,0.0814,1
NCRB-SYNTH-101150,High Court,Sec 482 CrPC (Quashing),2,1,1,0,0,0,0.1341,1,39,0,0,0.0385,4,1.0427,77.39,0.0146,1,1,0,3,0.0903,0.0651,1
NCRB-SYNTH-101158,High Court,Sec 482 CrPC (Quashing),1,5,1,0,0,0,0.1298,0,29,0,0,0.0453,2,1.2227,123.69,0.04,1,1,0,4,0.0286,0.0177,1
NCRB-SYNTH-101159,Trial Court,Sec 439 CrPC (Regular Bail),2,5,1,0,0,0,0.1287,1,26,1,1,0.1127,6,1.1657,73.74,0.0679,0,0,1,4,0.0735,0.0457,1
NCRB-SYNTH-101172,Trial Court,Writ Petition (Detention),2,1,2,0,0,0,0.1539,0,17,0,0,0.0797,6,1.0011,45.33,0.1143,0,0,1,3,0.0118,0.0085,1
NCRB-SYNTH-101181,Trial Court,Trial Judgment,15,1,1,0,1,0,0.3286,1,36,1,1,0.0872,8,1.0721,103.07,0.1396,1,1,0,3,0.0806,0.0581,1
NCRB-SYNTH-101184,High Court,Sec 482 CrPC (Quashing),1,5,1,0,1,0,0.3099,0,39,0,0,0.0111,5,1.0681,124.17,0.064,1,1,0,3,0.0351,0.0253,1
NCRB-SYNTH-101186,High Court,Trial Judgment,1,2,2,0,0,0,0.2092,0,1,0,1,0.0124,4,1.3217,61.1,0.1199,1,1,0,2,0.061,0.0556,1
NCRB-SYNTH-101196,Trial Court,Sec 482 CrPC (Quashing),15,3,2,0,0,0,0.1543,0,32,0,0,0.0448,5,1.0,163.38,0.1334,1,1,0,4,0.0379,0.0235,1
NCRB-SYNTH-101197,Trial Court,Sec 439 CrPC (Regular Bail),1,3,2,0,0,0,0.2115,0,6,1,1,0.0494,6,1.1622,115.2,0.1469,1,1,0,4,0.0327,0.0203,1
NCRB-SYNTH-101198,Trial Court,Sec 482 CrPC (Quashing),2,1,2,0,0,0,0.059,0,29,0,0,0.0442,3,1.3267,116.29,0.1069,1,1,0,1,0.0422,0.0608,1
NCRB-SYNTH-101210,Trial Court,Sec 482 CrPC (Quashing),1,5,1,0,0,0,0.139,1,27,1,1,0.0437,9,1.1809,122.79,0.1606,1,1,0,3,0.0674,0.0486,1
NCRB-SYNTH-101221,Trial Court,Writ Petition (Detention),4,2,1,0,1,0,0.2132,1,12,1,1,0.0878,3,1.0,83.02,0.0652,0,0,1,1,0.0626,0.0903,1
NCRB-SYNTH-101224,Trial Court,Sec 482 CrPC (Quashing),1,5,1,0,1,0,0.1104,0,32,0,1,0.0801,7,1.0808,95.37,0.0065,1,1,0,1,0.0656,0.0947,1
NCRB-SYNTH-101229,High Court,Writ Petition (Detention),2,1,1,0,1,0,0.2745,1,29,1,1,0.0812,1,1.0,145.85,0.006,1,1,0,4,0.0984,0.0612,1
NCRB-SYNTH-101231,Trial Court,Sec 482 CrPC (Quashing),1,2,1,0,0,0,0.1813,0,25,1,1,0.0,3,1.1393,90.46,0.1049,0,0,1,2,0.0339,0.0309,1
NCRB-SYNTH-101237,Trial Court,Sec 482 CrPC (Quashing),1,1,2,0,1,0,0.3784,0,49,0,0,0.0,7,1.1239,98.68,0.1396,1,1,0,4,0.0579,0.036,1
NCRB-SYNTH-101239,Trial Court,Sec 439 CrPC (Regular Bail),2,2,2,0,0,0,0.3635,0,1,0,1,0.0,3,1.0541,171.79,0.1647,1,1,0,3,0.0695,0.0501,1
NCRB-SYNTH-101241,Trial Court,Trial Judgment,15,3,2,0,0,0,0.2482,1,33,0,0,0.099,9,1.2526,68.46,0.1182,1,1,0,2,0.0216,0.0197,1
NCRB-SYNTH-101249,Trial Court,Sec 482 CrPC (Quashing),2,4,2,0,1,0,0.1097,0,6,0,0,0.0973,6,1.2181,158.15,0.1275,1,1,0,2,0.0758,0.069,1
NCRB-SYNTH-101272,High Court,Sec 482 CrPC (Quashing),2,1,1,1,0,0,0.2969,1,35,1,1,0.0487,8,1.0764,90.36,0.1375,1,1,0,3,0.0692,0.0499,1
NCRB-SYNTH-101278,Trial Court,Sec 482 CrPC (Quashing),1,2,1,0,0,0,0.27,0,48,0,0,0.0726,4,1.1733,73.46,0.0906,1,1,0,2,0.0256,0.0233,1
NCRB-SYNTH-101302,Trial Court,Sec 439 CrPC (Regular Bail),4,2,1,0,0,0,0.2524,1,19,0,0,0.0406,2,1.0115,158.54,0.1089,1,1,0,3,0.089,0.0642,1
NCRB-SYNTH-101306,Trial Court,Trial Judgment,2,3,2,0,0,0,0.1213,0,16,0,0,0.0,8,1.0,152.99,0.025,1,1,0,4,0.048,0.0298,1
NCRB-SYNTH-101312,Trial Court,Trial Judgment,2,2,1,0,0,0,0.2145,0,31,0,0,0.0,9,1.245,40.1,0.1049,0,0,1,3,0.0836,0.0603,1
NCRB-SYNTH-101323,Trial Court,Trial Judgment,4,5,1,0,0,0,0.2687,1,13,0,1,0.0129,5,1.0726,140.17,0.1338,1,1,0,2,0.0512,0.0466,1
NCRB-SYNTH-101325,Trial Court,Sec 439 CrPC (Regular Bail),2,1,2,0,0,0,0.3487,0,19,0,0,0.0,7,1.2486,64.98,0.0635,1,1,0,2,0.0424,0.0386,1
NCRB-SYNTH-101334,Trial Court,Trial Judgment,1,3,1,0,0,0,0.2937,0,35,0,0,0.0846,5,1.0,44.32,0.0169,1,1,0,4,0.0325,0.0202,1
NCRB-SYNTH-101335,Trial Court,Sec 482 CrPC (Quashing),2,3,1,0,0,0,0.3213,0,12,0,0,0.087,7,1.0,68.28,0.019,0,0,1,1,0.0284,0.041,1
NCRB-SYNTH-101343,Trial Court,Trial Judgment,2,3,1,0,0,0,0.2146,0,14,1,1,0.0102,8,1.0253,151.34,0.1099,1,1,0,2,0.0687,0.0626,1
NCRB-SYNTH-101349,High Court,Sec 439 CrPC (Regular Bail),2,4,1,0,0,0,0.2256,0,39,0,0,0.0785,8,1.0,141.84,0.0742,1,1,0,3,0.0925,0.0667,1
NCRB-SYNTH-101351,Trial Court,Sec 482 CrPC (Quashing),1,2,1,0,0,0,0.3561,1,31,0,0,0.0892,2,1.2998,119.5,0.0174,1,1,0,4,0.027,0.0168,1
NCRB-SYNTH-101356,High Court,Writ Petition (Detention),2,5,2,0,0,0,0.346,0,10,0,0,0.08,3,1.1411,131.95,0.1982,1,1,0,3,0.0989,0.0713,1
NCRB-SYNTH-101357,High Court,Sec 482 CrPC (Quashing),2,3,1,0,0,0,0.3259,0,32,0,0,0.0183,4,1.0,171.7,0.1251,1,1,0,4,0.0626,0.0389,1
NCRB-SYNTH-101361,Trial Court,Sec 439 CrPC (Regular Bail),1,3,1,0,1,0,0.3289,1,12,0,0,0.0272,6,1.0,157.02,0.1764,0,0,1,3,0.039,0.0281,1
NCRB-SYNTH-101368,Trial Court,Sec 482 CrPC (Quashing),1,2,2,0,0,0,0.2076,1,31,0,1,0.0751,9,1.1365,94.34,0.1621,1,1,0,1,0.0921,0.1328,1
NCRB-SYNTH-101371,Trial Court,Sec 482 CrPC (Quashing),15,1,1,0,0,0,0.4216,0,8,0,1,0.0611,5,1.0181,95.88,0.1414,1,1,0,2,0.0647,0.0589,1
NCRB-SYNTH-101373,Trial Court,Sec 439 CrPC (Regular Bail),4,4,1,0,0,0,0.2728,0,38,0,0,0.0372,3,1.1089,166.03,0.136,1,1,0,1,0.0759,0.1095,1
NCRB-SYNTH-101376,Trial Court,Sec 482 CrPC (Quashing),1,3,1,0,1,0,0.321,0,30,0,0,0.0365,6,1.1654,154.63,0.1768,0,0,1,3,0.0276,0.0199,1
NCRB-SYNTH-101383,High Court,Sec 439 CrPC (Regular Bail),4,5,1,0,0,0,0.1232,0,3,1,1,0.0605,3,1.0,95.94,0.158,1,1,0,3,0.0202,0.0146,1
NCRB-SYNTH-101389,Trial Court,Sec 439 CrPC (Regular Bail),1,5,2,0,0,0,0.3966,1,10,0,1,0.0551,3,1.1531,159.19,0.0125,1,1,0,4,0.0304,0.0189,1
NCRB-SYNTH-101410,High Court,Trial Judgment,1,3,2,0,1,0,0.2981,0,15,0,0,0.0674,3,1.1852,120.57,0.0856,0,0,1,1,0.0883,0.1274,1
NCRB-SYNTH-101416,Trial Court,Sec 482 CrPC (Quashing),2,3,2,0,0,0,0.3839,0,1,0,0,0.0777,8,1.0,85.45,0.0375,1,1,0,1,0.0965,0.1392,1
NCRB-SYNTH-101420,High Court,Trial Judgment,1,3,2,1,0,0,0.2629,0,37,1,1,0.0929,3,1.0,165.26,0.0409,1,1,0,3,0.0945,0.0681,1
NCRB-SYNTH-101425,High Court,Sec 482 CrPC (Quashing),1,4,1,0,0,0,0.2145,0,7,0,0,0.0328,4,1.0,84.89,0.1683,0,0,1,3,0.0764,0.0551,1
NCRB-SYNTH-101426,High Court,Sec 482 CrPC (Quashing),4,2,2,0,0,0,0.368,0,7,0,1,0.0326,3,1.3169,107.08,0.0623,1,1,0,4,0.0523,0.0325,1
NCRB-SYNTH-101428,Trial Court,Sec 482 CrPC (Quashing),1,4,1,0,0,0,0.377,0,12,1,1,0.002,5,1.0,36.28,0.0445,1,1,0,3,0.0136,0.0098,1
NCRB-SYNTH-101430,High Court,Sec 482 CrPC (Quashing),1,4,2,0,0,1,0.2996,1,16,0,0,0.0614,9,1.4133,59.39,0.0249,1,1,0,4,0.0461,0.0286,1
NCRB-SYNTH-101441,Trial Court,Trial Judgment,4,4,2,0,0,0,0.2647,1,6,1,1,0.0355,4,1.2541,149.3,0.1314,1,1,0,1,0.0139,0.0201,1
NCRB-SYNTH-101445,Trial Court,Sec 482 CrPC (Quashing),7,3,2,0,0,0,0.176,0,12,0,0,0.0237,5,1.0557,154.17,0.0703,1,1,0,2,0.0292,0.0266,1
NCRB-SYNTH-101449,Trial Court,Trial Judgment,1,1,2,0,1,0,0.1589,0,24,1,1,0.0148,4,1.062,88.74,0.0687,1,1,0,2,0.0153,0.0139,1
NCRB-SYNTH-101453,Trial Court,Sec 482 CrPC (Quashing),7,2,2,0,0,0,0.2724,0,32,0,0,0.0,1,1.0,168.46,0.0545,1,1,0,2,0.0467,0.0425,1
NCRB-SYNTH-101456,Trial Court,Sec 482 CrPC (Quashing),2,1,2,0,0,0,0.4204,0,20,0,0,0.0385,8,1.3048,56.25,0.0949,1,1,0,2,0.045,0.041,1
NCRB-SYNTH-101465,Trial Court,Sec 482 CrPC (Quashing),2,5,2,0,0,0,0.2857,1,4,0,1,0.1063,7,1.0958,107.33,0.1186,1,1,0,3,0.0392,0.0283,1
NCRB-SYNTH-101467,High Court,Sec 482 CrPC (Quashing),2,5,2,0,0,0,0.3256,0,5,0,0,0.0616,9,1.0,36.32,0.0824,1,1,0,3,0.0395,0.0285,1
NCRB-SYNTH-101469,Trial Court,Trial Judgment,1,4,1,0,0,0,0.0994,1,42,0,0,0.0419,3,1.0877,102.64,0.1178,1,1,0,4,0.0954,0.0593,1
NCRB-SYNTH-101473,High Court,Sec 439 CrPC (Regular Bail),4,3,1,0,0,0,0.284,0,41,0,0,0.0599,9,1.061,87.78,0.0277,1,1,0,1,0.0141,0.0203,1
NCRB-SYNTH-101500,Trial Court,Sec 482 CrPC (Quashing),4,4,2,0,0,0,0.0875,0,5,1,1,0.0249,1,1.2108,172.84,0.0372,0,0,1,4,0.0779,0.0484,1
NCRB-SYNTH-101513,Trial Court,Sec 439 CrPC (Regular Bail),1,4,1,0,1,0,0.3722,0,39,1,1,0.1366,4,1.0,106.75,0.1076,1,1,0,3,0.0911,0.0657,1
NCRB-SYNTH-101518,Trial Court,Sec 482 CrPC (Quashing),15,3,1,0,0,0,0.1001,1,41,0,0,0.0866,6,1.1158,152.84,0.0661,1,1,0,2,0.0108,0.0099,1
NCRB-SYNTH-101520,Trial Court,Writ Petition (Detention),4,1,1,0,0,0,0.4048,0,22,0,0,0.0809,8,1.072,128.07,0.1989,1,1,0,4,0.0321,0.0199,1
NCRB-SYNTH-101522,Trial Court,Sec 482 CrPC (Quashing),7,4,2,0,1,0,0.2274,0,15,0,1,0.0365,8,1.0,129.18,0.0507,1,1,0,1,0.0892,0.1287,1
NCRB-SYNTH-101545,Trial Court,Sec 482 CrPC (Quashing),15,3,2,0,0,0,0.2066,1,4,0,0,0.0838,8,1.0,155.78,0.0077,1,1,0,4,0.0692,0.043,1
NCRB-SYNTH-101551,Trial Court,Trial Judgment,1,2,1,0,1,0,0.3176,0,30,0,1,0.0459,4,1.1684,76.12,0.1524,1,1,0,1,0.0785,0.1132,1
NCRB-SYNTH-101554,Trial Court,Writ Petition (Detention),4,5,2,0,0,0,0.258,0,22,0,0,0.0838,8,1.0083,151.2,0.1759,0,0,1,2,0.0849,0.0772,1
NCRB-SYNTH-101560,Trial Court,Sec 482 CrPC (Quashing),2,3,1,0,0,0,0.2988,0,38,1,1,0.0013,5,1.0807,90.65,0.1003,1,1,0,1,0.0239,0.0345,1
NCRB-SYNTH-101574,Trial Court,Writ Petition (Detention),2,1,1,0,0,0,0.1636,0,27,0,0,0.1018,7,1.0,135.15,0.1574,1,1,0,3,0.0259,0.0187,1
NCRB-SYNTH-101585,Trial Court,Sec 482 CrPC (Quashing),7,3,1,0,0,0,0.1705,0,1,1,1,0.0482,2,1.101,150.37,0.1695,1,1,0,1,0.0693,0.0999,1
NCRB-SYNTH-101592,Trial Court,Sec 482 CrPC (Quashing),1,2,2,0,0,0,0.1636,0,2,1,1,0.0523,6,1.0,179.26,0.0863,1,1,0,4,0.0933,0.0579,1
NCRB-SYNTH-101600,High Court,Sec 482 CrPC (Quashing),1,5,2,0,0,0,0.2707,0,42,1,1,0.0448,6,1.0,81.62,0.0527,1,1,0,4,0.0766,0.0476,1
NCRB-SYNTH-101611,Trial Court,Sec 439 CrPC (Regular Bail),2,1,2,0,0,0,0.2875,0,3,0,0,0.0095,6,1.0914,117.13,0.1316,1,1,0,3,0.0651,0.0469,1
NCRB-SYNTH-101617,High Court,Sec 482 CrPC (Quashing),1,4,2,0,0,0,0.1451,0,38,0,0,0.0086,7,1.0,67.52,0.1752,1,1,0,2,0.0593,0.054,1
NCRB-SYNTH-101624,High Court,Sec 482 CrPC (Quashing),1,4,2,0,0,0,0.1489,0,28,0,0,0.0021,2,1.2561,30.31,0.0008,1,1,0,3,0.0397,0.0286,1
NCRB-SYNTH-101635,Trial Court,Sec 482 CrPC (Quashing),1,3,2,1,0,0,0.2053,0,27,1,1,0.006,4,1.2235,133.16,0.0796,1,1,0,2,0.0243,0.0221,1
NCRB-SYNTH-101639,Trial Court,Writ Petition (Detention),1,4,1,0,0,1,0.1756,0,2,0,0,0.0912,8,1.1381,61.41,0.0567,1,1,0,3,0.051,0.0368,1
NCRB-SYNTH-101640,Trial Court,Sec 439 CrPC (Regular Bail),2,4,2,0,0,0,0.4259,0,30,0,0,0.0596,2,1.1227,97.83,0.1793,1,1,0,3,0.0458,0.0331,1
NCRB-SYNTH-101656,Trial Court,Writ Petition (Detention),4,2,1,0,0,0,0.1233,0,3,1,1,0.0651,2,1.0,60.63,0.1064,1,1,0,1,0.0282,0.0407,1
NCRB-SYNTH-101663,Trial Court,Writ Petition (Detention),27,1,1,0,0,0,0.2604,1,3,1,1,0.0041,7,1.1729,156.6,0.0019,0,0,1,1,0.0558,0.0806,1
NCRB-SYNTH-101665,High Court,Sec 482 CrPC (Quashing),1,2,2,0,1,0,0.3105,0,45,1,0,0.0491,6,1.0794,109.03,0.0033,1,1,0,1,0.0487,0.0702,1
NCRB-SYNTH-101666,Trial Court,Trial Judgment,2,4,2,0,0,0,0.3782,0,3,0,1,0.055,5,1.3232,103.35,0.0262,1,1,0,4,0.0503,0.0313,1
NCRB-SYNTH-101668,High Court,Sec 439 CrPC (Regular Bail),1,2,1,0,0,0,0.1143,1,26,0,1,0.0,3,1.0697,128.02,0.1698,0,0,1,1,0.0707,0.102,1
NCRB-SYNTH-101672,High Court,Sec 482 CrPC (Quashing),2,3,1,0,0,0,0.325,1,27,0,0,0.0638,1,1.1761,176.59,0.0171,1,1,0,1,0.0858,0.1237,1
NCRB-SYNTH-101673,High Court,Sec 482 CrPC (Quashing),15,2,1,0,1,0,0.299,0,34,1,1,0.05,9,1.0084,43.0,0.1445,1,1,0,1,0.0842,0.1214,1
NCRB-SYNTH-101682,Trial Court,Sec 482 CrPC (Quashing),1,2,2,0,0,0,0.3262,0,38,0,0,0.0135,9,1.1368,109.81,0.0508,1,1,0,3,0.0829,0.0598,1
NCRB-SYNTH-101686,Trial Court,Sec 439 CrPC (Regular Bail),1,2,2,0,0,0,0.1787,0,1,1,1,0.0925,4,1.2005,63.06,0.1643,1,1,0,2,0.0459,0.0418,1
NCRB-SYNTH-101687,Trial Court,Sec 482 CrPC (Quashing),1,5,2,0,0,0,0.1387,0,15,1,1,0.0722,2,1.0,49.71,0.088,1,1,0,3,0.0241,0.0174,1
NCRB-SYNTH-101699,Trial Court,Sec 482 CrPC (Quashing),1,2,2,0,0,0,0.3509,1,19,0,1,0.0232,6,1.0865,112.32,0.1945,0,0,1,3,0.0704,0.0508,1
NCRB-SYNTH-101701,Trial Court,Sec 482 CrPC (Quashing),21,3,1,0,0,0,0.3701,0,26,0,0,0.0022,3,1.1947,43.52,0.1544,1,1,0,4,0.056,0.0348,1
NCRB-SYNTH-101716,Trial Court,Sec 482 CrPC (Quashing),1,1,1,0,0,0,0.3984,0,18,0,0,0.0288,6,1.0378,161.02,0.0516,1,1,0,1,0.0166,0.024,1
NCRB-SYNTH-101719,Trial Court,Sec 482 CrPC (Quashing),2,1,2,0,0,0,0.1876,0,25,1,1,0.0111,7,1.1693,169.61,0.0992,1,1,0,2,0.0998,0.0908,1
NCRB-SYNTH-101728,Trial Court,Sec 482 CrPC (Quashing),2,2,2,0,0,0,0.3185,0,48,0,0,0.0,7,1.3018,100.74,0.1828,1,1,0,2,0.0602,0.0548,1
NCRB-SYNTH-101736,Trial Court,Sec 482 CrPC (Quashing),4,5,1,0,0,0,0.2615,1,38,0,0,0.0651,9,1.0,35.72,0.0126,1,1,0,4,0.0338,0.021,1
NCRB-SYNTH-101755,High Court,Sec 482 CrPC (Quashing),1,4,2,0,0,0,0.1066,0,40,0,0,0.032,9,1.0,60.81,0.1119,1,1,0,2,0.0296,0.027,1
NCRB-SYNTH-101757,Trial Court,Sec 482 CrPC (Quashing),1,1,2,0,0,0,0.3004,1,12,1,1,0.0,2,1.1391,86.27,0.165,1,1,0,2,0.0412,0.0375,1
NCRB-SYNTH-101773,Trial Court,Writ Petition (Detention),4,2,1,0,0,0,0.3453,1,13,0,1,0.0164,5,1.2278,107.34,0.1301,1,1,0,2,0.0729,0.0663,1
NCRB-SYNTH-101774,Trial Court,Sec 482 CrPC (Quashing),15,3,2,0,0,0,0.2844,0,24,0,0,0.0465,3,1.0534,48.7,0.0339,1,1,0,1,0.0701,0.1011,1
NCRB-SYNTH-101782,Trial Court,Trial Judgment,1,1,1,0,0,0,0.2739,0,1,1,1,0.0181,6,1.1609,129.45,0.1778,0,0,1,2,0.0603,0.0549,1
NCRB-SYNTH-101786,High Court,Writ Petition (Detention),1,1,2,0,0,0,0.3851,0,17,0,0,0.0576,5,1.0982,142.79,0.0664,1,1,0,4,0.0915,0.0568,1
NCRB-SYNTH-101801,Trial Court,Sec 482 CrPC (Quashing),1,3,1,0,0,0,0.2411,0,33,1,1,0.1333,5,1.0739,153.13,0.0391,1,1,0,2,0.0898,0.0817,1
NCRB-SYNTH-101816,Trial Court,Sec 439 CrPC (Regular Bail),2,4,1,0,0,0,0.3195,0,24,0,0,0.0709,5,1.0,157.49,0.1813,1,1,0,1,0.0933,0.1345,1
NCRB-SYNTH-101828,Trial Court,Sec 482 CrPC (Quashing),1,5,2,0,0,0,0.2881,0,39,1,1,0.0343,1,1.1753,144.38,0.0061,0,0,1,4,0.0305,0.019,1
NCRB-SYNTH-101831,High Court,Sec 482 CrPC (Quashing),4,5,1,0,1,0,0.0727,0,22,0,1,0.0505,2,1.0,83.39,0.1032,1,1,0,3,0.0274,0.0197,1
NCRB-SYNTH-101839,Trial Court,Writ Petition (Detention),1,1,1,0,1,0,0.2245,1,17,0,0,0.0558,7,1.0571,148.2,0.0937,1,1,0,1,0.035,0.0505,1
NCRB-SYNTH-101845,Trial Court,Sec 482 CrPC (Quashing),1,5,1,0,0,0,0.2204,0,24,0,0,0.0464,7,1.015,159.97,0.1473,1,1,0,4,0.02,0.0124,1
NCRB-SYNTH-101849,Trial Court,Sec 482 CrPC (Quashing),4,2,2,0,1,0,0.2183,0,26,0,1,0.0395,6,1.0,95.18,0.179,0,0,1,4,0.0641,0.0398,1
NCRB-SYNTH-101853,Trial Court,Sec 482 CrPC (Quashing),1,5,2,0,0,0,0.1228,1,15,1,1,0.0368,7,1.0217,174.3,0.1788,1,1,0,3,0.0699,0.0504,1
NCRB-SYNTH-101855,Trial Court,Sec 439 CrPC (Regular Bail),2,5,1,0,0,0,0.1951,0,31,0,0,0.0508,8,1.0,35.53,0.1812,0,0,1,4,0.0173,0.0107,1
NCRB-SYNTH-101865,High Court,Sec 439 CrPC (Regular Bail),1,5,1,0,0,0,0.2442,1,17,0,1,0.03,2,1.0,177.27,0.1556,0,0,1,3,0.0953,0.0687,1
NCRB-SYNTH-101866,Trial Court,Sec 482 CrPC (Quashing),2,3,2,1,1,0,0.2019,0,30,1,1,0.0472,3,1.0,48.79,0.1596,1,1,0,3,0.0639,0.0461,1
NCRB-SYNTH-101882,Trial Court,Sec 439 CrPC (Regular Bail),4,4,2,0,1,0,0.1383,0,29,1,1,0.0973,5,1.1462,119.3,0.1975,1,1,0,2,0.0475,0.0433,1
NCRB-SYNTH-101890,High Court,Sec 482 CrPC (Quashing),1,3,1,0,0,0,0.2198,0,37,0,0,0.0458,1,1.1859,44.1,0.1578,1,1,0,3,0.0134,0.0097,1
NCRB-SYNTH-101907,Trial Court,Sec 482 CrPC (Quashing),1,4,1,0,0,0,0.3346,0,26,0,0,0.1166,9,1.0022,67.38,0.0247,1,1,0,3,0.0228,0.0165,1
NCRB-SYNTH-101912,Trial Court,Sec 482 CrPC (Quashing),7,5,1,0,0,1,0.2192,0,11,1,1,0.1309,6,1.2246,87.46,0.1781,1,1,0,3,0.0824,0.0594,1
NCRB-SYNTH-101913,Trial Court,Sec 482 CrPC (Quashing),2,3,1,0,1,0,0.1225,1,27,1,1,0.0442,6,1.0,155.85,0.0714,1,1,0,4,0.0466,0.0289,1
NCRB-SYNTH-101917,Trial Court,Sec 482 CrPC (Quashing),1,1,1,0,0,1,0.3436,0,36,0,1,0.0706,9,1.0443,100.27,0.0573,1,1,0,3,0.0402,0.029,1
NCRB-SYNTH-101955,Trial Court,Sec 482 CrPC (Quashing),1,4,1,0,0,0,0.152,1,7,0,1,0.0849,3,1.0238,132.95,0.1948,1,1,0,4,0.0456,0.0283,1
NCRB-SYNTH-101956,Trial Court,Sec 482 CrPC (Quashing),1,4,2,0,0,0,0.1206,0,24,0,1,0.0554,7,1.1904,73.79,0.0049,1,1,0,2,0.0824,0.075,1
NCRB-SYNTH-101976,Trial Court,Sec 439 CrPC (Regular Bail),1,4,2,0,0,0,0.3159,1,31,0,1,0.1369,2,1.1523,159.29,0.1937,0,0,1,4,0.0826,0.0513,1
NCRB-SYNTH-101979,Trial Court,Writ Petition (Detention),2,2,2,0,0,0,0.3056,0,32,0,0,0.0372,1,1.2998,124.61,0.0169,1,1,0,4,0.0232,0.0144,1
NCRB-SYNTH-101997,High Court,Sec 482 CrPC (Quashing),1,3,2,0,0,0,0.2409,0,13,0,0,0.0,1,1.1494,149.08,0.0033,1,1,0,1,0.0694,0.1001,1
NCRB-SYNTH-102003,Trial Court,Sec 482 CrPC (Quashing),2,5,2,0,1,0,0.3366,0,8,1,0,0.074,5,1.0,128.35,0.1862,1,1,0,4,0.0848,0.0527,1
NCRB-SYNTH-102013,High Court,Writ Petition (Detention),2,5,1,0,0,1,0.3092,0,42,0,0,0.1014,8,1.1756,125.92,0.0911,0,0,1,1,0.0437,0.063,1
NCRB-SYNTH-102018,Trial Court,Sec 439 CrPC (Regular Bail),7,4,1,0,0,0,0.1381,0,27,1,1,0.0261,4,1.1882,36.17,0.1701,1,1,0,1,0.0121,0.0175,1
NCRB-SYNTH-102021,High Court,Trial Judgment,4,2,1,0,0,0,0.287,0,8,0,0,0.0736,1,1.0869,130.07,0.0917,1,1,0,1,0.0368,0.0531,1
NCRB-SYNTH-102023,Trial Court,Sec 439 CrPC (Regular Bail),15,3,1,0,0,0,0.1027,1,9,0,1,0.1026,8,1.0546,99.47,0.1402,1,1,0,3,0.0359,0.0259,1
NCRB-SYNTH-102028,High Court,Sec 439 CrPC (Regular Bail),2,2,1,0,0,0,0.0927,0,38,0,1,0.0454,5,1.1291,121.18,0.1987,0,0,1,4,0.088,0.0547,1
NCRB-SYNTH-102034,Trial Court,Writ Petition (Detention),1,4,1,0,1,0,0.3125,1,26,0,0,0.0459,6,1.0,97.34,0.1768,1,1,0,3,0.0871,0.0628,1
NCRB-SYNTH-102041,Trial Court,Sec 482 CrPC (Quashing),1,4,1,0,0,0,0.1849,1,33,0,1,0.0074,8,1.1589,119.54,0.0739,1,1,0,1,0.0984,0.142,1
NCRB-SYNTH-102045,Trial Court,Sec 482 CrPC (Quashing),1,1,2,0,0,0,0.1599,0,4,0,0,0.0174,9,1.2563,30.85,0.0635,1,1,0,3,0.0246,0.0177,1
NCRB-SYNTH-102054,Trial Court,Trial Judgment,2,1,1,0,0,0,0.2054,0,39,0,0,0.0851,1,1.0744,161.07,0.1857,0,0,1,1,0.0315,0.0454,1
NCRB-SYNTH-102074,High Court,Sec 482 CrPC (Quashing),7,1,1,0,1,0,0.3471,0,39,0,0,0.0603,7,1.1008,135.33,0.1468,0,0,1,4,0.066,0.041,1
NCRB-SYNTH-102075,Trial Court,Sec 482 CrPC (Quashing),4,5,2,0,0,0,0.1681,0,12,1,1,0.0648,2,1.0,74.64,0.1498,1,1,0,3,0.0334,0.0241,1
NCRB-SYNTH-102076,High Court,Sec 482 CrPC (Quashing),1,4,2,0,0,0,0.1319,0,41,0,0,0.007,5,1.2335,140.02,0.1228,0,0,1,3,0.0524,0.0378,1
NCRB-SYNTH-102079,High Court,Sec 482 CrPC (Quashing),1,1,2,0,0,0,0.2203,0,25,1,1,0.0,8,1.3057,175.56,0.0925,1,1,0,4,0.0532,0.033,1
NCRB-SYNTH-102084,Trial Court,Sec 482 CrPC (Quashing),1,4,2,0,0,0,0.1883,0,12,0,0,0.0089,1,1.1795,178.75,0.0461,1,1,0,4,0.0837,0.052,1
NCRB-SYNTH-102092,Trial Court,Sec 439 CrPC (Regular Bail),1,2,2,0,0,0,0.346,0,17,0,0,0.0929,2,1.2467,76.51,0.029,1,1,0,4,0.0404,0.0251,1
NCRB-SYNTH-102101,High Court,Writ Petition (Detention),1,3,1,0,0,0,0.2592,0,5,1,0,0.0449,2,1.0,121.43,0.1566,1,1,0,1,0.0517,0.0746,1
NCRB-SYNTH-102107,Trial Court,Sec 439 CrPC (Regular Bail),1,1,2,0,0,0,0.2294,1,16,1,1,0.0455,3,1.1332,52.85,0.1674,1,1,0,1,0.0278,0.0401,1
NCRB-SYNTH-102108,High Court,Trial Judgment,21,1,1,0,0,0,0.2484,0,21,0,1,0.1068,5,1.049,56.09,0.0616,1,1,0,3,0.0921,0.0665,1
NCRB-SYNTH-102110,High Court,Sec 439 CrPC (Regular Bail),2,2,1,0,0,0,0.1543,0,26,1,1,0.0941,2,1.1217,125.43,0.0061,1,1,0,2,0.0232,0.0211,1
NCRB-SYNTH-102114,Trial Court,Trial Judgment,1,1,1,0,1,1,0.1237,0,14,0,0,0.0953,2,1.2777,142.5,0.131,1,1,0,4,0.0211,0.0131,1
NCRB-SYNTH-102120,Trial Court,Writ Petition (Detention),1,1,2,1,0,0,0.1391,0,16,1,1,0.0642,1,1.1161,168.11,0.0833,1,1,0,3,0.0178,0.0128,1
NCRB-SYNTH-102123,Trial Court,Trial Judgment,1,4,2,1,0,0,0.3305,1,14,1,1,0.0398,3,1.082,61.37,0.107,1,1,0,2,0.0482,0.0439,1
NCRB-SYNTH-102125,High Court,Sec 482 CrPC (Quashing),15,3,1,0,0,0,0.3505,0,26,0,0,0.0696,1,1.2851,98.32,0.1797,1,1,0,4,0.0117,0.0072,1
NCRB-SYNTH-102129,Trial Court,Sec 439 CrPC (Regular Bail),1,2,1,0,0,0,0.2702,0,34,0,0,0.0349,7,1.2051,171.87,0.1849,1,1,0,3,0.0341,0.0246,1
NCRB-SYNTH-102136,Trial Court,Sec 482 CrPC (Quashing),4,5,2,0,0,0,0.3385,0,26,0,0,0.0941,6,1.2279,165.1,0.1532,0,0,1,3,0.0746,0.0538,1
NCRB-SYNTH-102140,High Court,Sec 482 CrPC (Quashing),1,1,1,0,0,0,0.3571,1,26,0,0,0.0494,7,1.0,31.28,0.157,1,1,0,1,0.035,0.0505,1
NCRB-SYNTH-102166,Trial Court,Writ Petition (Detention),15,1,1,0,0,0,0.3225,0,24,0,0,0.0489,4,1.0584,66.55,0.0142,1,1,0,2,0.0983,0.0895,1
NCRB-SYNTH-102174,Trial Court,Writ Petition (Detention),1,4,2,0,0,0,0.3357,0,30,1,1,0.0502,6,1.0,159.12,0.0468,1,1,0,2,0.0947,0.0862,1
NCRB-SYNTH-102186,Trial Court,Trial Judgment,1,5,2,0,0,0,0.2121,1,13,0,1,0.0,7,1.0,35.64,0.0831,1,1,0,4,0.0344,0.0214,1
NCRB-SYNTH-102187,Trial Court,Sec 439 CrPC (Regular Bail),1,3,1,0,0,0,0.1474,1,21,1,1,0.0021,7,1.0629,91.13,0.1137,1,1,0,1,0.0921,0.1328,1
NCRB-SYNTH-102192,Trial Court,Sec 482 CrPC (Quashing),2,4,1,0,0,0,0.3765,1,17,0,0,0.0454,4,1.0969,40.88,0.091,0,0,1,3,0.0313,0.0226,1
NCRB-SYNTH-102198,Trial Court,Sec 482 CrPC (Quashing),1,1,1,0,1,0,0.3166,0,14,0,0,0.019,3,1.1652,68.46,0.017,1,1,0,1,0.0778,0.1122,1
NCRB-SYNTH-102201,High Court,Sec 439 CrPC (Regular Bail),4,1,2,0,0,0,0.3574,0,11,0,0,0.0661,5,1.0,154.22,0.1229,1,1,0,3,0.0673,0.0486,1
NCRB-SYNTH-102206,Trial Court,Sec 482 CrPC (Quashing),1,1,2,0,0,0,0.2496,0,36,0,0,0.0,8,1.0757,123.38,0.1885,1,1,0,3,0.0704,0.0508,1
NCRB-SYNTH-102208,Trial Court,Sec 439 CrPC (Regular Bail),1,4,1,0,0,0,0.1754,0,8,0,1,0.0267,7,1.1834,114.56,0.12,1,1,0,2,0.0205,0.0186,1
NCRB-SYNTH-102210,Trial Court,Sec 482 CrPC (Quashing),1,4,2,0,0,0,0.1876,0,39,1,0,0.0065,3,1.033,92.46,0.0237,1,1,0,3,0.041,0.0296,1
NCRB-SYNTH-102214,Trial Court,Sec 482 CrPC (Quashing),7,1,1,0,0,0,0.2005,0,3,1,1,0.0421,2,1.1891,81.83,0.1104,1,1,0,2,0.0763,0.0694,1
NCRB-SYNTH-102219,Trial Court,Trial Judgment,2,2,1,0,0,0,0.2082,1,32,1,1,0.023,3,1.0881,71.13,0.0713,1,1,0,3,0.0724,0.0523,1
NCRB-SYNTH-102233,Trial Court,Sec 482 CrPC (Quashing),21,1,2,0,0,0,0.3161,0,33,0,0,0.1096,2,1.1424,76.28,0.0161,1,1,0,1,0.0277,0.04,1
NCRB-SYNTH-102234,High Court,Sec 482 CrPC (Quashing),4,3,2,0,0,0,0.1184,0,36,1,1,0.0728,8,1.0,39.84,0.0342,1,1,0,3,0.0951,0.0686,1
NCRB-SYNTH-102237,Trial Court,Trial Judgment,1,5,1,0,0,0,0.1838,0,1,0,0,0.0353,8,1.0892,48.06,0.1751,1,1,0,2,0.0908,0.0827,1
NCRB-SYNTH-102244,Trial Court,Trial Judgment,21,3,1,0,0,0,0.1322,1,6,0,0,0.0415,1,1.1538,65.95,0.0681,1,1,0,2,0.0734,0.0668,1
NCRB-SYNTH-102245,Trial Court,Trial Judgment,4,4,2,0,0,0,0.2874,0,6,0,0,0.0738,4,1.1897,164.44,0.0439,1,1,0,3,0.0438,0.0316,1
NCRB-SYNTH-102252,Trial Court,Sec 482 CrPC (Quashing),2,2,1,0,1,0,0.2861,0,33,1,1,0.0498,2,1.0,71.61,0.1763,0,0,1,1,0.0342,0.0493,1
NCRB-SYNTH-102255,Trial Court,Sec 482 CrPC (Quashing),1,1,1,0,0,0,0.2366,1,22,1,1,0.0149,3,1.193,73.78,0.0409,1,1,0,1,0.0893,0.1288,1
NCRB-SYNTH-102263,Trial Court,Sec 482 CrPC (Quashing),1,5,2,0,1,0,0.3729,1,6,0,0,0.0989,6,1.1529,135.91,0.1062,1,1,0,4,0.0368,0.0229,1
NCRB-SYNTH-102275,Trial Court,Writ Petition (Detention),2,4,1,0,0,0,0.3726,0,33,1,1,0.0477,9,1.1961,92.26,0.0544,1,1,0,1,0.0605,0.0872,1
NCRB-SYNTH-102287,Trial Court,Sec 439 CrPC (Regular Bail),4,3,2,0,0,0,0.3977,0,17,1,1,0.1229,4,1.1583,60.95,0.1585,1,1,0,3,0.0253,0.0183,1
NCRB-SYNTH-102305,Trial Court,Sec 482 CrPC (Quashing),1,5,1,0,0,0,0.3509,1,11,0,0,0.1,4,1.2003,83.84,0.0386,1,1,0,1,0.0794,0.1146,1
NCRB-SYNTH-102312,Trial Court,Sec 482 CrPC (Quashing),21,2,2,0,0,0,0.3486,1,5,0,0,0.0621,7,1.1088,45.52,0.1469,1,1,0,3,0.0994,0.0717,1
NCRB-SYNTH-102315,Trial Court,Trial Judgment,7,5,2,0,1,1,0.1302,0,1,1,1,0.0789,2,1.0576,70.39,0.0847,1,1,0,2,0.0233,0.0212,1
NCRB-SYNTH-102321,Trial Court,Trial Judgment,15,5,2,0,1,0,0.1985,0,41,0,0,0.1266,7,1.1679,153.59,0.0286,1,1,0,1,0.0304,0.0438,1
NCRB-SYNTH-102326,High Court,Writ Petition (Detention),15,3,2,0,0,1,0.3948,0,34,1,1,0.0,2,1.1939,163.05,0.0021,1,1,0,2,0.0767,0.0698,1
NCRB-SYNTH-102345,High Court,Sec 482 CrPC (Quashing),1,4,1,0,0,0,0.3549,0,40,1,0,0.0285,6,1.1049,163.07,0.1068,1,1,0,1,0.0611,0.0882,1
NCRB-SYNTH-102352,High Court,Sec 439 CrPC (Regular Bail),1,1,2,0,0,0,0.2913,1,18,0,0,0.109,9,1.0,119.33,0.1697,1,1,0,2,0.0603,0.0549,1
NCRB-SYNTH-102354,Trial Court,Sec 482 CrPC (Quashing),1,5,2,0,0,0,0.3774,1,19,1,1,0.0647,8,1.1948,178.9,0.0259,1,1,0,3,0.0104,0.0075,1
NCRB-SYNTH-102357,Trial Court,Sec 439 CrPC (Regular Bail),1,1,1,0,0,0,0.252,1,11,0,0,0.0696,5,1.0028,114.39,0.134,1,1,0,3,0.0154,0.0111,1
NCRB-SYNTH-102382,Trial Court,Sec 439 CrPC (Regular Bail),2,3,1,0,0,0,0.4097,0,1,0,0,0.0457,5,1.0294,46.53,0.0552,1,1,0,2,0.0721,0.0656,1
NCRB-SYNTH-102383,High Court,Sec 482 CrPC (Quashing),1,4,2,0,0,0,0.1223,0,43,0,0,0.0,6,1.0815,91.76,0.1372,1,1,0,4,0.0491,0.0305,1
NCRB-SYNTH-102395,Trial Court,Sec 482 CrPC (Quashing),2,5,1,0,0,0,0.2078,0,33,0,0,0.0578,8,1.0061,137.35,0.0899,1,1,0,1,0.0107,0.0154,1
NCRB-SYNTH-102409,Trial Court,Sec 482 CrPC (Quashing),2,3,1,0,1,0,0.2843,0,42,1,1,0.0387,9,1.153,59.62,0.156,1,1,0,2,0.0731,0.0666,1
NCRB-SYNTH-102416,Trial Court,Sec 482 CrPC (Quashing),1,4,2,0,0,0,0.3094,0,42,0,0,0.0663,6,1.051,125.57,0.1537,0,0,1,4,0.0161,0.01,1
NCRB-SYNTH-102426,Trial Court,Sec 482 CrPC (Quashing),1,3,2,0,0,0,0.2418,1,7,1,1,0.011,8,1.0,78.53,0.1449,1,1,0,3,0.017,0.0123,1
NCRB-SYNTH-102428,Trial Court,Sec 439 CrPC (Regular Bail),1,2,2,0,1,0,0.3978,1,16,1,1,0.0881,3,1.1264,149.51,0.1267,1,1,0,3,0.0489,0.0353,1
NCRB-SYNTH-102430,Trial Court,Trial Judgment,1,2,1,0,0,0,0.2034,0,20,0,0,0.0207,5,1.1381,88.13,0.1214,1,1,0,3,0.0569,0.0411,1
NCRB-SYNTH-102433,Trial Court,Sec 482 CrPC (Quashing),15,5,1,0,1,0,0.1715,0,17,1,1,0.0658,7,1.0279,62.65,0.0559,1,1,0,2,0.037,0.0337,1
NCRB-SYNTH-102435,High Court,Trial Judgment,7,1,2,0,0,0,0.4111,0,7,0,0,0.0548,1,1.3085,153.69,0.0771,0,0,1,1,0.0206,0.0297,1
NCRB-SYNTH-102452,High Court,Sec 482 CrPC (Quashing),4,2,2,0,0,0,0.3319,0,10,0,0,0.0632,9,1.2621,133.79,0.137,1,1,0,3,0.0188,0.0136,1
NCRB-SYNTH-102461,Trial Court,Sec 439 CrPC (Regular Bail),1,4,1,0,0,0,0.1399,0,22,0,1,0.0536,7,1.058,173.42,0.0579,1,1,0,1,0.0566,0.0817,1
NCRB-SYNTH-102462,Trial Court,Sec 482 CrPC (Quashing),2,1,1,0,0,0,0.1091,0,21,0,0,0.0,4,1.0693,167.6,0.1824,1,1,0,1,0.0611,0.0882,1
NCRB-SYNTH-102472,Trial Court,Sec 482 CrPC (Quashing),1,3,2,0,0,0,0.2532,0,26,0,0,0.0392,2,1.0,87.23,0.0386,1,1,0,3,0.018,0.013,1
NCRB-SYNTH-102473,Trial Court,Sec 482 CrPC (Quashing),1,4,1,0,0,0,0.3881,0,25,0,0,0.0737,2,1.0502,45.75,0.0346,0,0,1,4,0.0562,0.0349,1
NCRB-SYNTH-102476,Trial Court,Sec 482 CrPC (Quashing),1,1,1,0,0,0,0.3635,0,21,1,1,0.0282,5,1.0,90.15,0.0689,1,1,0,1,0.0318,0.0458,1
NCRB-SYNTH-102482,Trial Court,Sec 482 CrPC (Quashing),1,5,2,0,0,0,0.2341,1,33,0,0,0.0049,8,1.1165,115.29,0.144,1,1,0,2,0.0833,0.0758,1
NCRB-SYNTH-102483,Trial Court,Sec 439 CrPC (Regular Bail),2,2,2,0,0,0,0.2728,0,27,0,0,0.0193,3,1.0304,81.55,0.1315,1,1,0,4,0.0295,0.0183,1
NCRB-SYNTH-102486,Trial Court,Sec 482 CrPC (Quashing),4,4,1,0,0,0,0.1543,1,10,0,1,0.0891,6,1.1087,94.74,0.1135,1,1,0,1,0.0808,0.1166,1
NCRB-SYNTH-102488,Trial Court,Trial Judgment,1,2,2,0,0,0,0.2009,0,31,1,1,0.1204,5,1.0,101.51,0.0346,0,0,1,1,0.0149,0.0216,1
NCRB-SYNTH-102498,Trial Court,Sec 482 CrPC (Quashing),1,5,2,0,0,0,0.2435,0,14,1,1,0.0381,6,1.1941,157.02,0.0574,1,1,0,2,0.0504,0.0459,1
NCRB-SYNTH-102499,Trial Court,Sec 482 CrPC (Quashing),1,3,1,0,0,0,0.211,1,11,1,1,0.0167,7,1.2517,134.25,0.0327,0,0,1,1,0.0285,0.0411,1
NCRB-SYNTH-102504,Trial Court,Sec 482 CrPC (Quashing),1,2,1,0,0,0,0.203,0,15,1,1,0.0512,1,1.0257,147.6,0.1626,0,0,1,3,0.0367,0.0265,1
NCRB-SYNTH-102507,Trial Court,Trial Judgment,1,1,2,0,0,0,0.3386,0,9,0,0,0.0554,6,1.1394,136.9,0.1426,1,1,0,1,0.0929,0.134,1
NCRB-SYNTH-102510,Trial Court,Sec 482 CrPC (Quashing),1,3,2,1,0,0,0.1414,0,40,1,1,0.0703,5,1.3759,70.44,0.0884,1,1,0,3,0.0757,0.0546,1
NCRB-SYNTH-102512,Trial Court,Writ Petition (Detention),2,3,2,0,0,0,0.2802,0,44,0,0,0.1075,7,1.0566,168.59,0.1338,1,1,0,4,0.0999,0.0621,1
NCRB-SYNTH-102516,Trial Court,Trial Judgment,1,3,2,0,0,0,0.3321,0,17,0,1,0.0484,9,1.0502,56.0,0.1713,0,0,1,2,0.034,0.031,1
NCRB-SYNTH-102528,Trial Court,Sec 482 CrPC (Quashing),1,3,2,0,0,0,0.3598,0,28,0,0,0.0269,4,1.177,102.78,0.1757,1,1,0,1,0.0103,0.0149,1
NCRB-SYNTH-102530,Trial Court,Sec 482 CrPC (Quashing),1,4,1,0,0,0,0.1306,0,18,0,0,0.0188,3,1.0,113.83,0.057,1,1,0,1,0.0782,0.1129,1
NCRB-SYNTH-102554,Trial Court,Sec 482 CrPC (Quashing),1,4,2,1,1,0,0.3811,0,6,0,0,0.0214,8,1.2885,148.51,0.0984,1,1,0,4,0.0232,0.0144,1
NCRB-SYNTH-102556,Trial Court,Sec 482 CrPC (Quashing),2,1,2,0,0,0,0.103,0,42,0,0,0.0,4,1.0315,173.97,0.0537,0,0,1,4,0.0265,0.0165,1
NCRB-SYNTH-102570,Trial Court,Sec 482 CrPC (Quashing),21,3,1,0,0,0,0.3627,0,26,0,0,0.0588,6,1.3147,57.89,0.1758,1,1,0,1,0.0545,0.0786,1
NCRB-SYNTH-102572,Trial Court,Trial Judgment,1,5,2,0,0,0,0.2176,1,43,1,0,0.099,8,1.1861,179.52,0.152,1,1,0,4,0.0105,0.0065,1
NCRB-SYNTH-102577,Trial Court,Trial Judgment,7,3,2,0,0,0,0.3194,0,1,0,0,0.0821,9,1.1454,174.71,0.0818,0,0,1,4,0.0875,0.0544,1
NCRB-SYNTH-102582,High Court,Sec 482 CrPC (Quashing),1,2,2,0,0,0,0.3312,0,16,1,1,0.0396,7,1.2938,30.75,0.1059,1,1,0,1,0.0525,0.0758,1
NCRB-SYNTH-102622,Trial Court,Sec 482 CrPC (Quashing),1,3,1,0,0,0,0.3968,0,36,1,1,0.0078,4,1.2795,72.84,0.0392,1,1,0,2,0.0394,0.0358,1
NCRB-SYNTH-102624,High Court,Sec 482 CrPC (Quashing),4,3,1,0,1,0,0.1639,1,7,1,1,0.0748,5,1.1255,57.79,0.0922,1,1,0,4,0.0349,0.0217,1
NCRB-SYNTH-102626,Trial Court,Sec 482 CrPC (Quashing),1,4,1,0,0,0,0.2824,0,13,0,0,0.0524,6,1.1085,119.34,0.1367,1,1,0,2,0.087,0.0792,1
NCRB-SYNTH-102637,Trial Court,Sec 482 CrPC (Quashing),1,2,2,0,0,0,0.3641,0,10,0,0,0.065,4,1.0,75.62,0.0577,1,1,0,4,0.0681,0.0423,1
NCRB-SYNTH-102639,Trial Court,Sec 482 CrPC (Quashing),1,5,1,0,0,0,0.3494,0,26,0,1,0.0525,4,1.0,60.16,0.1048,1,1,0,4,0.0198,0.0123,1
NCRB-SYNTH-102647,High Court,Writ Petition (Detention),7,1,2,0,0,0,0.2545,0,42,1,1,0.018,8,1.0618,49.84,0.1327,1,1,0,1,0.0295,0.0425,1
NCRB-SYNTH-102658,Trial Court,Sec 482 CrPC (Quashing),1,2,2,0,0,0,0.2728,0,38,0,0,0.0549,9,1.162,119.71,0.0431,1,1,0,3,0.0327,0.0236,1
NCRB-SYNTH-102662,Trial Court,Sec 439 CrPC (Regular Bail),15,1,2,0,0,0,0.3217,1,26,1,1,0.0221,4,1.0,45.29,0.1865,1,1,0,4,0.0749,0.0466,1
NCRB-SYNTH-102675,Trial Court,Sec 439 CrPC (Regular Bail),2,5,2,0,0,0,0.312,0,31,0,0,0.1038,7,1.0707,93.6,0.1493,1,1,0,2,0.0621,0.0566,1
NCRB-SYNTH-102695,High Court,Sec 482 CrPC (Quashing),45,2,2,0,0,0,0.3885,1,27,0,0,0.0906,4,1.2468,166.57,0.0906,1,1,0,1,0.0552,0.0797,1
NCRB-SYNTH-102702,Trial Court,Sec 439 CrPC (Regular Bail),2,4,1,0,0,0,0.341,0,29,0,0,0.0716,5,1.1085,144.65,0.1655,1,1,0,4,0.0189,0.0117,1
NCRB-SYNTH-102718,High Court,Sec 482 CrPC (Quashing),1,4,2,0,0,0,0.3356,1,17,0,1,0.0473,3,1.181,171.64,0.0807,1,1,0,3,0.0512,0.0369,1
NCRB-SYNTH-102721,Trial Court,Sec 482 CrPC (Quashing),1,3,2,0,0,0,0.2269,0,20,0,0,0.0832,5,1.0,61.98,0.1101,0,0,1,1,0.0791,0.1142,1
NCRB-SYNTH-102734,Trial Court,Sec 439 CrPC (Regular Bail),21,1,2,0,0,0,0.1545,0,37,0,0,0.0317,2,1.0439,46.73,0.0621,1,1,0,3,0.0442,0.0319,1
NCRB-SYNTH-102735,Trial Court,Sec 439 CrPC (Regular Bail),45,2,2,0,0,0,0.2099,0,3,0,0,0.1227,4,1.1312,73.63,0.1337,0,0,1,2,0.0685,0.0624,1
NCRB-SYNTH-102737,Trial Court,Sec 482 CrPC (Quashing),1,5,1,0,0,0,0.0983,0,38,1,1,0.0,6,1.0,67.15,0.0764,1,1,0,4,0.0764,0.0475,1
NCRB-SYNTH-102739,High Court,Sec 482 CrPC (Quashing),15,4,2,0,0,0,0.3507,0,41,0,0,0.0831,9,1.2716,45.82,0.0731,1,1,0,3,0.083,0.0598,1
NCRB-SYNTH-102755,Trial Court,Trial Judgment,4,2,1,0,0,0,0.2256,0,19,0,0,0.0718,2,1.0,94.27,0.0623,0,0,1,4,0.0974,0.0605,1
NCRB-SYNTH-102758,High Court,Sec 482 CrPC (Quashing),2,2,1,0,0,0,0.389,0,7,0,1,0.0749,8,1.2136,83.88,0.19,1,1,0,2,0.0994,0.0904,1
NCRB-SYNTH-102766,Trial Court,Sec 482 CrPC (Quashing),1,5,2,0,0,0,0.2458,0,43,1,1,0.0657,4,1.1473,120.43,0.0744,1,1,0,4,0.0306,0.019,1
NCRB-SYNTH-102783,Trial Court,Sec 439 CrPC (Regular Bail),2,5,1,0,0,1,0.1429,0,33,1,1,0.1533,7,1.1721,175.86,0.1058,1,1,0,3,0.0865,0.0624,1
NCRB-SYNTH-102785,Trial Court,Sec 482 CrPC (Quashing),2,5,1,0,0,0,0.3102,1,14,0,0,0.0,8,1.0348,142.07,0.1253,1,1,0,2,0.0395,0.036,1
NCRB-SYNTH-102787,Trial Court,Sec 482 CrPC (Quashing),7,2,2,0,0,0,0.1315,0,18,1,1,0.0181,9,1.235,82.86,0.0924,1,1,0,4,0.0679,0.0422,1
NCRB-SYNTH-102789,Trial Court,Trial Judgment,2,1,2,0,0,0,0.3936,0,15,0,0,0.0301,7,1.0816,171.78,0.1469,1,1,0,3,0.0396,0.0286,1
NCRB-SYNTH-102790,Trial Court,Sec 482 CrPC (Quashing),21,5,1,0,0,0,0.178,0,35,0,0,0.0646,4,1.1453,56.35,0.14,1,1,0,4,0.0355,0.0221,1
NCRB-SYNTH-102792,Trial Court,Sec 482 CrPC (Quashing),1,4,1,0,0,0,0.3664,0,10,0,0,0.0437,2,1.2828,81.85,0.0548,1,1,0,3,0.0299,0.0215,1
NCRB-SYNTH-102799,High Court,Sec 482 CrPC (Quashing),1,4,2,0,0,0,0.1494,1,25,0,1,0.0321,2,1.0,169.52,0.0476,0,0,1,4,0.0685,0.0425,1
NCRB-SYNTH-102802,High Court,Sec 482 CrPC (Quashing),2,2,2,0,1,0,0.1363,0,14,1,1,0.033,4,1.0885,96.1,0.0825,1,1,0,2,0.0502,0.0457,1
NCRB-SYNTH-102803,Trial Court,Sec 482 CrPC (Quashing),2,1,2,0,0,0,0.0808,0,9,1,1,0.0369,9,1.1473,63.82,0.0606,1,1,0,3,0.0759,0.0548,1
NCRB-SYNTH-102804,Trial Court,Sec 482 CrPC (Quashing),2,4,1,0,0,0,0.1296,0,4,0,0,0.0768,6,1.2395,171.31,0.1968,1,1,0,2,0.0773,0.0704,1
NCRB-SYNTH-102806,Trial Court,Sec 482 CrPC (Quashing),15,2,1,0,0,0,0.1801,1,20,0,1,0.0539,4,1.0153,104.88,0.1832,1,1,0,1,0.0253,0.0364,1
NCRB-SYNTH-102821,Trial Court,Sec 482 CrPC (Quashing),1,4,2,0,0,0,0.3225,0,13,1,1,0.0363,1,1.0,96.29,0.1123,1,1,0,4,0.0245,0.0152,1
NCRB-SYNTH-102836,High Court,Sec 482 CrPC (Quashing),1,3,1,0,0,0,0.4053,0,15,0,1,0.0309,3,1.1637,175.74,0.1745,1,1,0,1,0.076,0.1096,1
NCRB-SYNTH-102837,Trial Court,Sec 482 CrPC (Quashing),1,5,1,0,0,0,0.3127,0,30,1,1,0.0794,1,1.0841,136.4,0.0102,0,0,1,3,0.0255,0.0184,1
NCRB-SYNTH-102843,Trial Court,Sec 482 CrPC (Quashing),15,2,1,0,0,0,0.349,0,32,1,0,0.087,2,1.2602,144.72,0.0342,0,0,1,1,0.0604,0.0872,1
NCRB-SYNTH-102844,Trial Court,Sec 482 CrPC (Quashing),4,3,1,0,0,0,0.0987,0,20,1,1,0.0267,4,1.1015,174.83,0.1688,0,0,1,1,0.0939,0.1355,1
NCRB-SYNTH-102854,Trial Court,Sec 482 CrPC (Quashing),4,1,2,0,0,0,0.1519,0,14,0,1,0.0137,3,1.0811,103.86,0.199,1,1,0,1,0.0335,0.0484,1
NCRB-SYNTH-102861,Trial Court,Sec 482 CrPC (Quashing),1,4,1,0,0,0,0.3125,0,17,0,0,0.0006,1,1.2946,103.78,0.1751,0,0,1,2,0.0385,0.0351,1
NCRB-SYNTH-102863,Trial Court,Sec 439 CrPC (Regular Bail),1,5,1,0,0,0,0.3251,1,15,0,0,0.0564,5,1.0,48.98,0.1671,1,1,0,1,0.0834,0.1203,1
NCRB-SYNTH-102871,Trial Court,Sec 439 CrPC (Regular Bail),2,2,1,0,0,0,0.1761,0,24,0,0,0.0787,6,1.1205,172.12,0.1944,1,1,0,1,0.0506,0.073,1
NCRB-SYNTH-102872,High Court,Sec 482 CrPC (Quashing),2,3,2,0,0,0,0.0817,1,12,0,1,0.0896,2,1.265,51.86,0.1186,1,1,0,2,0.0383,0.0349,1
NCRB-SYNTH-102873,Trial Court,Writ Petition (Detention),1,4,1,0,0,0,0.2253,1,46,1,1,0.0644,5,1.0,65.93,0.1469,1,1,0,4,0.0398,0.0247,1
NCRB-SYNTH-102882,Trial Court,Writ Petition (Detention),2,3,1,0,0,1,0.3324,0,7,0,0,0.0434,5,1.0674,155.71,0.1247,1,1,0,1,0.0715,0.1031,1
NCRB-SYNTH-102886,Trial Court,Sec 482 CrPC (Quashing),7,1,2,0,0,0,0.096,0,43,1,0,0.0208,1,1.0,36.32,0.0159,0,0,1,4,0.0727,0.0452,1
NCRB-SYNTH-102896,Trial Court,Sec 482 CrPC (Quashing),7,1,2,0,0,1,0.3604,1,32,0,0,0.0,5,1.1181,33.11,0.0251,1,1,0,2,0.078,0.071,1
NCRB-SYNTH-102907,Trial Court,Writ Petition (Detention),4,3,1,0,0,0,0.1219,0,27,0,0,0.0335,2,1.2351,110.16,0.1409,1,1,0,3,0.0353,0.0255,1
NCRB-SYNTH-102914,Trial Court,Sec 482 CrPC (Quashing),15,5,1,0,0,0,0.2742,0,10,0,0,0.0639,6,1.198,150.1,0.1266,1,1,0,4,0.0609,0.0378,1
NCRB-SYNTH-102926,Trial Court,Trial Judgment,1,5,2,0,0,0,0.3373,1,6,0,0,0.0612,8,1.1439,56.55,0.0149,1,1,0,2,0.029,0.0264,1
NCRB-SYNTH-102928,Trial Court,Sec 482 CrPC (Quashing),1,3,2,0,0,0,0.3088,1,5,0,0,0.0903,3,1.0059,142.12,0.0503,1,1,0,3,0.0576,0.0416,1
NCRB-SYNTH-102939,Trial Court,Sec 439 CrPC (Regular Bail),45,4,1,0,0,0,0.2199,1,31,0,1,0.0241,7,1.1546,159.37,0.055,1,1,0,4,0.0231,0.0144,1
NCRB-SYNTH-102950,Trial Court,Sec 482 CrPC (Quashing),1,1,2,0,0,0,0.2593,0,15,1,1,0.0402,8,1.0,106.57,0.0873,1,1,0,1,0.0729,0.1051,1
NCRB-SYNTH-102955,Trial Court,Writ Petition (Detention),2,1,1,0,0,0,0.2092,1,34,1,1,0.0633,2,1.0,93.05,0.1766,0,0,1,1,0.0153,0.022,1
NCRB-SYNTH-102958,Trial Court,Writ Petition (Detention),1,5,1,0,0,0,0.3912,0,50,1,1,0.0,3,1.0505,111.37,0.0252,1,1,0,2,0.0235,0.0214,1
NCRB-SYNTH-102964,Trial Court,Trial Judgment,4,1,2,0,0,0,0.3765,0,30,1,1,0.0597,4,1.0,110.79,0.1402,1,1,0,1,0.0151,0.0218,1
NCRB-SYNTH-102965,Trial Court,Sec 482 CrPC (Quashing),15,3,2,0,0,0,0.3197,0,18,1,1,0.0082,7,1.1384,169.96,0.0605,1,1,0,3,0.0365,0.0263,1
NCRB-SYNTH-102969,Trial Court,Sec 482 CrPC (Quashing),2,4,2,0,0,0,0.1491,1,9,0,0,0.0779,7,1.265,156.74,0.081,1,1,0,4,0.0508,0.0316,1
NCRB-SYNTH-102980,Trial Court,Sec 482 CrPC (Quashing),2,5,1,0,0,0,0.1872,0,17,1,1,0.0,1,1.0,30.22,0.0507,1,1,0,1,0.0308,0.0445,1
NCRB-SYNTH-102986,Trial Court,Sec 439 CrPC (Regular Bail),4,4,2,0,0,0,0.1119,0,45,0,0,0.0967,9,1.0828,167.58,0.032,0,0,1,2,0.052,0.0473,1
NCRB-SYNTH-102990,High Court,Sec 482 CrPC (Quashing),1,2,1,0,1,0,0.2804,1,16,1,1,0.0419,2,1.0657,68.66,0.1039,0,0,1,4,0.0958,0.0595,1
NCRB-SYNTH-102996,Trial Court,Sec 482 CrPC (Quashing),21,4,2,0,0,0,0.2941,0,28,0,0,0.0645,7,1.0673,138.94,0.0226,1,1,0,3,0.0181,0.0131,1
NCRB-SYNTH-103000,Trial Court,Trial Judgment,1,2,1,0,0,1,0.2345,0,18,0,0,0.0931,4,1.0069,82.02,0.0336,0,0,1,1,0.019,0.0274,1
NCRB-SYNTH-103007,Trial Court,Sec 482 CrPC (Quashing),1,2,2,0,0,0,0.3428,1,15,0,1,0.0448,9,1.2251,89.38,0.1728,1,1,0,1,0.0359,0.0518,1
NCRB-SYNTH-103027,High Court,Sec 482 CrPC (Quashing),2,4,1,1,0,0,0.3512,0,8,1,0,0.0312,1,1.104,68.2,0.1365,1,1,0,4,0.0135,0.0084,1
NCRB-SYNTH-103038,High Court,Sec 482 CrPC (Quashing),1,2,2,0,0,0,0.1023,0,8,0,0,0.0265,3,1.3073,109.45,0.128,1,1,0,1,0.088,0.127,1
NCRB-SYNTH-103042,Trial Court,Sec 439 CrPC (Regular Bail),1,5,1,0,1,0,0.1846,0,30,0,0,0.0903,7,1.1139,47.49,0.0338,1,1,0,1,0.064,0.0923,1
NCRB-SYNTH-103056,High Court,Sec 482 CrPC (Quashing),1,4,2,0,0,0,0.3227,0,27,0,0,0.0446,7,1.0746,155.34,0.0654,1,1,0,1,0.0734,0.1059,1
NCRB-SYNTH-103060,Trial Court,Sec 482 CrPC (Quashing),1,2,2,0,0,0,0.1463,0,28,0,0,0.0279,9,1.0,138.87,0.1768,1,1,0,2,0.0377,0.0343,1
NCRB-SYNTH-103068,Trial Court,Sec 439 CrPC (Regular Bail),1,1,2,0,0,0,0.3292,0,16,0,0,0.0681,9,1.2032,149.27,0.0614,1,1,0,1,0.0498,0.0718,1
NCRB-SYNTH-103076,Trial Court,Sec 482 CrPC (Quashing),1,1,1,0,0,0,0.197,1,6,1,0,0.0894,5,1.0247,172.71,0.1156,1,1,0,2,0.0755,0.0687,1
NCRB-SYNTH-103077,Trial Court,Trial Judgment,2,2,2,0,0,1,0.2188,1,40,0,0,0.0202,7,1.1863,73.35,0.0892,1,1,0,2,0.0352,0.0321,1
NCRB-SYNTH-103080,Trial Court,Sec 482 CrPC (Quashing),1,1,1,0,0,1,0.1481,0,31,1,1,0.0159,5,1.1368,143.33,0.0812,1,1,0,4,0.0222,0.0138,1
NCRB-SYNTH-103082,Trial Court,Sec 482 CrPC (Quashing),1,3,2,0,0,0,0.3637,1,10,0,0,0.0829,5,1.0254,113.55,0.0312,0,0,1,3,0.0994,0.0717,1
NCRB-SYNTH-103092,Trial Court,Writ Petition (Detention),1,4,1,0,0,0,0.1523,0,26,0,0,0.0593,5,1.1405,123.88,0.1369,1,1,0,3,0.0302,0.0218,1
NCRB-SYNTH-103097,Trial Court,Sec 439 CrPC (Regular Bail),1,4,1,0,0,0,0.2035,1,36,0,0,0.0,8,1.0,106.49,0.1362,1,1,0,2,0.0166,0.0151,1
NCRB-SYNTH-103103,Trial Court,Sec 482 CrPC (Quashing),2,2,1,0,0,0,0.3248,1,33,1,1,0.0132,5,1.2187,56.95,0.0301,0,0,1,2,0.055,0.0501,1
NCRB-SYNTH-103116,Trial Court,Sec 482 CrPC (Quashing),1,3,2,0,1,0,0.2261,0,18,0,1,0.037,9,1.0109,102.04,0.1436,0,0,1,3,0.065,0.0469,1
NCRB-SYNTH-103129,Trial Court,Sec 482 CrPC (Quashing),7,1,2,0,0,0,0.3294,0,16,0,0,0.0361,9,1.111,162.02,0.1846,1,1,0,2,0.0554,0.0504,1
NCRB-SYNTH-103133,Trial Court,Trial Judgment,1,5,1,0,0,0,0.3095,0,42,0,0,0.0583,2,1.0246,142.42,0.1748,1,1,0,4,0.0791,0.0492,1
NCRB-SYNTH-103142,Trial Court,Sec 482 CrPC (Quashing),1,5,2,0,0,0,0.1586,0,9,0,0,0.027,1,1.0141,162.92,0.1686,1,1,0,1,0.0717,0.1035,1
NCRB-SYNTH-103147,Trial Court,Sec 482 CrPC (Quashing),1,4,1,0,0,0,0.191,1,45,0,0,0.1419,8,1.2683,68.1,0.0273,1,1,0,4,0.0255,0.0158,1
NCRB-SYNTH-103157,Trial Court,Trial Judgment,1,1,1,0,0,0,0.1852,0,22,1,1,0.0626,7,1.0291,106.23,0.1546,1,1,0,2,0.0558,0.0508,1
NCRB-SYNTH-103167,Trial Court,Sec 439 CrPC (Regular Bail),1,5,2,0,0,0,0.348,0,17,1,1,0.0446,8,1.0711,66.0,0.0077,1,1,0,1,0.0966,0.1394,1
NCRB-SYNTH-103178,High Court,Sec 482 CrPC (Quashing),7,2,2,0,1,0,0.2748,1,19,0,0,0.072,9,1.1925,135.99,0.1041,1,1,0,2,0.0425,0.0386,1
NCRB-SYNTH-103192,Trial Court,Trial Judgment,1,4,1,0,0,0,0.3653,0,27,0,1,0.0893,7,1.0,115.48,0.1779,0,0,1,1,0.0854,0.1233,1
NCRB-SYNTH-103193,Trial Court,Writ Petition (Detention),2,1,1,0,0,0,0.4114,0,42,0,0,0.0747,5,1.198,71.24,0.0989,1,1,0,1,0.0224,0.0323,1
NCRB-SYNTH-103197,Trial Court,Writ Petition (Detention),1,5,1,0,1,0,0.2419,1,12,1,1,0.0797,3,1.0162,77.41,0.0199,1,1,0,3,0.0937,0.0676,1
NCRB-SYNTH-103198,High Court,Sec 482 CrPC (Quashing),15,4,2,0,0,0,0.2159,0,4,0,0,0.0747,6,1.2816,178.32,0.197,1,1,0,2,0.0622,0.0566,1
NCRB-SYNTH-103204,Trial Court,Sec 482 CrPC (Quashing),15,1,2,0,0,1,0.3232,0,19,0,1,0.0002,5,1.1495,50.39,0.0831,1,1,0,2,0.0286,0.026,1
NCRB-SYNTH-103207,Trial Court,Trial Judgment,1,2,2,0,0,0,0.2665,0,5,1,1,0.0078,4,1.1442,140.23,0.1603,0,0,1,1,0.095,0.1371,1
NCRB-SYNTH-103226,Trial Court,Sec 439 CrPC (Regular Bail),1,2,2,0,0,0,0.3429,1,7,1,1,0.0568,6,1.1305,153.64,0.1345,1,1,0,2,0.0971,0.0884,1
NCRB-SYNTH-103238,Trial Court,Sec 482 CrPC (Quashing),1,5,2,0,0,0,0.1668,0,25,0,0,0.0165,3,1.1667,63.61,0.087,1,1,0,3,0.0359,0.0259,1
NCRB-SYNTH-103249,Trial Court,Sec 439 CrPC (Regular Bail),1,4,2,0,1,0,0.1029,0,38,0,1,0.0762,5,1.0436,57.82,0.0345,1,1,0,2,0.0427,0.0389,1
NCRB-SYNTH-103260,Trial Court,Writ Petition (Detention),2,5,2,0,0,0,0.3831,0,1,1,1,0.0,9,1.0918,148.59,0.0681,0,0,1,3,0.0971,0.0701,1
NCRB-SYNTH-103283,Trial Court,Sec 482 CrPC (Quashing),1,2,2,0,0,0,0.298,0,25,0,1,0.1085,3,1.1746,131.84,0.1427,1,1,0,3,0.0618,0.0446,1
NCRB-SYNTH-103284,Trial Court,Trial Judgment,2,4,1,0,0,0,0.4133,1,2,1,1,0.0515,2,1.1746,108.6,0.0113,1,1,0,2,0.0801,0.0729,1
NCRB-SYNTH-103289,Trial Court,Sec 439 CrPC (Regular Bail),1,5,1,0,0,0,0.1148,0,23,0,0,0.0886,7,1.0,36.33,0.1847,1,1,0,3,0.0442,0.0318,1
NCRB-SYNTH-103292,Trial Court,Sec 482 CrPC (Quashing),1,1,2,0,0,0,0.1853,0,43,1,0,0.0,2,1.0196,131.82,0.1326,0,0,1,4,0.0477,0.0297,1
NCRB-SYNTH-103295,Trial Court,Sec 482 CrPC (Quashing),15,5,1,0,0,0,0.2179,0,9,0,0,0.0461,5,1.0631,57.36,0.0561,1,1,0,2,0.0619,0.0564,1
NCRB-SYNTH-103302,High Court,Sec 482 CrPC (Quashing),1,5,2,0,0,0,0.2192,0,11,1,1,0.1351,6,1.2752,80.03,0.107,1,1,0,1,0.0323,0.0467,1
NCRB-SYNTH-103335,Trial Court,Sec 482 CrPC (Quashing),1,5,1,1,0,0,0.1809,1,1,1,0,0.0366,5,1.0327,120.8,0.0183,1,1,0,3,0.0582,0.042,1
NCRB-SYNTH-103337,Trial Court,Sec 482 CrPC (Quashing),1,3,1,0,0,0,0.4034,1,23,1,1,0.0699,5,1.1783,126.38,0.0275,0,0,1,2,0.0894,0.0814,1
NCRB-SYNTH-103341,Trial Court,Writ Petition (Detention),2,5,2,0,0,0,0.3932,0,2,1,1,0.1242,2,1.2679,78.05,0.0624,1,1,0,3,0.0444,0.032,1
NCRB-SYNTH-103353,Trial Court,Sec 482 CrPC (Quashing),2,3,2,0,0,0,0.1336,0,35,1,1,0.0974,8,1.3012,77.91,0.0009,0,0,1,4,0.0253,0.0157,1
NCRB-SYNTH-103365,Trial Court,Sec 439 CrPC (Regular Bail),1,4,2,0,0,0,0.291,0,29,1,1,0.0045,9,1.2239,152.42,0.1617,1,1,0,1,0.0683,0.0985,1
NCRB-SYNTH-103386,High Court,Sec 482 CrPC (Quashing),1,4,2,0,0,0,0.1996,1,42,0,0,0.0,5,1.243,48.0,0.1342,1,1,0,1,0.0343,0.0495,1
NCRB-SYNTH-103392,Trial Court,Sec 482 CrPC (Quashing),21,5,2,0,0,0,0.1784,0,30,0,0,0.0808,1,1.0243,136.92,0.0271,1,1,0,2,0.0255,0.0232,1
NCRB-SYNTH-103393,Trial Court,Trial Judgment,1,4,2,0,0,0,0.3672,1,16,1,1,0.0504,7,1.0,82.72,0.0782,1,1,0,2,0.0456,0.0415,1
NCRB-SYNTH-103395,Trial Court,Sec 482 CrPC (Quashing),2,2,2,0,0,0,0.1326,0,30,1,1,0.0641,1,1.1659,150.93,0.039,1,1,0,4,0.0999,0.062,1
NCRB-SYNTH-103396,Trial Court,Sec 439 CrPC (Regular Bail),4,5,2,0,0,0,0.236,1,34,0,1,0.0744,1,1.0,78.53,0.0265,1,1,0,3,0.0976,0.0704,1
NCRB-SYNTH-103403,High Court,Sec 482 CrPC (Quashing),1,1,1,0,0,0,0.1874,1,11,0,0,0.0027,8,1.2581,143.45,0.0675,1,1,0,4,0.0468,0.029,1
NCRB-SYNTH-103407,Trial Court,Sec 482 CrPC (Quashing),1,4,2,0,0,0,0.3346,1,17,0,0,0.0474,2,1.2006,166.46,0.0669,1,1,0,4,0.0864,0.0537,1
NCRB-SYNTH-103408,Trial Court,Sec 482 CrPC (Quashing),1,4,1,0,0,0,0.1405,0,4,0,0,0.0654,1,1.1938,56.87,0.1203,1,1,0,3,0.0162,0.0117,1
NCRB-SYNTH-103429,Trial Court,Sec 482 CrPC (Quashing),15,1,2,0,0,0,0.2763,0,23,0,0,0.0838,4,1.0,66.84,0.03,1,1,0,3,0.0864,0.0623,1
NCRB-SYNTH-103432,Trial Court,Sec 482 CrPC (Quashing),1,1,1,0,0,0,0.3189,0,35,1,1,0.0201,5,1.0511,75.17,0.1029,1,1,0,4,0.0387,0.024,1
NCRB-SYNTH-103439,High Court,Sec 482 CrPC (Quashing),4,4,1,0,0,0,0.1569,0,11,1,1,0.0141,7,1.1804,97.35,0.0006,1,1,0,3,0.096,0.0693,1
NCRB-SYNTH-103440,Trial Court,Sec 482 CrPC (Quashing),4,5,1,0,0,0,0.2727,0,6,0,1,0.0284,8,1.2213,47.24,0.1505,1,1,0,1,0.0436,0.0629,1
NCRB-SYNTH-103444,Trial Court,Sec 482 CrPC (Quashing),1,2,2,0,1,0,0.2137,0,14,0,1,0.0643,7,1.0978,37.19,0.0406,1,1,0,1,0.0175,0.0252,1
NCRB-SYNTH-103445,High Court,Sec 482 CrPC (Quashing),1,5,1,0,0,0,0.1971,1,29,1,1,0.064,1,1.0338,129.87,0.0492,1,1,0,1,0.0586,0.0846,1
NCRB-SYNTH-103455,High Court,Trial Judgment,27,3,2,0,0,0,0.4137,1,28,1,1,0.0461,3,1.0,117.01,0.1082,1,1,0,3,0.0723,0.0521,1
NCRB-SYNTH-103477,Trial Court,Sec 439 CrPC (Regular Bail),4,1,2,0,0,0,0.1552,0,6,0,0,0.0396,1,1.1294,107.24,0.0639,1,1,0,2,0.0345,0.0314,1
NCRB-SYNTH-103484,Trial Court,Sec 439 CrPC (Regular Bail),1,5,1,0,0,0,0.3093,1,18,1,1,0.0849,3,1.2583,127.32,0.0568,1,1,0,4,0.0546,0.0339,1
NCRB-SYNTH-103493,Trial Court,Sec 482 CrPC (Quashing),27,2,2,0,0,0,0.4191,0,11,0,0,0.0178,3,1.0907,167.83,0.1224,0,0,1,4,0.0416,0.0259,1
NCRB-SYNTH-103494,Trial Court,Sec 482 CrPC (Quashing),1,2,2,0,0,0,0.3599,0,10,1,0,0.0526,3,1.2728,91.46,0.1484,1,1,0,4,0.0865,0.0538,1
NCRB-SYNTH-103497,Trial Court,Sec 482 CrPC (Quashing),1,2,2,0,0,0,0.3721,1,10,0,0,0.0422,7,1.0153,58.75,0.1542,1,1,0,3,0.0494,0.0356,1
NCRB-SYNTH-103498,Trial Court,Sec 439 CrPC (Regular Bail),4,2,1,0,0,0,0.1055,0,16,0,0,0.0055,6,1.3755,100.46,0.1903,1,1,0,1,0.0571,0.0824,1
NCRB-SYNTH-103503,Trial Court,Writ Petition (Detention),1,1,1,0,0,0,0.2562,0,29,1,1,0.0586,1,1.3473,159.3,0.0723,1,1,0,4,0.0227,0.0141,1
NCRB-SYNTH-103505,Trial Court,Sec 482 CrPC (Quashing),7,5,2,0,0,0,0.3589,1,4,1,1,0.0252,4,1.0997,100.29,0.1264,1,1,0,4,0.0259,0.0161,1
NCRB-SYNTH-103507,Trial Court,Sec 482 CrPC (Quashing),2,2,1,0,0,0,0.353,0,6,0,1,0.071,8,1.1436,35.28,0.0495,1,1,0,3,0.0371,0.0268,1
NCRB-SYNTH-103513,Trial Court,Sec 482 CrPC (Quashing),1,5,2,0,0,1,0.4312,0,43,0,1,0.0301,6,1.0931,48.93,0.0535,1,1,0,2,0.0519,0.0473,1
NCRB-SYNTH-103515,Trial Court,Sec 482 CrPC (Quashing),1,1,2,0,0,0,0.098,0,42,1,1,0.058,4,1.2246,176.69,0.1094,1,1,0,2,0.0313,0.0285,1
NCRB-SYNTH-103516,Trial Court,Trial Judgment,1,5,2,0,0,0,0.2037,1,3,0,0,0.0769,9,1.0,99.29,0.0541,1,1,0,1,0.0115,0.0166,1
NCRB-SYNTH-103527,Trial Court,Sec 439 CrPC (Regular Bail),1,1,2,0,0,0,0.1264,0,9,1,1,0.0673,4,1.1575,156.39,0.0164,1,1,0,1,0.0633,0.0913,1
NCRB-SYNTH-103529,Trial Court,Sec 482 CrPC (Quashing),45,5,1,0,0,1,0.2165,1,2,0,1,0.0634,4,1.0291,59.32,0.0991,1,1,0,4,0.011,0.0068,1
NCRB-SYNTH-103545,Trial Court,Sec 482 CrPC (Quashing),2,1,1,0,1,0,0.1866,0,1,0,0,0.0759,9,1.1231,30.87,0.0087,1,1,0,1,0.0998,0.144,1
NCRB-SYNTH-103570,Trial Court,Sec 482 CrPC (Quashing),21,5,2,0,0,0,0.2441,0,9,0,1,0.0751,5,1.0,166.06,0.1804,1,1,0,3,0.0285,0.0206,1
NCRB-SYNTH-103574,Trial Court,Sec 482 CrPC (Quashing),2,4,1,0,0,0,0.284,0,40,0,1,0.0752,3,1.2714,42.31,0.0002,1,1,0,3,0.0634,0.0457,1
NCRB-SYNTH-103575,Trial Court,Sec 439 CrPC (Regular Bail),2,4,2,0,0,0,0.2394,0,26,1,1,0.131,8,1.0275,76.93,0.1636,1,1,0,3,0.0112,0.0081,1
NCRB-SYNTH-103584,Trial Court,Sec 482 CrPC (Quashing),1,1,2,0,0,0,0.3423,0,3,0,0,0.0366,3,1.3255,152.66,0.1709,1,1,0,2,0.0142,0.0129,1
NCRB-SYNTH-103591,Trial Court,Sec 439 CrPC (Regular Bail),2,1,1,0,0,0,0.1519,0,15,1,0,0.0331,4,1.1492,102.24,0.126,1,1,0,4,0.0168,0.0104,1
NCRB-SYNTH-103609,Trial Court,Sec 482 CrPC (Quashing),1,2,2,0,0,0,0.2343,0,42,0,0,0.0776,4,1.0,39.19,0.1208,1,1,0,3,0.0776,0.056,1
NCRB-SYNTH-103610,High Court,Sec 482 CrPC (Quashing),7,2,2,0,0,0,0.3044,0,44,0,0,0.0624,8,1.0,118.18,0.1542,1,1,0,1,0.0915,0.132,1
NCRB-SYNTH-103624,Trial Court,Sec 482 CrPC (Quashing),1,2,1,0,0,0,0.3323,1,21,0,0,0.0641,7,1.0,109.22,0.1145,1,1,0,2,0.0496,0.0452,1
NCRB-SYNTH-103628,High Court,Sec 439 CrPC (Regular Bail),2,2,1,0,1,0,0.3021,0,44,0,0,0.0192,5,1.0618,119.9,0.1263,1,1,0,2,0.0793,0.0722,1
NCRB-SYNTH-103637,Trial Court,Sec 482 CrPC (Quashing),2,3,1,0,0,0,0.0904,1,39,0,0,0.0753,9,1.1922,145.05,0.0542,1,1,0,2,0.0326,0.0297,1
NCRB-SYNTH-103642,High Court,Trial Judgment,4,5,2,0,0,0,0.3106,0,29,1,1,0.0902,3,1.1265,54.1,0.1922,0,0,1,2,0.0717,0.0653,1
NCRB-SYNTH-103650,Trial Court,Sec 439 CrPC (Regular Bail),4,1,2,0,0,0,0.1323,0,1,1,1,0.0459,2,1.2672,130.59,0.066,1,1,0,3,0.0612,0.0441,1
NCRB-SYNTH-103660,Trial Court,Sec 439 CrPC (Regular Bail),1,4,1,0,0,0,0.137,0,1,0,0,0.0796,7,1.0869,101.45,0.0817,1,1,0,4,0.0274,0.017,1
NCRB-SYNTH-103687,Trial Court,Sec 439 CrPC (Regular Bail),1,5,2,0,0,0,0.209,0,1,0,0,0.0506,7,1.0,138.8,0.0905,0,0,1,4,0.0146,0.0091,1
NCRB-SYNTH-103697,Trial Court,Sec 482 CrPC (Quashing),1,1,2,0,1,0,0.1805,0,17,0,0,0.0058,7,1.2391,117.7,0.1113,1,1,0,1,0.0859,0.1239,1
NCRB-SYNTH-103699,Trial Court,Sec 482 CrPC (Quashing),4,4,2,0,0,0,0.3014,1,35,1,1,0.048,5,1.205,37.87,0.167,1,1,0,4,0.0282,0.0175,1
NCRB-SYNTH-103705,Trial Court,Sec 482 CrPC (Quashing),7,2,2,0,0,0,0.2698,0,19,0,0,0.0,4,1.0,125.37,0.0878,1,1,0,1,0.0224,0.0324,1
NCRB-SYNTH-103706,High Court,Sec 482 CrPC (Quashing),1,4,1,0,0,0,0.2906,1,30,0,0,0.1503,6,1.0,47.81,0.1089,1,1,0,4,0.0872,0.0542,1
NCRB-SYNTH-103710,Trial Court,Sec 439 CrPC (Regular Bail),1,2,2,0,1,0,0.2639,1,40,0,0,0.0602,8,1.0,99.88,0.1158,1,1,0,2,0.0971,0.0884,1
NCRB-SYNTH-103715,High Court,Writ Petition (Detention),1,1,1,0,0,0,0.3568,1,11,0,0,0.0777,9,1.1593,85.29,0.0456,1,1,0,2,0.0815,0.0742,1
NCRB-SYNTH-103723,Trial Court,Sec 482 CrPC (Quashing),1,2,1,0,0,0,0.3582,0,36,0,0,0.0409,1,1.2594,161.39,0.0912,1,1,0,2,0.0852,0.0776,1
NCRB-SYNTH-103726,Trial Court,Sec 439 CrPC (Regular Bail),7,2,1,0,0,0,0.11,0,33,0,0,0.0536,5,1.2289,105.62,0.0592,1,1,0,3,0.0791,0.0571,1
NCRB-SYNTH-103732,Trial Court,Writ Petition (Detention),1,2,2,0,0,0,0.2161,1,46,1,1,0.0559,9,1.0862,63.17,0.007,1,1,0,4,0.0165,0.0102,1
NCRB-SYNTH-103741,Trial Court,Sec 482 CrPC (Quashing),7,1,1,0,0,0,0.2801,1,13,0,1,0.066,2,1.1776,122.42,0.0965,1,1,0,3,0.0624,0.045,1
NCRB-SYNTH-103750,Trial Court,Sec 482 CrPC (Quashing),1,4,1,1,0,0,0.4053,0,16,0,0,0.0181,1,1.1607,156.57,0.0097,1,1,0,4,0.0696,0.0433,1
NCRB-SYNTH-103751,Trial Court,Sec 439 CrPC (Regular Bail),1,2,2,0,0,0,0.1817,0,25,1,1,0.0735,1,1.0054,79.37,0.1127,1,1,0,3,0.0644,0.0464,1
NCRB-SYNTH-103752,Trial Court,Sec 482 CrPC (Quashing),21,4,1,0,0,1,0.261,0,10,0,0,0.0,2,1.2602,69.8,0.1172,1,1,0,2,0.0885,0.0806,1
NCRB-SYNTH-103772,Trial Court,Trial Judgment,2,5,1,0,0,0,0.1169,0,1,1,1,0.1006,8,1.0,69.59,0.1256,0,0,1,1,0.0195,0.0281,1
NCRB-SYNTH-103776,Trial Court,Sec 482 CrPC (Quashing),7,2,2,0,0,0,0.2772,0,14,0,0,0.081,2,1.0,114.89,0.0073,0,0,1,4,0.0816,0.0507,1
NCRB-SYNTH-103780,Trial Court,Sec 439 CrPC (Regular Bail),4,3,2,0,0,0,0.1191,0,2,0,0,0.0673,5,1.3239,37.96,0.172,1,1,0,3,0.0102,0.0073,1
NCRB-SYNTH-103790,Trial Court,Sec 482 CrPC (Quashing),15,5,1,0,0,0,0.3271,1,29,1,1,0.0332,2,1.2309,115.47,0.1553,1,1,0,2,0.0264,0.024,1
NCRB-SYNTH-103802,Trial Court,Sec 482 CrPC (Quashing),2,1,1,0,0,0,0.1788,1,19,0,0,0.1087,2,1.224,96.15,0.0005,1,1,0,4,0.0251,0.0156,1
NCRB-SYNTH-103804,Trial Court,Sec 482 CrPC (Quashing),2,5,2,1,0,0,0.2272,0,40,1,1,0.0578,3,1.0149,154.07,0.1481,1,1,0,4,0.028,0.0174,1
NCRB-SYNTH-103806,Trial Court,Writ Petition (Detention),1,3,1,0,0,0,0.2999,1,35,0,0,0.0588,4,1.0563,82.69,0.129,1,1,0,4,0.0391,0.0243,1
NCRB-SYNTH-103837,Trial Court,Sec 482 CrPC (Quashing),7,1,1,0,0,0,0.2079,0,26,0,1,0.1488,9,1.2622,169.35,0.018,1,1,0,1,0.0558,0.0805,1
NCRB-SYNTH-103839,Trial Court,Sec 482 CrPC (Quashing),7,1,2,0,1,0,0.2008,1,4,1,1,0.0709,1,1.0378,75.41,0.083,1,1,0,4,0.036,0.0224,1
NCRB-SYNTH-103847,Trial Court,Sec 482 CrPC (Quashing),7,2,1,0,0,0,0.1871,0,11,1,0,0.0444,7,1.0,60.11,0.0985,0,0,1,3,0.0564,0.0407,1
NCRB-SYNTH-103854,High Court,Sec 439 CrPC (Regular Bail),4,1,2,1,0,0,0.3951,0,14,1,1,0.0481,4,1.0341,61.56,0.0586,1,1,0,2,0.0796,0.0724,1
NCRB-SYNTH-103878,Trial Court,Sec 482 CrPC (Quashing),2,5,2,0,0,0,0.1579,0,41,0,0,0.0054,9,1.0682,174.23,0.0952,0,0,1,4,0.0346,0.0215,1
NCRB-SYNTH-103883,Trial Court,Trial Judgment,1,3,1,0,0,0,0.3629,1,17,0,1,0.087,5,1.0,116.56,0.0818,1,1,0,3,0.0795,0.0574,1
NCRB-SYNTH-103885,Trial Court,Sec 439 CrPC (Regular Bail),1,4,1,0,0,0,0.1973,0,28,0,1,0.0452,2,1.2252,59.92,0.1555,1,1,0,3,0.0407,0.0294,1
NCRB-SYNTH-103886,Trial Court,Sec 482 CrPC (Quashing),15,1,1,0,0,0,0.1504,0,13,0,1,0.0708,7,1.0502,53.87,0.002,1,1,0,4,0.0634,0.0394,1
NCRB-SYNTH-103887,Trial Court,Sec 482 CrPC (Quashing),1,3,2,0,0,0,0.3517,0,16,0,0,0.0746,6,1.0809,99.93,0.1892,1,1,0,2,0.0185,0.0168,1
NCRB-SYNTH-103903,High Court,Sec 482 CrPC (Quashing),1,1,2,0,0,0,0.1176,1,12,0,0,0.0078,2,1.0,157.56,0.1772,1,1,0,3,0.0614,0.0443,1
NCRB-SYNTH-103914,High Court,Sec 439 CrPC (Regular Bail),4,2,1,0,0,0,0.1133,0,2,1,1,0.0776,1,1.1504,76.41,0.1212,1,1,0,3,0.0896,0.0646,1
NCRB-SYNTH-103915,Trial Court,Sec 439 CrPC (Regular Bail),1,3,1,0,0,0,0.3511,0,15,0,0,0.0103,2,1.0,172.09,0.0626,1,1,0,4,0.0455,0.0283,1
NCRB-SYNTH-103921,Trial Court,Sec 482 CrPC (Quashing),2,3,1,0,1,0,0.2979,0,23,0,0,0.1038,9,1.1439,166.84,0.1562,1,1,0,4,0.0463,0.0288,1
NCRB-SYNTH-103925,Trial Court,Writ Petition (Detention),1,4,2,0,0,0,0.3349,0,29,1,1,0.1093,5,1.4357,145.3,0.0998,1,1,0,2,0.0356,0.0324,1
NCRB-SYNTH-103931,High Court,Sec 482 CrPC (Quashing),2,5,2,0,0,0,0.3574,1,12,0,1,0.0078,9,1.2598,151.0,0.0569,1,1,0,3,0.0483,0.0348,1
NCRB-SYNTH-103942,High Court,Sec 439 CrPC (Regular Bail),1,5,1,0,0,0,0.305,0,28,0,0,0.0505,2,1.0278,96.47,0.0797,1,1,0,1,0.0118,0.017,1
NCRB-SYNTH-103953,Trial Court,Sec 439 CrPC (Regular Bail),1,4,1,0,0,0,0.195,0,25,0,0,0.0422,2,1.0836,121.01,0.047,1,1,0,1,0.0197,0.0284,1
NCRB-SYNTH-103956,Trial Court,Sec 439 CrPC (Regular Bail),15,3,1,0,0,0,0.1936,0,25,0,0,0.0364,7,1.0246,34.84,0.0452,0,0,1,2,0.0305,0.0277,1
NCRB-SYNTH-103957,Trial Court,Sec 482 CrPC (Quashing),1,2,2,0,0,0,0.2263,0,13,1,1,0.0322,5,1.0,176.05,0.1226,1,1,0,3,0.0457,0.033,1
NCRB-SYNTH-103971,Trial Court,Writ Petition (Detention),1,5,1,0,0,0,0.1021,0,17,0,0,0.0428,6,1.158,117.99,0.1517,1,1,0,1,0.0877,0.1265,1
NCRB-SYNTH-103976,Trial Court,Trial Judgment,1,5,1,0,0,0,0.1807,1,6,0,0,0.0635,1,1.1081,144.33,0.1795,1,1,0,3,0.0793,0.0572,1
NCRB-SYNTH-103986,Trial Court,Trial Judgment,15,2,2,0,0,0,0.2409,0,38,1,0,0.0342,6,1.1501,70.63,0.1958,0,0,1,4,0.0655,0.0407,1
NCRB-SYNTH-103990,Trial Court,Sec 482 CrPC (Quashing),1,5,1,0,1,0,0.4018,1,22,1,1,0.0439,9,1.0738,98.37,0.0715,1,1,0,1,0.0654,0.0943,1
NCRB-SYNTH-104017,Trial Court,Sec 482 CrPC (Quashing),2,1,2,0,0,0,0.1428,1,8,1,1,0.0312,6,1.0,78.71,0.0312,1,1,0,4,0.0939,0.0584,1
NCRB-SYNTH-104018,Trial Court,Sec 482 CrPC (Quashing),1,2,2,0,0,0,0.1214,0,38,0,0,0.0634,5,1.0796,111.03,0.0669,1,1,0,4,0.0489,0.0304,1
NCRB-SYNTH-104034,Trial Court,Sec 439 CrPC (Regular Bail),1,3,1,0,0,0,0.1244,0,7,1,1,0.0,5,1.1632,174.16,0.0755,1,1,0,3,0.0215,0.0155,1
NCRB-SYNTH-104036,Trial Court,Sec 482 CrPC (Quashing),2,4,1,0,0,0,0.1177,0,22,0,0,0.0292,8,1.2919,45.45,0.0927,1,1,0,1,0.0351,0.0507,1
NCRB-SYNTH-104037,Trial Court,Sec 482 CrPC (Quashing),4,3,1,0,0,0,0.3505,0,1,0,1,0.0929,7,1.0,96.38,0.1148,1,1,0,3,0.0604,0.0435,1
NCRB-SYNTH-104041,High Court,Sec 482 CrPC (Quashing),1,1,2,0,0,0,0.3245,1,24,0,0,0.0,8,1.0,106.56,0.006,1,1,0,2,0.0106,0.0097,1
NCRB-SYNTH-104049,Trial Court,Sec 482 CrPC (Quashing),7,1,1,0,0,0,0.3866,0,14,1,0,0.0365,4,1.093,66.27,0.0923,1,1,0,3,0.0343,0.0248,1
NCRB-SYNTH-104051,Trial Court,Sec 482 CrPC (Quashing),1,5,2,0,0,0,0.2126,0,1,0,0,0.0281,6,1.0155,54.37,0.0746,0,0,1,4,0.0675,0.0419,1
NCRB-SYNTH-104059,Trial Court,Sec 482 CrPC (Quashing),1,4,1,0,0,0,0.1184,0,29,0,1,0.0792,2,1.1202,47.48,0.0604,1,1,0,1,0.0782,0.1128,1
NCRB-SYNTH-104060,Trial Court,Sec 439 CrPC (Regular Bail),2,5,1,0,0,1,0.2144,0,1,0,1,0.0,2,1.339,32.77,0.135,1,1,0,3,0.0885,0.0639,1
NCRB-SYNTH-104065,Trial Court,Sec 482 CrPC (Quashing),15,4,2,0,1,0,0.3446,0,22,0,0,0.0906,4,1.1831,115.6,0.1604,1,1,0,2,0.0865,0.0787,1
NCRB-SYNTH-104068,Trial Court,Sec 482 CrPC (Quashing),4,3,2,0,0,0,0.2733,0,1,1,1,0.0581,7,1.3064,144.24,0.1664,1,1,0,2,0.0532,0.0484,1
NCRB-SYNTH-104094,High Court,Sec 482 CrPC (Quashing),4,3,2,0,0,0,0.3576,0,39,0,0,0.0908,2,1.1802,102.8,0.137,1,1,0,3,0.0308,0.0222,1
NCRB-SYNTH-104107,Trial Court,Sec 482 CrPC (Quashing),4,1,1,0,1,0,0.2392,0,11,1,1,0.0387,4,1.0593,92.22,0.1771,1,1,0,4,0.0527,0.0327,1
NCRB-SYNTH-104109,High Court,Sec 482 CrPC (Quashing),2,3,1,0,0,0,0.1438,1,34,0,1,0.0492,6,1.0672,91.96,0.0521,1,1,0,4,0.0845,0.0525,1
NCRB-SYNTH-104117,Trial Court,Sec 482 CrPC (Quashing),4,4,2,0,0,0,0.3807,1,34,1,1,0.0401,8,1.0,147.54,0.0862,1,1,0,3,0.0397,0.0286,1
NCRB-SYNTH-104124,Trial Court,Sec 482 CrPC (Quashing),1,1,2,0,0,0,0.0873,0,31,0,0,0.0756,4,1.0891,56.97,0.1593,0,0,1,1,0.0965,0.1392,1
NCRB-SYNTH-104128,Trial Court,Trial Judgment,1,4,2,0,0,0,0.2689,0,5,0,0,0.083,8,1.1634,171.09,0.0383,1,1,0,3,0.0887,0.064,1
NCRB-SYNTH-104145,Trial Court,Sec 439 CrPC (Regular Bail),2,2,2,0,1,1,0.3788,0,15,0,0,0.0081,6,1.2918,147.24,0.0827,1,1,0,4,0.045,0.0279,1
NCRB-SYNTH-104158,High Court,Sec 482 CrPC (Quashing),2,2,2,0,1,0,0.1687,0,30,0,0,0.0505,6,1.0,175.83,0.1087,1,1,0,4,0.0999,0.0621,1
NCRB-SYNTH-104159,High Court,Trial Judgment,1,2,1,0,0,0,0.3478,0,35,0,1,0.0742,2,1.0112,39.54,0.1403,0,0,1,1,0.0879,0.1268,1
NCRB-SYNTH-104172,Trial Court,Sec 439 CrPC (Regular Bail),2,3,1,0,0,0,0.2973,0,11,0,0,0.0462,1,1.0629,74.06,0.1807,1,1,0,1,0.011,0.0158,1
NCRB-SYNTH-104175,Trial Court,Trial Judgment,1,3,2,0,0,0,0.2544,0,14,0,0,0.0551,7,1.067,40.11,0.0326,0,0,1,3,0.0691,0.0498,1
NCRB-SYNTH-104176,Trial Court,Sec 482 CrPC (Quashing),1,2,2,0,0,0,0.3606,0,5,0,1,0.0621,9,1.0,165.98,0.0088,1,1,0,1,0.099,0.1429,1
NCRB-SYNTH-104192,Trial Court,Sec 439 CrPC (Regular Bail),1,5,2,0,0,0,0.2926,0,5,0,0,0.1183,8,1.1416,160.02,0.1411,0,0,1,1,0.031,0.0447,1
NCRB-SYNTH-104204,Trial Court,Sec 482 CrPC (Quashing),1,5,1,0,0,1,0.2041,1,17,1,1,0.0952,9,1.0238,30.37,0.1689,1,1,0,3,0.0445,0.0321,1
NCRB-SYNTH-104223,Trial Court,Sec 439 CrPC (Regular Bail),4,1,2,0,0,0,0.3606,1,40,0,1,0.0525,1,1.1007,88.08,0.0032,0,0,1,3,0.0804,0.058,1
NCRB-SYNTH-104234,Trial Court,Sec 482 CrPC (Quashing),1,1,1,1,0,0,0.183,0,30,1,0,0.101,7,1.0,38.99,0.196,1,1,0,2,0.0841,0.0765,1
NCRB-SYNTH-104246,Trial Court,Sec 482 CrPC (Quashing),1,3,2,0,0,0,0.1936,0,42,1,1,0.0418,5,1.0966,98.58,0.1652,1,1,0,4,0.0241,0.015,1
NCRB-SYNTH-104250,Trial Court,Sec 482 CrPC (Quashing),1,3,2,0,0,0,0.1057,0,31,1,1,0.0556,4,1.0452,49.98,0.1912,1,1,0,3,0.0726,0.0524,1
NCRB-SYNTH-104257,Trial Court,Sec 439 CrPC (Regular Bail),2,4,2,0,0,0,0.2054,0,20,1,1,0.0438,4,1.023,36.74,0.1141,1,1,0,1,0.042,0.0606,1
NCRB-SYNTH-104262,Trial Court,Sec 439 CrPC (Regular Bail),1,3,2,0,0,0,0.2577,0,34,0,0,0.0669,7,1.0184,37.07,0.0706,1,1,0,2,0.0157,0.0143,1
NCRB-SYNTH-104270,Trial Court,Sec 482 CrPC (Quashing),1,2,2,0,1,0,0.2987,0,15,0,1,0.106,5,1.2326,83.43,0.005,1,1,0,1,0.0794,0.1145,1
NCRB-SYNTH-104272,Trial Court,Sec 482 CrPC (Quashing),1,3,2,0,0,0,0.3469,0,36,0,0,0.0,8,1.1181,136.58,0.0755,0,0,1,4,0.0145,0.009,1
NCRB-SYNTH-104287,Trial Court,Sec 439 CrPC (Regular Bail),1,5,1,0,0,0,0.2065,0,38,1,1,0.0289,5,1.0562,172.74,0.1678,1,1,0,2,0.0556,0.0506,1
NCRB-SYNTH-104294,Trial Court,Sec 482 CrPC (Quashing),21,5,1,1,0,0,0.3601,0,40,1,1,0.0466,8,1.187,51.47,0.1279,1,1,0,2,0.0314,0.0286,1
NCRB-SYNTH-104302,High Court,Sec 482 CrPC (Quashing),7,4,1,0,0,0,0.282,1,7,1,1,0.0514,7,1.2148,100.81,0.0104,1,1,0,2,0.075,0.0683,1
NCRB-SYNTH-104312,Trial Court,Sec 439 CrPC (Regular Bail),1,5,1,0,0,0,0.3173,0,40,0,0,0.0978,6,1.254,44.73,0.1253,1,1,0,1,0.0261,0.0377,1
NCRB-SYNTH-104314,Trial Court,Sec 439 CrPC (Regular Bail),1,3,1,1,0,0,0.3328,0,16,1,1,0.0,8,1.1899,139.7,0.1814,1,1,0,4,0.0642,0.0399,1
NCRB-SYNTH-104315,Trial Court,Sec 482 CrPC (Quashing),1,3,2,0,0,1,0.1808,1,1,1,1,0.08,9,1.2023,105.67,0.1714,0,0,1,3,0.0165,0.0119,1
NCRB-SYNTH-104322,Trial Court,Sec 482 CrPC (Quashing),1,4,1,1,0,0,0.2399,0,29,1,1,0.0512,6,1.247,56.72,0.0322,1,1,0,3,0.0273,0.0197,1
NCRB-SYNTH-104326,Trial Court,Sec 439 CrPC (Regular Bail),7,5,1,0,0,0,0.3774,0,32,1,1,0.0272,5,1.1917,111.23,0.1197,1,1,0,3,0.0379,0.0273,1
NCRB-SYNTH-104328,Trial Court,Sec 439 CrPC (Regular Bail),4,3,2,0,0,0,0.3139,0,24,0,1,0.0382,6,1.1002,136.05,0.1566,1,1,0,2,0.08,0.0728,1
NCRB-SYNTH-104338,Trial Court,Sec 482 CrPC (Quashing),1,5,2,0,1,0,0.1424,0,4,1,1,0.0209,2,1.0661,132.58,0.1271,1,1,0,2,0.0926,0.0843,1
NCRB-SYNTH-104354,High Court,Sec 482 CrPC (Quashing),7,2,1,0,0,0,0.318,1,4,1,1,0.0568,9,1.0824,33.53,0.0073,1,1,0,3,0.0648,0.0467,1
NCRB-SYNTH-104385,Trial Court,Sec 482 CrPC (Quashing),4,4,1,0,0,0,0.1245,1,43,0,0,0.0759,1,1.0,178.49,0.1355,1,1,0,2,0.064,0.0582,1
NCRB-SYNTH-104387,Trial Court,Trial Judgment,2,5,2,0,0,0,0.3307,0,27,0,0,0.073,7,1.1276,155.64,0.1338,0,0,1,2,0.0117,0.0106,1
NCRB-SYNTH-104395,Trial Court,Sec 482 CrPC (Quashing),7,3,2,0,0,0,0.403,1,39,0,0,0.0486,6,1.097,65.25,0.0527,1,1,0,3,0.0242,0.0175,1
NCRB-SYNTH-104405,Trial Court,Sec 482 CrPC (Quashing),2,5,1,0,0,0,0.1355,1,13,0,1,0.0987,4,1.3024,48.25,0.0381,0,0,1,3,0.0583,0.0421,1
NCRB-SYNTH-104407,Trial Court,Writ Petition (Detention),1,4,1,0,0,0,0.2236,0,39,0,0,0.0347,6,1.2286,173.02,0.0597,1,1,0,1,0.0937,0.1352,1
NCRB-SYNTH-104422,Trial Court,Writ Petition (Detention),1,2,1,0,0,0,0.2288,0,31,0,1,0.0031,7,1.1573,167.56,0.1465,1,1,0,1,0.0103,0.0149,1
NCRB-SYNTH-104434,Trial Court,Sec 482 CrPC (Quashing),1,3,1,0,0,0,0.205,0,11,0,0,0.0474,8,1.0676,136.11,0.0468,1,1,0,2,0.081,0.0737,1
NCRB-SYNTH-104439,Trial Court,Sec 482 CrPC (Quashing),1,4,2,0,0,1,0.283,0,43,0,0,0.0442,3,1.1797,56.97,0.1717,1,1,0,1,0.0481,0.0694,1
NCRB-SYNTH-104441,Trial Court,Sec 482 CrPC (Quashing),2,5,1,0,0,0,0.1023,1,32,0,0,0.0457,3,1.1072,75.62,0.1207,1,1,0,4,0.0502,0.0312,1
NCRB-SYNTH-104446,High Court,Sec 482 CrPC (Quashing),2,3,1,0,0,0,0.2995,1,18,1,0,0.0383,2,1.0,36.9,0.1914,1,1,0,3,0.0269,0.0194,1
NCRB-SYNTH-104455,High Court,Sec 482 CrPC (Quashing),7,4,1,0,0,0,0.2327,0,19,0,1,0.0922,7,1.2867,84.27,0.1181,0,0,1,2,0.0567,0.0516,1
NCRB-SYNTH-104463,Trial Court,Sec 439 CrPC (Regular Bail),1,2,1,0,0,1,0.2592,0,8,1,0,0.0545,9,1.0123,125.36,0.0003,1,1,0,1,0.0853,0.1231,1
NCRB-SYNTH-104469,Trial Court,Sec 482 CrPC (Quashing),2,5,2,0,0,0,0.2219,0,18,0,0,0.0256,3,1.3054,113.48,0.0908,1,1,0,4,0.042,0.0261,1
NCRB-SYNTH-104470,High Court,Sec 439 CrPC (Regular Bail),1,5,1,0,0,0,0.271,0,36,0,0,0.0409,8,1.1125,170.04,0.1213,0,0,1,3,0.0454,0.0327,1
NCRB-SYNTH-104471,Trial Court,Sec 482 CrPC (Quashing),1,5,1,0,0,0,0.2268,0,1,1,1,0.0331,4,1.0,85.52,0.1583,1,1,0,2,0.0854,0.0778,1
NCRB-SYNTH-104472,Trial Court,Sec 482 CrPC (Quashing),1,4,2,0,0,0,0.3719,1,5,1,0,0.0605,3,1.2123,89.73,0.0477,1,1,0,3,0.0565,0.0408,1
NCRB-SYNTH-104510,Trial Court,Sec 482 CrPC (Quashing),1,5,1,0,0,0,0.1444,0,1,0,0,0.031,8,1.2492,51.0,0.0571,1,1,0,4,0.043,0.0267,1
NCRB-SYNTH-104518,Trial Court,Trial Judgment,2,5,1,0,0,0,0.3507,0,37,1,1,0.0,2,1.0,136.25,0.105,1,1,0,2,0.0908,0.0827,1
NCRB-SYNTH-104521,Trial Court,Sec 482 CrPC (Quashing),1,3,2,0,0,0,0.1613,0,25,1,1,0.0,4,1.0149,165.77,0.1684,1,1,0,4,0.0803,0.0499,1
NCRB-SYNTH-104523,Trial Court,Sec 482 CrPC (Quashing),1,5,1,0,0,0,0.126,0,39,0,0,0.0314,6,1.0597,161.72,0.0195,0,0,1,3,0.0305,0.022,1
NCRB-SYNTH-104528,Trial Court,Sec 482 CrPC (Quashing),1,5,1,0,0,0,0.2381,0,8,0,1,0.0389,3,1.0,168.92,0.1009,1,1,0,2,0.0753,0.0685,1
NCRB-SYNTH-104551,High Court,Sec 482 CrPC (Quashing),7,4,1,0,0,0,0.1185,0,31,0,0,0.0584,4,1.0945,119.3,0.0937,1,1,0,4,0.0312,0.0194,1
NCRB-SYNTH-104554,Trial Court,Sec 482 CrPC (Quashing),1,1,1,0,0,0,0.1606,1,38,0,0,0.0595,1,1.2143,168.26,0.1309,1,1,0,2,0.02,0.0182,1
NCRB-SYNTH-104559,High Court,Trial Judgment,1,3,1,0,0,0,0.1265,1,1,0,0,0.0478,2,1.0823,161.47,0.0753,1,1,0,4,0.0747,0.0464,1
NCRB-SYNTH-104560,High Court,Sec 482 CrPC (Quashing),2,3,2,0,0,0,0.3088,0,12,0,1,0.078,2,1.0683,151.25,0.1008,1,1,0,3,0.0305,0.022,1
NCRB-SYNTH-104563,Trial Court,Sec 482 CrPC (Quashing),1,3,1,0,0,0,0.3477,1,3,0,0,0.0422,7,1.3522,170.75,0.0032,1,1,0,3,0.0926,0.0668,1
NCRB-SYNTH-104566,Trial Court,Trial Judgment,2,2,1,0,0,0,0.2218,0,10,0,0,0.0868,5,1.1518,69.39,0.073,0,0,1,4,0.0137,0.0085,1
NCRB-SYNTH-104570,Trial Court,Sec 482 CrPC (Quashing),4,5,1,0,0,0,0.3454,1,26,0,0,0.057,6,1.0,78.13,0.1712,1,1,0,3,0.0383,0.0276,1
NCRB-SYNTH-104579,High Court,Sec 482 CrPC (Quashing),4,4,1,0,1,0,0.2868,0,50,0,0,0.0646,3,1.0543,131.09,0.1809,1,1,0,1,0.0175,0.0253,1
NCRB-SYNTH-104581,Trial Court,Sec 482 CrPC (Quashing),1,4,1,0,0,0,0.3273,0,27,1,1,0.0699,1,1.0976,90.36,0.0116,1,1,0,1,0.0982,0.1416,1
NCRB-SYNTH-104586,Trial Court,Sec 482 CrPC (Quashing),1,2,2,0,0,0,0.4017,0,39,0,0,0.0143,6,1.0377,39.28,0.0934,1,1,0,2,0.0888,0.0809,1
NCRB-SYNTH-104603,Trial Court,Sec 482 CrPC (Quashing),1,4,1,0,0,0,0.18,1,24,0,0,0.0483,7,1.1386,116.03,0.1688,1,1,0,1,0.0778,0.1123,1
NCRB-SYNTH-104606,Trial Court,Sec 482 CrPC (Quashing),1,4,1,0,0,0,0.3145,1,41,0,0,0.0398,5,1.0158,132.96,0.0298,1,1,0,3,0.0331,0.0239,1
NCRB-SYNTH-104609,Trial Court,Sec 439 CrPC (Regular Bail),1,4,1,0,0,0,0.2525,1,7,0,0,0.094,3,1.0589,39.93,0.0461,0,0,1,4,0.0411,0.0256,1
NCRB-SYNTH-104618,Trial Court,Sec 482 CrPC (Quashing),1,2,1,0,0,0,0.3477,0,33,0,0,0.0599,2,1.0,83.92,0.0335,1,1,0,3,0.0492,0.0355,1
NCRB-SYNTH-104620,Trial Court,Trial Judgment,1,2,2,0,0,0,0.2318,0,1,1,1,0.0134,8,1.1153,166.19,0.1579,1,1,0,1,0.0239,0.0344,1
NCRB-SYNTH-104621,High Court,Sec 482 CrPC (Quashing),4,3,2,0,0,0,0.2941,1,28,1,1,0.0019,8,1.0508,119.37,0.1335,1,1,0,4,0.0533,0.0331,1
NCRB-SYNTH-104625,Trial Court,Sec 482 CrPC (Quashing),1,5,2,0,0,0,0.1933,0,37,0,1,0.0819,8,1.0799,145.72,0.0568,1,1,0,2,0.0836,0.0761,1
NCRB-SYNTH-104634,Trial Court,Sec 482 CrPC (Quashing),1,5,1,0,0,0,0.271,1,31,0,0,0.0827,2,1.3097,47.1,0.1203,1,1,0,4,0.0957,0.0594,1
NCRB-SYNTH-104636,High Court,Sec 482 CrPC (Quashing),1,1,2,0,0,0,0.1617,1,42,0,1,0.079,9,1.3022,162.28,0.172,1,1,0,3,0.0245,0.0177,1
NCRB-SYNTH-104641,Trial Court,Sec 482 CrPC (Quashing),45,2,1,0,0,0,0.2654,0,26,0,0,0.0912,5,1.0044,35.35,0.095,1,1,0,3,0.0173,0.0125,1
NCRB-SYNTH-104643,Trial Court,Sec 482 CrPC (Quashing),1,5,1,0,0,0,0.2739,0,11,0,0,0.0466,9,1.2224,42.02,0.0321,1,1,0,2,0.0456,0.0415,1
NCRB-SYNTH-104649,Trial Court,Sec 439 CrPC (Regular Bail),1,2,2,0,0,0,0.3143,1,3,0,0,0.0405,6,1.1706,164.66,0.1762,1,1,0,2,0.0398,0.0362,1
NCRB-SYNTH-104672,High Court,Trial Judgment,2,5,2,0,0,0,0.1329,1,34,0,0,0.0834,2,1.0991,62.88,0.1304,1,1,0,1,0.0479,0.0691,1
NCRB-SYNTH-104676,Trial Court,Sec 482 CrPC (Quashing),1,3,2,0,0,0,0.1489,0,8,0,1,0.0415,5,1.116,157.65,0.0455,1,1,0,2,0.0249,0.0226,1
NCRB-SYNTH-104678,Trial Court,Sec 439 CrPC (Regular Bail),7,4,1,0,0,0,0.2502,0,16,0,0,0.0636,6,1.0592,96.47,0.0787,1,1,0,4,0.02,0.0124,1
NCRB-SYNTH-104683,Trial Court,Sec 439 CrPC (Regular Bail),2,3,1,0,0,0,0.1711,1,36,0,0,0.0539,3,1.1332,135.41,0.184,1,1,0,3,0.0542,0.0391,1
NCRB-SYNTH-104690,Trial Court,Sec 482 CrPC (Quashing),1,4,2,0,0,0,0.3738,0,24,0,0,0.0237,6,1.1188,168.97,0.0767,0,0,1,2,0.0328,0.0299,1
NCRB-SYNTH-104696,High Court,Sec 482 CrPC (Quashing),4,4,2,0,0,0,0.366,0,17,1,1,0.0443,1,1.0,85.22,0.1357,0,0,1,3,0.0341,0.0246,1
NCRB-SYNTH-104700,Trial Court,Trial Judgment,7,4,2,0,0,0,0.2795,0,12,0,0,0.0627,4,1.2519,116.87,0.0873,0,0,1,3,0.0981,0.0707,1
NCRB-SYNTH-104718,Trial Court,Sec 482 CrPC (Quashing),4,5,1,0,0,0,0.3305,0,30,0,0,0.0111,9,1.1627,41.31,0.0307,1,1,0,2,0.0766,0.0697,1
NCRB-SYNTH-104720,Trial Court,Trial Judgment,21,2,1,0,0,0,0.2127,0,16,0,0,0.0204,1,1.1193,119.41,0.0768,1,1,0,4,0.0959,0.0596,1
NCRB-SYNTH-104727,Trial Court,Sec 482 CrPC (Quashing),1,2,1,0,0,0,0.1554,0,27,1,1,0.0343,6,1.1189,123.22,0.134,0,0,1,2,0.0668,0.0608,1
NCRB-SYNTH-104734,Trial Court,Sec 482 CrPC (Quashing),2,1,1,0,0,0,0.1893,1,39,1,0,0.0708,2,1.1615,165.42,0.1973,0,0,1,4,0.0223,0.0139,1
NCRB-SYNTH-104744,Trial Court,Sec 482 CrPC (Quashing),4,2,1,0,0,0,0.3177,0,18,0,1,0.0399,3,1.2457,72.09,0.0516,1,1,0,4,0.0766,0.0476,1
NCRB-SYNTH-104755,Trial Court,Trial Judgment,1,1,1,0,0,0,0.3089,1,12,1,0,0.104,4,1.0,65.45,0.0129,1,1,0,3,0.0149,0.0107,1
NCRB-SYNTH-104756,Trial Court,Sec 482 CrPC (Quashing),4,3,1,0,0,0,0.3942,0,28,0,0,0.0867,1,1.0836,130.15,0.1674,1,1,0,3,0.0756,0.0545,1
NCRB-SYNTH-104760,Trial Court,Writ Petition (Detention),2,3,2,0,0,0,0.3312,0,34,0,0,0.0,9,1.0,142.87,0.0454,1,1,0,2,0.0335,0.0305,1
NCRB-SYNTH-104762,Trial Court,Sec 482 CrPC (Quashing),15,1,1,0,0,0,0.3298,0,44,0,0,0.0915,3,1.1142,62.92,0.0918,1,1,0,3,0.0828,0.0598,1
NCRB-SYNTH-104766,Trial Court,Sec 482 CrPC (Quashing),1,2,1,0,0,0,0.1769,0,36,1,1,0.055,5,1.0,52.82,0.0471,1,1,0,1,0.0959,0.1384,1
NCRB-SYNTH-104767,High Court,Sec 482 CrPC (Quashing),7,5,2,0,0,0,0.3077,1,8,0,0,0.0664,6,1.1676,150.05,0.0972,1,1,0,2,0.0142,0.0129,1
NCRB-SYNTH-104787,Trial Court,Sec 482 CrPC (Quashing),2,5,2,0,0,1,0.1364,0,33,0,0,0.0,5,1.191,166.25,0.1836,1,1,0,1,0.0968,0.1396,1
NCRB-SYNTH-104788,Trial Court,Sec 482 CrPC (Quashing),4,2,2,0,0,0,0.3548,0,32,1,1,0.0422,9,1.0862,48.1,0.0773,0,0,1,3,0.0287,0.0207,1
NCRB-SYNTH-104792,Trial Court,Sec 482 CrPC (Quashing),1,3,2,0,0,0,0.3315,1,38,1,1,0.0436,5,1.1388,144.51,0.1908,1,1,0,3,0.0159,0.0115,1
NCRB-SYNTH-104803,Trial Court,Writ Petition (Detention),4,4,2,0,0,0,0.1619,0,15,1,0,0.0904,9,1.0402,130.32,0.0029,1,1,0,3,0.0728,0.0525,1
NCRB-SYNTH-104808,Trial Court,Sec 482 CrPC (Quashing),1,1,1,0,1,0,0.2329,0,30,0,0,0.0336,1,1.1453,176.7,0.1984,1,1,0,3,0.0787,0.0568,1
NCRB-SYNTH-104810,Trial Court,Sec 482 CrPC (Quashing),27,3,1,0,0,0,0.1852,1,18,1,0,0.0314,5,1.0,93.76,0.0137,1,1,0,1,0.0795,0.1147,1
NCRB-SYNTH-104812,Trial Court,Sec 482 CrPC (Quashing),1,4,2,0,0,0,0.1231,0,49,1,1,0.039,7,1.3037,94.89,0.0177,1,1,0,2,0.0163,0.0149,1
NCRB-SYNTH-104816,Trial Court,Sec 439 CrPC (Regular Bail),2,2,2,1,0,0,0.3101,1,37,1,1,0.0367,2,1.1246,150.45,0.0448,1,1,0,1,0.0974,0.1405,1
NCRB-SYNTH-104817,Trial Court,Sec 482 CrPC (Quashing),1,3,1,0,0,0,0.3034,1,7,1,1,0.0803,1,1.1138,172.74,0.1729,1,1,0,4,0.0244,0.0152,1
NCRB-SYNTH-104819,Trial Court,Sec 482 CrPC (Quashing),1,2,2,0,0,0,0.3163,0,3,0,0,0.075,7,1.0,82.12,0.1067,0,0,1,2,0.0354,0.0322,1
NCRB-SYNTH-104841,Trial Court,Sec 482 CrPC (Quashing),7,5,1,0,0,0,0.2567,0,32,0,0,0.0708,8,1.144,163.95,0.1973,1,1,0,1,0.076,0.1097,1
NCRB-SYNTH-104842,High Court,Sec 482 CrPC (Quashing),15,5,2,0,0,0,0.4042,0,22,1,1,0.0844,9,1.2324,95.36,0.0897,0,0,1,2,0.0115,0.0105,1
NCRB-SYNTH-104847,High Court,Sec 482 CrPC (Quashing),1,5,2,0,0,0,0.2253,1,23,1,0,0.0353,4,1.0925,38.74,0.0514,1,1,0,3,0.0958,0.0691,1
NCRB-SYNTH-104851,Trial Court,Sec 482 CrPC (Quashing),1,2,1,0,0,0,0.1436,0,41,1,1,0.0243,4,1.0,121.48,0.0492,1,1,0,4,0.0354,0.022,1
NCRB-SYNTH-104858,Trial Court,Sec 439 CrPC (Regular Bail),7,3,1,0,0,0,0.1338,1,31,0,0,0.0932,6,1.3101,78.69,0.0107,1,1,0,2,0.0775,0.0706,1
NCRB-SYNTH-104859,Trial Court,Sec 439 CrPC (Regular Bail),2,2,2,0,1,0,0.1033,0,2,0,0,0.0918,3,1.2053,122.22,0.0426,1,1,0,3,0.0739,0.0533,1
NCRB-SYNTH-104860,Trial Court,Sec 482 CrPC (Quashing),2,1,2,0,0,0,0.2758,0,6,0,0,0.0794,3,1.0487,115.2,0.1599,1,1,0,1,0.0718,0.1036,1
NCRB-SYNTH-104886,Trial Court,Sec 482 CrPC (Quashing),1,1,1,0,0,0,0.3646,0,14,0,0,0.0563,4,1.1702,51.55,0.1003,1,1,0,1,0.0659,0.0951,1
NCRB-SYNTH-104900,Trial Court,Sec 439 CrPC (Regular Bail),1,1,2,1,0,0,0.2729,0,9,0,0,0.0607,3,1.0203,124.67,0.0431,1,1,0,3,0.0516,0.0372,1
NCRB-SYNTH-104905,Trial Court,Sec 482 CrPC (Quashing),4,5,1,0,0,0,0.1788,0,19,0,0,0.0553,2,1.0477,60.13,0.1952,0,0,1,4,0.0775,0.0481,1
NCRB-SYNTH-104907,Trial Court,Sec 482 CrPC (Quashing),1,2,1,0,0,1,0.3353,0,35,0,0,0.004,2,1.0322,147.01,0.0733,0,0,1,2,0.0768,0.0699,1
NCRB-SYNTH-104911,High Court,Sec 482 CrPC (Quashing),2,2,2,0,1,0,0.3602,0,17,1,1,0.0,2,1.0,120.22,0.1654,0,0,1,4,0.0823,0.0512,1
NCRB-SYNTH-104916,Trial Court,Sec 482 CrPC (Quashing),1,5,1,0,0,0,0.2794,1,31,0,1,0.0222,8,1.1868,161.24,0.0707,1,1,0,1,0.0627,0.0905,1
NCRB-SYNTH-104921,High Court,Sec 439 CrPC (Regular Bail),7,2,1,1,0,0,0.0803,0,18,0,1,0.0749,5,1.0,99.22,0.1027,0,0,1,3,0.0491,0.0354,1
NCRB-SYNTH-104924,High Court,Sec 482 CrPC (Quashing),1,4,1,0,1,0,0.1242,0,9,0,0,0.0876,6,1.1138,73.69,0.0246,0,0,1,1,0.0101,0.0145,1
NCRB-SYNTH-104930,High Court,Sec 482 CrPC (Quashing),27,1,1,1,0,1,0.2092,1,20,1,1,0.0,6,1.138,96.12,0.1141,1,1,0,2,0.0727,0.0662,1
NCRB-SYNTH-104933,Trial Court,Sec 439 CrPC (Regular Bail),1,1,1,0,0,0,0.3124,0,13,0,0,0.0218,5,1.3183,77.05,0.1992,1,1,0,1,0.0658,0.0949,1
NCRB-SYNTH-104937,Trial Court,Sec 482 CrPC (Quashing),1,5,1,0,0,0,0.1307,1,27,0,1,0.0513,1,1.0122,137.25,0.1052,1,1,0,2,0.0386,0.0352,1
NCRB-SYNTH-104946,Trial Court,Sec 482 CrPC (Quashing),15,1,1,0,0,0,0.295,0,10,0,0,0.0497,3,1.1282,83.37,0.082,0,0,1,3,0.0544,0.0392,1
NCRB-SYNTH-104967,Trial Court,Sec 482 CrPC (Quashing),7,3,2,0,0,0,0.3119,0,28,0,1,0.0757,9,1.3133,73.55,0.1632,1,1,0,4,0.0642,0.0399,1
NCRB-SYNTH-104969,Trial Court,Sec 482 CrPC (Quashing),7,1,2,0,1,0,0.2774,1,23,0,0,0.0381,1,1.0754,84.4,0.1551,1,1,0,4,0.0289,0.018,1
NCRB-SYNTH-104972,High Court,Writ Petition (Detention),1,5,2,0,0,0,0.2842,0,24,0,0,0.0716,2,1.0435,90.55,0.1309,1,1,0,3,0.0996,0.0719,1
NCRB-SYNTH-104981,High Court,Sec 482 CrPC (Quashing),21,2,1,1,0,0,0.151,1,1,0,0,0.0,6,1.2704,71.67,0.065,0,0,1,2,0.089,0.081,1
NCRB-SYNTH-104991,Trial Court,Trial Judgment,1,1,1,0,0,0,0.35,1,22,0,0,0.0113,6,1.2087,106.54,0.0758,1,1,0,2,0.0962,0.0876,1
NCRB-SYNTH-104996,Trial Court,Sec 439 CrPC (Regular Bail),4,4,1,0,0,0,0.2506,0,25,0,0,0.1069,8,1.0271,152.41,0.0022,1,1,0,2,0.0279,0.0254,1
NCRB-SYNTH-105003,High Court,Sec 482 CrPC (Quashing),45,4,2,0,1,0,0.3167,0,28,1,1,0.0242,1,1.0312,119.7,0.0932,1,1,0,1,0.0161,0.0233,1
NCRB-SYNTH-105005,Trial Court,Sec 439 CrPC (Regular Bail),1,2,2,0,0,0,0.3629,1,7,1,1,0.1078,6,1.0,38.97,0.0528,1,1,0,1,0.0799,0.1152,1
NCRB-SYNTH-105020,Trial Court,Sec 482 CrPC (Quashing),1,5,2,0,0,0,0.2043,0,5,1,1,0.1011,6,1.1293,47.42,0.1084,0,0,1,2,0.0762,0.0694,1
NCRB-SYNTH-105023,High Court,Sec 482 CrPC (Quashing),1,2,2,0,0,0,0.2269,1,24,1,1,0.0096,5,1.0378,99.73,0.0423,1,1,0,3,0.0199,0.0144,1
NCRB-SYNTH-105025,Trial Court,Sec 482 CrPC (Quashing),1,1,1,0,0,0,0.3768,0,18,0,1,0.1017,2,1.0378,104.99,0.0074,1,1,0,1,0.0243,0.0351,1
NCRB-SYNTH-105038,Trial Court,Sec 482 CrPC (Quashing),15,4,1,0,0,0,0.2142,1,37,0,0,0.0551,3,1.0595,76.67,0.1502,0,0,1,2,0.0694,0.0632,1
NCRB-SYNTH-105040,High Court,Sec 482 CrPC (Quashing),1,2,2,0,0,0,0.3759,0,13,1,1,0.1117,1,1.0641,110.98,0.0585,1,1,0,3,0.056,0.0404,1
NCRB-SYNTH-105061,Trial Court,Sec 482 CrPC (Quashing),1,2,1,0,0,0,0.2134,1,38,0,0,0.0217,1,1.1064,85.58,0.0487,0,0,1,3,0.0293,0.0212,1
NCRB-SYNTH-105062,Trial Court,Sec 439 CrPC (Regular Bail),1,2,2,0,0,0,0.3967,0,26,1,1,0.0257,2,1.1627,153.89,0.0942,0,0,1,1,0.0892,0.1287,1
NCRB-SYNTH-105069,Trial Court,Sec 482 CrPC (Quashing),1,4,1,0,0,0,0.4039,0,20,0,0,0.0698,3,1.1508,165.71,0.0783,1,1,0,3,0.0413,0.0298,1
NCRB-SYNTH-105075,Trial Court,Sec 482 CrPC (Quashing),1,5,2,0,0,0,0.1587,0,14,1,1,0.0,8,1.1963,74.17,0.0343,0,0,1,1,0.0382,0.0552,1
NCRB-SYNTH-105110,Trial Court,Sec 482 CrPC (Quashing),1,5,2,0,1,0,0.1833,0,32,0,0,0.0679,4,1.1188,46.03,0.1747,1,1,0,1,0.0866,0.1249,1
NCRB-SYNTH-105111,High Court,Sec 482 CrPC (Quashing),2,1,2,0,0,0,0.3794,1,29,1,1,0.0,9,1.0,69.12,0.0095,0,0,1,2,0.0893,0.0813,1
NCRB-SYNTH-105112,Trial Court,Sec 482 CrPC (Quashing),7,4,1,0,0,0,0.2546,0,37,1,1,0.0325,5,1.4237,178.06,0.0905,1,1,0,2,0.0546,0.0497,1
NCRB-SYNTH-105122,Trial Court,Sec 482 CrPC (Quashing),7,2,2,0,0,0,0.3146,0,22,0,0,0.0299,2,1.0588,49.66,0.0792,0,0,1,1,0.0785,0.1133,1
NCRB-SYNTH-105125,Trial Court,Sec 482 CrPC (Quashing),2,4,2,0,0,0,0.1573,0,1,1,1,0.0357,4,1.247,66.21,0.1057,0,0,1,2,0.0758,0.069,1
NCRB-SYNTH-105130,Trial Court,Sec 482 CrPC (Quashing),27,5,1,0,0,0,0.3058,0,11,1,1,0.0401,6,1.1187,84.38,0.0758,0,0,1,1,0.0554,0.0799,1
NCRB-SYNTH-105135,High Court,Sec 482 CrPC (Quashing),1,4,1,0,1,0,0.2167,1,41,0,0,0.0032,7,1.0766,59.72,0.1589,0,0,1,3,0.0376,0.0271,1
NCRB-SYNTH-105140,Trial Court,Trial Judgment,1,4,1,0,0,0,0.2454,0,1,0,0,0.0702,4,1.0437,150.25,0.0381,1,1,0,3,0.0507,0.0366,1
NCRB-SYNTH-105146,Trial Court,Sec 482 CrPC (Quashing),2,3,1,0,0,0,0.1769,0,22,1,1,0.0014,9,1.2352,117.4,0.0698,0,0,1,1,0.0545,0.0787,1
NCRB-SYNTH-105148,Trial Court,Sec 439 CrPC (Regular Bail),15,4,2,0,0,0,0.1011,0,30,0,1,0.0571,6,1.1107,132.66,0.0684,1,1,0,4,0.0573,0.0356,1
NCRB-SYNTH-105153,High Court,Sec 439 CrPC (Regular Bail),1,3,1,0,0,0,0.1539,1,48,0,0,0.0583,7,1.1569,63.5,0.1161,1,1,0,4,0.0106,0.0066,1
NCRB-SYNTH-105166,Trial Court,Sec 482 CrPC (Quashing),7,2,1,0,0,0,0.1277,0,37,0,0,0.061,6,1.0925,31.17,0.0808,1,1,0,1,0.0324,0.0468,1
NCRB-SYNTH-105177,Trial Court,Sec 482 CrPC (Quashing),1,3,2,0,0,0,0.3208,1,11,0,1,0.0,5,1.1423,149.12,0.0524,1,1,0,4,0.053,0.0329,1
NCRB-SYNTH-105180,High Court,Sec 482 CrPC (Quashing),1,2,2,0,0,0,0.2636,0,25,1,1,0.0826,5,1.1371,34.4,0.1893,0,0,1,1,0.028,0.0403,1
NCRB-SYNTH-105184,Trial Court,Sec 482 CrPC (Quashing),21,1,1,1,1,0,0.2989,1,8,0,0,0.0645,3,1.0724,33.75,0.082,1,1,0,3,0.0557,0.0402,1
NCRB-SYNTH-105186,Trial Court,Sec 482 CrPC (Quashing),1,4,2,0,0,0,0.2981,0,39,1,1,0.0797,5,1.2695,164.33,0.0106,0,0,1,1,0.0402,0.058,1
NCRB-SYNTH-105189,High Court,Writ Petition (Detention),1,2,1,0,1,0,0.2257,0,32,0,0,0.0,2,1.2579,50.22,0.1179,0,0,1,2,0.0612,0.0557,1
NCRB-SYNTH-105194,Trial Court,Writ Petition (Detention),1,3,2,0,0,0,0.2627,0,7,1,1,0.0332,7,1.2161,144.28,0.1783,1,1,0,3,0.0718,0.0518,1
NCRB-SYNTH-105202,Trial Court,Sec 482 CrPC (Quashing),7,4,1,0,0,0,0.3791,0,21,1,1,0.0,9,1.2077,65.24,0.0626,1,1,0,4,0.0233,0.0145,1
NCRB-SYNTH-105205,Trial Court,Sec 482 CrPC (Quashing),2,2,2,0,0,0,0.1301,0,1,0,0,0.0885,7,1.0,53.0,0.016,1,1,0,3,0.0995,0.0718,1
NCRB-SYNTH-105209,Trial Court,Trial Judgment,1,3,1,0,0,0,0.3816,0,35,1,1,0.0122,2,1.2121,160.76,0.0945,0,0,1,4,0.0576,0.0358,1
NCRB-SYNTH-105211,Trial Court,Sec 482 CrPC (Quashing),2,3,2,0,0,0,0.1646,1,14,1,0,0.1031,2,1.0255,130.5,0.0254,0,0,1,2,0.0523,0.0476,1
NCRB-SYNTH-105228,High Court,Sec 482 CrPC (Quashing),1,5,1,0,0,0,0.3257,0,30,0,0,0.004,8,1.0,101.2,0.003,1,1,0,2,0.064,0.0582,1
NCRB-SYNTH-105241,High Court,Sec 439 CrPC (Regular Bail),2,3,2,0,0,0,0.4008,0,31,0,0,0.0261,8,1.1348,154.26,0.1494,1,1,0,3,0.0749,0.054,1
NCRB-SYNTH-105244,Trial Court,Sec 439 CrPC (Regular Bail),1,3,2,0,0,0,0.107,0,9,0,0,0.0931,7,1.1833,124.94,0.041,0,0,1,3,0.0822,0.0593,1
NCRB-SYNTH-105248,Trial Court,Sec 482 CrPC (Quashing),2,4,2,0,0,0,0.1134,0,19,1,1,0.0276,2,1.198,173.17,0.0023,1,1,0,2,0.0496,0.0451,1
NCRB-SYNTH-105252,Trial Court,Sec 482 CrPC (Quashing),2,4,1,0,0,1,0.3035,0,27,0,1,0.0328,3,1.0111,84.07,0.1699,0,0,1,3,0.034,0.0245,1
NCRB-SYNTH-105255,Trial Court,Sec 482 CrPC (Quashing),1,4,2,0,0,0,0.1741,1,14,0,0,0.0481,1,1.1689,177.15,0.1368,1,1,0,1,0.0286,0.0412,1
NCRB-SYNTH-105260,Trial Court,Sec 482 CrPC (Quashing),1,4,2,0,0,0,0.3547,1,33,1,1,0.0807,5,1.0514,65.67,0.0946,1,1,0,3,0.0544,0.0392,1
NCRB-SYNTH-105265,Trial Court,Sec 482 CrPC (Quashing),1,1,2,0,0,0,0.128,0,36,0,0,0.0621,4,1.1566,112.89,0.1918,1,1,0,1,0.0126,0.0182,1
NCRB-SYNTH-105269,High Court,Sec 482 CrPC (Quashing),1,1,2,0,0,0,0.3543,0,17,1,1,0.0764,5,1.1871,154.88,0.1123,1,1,0,2,0.042,0.0383,1
NCRB-SYNTH-105279,Trial Court,Sec 482 CrPC (Quashing),2,2,1,0,0,0,0.1453,1,17,0,0,0.0721,4,1.2813,57.73,0.0238,1,1,0,4,0.0748,0.0465,1
NCRB-SYNTH-105281,Trial Court,Trial Judgment,7,5,2,0,0,0,0.3357,0,26,0,0,0.0222,9,1.1049,147.21,0.085,0,0,1,1,0.0786,0.1134,1
NCRB-SYNTH-105284,Trial Court,Writ Petition (Detention),1,1,2,0,0,1,0.3347,1,45,0,0,0.0021,2,1.0,47.38,0.148,0,0,1,2,0.0162,0.0147,1
NCRB-SYNTH-105287,Trial Court,Sec 482 CrPC (Quashing),2,2,2,1,0,0,0.2792,1,3,0,1,0.012,3,1.0439,105.14,0.1861,0,0,1,2,0.0866,0.0788,1
NCRB-SYNTH-105304,Trial Court,Trial Judgment,1,1,1,0,0,0,0.2161,0,14,0,0,0.0,4,1.2775,165.1,0.1329,0,0,1,3,0.0457,0.033,1
NCRB-SYNTH-105309,Trial Court,Sec 482 CrPC (Quashing),7,1,1,0,0,0,0.2458,0,15,0,0,0.1164,1,1.0992,102.66,0.143,1,1,0,3,0.0287,0.0207,1
NCRB-SYNTH-105310,Trial Court,Sec 482 CrPC (Quashing),1,4,2,0,0,0,0.3617,0,18,0,1,0.0231,3,1.054,170.64,0.0035,1,1,0,2,0.0186,0.0169,1
NCRB-SYNTH-105313,Trial Court,Sec 482 CrPC (Quashing),1,3,1,0,0,0,0.174,1,10,0,0,0.0584,3,1.0084,51.8,0.1569,1,1,0,4,0.088,0.0546,1
NCRB-SYNTH-105314,High Court,Trial Judgment,1,2,1,0,0,0,0.3194,1,13,1,1,0.0,7,1.0871,117.21,0.1636,1,1,0,3,0.099,0.0714,1
NCRB-SYNTH-105318,Trial Court,Writ Petition (Detention),2,1,2,0,1,0,0.1747,1,27,0,1,0.0,3,1.2216,161.85,0.026,1,1,0,4,0.0156,0.0097,1
NCRB-SYNTH-105324,High Court,Sec 482 CrPC (Quashing),4,3,2,0,0,0,0.3892,0,1,0,0,0.0706,7,1.0199,145.21,0.1722,1,1,0,1,0.0531,0.0766,1
NCRB-SYNTH-105335,Trial Court,Sec 439 CrPC (Regular Bail),4,4,2,0,0,0,0.3765,0,36,1,1,0.028,8,1.0,48.28,0.0848,1,1,0,1,0.0362,0.0523,1
NCRB-SYNTH-105336,Trial Court,Writ Petition (Detention),2,2,1,0,1,0,0.3146,1,20,0,0,0.061,8,1.0254,88.44,0.0033,0,0,1,2,0.0888,0.0808,1
NCRB-SYNTH-105339,High Court,Sec 439 CrPC (Regular Bail),4,5,2,0,0,0,0.3119,0,9,0,0,0.0659,2,1.2444,91.74,0.0396,1,1,0,3,0.0563,0.0406,1
NCRB-SYNTH-105342,Trial Court,Trial Judgment,15,1,1,0,0,0,0.2889,1,41,0,0,0.0141,6,1.1116,90.69,0.0735,1,1,0,4,0.0227,0.0141,1
NCRB-SYNTH-105345,High Court,Sec 482 CrPC (Quashing),1,3,1,0,0,0,0.332,0,5,0,0,0.05,1,1.1878,98.52,0.196,1,1,0,2,0.0794,0.0723,1
NCRB-SYNTH-105352,Trial Court,Sec 482 CrPC (Quashing),1,5,2,0,0,0,0.2596,0,3,1,1,0.0543,1,1.0359,61.55,0.0269,1,1,0,1,0.0853,0.1231,1
NCRB-SYNTH-105358,Trial Court,Sec 439 CrPC (Regular Bail),1,2,1,0,0,0,0.3105,1,32,0,0,0.0144,3,1.2127,121.48,0.0899,0,0,1,1,0.0726,0.1048,1
NCRB-SYNTH-105359,Trial Court,Sec 482 CrPC (Quashing),1,1,1,0,0,0,0.2341,0,20,0,0,0.0146,3,1.1725,77.47,0.168,1,1,0,2,0.0127,0.0115,1
NCRB-SYNTH-105366,Trial Court,Sec 439 CrPC (Regular Bail),4,1,1,0,0,0,0.1915,0,16,0,0,0.078,9,1.1913,149.55,0.0218,1,1,0,3,0.0523,0.0377,1
NCRB-SYNTH-105388,High Court,Sec 482 CrPC (Quashing),1,5,2,0,0,0,0.2594,0,8,1,1,0.1168,9,1.1271,147.2,0.164,1,1,0,2,0.0697,0.0635,1
NCRB-SYNTH-105390,Trial Court,Writ Petition (Detention),1,5,1,0,0,1,0.2699,1,40,0,0,0.0,2,1.1174,108.34,0.1262,1,1,0,2,0.0496,0.0452,1
NCRB-SYNTH-105393,Trial Court,Sec 482 CrPC (Quashing),4,2,2,0,0,0,0.0801,0,6,0,0,0.0378,4,1.0241,71.85,0.1569,1,1,0,1,0.0519,0.0749,1
NCRB-SYNTH-105400,Trial Court,Writ Petition (Detention),1,2,2,0,0,0,0.1311,0,14,0,0,0.0825,5,1.2299,89.96,0.026,1,1,0,2,0.0871,0.0793,1
NCRB-SYNTH-105402,Trial Court,Sec 482 CrPC (Quashing),1,3,2,0,0,0,0.1693,0,37,1,1,0.065,2,1.0939,168.69,0.089,0,0,1,1,0.0108,0.0156,1
NCRB-SYNTH-105403,Trial Court,Writ Petition (Detention),1,3,2,0,0,0,0.3476,1,39,0,0,0.0974,4,1.0,101.17,0.0063,0,0,1,1,0.0101,0.0146,1
NCRB-SYNTH-105406,Trial Court,Sec 482 CrPC (Quashing),1,2,1,0,0,0,0.3614,0,11,0,0,0.1052,4,1.1387,163.38,0.1069,1,1,0,3,0.0865,0.0624,1
NCRB-SYNTH-105407,Trial Court,Sec 482 CrPC (Quashing),1,2,1,0,0,0,0.3911,1,32,0,0,0.0654,3,1.0,62.71,0.1751,1,1,0,4,0.0643,0.0399,1
NCRB-SYNTH-105423,Trial Court,Sec 439 CrPC (Regular Bail),2,5,2,0,0,0,0.3345,1,28,0,1,0.0727,5,1.2253,89.0,0.0885,0,0,1,1,0.0955,0.1378,1
NCRB-SYNTH-105427,Trial Court,Sec 439 CrPC (Regular Bail),7,1,2,0,1,0,0.3179,1,5,0,0,0.0378,9,1.0127,93.86,0.1619,1,1,0,4,0.0441,0.0274,1
NCRB-SYNTH-105444,Trial Court,Sec 482 CrPC (Quashing),21,4,2,0,0,0,0.161,1,20,0,1,0.0617,7,1.0696,143.02,0.0614,0,0,1,3,0.0728,0.0525,1
NCRB-SYNTH-105459,Trial Court,Sec 482 CrPC (Quashing),1,5,1,0,1,0,0.2093,0,24,1,1,0.0753,7,1.011,63.01,0.1351,0,0,1,4,0.0407,0.0253,1
NCRB-SYNTH-105460,Trial Court,Sec 482 CrPC (Quashing),15,5,2,0,0,0,0.1517,1,37,0,0,0.0425,3,1.0152,38.5,0.0993,0,0,1,3,0.0571,0.0412,1
NCRB-SYNTH-105468,Trial Court,Sec 482 CrPC (Quashing),1,4,2,0,0,0,0.3831,0,9,1,1,0.0237,4,1.0,146.87,0.0328,0,0,1,1,0.0772,0.1114,1
NCRB-SYNTH-105486,Trial Court,Sec 482 CrPC (Quashing),1,5,1,0,0,0,0.3183,0,27,1,1,0.0301,3,1.1207,102.32,0.1531,1,1,0,1,0.0568,0.0819,1
NCRB-SYNTH-105490,High Court,Sec 439 CrPC (Regular Bail),1,3,1,0,0,0,0.2035,0,9,0,1,0.0579,3,1.1824,74.22,0.0879,1,1,0,4,0.0873,0.0542,1
NCRB-SYNTH-105498,High Court,Writ Petition (Detention),1,1,1,0,0,0,0.32,1,22,0,0,0.0361,5,1.0038,69.58,0.1168,1,1,0,3,0.0951,0.0686,1
NCRB-SYNTH-105512,High Court,Sec 439 CrPC (Regular Bail),2,3,2,0,0,0,0.3896,0,19,0,0,0.0756,7,1.0846,156.22,0.1802,1,1,0,1,0.0898,0.1296,1
NCRB-SYNTH-105513,Trial Court,Sec 439 CrPC (Regular Bail),2,3,2,0,0,0,0.2647,1,14,1,1,0.0786,5,1.216,129.47,0.0693,1,1,0,2,0.0811,0.0738,1
NCRB-SYNTH-105538,High Court,Sec 482 CrPC (Quashing),1,3,1,0,0,0,0.2292,1,9,1,1,0.0807,2,1.0793,85.57,0.1322,1,1,0,1,0.0796,0.1149,1
NCRB-SYNTH-105543,Trial Court,Sec 482 CrPC (Quashing),1,2,1,0,0,0,0.2677,0,38,0,0,0.0627,1,1.3397,109.64,0.0114,1,1,0,3,0.096,0.0692,1
NCRB-SYNTH-105553,Trial Court,Sec 482 CrPC (Quashing),2,5,1,0,1,0,0.3352,0,15,0,0,0.0667,2,1.0997,143.89,0.173,1,1,0,3,0.0545,0.0393,1
NCRB-SYNTH-105562,Trial Court,Sec 482 CrPC (Quashing),1,3,1,0,0,0,0.3774,0,39,0,0,0.0054,9,1.142,65.55,0.1645,1,1,0,3,0.0117,0.0084,1
NCRB-SYNTH-105565,Trial Court,Sec 482 CrPC (Quashing),4,4,1,0,0,0,0.2474,0,9,0,0,0.0553,4,1.2323,117.6,0.0987,1,1,0,2,0.0424,0.0386,1
NCRB-SYNTH-105570,Trial Court,Sec 482 CrPC (Quashing),2,4,1,1,0,0,0.3811,1,25,0,1,0.0398,1,1.118,130.69,0.0054,0,0,1,1,0.0445,0.0642,1
NCRB-SYNTH-105571,Trial Court,Sec 482 CrPC (Quashing),1,3,1,0,0,0,0.4274,0,11,0,1,0.0691,4,1.1856,158.99,0.0803,1,1,0,3,0.0227,0.0164,1
NCRB-SYNTH-105578,Trial Court,Sec 482 CrPC (Quashing),1,5,2,0,0,0,0.2081,0,46,0,0,0.0129,6,1.1572,41.68,0.1049,1,1,0,4,0.0834,0.0518,1
NCRB-SYNTH-105579,Trial Court,Writ Petition (Detention),1,1,2,0,1,0,0.1087,0,19,0,0,0.1039,5,1.1658,74.39,0.0205,1,1,0,1,0.0117,0.0168,1
NCRB-SYNTH-105589,High Court,Sec 482 CrPC (Quashing),1,1,2,0,0,0,0.3612,0,2,0,0,0.0386,3,1.1245,176.18,0.0819,1,1,0,3,0.0918,0.0662,1
NCRB-SYNTH-105594,Trial Court,Sec 482 CrPC (Quashing),1,4,2,0,0,0,0.2104,0,32,1,1,0.0354,2,1.0489,156.17,0.0277,1,1,0,3,0.0265,0.0191,1
NCRB-SYNTH-105607,Trial Court,Sec 482 CrPC (Quashing),1,4,1,0,0,0,0.2336,0,12,0,0,0.0234,5,1.136,90.85,0.1928,1,1,0,2,0.0902,0.0821,1
NCRB-SYNTH-105608,Trial Court,Sec 482 CrPC (Quashing),1,2,2,0,0,0,0.2022,1,46,0,0,0.0039,3,1.1192,108.45,0.0813,1,1,0,2,0.0666,0.0606,1
NCRB-SYNTH-105617,Trial Court,Sec 439 CrPC (Regular Bail),21,4,2,0,1,0,0.2482,0,21,0,0,0.0377,7,1.1302,81.83,0.1089,0,0,1,2,0.0494,0.045,1
NCRB-SYNTH-105622,Trial Court,Sec 439 CrPC (Regular Bail),1,2,2,0,0,0,0.3025,0,5,0,0,0.0866,5,1.219,133.66,0.1809,1,1,0,2,0.0889,0.0809,1
NCRB-SYNTH-105658,High Court,Sec 482 CrPC (Quashing),7,3,1,1,0,0,0.302,1,6,0,0,0.0473,8,1.0711,60.02,0.0882,1,1,0,2,0.0364,0.0331,1
NCRB-SYNTH-105659,Trial Court,Sec 482 CrPC (Quashing),2,5,1,0,0,1,0.2834,0,36,0,0,0.0607,4,1.2101,148.84,0.0472,1,1,0,3,0.0112,0.0081,1
NCRB-SYNTH-105671,Trial Court,Sec 439 CrPC (Regular Bail),7,3,2,0,0,0,0.3334,1,19,0,0,0.0973,4,1.0736,106.03,0.0949,1,1,0,1,0.0123,0.0177,1
NCRB-SYNTH-105675,Trial Court,Sec 482 CrPC (Quashing),7,1,2,0,0,0,0.382,1,12,1,1,0.0751,9,1.0515,35.87,0.0255,0,0,1,3,0.0276,0.0199,1
NCRB-SYNTH-105683,High Court,Sec 482 CrPC (Quashing),2,4,2,0,0,0,0.1612,0,28,0,1,0.0649,2,1.0,169.61,0.1613,1,1,0,2,0.0932,0.0848,1
NCRB-SYNTH-105688,High Court,Sec 439 CrPC (Regular Bail),7,3,1,0,0,0,0.1862,0,24,0,0,0.1103,4,1.2111,103.78,0.1747,1,1,0,2,0.075,0.0683,1
NCRB-SYNTH-105699,Trial Court,Sec 482 CrPC (Quashing),21,3,1,0,0,0,0.1871,0,42,0,0,0.044,8,1.2261,84.32,0.1112,1,1,0,4,0.0137,0.0085,1
NCRB-SYNTH-105705,Trial Court,Sec 482 CrPC (Quashing),1,5,1,0,0,0,0.268,0,39,0,0,0.0033,9,1.0466,150.79,0.1258,1,1,0,4,0.0623,0.0387,1
NCRB-SYNTH-105707,Trial Court,Trial Judgment,1,2,1,1,0,0,0.3147,0,29,0,0,0.0135,6,1.0676,128.4,0.0803,0,0,1,2,0.0766,0.0697,1
NCRB-SYNTH-105710,High Court,Sec 482 CrPC (Quashing),7,2,2,0,0,0,0.2722,0,46,0,0,0.0802,2,1.1348,86.64,0.0753,1,1,0,1,0.0759,0.1095,1
NCRB-SYNTH-105712,Trial Court,Trial Judgment,1,3,1,0,0,0,0.1372,0,17,0,0,0.0478,7,1.1809,109.36,0.1426,1,1,0,1,0.0226,0.0327,1
NCRB-SYNTH-105714,Trial Court,Sec 482 CrPC (Quashing),2,5,1,0,0,0,0.219,0,32,0,0,0.0573,3,1.0858,96.4,0.1442,1,1,0,4,0.0287,0.0178,1
NCRB-SYNTH-105730,Trial Court,Sec 482 CrPC (Quashing),1,5,1,0,0,0,0.3113,1,32,0,0,0.0736,7,1.2045,97.58,0.1195,1,1,0,2,0.0211,0.0192,1
NCRB-SYNTH-105741,Trial Court,Sec 482 CrPC (Quashing),1,5,2,0,0,0,0.3087,0,3,0,0,0.0248,7,1.0,176.71,0.042,1,1,0,1,0.028,0.0403,1
NCRB-SYNTH-105744,Trial Court,Sec 439 CrPC (Regular Bail),1,1,2,0,0,0,0.285,0,25,0,0,0.0198,4,1.0643,159.57,0.0101,1,1,0,1,0.0907,0.1308,1
NCRB-SYNTH-105748,Trial Court,Writ Petition (Detention),1,4,1,0,0,0,0.3191,0,1,1,1,0.066,3,1.2825,121.17,0.1058,1,1,0,2,0.0992,0.0903,1
NCRB-SYNTH-105749,Trial Court,Sec 482 CrPC (Quashing),1,2,2,0,0,0,0.1531,0,37,1,1,0.0475,7,1.1112,160.36,0.0743,1,1,0,1,0.0828,0.1195,1
NCRB-SYNTH-105755,Trial Court,Sec 439 CrPC (Regular Bail),1,3,1,0,0,0,0.1786,0,32,0,0,0.0,3,1.0521,146.34,0.193,1,1,0,4,0.0798,0.0496,1
NCRB-SYNTH-105762,High Court,Sec 482 CrPC (Quashing),1,2,1,0,0,0,0.2084,1,49,1,1,0.0805,9,1.0,35.75,0.0356,1,1,0,3,0.0284,0.0205,1
NCRB-SYNTH-105763,High Court,Sec 482 CrPC (Quashing),45,3,2,0,0,0,0.1273,0,25,0,0,0.0421,8,1.2146,57.84,0.0848,0,0,1,1,0.0416,0.06,1
NCRB-SYNTH-105765,Trial Court,Sec 482 CrPC (Quashing),1,2,2,0,1,0,0.3573,1,14,1,0,0.025,7,1.0361,121.11,0.1555,1,1,0,3,0.0396,0.0286,1
NCRB-SYNTH-105770,High Court,Sec 482 CrPC (Quashing),2,3,2,0,0,0,0.0993,0,44,1,0,0.0,7,1.064,52.1,0.0243,1,1,0,3,0.0766,0.0552,1
NCRB-SYNTH-105786,Trial Court,Sec 439 CrPC (Regular Bail),1,1,2,0,0,0,0.1702,0,44,0,0,0.0453,6,1.1616,133.85,0.111,1,1,0,4,0.0925,0.0575,1
NCRB-SYNTH-105789,Trial Court,Sec 482 CrPC (Quashing),4,5,2,0,0,0,0.371,0,8,0,0,0.0434,2,1.2942,114.93,0.0778,1,1,0,3,0.0487,0.0351,1
NCRB-SYNTH-105793,Trial Court,Sec 482 CrPC (Quashing),1,4,1,0,0,0,0.3418,0,35,0,0,0.0784,3,1.0829,39.76,0.0309,1,1,0,1,0.0471,0.0679,1
NCRB-SYNTH-105794,Trial Court,Sec 482 CrPC (Quashing),1,3,1,0,0,0,0.0902,0,35,0,0,0.0711,7,1.3558,66.35,0.0793,0,0,1,2,0.0701,0.0638,1
NCRB-SYNTH-105798,High Court,Sec 482 CrPC (Quashing),1,2,1,0,0,0,0.1978,1,36,1,0,0.0973,7,1.1307,96.11,0.1253,0,0,1,2,0.0579,0.0527,1
NCRB-SYNTH-105799,High Court,Sec 482 CrPC (Quashing),1,2,2,0,0,0,0.2951,0,10,0,1,0.0823,3,1.059,140.09,0.1477,1,1,0,4,0.0789,0.049,1
NCRB-SYNTH-105808,Trial Court,Sec 482 CrPC (Quashing),1,4,2,0,0,0,0.2811,0,26,1,1,0.0021,4,1.2397,107.33,0.1103,1,1,0,1,0.0516,0.0745,1
NCRB-SYNTH-105812,Trial Court,Trial Judgment,1,2,2,0,0,0,0.2562,1,12,1,1,0.0361,4,1.1209,178.63,0.1637,1,1,0,3,0.0918,0.0663,1
NCRB-SYNTH-105819,High Court,Sec 439 CrPC (Regular Bail),4,2,1,0,0,0,0.2305,1,13,1,0,0.044,1,1.1675,43.73,0.1359,1,1,0,3,0.039,0.0282,1
NCRB-SYNTH-105831,Trial Court,Sec 482 CrPC (Quashing),21,4,1,0,0,0,0.1677,0,1,1,0,0.0632,8,1.0,58.38,0.1956,0,0,1,2,0.0103,0.0093,1
NCRB-SYNTH-105837,Trial Court,Sec 482 CrPC (Quashing),2,2,2,0,0,0,0.3428,0,9,1,1,0.0094,2,1.0901,95.03,0.1516,1,1,0,3,0.0692,0.0499,1
NCRB-SYNTH-105845,Trial Court,Writ Petition (Detention),1,5,1,0,0,0,0.3247,0,14,0,0,0.0372,6,1.1844,136.75,0.0284,0,0,1,4,0.0493,0.0306,1
NCRB-SYNTH-105852,High Court,Sec 482 CrPC (Quashing),1,3,1,0,0,0,0.3729,0,2,0,0,0.0951,9,1.2929,103.13,0.089,1,1,0,3,0.067,0.0483,1
NCRB-SYNTH-105853,Trial Court,Sec 482 CrPC (Quashing),1,2,1,0,0,1,0.3274,1,25,0,0,0.0237,8,1.1824,39.56,0.0529,0,0,1,4,0.0166,0.0103,1
NCRB-SYNTH-105854,Trial Court,Sec 482 CrPC (Quashing),7,1,2,0,0,0,0.2555,1,11,0,0,0.0096,1,1.0,89.56,0.0731,1,1,0,1,0.0763,0.11,1
NCRB-SYNTH-105877,Trial Court,Sec 482 CrPC (Quashing),4,3,1,0,1,0,0.2584,1,2,0,0,0.0,3,1.069,94.61,0.1246,1,1,0,4,0.0504,0.0313,1
NCRB-SYNTH-105884,Trial Court,Sec 482 CrPC (Quashing),1,3,1,0,0,0,0.307,1,10,1,1,0.1033,6,1.2081,142.32,0.0735,0,0,1,2,0.0418,0.038,1
NCRB-SYNTH-105888,Trial Court,Trial Judgment,1,3,1,0,0,0,0.3073,1,31,0,0,0.1098,5,1.0,127.93,0.0573,1,1,0,1,0.0929,0.134,1
NCRB-SYNTH-105897,Trial Court,Sec 482 CrPC (Quashing),1,2,1,0,0,0,0.3129,1,1,0,0,0.0752,3,1.0,179.88,0.0213,1,1,0,4,0.0896,0.0556,1
NCRB-SYNTH-105899,High Court,Sec 482 CrPC (Quashing),4,1,2,0,0,0,0.2502,1,26,1,1,0.043,8,1.2262,142.94,0.0729,1,1,0,3,0.0437,0.0316,1
NCRB-SYNTH-105912,Trial Court,Sec 482 CrPC (Quashing),21,3,1,0,0,0,0.365,1,6,0,0,0.0241,2,1.3112,168.9,0.0586,1,1,0,2,0.088,0.0801,1
NCRB-SYNTH-105917,High Court,Sec 482 CrPC (Quashing),2,1,2,0,1,0,0.2057,0,41,1,0,0.0655,4,1.0803,40.71,0.037,1,1,0,1,0.0236,0.0341,1
NCRB-SYNTH-105922,High Court,Trial Judgment,4,3,2,0,0,0,0.1709,1,39,1,1,0.0472,4,1.1045,139.95,0.0162,1,1,0,2,0.0289,0.0263,1
NCRB-SYNTH-105930,Trial Court,Sec 482 CrPC (Quashing),1,4,1,0,0,0,0.1488,0,5,1,1,0.0626,1,1.0,61.38,0.1772,1,1,0,1,0.0457,0.066,1
NCRB-SYNTH-105934,Trial Court,Trial Judgment,1,3,1,0,1,0,0.4143,1,35,0,0,0.056,5,1.1581,34.66,0.02,0,0,1,1,0.0665,0.0959,1
NCRB-SYNTH-105944,Trial Court,Sec 482 CrPC (Quashing),1,1,2,0,1,0,0.36,1,35,1,1,0.0345,2,1.0653,122.22,0.1337,1,1,0,4,0.039,0.0243,1
NCRB-SYNTH-105945,Trial Court,Sec 482 CrPC (Quashing),1,3,2,0,0,0,0.2131,1,17,0,1,0.0396,8,1.3095,178.57,0.099,1,1,0,3,0.0391,0.0282,1
NCRB-SYNTH-105962,Trial Court,Sec 482 CrPC (Quashing),1,2,1,1,0,0,0.1521,0,27,0,1,0.1114,2,1.04,59.1,0.1023,1,1,0,1,0.0903,0.1303,1
NCRB-SYNTH-105966,Trial Court,Sec 439 CrPC (Regular Bail),2,4,1,0,0,0,0.3266,0,36,0,0,0.0116,5,1.1581,37.27,0.0738,1,1,0,1,0.0983,0.1418,1
NCRB-SYNTH-105967,Trial Court,Writ Petition (Detention),15,1,2,0,1,0,0.2273,0,5,0,0,0.0377,4,1.1368,151.76,0.1145,1,1,0,2,0.0392,0.0357,1
NCRB-SYNTH-105969,Trial Court,Trial Judgment,1,3,1,0,0,0,0.1982,0,35,0,0,0.0432,9,1.1738,117.2,0.1669,1,1,0,4,0.0744,0.0462,1
NCRB-SYNTH-105974,Trial Court,Sec 482 CrPC (Quashing),2,4,2,0,0,0,0.3263,0,36,0,0,0.0403,2,1.0797,83.02,0.1526,1,1,0,1,0.0828,0.1195,1
NCRB-SYNTH-105976,Trial Court,Sec 482 CrPC (Quashing),1,4,2,0,0,0,0.1683,1,38,1,1,0.0231,8,1.1223,175.04,0.1994,1,1,0,2,0.0351,0.032,1
NCRB-SYNTH-105983,High Court,Sec 482 CrPC (Quashing),4,5,1,0,0,0,0.2418,1,1,0,0,0.0476,2,1.0363,92.64,0.0705,1,1,0,1,0.0559,0.0806,1
NCRB-SYNTH-105988,Trial Court,Sec 482 CrPC (Quashing),1,3,2,0,0,0,0.3507,0,9,0,0,0.03,7,1.0954,124.27,0.0919,0,0,1,4,0.0448,0.0278,1
NCRB-SYNTH-106003,Trial Court,Writ Petition (Detention),2,3,1,0,0,0,0.3683,0,12,1,1,0.0848,2,1.0558,79.75,0.0928,1,1,0,1,0.0863,0.1245,1
NCRB-SYNTH-106006,Trial Court,Sec 439 CrPC (Regular Bail),4,4,2,0,0,0,0.2801,1,39,1,1,0.0732,8,1.1571,159.86,0.0825,0,0,1,4,0.0561,0.0348,1
NCRB-SYNTH-106013,Trial Court,Sec 482 CrPC (Quashing),45,5,1,1,0,0,0.2204,0,22,0,0,0.1043,1,1.1896,120.33,0.0402,1,1,0,3,0.0225,0.0162,1
NCRB-SYNTH-106022,Trial Court,Sec 482 CrPC (Quashing),4,2,1,0,0,0,0.1689,0,7,0,0,0.0,2,1.0183,37.55,0.1512,1,1,0,1,0.0743,0.1072,1
NCRB-SYNTH-106023,Trial Court,Sec 482 CrPC (Quashing),1,2,2,0,0,0,0.2331,0,23,0,0,0.0,8,1.0,47.56,0.0118,1,1,0,2,0.019,0.0173,1
NCRB-SYNTH-106027,Trial Court,Writ Petition (Detention),4,3,1,0,1,0,0.1062,0,23,1,1,0.0385,9,1.0634,128.74,0.0675,1,1,0,3,0.0665,0.048,1
NCRB-SYNTH-106038,Trial Court,Sec 482 CrPC (Quashing),2,5,2,0,0,0,0.3842,1,10,0,0,0.0822,1,1.1356,158.52,0.1929,1,1,0,1,0.0106,0.0153,1
NCRB-SYNTH-106040,Trial Court,Sec 482 CrPC (Quashing),21,3,2,0,0,0,0.1551,1,2,1,1,0.0491,2,1.0261,146.87,0.1133,1,1,0,3,0.0382,0.0276,1
NCRB-SYNTH-106050,Trial Court,Sec 439 CrPC (Regular Bail),1,2,1,0,1,0,0.3017,0,15,1,1,0.0136,3,1.0744,83.56,0.1439,1,1,0,3,0.0795,0.0573,1
NCRB-SYNTH-106052,Trial Court,Sec 482 CrPC (Quashing),1,3,2,0,0,0,0.2697,1,1,0,0,0.0123,6,1.0,38.16,0.0625,1,1,0,2,0.0953,0.0867,1
NCRB-SYNTH-106071,Trial Court,Sec 439 CrPC (Regular Bail),15,1,2,0,0,0,0.3618,1,8,1,1,0.0139,4,1.0323,111.29,0.0605,1,1,0,3,0.0535,0.0386,1
NCRB-SYNTH-106082,Trial Court,Sec 482 CrPC (Quashing),1,2,2,0,0,0,0.2965,0,31,0,0,0.0675,9,1.0929,60.39,0.1254,0,0,1,3,0.0541,0.039,1
NCRB-SYNTH-106098,Trial Court,Writ Petition (Detention),7,3,2,0,0,0,0.123,0,21,0,0,0.0557,3,1.089,33.5,0.1253,1,1,0,1,0.0317,0.0457,1
NCRB-SYNTH-106100,Trial Court,Sec 482 CrPC (Quashing),7,2,1,0,0,0,0.1808,0,3,1,1,0.082,5,1.096,71.81,0.0771,1,1,0,1,0.0311,0.0449,1
NCRB-SYNTH-106104,Trial Court,Sec 439 CrPC (Regular Bail),1,2,1,0,0,0,0.2108,0,19,0,1,0.0405,7,1.2685,168.12,0.1983,1,1,0,2,0.0925,0.0842,1
NCRB-SYNTH-106110,Trial Court,Sec 439 CrPC (Regular Bail),1,4,2,0,0,0,0.152,1,8,1,1,0.0638,1,1.0,50.36,0.1385,1,1,0,2,0.0679,0.0618,1
NCRB-SYNTH-106111,Trial Court,Sec 482 CrPC (Quashing),1,2,1,0,0,0,0.2989,0,9,0,0,0.0705,7,1.1486,157.66,0.1607,1,1,0,4,0.0741,0.0461,1
NCRB-SYNTH-106113,Trial Court,Writ Petition (Detention),4,3,1,0,0,0,0.3065,0,29,0,0,0.0,4,1.0151,39.43,0.0979,1,1,0,3,0.0568,0.041,1
NCRB-SYNTH-106118,Trial Court,Sec 482 CrPC (Quashing),1,1,1,0,1,0,0.2012,0,36,0,0,0.0502,2,1.0044,75.49,0.1689,1,1,0,3,0.0208,0.015,1
NCRB-SYNTH-106124,Trial Court,Sec 439 CrPC (Regular Bail),1,5,1,0,0,0,0.0822,0,11,0,0,0.0051,7,1.156,91.8,0.1889,1,1,0,3,0.0544,0.0392,1
NCRB-SYNTH-106138,Trial Court,Sec 439 CrPC (Regular Bail),2,3,1,0,0,0,0.3158,0,22,1,1,0.0563,2,1.0853,101.27,0.11,1,1,0,3,0.076,0.0548,1
NCRB-SYNTH-106144,Trial Court,Sec 482 CrPC (Quashing),1,2,1,0,0,0,0.4213,0,15,1,1,0.0101,2,1.0379,76.54,0.0611,1,1,0,3,0.015,0.0108,1
NCRB-SYNTH-106150,High Court,Sec 482 CrPC (Quashing),1,5,1,0,0,0,0.2807,0,26,1,1,0.0804,9,1.1749,129.97,0.0661,1,1,0,4,0.0213,0.0132,1
NCRB-SYNTH-106168,High Court,Sec 439 CrPC (Regular Bail),1,1,2,0,0,0,0.2767,0,16,0,1,0.0914,1,1.0,68.43,0.088,1,1,0,4,0.019,0.0118,1
NCRB-SYNTH-106184,Trial Court,Sec 482 CrPC (Quashing),4,4,2,0,0,0,0.1566,0,21,1,0,0.0,8,1.0621,122.63,0.1878,0,0,1,4,0.0241,0.0149,1
NCRB-SYNTH-106194,Trial Court,Sec 482 CrPC (Quashing),1,3,1,0,0,0,0.3858,0,28,1,0,0.0796,3,1.2333,75.57,0.0317,1,1,0,1,0.0462,0.0667,1
NCRB-SYNTH-106203,Trial Court,Sec 482 CrPC (Quashing),1,5,1,0,0,1,0.2162,0,15,0,0,0.0824,8,1.0,93.9,0.101,1,1,0,4,0.046,0.0286,1
NCRB-SYNTH-106206,High Court,Sec 482 CrPC (Quashing),1,3,1,0,0,0,0.3522,1,6,0,0,0.0316,6,1.224,100.5,0.1166,1,1,0,2,0.0762,0.0694,1
NCRB-SYNTH-106228,High Court,Trial Judgment,1,4,2,1,0,0,0.1324,0,19,0,1,0.1261,3,1.1181,159.76,0.1389,1,1,0,2,0.096,0.0874,1
NCRB-SYNTH-106232,Trial Court,Trial Judgment,4,3,2,0,0,0,0.119,0,41,1,1,0.0826,6,1.0,89.0,0.1942,1,1,0,4,0.0362,0.0225,1
NCRB-SYNTH-106239,Trial Court,Sec 482 CrPC (Quashing),1,4,2,0,0,0,0.3804,0,33,0,0,0.0406,5,1.2711,131.42,0.0175,1,1,0,4,0.0176,0.0109,1
NCRB-SYNTH-106240,Trial Court,Sec 482 CrPC (Quashing),1,1,2,1,0,0,0.1312,1,9,0,0,0.0301,1,1.2052,103.25,0.1068,1,1,0,3,0.0593,0.0428,1
NCRB-SYNTH-106241,High Court,Sec 439 CrPC (Regular Bail),1,2,2,0,0,0,0.3875,0,14,1,1,0.0358,3,1.2279,107.07,0.0818,1,1,0,3,0.0911,0.0657,1
NCRB-SYNTH-106262,Trial Court,Sec 482 CrPC (Quashing),1,5,2,0,0,0,0.1389,0,12,0,1,0.0134,6,1.0421,42.4,0.1243,1,1,0,4,0.0429,0.0266,1
NCRB-SYNTH-106264,Trial Court,Sec 482 CrPC (Quashing),2,5,2,0,0,0,0.1453,0,24,1,1,0.0474,3,1.0,66.63,0.172,1,1,0,2,0.0381,0.0347,1
NCRB-SYNTH-106267,Trial Court,Sec 482 CrPC (Quashing),1,1,2,0,0,0,0.3296,0,39,0,0,0.1074,5,1.0243,150.99,0.1575,1,1,0,2,0.0886,0.0806,1
NCRB-SYNTH-106272,Trial Court,Sec 482 CrPC (Quashing),1,3,1,0,0,0,0.2107,1,29,0,0,0.0627,4,1.1096,72.58,0.1449,1,1,0,4,0.0179,0.0111,1
NCRB-SYNTH-106287,Trial Court,Writ Petition (Detention),1,1,2,0,0,0,0.3802,1,2,1,0,0.0605,6,1.1591,172.68,0.1005,1,1,0,1,0.0699,0.1008,1
NCRB-SYNTH-106289,Trial Court,Sec 482 CrPC (Quashing),1,2,2,1,0,0,0.1296,0,33,0,0,0.0814,9,1.1475,62.42,0.1477,1,1,0,2,0.0521,0.0474,1
NCRB-SYNTH-106293,Trial Court,Writ Petition (Detention),2,5,1,0,0,0,0.3926,0,16,0,0,0.0194,5,1.0465,54.66,0.1266,0,0,1,2,0.0465,0.0424,1
NCRB-SYNTH-106295,Trial Court,Sec 439 CrPC (Regular Bail),1,1,2,0,0,1,0.2527,0,12,0,0,0.0943,2,1.1591,178.14,0.0518,1,1,0,2,0.0427,0.0389,1
NCRB-SYNTH-106296,High Court,Trial Judgment,1,2,2,0,0,0,0.3472,0,5,1,1,0.0625,1,1.2047,175.89,0.1093,1,1,0,3,0.0123,0.0089,1
NCRB-SYNTH-106316,Trial Court,Sec 439 CrPC (Regular Bail),45,3,2,0,0,0,0.1903,0,27,0,0,0.0915,4,1.0769,179.72,0.0164,1,1,0,1,0.022,0.0317,1
NCRB-SYNTH-106327,Trial Court,Sec 482 CrPC (Quashing),1,1,2,0,0,0,0.1451,0,6,0,0,0.0568,4,1.0386,53.24,0.1145,1,1,0,3,0.0379,0.0273,1
NCRB-SYNTH-106348,Trial Court,Sec 482 CrPC (Quashing),1,3,1,0,0,0,0.1565,0,39,0,0,0.0774,3,1.1756,142.14,0.0745,1,1,0,3,0.0427,0.0308,1
NCRB-SYNTH-106355,Trial Court,Sec 439 CrPC (Regular Bail),1,3,1,0,0,0,0.3571,0,35,0,0,0.0268,4,1.1107,165.74,0.0487,1,1,0,4,0.0425,0.0264,1
NCRB-SYNTH-106356,Trial Court,Trial Judgment,27,1,2,0,0,0,0.2944,0,13,1,1,0.0895,4,1.0284,118.64,0.0119,1,1,0,1,0.0267,0.0385,1
NCRB-SYNTH-106359,Trial Court,Sec 482 CrPC (Quashing),1,5,2,0,0,0,0.1634,0,1,0,0,0.0,3,1.1309,90.75,0.1967,1,1,0,1,0.0287,0.0414,1
NCRB-SYNTH-106373,Trial Court,Sec 482 CrPC (Quashing),45,5,2,0,0,0,0.1086,0,39,0,0,0.0404,6,1.0724,123.99,0.0127,1,1,0,1,0.0575,0.083,1
NCRB-SYNTH-106374,Trial Court,Sec 482 CrPC (Quashing),2,3,2,0,0,0,0.116,0,24,0,0,0.0448,1,1.0738,62.38,0.1347,1,1,0,3,0.0134,0.0097,1
NCRB-SYNTH-106379,Trial Court,Sec 482 CrPC (Quashing),2,3,2,0,0,0,0.2302,1,29,1,0,0.0658,4,1.0884,116.3,0.0277,0,0,1,3,0.0467,0.0337,1
NCRB-SYNTH-106380,Trial Court,Sec 482 CrPC (Quashing),7,4,1,0,0,0,0.3285,0,3,1,1,0.0285,4,1.0143,34.15,0.1711,1,1,0,3,0.0237,0.0171,1
NCRB-SYNTH-106395,Trial Court,Trial Judgment,15,4,1,0,0,0,0.359,0,5,1,1,0.024,2,1.0003,66.19,0.1859,0,0,1,2,0.0812,0.0739,1
NCRB-SYNTH-106400,High Court,Sec 482 CrPC (Quashing),2,3,1,0,0,1,0.1245,0,7,0,0,0.1128,3,1.3043,143.4,0.1119,1,1,0,4,0.0182,0.0113,1
NCRB-SYNTH-106402,Trial Court,Sec 482 CrPC (Quashing),1,5,2,0,0,0,0.2901,0,30,0,0,0.0113,2,1.1217,107.65,0.1482,1,1,0,2,0.0114,0.0104,1
NCRB-SYNTH-106404,Trial Court,Trial Judgment,1,4,1,0,0,0,0.2708,1,12,1,1,0.0623,5,1.0246,113.99,0.1657,1,1,0,3,0.0205,0.0148,1
NCRB-SYNTH-106406,Trial Court,Sec 482 CrPC (Quashing),2,2,2,0,0,0,0.1613,0,27,1,1,0.0,8,1.1318,159.87,0.0728,1,1,0,2,0.0829,0.0755,1
NCRB-SYNTH-106410,Trial Court,Sec 439 CrPC (Regular Bail),1,5,2,0,0,0,0.3036,0,7,1,1,0.0467,4,1.345,83.68,0.1442,1,1,0,3,0.0882,0.0636,1
NCRB-SYNTH-106413,Trial Court,Writ Petition (Detention),1,1,1,0,0,0,0.3354,1,15,1,1,0.06,9,1.1769,142.12,0.0697,1,1,0,3,0.0387,0.0279,1
NCRB-SYNTH-106418,Trial Court,Trial Judgment,1,5,2,0,1,0,0.3364,0,19,0,0,0.0532,8,1.0,122.17,0.1499,1,1,0,3,0.0978,0.0705,1
NCRB-SYNTH-106421,Trial Court,Sec 482 CrPC (Quashing),1,5,1,0,0,0,0.3097,0,15,0,1,0.0,9,1.0,160.56,0.0679,1,1,0,3,0.0359,0.0259,1
NCRB-SYNTH-106427,Trial Court,Trial Judgment,2,2,2,0,0,0,0.1395,0,18,0,0,0.0564,2,1.1654,56.66,0.1359,1,1,0,4,0.0742,0.0461,1
NCRB-SYNTH-106432,High Court,Sec 482 CrPC (Quashing),2,2,2,0,0,0,0.3045,0,20,1,1,0.038,3,1.2001,64.17,0.0187,1,1,0,1,0.033,0.0476,1
NCRB-SYNTH-106433,Trial Court,Sec 482 CrPC (Quashing),1,1,1,0,0,0,0.2955,0,5,0,1,0.0318,5,1.1903,119.37,0.0883,1,1,0,1,0.0902,0.1302,1
NCRB-SYNTH-106447,Trial Court,Sec 482 CrPC (Quashing),4,3,2,0,0,0,0.1012,1,21,0,1,0.0424,4,1.1718,139.08,0.135,0,0,1,2,0.0784,0.0713,1
NCRB-SYNTH-106452,Trial Court,Sec 482 CrPC (Quashing),1,5,2,0,0,0,0.1984,1,20,1,1,0.0793,5,1.0232,44.76,0.1221,1,1,0,3,0.099,0.0714,1
NCRB-SYNTH-106455,Trial Court,Sec 482 CrPC (Quashing),1,1,1,0,0,1,0.124,1,11,1,1,0.0065,8,1.1201,30.65,0.1099,0,0,1,2,0.0155,0.0141,1
NCRB-SYNTH-106463,Trial Court,Trial Judgment,2,1,1,0,0,0,0.1868,0,2,0,0,0.1332,5,1.0,140.15,0.1052,1,1,0,3,0.0905,0.0653,1
NCRB-SYNTH-106469,Trial Court,Sec 482 CrPC (Quashing),2,3,1,0,0,0,0.2859,0,11,0,0,0.0918,4,1.1488,154.86,0.1244,1,1,0,4,0.0491,0.0305,1
NCRB-SYNTH-106474,Trial Court,Sec 482 CrPC (Quashing),2,5,1,0,0,0,0.163,0,38,0,0,0.0731,6,1.2486,48.38,0.1577,1,1,0,3,0.0255,0.0184,1
NCRB-SYNTH-106476,High Court,Sec 482 CrPC (Quashing),1,2,1,0,0,0,0.1343,1,2,1,1,0.0612,9,1.0,126.9,0.1945,1,1,0,2,0.0578,0.0526,1
NCRB-SYNTH-106487,Trial Court,Sec 439 CrPC (Regular Bail),1,3,2,0,1,0,0.3001,0,1,1,1,0.0825,2,1.2162,61.55,0.0555,0,0,1,3,0.0868,0.0626,1
NCRB-SYNTH-106495,Trial Court,Sec 482 CrPC (Quashing),15,2,1,0,0,0,0.0718,0,21,0,1,0.0699,8,1.0,116.06,0.1088,0,0,1,1,0.0198,0.0286,1
NCRB-SYNTH-106508,Trial Court,Trial Judgment,2,4,1,0,0,0,0.3528,1,6,0,1,0.0129,1,1.0,33.69,0.1836,1,1,0,2,0.0975,0.0887,1
NCRB-SYNTH-106509,Trial Court,Sec 482 CrPC (Quashing),1,1,1,0,1,0,0.1446,0,1,0,0,0.0587,8,1.188,170.32,0.1434,1,1,0,1,0.0408,0.0589,1
NCRB-SYNTH-106519,Trial Court,Sec 482 CrPC (Quashing),1,2,1,1,0,0,0.3122,0,36,0,0,0.0294,6,1.0743,168.76,0.1527,1,1,0,1,0.0724,0.1044,1
NCRB-SYNTH-106526,Trial Court,Sec 482 CrPC (Quashing),21,3,1,0,0,0,0.3032,0,19,0,0,0.0835,9,1.3114,173.24,0.0781,1,1,0,4,0.0378,0.0235,1
NCRB-SYNTH-106532,High Court,Sec 439 CrPC (Regular Bail),2,2,1,0,1,0,0.218,0,33,0,1,0.0609,1,1.0409,168.62,0.0916,1,1,0,1,0.0863,0.1244,1
NCRB-SYNTH-106533,Trial Court,Sec 482 CrPC (Quashing),1,3,1,0,0,0,0.4274,0,11,1,1,0.0646,8,1.0222,159.01,0.0886,1,1,0,2,0.0327,0.0298,1
NCRB-SYNTH-106538,Trial Court,Sec 439 CrPC (Regular Bail),1,4,1,0,0,0,0.1116,0,43,0,0,0.0938,1,1.1507,40.75,0.1306,1,1,0,4,0.0132,0.0082,1
NCRB-SYNTH-106543,Trial Court,Writ Petition (Detention),1,5,2,0,0,0,0.1786,0,1,0,0,0.0306,3,1.2134,145.58,0.1297,1,1,0,4,0.058,0.0361,1
NCRB-SYNTH-106560,Trial Court,Sec 482 CrPC (Quashing),1,1,1,0,0,0,0.4195,0,29,0,0,0.08,5,1.0,175.8,0.0039,1,1,0,3,0.0334,0.0241,1
NCRB-SYNTH-106574,Trial Court,Trial Judgment,1,2,1,0,1,0,0.2798,1,30,1,1,0.0713,1,1.1807,41.02,0.0064,0,0,1,4,0.033,0.0205,1
NCRB-SYNTH-106577,Trial Court,Sec 482 CrPC (Quashing),1,2,2,0,0,1,0.395,0,15,1,1,0.0932,4,1.2286,44.47,0.1839,1,1,0,4,0.0497,0.0309,1
NCRB-SYNTH-106581,Trial Court,Writ Petition (Detention),7,3,1,0,0,0,0.3331,0,35,1,1,0.0742,2,1.0,138.43,0.1891,1,1,0,4,0.0891,0.0553,1
NCRB-SYNTH-106582,Trial Court,Sec 439 CrPC (Regular Bail),1,3,1,1,0,0,0.1537,0,36,1,1,0.0241,8,1.1769,121.62,0.0562,0,0,1,1,0.0225,0.0325,1
NCRB-SYNTH-106594,High Court,Sec 482 CrPC (Quashing),1,2,1,0,0,0,0.3343,0,9,0,0,0.0436,7,1.0285,106.6,0.0935,1,1,0,1,0.0555,0.0801,1
NCRB-SYNTH-106599,Trial Court,Sec 482 CrPC (Quashing),1,2,2,0,0,0,0.2767,0,42,0,0,0.0835,5,1.0211,74.11,0.015,1,1,0,4,0.0609,0.0378,1
NCRB-SYNTH-106609,High Court,Sec 482 CrPC (Quashing),15,4,1,0,0,0,0.4067,0,38,0,0,0.0,6,1.176,104.85,0.0979,0,0,1,1,0.094,0.1355,1
NCRB-SYNTH-106611,Trial Court,Trial Judgment,7,1,2,0,0,0,0.3649,0,12,1,1,0.0386,8,1.0727,171.26,0.155,0,0,1,2,0.0356,0.0324,1
NCRB-SYNTH-106637,Trial Court,Sec 439 CrPC (Regular Bail),1,3,1,0,0,0,0.1655,1,12,0,0,0.1055,6,1.073,127.88,0.0303,0,0,1,3,0.0101,0.0073,1
NCRB-SYNTH-106644,Trial Court,Sec 482 CrPC (Quashing),1,4,1,0,0,0,0.1219,1,46,1,0,0.0388,5,1.2124,146.24,0.0283,1,1,0,1,0.0893,0.1289,1
NCRB-SYNTH-106647,Trial Court,Sec 482 CrPC (Quashing),7,2,2,0,0,0,0.3982,0,52,0,1,0.0748,6,1.0713,93.52,0.1415,0,0,1,1,0.0196,0.0283,1
NCRB-SYNTH-106648,Trial Court,Sec 482 CrPC (Quashing),4,2,1,0,0,0,0.1259,0,28,0,0,0.022,9,1.3305,123.09,0.1664,1,1,0,1,0.0269,0.0388,1
NCRB-SYNTH-106650,Trial Court,Sec 439 CrPC (Regular Bail),2,4,1,1,0,0,0.3701,0,23,0,0,0.0979,4,1.2327,131.32,0.1206,1,1,0,4,0.0383,0.0238,1
NCRB-SYNTH-106652,Trial Court,Sec 482 CrPC (Quashing),1,4,1,0,0,0,0.2153,1,9,1,1,0.0479,9,1.0974,110.54,0.196,1,1,0,2,0.071,0.0646,1
NCRB-SYNTH-106665,Trial Court,Sec 439 CrPC (Regular Bail),1,1,2,0,0,0,0.3351,0,12,0,0,0.1186,7,1.0631,111.96,0.0091,1,1,0,3,0.0536,0.0387,1
NCRB-SYNTH-106676,Trial Court,Sec 482 CrPC (Quashing),1,5,1,1,0,0,0.1926,0,7,1,1,0.0174,1,1.1252,48.23,0.0488,1,1,0,1,0.0472,0.0681,1
NCRB-SYNTH-106683,Trial Court,Sec 482 CrPC (Quashing),7,1,2,0,0,0,0.3438,0,29,1,1,0.021,8,1.0262,55.7,0.0687,1,1,0,3,0.0783,0.0565,1
NCRB-SYNTH-106707,Trial Court,Sec 482 CrPC (Quashing),1,3,2,0,0,0,0.4022,1,1,0,0,0.0377,6,1.1423,92.71,0.072,1,1,0,4,0.0609,0.0379,1
NCRB-SYNTH-106710,Trial Court,Sec 482 CrPC (Quashing),27,5,1,0,0,0,0.3988,0,11,0,0,0.0258,7,1.1457,136.97,0.0933,1,1,0,3,0.0679,0.049,1
NCRB-SYNTH-106715,Trial Court,Sec 439 CrPC (Regular Bail),1,4,2,0,0,0,0.0928,0,1,1,1,0.041,2,1.384,86.44,0.1306,0,0,1,2,0.0927,0.0844,1
NCRB-SYNTH-106729,Trial Court,Sec 439 CrPC (Regular Bail),2,2,1,0,0,0,0.2876,1,5,0,1,0.0379,8,1.0922,82.13,0.1661,1,1,0,2,0.095,0.0865,1
NCRB-SYNTH-106733,Trial Court,Writ Petition (Detention),4,2,1,0,0,0,0.214,0,17,0,0,0.0,2,1.151,37.92,0.1063,1,1,0,2,0.0484,0.044,1
NCRB-SYNTH-106737,High Court,Sec 482 CrPC (Quashing),15,2,2,1,0,0,0.3018,1,41,0,0,0.057,3,1.1233,136.97,0.012,1,1,0,2,0.0888,0.0808,1
NCRB-SYNTH-106740,Trial Court,Sec 439 CrPC (Regular Bail),1,1,2,0,0,0,0.26,0,48,1,1,0.1092,8,1.0,36.2,0.048,1,1,0,1,0.0727,0.1048,1
NCRB-SYNTH-106744,Trial Court,Sec 482 CrPC (Quashing),4,3,1,0,0,0,0.4133,1,4,0,0,0.0008,7,1.0,118.58,0.123,0,0,1,3,0.0135,0.0097,1
NCRB-SYNTH-106746,Trial Court,Sec 482 CrPC (Quashing),1,3,1,1,0,0,0.1353,0,36,0,0,0.0545,7,1.0591,36.37,0.0078,1,1,0,3,0.0371,0.0267,1
NCRB-SYNTH-106749,High Court,Sec 482 CrPC (Quashing),1,1,1,0,0,0,0.2336,0,28,1,1,0.0508,9,1.3463,98.46,0.1866,0,0,1,3,0.0117,0.0085,1
NCRB-SYNTH-106759,Trial Court,Sec 439 CrPC (Regular Bail),1,2,2,0,0,0,0.3063,1,11,0,1,0.072,3,1.1234,48.48,0.1431,1,1,0,2,0.0804,0.0732,1
NCRB-SYNTH-106766,High Court,Sec 482 CrPC (Quashing),2,4,1,0,0,0,0.1591,1,2,0,0,0.0391,1,1.0098,155.92,0.1384,1,1,0,4,0.032,0.0199,1
NCRB-SYNTH-106767,Trial Court,Sec 439 CrPC (Regular Bail),2,4,2,0,0,0,0.2298,0,39,0,0,0.0535,6,1.0,51.93,0.074,1,1,0,1,0.0846,0.1221,1
NCRB-SYNTH-106769,Trial Court,Sec 439 CrPC (Regular Bail),1,3,2,0,0,0,0.3579,0,17,1,1,0.0255,5,1.0459,62.54,0.0804,1,1,0,2,0.0429,0.039,1
NCRB-SYNTH-106772,Trial Court,Sec 439 CrPC (Regular Bail),27,3,2,0,0,0,0.2536,0,33,0,0,0.0019,4,1.0348,132.69,0.0723,0,0,1,1,0.094,0.1356,1
NCRB-SYNTH-106779,Trial Court,Trial Judgment,1,5,2,0,0,0,0.2085,0,19,1,1,0.0304,9,1.3636,104.5,0.093,0,0,1,2,0.0523,0.0476,1
NCRB-SYNTH-106786,Trial Court,Sec 439 CrPC (Regular Bail),2,3,2,0,0,0,0.2161,0,28,0,0,0.0655,6,1.0,64.93,0.1194,1,1,0,4,0.0538,0.0334,1
NCRB-SYNTH-106787,Trial Court,Writ Petition (Detention),4,1,2,1,0,0,0.1055,1,10,0,0,0.032,3,1.0,64.64,0.046,1,1,0,4,0.0573,0.0356,1
NCRB-SYNTH-106789,Trial Court,Sec 482 CrPC (Quashing),7,1,1,0,0,0,0.168,0,26,0,0,0.0432,2,1.2834,108.76,0.1204,1,1,0,3,0.0254,0.0184,1
NCRB-SYNTH-106797,Trial Court,Writ Petition (Detention),1,5,1,0,0,0,0.4226,1,5,0,0,0.0068,1,1.3979,104.28,0.1604,1,1,0,3,0.0462,0.0334,1
NCRB-SYNTH-106818,Trial Court,Sec 482 CrPC (Quashing),4,5,1,0,0,0,0.3654,1,39,1,1,0.0719,9,1.0484,48.51,0.072,0,0,1,4,0.067,0.0416,1
NCRB-SYNTH-106819,Trial Court,Writ Petition (Detention),1,1,2,0,0,0,0.3819,0,12,0,0,0.0136,2,1.1587,141.79,0.0412,0,0,1,2,0.0881,0.0802,1
NCRB-SYNTH-106823,Trial Court,Sec 482 CrPC (Quashing),4,5,1,0,0,0,0.3858,1,35,1,1,0.007,2,1.2507,144.38,0.0833,0,0,1,1,0.0733,0.1057,1
NCRB-SYNTH-106824,Trial Court,Writ Petition (Detention),1,1,1,0,0,0,0.3554,1,8,1,1,0.0738,5,1.1144,119.05,0.1766,1,1,0,3,0.0464,0.0335,1
NCRB-SYNTH-106831,Trial Court,Sec 482 CrPC (Quashing),1,1,2,0,0,0,0.4108,0,27,1,1,0.0,3,1.1641,108.58,0.0223,1,1,0,1,0.0479,0.0692,1
NCRB-SYNTH-106834,Trial Court,Sec 439 CrPC (Regular Bail),1,3,1,1,0,0,0.147,1,9,1,1,0.0509,4,1.0487,118.3,0.0097,1,1,0,2,0.0713,0.0649,1
NCRB-SYNTH-106835,Trial Court,Sec 439 CrPC (Regular Bail),4,2,2,0,0,0,0.2463,0,12,0,1,0.0757,4,1.1938,57.86,0.084,1,1,0,4,0.0262,0.0163,1
NCRB-SYNTH-106840,Trial Court,Trial Judgment,7,1,2,0,0,0,0.2526,0,39,1,0,0.0734,4,1.0621,33.8,0.1292,0,0,1,1,0.0575,0.083,1
NCRB-SYNTH-106841,High Court,Sec 482 CrPC (Quashing),1,3,2,0,0,0,0.2875,0,33,1,1,0.0649,3,1.0219,136.87,0.0388,1,1,0,1,0.0773,0.1115,1
NCRB-SYNTH-106845,Trial Court,Sec 482 CrPC (Quashing),1,3,2,0,0,0,0.3376,0,18,1,1,0.0445,9,1.039,166.52,0.1529,1,1,0,4,0.0173,0.0107,1
NCRB-SYNTH-106852,Trial Court,Sec 482 CrPC (Quashing),1,1,1,0,0,0,0.2369,0,27,1,1,0.0288,7,1.2112,36.01,0.1857,1,1,0,1,0.0727,0.1049,1
NCRB-SYNTH-106853,Trial Court,Sec 482 CrPC (Quashing),4,2,2,0,0,0,0.304,1,28,1,1,0.1074,7,1.33,51.63,0.131,1,1,0,3,0.0347,0.025,1
NCRB-SYNTH-106859,Trial Court,Sec 482 CrPC (Quashing),1,4,1,0,0,0,0.3486,1,41,1,1,0.1057,8,1.1169,40.58,0.1236,1,1,0,1,0.0148,0.0214,1
NCRB-SYNTH-106862,Trial Court,Writ Petition (Detention),1,4,1,0,1,0,0.198,0,30,0,1,0.0173,7,1.0,46.44,0.1489,0,0,1,3,0.0699,0.0504,1
NCRB-SYNTH-106863,High Court,Sec 482 CrPC (Quashing),1,5,1,0,0,0,0.224,0,27,1,1,0.0003,9,1.0,70.06,0.0577,1,1,0,1,0.0854,0.1233,1
NCRB-SYNTH-106870,High Court,Sec 439 CrPC (Regular Bail),1,3,1,0,0,0,0.1429,1,34,1,1,0.0872,1,1.032,53.78,0.1262,1,1,0,1,0.0838,0.1209,1
NCRB-SYNTH-106875,Trial Court,Sec 439 CrPC (Regular Bail),2,2,2,0,0,0,0.3933,0,11,1,0,0.0321,8,1.2591,38.6,0.0614,1,1,0,4,0.0892,0.0554,1
NCRB-SYNTH-106885,Trial Court,Sec 482 CrPC (Quashing),1,1,2,0,0,0,0.193,1,8,1,0,0.0133,4,1.1623,167.52,0.1752,1,1,0,3,0.0767,0.0553,1
NCRB-SYNTH-106886,High Court,Sec 482 CrPC (Quashing),1,1,1,0,0,0,0.2525,0,3,1,0,0.0694,1,1.0003,175.91,0.0963,1,1,0,2,0.0101,0.0092,1
NCRB-SYNTH-106892,Trial Court,Sec 482 CrPC (Quashing),1,3,2,0,0,0,0.1327,0,42,0,0,0.0671,2,1.0291,116.04,0.1867,1,1,0,3,0.0294,0.0212,1
NCRB-SYNTH-106893,Trial Court,Writ Petition (Detention),1,3,1,0,0,1,0.2198,0,15,1,1,0.1014,9,1.0293,94.14,0.0037,1,1,0,2,0.0327,0.0298,1
NCRB-SYNTH-106896,Trial Court,Trial Judgment,2,4,2,0,0,0,0.2133,0,19,1,1,0.084,5,1.1218,96.95,0.0714,0,0,1,4,0.01,0.0062,1
NCRB-SYNTH-106909,Trial Court,Sec 439 CrPC (Regular Bail),1,1,1,0,0,0,0.1723,0,15,0,0,0.0687,2,1.0744,119.45,0.1306,1,1,0,3,0.0439,0.0317,1
NCRB-SYNTH-106912,High Court,Writ Petition (Detention),1,5,1,0,0,0,0.3216,0,41,0,0,0.087,6,1.0,110.62,0.0898,1,1,0,3,0.0319,0.023,1
NCRB-SYNTH-106918,Trial Court,Sec 482 CrPC (Quashing),2,3,1,1,0,0,0.3038,1,38,0,0,0.0404,3,1.0,53.04,0.0423,1,1,0,1,0.0612,0.0883,1
NCRB-SYNTH-106921,Trial Court,Sec 482 CrPC (Quashing),1,3,2,0,0,0,0.2939,0,14,0,0,0.041,9,1.0,136.48,0.1003,1,1,0,1,0.0135,0.0194,1
NCRB-SYNTH-106935,High Court,Sec 482 CrPC (Quashing),1,3,1,0,0,0,0.1354,0,17,0,0,0.0062,5,1.0663,90.64,0.0894,1,1,0,2,0.0172,0.0156,1
NCRB-SYNTH-106942,Trial Court,Trial Judgment,1,4,2,0,0,0,0.2298,0,45,1,1,0.0871,3,1.1364,172.9,0.0544,0,0,1,3,0.0619,0.0446,1
NCRB-SYNTH-106949,High Court,Sec 439 CrPC (Regular Bail),15,2,1,0,0,0,0.1886,0,41,1,1,0.0413,9,1.3813,46.53,0.1224,1,1,0,3,0.022,0.0158,1
NCRB-SYNTH-106960,Trial Court,Sec 482 CrPC (Quashing),2,1,1,0,0,0,0.2093,1,15,1,1,0.0458,4,1.1268,178.04,0.0164,1,1,0,4,0.0253,0.0157,1
NCRB-SYNTH-106963,Trial Court,Writ Petition (Detention),1,2,1,0,0,0,0.3407,0,17,1,1,0.0153,4,1.3737,157.86,0.1784,1,1,0,3,0.0429,0.0309,1
NCRB-SYNTH-106983,Trial Court,Sec 439 CrPC (Regular Bail),1,2,1,0,0,1,0.1783,0,2,0,0,0.0,8,1.2102,152.22,0.0882,0,0,1,4,0.0867,0.0539,1
NCRB-SYNTH-106991,Trial Court,Sec 482 CrPC (Quashing),2,4,2,0,0,0,0.3056,1,35,1,0,0.1059,5,1.0465,63.23,0.1175,1,1,0,2,0.0848,0.0772,1
NCRB-SYNTH-106995,Trial Court,Sec 482 CrPC (Quashing),1,2,1,0,0,0,0.2054,0,37,0,0,0.0139,2,1.0224,146.92,0.1947,0,0,1,1,0.0775,0.1117,1
NCRB-SYNTH-106998,Trial Court,Sec 482 CrPC (Quashing),2,5,2,0,0,0,0.1181,0,44,1,0,0.075,8,1.0564,31.81,0.1826,1,1,0,1,0.0687,0.0991,1
NCRB-SYNTH-107016,High Court,Sec 482 CrPC (Quashing),2,4,2,0,0,0,0.3091,0,13,0,0,0.0365,4,1.1697,144.86,0.0913,0,0,1,2,0.0185,0.0169,1
NCRB-SYNTH-107023,High Court,Sec 482 CrPC (Quashing),1,2,2,1,0,0,0.254,0,38,0,0,0.0638,4,1.0,121.6,0.0036,1,1,0,4,0.0148,0.0092,1
NCRB-SYNTH-107028,Trial Court,Sec 482 CrPC (Quashing),1,5,1,0,0,0,0.1586,0,7,0,0,0.0,8,1.3119,137.7,0.0267,1,1,0,1,0.0542,0.0783,1
NCRB-SYNTH-107045,High Court,Sec 482 CrPC (Quashing),1,2,2,0,0,0,0.2762,1,33,0,0,0.0241,9,1.1325,45.96,0.088,1,1,0,3,0.0416,0.03,1
NCRB-SYNTH-107051,High Court,Sec 482 CrPC (Quashing),1,1,2,0,0,0,0.3838,1,12,1,1,0.0031,2,1.1566,110.18,0.1132,1,1,0,1,0.0291,0.0419,1
NCRB-SYNTH-107053,Trial Court,Sec 482 CrPC (Quashing),1,3,1,0,0,0,0.3446,0,36,0,0,0.0247,8,1.0491,71.41,0.0354,1,1,0,2,0.0491,0.0447,1
NCRB-SYNTH-107059,Trial Court,Sec 439 CrPC (Regular Bail),1,5,2,0,0,0,0.2633,0,32,0,1,0.071,6,1.0,60.49,0.1847,0,0,1,1,0.0335,0.0483,1
NCRB-SYNTH-107060,High Court,Sec 482 CrPC (Quashing),1,5,2,0,0,0,0.1895,1,18,1,1,0.03,1,1.1549,68.56,0.0826,1,1,0,1,0.0844,0.1218,1
NCRB-SYNTH-107061,Trial Court,Sec 439 CrPC (Regular Bail),21,1,1,0,0,0,0.0891,0,16,0,0,0.0792,9,1.0938,152.84,0.0135,1,1,0,3,0.0926,0.0668,1
NCRB-SYNTH-107092,Trial Court,Sec 482 CrPC (Quashing),1,4,2,0,0,0,0.2213,0,34,1,1,0.0926,3,1.0723,157.18,0.1135,1,1,0,1,0.097,0.14,1
NCRB-SYNTH-107100,Trial Court,Sec 482 CrPC (Quashing),2,2,1,0,0,0,0.232,0,16,0,0,0.0268,5,1.136,172.69,0.0906,0,0,1,2,0.0897,0.0817,1
NCRB-SYNTH-107103,Trial Court,Sec 439 CrPC (Regular Bail),1,1,1,0,0,0,0.2991,0,35,1,1,0.0504,1,1.0016,159.82,0.1924,1,1,0,1,0.0114,0.0164,1
NCRB-SYNTH-107109,High Court,Sec 482 CrPC (Quashing),7,2,1,0,0,0,0.246,0,36,0,0,0.0348,6,1.1368,31.15,0.003,1,1,0,1,0.0247,0.0356,1
NCRB-SYNTH-107112,Trial Court,Sec 482 CrPC (Quashing),4,1,1,0,0,0,0.3559,0,11,0,0,0.0,6,1.1389,99.31,0.0177,1,1,0,1,0.0347,0.0501,1
NCRB-SYNTH-107116,High Court,Sec 482 CrPC (Quashing),1,1,1,0,0,0,0.3328,1,14,1,1,0.0248,3,1.1493,168.97,0.0615,1,1,0,4,0.0129,0.008,1
NCRB-SYNTH-107121,Trial Court,Writ Petition (Detention),2,3,1,0,0,0,0.197,1,5,0,0,0.0727,8,1.1613,42.18,0.0489,1,1,0,2,0.0782,0.0712,1
NCRB-SYNTH-107124,Trial Court,Sec 439 CrPC (Regular Bail),1,4,1,0,0,0,0.4023,0,32,0,0,0.0323,6,1.0806,35.65,0.1496,1,1,0,4,0.0354,0.022,1
NCRB-SYNTH-107130,Trial Court,Writ Petition (Detention),1,3,1,0,0,0,0.3434,0,9,0,0,0.0443,1,1.0763,58.25,0.157,1,1,0,3,0.0819,0.0591,1
NCRB-SYNTH-107137,Trial Court,Sec 482 CrPC (Quashing),4,5,1,0,1,0,0.3588,0,1,0,1,0.0911,6,1.0565,74.46,0.065,0,0,1,1,0.0465,0.067,1
NCRB-SYNTH-107141,Trial Court,Sec 482 CrPC (Quashing),1,4,1,0,0,0,0.1161,1,6,0,1,0.0,5,1.1686,106.35,0.0349,1,1,0,4,0.0317,0.0197,1
NCRB-SYNTH-107145,High Court,Sec 482 CrPC (Quashing),1,5,1,0,0,0,0.3646,0,29,0,0,0.0392,4,1.0,99.16,0.1452,1,1,0,3,0.049,0.0353,1
NCRB-SYNTH-107153,Trial Court,Sec 439 CrPC (Regular Bail),7,5,1,0,0,0,0.3961,0,38,1,1,0.0527,9,1.217,152.05,0.0696,1,1,0,3,0.0232,0.0167,1
NCRB-SYNTH-107154,High Court,Sec 482 CrPC (Quashing),1,4,2,0,0,0,0.2201,1,40,1,1,0.0144,4,1.2311,136.72,0.1183,1,1,0,3,0.0133,0.0096,1
NCRB-SYNTH-107167,Trial Court,Sec 482 CrPC (Quashing),1,3,1,1,0,0,0.1329,0,47,0,0,0.1013,2,1.2262,149.0,0.0009,1,1,0,4,0.0241,0.015,1
NCRB-SYNTH-107172,Trial Court,Writ Petition (Detention),1,5,2,0,0,0,0.3815,0,22,1,1,0.1074,8,1.0951,85.39,0.0095,1,1,0,3,0.0103,0.0074,1
NCRB-SYNTH-107177,Trial Court,Sec 482 CrPC (Quashing),1,3,2,0,0,0,0.3212,1,2,0,0,0.0384,4,1.2575,57.92,0.0866,1,1,0,3,0.0794,0.0572,1
NCRB-SYNTH-107186,Trial Court,Sec 482 CrPC (Quashing),1,3,2,0,0,0,0.3952,0,40,1,1,0.0207,4,1.0579,150.5,0.1818,1,1,0,4,0.0496,0.0308,1
NCRB-SYNTH-107199,Trial Court,Sec 482 CrPC (Quashing),4,1,1,0,0,0,0.1028,1,23,1,1,0.0887,5,1.0561,63.72,0.1252,1,1,0,2,0.0632,0.0576,1
NCRB-SYNTH-107200,Trial Court,Sec 482 CrPC (Quashing),2,5,2,0,0,0,0.0821,0,47,0,0,0.131,1,1.0,147.54,0.1073,1,1,0,4,0.0707,0.044,1
NCRB-SYNTH-107205,Trial Court,Sec 439 CrPC (Regular Bail),1,4,1,0,0,0,0.3156,1,4,1,1,0.074,6,1.2017,165.0,0.0365,1,1,0,2,0.086,0.0783,1
NCRB-SYNTH-107219,Trial Court,Sec 439 CrPC (Regular Bail),4,5,2,0,0,0,0.1363,0,41,0,1,0.0703,7,1.1385,52.91,0.1022,1,1,0,1,0.0434,0.0626,1
NCRB-SYNTH-107220,Trial Court,Sec 482 CrPC (Quashing),1,1,1,0,0,0,0.3461,0,14,0,0,0.0246,4,1.0354,115.31,0.1439,1,1,0,2,0.08,0.0729,1
NCRB-SYNTH-107221,Trial Court,Sec 482 CrPC (Quashing),2,1,1,0,0,0,0.1137,0,41,1,1,0.0027,6,1.0,92.24,0.0846,1,1,0,4,0.0921,0.0572,1
NCRB-SYNTH-107225,Trial Court,Sec 482 CrPC (Quashing),27,5,2,0,0,0,0.149,0,10,0,0,0.06,7,1.0,30.07,0.1275,1,1,0,1,0.0743,0.1072,1
NCRB-SYNTH-107226,Trial Court,Sec 482 CrPC (Quashing),1,3,1,0,1,0,0.4054,1,10,0,0,0.0173,3,1.1585,91.58,0.1204,1,1,0,4,0.057,0.0354,1
NCRB-SYNTH-107227,High Court,Sec 439 CrPC (Regular Bail),2,5,2,0,0,0,0.3413,1,24,0,0,0.0605,9,1.1105,101.84,0.1364,0,0,1,3,0.0623,0.045,1
NCRB-SYNTH-107229,High Court,Trial Judgment,2,5,2,0,0,1,0.3179,0,26,0,0,0.024,7,1.0,103.27,0.0922,1,1,0,1,0.0811,0.117,1
NCRB-SYNTH-107238,Trial Court,Sec 482 CrPC (Quashing),1,5,1,0,0,0,0.2598,0,38,0,0,0.0706,6,1.0,119.35,0.0257,1,1,0,2,0.0157,0.0143,1
NCRB-SYNTH-107242,Trial Court,Sec 482 CrPC (Quashing),1,2,2,0,1,0,0.0895,0,25,0,0,0.0291,8,1.0,156.55,0.039,0,0,1,3,0.0674,0.0486,1
NCRB-SYNTH-107248,Trial Court,Sec 482 CrPC (Quashing),1,5,1,0,0,0,0.2635,1,27,0,0,0.062,3,1.0,88.12,0.0205,0,0,1,3,0.096,0.0692,1
NCRB-SYNTH-107251,Trial Court,Sec 482 CrPC (Quashing),1,4,2,0,0,0,0.0791,0,12,1,1,0.0223,1,1.1338,38.28,0.0457,1,1,0,1,0.0168,0.0243,1
NCRB-SYNTH-107252,Trial Court,Sec 482 CrPC (Quashing),1,1,2,0,0,0,0.3735,0,11,1,0,0.0136,3,1.2441,166.71,0.1411,0,0,1,4,0.0673,0.0418,1
NCRB-SYNTH-107254,Trial Court,Sec 482 CrPC (Quashing),1,1,2,0,0,0,0.4008,0,14,1,1,0.0304,3,1.3833,144.62,0.0085,1,1,0,4,0.0968,0.0601,1
NCRB-SYNTH-107272,Trial Court,Sec 482 CrPC (Quashing),1,3,2,0,0,0,0.2411,0,7,0,0,0.0898,6,1.0,160.36,0.1721,1,1,0,3,0.0455,0.0328,1
NCRB-SYNTH-107276,Trial Court,Writ Petition (Detention),1,5,2,0,0,0,0.2838,1,39,0,0,0.1126,4,1.1483,106.5,0.1597,1,1,0,3,0.0697,0.0502,1
NCRB-SYNTH-107289,Trial Court,Sec 482 CrPC (Quashing),2,3,1,0,0,0,0.1303,1,42,1,1,0.0675,5,1.0,111.28,0.0499,1,1,0,2,0.0701,0.0638,1
NCRB-SYNTH-107296,Trial Court,Sec 482 CrPC (Quashing),1,1,1,0,0,0,0.3932,1,31,0,0,0.0635,3,1.1101,54.18,0.1378,1,1,0,4,0.0139,0.0087,1
NCRB-SYNTH-107304,High Court,Sec 439 CrPC (Regular Bail),1,5,2,0,0,0,0.2407,0,7,0,1,0.0341,1,1.1943,123.89,0.1887,1,1,0,3,0.0244,0.0176,1
NCRB-SYNTH-107306,High Court,Sec 439 CrPC (Regular Bail),21,5,1,1,0,0,0.3762,1,24,0,0,0.0,6,1.1374,109.13,0.0539,1,1,0,3,0.0744,0.0536,1
NCRB-SYNTH-107311,High Court,Trial Judgment,4,5,2,0,0,0,0.2834,0,19,0,1,0.0493,2,1.1185,173.18,0.1819,1,1,0,3,0.0269,0.0194,1
NCRB-SYNTH-107316,Trial Court,Writ Petition (Detention),2,5,1,0,0,1,0.139,1,3,0,0,0.0099,2,1.0,115.71,0.0389,1,1,0,4,0.0446,0.0277,1
NCRB-SYNTH-107320,Trial Court,Sec 482 CrPC (Quashing),1,1,2,0,0,0,0.1887,0,38,1,1,0.0666,4,1.241,177.12,0.1785,1,1,0,1,0.0744,0.1073,1
NCRB-SYNTH-107332,Trial Court,Sec 482 CrPC (Quashing),1,5,1,0,0,0,0.2075,0,4,0,0,0.0641,9,1.0539,94.28,0.0746,1,1,0,2,0.0617,0.0561,1
NCRB-SYNTH-107333,Trial Court,Sec 439 CrPC (Regular Bail),1,2,2,0,1,0,0.2125,0,29,0,0,0.0094,3,1.2016,100.7,0.1419,1,1,0,2,0.0442,0.0402,1
NCRB-SYNTH-107341,Trial Court,Sec 482 CrPC (Quashing),2,1,2,0,0,0,0.2602,1,16,0,0,0.0568,7,1.0757,98.21,0.0724,1,1,0,4,0.0173,0.0108,1
NCRB-SYNTH-107350,High Court,Writ Petition (Detention),1,2,2,0,0,0,0.3296,0,41,1,1,0.0864,5,1.3116,77.56,0.058,0,0,1,3,0.0663,0.0478,1
NCRB-SYNTH-107357,High Court,Sec 482 CrPC (Quashing),1,3,1,0,0,0,0.2746,1,19,1,1,0.0648,5,1.1611,149.15,0.106,1,1,0,1,0.0163,0.0235,1
NCRB-SYNTH-107358,High Court,Trial Judgment,7,5,1,0,0,0,0.3071,0,26,0,0,0.0673,6,1.0,178.14,0.0362,1,1,0,1,0.0835,0.1205,1
NCRB-SYNTH-107360,Trial Court,Sec 439 CrPC (Regular Bail),2,3,2,0,0,0,0.1936,1,3,1,1,0.077,2,1.0,129.26,0.1651,1,1,0,1,0.0129,0.0187,1
NCRB-SYNTH-107370,Trial Court,Sec 482 CrPC (Quashing),1,2,2,0,0,0,0.2754,0,33,1,1,0.0491,8,1.1584,37.6,0.1408,1,1,0,4,0.0891,0.0553,1
NCRB-SYNTH-107383,Trial Court,Sec 439 CrPC (Regular Bail),15,1,1,0,0,0,0.1528,1,31,0,0,0.0195,9,1.0509,60.13,0.0794,1,1,0,3,0.0877,0.0632,1
NCRB-SYNTH-107388,High Court,Writ Petition (Detention),15,3,2,0,0,0,0.1779,1,8,0,0,0.0301,7,1.1958,179.69,0.0159,1,1,0,3,0.0757,0.0546,1
NCRB-SYNTH-107398,Trial Court,Sec 482 CrPC (Quashing),15,1,1,0,0,0,0.2889,0,31,1,1,0.0639,7,1.106,32.28,0.051,1,1,0,3,0.089,0.0642,1
NCRB-SYNTH-107408,Trial Court,Sec 439 CrPC (Regular Bail),1,1,1,0,0,0,0.2493,0,4,0,1,0.0622,8,1.0,122.18,0.08,1,1,0,4,0.0338,0.021,1
NCRB-SYNTH-107436,Trial Court,Sec 482 CrPC (Quashing),2,5,1,0,0,0,0.2106,0,32,0,0,0.0686,4,1.2141,117.1,0.0059,0,0,1,1,0.052,0.075,1
NCRB-SYNTH-107455,Trial Court,Sec 482 CrPC (Quashing),2,5,1,0,1,0,0.3209,0,9,1,1,0.0509,4,1.2329,116.73,0.1687,1,1,0,2,0.0348,0.0317,1
NCRB-SYNTH-107456,Trial Court,Sec 439 CrPC (Regular Bail),1,4,1,0,0,0,0.3131,0,28,1,1,0.0465,8,1.2254,136.05,0.1497,1,1,0,2,0.0458,0.0417,1
NCRB-SYNTH-107463,High Court,Sec 482 CrPC (Quashing),1,5,2,0,0,0,0.1119,0,29,1,1,0.0561,8,1.0896,115.49,0.0024,1,1,0,4,0.0135,0.0084,1
NCRB-SYNTH-107473,Trial Court,Trial Judgment,1,1,2,0,0,0,0.1815,0,28,0,0,0.0842,7,1.1522,143.97,0.0519,1,1,0,2,0.0659,0.06,1
NCRB-SYNTH-107479,Trial Court,Sec 482 CrPC (Quashing),2,1,2,0,0,0,0.1818,1,22,0,0,0.0681,5,1.2653,113.47,0.0336,1,1,0,3,0.0999,0.0721,1
NCRB-SYNTH-107488,Trial Court,Sec 482 CrPC (Quashing),7,2,2,1,0,0,0.1004,0,1,1,1,0.0181,7,1.0,117.05,0.1242,1,1,0,2,0.0558,0.0508,1
NCRB-SYNTH-107495,Trial Court,Sec 482 CrPC (Quashing),15,1,1,0,0,0,0.2618,0,23,1,1,0.1254,9,1.0637,144.82,0.191,1,1,0,4,0.0607,0.0377,1
NCRB-SYNTH-107498,Trial Court,Sec 439 CrPC (Regular Bail),1,1,2,0,0,0,0.157,0,36,1,1,0.0,2,1.0189,138.9,0.0638,1,1,0,4,0.0395,0.0245,1
NCRB-SYNTH-107506,Trial Court,Sec 482 CrPC (Quashing),4,2,2,0,0,0,0.3058,0,17,0,1,0.0411,8,1.1583,130.81,0.0638,1,1,0,2,0.0825,0.0751,1
NCRB-SYNTH-107510,Trial Court,Sec 482 CrPC (Quashing),2,3,2,0,0,0,0.2002,0,16,0,1,0.077,7,1.1045,152.09,0.0568,1,1,0,2,0.0507,0.0462,1
NCRB-SYNTH-107512,High Court,Sec 482 CrPC (Quashing),4,5,2,0,0,0,0.1872,0,3,1,1,0.0,4,1.0549,81.5,0.1173,1,1,0,3,0.0889,0.0641,1
NCRB-SYNTH-107544,Trial Court,Sec 439 CrPC (Regular Bail),2,2,2,1,0,0,0.3041,0,37,1,1,0.0437,5,1.03,41.73,0.101,0,0,1,1,0.0995,0.1435,1
NCRB-SYNTH-107551,Trial Court,Sec 482 CrPC (Quashing),1,1,1,0,0,0,0.2228,0,34,0,0,0.1155,1,1.2632,51.98,0.1576,1,1,0,1,0.068,0.0982,1
NCRB-SYNTH-107566,High Court,Writ Petition (Detention),7,2,2,0,0,0,0.2608,0,28,0,0,0.0536,1,1.0,85.01,0.1773,1,1,0,3,0.0643,0.0464,1
NCRB-SYNTH-107567,High Court,Sec 482 CrPC (Quashing),7,5,2,0,0,0,0.2866,0,37,0,1,0.1003,8,1.1899,87.07,0.0662,1,1,0,3,0.0737,0.0532,1
NCRB-SYNTH-107579,Trial Court,Sec 482 CrPC (Quashing),1,5,2,0,0,0,0.2235,0,33,0,0,0.025,2,1.0,45.67,0.016,1,1,0,4,0.0949,0.059,1
NCRB-SYNTH-107594,High Court,Sec 482 CrPC (Quashing),15,1,1,0,0,0,0.1131,0,11,0,0,0.0392,6,1.2063,83.6,0.0613,1,1,0,3,0.0722,0.0521,1
NCRB-SYNTH-107596,Trial Court,Sec 482 CrPC (Quashing),1,2,1,0,0,1,0.1356,0,5,0,0,0.0026,3,1.076,97.4,0.1292,1,1,0,4,0.0692,0.043,1
NCRB-SYNTH-107599,Trial Court,Sec 439 CrPC (Regular Bail),7,4,1,0,0,1,0.2565,0,29,0,0,0.0474,1,1.0,169.1,0.0383,1,1,0,2,0.0139,0.0126,1
NCRB-SYNTH-107604,Trial Court,Writ Petition (Detention),7,5,2,0,0,0,0.2306,0,20,0,1,0.0711,9,1.228,40.45,0.0095,1,1,0,4,0.0267,0.0166,1
NCRB-SYNTH-107613,Trial Court,Writ Petition (Detention),1,2,1,0,0,0,0.348,0,22,0,0,0.0,2,1.1605,89.31,0.0821,1,1,0,1,0.0247,0.0356,1
NCRB-SYNTH-107619,Trial Court,Sec 482 CrPC (Quashing),7,5,1,0,0,0,0.3155,0,3,0,1,0.0282,3,1.0,150.0,0.1077,1,1,0,1,0.0495,0.0714,1
NCRB-SYNTH-107621,Trial Court,Trial Judgment,1,4,1,0,1,0,0.2822,0,38,0,0,0.0501,9,1.2141,148.13,0.169,1,1,0,4,0.0921,0.0572,1
NCRB-SYNTH-107627,Trial Court,Writ Petition (Detention),1,3,1,0,0,0,0.1629,1,8,0,1,0.0066,2,1.0312,61.52,0.149,1,1,0,3,0.0405,0.0292,1
NCRB-SYNTH-107629,Trial Court,Sec 439 CrPC (Regular Bail),4,1,1,0,0,1,0.1296,0,11,0,0,0.0553,4,1.1059,109.7,0.1546,1,1,0,2,0.0128,0.0117,1
NCRB-SYNTH-107634,Trial Court,Sec 439 CrPC (Regular Bail),21,1,1,0,0,0,0.1011,1,39,0,0,0.0284,5,1.0983,171.35,0.0647,1,1,0,1,0.0692,0.0999,1
NCRB-SYNTH-107669,High Court,Sec 482 CrPC (Quashing),7,2,2,0,0,0,0.3279,0,1,0,0,0.0656,2,1.0082,144.9,0.0516,1,1,0,2,0.0234,0.0213,1
NCRB-SYNTH-107673,Trial Court,Sec 482 CrPC (Quashing),1,5,1,0,0,0,0.3284,0,1,0,0,0.0443,3,1.0936,109.8,0.0365,1,1,0,4,0.0844,0.0524,1
NCRB-SYNTH-107678,Trial Court,Sec 482 CrPC (Quashing),15,5,1,0,0,0,0.2186,1,18,0,0,0.0063,3,1.253,57.39,0.1496,1,1,0,4,0.0851,0.0529,1
NCRB-SYNTH-107681,High Court,Sec 439 CrPC (Regular Bail),1,5,1,0,0,0,0.0854,0,24,1,1,0.1213,8,1.1148,148.15,0.1197,1,1,0,2,0.0685,0.0624,1
NCRB-SYNTH-107692,Trial Court,Sec 439 CrPC (Regular Bail),2,3,2,0,0,0,0.2717,0,31,1,1,0.0126,4,1.0,166.8,0.0783,0,0,1,3,0.0701,0.0506,1
NCRB-SYNTH-107695,Trial Court,Sec 439 CrPC (Regular Bail),4,2,1,0,0,0,0.3029,0,35,0,1,0.0662,7,1.0,147.6,0.0503,1,1,0,4,0.0675,0.0419,1
NCRB-SYNTH-107701,Trial Court,Sec 482 CrPC (Quashing),1,3,1,0,0,0,0.3382,0,12,0,0,0.0446,3,1.2297,33.22,0.0947,1,1,0,1,0.0404,0.0583,1
NCRB-SYNTH-107716,Trial Court,Sec 482 CrPC (Quashing),15,5,1,0,0,1,0.1093,1,31,0,0,0.0,9,1.1533,80.31,0.1339,1,1,0,1,0.0658,0.0949,1
NCRB-SYNTH-107718,Trial Court,Sec 482 CrPC (Quashing),2,2,2,0,0,0,0.2988,0,42,0,0,0.0485,1,1.2002,49.37,0.0537,1,1,0,2,0.0564,0.0514,1
NCRB-SYNTH-107720,High Court,Sec 482 CrPC (Quashing),1,3,1,0,0,0,0.3249,0,20,0,0,0.0881,6,1.0306,101.5,0.0934,1,1,0,4,0.0182,0.0113,1
NCRB-SYNTH-107722,Trial Court,Sec 482 CrPC (Quashing),21,5,1,0,0,0,0.3709,0,28,0,0,0.0199,8,1.0,99.18,0.0058,1,1,0,3,0.0997,0.0719,1
NCRB-SYNTH-107725,Trial Court,Sec 482 CrPC (Quashing),4,2,1,0,0,0,0.3124,0,5,1,1,0.0369,3,1.063,58.36,0.0725,0,0,1,4,0.0362,0.0225,1
NCRB-SYNTH-107729,Trial Court,Writ Petition (Detention),4,5,2,0,0,0,0.315,0,19,0,0,0.0434,7,1.0,84.86,0.1083,1,1,0,3,0.0716,0.0516,1
NCRB-SYNTH-107737,Trial Court,Sec 482 CrPC (Quashing),1,1,1,0,0,0,0.1028,0,43,0,0,0.0619,2,1.111,82.8,0.1471,1,1,0,3,0.0701,0.0506,1
NCRB-SYNTH-107758,Trial Court,Sec 482 CrPC (Quashing),2,5,1,0,1,0,0.162,0,10,1,1,0.0774,1,1.0753,118.83,0.1622,1,1,0,4,0.0374,0.0232,1
NCRB-SYNTH-107759,High Court,Sec 439 CrPC (Regular Bail),1,2,1,0,0,0,0.1728,0,12,0,0,0.0,5,1.1413,88.23,0.0319,0,0,1,2,0.078,0.071,1
NCRB-SYNTH-107779,Trial Court,Sec 482 CrPC (Quashing),2,1,1,0,0,0,0.133,1,28,0,1,0.0273,9,1.2103,172.83,0.0588,1,1,0,4,0.0467,0.029,1
NCRB-SYNTH-107783,Trial Court,Sec 439 CrPC (Regular Bail),1,5,2,0,0,0,0.2726,1,11,1,1,0.095,3,1.3233,73.21,0.1733,1,1,0,4,0.0943,0.0586,1
NCRB-SYNTH-107785,Trial Court,Sec 482 CrPC (Quashing),4,3,1,0,1,0,0.3206,0,41,0,1,0.0482,6,1.1106,77.04,0.0929,1,1,0,2,0.0872,0.0794,1
NCRB-SYNTH-107788,Trial Court,Sec 482 CrPC (Quashing),1,3,1,0,0,0,0.3556,0,9,1,1,0.1195,6,1.1964,128.45,0.1684,0,0,1,2,0.09,0.0819,1
NCRB-SYNTH-107797,High Court,Sec 482 CrPC (Quashing),1,3,2,0,0,0,0.3134,0,12,0,0,0.0622,3,1.0677,80.9,0.193,1,1,0,3,0.0285,0.0206,1
NCRB-SYNTH-107803,High Court,Sec 482 CrPC (Quashing),4,4,1,0,0,0,0.2132,0,16,0,0,0.0299,8,1.0,63.95,0.1241,1,1,0,1,0.0758,0.1094,1
NCRB-SYNTH-107808,Trial Court,Sec 482 CrPC (Quashing),4,1,1,0,0,0,0.3039,0,23,1,1,0.0552,9,1.0,85.88,0.0795,0,0,1,1,0.092,0.1327,1
NCRB-SYNTH-107818,Trial Court,Sec 439 CrPC (Regular Bail),4,5,1,0,0,0,0.2725,0,3,1,1,0.0622,5,1.0,68.85,0.1041,1,1,0,3,0.0647,0.0467,1
NCRB-SYNTH-107819,Trial Court,Sec 482 CrPC (Quashing),7,3,1,0,1,0,0.1247,0,8,1,1,0.0694,4,1.0,172.39,0.0131,1,1,0,2,0.0534,0.0486,1
NCRB-SYNTH-107826,Trial Court,Sec 482 CrPC (Quashing),2,5,1,0,0,0,0.1584,1,25,0,0,0.0,1,1.2399,168.81,0.0355,0,0,1,4,0.0251,0.0156,1
NCRB-SYNTH-107827,High Court,Writ Petition (Detention),1,2,1,0,0,0,0.1508,1,4,0,1,0.0428,6,1.2572,163.41,0.0917,1,1,0,3,0.0497,0.0359,1
NCRB-SYNTH-107834,Trial Court,Writ Petition (Detention),27,2,1,0,0,0,0.1722,0,23,0,0,0.0,6,1.1903,54.88,0.1181,1,1,0,1,0.05,0.0721,1
NCRB-SYNTH-107840,Trial Court,Writ Petition (Detention),2,3,2,0,0,0,0.0962,0,13,1,1,0.0811,6,1.1894,31.27,0.1788,1,1,0,2,0.0199,0.0181,1
NCRB-SYNTH-107866,Trial Court,Sec 482 CrPC (Quashing),1,3,2,0,0,0,0.276,1,12,0,0,0.0,5,1.1984,128.01,0.0725,1,1,0,1,0.085,0.1226,1
NCRB-SYNTH-107873,Trial Court,Sec 482 CrPC (Quashing),7,5,1,0,0,0,0.1531,0,37,0,1,0.0,3,1.0,159.01,0.081,1,1,0,2,0.0365,0.0333,1
NCRB-SYNTH-107874,Trial Court,Sec 482 CrPC (Quashing),1,5,2,0,0,0,0.2045,0,9,1,1,0.0724,8,1.0283,83.27,0.0361,1,1,0,1,0.035,0.0504,1
NCRB-SYNTH-107884,Trial Court,Sec 482 CrPC (Quashing),1,1,1,0,0,1,0.185,1,41,0,0,0.0498,7,1.0417,62.81,0.0446,1,1,0,4,0.0136,0.0085,1
NCRB-SYNTH-107900,Trial Court,Sec 482 CrPC (Quashing),15,2,1,0,0,0,0.3063,0,32,0,0,0.0966,5,1.2329,53.42,0.1728,1,1,0,1,0.0381,0.055,1
NCRB-SYNTH-107906,Trial Court,Writ Petition (Detention),7,3,1,0,0,0,0.3509,0,23,0,0,0.0206,2,1.1503,136.06,0.1816,0,0,1,2,0.0649,0.059,1
NCRB-SYNTH-107911,Trial Court,Sec 482 CrPC (Quashing),7,1,1,0,0,0,0.281,0,38,0,0,0.0475,6,1.0652,77.12,0.1761,1,1,0,2,0.0626,0.057,1
NCRB-SYNTH-107925,Trial Court,Sec 439 CrPC (Regular Bail),2,2,1,0,0,0,0.2521,0,3,1,1,0.0916,9,1.0732,138.36,0.1865,1,1,0,3,0.0932,0.0673,1
NCRB-SYNTH-107927,Trial Court,Sec 482 CrPC (Quashing),1,4,1,0,1,0,0.2252,0,41,0,0,0.0668,7,1.3704,161.26,0.0859,1,1,0,2,0.0363,0.0331,1
NCRB-SYNTH-107928,Trial Court,Sec 482 CrPC (Quashing),1,4,1,0,0,0,0.3888,0,8,1,0,0.0736,2,1.0,47.42,0.0494,1,1,0,4,0.0321,0.0199,1
NCRB-SYNTH-107943,Trial Court,Sec 482 CrPC (Quashing),1,2,1,0,0,0,0.2281,1,7,0,0,0.0459,3,1.1625,142.89,0.1768,1,1,0,2,0.0389,0.0354,1
NCRB-SYNTH-107949,Trial Court,Sec 439 CrPC (Regular Bail),2,1,2,0,0,0,0.2776,1,4,1,1,0.0927,4,1.1476,104.15,0.0829,1,1,0,3,0.075,0.0541,1
NCRB-SYNTH-107951,Trial Court,Trial Judgment,1,5,2,0,0,0,0.284,0,24,1,1,0.0268,2,1.2383,130.89,0.1213,0,0,1,1,0.0346,0.05,1
NCRB-SYNTH-107955,Trial Court,Sec 482 CrPC (Quashing),1,3,1,0,1,0,0.297,0,15,0,0,0.0761,6,1.0596,142.33,0.1839,1,1,0,3,0.0319,0.023,1
NCRB-SYNTH-107961,Trial Court,Sec 482 CrPC (Quashing),1,3,2,0,0,0,0.4139,0,25,0,0,0.0522,7,1.0775,171.97,0.1512,1,1,0,2,0.036,0.0328,1
NCRB-SYNTH-107970,Trial Court,Sec 482 CrPC (Quashing),2,4,1,0,0,0,0.3154,0,20,0,0,0.0709,3,1.0745,154.73,0.1466,0,0,1,3,0.0876,0.0632,1
NCRB-SYNTH-107971,Trial Court,Sec 482 CrPC (Quashing),15,5,1,0,0,0,0.3851,1,32,0,0,0.0008,3,1.0144,61.77,0.0018,1,1,0,2,0.0825,0.0751,1
NCRB-SYNTH-107974,Trial Court,Writ Petition (Detention),21,5,2,0,0,0,0.2381,0,41,1,1,0.0279,4,1.0674,60.78,0.0909,1,1,0,2,0.0879,0.08,1
NCRB-SYNTH-107977,High Court,Sec 482 CrPC (Quashing),2,2,2,0,0,0,0.2899,0,9,0,1,0.0412,9,1.1348,76.66,0.0238,1,1,0,3,0.0683,0.0493,1
NCRB-SYNTH-107999,High Court,Writ Petition (Detention),2,5,1,0,1,0,0.08,1,30,1,1,0.0725,7,1.0,178.52,0.0201,1,1,0,1,0.0746,0.1076,1
NCRB-SYNTH-108004,High Court,Sec 482 CrPC (Quashing),4,4,1,0,1,0,0.2183,0,28,1,0,0.0632,8,1.0,56.38,0.1489,1,1,0,1,0.0738,0.1065,1
NCRB-SYNTH-108020,Trial Court,Sec 439 CrPC (Regular Bail),2,3,2,0,0,0,0.3604,0,11,1,1,0.0862,2,1.0595,126.7,0.1159,1,1,0,1,0.0783,0.113,1
NCRB-SYNTH-108038,Trial Court,Sec 482 CrPC (Quashing),2,5,2,0,0,1,0.3806,0,23,0,1,0.0502,7,1.0,132.54,0.1315,1,1,0,3,0.0222,0.016,1
NCRB-SYNTH-108040,Trial Court,Writ Petition (Detention),1,5,2,0,0,0,0.2998,0,10,1,1,0.0798,4,1.0,40.29,0.0545,1,1,0,4,0.0487,0.0303,1
NCRB-SYNTH-108041,High Court,Sec 482 CrPC (Quashing),7,2,2,0,0,0,0.2131,0,26,0,0,0.0234,8,1.1454,115.29,0.0566,1,1,0,1,0.0828,0.1195,1
NCRB-SYNTH-108049,High Court,Trial Judgment,1,5,2,0,0,0,0.374,0,31,0,0,0.0,5,1.0169,72.44,0.0966,0,0,1,2,0.0658,0.0599,1
NCRB-SYNTH-108053,Trial Court,Writ Petition (Detention),1,1,1,0,0,0,0.1504,1,32,1,1,0.0555,7,1.0973,93.23,0.1521,0,0,1,1,0.0729,0.1051,1
NCRB-SYNTH-108063,Trial Court,Sec 482 CrPC (Quashing),2,3,1,1,0,0,0.4015,0,26,0,0,0.0726,7,1.0527,178.51,0.1862,1,1,0,2,0.0879,0.08,1
NCRB-SYNTH-108065,Trial Court,Sec 439 CrPC (Regular Bail),1,5,1,0,0,0,0.2567,0,15,0,0,0.0738,6,1.1929,69.65,0.0146,1,1,0,4,0.0941,0.0585,1
NCRB-SYNTH-108087,Trial Court,Sec 482 CrPC (Quashing),7,3,1,0,1,0,0.3954,0,35,1,1,0.0,2,1.0475,45.07,0.145,1,1,0,4,0.0764,0.0475,1
NCRB-SYNTH-108090,Trial Court,Sec 482 CrPC (Quashing),2,1,1,0,0,0,0.1377,1,22,0,0,0.0424,6,1.1134,119.99,0.1162,1,1,0,1,0.0422,0.0609,1
NCRB-SYNTH-108091,High Court,Sec 482 CrPC (Quashing),4,2,1,0,0,0,0.3712,0,26,0,1,0.0289,9,1.0839,41.95,0.1381,1,1,0,4,0.0576,0.0358,1
NCRB-SYNTH-108094,Trial Court,Sec 439 CrPC (Regular Bail),1,3,2,0,0,0,0.2017,0,9,0,1,0.019,9,1.0,34.23,0.0455,1,1,0,2,0.0521,0.0475,1
NCRB-SYNTH-108096,Trial Court,Trial Judgment,4,2,1,0,0,0,0.3391,0,22,0,0,0.0289,3,1.2074,94.17,0.0545,1,1,0,4,0.0113,0.0071,1
NCRB-SYNTH-108102,High Court,Sec 439 CrPC (Regular Bail),1,3,1,0,0,0,0.2804,0,40,0,0,0.0584,7,1.0,159.24,0.0964,1,1,0,1,0.0422,0.0609,1
NCRB-SYNTH-108113,Trial Court,Trial Judgment,15,1,1,0,1,0,0.1647,0,31,0,1,0.0,8,1.0,48.28,0.1791,0,0,1,3,0.0261,0.0189,1
NCRB-SYNTH-108128,Trial Court,Sec 482 CrPC (Quashing),4,5,2,0,0,1,0.2659,1,44,1,1,0.0542,6,1.2643,152.36,0.0613,1,1,0,1,0.0604,0.0871,1
NCRB-SYNTH-108129,Trial Court,Trial Judgment,1,4,1,1,0,0,0.3248,0,12,1,1,0.0457,5,1.0417,78.86,0.1222,1,1,0,4,0.072,0.0447,1
NCRB-SYNTH-108133,Trial Court,Sec 482 CrPC (Quashing),4,2,1,0,0,0,0.1951,0,28,1,1,0.1219,8,1.1475,167.02,0.136,1,1,0,2,0.0911,0.083,1
NCRB-SYNTH-108138,Trial Court,Trial Judgment,1,2,2,0,0,1,0.2119,0,5,0,0,0.0435,6,1.1883,37.32,0.0858,1,1,0,4,0.0172,0.0107,1
NCRB-SYNTH-108145,Trial Court,Sec 482 CrPC (Quashing),1,1,1,0,0,0,0.1245,0,17,0,0,0.0,2,1.0204,128.76,0.0345,1,1,0,3,0.0592,0.0427,1
NCRB-SYNTH-108148,Trial Court,Sec 439 CrPC (Regular Bail),1,2,2,0,0,0,0.2664,1,49,1,1,0.0728,3,1.1776,170.74,0.1492,1,1,0,3,0.0122,0.0088,1
NCRB-SYNTH-108154,Trial Court,Sec 482 CrPC (Quashing),4,5,2,0,0,0,0.2362,0,36,0,0,0.0503,4,1.0172,99.89,0.1786,1,1,0,4,0.0182,0.0113,1
NCRB-SYNTH-108161,Trial Court,Writ Petition (Detention),1,5,2,0,0,0,0.1178,0,17,0,0,0.0298,9,1.0,100.46,0.0535,1,1,0,3,0.0214,0.0154,1
NCRB-SYNTH-108184,Trial Court,Sec 482 CrPC (Quashing),1,3,1,0,0,1,0.2759,1,25,0,0,0.0341,1,1.2814,41.78,0.1725,1,1,0,3,0.0563,0.0406,1
NCRB-SYNTH-108188,Trial Court,Sec 482 CrPC (Quashing),1,5,1,0,0,0,0.3472,1,34,1,1,0.0152,7,1.0,128.88,0.0996,1,1,0,4,0.0933,0.058,1
NCRB-SYNTH-108191,Trial Court,Writ Petition (Detention),2,5,2,0,0,0,0.3351,0,15,0,0,0.039,3,1.0,47.75,0.186,1,1,0,1,0.073,0.1053,1
NCRB-SYNTH-108203,Trial Court,Trial Judgment,2,1,2,0,0,0,0.1842,0,4,1,1,0.051,9,1.0,178.02,0.067,1,1,0,3,0.0214,0.0155,1
NCRB-SYNTH-108221,Trial Court,Sec 482 CrPC (Quashing),1,4,1,0,0,0,0.2357,0,10,0,0,0.031,1,1.1675,169.91,0.0983,0,0,1,3,0.0949,0.0684,1
NCRB-SYNTH-108224,Trial Court,Trial Judgment,1,5,1,0,0,0,0.1076,0,10,1,1,0.0779,8,1.0445,145.65,0.1222,1,1,0,2,0.0637,0.058,1
NCRB-SYNTH-108249,Trial Court,Trial Judgment,4,4,1,0,0,0,0.3885,0,34,0,1,0.0464,3,1.2859,165.1,0.1647,0,0,1,2,0.0281,0.0256,1
NCRB-SYNTH-108251,Trial Court,Sec 482 CrPC (Quashing),1,5,1,1,0,0,0.1064,0,12,1,1,0.0736,2,1.1187,78.88,0.1385,0,0,1,4,0.0986,0.0613,1
NCRB-SYNTH-108252,Trial Court,Sec 482 CrPC (Quashing),1,4,2,0,0,0,0.1348,0,1,1,1,0.1013,2,1.1301,39.91,0.1948,1,1,0,2,0.0556,0.0506,1
NCRB-SYNTH-108256,High Court,Sec 482 CrPC (Quashing),4,4,1,0,0,0,0.2738,0,5,1,1,0.074,6,1.0962,128.31,0.164,1,1,0,3,0.02,0.0145,1
NCRB-SYNTH-108258,High Court,Sec 482 CrPC (Quashing),2,5,2,0,0,0,0.392,0,39,1,1,0.0258,5,1.0135,31.21,0.0489,0,0,1,1,0.0969,0.1398,1
NCRB-SYNTH-108282,Trial Court,Sec 482 CrPC (Quashing),4,3,1,0,0,0,0.237,0,38,0,0,0.0887,6,1.2553,62.89,0.0573,0,0,1,1,0.034,0.049,1
NCRB-SYNTH-108283,Trial Court,Sec 482 CrPC (Quashing),1,2,1,0,0,0,0.2441,0,27,0,0,0.0955,7,1.188,135.13,0.061,1,1,0,4,0.0915,0.0569,1
NCRB-SYNTH-108291,Trial Court,Sec 482 CrPC (Quashing),1,2,2,1,0,0,0.3815,0,3,0,0,0.0336,6,1.0173,179.75,0.0863,1,1,0,4,0.077,0.0479,1
NCRB-SYNTH-108317,Trial Court,Sec 482 CrPC (Quashing),1,1,1,0,0,0,0.3686,1,10,1,1,0.0586,1,1.0,176.96,0.1477,1,1,0,4,0.0186,0.0115,1
NCRB-SYNTH-108319,Trial Court,Sec 482 CrPC (Quashing),4,5,1,0,1,0,0.1671,1,31,1,1,0.0513,3,1.1598,161.48,0.1056,1,1,0,2,0.0399,0.0364,1
NCRB-SYNTH-108328,Trial Court,Writ Petition (Detention),2,4,2,0,0,0,0.2038,1,34,1,1,0.0542,9,1.0405,113.4,0.0613,1,1,0,3,0.0764,0.0551,1
NCRB-SYNTH-108329,High Court,Sec 439 CrPC (Regular Bail),1,4,2,0,0,0,0.1601,0,22,1,1,0.084,1,1.0,48.42,0.1433,1,1,0,2,0.0931,0.0847,1
NCRB-SYNTH-108337,High Court,Writ Petition (Detention),1,5,2,0,0,0,0.3076,1,6,0,0,0.0299,3,1.0,116.33,0.0977,0,0,1,3,0.0945,0.0682,1
NCRB-SYNTH-108345,Trial Court,Sec 482 CrPC (Quashing),1,3,2,0,0,0,0.2903,0,9,0,0,0.0395,9,1.0357,35.4,0.1164,1,1,0,4,0.0991,0.0616,1
NCRB-SYNTH-108353,Trial Court,Sec 482 CrPC (Quashing),1,4,2,0,0,0,0.3262,0,8,0,0,0.0314,9,1.0,146.11,0.1749,1,1,0,2,0.0326,0.0296,1
NCRB-SYNTH-108384,Trial Court,Sec 439 CrPC (Regular Bail),1,5,1,0,0,0,0.2807,0,13,1,1,0.0533,5,1.2404,42.26,0.1619,0,0,1,2,0.07,0.0637,1
NCRB-SYNTH-108387,Trial Court,Sec 482 CrPC (Quashing),2,1,1,0,0,0,0.3653,0,39,1,1,0.0706,1,1.0,75.99,0.0885,1,1,0,1,0.066,0.0953,1
NCRB-SYNTH-108393,High Court,Sec 482 CrPC (Quashing),1,2,2,0,0,0,0.115,0,39,0,0,0.0046,7,1.2025,114.4,0.0248,1,1,0,4,0.0165,0.0103,1
NCRB-SYNTH-108399,Trial Court,Sec 482 CrPC (Quashing),15,3,2,0,0,0,0.2814,0,25,0,1,0.0675,6,1.027,154.98,0.1065,1,1,0,4,0.0721,0.0448,1
NCRB-SYNTH-108400,Trial Court,Trial Judgment,1,2,2,0,0,0,0.2022,1,27,1,1,0.0,9,1.0934,129.45,0.0649,1,1,0,1,0.0806,0.1162,1
NCRB-SYNTH-108402,Trial Court,Trial Judgment,2,5,1,1,0,0,0.1136,0,7,0,0,0.0496,5,1.1328,137.28,0.0358,1,1,0,4,0.0875,0.0544,1
NCRB-SYNTH-108412,Trial Court,Sec 482 CrPC (Quashing),1,1,2,0,0,0,0.2402,0,15,1,1,0.026,5,1.0518,34.87,0.1313,0,0,1,1,0.0268,0.0386,1
NCRB-SYNTH-108428,Trial Court,Sec 439 CrPC (Regular Bail),1,3,1,0,0,0,0.3387,0,25,1,1,0.0736,8,1.0452,88.02,0.1222,1,1,0,1,0.0805,0.1161,1
NCRB-SYNTH-108434,Trial Court,Writ Petition (Detention),1,5,1,0,0,0,0.3847,0,21,0,0,0.0265,7,1.1158,156.4,0.1958,1,1,0,3,0.0665,0.048,1
NCRB-SYNTH-108435,Trial Court,Sec 482 CrPC (Quashing),1,4,2,0,0,0,0.2512,1,1,1,1,0.0433,8,1.0,111.84,0.1104,0,0,1,2,0.0652,0.0594,1
NCRB-SYNTH-108448,Trial Court,Sec 482 CrPC (Quashing),1,2,2,0,0,0,0.2351,1,21,1,1,0.0407,8,1.0,174.74,0.0377,0,0,1,1,0.0543,0.0783,1
NCRB-SYNTH-108455,Trial Court,Sec 482 CrPC (Quashing),1,5,1,0,0,0,0.2704,0,41,1,1,0.0532,1,1.1092,79.54,0.1569,1,1,0,3,0.0991,0.0715,1
NCRB-SYNTH-108459,Trial Court,Sec 439 CrPC (Regular Bail),1,1,2,0,0,0,0.387,0,18,0,0,0.0342,6,1.1831,92.25,0.0999,1,1,0,1,0.0857,0.1237,1
NCRB-SYNTH-108461,Trial Court,Trial Judgment,4,2,1,0,0,0,0.3779,0,33,1,1,0.0642,6,1.1201,146.4,0.1901,1,1,0,2,0.0795,0.0723,1
NCRB-SYNTH-108462,Trial Court,Writ Petition (Detention),1,1,2,0,0,0,0.1065,0,6,1,1,0.1057,4,1.084,96.74,0.0596,1,1,0,4,0.0335,0.0208,1
NCRB-SYNTH-108465,High Court,Sec 482 CrPC (Quashing),2,2,2,0,0,0,0.1251,0,44,1,1,0.033,3,1.0424,149.72,0.136,1,1,0,2,0.0109,0.0099,1
NCRB-SYNTH-108475,Trial Court,Sec 482 CrPC (Quashing),1,4,2,1,0,0,0.3152,0,12,0,0,0.0469,3,1.0685,150.22,0.1359,0,0,1,3,0.0138,0.0099,1
NCRB-SYNTH-108480,Trial Court,Sec 482 CrPC (Quashing),2,4,2,0,0,0,0.1279,1,29,0,0,0.041,9,1.0,35.28,0.0189,0,0,1,4,0.0879,0.0546,1
NCRB-SYNTH-108483,High Court,Trial Judgment,2,4,1,0,0,0,0.3394,1,30,0,1,0.0823,1,1.0121,55.47,0.0195,1,1,0,1,0.0173,0.0249,1
NCRB-SYNTH-108484,High Court,Sec 439 CrPC (Regular Bail),2,2,2,0,0,0,0.2447,0,36,0,0,0.0628,5,1.1155,173.79,0.1079,1,1,0,4,0.0843,0.0524,1
NCRB-SYNTH-108494,High Court,Sec 482 CrPC (Quashing),4,4,2,0,0,0,0.2133,1,4,0,0,0.0405,3,1.2394,60.29,0.1996,1,1,0,3,0.0736,0.0531,1
NCRB-SYNTH-108496,Trial Court,Sec 482 CrPC (Quashing),4,2,2,0,0,0,0.2258,1,39,0,0,0.0686,3,1.1472,52.11,0.0007,0,0,1,1,0.0543,0.0783,1
NCRB-SYNTH-108497,Trial Court,Sec 439 CrPC (Regular Bail),1,3,2,0,1,0,0.3803,0,1,0,1,0.1148,9,1.0024,74.81,0.0782,1,1,0,4,0.0876,0.0544,1
NCRB-SYNTH-108504,Trial Court,Sec 482 CrPC (Quashing),1,3,1,0,0,0,0.2704,1,32,1,1,0.0945,6,1.0,89.57,0.1866,1,1,0,4,0.0481,0.0299,1
NCRB-SYNTH-108509,High Court,Trial Judgment,1,1,1,0,0,0,0.1578,0,8,0,1,0.0585,1,1.2338,115.14,0.1996,0,0,1,2,0.0913,0.0831,1
NCRB-SYNTH-108517,Trial Court,Writ Petition (Detention),4,2,1,0,0,0,0.1043,0,42,0,0,0.0633,5,1.1776,151.1,0.049,1,1,0,2,0.0127,0.0115,1
NCRB-SYNTH-108518,Trial Court,Sec 482 CrPC (Quashing),1,5,1,0,0,0,0.3469,1,24,0,0,0.0468,3,1.1358,57.39,0.029,1,1,0,2,0.0668,0.0608,1
NCRB-SYNTH-108531,Trial Court,Writ Petition (Detention),2,1,2,0,0,0,0.1726,0,16,1,0,0.0217,7,1.064,124.49,0.0952,1,1,0,4,0.0457,0.0284,1
NCRB-SYNTH-108538,Trial Court,Sec 482 CrPC (Quashing),1,1,2,0,1,0,0.2417,0,44,0,0,0.0,8,1.1646,63.23,0.0456,1,1,0,2,0.0995,0.0905,1
NCRB-SYNTH-108540,Trial Court,Sec 482 CrPC (Quashing),1,1,1,1,0,0,0.327,0,28,1,1,0.049,4,1.0223,109.48,0.1668,1,1,0,3,0.0272,0.0196,1
NCRB-SYNTH-108551,High Court,Sec 482 CrPC (Quashing),1,3,1,0,0,0,0.2058,0,31,0,1,0.059,3,1.0324,91.46,0.0222,1,1,0,2,0.0722,0.0657,1
NCRB-SYNTH-108562,Trial Court,Sec 439 CrPC (Regular Bail),2,1,1,0,0,0,0.2045,0,6,0,0,0.0312,6,1.1454,80.9,0.1952,0,0,1,3,0.0367,0.0264,1
NCRB-SYNTH-108564,Trial Court,Sec 482 CrPC (Quashing),2,3,2,1,0,0,0.315,0,37,1,1,0.0,9,1.0755,36.34,0.1719,1,1,0,3,0.0774,0.0558,1
NCRB-SYNTH-108567,High Court,Sec 482 CrPC (Quashing),1,1,2,0,0,0,0.3809,0,37,0,0,0.0288,2,1.2723,56.73,0.1977,1,1,0,4,0.0164,0.0102,1
NCRB-SYNTH-108568,Trial Court,Sec 439 CrPC (Regular Bail),1,3,2,0,0,0,0.3165,0,6,0,0,0.0607,6,1.3222,106.04,0.1515,0,0,1,4,0.0168,0.0105,1
NCRB-SYNTH-108575,Trial Court,Sec 439 CrPC (Regular Bail),4,5,1,0,0,0,0.3884,1,7,0,0,0.1006,6,1.165,98.68,0.1307,1,1,0,4,0.0264,0.0164,1
NCRB-SYNTH-108583,Trial Court,Sec 482 CrPC (Quashing),1,3,2,0,0,0,0.3165,1,28,1,1,0.0724,1,1.2741,55.68,0.0537,1,1,0,2,0.0192,0.0175,1
NCRB-SYNTH-108587,Trial Court,Sec 439 CrPC (Regular Bail),1,4,1,0,0,0,0.168,1,10,0,0,0.0521,4,1.1904,115.9,0.1895,1,1,0,3,0.0239,0.0173,1
NCRB-SYNTH-108594,Trial Court,Trial Judgment,7,2,2,0,0,0,0.3411,1,23,0,0,0.0382,5,1.1797,120.79,0.0897,0,0,1,1,0.0159,0.023,1
NCRB-SYNTH-108603,Trial Court,Sec 482 CrPC (Quashing),27,2,1,0,0,0,0.0866,0,15,0,0,0.089,9,1.1277,93.89,0.121,1,1,0,1,0.0133,0.0191,1
NCRB-SYNTH-108610,High Court,Sec 482 CrPC (Quashing),1,2,2,0,0,0,0.2602,0,12,1,1,0.0743,4,1.4123,125.74,0.0509,1,1,0,1,0.0829,0.1196,1
NCRB-SYNTH-108612,High Court,Sec 482 CrPC (Quashing),1,1,2,0,0,0,0.2599,1,41,0,0,0.0402,8,1.2548,163.99,0.1584,0,0,1,3,0.0412,0.0297,1
NCRB-SYNTH-108613,Trial Court,Sec 482 CrPC (Quashing),1,1,2,0,1,0,0.3971,0,1,0,0,0.0392,2,1.0,74.64,0.0369,0,0,1,1,0.0417,0.0602,1
NCRB-SYNTH-108616,Trial Court,Sec 482 CrPC (Quashing),1,3,1,0,0,0,0.1739,1,11,0,1,0.0387,9,1.0852,108.99,0.045,1,1,0,3,0.0931,0.0672,1
NCRB-SYNTH-108617,Trial Court,Sec 482 CrPC (Quashing),4,5,2,0,0,0,0.2467,0,43,0,0,0.0333,3,1.0,161.47,0.1884,1,1,0,2,0.0278,0.0253,1
NCRB-SYNTH-108621,Trial Court,Trial Judgment,4,4,1,0,0,1,0.3253,0,1,1,1,0.0744,4,1.1664,129.46,0.0127,1,1,0,4,0.0143,0.0089,1
NCRB-SYNTH-108628,Trial Court,Sec 482 CrPC (Quashing),45,5,2,0,0,0,0.3504,0,24,0,0,0.0275,1,1.1167,141.11,0.0648,1,1,0,3,0.0512,0.0369,1
NCRB-SYNTH-108660,Trial Court,Sec 482 CrPC (Quashing),27,3,2,0,0,0,0.2138,0,32,1,1,0.0315,4,1.0,68.0,0.05,1,1,0,4,0.062,0.0385,1
NCRB-SYNTH-108671,Trial Court,Sec 439 CrPC (Regular Bail),1,1,2,0,0,0,0.2789,0,1,1,1,0.0693,7,1.0021,157.84,0.1792,1,1,0,3,0.0498,0.0359,1
NCRB-SYNTH-108697,Trial Court,Sec 482 CrPC (Quashing),15,3,2,0,0,0,0.3543,0,38,0,1,0.0759,5,1.0994,57.73,0.1115,1,1,0,1,0.0202,0.0291,1
NCRB-SYNTH-108701,Trial Court,Sec 482 CrPC (Quashing),1,3,1,0,0,0,0.1686,1,5,0,0,0.0375,1,1.1235,172.15,0.1127,1,1,0,4,0.0339,0.0211,1
NCRB-SYNTH-108715,Trial Court,Sec 482 CrPC (Quashing),1,2,2,0,0,1,0.3705,0,28,0,0,0.0605,4,1.1675,38.49,0.0024,1,1,0,4,0.0736,0.0457,1
NCRB-SYNTH-108719,Trial Court,Writ Petition (Detention),4,2,2,0,0,0,0.2858,0,15,0,0,0.0747,4,1.2117,91.04,0.1607,0,0,1,3,0.0656,0.0473,1
NCRB-SYNTH-108725,Trial Court,Trial Judgment,4,5,2,0,0,0,0.1446,1,38,1,1,0.0304,8,1.1928,57.62,0.1315,1,1,0,1,0.0597,0.0861,1
NCRB-SYNTH-108736,Trial Court,Sec 482 CrPC (Quashing),4,2,2,0,0,0,0.237,1,8,1,0,0.0595,3,1.1398,61.98,0.1579,0,0,1,3,0.0346,0.0249,1
NCRB-SYNTH-108755,High Court,Sec 439 CrPC (Regular Bail),1,1,1,0,0,0,0.266,0,17,1,1,0.0,9,1.2766,34.13,0.0329,1,1,0,4,0.0184,0.0115,1
NCRB-SYNTH-108756,Trial Court,Sec 482 CrPC (Quashing),1,4,2,0,0,0,0.3227,0,19,0,0,0.0779,7,1.1206,60.12,0.0168,1,1,0,2,0.0975,0.0887,1
NCRB-SYNTH-108764,Trial Court,Sec 439 CrPC (Regular Bail),1,4,1,0,0,0,0.1181,1,11,1,1,0.1084,9,1.1405,125.73,0.0015,1,1,0,2,0.0461,0.0419,1
NCRB-SYNTH-108775,Trial Court,Sec 482 CrPC (Quashing),1,3,2,0,0,0,0.1794,1,7,0,0,0.0367,6,1.163,156.44,0.0819,1,1,0,3,0.0256,0.0185,1
NCRB-SYNTH-108777,Trial Court,Sec 482 CrPC (Quashing),4,2,2,0,0,0,0.2158,0,32,1,0,0.0231,9,1.2152,173.28,0.1233,0,0,1,4,0.0749,0.0466,1
NCRB-SYNTH-108782,Trial Court,Trial Judgment,1,3,1,0,0,0,0.2676,0,17,0,0,0.0314,9,1.0393,42.16,0.1987,1,1,0,2,0.0726,0.0661,1
NCRB-SYNTH-108791,Trial Court,Sec 482 CrPC (Quashing),1,4,2,0,0,0,0.1319,1,36,0,1,0.005,4,1.0,62.62,0.1183,1,1,0,1,0.0578,0.0834,1
NCRB-SYNTH-108804,Trial Court,Sec 482 CrPC (Quashing),7,1,1,0,1,0,0.1749,0,10,1,1,0.0503,2,1.1358,95.79,0.0842,1,1,0,3,0.0131,0.0095,1
NCRB-SYNTH-108822,Trial Court,Writ Petition (Detention),2,2,2,0,0,0,0.2196,0,10,1,1,0.0234,6,1.1259,59.69,0.1566,1,1,0,4,0.012,0.0075,1
NCRB-SYNTH-108825,Trial Court,Sec 482 CrPC (Quashing),1,1,2,0,0,1,0.1506,0,24,0,0,0.0612,8,1.2292,110.67,0.1957,0,0,1,1,0.0922,0.133,1
NCRB-SYNTH-108835,Trial Court,Sec 439 CrPC (Regular Bail),15,2,1,0,0,0,0.2149,0,31,1,1,0.0835,7,1.0,124.8,0.1742,1,1,0,4,0.0691,0.043,1
NCRB-SYNTH-108839,Trial Court,Sec 439 CrPC (Regular Bail),1,4,1,0,0,0,0.2122,1,43,0,0,0.0253,6,1.1109,179.63,0.0986,1,1,0,1,0.0109,0.0158,1
NCRB-SYNTH-108842,Trial Court,Sec 482 CrPC (Quashing),2,3,1,0,0,0,0.279,1,23,0,0,0.0318,5,1.0164,88.23,0.0263,1,1,0,3,0.0902,0.0651,1
NCRB-SYNTH-108844,Trial Court,Trial Judgment,1,1,2,0,0,1,0.3927,0,28,0,0,0.0498,8,1.1574,138.69,0.005,0,0,1,2,0.0498,0.0453,1
NCRB-SYNTH-108847,Trial Court,Sec 482 CrPC (Quashing),1,4,1,0,0,1,0.3762,1,20,1,0,0.047,3,1.0584,123.9,0.0345,0,0,1,2,0.0178,0.0162,1
NCRB-SYNTH-108851,Trial Court,Sec 482 CrPC (Quashing),1,4,2,0,0,0,0.2769,1,1,0,0,0.0084,5,1.3163,94.24,0.1323,1,1,0,4,0.0377,0.0234,1
NCRB-SYNTH-108863,Trial Court,Sec 482 CrPC (Quashing),2,1,2,0,0,1,0.3906,0,22,0,0,0.0503,1,1.196,36.57,0.0651,0,0,1,1,0.0771,0.1112,1
NCRB-SYNTH-108871,Trial Court,Sec 482 CrPC (Quashing),4,2,1,0,0,0,0.3168,1,36,1,1,0.0299,6,1.1655,143.72,0.1977,1,1,0,2,0.0363,0.033,1
NCRB-SYNTH-108875,Trial Court,Sec 482 CrPC (Quashing),1,3,2,0,0,0,0.2741,1,18,1,1,0.0355,4,1.1946,100.58,0.0691,0,0,1,1,0.0375,0.0541,1
NCRB-SYNTH-108893,Trial Court,Sec 482 CrPC (Quashing),15,4,2,0,0,0,0.3597,0,24,0,0,0.0679,2,1.0281,53.7,0.0465,1,1,0,2,0.0799,0.0727,1
NCRB-SYNTH-108900,Trial Court,Trial Judgment,1,5,2,0,0,0,0.2616,0,32,0,0,0.0447,9,1.0,146.09,0.0444,1,1,0,2,0.0906,0.0825,1
NCRB-SYNTH-108902,High Court,Sec 482 CrPC (Quashing),4,5,2,0,0,0,0.3341,1,45,0,0,0.0803,9,1.1027,66.88,0.0668,1,1,0,2,0.0879,0.08,1
NCRB-SYNTH-108910,Trial Court,Sec 482 CrPC (Quashing),1,1,1,0,0,0,0.1675,0,38,1,1,0.0472,4,1.1077,167.4,0.0278,0,0,1,1,0.0231,0.0333,1
NCRB-SYNTH-108913,High Court,Writ Petition (Detention),2,3,2,0,0,0,0.3925,0,44,0,1,0.1029,8,1.0929,50.98,0.0392,1,1,0,3,0.0684,0.0494,1
NCRB-SYNTH-108930,Trial Court,Sec 482 CrPC (Quashing),1,3,1,0,0,0,0.2134,1,27,1,1,0.0166,5,1.0,109.33,0.0203,1,1,0,2,0.083,0.0756,1
NCRB-SYNTH-108938,Trial Court,Sec 482 CrPC (Quashing),7,5,1,0,0,0,0.4176,1,27,0,1,0.0375,8,1.2064,97.0,0.0445,1,1,0,1,0.066,0.0952,1
NCRB-SYNTH-108943,Trial Court,Writ Petition (Detention),1,2,2,0,1,0,0.2651,0,9,0,0,0.0512,4,1.0497,73.24,0.1481,1,1,0,4,0.0225,0.014,1
NCRB-SYNTH-108944,Trial Court,Sec 482 CrPC (Quashing),1,4,2,0,0,0,0.1187,0,15,1,1,0.0112,6,1.2385,168.02,0.1097,1,1,0,1,0.0643,0.0927,1
NCRB-SYNTH-108946,Trial Court,Sec 482 CrPC (Quashing),2,1,1,0,0,0,0.3623,0,3,1,1,0.0503,8,1.2161,133.86,0.0085,1,1,0,2,0.0396,0.0361,1
NCRB-SYNTH-108948,Trial Court,Sec 439 CrPC (Regular Bail),2,4,2,0,0,0,0.1466,1,22,1,0,0.1075,5,1.1547,149.98,0.0292,1,1,0,1,0.0474,0.0684,1
NCRB-SYNTH-108958,High Court,Trial Judgment,1,3,1,0,0,0,0.2118,0,16,1,1,0.0563,8,1.0,78.75,0.1314,1,1,0,2,0.0929,0.0846,1
NCRB-SYNTH-108960,Trial Court,Sec 482 CrPC (Quashing),1,2,1,0,0,0,0.3451,0,7,1,1,0.0524,4,1.0,141.6,0.1731,1,1,0,4,0.0705,0.0438,1
NCRB-SYNTH-108988,Trial Court,Sec 482 CrPC (Quashing),4,3,2,0,0,0,0.2535,0,3,1,1,0.035,5,1.1267,135.25,0.1998,1,1,0,4,0.0373,0.0232,1
NCRB-SYNTH-108998,Trial Court,Writ Petition (Detention),4,3,2,0,0,0,0.3654,1,17,1,1,0.0548,6,1.0,125.04,0.0775,1,1,0,1,0.0719,0.1037,1
NCRB-SYNTH-109000,Trial Court,Sec 439 CrPC (Regular Bail),4,4,1,0,0,0,0.2393,1,20,0,1,0.0867,2,1.1718,119.14,0.1199,1,1,0,3,0.0526,0.0379,1
NCRB-SYNTH-109001,High Court,Sec 482 CrPC (Quashing),1,5,1,1,0,0,0.366,0,31,0,0,0.0692,3,1.1901,78.38,0.0854,1,1,0,2,0.0769,0.07,1
NCRB-SYNTH-109022,Trial Court,Sec 482 CrPC (Quashing),2,3,2,0,0,0,0.3865,0,15,0,1,0.0486,1,1.2104,105.44,0.1892,0,0,1,3,0.0429,0.0309,1
NCRB-SYNTH-109029,Trial Court,Sec 482 CrPC (Quashing),4,4,1,0,0,0,0.4039,0,28,1,1,0.1424,7,1.0451,71.74,0.1737,0,0,1,2,0.0807,0.0734,1
NCRB-SYNTH-109043,Trial Court,Sec 439 CrPC (Regular Bail),1,2,1,0,0,0,0.2662,0,29,1,1,0.0453,7,1.0999,47.14,0.0246,1,1,0,4,0.0989,0.0615,1
NCRB-SYNTH-109049,High Court,Sec 482 CrPC (Quashing),2,4,2,0,0,0,0.3093,0,28,1,0,0.0806,5,1.1162,153.21,0.04,0,0,1,1,0.0884,0.1275,1
NCRB-SYNTH-109056,Trial Court,Sec 482 CrPC (Quashing),1,4,1,0,0,0,0.318,0,48,0,1,0.0984,3,1.1189,76.03,0.0528,1,1,0,2,0.0714,0.065,1
NCRB-SYNTH-109057,High Court,Sec 482 CrPC (Quashing),1,4,1,0,0,0,0.2761,0,18,0,1,0.082,4,1.0985,130.79,0.1347,1,1,0,2,0.0646,0.0588,1
NCRB-SYNTH-109061,Trial Court,Sec 482 CrPC (Quashing),21,2,2,0,1,0,0.3912,0,40,0,0,0.0994,5,1.209,80.73,0.1981,1,1,0,1,0.0429,0.0618,1
NCRB-SYNTH-109062,High Court,Sec 439 CrPC (Regular Bail),1,2,2,0,0,0,0.355,1,18,0,0,0.047,4,1.1423,109.49,0.0631,0,0,1,2,0.0708,0.0645,1
NCRB-SYNTH-109071,Trial Court,Sec 439 CrPC (Regular Bail),4,4,1,0,0,0,0.2411,0,10,0,0,0.0281,7,1.101,47.75,0.0136,1,1,0,1,0.0617,0.089,1
NCRB-SYNTH-109088,Trial Court,Sec 439 CrPC (Regular Bail),1,1,1,0,0,0,0.3166,0,21,1,1,0.0304,8,1.1859,151.03,0.0632,1,1,0,2,0.0906,0.0824,1
NCRB-SYNTH-109096,Trial Court,Sec 482 CrPC (Quashing),1,4,2,0,0,0,0.3744,1,21,1,1,0.0597,4,1.2364,112.5,0.0374,1,1,0,1,0.0981,0.1416,1
NCRB-SYNTH-109099,Trial Court,Sec 482 CrPC (Quashing),2,1,2,0,0,0,0.0901,1,19,1,0,0.0677,6,1.0971,136.85,0.1592,1,1,0,1,0.0905,0.1306,1
NCRB-SYNTH-109111,Trial Court,Sec 482 CrPC (Quashing),2,4,1,0,0,0,0.1671,1,5,1,1,0.0155,6,1.1941,47.12,0.0268,1,1,0,4,0.09,0.0559,1
NCRB-SYNTH-109118,Trial Court,Sec 482 CrPC (Quashing),1,3,1,0,0,0,0.2811,0,17,0,0,0.0206,8,1.0795,151.5,0.0876,0,0,1,2,0.0578,0.0526,1
NCRB-SYNTH-109119,Trial Court,Sec 439 CrPC (Regular Bail),1,2,1,0,0,0,0.3894,0,29,0,1,0.0765,6,1.0976,57.3,0.1822,0,0,1,4,0.0476,0.0296,1
NCRB-SYNTH-109120,Trial Court,Sec 482 CrPC (Quashing),1,5,2,0,0,0,0.3173,0,28,0,0,0.0496,5,1.2415,56.36,0.1085,1,1,0,1,0.0677,0.0977,1
NCRB-SYNTH-109121,Trial Court,Sec 482 CrPC (Quashing),1,5,1,0,0,0,0.1176,0,34,0,0,0.0351,7,1.0935,65.01,0.0953,0,0,1,1,0.0875,0.1262,1
NCRB-SYNTH-109124,Trial Court,Trial Judgment,7,2,1,0,0,0,0.2186,0,1,0,1,0.0654,2,1.0,80.29,0.0802,1,1,0,4,0.035,0.0217,1
NCRB-SYNTH-109126,Trial Court,Trial Judgment,1,4,1,0,0,0,0.3713,0,28,1,1,0.0267,8,1.1601,173.46,0.1888,1,1,0,3,0.033,0.0238,1
NCRB-SYNTH-109130,Trial Court,Sec 482 CrPC (Quashing),1,5,1,0,1,0,0.1425,0,31,0,0,0.0247,5,1.0479,81.05,0.1912,1,1,0,2,0.0762,0.0694,1
NCRB-SYNTH-109143,Trial Court,Writ Petition (Detention),1,4,2,1,0,0,0.19,0,22,0,0,0.02,7,1.0,85.53,0.159,1,1,0,4,0.0999,0.0621,1
NCRB-SYNTH-109157,Trial Court,Sec 482 CrPC (Quashing),4,5,1,0,0,0,0.1755,0,19,0,0,0.0465,8,1.0,144.67,0.0839,1,1,0,3,0.034,0.0245,1
NCRB-SYNTH-109161,Trial Court,Trial Judgment,1,1,1,0,0,0,0.3635,0,33,1,1,0.0561,7,1.2585,47.27,0.0239,1,1,0,1,0.0568,0.082,1
NCRB-SYNTH-109165,Trial Court,Sec 482 CrPC (Quashing),2,2,1,1,1,0,0.1273,1,30,0,0,0.0299,2,1.0488,104.96,0.0599,1,1,0,4,0.0407,0.0253,1
NCRB-SYNTH-109167,High Court,Trial Judgment,1,1,1,0,0,0,0.1513,0,5,0,0,0.0836,9,1.1028,50.46,0.1319,1,1,0,4,0.08,0.0497,1
NCRB-SYNTH-109172,Trial Court,Writ Petition (Detention),1,2,1,0,0,0,0.2194,0,14,0,0,0.0387,7,1.1001,87.12,0.198,1,1,0,1,0.0978,0.1411,1
NCRB-SYNTH-109189,Trial Court,Sec 482 CrPC (Quashing),1,1,1,0,1,0,0.369,0,13,0,0,0.0815,9,1.1484,66.64,0.0188,0,0,1,1,0.0529,0.0763,1
NCRB-SYNTH-109191,Trial Court,Sec 482 CrPC (Quashing),1,5,1,0,0,0,0.3647,1,28,0,0,0.1023,6,1.271,88.76,0.1475,1,1,0,4,0.0482,0.03,1
NCRB-SYNTH-109193,Trial Court,Sec 482 CrPC (Quashing),2,1,1,0,0,0,0.1231,0,16,1,0,0.0563,5,1.0381,121.37,0.1557,0,0,1,4,0.0888,0.0552,1
NCRB-SYNTH-109198,High Court,Trial Judgment,7,2,1,0,0,0,0.2424,0,20,0,0,0.0096,4,1.0899,125.99,0.1993,0,0,1,2,0.096,0.0874,1
NCRB-SYNTH-109201,Trial Court,Sec 482 CrPC (Quashing),1,4,2,0,0,0,0.1401,0,1,1,1,0.0236,1,1.1599,43.09,0.1445,1,1,0,3,0.0742,0.0535,1
NCRB-SYNTH-109205,Trial Court,Sec 482 CrPC (Quashing),1,5,2,0,0,0,0.1104,1,12,0,1,0.0097,4,1.1887,109.69,0.125,1,1,0,2,0.0303,0.0276,1
NCRB-SYNTH-109211,High Court,Sec 482 CrPC (Quashing),7,5,2,0,0,0,0.1934,0,32,1,1,0.0253,5,1.0166,142.33,0.1433,0,0,1,4,0.0404,0.0251,1
NCRB-SYNTH-109212,Trial Court,Sec 439 CrPC (Regular Bail),1,4,1,0,0,0,0.0983,0,21,0,1,0.0414,2,1.0859,110.26,0.0879,1,1,0,1,0.0504,0.0728,1
NCRB-SYNTH-109218,Trial Court,Sec 482 CrPC (Quashing),45,3,2,0,0,0,0.3732,0,25,1,1,0.0713,7,1.115,85.79,0.1489,1,1,0,2,0.0185,0.0168,1
NCRB-SYNTH-109225,High Court,Sec 439 CrPC (Regular Bail),4,3,2,0,0,0,0.2337,1,12,0,0,0.0045,5,1.2365,71.6,0.0376,1,1,0,3,0.0438,0.0316,1
NCRB-SYNTH-109226,Trial Court,Sec 482 CrPC (Quashing),2,3,2,0,0,0,0.1924,0,43,1,1,0.0397,7,1.1031,53.79,0.1493,0,0,1,3,0.0961,0.0693,1
NCRB-SYNTH-109228,Trial Court,Sec 482 CrPC (Quashing),4,5,1,0,0,0,0.2286,0,43,1,0,0.0967,2,1.1512,73.52,0.1321,1,1,0,2,0.0337,0.0307,1
NCRB-SYNTH-109233,Trial Court,Sec 482 CrPC (Quashing),1,5,2,0,0,0,0.3824,1,10,0,0,0.0746,4,1.0,54.26,0.152,1,1,0,1,0.0169,0.0244,1
NCRB-SYNTH-109246,Trial Court,Sec 482 CrPC (Quashing),1,5,1,0,0,0,0.2242,1,1,0,0,0.0373,6,1.0292,107.24,0.1222,1,1,0,4,0.0263,0.0164,1
NCRB-SYNTH-109282,High Court,Sec 482 CrPC (Quashing),21,2,1,0,0,0,0.1769,0,42,0,0,0.0698,7,1.1192,93.81,0.0893,1,1,0,1,0.06,0.0866,1
NCRB-SYNTH-109295,Trial Court,Trial Judgment,7,1,1,0,0,0,0.2398,0,1,0,0,0.0478,3,1.256,114.64,0.1076,1,1,0,3,0.0862,0.0622,1
NCRB-SYNTH-109296,Trial Court,Writ Petition (Detention),1,2,1,0,0,0,0.2529,1,30,1,1,0.0245,5,1.2028,89.18,0.0807,0,0,1,2,0.0374,0.0341,1
NCRB-SYNTH-109297,Trial Court,Sec 482 CrPC (Quashing),7,4,2,0,0,0,0.1247,0,37,0,0,0.0158,7,1.0089,79.58,0.026,1,1,0,3,0.0699,0.0504,1
NCRB-SYNTH-109299,Trial Court,Sec 482 CrPC (Quashing),2,4,1,0,0,0,0.2247,0,8,0,1,0.1131,3,1.0032,126.4,0.1712,0,0,1,1,0.0703,0.1015,1
NCRB-SYNTH-109322,High Court,Sec 482 CrPC (Quashing),1,2,2,0,0,0,0.2301,0,21,0,0,0.0904,6,1.0113,102.17,0.101,1,1,0,3,0.0735,0.053,1
NCRB-SYNTH-109326,Trial Court,Sec 439 CrPC (Regular Bail),2,4,1,0,0,0,0.145,1,40,1,0,0.0194,6,1.0533,152.48,0.0686,1,1,0,4,0.0647,0.0402,1
NCRB-SYNTH-109338,Trial Court,Sec 439 CrPC (Regular Bail),1,5,1,0,0,0,0.1671,0,4,1,1,0.0403,6,1.2128,131.71,0.0434,0,0,1,1,0.0825,0.119,1
NCRB-SYNTH-109346,Trial Court,Writ Petition (Detention),2,3,2,0,0,0,0.1615,1,2,1,1,0.0,1,1.0,100.99,0.0128,1,1,0,2,0.0145,0.0132,1
NCRB-SYNTH-109348,Trial Court,Sec 482 CrPC (Quashing),15,1,2,0,0,0,0.3969,0,3,0,0,0.0,9,1.2081,160.94,0.1375,1,1,0,3,0.0801,0.0578,1
NCRB-SYNTH-109350,High Court,Sec 482 CrPC (Quashing),2,5,1,0,0,0,0.1873,0,12,0,0,0.112,4,1.0,85.85,0.152,1,1,0,3,0.0625,0.0451,1
NCRB-SYNTH-109353,Trial Court,Sec 482 CrPC (Quashing),2,1,1,0,0,1,0.3314,0,30,0,0,0.0477,6,1.2012,92.86,0.122,1,1,0,2,0.0408,0.0371,1
NCRB-SYNTH-109359,Trial Court,Sec 482 CrPC (Quashing),4,4,1,0,0,0,0.148,0,10,0,0,0.0798,3,1.0839,78.1,0.003,1,1,0,2,0.0868,0.079,1
NCRB-SYNTH-109374,Trial Court,Sec 439 CrPC (Regular Bail),1,2,1,0,0,0,0.1575,1,1,0,1,0.0034,3,1.0321,55.36,0.1418,0,0,1,4,0.083,0.0516,1
NCRB-SYNTH-109379,High Court,Sec 482 CrPC (Quashing),1,4,1,0,0,0,0.2983,0,18,0,0,0.0854,7,1.0042,51.04,0.1725,1,1,0,2,0.0341,0.0311,1
NCRB-SYNTH-109386,Trial Court,Sec 482 CrPC (Quashing),2,4,2,0,0,0,0.3684,0,26,0,0,0.0286,1,1.0,109.41,0.0469,1,1,0,3,0.0693,0.05,1
NCRB-SYNTH-109387,Trial Court,Sec 482 CrPC (Quashing),7,2,2,0,0,1,0.3824,0,38,1,1,0.0464,8,1.0,51.22,0.0575,1,1,0,2,0.0662,0.0602,1
NCRB-SYNTH-109391,Trial Court,Sec 482 CrPC (Quashing),1,1,1,0,0,0,0.1122,1,7,1,1,0.0499,9,1.0,66.7,0.0721,1,1,0,4,0.0617,0.0384,1
NCRB-SYNTH-109392,Trial Court,Sec 482 CrPC (Quashing),2,1,2,1,1,0,0.2059,0,21,1,1,0.1322,8,1.1331,72.05,0.0748,1,1,0,1,0.0539,0.0777,1
NCRB-SYNTH-109421,High Court,Sec 482 CrPC (Quashing),1,2,2,0,0,0,0.4024,0,24,0,0,0.0607,6,1.0,35.32,0.0525,1,1,0,4,0.0282,0.0175,1
NCRB-SYNTH-109425,Trial Court,Sec 439 CrPC (Regular Bail),1,1,2,0,0,0,0.3876,1,32,0,0,0.0451,6,1.1144,76.69,0.0828,1,1,0,4,0.0572,0.0355,1
NCRB-SYNTH-109447,High Court,Sec 482 CrPC (Quashing),4,1,1,0,0,0,0.2084,0,15,0,0,0.0537,7,1.0078,36.92,0.1919,1,1,0,4,0.0628,0.039,1
NCRB-SYNTH-109455,Trial Court,Sec 482 CrPC (Quashing),1,2,2,0,0,0,0.1019,1,18,0,0,0.0,9,1.1644,85.59,0.0815,0,0,1,3,0.0119,0.0086,1
NCRB-SYNTH-109458,Trial Court,Sec 439 CrPC (Regular Bail),1,4,1,0,0,0,0.2709,0,31,1,0,0.0629,7,1.0,135.33,0.0808,1,1,0,3,0.0484,0.0349,1
NCRB-SYNTH-109466,High Court,Sec 439 CrPC (Regular Bail),4,1,1,0,0,0,0.1524,0,34,0,0,0.0,1,1.1209,167.4,0.1765,0,0,1,3,0.0466,0.0336,1
NCRB-SYNTH-109467,Trial Court,Sec 482 CrPC (Quashing),1,3,2,0,0,0,0.1972,0,18,0,0,0.0188,5,1.0,98.37,0.0814,1,1,0,2,0.0261,0.0238,1
NCRB-SYNTH-109468,Trial Court,Sec 482 CrPC (Quashing),2,1,1,0,0,0,0.1014,1,17,0,0,0.0349,3,1.0532,90.86,0.1967,1,1,0,3,0.0476,0.0343,1
NCRB-SYNTH-109473,Trial Court,Sec 439 CrPC (Regular Bail),1,4,2,0,0,0,0.2858,0,30,0,0,0.1031,1,1.1286,141.29,0.1238,0,0,1,3,0.0224,0.0162,1
NCRB-SYNTH-109475,High Court,Sec 482 CrPC (Quashing),1,1,2,0,0,0,0.2092,1,27,1,1,0.0834,2,1.0,44.97,0.1524,1,1,0,1,0.0289,0.0418,1
NCRB-SYNTH-109477,Trial Court,Sec 482 CrPC (Quashing),1,5,1,0,0,0,0.2134,1,27,0,0,0.0946,8,1.0509,61.58,0.1278,1,1,0,3,0.0707,0.051,1
NCRB-SYNTH-109478,Trial Court,Sec 482 CrPC (Quashing),2,4,1,0,1,0,0.2995,1,16,0,0,0.0366,9,1.2394,37.3,0.1285,1,1,0,2,0.0481,0.0438,1
NCRB-SYNTH-109485,Trial Court,Trial Judgment,7,5,2,0,0,0,0.306,1,11,0,0,0.0793,5,1.2836,102.2,0.0097,1,1,0,2,0.0632,0.0575,1
NCRB-SYNTH-109499,Trial Court,Writ Petition (Detention),4,4,1,0,0,0,0.1636,0,10,0,0,0.0802,7,1.201,136.82,0.1756,1,1,0,2,0.0886,0.0807,1
NCRB-SYNTH-109504,Trial Court,Sec 482 CrPC (Quashing),1,1,1,0,0,0,0.1456,1,35,0,1,0.0864,5,1.0173,138.56,0.1155,1,1,0,1,0.0378,0.0545,1
NCRB-SYNTH-109523,Trial Court,Sec 482 CrPC (Quashing),1,4,2,0,0,0,0.3561,0,32,0,0,0.1012,5,1.0,62.49,0.0422,1,1,0,4,0.0995,0.0618,1
NCRB-SYNTH-109527,High Court,Sec 439 CrPC (Regular Bail),1,4,2,0,0,0,0.2983,0,23,1,1,0.0876,5,1.1438,172.88,0.0532,1,1,0,4,0.0367,0.0228,1
NCRB-SYNTH-109529,Trial Court,Sec 482 CrPC (Quashing),4,5,1,0,0,0,0.1523,0,19,0,0,0.1564,6,1.0128,42.0,0.1553,1,1,0,1,0.0684,0.0986,1
NCRB-SYNTH-109530,Trial Court,Sec 439 CrPC (Regular Bail),15,3,2,0,1,0,0.2146,0,22,0,1,0.0309,9,1.0,94.38,0.183,1,1,0,2,0.0707,0.0643,1
NCRB-SYNTH-109532,High Court,Sec 482 CrPC (Quashing),1,3,1,0,1,0,0.084,1,25,1,1,0.0141,2,1.1023,85.8,0.0018,1,1,0,4,0.0595,0.037,1
NCRB-SYNTH-109550,Trial Court,Sec 482 CrPC (Quashing),4,1,2,1,1,0,0.2814,1,8,0,0,0.0,7,1.3042,144.3,0.0289,1,1,0,1,0.0204,0.0294,1
NCRB-SYNTH-109552,Trial Court,Sec 439 CrPC (Regular Bail),4,4,2,0,0,0,0.2907,0,28,1,1,0.1051,2,1.0,61.55,0.0653,1,1,0,1,0.0487,0.0702,1
NCRB-SYNTH-109568,Trial Court,Writ Petition (Detention),2,1,1,0,0,0,0.2837,0,1,0,0,0.1018,4,1.2501,89.24,0.0845,1,1,0,2,0.0937,0.0853,1
NCRB-SYNTH-109585,Trial Court,Trial Judgment,1,5,2,1,1,0,0.1609,0,26,0,0,0.0,4,1.028,86.13,0.1992,1,1,0,3,0.0691,0.0499,1
NCRB-SYNTH-109613,Trial Court,Sec 439 CrPC (Regular Bail),1,5,1,0,0,0,0.1648,0,4,0,0,0.1166,2,1.0,175.52,0.1237,1,1,0,2,0.0154,0.014,1
NCRB-SYNTH-109615,Trial Court,Trial Judgment,4,4,2,0,0,0,0.3104,0,37,0,0,0.1223,5,1.1306,108.37,0.1421,1,1,0,3,0.0681,0.0491,1
NCRB-SYNTH-109616,Trial Court,Sec 439 CrPC (Regular Bail),2,5,2,0,0,0,0.2212,0,16,0,0,0.0209,2,1.0,101.08,0.1552,1,1,0,1,0.0189,0.0273,1
NCRB-SYNTH-109618,High Court,Sec 439 CrPC (Regular Bail),1,4,2,0,0,0,0.2586,0,29,0,0,0.0633,3,1.1355,174.58,0.1906,1,1,0,4,0.0715,0.0444,1
NCRB-SYNTH-109628,Trial Court,Sec 482 CrPC (Quashing),7,1,2,0,0,0,0.3521,0,18,0,1,0.1198,8,1.0,37.92,0.17,0,0,1,4,0.0318,0.0198,1
NCRB-SYNTH-109637,Trial Court,Sec 482 CrPC (Quashing),1,4,2,0,0,0,0.1194,1,20,1,0,0.0344,7,1.1557,44.65,0.0768,1,1,0,3,0.038,0.0274,1
NCRB-SYNTH-109657,Trial Court,Sec 482 CrPC (Quashing),4,4,1,0,0,0,0.1326,0,6,0,0,0.0398,2,1.1509,176.88,0.01,0,0,1,3,0.023,0.0166,1
NCRB-SYNTH-109677,Trial Court,Sec 482 CrPC (Quashing),1,2,1,0,1,0,0.2943,0,33,1,0,0.0107,9,1.0861,47.95,0.0283,1,1,0,1,0.0873,0.126,1
NCRB-SYNTH-109691,Trial Court,Sec 439 CrPC (Regular Bail),1,4,2,0,0,0,0.261,0,32,0,1,0.0061,4,1.0,133.56,0.1056,1,1,0,4,0.0548,0.034,1
NCRB-SYNTH-109712,Trial Court,Sec 482 CrPC (Quashing),2,3,2,0,0,0,0.2857,0,13,0,1,0.059,4,1.1751,98.2,0.1325,1,1,0,3,0.0977,0.0705,1
NCRB-SYNTH-109726,Trial Court,Writ Petition (Detention),1,4,2,0,0,0,0.3157,0,14,0,0,0.0367,2,1.0,31.02,0.1825,1,1,0,3,0.0316,0.0228,1
NCRB-SYNTH-109743,Trial Court,Sec 439 CrPC (Regular Bail),1,1,1,0,0,0,0.1725,0,23,1,1,0.1024,4,1.14,158.79,0.1425,1,1,0,2,0.0562,0.0512,1
NCRB-SYNTH-109750,Trial Court,Trial Judgment,27,5,1,0,0,0,0.3275,0,42,1,1,0.0769,9,1.0,157.1,0.0747,1,1,0,1,0.0398,0.0574,1
NCRB-SYNTH-109758,Trial Court,Sec 439 CrPC (Regular Bail),27,3,1,0,0,0,0.3186,1,24,0,0,0.01,1,1.0982,30.02,0.1482,1,1,0,4,0.0285,0.0177,1
NCRB-SYNTH-109761,Trial Court,Sec 439 CrPC (Regular Bail),15,3,1,0,0,0,0.2937,0,13,0,0,0.0447,2,1.1476,39.15,0.021,1,1,0,2,0.0488,0.0444,1
NCRB-SYNTH-109763,Trial Court,Sec 482 CrPC (Quashing),15,1,2,0,0,0,0.261,0,34,1,1,0.0,4,1.107,80.98,0.0999,0,0,1,4,0.0147,0.0091,1
NCRB-SYNTH-109764,High Court,Sec 439 CrPC (Regular Bail),4,1,1,0,1,0,0.1665,0,45,1,1,0.0441,9,1.1241,31.5,0.1601,0,0,1,3,0.0293,0.0211,1
NCRB-SYNTH-109765,High Court,Sec 482 CrPC (Quashing),1,4,2,0,0,0,0.1311,0,1,1,1,0.056,4,1.0815,71.4,0.116,1,1,0,1,0.0378,0.0546,1
NCRB-SYNTH-109769,Trial Court,Trial Judgment,4,3,2,0,0,0,0.2331,0,7,0,0,0.0,4,1.0013,64.83,0.0398,1,1,0,1,0.0448,0.0647,1
NCRB-SYNTH-109778,Trial Court,Sec 482 CrPC (Quashing),4,5,2,0,0,0,0.2223,1,43,0,0,0.0037,3,1.0406,100.25,0.1254,1,1,0,3,0.0487,0.0352,1
NCRB-SYNTH-109784,Trial Court,Sec 439 CrPC (Regular Bail),1,3,2,0,0,0,0.2307,0,13,0,0,0.074,5,1.0,44.96,0.134,1,1,0,1,0.0387,0.0558,1
NCRB-SYNTH-109797,Trial Court,Sec 482 CrPC (Quashing),7,3,2,0,0,0,0.111,1,26,0,0,0.0226,4,1.1632,45.11,0.0141,1,1,0,3,0.0283,0.0204,1
NCRB-SYNTH-109800,Trial Court,Sec 482 CrPC (Quashing),21,5,1,0,0,0,0.3376,0,20,0,0,0.1296,8,1.0,152.14,0.0351,1,1,0,1,0.0548,0.079,1
NCRB-SYNTH-109809,Trial Court,Sec 439 CrPC (Regular Bail),27,4,2,0,0,0,0.3393,0,7,1,0,0.0914,7,1.1926,39.77,0.0921,1,1,0,3,0.0525,0.0379,1
NCRB-SYNTH-109815,Trial Court,Sec 439 CrPC (Regular Bail),1,3,2,0,0,0,0.3457,0,36,0,0,0.0509,3,1.107,61.94,0.134,1,1,0,1,0.0182,0.0262,1
NCRB-SYNTH-109832,Trial Court,Sec 439 CrPC (Regular Bail),21,2,1,0,0,0,0.3427,0,1,1,0,0.0373,8,1.0,49.22,0.1854,0,0,1,1,0.0775,0.1119,1
NCRB-SYNTH-109834,Trial Court,Sec 482 CrPC (Quashing),4,4,1,0,0,0,0.1545,0,6,1,1,0.0528,1,1.0867,134.21,0.1891,1,1,0,3,0.0117,0.0084,1
NCRB-SYNTH-109837,High Court,Sec 482 CrPC (Quashing),7,3,1,0,0,0,0.149,0,27,0,0,0.1018,4,1.1163,79.11,0.0875,1,1,0,4,0.0585,0.0364,1
NCRB-SYNTH-109841,Trial Court,Writ Petition (Detention),4,5,1,0,1,0,0.169,0,1,0,1,0.0804,3,1.1901,48.84,0.1755,1,1,0,1,0.0342,0.0493,1
NCRB-SYNTH-109842,Trial Court,Sec 482 CrPC (Quashing),1,4,1,0,0,0,0.0892,1,24,0,0,0.087,7,1.3604,81.98,0.0513,1,1,0,1,0.0841,0.1213,1
NCRB-SYNTH-109852,Trial Court,Sec 482 CrPC (Quashing),1,5,1,0,0,0,0.077,0,24,1,1,0.1391,2,1.1296,79.8,0.1245,1,1,0,1,0.0892,0.1287,1
NCRB-SYNTH-109855,High Court,Sec 439 CrPC (Regular Bail),1,3,2,0,0,0,0.2171,0,37,1,0,0.1469,1,1.1799,51.59,0.0832,1,1,0,3,0.0507,0.0366,1
NCRB-SYNTH-109863,Trial Court,Sec 482 CrPC (Quashing),2,1,2,0,1,0,0.2094,0,46,0,0,0.0805,6,1.0,149.57,0.1627,1,1,0,2,0.0236,0.0215,1
NCRB-SYNTH-109869,Trial Court,Sec 439 CrPC (Regular Bail),1,1,1,0,0,0,0.1264,0,40,1,1,0.0711,8,1.0,73.53,0.002,0,0,1,2,0.0483,0.044,1
NCRB-SYNTH-109884,Trial Court,Sec 482 CrPC (Quashing),1,4,1,0,1,0,0.141,0,14,0,0,0.0617,6,1.0,41.58,0.1804,1,1,0,1,0.0309,0.0446,1
NCRB-SYNTH-109887,Trial Court,Sec 482 CrPC (Quashing),4,5,1,0,0,0,0.3926,1,3,1,1,0.0,7,1.2446,78.46,0.097,0,0,1,2,0.0772,0.0703,1
NCRB-SYNTH-109905,High Court,Sec 482 CrPC (Quashing),1,1,2,0,0,0,0.2301,0,25,0,1,0.0205,8,1.0826,171.77,0.1732,1,1,0,2,0.0234,0.0213,1
NCRB-SYNTH-109912,Trial Court,Sec 439 CrPC (Regular Bail),2,2,1,0,0,0,0.1803,0,36,0,0,0.075,5,1.0881,143.92,0.0699,1,1,0,2,0.0403,0.0367,1
NCRB-SYNTH-109916,High Court,Sec 439 CrPC (Regular Bail),1,5,2,0,0,0,0.2729,0,17,1,1,0.062,1,1.0681,82.61,0.0335,1,1,0,1,0.0467,0.0673,1
NCRB-SYNTH-109922,Trial Court,Sec 482 CrPC (Quashing),2,2,2,0,0,0,0.3423,1,31,0,1,0.0,7,1.2236,50.84,0.0963,1,1,0,4,0.0573,0.0356,1
NCRB-SYNTH-109928,Trial Court,Sec 482 CrPC (Quashing),4,1,2,0,0,0,0.2151,0,24,0,1,0.076,5,1.0,32.42,0.1185,1,1,0,4,0.0739,0.0459,1
NCRB-SYNTH-109930,Trial Court,Sec 482 CrPC (Quashing),2,1,2,0,0,0,0.3265,0,36,1,1,0.047,8,1.2268,36.14,0.0466,1,1,0,4,0.0297,0.0185,1
NCRB-SYNTH-109939,High Court,Sec 439 CrPC (Regular Bail),1,2,1,0,0,0,0.1915,0,40,0,0,0.0376,8,1.0251,129.27,0.1835,1,1,0,1,0.0631,0.0911,1
NCRB-SYNTH-109941,Trial Court,Sec 439 CrPC (Regular Bail),1,3,1,0,0,0,0.3162,0,17,0,0,0.0209,8,1.2978,53.82,0.0188,1,1,0,4,0.0622,0.0387,1
NCRB-SYNTH-109972,Trial Court,Sec 482 CrPC (Quashing),2,1,1,0,0,0,0.2944,0,6,1,1,0.0316,2,1.2414,32.97,0.1835,1,1,0,2,0.0133,0.0121,1
NCRB-SYNTH-109973,Trial Court,Sec 482 CrPC (Quashing),1,1,2,0,0,0,0.3651,1,13,0,0,0.0842,3,1.1482,136.24,0.0655,0,0,1,2,0.0204,0.0185,1
NCRB-SYNTH-109979,Trial Court,Sec 482 CrPC (Quashing),2,1,2,0,0,0,0.1652,0,15,0,0,0.0728,8,1.041,31.75,0.0483,0,0,1,1,0.0943,0.136,1
NCRB-SYNTH-109984,Trial Court,Writ Petition (Detention),2,5,1,0,0,0,0.1659,0,44,0,0,0.0152,2,1.0944,105.48,0.0996,1,1,0,1,0.0704,0.1016,1
NCRB-SYNTH-109985,Trial Court,Writ Petition (Detention),1,3,2,0,0,0,0.2315,1,32,0,1,0.0624,6,1.0,90.21,0.0655,0,0,1,2,0.0417,0.038,1
NCRB-SYNTH-109996,Trial Court,Sec 482 CrPC (Quashing),1,5,1,0,0,0,0.2234,1,16,0,1,0.0816,1,1.1626,138.53,0.0827,1,1,0,4,0.059,0.0367,1
NCRB-SYNTH-109997,Trial Court,Sec 482 CrPC (Quashing),7,3,1,1,0,0,0.2009,0,44,0,0,0.0,7,1.0,36.27,0.0505,1,1,0,1,0.0184,0.0265,1
NCRB-SYNTH-109998,Trial Court,Sec 482 CrPC (Quashing),7,2,1,0,0,0,0.3145,0,10,1,1,0.0,2,1.2109,101.6,0.1607,1,1,0,3,0.0291,0.021,1
NCRB-SYNTH-110006,Trial Court,Sec 482 CrPC (Quashing),1,2,2,0,0,0,0.1172,1,11,0,0,0.1142,7,1.0972,60.56,0.197,1,1,0,3,0.09,0.0649,1
NCRB-SYNTH-110011,Trial Court,Sec 482 CrPC (Quashing),1,2,2,0,0,0,0.2059,0,34,0,0,0.0488,7,1.1565,74.15,0.0848,1,1,0,4,0.0736,0.0457,1
NCRB-SYNTH-110013,Trial Court,Sec 482 CrPC (Quashing),2,3,1,0,0,0,0.1796,0,2,0,0,0.0059,7,1.0387,56.73,0.0167,1,1,0,4,0.0115,0.0072,1
NCRB-SYNTH-110023,High Court,Sec 482 CrPC (Quashing),21,2,1,0,0,0,0.1306,0,21,1,0,0.0964,9,1.0676,34.7,0.0812,1,1,0,1,0.0621,0.0895,1
NCRB-SYNTH-110027,Trial Court,Sec 482 CrPC (Quashing),1,2,1,0,0,0,0.2019,0,1,0,0,0.0199,2,1.0,91.42,0.1336,1,1,0,4,0.0478,0.0297,1
NCRB-SYNTH-110028,Trial Court,Sec 482 CrPC (Quashing),1,1,1,0,0,0,0.1438,0,43,0,0,0.0153,3,1.0,76.48,0.039,1,1,0,2,0.0124,0.0113,1
NCRB-SYNTH-110032,High Court,Sec 439 CrPC (Regular Bail),15,2,2,0,0,0,0.1947,1,16,1,1,0.0528,9,1.2096,76.02,0.0654,1,1,0,3,0.0511,0.0368,1
NCRB-SYNTH-110033,Trial Court,Trial Judgment,4,5,2,0,1,0,0.1826,0,12,0,0,0.0681,4,1.189,35.44,0.0229,1,1,0,3,0.0367,0.0265,1
NCRB-SYNTH-110034,Trial Court,Sec 482 CrPC (Quashing),1,5,2,0,0,0,0.143,0,17,0,0,0.1112,7,1.2596,102.7,0.0843,1,1,0,4,0.0866,0.0538,1
NCRB-SYNTH-110037,Trial Court,Writ Petition (Detention),4,3,2,0,0,0,0.3849,0,47,0,1,0.0112,8,1.0,136.79,0.0623,1,1,0,4,0.0929,0.0577,1
NCRB-SYNTH-110041,Trial Court,Sec 439 CrPC (Regular Bail),4,1,2,0,0,0,0.1218,0,16,0,0,0.001,6,1.155,152.55,0.0855,1,1,0,4,0.0652,0.0405,1
NCRB-SYNTH-110050,High Court,Trial Judgment,1,4,2,1,0,0,0.1577,1,32,0,0,0.0086,3,1.1856,66.85,0.052,1,1,0,3,0.0495,0.0357,1
NCRB-SYNTH-110053,Trial Court,Writ Petition (Detention),45,5,1,1,0,0,0.3294,0,49,0,0,0.0811,6,1.1698,161.35,0.125,1,1,0,1,0.0941,0.1358,1
NCRB-SYNTH-110070,Trial Court,Writ Petition (Detention),1,2,2,0,0,0,0.1946,0,18,0,0,0.0719,4,1.2633,130.48,0.1985,0,0,1,4,0.0762,0.0473,1
NCRB-SYNTH-110071,High Court,Sec 439 CrPC (Regular Bail),21,2,1,0,0,0,0.4053,0,21,0,0,0.1318,8,1.1979,157.73,0.145,0,0,1,3,0.0407,0.0294,1
NCRB-SYNTH-110075,Trial Court,Sec 482 CrPC (Quashing),2,4,1,0,0,0,0.2233,0,23,0,0,0.1074,2,1.1718,67.02,0.1953,1,1,0,4,0.0224,0.0139,1
NCRB-SYNTH-110080,Trial Court,Trial Judgment,4,1,2,0,0,0,0.1134,0,40,1,1,0.0716,8,1.0873,111.39,0.1417,0,0,1,2,0.0841,0.0765,1
NCRB-SYNTH-110101,Trial Court,Sec 482 CrPC (Quashing),1,1,2,0,0,0,0.1597,0,1,1,1,0.0883,6,1.1435,94.59,0.0942,1,1,0,3,0.0411,0.0296,1
NCRB-SYNTH-110103,Trial Court,Sec 439 CrPC (Regular Bail),4,1,1,0,0,0,0.1356,0,29,0,0,0.0713,8,1.0,156.61,0.1313,0,0,1,3,0.0359,0.0259,1
NCRB-SYNTH-110123,Trial Court,Writ Petition (Detention),1,5,1,1,0,0,0.1705,0,20,0,0,0.04,4,1.1639,106.17,0.1463,1,1,0,4,0.0315,0.0196,1
NCRB-SYNTH-110131,Trial Court,Sec 482 CrPC (Quashing),45,4,1,1,0,0,0.1366,1,40,0,0,0.0019,3,1.2887,33.12,0.1258,1,1,0,1,0.0805,0.1162,1
NCRB-SYNTH-110143,Trial Court,Trial Judgment,1,4,2,0,0,0,0.1568,0,25,0,0,0.1238,3,1.0,127.51,0.099,1,1,0,2,0.0631,0.0575,1
NCRB-SYNTH-110149,Trial Court,Sec 482 CrPC (Quashing),2,5,1,0,0,0,0.339,0,7,1,1,0.0909,8,1.0,65.34,0.0562,1,1,0,3,0.0218,0.0157,1
NCRB-SYNTH-110151,Trial Court,Sec 482 CrPC (Quashing),1,4,2,0,0,1,0.2284,1,1,1,1,0.0924,1,1.0626,106.12,0.0266,0,0,1,1,0.021,0.0303,1
NCRB-SYNTH-110159,High Court,Sec 439 CrPC (Regular Bail),1,2,2,0,0,0,0.2787,1,30,1,1,0.0263,5,1.0,43.28,0.1675,1,1,0,3,0.0721,0.052,1
NCRB-SYNTH-110165,Trial Court,Sec 482 CrPC (Quashing),4,5,1,0,0,0,0.3433,0,4,0,0,0.0464,7,1.1625,86.52,0.1362,1,1,0,1,0.0861,0.1242,1
NCRB-SYNTH-110188,Trial Court,Writ Petition (Detention),1,5,2,0,0,0,0.2049,0,38,0,0,0.0467,4,1.3007,138.44,0.0505,1,1,0,1,0.0558,0.0804,1
NCRB-SYNTH-110194,Trial Court,Sec 482 CrPC (Quashing),21,2,1,0,1,0,0.2359,0,32,0,0,0.0324,6,1.0911,121.41,0.1831,1,1,0,4,0.014,0.0087,1
NCRB-SYNTH-110196,Trial Court,Sec 482 CrPC (Quashing),1,5,2,0,0,0,0.2675,0,9,1,1,0.1171,9,1.2029,89.86,0.1947,1,1,0,3,0.0483,0.0348,1
NCRB-SYNTH-110211,Trial Court,Sec 439 CrPC (Regular Bail),21,3,1,0,0,0,0.1239,0,46,0,0,0.071,9,1.265,95.14,0.0023,1,1,0,2,0.016,0.0145,1
NCRB-SYNTH-110215,High Court,Sec 439 CrPC (Regular Bail),1,3,1,0,1,0,0.1618,0,11,1,1,0.038,6,1.125,56.12,0.0103,1,1,0,4,0.0208,0.013,1
NCRB-SYNTH-110223,Trial Court,Sec 482 CrPC (Quashing),15,4,1,0,0,0,0.3909,1,31,1,1,0.0373,5,1.1933,87.68,0.1618,1,1,0,3,0.0727,0.0524,1
NCRB-SYNTH-110233,Trial Court,Sec 482 CrPC (Quashing),1,2,2,1,0,0,0.3434,1,27,0,0,0.0,6,1.0008,121.19,0.1796,1,1,0,2,0.0618,0.0562,1
NCRB-SYNTH-110246,Trial Court,Sec 482 CrPC (Quashing),1,2,1,0,0,0,0.2613,1,19,1,1,0.0662,1,1.0367,147.87,0.1225,1,1,0,1,0.0251,0.0362,1
NCRB-SYNTH-110249,Trial Court,Sec 439 CrPC (Regular Bail),4,4,2,0,0,0,0.2149,0,15,0,1,0.0437,2,1.0024,39.23,0.1876,1,1,0,1,0.0704,0.1016,1
NCRB-SYNTH-110255,Trial Court,Sec 439 CrPC (Regular Bail),2,1,2,0,1,0,0.2824,1,4,0,1,0.0,1,1.0895,82.6,0.0552,1,1,0,1,0.014,0.0202,1
NCRB-SYNTH-110259,Trial Court,Trial Judgment,1,2,2,0,0,0,0.2082,1,41,1,1,0.0258,1,1.106,72.43,0.0406,1,1,0,2,0.0711,0.0647,1
NCRB-SYNTH-110264,Trial Court,Trial Judgment,1,3,2,0,0,0,0.2492,0,29,0,0,0.0968,8,1.0236,118.09,0.1371,0,0,1,2,0.0318,0.029,1
NCRB-SYNTH-110273,Trial Court,Sec 482 CrPC (Quashing),1,5,1,0,0,0,0.2364,0,4,0,0,0.0776,3,1.1666,34.37,0.0881,1,1,0,1,0.0719,0.1037,1
NCRB-SYNTH-110275,Trial Court,Sec 482 CrPC (Quashing),7,3,2,0,0,0,0.1724,0,10,0,0,0.0766,9,1.106,52.96,0.0227,0,0,1,2,0.0344,0.0313,1
NCRB-SYNTH-110283,Trial Court,Sec 482 CrPC (Quashing),27,1,1,0,0,0,0.2024,0,1,0,1,0.0064,7,1.1406,133.69,0.0056,1,1,0,4,0.078,0.0485,1
NCRB-SYNTH-110296,High Court,Sec 482 CrPC (Quashing),2,4,2,0,0,0,0.1637,0,24,1,1,0.0357,7,1.0,52.58,0.1924,1,1,0,4,0.0363,0.0226,1
NCRB-SYNTH-110297,High Court,Writ Petition (Detention),1,4,1,0,1,0,0.2359,0,22,0,0,0.0378,6,1.0933,95.25,0.0717,1,1,0,3,0.065,0.0469,1
NCRB-SYNTH-110301,Trial Court,Sec 439 CrPC (Regular Bail),2,1,2,0,0,0,0.3514,1,33,1,1,0.0034,8,1.0269,100.08,0.1677,1,1,0,2,0.0117,0.0107,1
NCRB-SYNTH-110304,Trial Court,Sec 482 CrPC (Quashing),4,1,1,0,0,0,0.1745,0,13,1,0,0.0438,6,1.1703,121.65,0.056,1,1,0,3,0.0356,0.0257,1
NCRB-SYNTH-110307,Trial Court,Sec 482 CrPC (Quashing),1,5,1,0,0,0,0.1475,1,14,0,0,0.0023,6,1.108,168.55,0.1673,1,1,0,3,0.0732,0.0528,1
NCRB-SYNTH-110309,High Court,Sec 482 CrPC (Quashing),1,1,1,0,0,0,0.1594,0,36,1,1,0.0525,6,1.0,155.58,0.1051,1,1,0,3,0.0167,0.012,1
NCRB-SYNTH-110311,High Court,Sec 439 CrPC (Regular Bail),1,5,2,0,0,0,0.3406,1,6,1,1,0.0196,4,1.0135,143.92,0.0931,0,0,1,4,0.0845,0.0525,1
NCRB-SYNTH-110313,High Court,Sec 482 CrPC (Quashing),1,5,1,1,0,0,0.2533,1,1,0,0,0.0487,5,1.2126,33.94,0.1083,1,1,0,1,0.0337,0.0486,1
NCRB-SYNTH-110323,Trial Court,Sec 482 CrPC (Quashing),7,5,1,0,0,0,0.2861,0,13,1,1,0.0,8,1.1353,164.93,0.1184,1,1,0,1,0.0446,0.0643,1
NCRB-SYNTH-110330,Trial Court,Sec 482 CrPC (Quashing),2,2,1,0,0,0,0.3793,0,9,0,0,0.0564,2,1.026,110.56,0.0191,1,1,0,2,0.0236,0.0215,1
NCRB-SYNTH-110340,Trial Court,Sec 439 CrPC (Regular Bail),1,2,1,1,1,0,0.3316,0,3,1,1,0.0,6,1.0144,135.26,0.0543,1,1,0,4,0.0434,0.0269,1
NCRB-SYNTH-110345,Trial Court,Sec 482 CrPC (Quashing),7,1,1,0,0,0,0.2827,1,40,0,0,0.0,8,1.0095,150.88,0.1551,1,1,0,2,0.016,0.0146,1
NCRB-SYNTH-110348,Trial Court,Trial Judgment,15,5,1,0,0,0,0.1545,0,1,0,0,0.0811,1,1.0006,53.85,0.1318,1,1,0,4,0.0555,0.0345,1
NCRB-SYNTH-110361,Trial Court,Sec 482 CrPC (Quashing),1,2,1,0,0,0,0.1529,1,18,1,1,0.0814,7,1.0,51.15,0.0957,1,1,0,4,0.0602,0.0374,1
NCRB-SYNTH-110362,Trial Court,Trial Judgment,1,3,2,0,1,0,0.2082,1,1,1,1,0.0676,1,1.4283,177.1,0.0473,1,1,0,4,0.0204,0.0127,1
NCRB-SYNTH-110363,Trial Court,Sec 439 CrPC (Regular Bail),2,1,1,0,0,0,0.4007,0,39,1,1,0.0439,2,1.0955,31.58,0.0859,1,1,0,1,0.0924,0.1332,1
NCRB-SYNTH-110364,Trial Court,Sec 482 CrPC (Quashing),21,4,1,1,0,0,0.4009,0,20,0,0,0.002,3,1.0,147.35,0.0005,1,1,0,3,0.028,0.0202,1
NCRB-SYNTH-110372,High Court,Sec 482 CrPC (Quashing),1,1,2,0,0,1,0.2403,0,25,0,0,0.1042,4,1.0565,160.37,0.0432,0,0,1,4,0.0637,0.0396,1
NCRB-SYNTH-110375,Trial Court,Sec 482 CrPC (Quashing),2,2,2,0,0,0,0.3089,0,11,1,1,0.0282,8,1.2416,48.81,0.1721,1,1,0,1,0.022,0.0318,1
NCRB-SYNTH-110384,High Court,Sec 439 CrPC (Regular Bail),4,5,2,0,0,0,0.3238,1,45,0,0,0.0486,9,1.0783,110.3,0.1776,1,1,0,2,0.0331,0.0302,1
NCRB-SYNTH-110385,High Court,Sec 482 CrPC (Quashing),2,2,1,0,0,0,0.2279,0,20,0,0,0.0407,4,1.0,175.67,0.0658,1,1,0,4,0.0749,0.0466,1
NCRB-SYNTH-110388,Trial Court,Sec 482 CrPC (Quashing),45,2,2,0,0,0,0.0935,1,1,1,1,0.0525,1,1.1646,63.49,0.1502,1,1,0,3,0.0357,0.0258,1
NCRB-SYNTH-110389,Trial Court,Sec 482 CrPC (Quashing),2,2,2,0,0,0,0.1996,0,17,0,0,0.0451,3,1.2072,77.56,0.1971,1,1,0,4,0.0685,0.0425,1
NCRB-SYNTH-110390,Trial Court,Sec 439 CrPC (Regular Bail),7,4,1,0,0,0,0.129,0,48,0,0,0.0498,8,1.2874,109.76,0.014,1,1,0,4,0.0802,0.0498,1
NCRB-SYNTH-110391,Trial Court,Writ Petition (Detention),1,2,1,0,0,0,0.3285,1,38,0,0,0.0791,6,1.2477,106.94,0.0859,1,1,0,3,0.0664,0.0479,1
NCRB-SYNTH-110405,Trial Court,Writ Petition (Detention),4,3,2,0,0,0,0.1727,0,42,0,0,0.0184,8,1.1765,57.3,0.025,1,1,0,4,0.0545,0.0338,1
NCRB-SYNTH-110415,High Court,Writ Petition (Detention),1,4,2,0,0,0,0.2323,0,10,0,1,0.0568,8,1.199,140.64,0.1212,1,1,0,4,0.0699,0.0435,1
NCRB-SYNTH-110435,Trial Court,Sec 482 CrPC (Quashing),1,4,2,0,0,0,0.0676,0,5,0,0,0.0586,7,1.0,71.27,0.0931,1,1,0,3,0.0244,0.0176,1
NCRB-SYNTH-110443,Trial Court,Sec 482 CrPC (Quashing),2,4,2,0,0,0,0.3874,0,41,0,0,0.0,4,1.0978,86.6,0.0181,1,1,0,1,0.0753,0.1087,1
NCRB-SYNTH-110444,High Court,Sec 439 CrPC (Regular Bail),1,4,2,0,0,0,0.4009,0,25,1,1,0.0485,8,1.3073,143.95,0.0356,1,1,0,3,0.0658,0.0475,1
NCRB-SYNTH-110450,Trial Court,Sec 482 CrPC (Quashing),21,1,2,0,0,0,0.3431,0,46,0,0,0.0402,2,1.0548,76.25,0.0119,1,1,0,1,0.0844,0.1217,1
NCRB-SYNTH-110452,Trial Court,Writ Petition (Detention),27,3,2,0,0,0,0.1149,0,30,1,1,0.0478,6,1.1683,174.88,0.0394,1,1,0,4,0.03,0.0187,1
NCRB-SYNTH-110454,Trial Court,Sec 482 CrPC (Quashing),2,4,2,0,0,0,0.1459,0,48,1,1,0.0952,1,1.0425,34.24,0.0088,1,1,0,3,0.0779,0.0562,1
NCRB-SYNTH-110463,Trial Court,Trial Judgment,1,2,1,0,0,0,0.2127,0,1,0,0,0.0389,1,1.0307,65.91,0.1937,1,1,0,4,0.045,0.028,1
NCRB-SYNTH-110464,Trial Court,Sec 482 CrPC (Quashing),7,3,1,0,0,1,0.1233,0,12,0,0,0.0906,2,1.027,165.2,0.0623,1,1,0,4,0.0621,0.0386,1
NCRB-SYNTH-110472,Trial Court,Trial Judgment,1,2,1,0,1,0,0.2593,0,16,0,0,0.0531,9,1.0788,59.6,0.1819,1,1,0,4,0.0132,0.0082,1
NCRB-SYNTH-110488,Trial Court,Sec 482 CrPC (Quashing),4,5,2,0,0,0,0.3965,0,43,0,0,0.0823,9,1.1082,54.85,0.1055,1,1,0,3,0.0188,0.0136,1
NCRB-SYNTH-110523,Trial Court,Sec 482 CrPC (Quashing),1,1,1,0,1,1,0.3906,0,28,0,0,0.0494,6,1.0387,64.61,0.0331,1,1,0,2,0.0593,0.054,1
NCRB-SYNTH-110529,Trial Court,Sec 439 CrPC (Regular Bail),15,4,1,0,0,0,0.16,0,23,0,0,0.0705,3,1.019,47.11,0.0385,1,1,0,2,0.0156,0.0142,1
NCRB-SYNTH-110533,Trial Court,Sec 482 CrPC (Quashing),1,2,1,0,0,0,0.1523,0,25,0,0,0.0355,8,1.1977,133.54,0.1253,1,1,0,4,0.0132,0.0082,1
NCRB-SYNTH-110545,Trial Court,Sec 439 CrPC (Regular Bail),7,4,2,0,0,0,0.095,0,19,0,0,0.052,8,1.1728,117.3,0.1352,1,1,0,4,0.0313,0.0195,1
NCRB-SYNTH-110547,Trial Court,Sec 439 CrPC (Regular Bail),7,2,2,0,0,0,0.2221,1,1,1,1,0.0913,4,1.0843,161.58,0.0783,1,1,0,1,0.0173,0.0249,1
NCRB-SYNTH-110548,Trial Court,Sec 482 CrPC (Quashing),2,2,2,0,0,0,0.1396,1,7,1,1,0.023,3,1.1633,142.73,0.0422,1,1,0,1,0.0568,0.082,1
NCRB-SYNTH-110558,Trial Court,Sec 482 CrPC (Quashing),2,2,1,0,0,0,0.1352,1,3,1,1,0.0,1,1.0,39.03,0.0577,1,1,0,4,0.0831,0.0516,1
NCRB-SYNTH-110560,Trial Court,Sec 482 CrPC (Quashing),1,4,2,0,0,0,0.2253,0,9,0,0,0.0696,2,1.1195,108.86,0.0727,1,1,0,2,0.0824,0.075,1
NCRB-SYNTH-110562,Trial Court,Sec 439 CrPC (Regular Bail),1,3,1,0,0,0,0.238,0,43,0,0,0.0023,9,1.1188,122.68,0.0162,1,1,0,3,0.018,0.013,1
NCRB-SYNTH-110567,High Court,Sec 482 CrPC (Quashing),15,3,1,0,0,0,0.2262,0,30,0,0,0.0,6,1.0,173.62,0.0634,0,0,1,4,0.0291,0.0181,1
NCRB-SYNTH-110569,Trial Court,Writ Petition (Detention),1,3,2,0,0,0,0.2857,0,21,0,0,0.077,8,1.1596,93.69,0.1085,0,0,1,3,0.0464,0.0334,1
NCRB-SYNTH-110575,Trial Court,Sec 482 CrPC (Quashing),2,1,1,0,0,0,0.1113,0,10,1,1,0.0579,1,1.2168,141.0,0.1476,1,1,0,2,0.0622,0.0566,1
NCRB-SYNTH-110576,Trial Court,Trial Judgment,4,4,1,0,0,0,0.2177,0,27,1,1,0.0941,4,1.2484,62.21,0.1804,1,1,0,1,0.0878,0.1266,1
NCRB-SYNTH-110577,High Court,Writ Petition (Detention),7,2,2,0,0,0,0.1168,1,30,0,0,0.0365,8,1.2728,78.06,0.175,0,0,1,3,0.0684,0.0493,1
NCRB-SYNTH-110578,Trial Court,Sec 482 CrPC (Quashing),1,1,2,0,0,0,0.2689,1,26,0,1,0.0604,5,1.109,170.27,0.1215,1,1,0,4,0.0479,0.0298,1
NCRB-SYNTH-110582,Trial Court,Sec 482 CrPC (Quashing),1,1,1,0,0,0,0.2408,0,40,1,1,0.0706,8,1.1709,84.98,0.0872,1,1,0,2,0.069,0.0628,1
NCRB-SYNTH-110588,Trial Court,Sec 439 CrPC (Regular Bail),1,3,2,0,0,0,0.3103,1,8,0,0,0.0363,2,1.0436,153.95,0.1579,0,0,1,3,0.0639,0.0461,1
NCRB-SYNTH-110595,Trial Court,Sec 482 CrPC (Quashing),1,3,2,1,0,0,0.2627,0,8,0,0,0.0439,6,1.1802,37.2,0.1823,1,1,0,4,0.0735,0.0457,1
NCRB-SYNTH-110604,Trial Court,Sec 482 CrPC (Quashing),4,4,1,0,0,0,0.153,1,27,1,1,0.0386,3,1.0831,138.56,0.051,0,0,1,1,0.0109,0.0157,1
NCRB-SYNTH-110608,High Court,Sec 482 CrPC (Quashing),7,1,2,0,0,0,0.3448,0,49,0,1,0.062,5,1.1414,153.21,0.1979,1,1,0,1,0.0939,0.1355,1
NCRB-SYNTH-110610,Trial Court,Writ Petition (Detention),1,5,2,0,1,0,0.3371,1,1,1,1,0.0737,1,1.1551,108.83,0.0597,1,1,0,2,0.0306,0.0279,1
NCRB-SYNTH-110617,Trial Court,Sec 482 CrPC (Quashing),1,5,2,0,0,0,0.3829,0,23,0,1,0.0628,6,1.1631,50.86,0.1894,1,1,0,2,0.0504,0.0459,1
NCRB-SYNTH-110618,Trial Court,Sec 482 CrPC (Quashing),1,3,2,0,0,0,0.382,1,12,1,0,0.0411,6,1.1388,31.56,0.03,1,1,0,1,0.0772,0.1113,1
NCRB-SYNTH-110624,Trial Court,Sec 482 CrPC (Quashing),1,5,2,0,0,0,0.1671,0,43,1,1,0.1044,6,1.0351,122.27,0.0957,1,1,0,1,0.0332,0.0478,1
NCRB-SYNTH-110625,Trial Court,Sec 482 CrPC (Quashing),2,5,2,0,0,0,0.3911,0,3,0,0,0.0707,5,1.1676,66.08,0.0679,0,0,1,1,0.0312,0.045,1
NCRB-SYNTH-110636,Trial Court,Sec 482 CrPC (Quashing),1,3,2,0,0,0,0.1778,1,13,0,1,0.0643,9,1.0936,168.26,0.1622,1,1,0,2,0.0654,0.0595,1
NCRB-SYNTH-110642,Trial Court,Sec 482 CrPC (Quashing),1,4,2,0,0,0,0.3352,0,41,0,1,0.0321,9,1.0973,58.99,0.174,1,1,0,4,0.0323,0.0201,1
NCRB-SYNTH-110644,High Court,Sec 439 CrPC (Regular Bail),1,5,2,0,0,0,0.1527,0,19,1,1,0.0481,6,1.2046,53.85,0.1849,0,0,1,4,0.0904,0.0562,1
NCRB-SYNTH-110647,Trial Court,Sec 482 CrPC (Quashing),1,4,2,0,0,0,0.2987,0,32,0,0,0.0546,3,1.1054,107.35,0.0011,1,1,0,4,0.0774,0.0481,1
NCRB-SYNTH-110649,Trial Court,Sec 482 CrPC (Quashing),1,3,2,0,0,0,0.2189,0,24,1,1,0.0578,5,1.0635,66.07,0.1955,1,1,0,2,0.0984,0.0896,1
NCRB-SYNTH-110651,Trial Court,Sec 482 CrPC (Quashing),1,2,2,0,0,0,0.1789,0,30,0,1,0.0675,9,1.0,147.29,0.1207,1,1,0,3,0.0306,0.0221,1
NCRB-SYNTH-110656,High Court,Writ Petition (Detention),1,1,1,0,0,0,0.325,1,50,0,0,0.03,8,1.1102,91.1,0.0718,0,0,1,3,0.0126,0.0091,1
NCRB-SYNTH-110663,Trial Court,Sec 439 CrPC (Regular Bail),1,4,2,0,0,0,0.4037,0,22,0,0,0.1033,7,1.1679,115.05,0.1665,1,1,0,1,0.0674,0.0972,1
NCRB-SYNTH-110671,Trial Court,Sec 482 CrPC (Quashing),2,1,1,0,0,0,0.2991,1,39,0,0,0.0215,5,1.0704,96.86,0.184,1,1,0,2,0.0863,0.0786,1
NCRB-SYNTH-110677,Trial Court,Sec 482 CrPC (Quashing),1,2,1,0,1,0,0.2862,0,37,0,0,0.0244,3,1.206,135.82,0.1236,0,0,1,1,0.0301,0.0435,1
NCRB-SYNTH-110682,Trial Court,Sec 439 CrPC (Regular Bail),7,1,1,0,0,0,0.3555,0,25,0,0,0.0559,5,1.1658,129.0,0.0586,0,0,1,1,0.0105,0.0152,1
NCRB-SYNTH-110693,Trial Court,Sec 439 CrPC (Regular Bail),4,3,2,0,0,0,0.264,1,4,0,1,0.0664,9,1.1821,72.03,0.1881,0,0,1,1,0.0777,0.112,1
NCRB-SYNTH-110695,Trial Court,Sec 439 CrPC (Regular Bail),2,3,1,0,0,0,0.2447,0,14,0,0,0.0624,1,1.1459,158.54,0.0449,1,1,0,1,0.0558,0.0806,1
NCRB-SYNTH-110697,Trial Court,Sec 482 CrPC (Quashing),2,2,1,0,0,0,0.4149,1,39,0,0,0.0,8,1.0,101.34,0.1296,0,0,1,1,0.0553,0.0798,1
NCRB-SYNTH-110704,Trial Court,Sec 482 CrPC (Quashing),1,4,2,0,0,0,0.3527,0,13,0,0,0.1088,6,1.025,86.85,0.0529,1,1,0,2,0.0404,0.0367,1
NCRB-SYNTH-110713,High Court,Trial Judgment,4,2,2,0,1,1,0.1944,1,11,1,1,0.1223,6,1.2037,119.51,0.1632,0,0,1,2,0.0655,0.0596,1
NCRB-SYNTH-110715,Trial Court,Trial Judgment,4,3,1,0,0,0,0.1661,1,21,1,1,0.0586,3,1.0,167.19,0.1581,1,1,0,3,0.0323,0.0233,1
NCRB-SYNTH-110724,Trial Court,Sec 482 CrPC (Quashing),1,5,2,0,0,0,0.1527,0,33,0,1,0.0828,9,1.0102,105.86,0.0654,1,1,0,3,0.0888,0.064,1
NCRB-SYNTH-110732,High Court,Sec 439 CrPC (Regular Bail),1,2,1,0,0,0,0.2779,1,18,1,1,0.1269,6,1.0,74.72,0.1969,0,0,1,2,0.0109,0.0099,1
NCRB-SYNTH-110747,Trial Court,Sec 482 CrPC (Quashing),1,3,2,0,0,0,0.1307,0,23,0,0,0.0617,9,1.2657,141.04,0.1721,0,0,1,3,0.0405,0.0292,1
NCRB-SYNTH-110748,Trial Court,Sec 482 CrPC (Quashing),1,1,2,0,0,0,0.2935,1,37,0,0,0.0409,1,1.1702,38.24,0.1722,0,0,1,4,0.0428,0.0266,1
NCRB-SYNTH-110781,Trial Court,Sec 482 CrPC (Quashing),1,2,1,0,0,0,0.2709,1,7,1,1,0.0,8,1.1535,90.14,0.1463,0,0,1,2,0.0817,0.0744,1
NCRB-SYNTH-110783,High Court,Sec 482 CrPC (Quashing),1,2,1,0,1,0,0.4176,0,40,1,1,0.0,4,1.041,136.84,0.1481,1,1,0,4,0.0311,0.0193,1
NCRB-SYNTH-110804,Trial Court,Sec 482 CrPC (Quashing),1,5,1,0,0,0,0.262,0,25,1,0,0.0,1,1.3059,61.56,0.075,1,1,0,3,0.017,0.0123,1
NCRB-SYNTH-110805,High Court,Sec 482 CrPC (Quashing),1,3,2,0,0,0,0.1234,1,18,1,1,0.0821,4,1.2014,82.73,0.1982,1,1,0,4,0.0329,0.0204,1
NCRB-SYNTH-110817,Trial Court,Sec 482 CrPC (Quashing),7,1,1,0,0,0,0.3574,0,1,0,0,0.1118,7,1.1956,31.47,0.0232,0,0,1,3,0.0791,0.0571,1
NCRB-SYNTH-110823,Trial Court,Sec 482 CrPC (Quashing),1,4,1,0,0,1,0.1413,1,27,1,1,0.05,6,1.0,90.81,0.1651,1,1,0,1,0.0151,0.0218,1
NCRB-SYNTH-110828,Trial Court,Sec 482 CrPC (Quashing),4,5,1,0,0,0,0.1022,1,13,0,0,0.0329,5,1.0,130.85,0.0173,0,0,1,4,0.0831,0.0516,1
NCRB-SYNTH-110829,Trial Court,Sec 439 CrPC (Regular Bail),1,4,1,0,0,0,0.36,0,27,0,1,0.0905,1,1.0,63.18,0.0805,1,1,0,4,0.0938,0.0583,1
NCRB-SYNTH-110836,Trial Court,Sec 482 CrPC (Quashing),1,1,1,0,0,0,0.2561,0,6,0,0,0.0213,1,1.2283,88.61,0.178,1,1,0,3,0.0242,0.0174,1
NCRB-SYNTH-110838,High Court,Sec 439 CrPC (Regular Bail),2,4,1,0,0,0,0.2252,0,28,0,1,0.0091,2,1.1304,47.81,0.1443,1,1,0,3,0.0554,0.0399,1
NCRB-SYNTH-110841,Trial Court,Sec 482 CrPC (Quashing),7,3,1,0,0,0,0.272,1,15,0,0,0.0895,1,1.058,122.61,0.1725,1,1,0,2,0.0251,0.0228,1
NCRB-SYNTH-110843,Trial Court,Sec 439 CrPC (Regular Bail),2,4,2,0,0,0,0.173,0,1,0,0,0.0,4,1.0994,147.66,0.1319,1,1,0,2,0.0958,0.0872,1
NCRB-SYNTH-110846,Trial Court,Sec 482 CrPC (Quashing),4,5,2,0,0,0,0.2682,0,29,0,0,0.0864,2,1.4528,64.78,0.1507,1,1,0,4,0.0251,0.0156,1
NCRB-SYNTH-110848,Trial Court,Sec 439 CrPC (Regular Bail),1,2,1,0,0,0,0.3495,0,1,0,1,0.0934,6,1.0296,119.44,0.1849,1,1,0,4,0.0183,0.0114,1
NCRB-SYNTH-110849,Trial Court,Sec 482 CrPC (Quashing),4,4,1,0,1,0,0.3355,0,31,1,1,0.0401,5,1.0,78.8,0.1195,1,1,0,4,0.0699,0.0434,1
NCRB-SYNTH-110861,High Court,Sec 482 CrPC (Quashing),1,3,1,0,0,0,0.1167,1,15,1,1,0.077,8,1.0045,109.39,0.1095,1,1,0,2,0.0634,0.0577,1
NCRB-SYNTH-110866,Trial Court,Sec 482 CrPC (Quashing),1,2,1,0,0,0,0.1601,0,13,0,0,0.0,9,1.0967,80.06,0.0933,1,1,0,2,0.016,0.0146,1
NCRB-SYNTH-110875,Trial Court,Trial Judgment,2,2,2,0,0,0,0.1773,0,22,1,1,0.0392,3,1.2737,180.0,0.0945,1,1,0,2,0.0783,0.0713,1
NCRB-SYNTH-110880,High Court,Sec 439 CrPC (Regular Bail),1,2,2,0,0,0,0.1307,0,23,0,0,0.017,9,1.0,168.87,0.0765,0,0,1,3,0.014,0.0101,1
NCRB-SYNTH-110891,Trial Court,Sec 482 CrPC (Quashing),1,2,2,0,0,0,0.0916,1,20,1,1,0.1264,7,1.3232,57.55,0.0215,1,1,0,2,0.0997,0.0907,1
NCRB-SYNTH-110914,High Court,Sec 482 CrPC (Quashing),1,1,2,0,0,1,0.3923,1,14,0,0,0.0,4,1.0,167.5,0.0204,1,1,0,2,0.0925,0.0842,1
NCRB-SYNTH-110915,High Court,Sec 439 CrPC (Regular Bail),2,5,1,0,0,0,0.2482,0,27,1,1,0.068,5,1.116,80.05,0.0088,1,1,0,1,0.0558,0.0805,1
NCRB-SYNTH-110930,Trial Court,Trial Judgment,1,4,2,0,0,0,0.3037,1,6,0,0,0.0468,6,1.0,44.48,0.1325,1,1,0,3,0.0197,0.0142,1
NCRB-SYNTH-110931,Trial Court,Sec 482 CrPC (Quashing),1,5,2,0,0,0,0.2878,0,30,0,1,0.0569,3,1.1494,65.32,0.1243,1,1,0,2,0.0512,0.0466,1
NCRB-SYNTH-110937,High Court,Trial Judgment,15,3,1,0,0,0,0.1224,0,15,0,0,0.0371,6,1.1569,87.06,0.1414,0,0,1,2,0.0908,0.0827,1
NCRB-SYNTH-110948,Trial Court,Sec 482 CrPC (Quashing),1,5,1,0,0,0,0.2924,0,14,1,1,0.0586,9,1.1366,109.82,0.0515,1,1,0,2,0.0599,0.0546,1
NCRB-SYNTH-110950,Trial Court,Trial Judgment,1,2,1,0,0,0,0.1786,0,46,0,0,0.0607,2,1.0541,156.64,0.1924,1,1,0,4,0.0938,0.0583,1
NCRB-SYNTH-110955,Trial Court,Sec 439 CrPC (Regular Bail),1,4,1,1,0,0,0.3171,1,19,0,0,0.0674,3,1.1762,60.47,0.1422,1,1,0,1,0.0702,0.1013,1
NCRB-SYNTH-110956,Trial Court,Sec 482 CrPC (Quashing),7,5,2,0,0,0,0.2668,0,25,0,1,0.0074,7,1.0254,68.71,0.1999,1,1,0,4,0.0103,0.0064,1
NCRB-SYNTH-110960,Trial Court,Sec 482 CrPC (Quashing),1,2,2,0,0,0,0.3264,0,10,1,1,0.0697,9,1.0441,95.3,0.1593,1,1,0,1,0.0453,0.0654,1
NCRB-SYNTH-110965,High Court,Sec 482 CrPC (Quashing),1,3,2,0,0,0,0.2092,1,7,1,0,0.0538,9,1.0,54.12,0.1695,1,1,0,3,0.0172,0.0124,1
NCRB-SYNTH-110972,High Court,Sec 482 CrPC (Quashing),1,2,2,0,0,0,0.1867,0,8,1,0,0.0405,6,1.0817,58.22,0.1585,0,0,1,1,0.0676,0.0976,1
NCRB-SYNTH-110977,High Court,Trial Judgment,1,3,2,0,0,0,0.2204,1,34,0,0,0.0539,8,1.1471,64.17,0.1658,1,1,0,1,0.0694,0.1002,1
NCRB-SYNTH-110983,Trial Court,Sec 439 CrPC (Regular Bail),4,2,1,0,1,0,0.332,0,8,0,0,0.0854,7,1.2724,88.3,0.0715,1,1,0,4,0.0573,0.0356,1
NCRB-SYNTH-110989,Trial Court,Sec 482 CrPC (Quashing),4,3,2,0,0,1,0.2721,0,12,1,0,0.0151,9,1.0505,172.07,0.0214,1,1,0,4,0.015,0.0093,1
NCRB-SYNTH-110995,Trial Court,Trial Judgment,4,5,1,0,0,0,0.2637,0,21,0,1,0.0199,6,1.0513,99.91,0.0838,1,1,0,4,0.0161,0.01,1
NCRB-SYNTH-110997,Trial Court,Sec 482 CrPC (Quashing),2,1,1,0,0,0,0.1893,1,17,0,0,0.1213,6,1.1687,57.42,0.0434,1,1,0,2,0.075,0.0683,1
NCRB-SYNTH-111006,High Court,Sec 439 CrPC (Regular Bail),2,5,2,0,0,0,0.2644,0,28,0,0,0.09,6,1.0,122.94,0.0019,1,1,0,3,0.0952,0.0687,1
NCRB-SYNTH-111008,Trial Court,Sec 439 CrPC (Regular Bail),1,3,1,0,0,0,0.3753,0,21,1,1,0.0508,2,1.0109,119.24,0.1816,1,1,0,2,0.0668,0.0608,1
NCRB-SYNTH-111013,High Court,Trial Judgment,1,5,1,0,1,0,0.1937,0,21,0,0,0.0228,5,1.2287,144.97,0.0509,1,1,0,2,0.0564,0.0513,1
NCRB-SYNTH-111015,Trial Court,Writ Petition (Detention),2,5,1,0,0,0,0.2552,0,28,1,1,0.0567,1,1.0801,59.79,0.0559,1,1,0,4,0.0543,0.0337,1
NCRB-SYNTH-111016,High Court,Sec 482 CrPC (Quashing),1,1,1,0,0,1,0.2294,0,26,0,0,0.1001,9,1.0,32.1,0.0576,1,1,0,4,0.0653,0.0406,1
NCRB-SYNTH-111018,Trial Court,Sec 482 CrPC (Quashing),2,2,2,0,0,0,0.2939,1,1,1,1,0.0439,6,1.0,171.24,0.0343,0,0,1,4,0.0946,0.0588,1
NCRB-SYNTH-111020,Trial Court,Sec 482 CrPC (Quashing),7,1,1,0,1,0,0.2124,0,16,0,1,0.0596,3,1.1082,31.32,0.1882,1,1,0,4,0.0667,0.0414,1
NCRB-SYNTH-111023,Trial Court,Sec 482 CrPC (Quashing),2,5,1,0,0,0,0.2043,1,11,0,0,0.0137,1,1.0987,84.26,0.0069,1,1,0,1,0.066,0.0952,1
NCRB-SYNTH-111036,Trial Court,Sec 439 CrPC (Regular Bail),1,5,1,0,0,0,0.2456,0,22,0,1,0.0281,6,1.0,94.31,0.0116,1,1,0,2,0.0185,0.0168,1
NCRB-SYNTH-111039,Trial Court,Sec 482 CrPC (Quashing),1,3,1,0,0,0,0.1973,0,39,0,0,0.0442,1,1.0068,115.57,0.0927,1,1,0,3,0.0963,0.0695,1
NCRB-SYNTH-111043,High Court,Sec 482 CrPC (Quashing),15,5,1,0,0,0,0.287,0,30,0,0,0.0259,7,1.2399,102.86,0.0446,1,1,0,2,0.069,0.0628,1
NCRB-SYNTH-111055,Trial Court,Sec 482 CrPC (Quashing),1,5,2,0,0,0,0.3738,0,30,0,0,0.0466,2,1.121,107.32,0.0091,0,0,1,4,0.0995,0.0618,1
NCRB-SYNTH-111058,Trial Court,Sec 482 CrPC (Quashing),1,5,1,1,0,0,0.2695,0,37,1,1,0.0026,7,1.0322,110.79,0.0308,1,1,0,1,0.0501,0.0723,1
NCRB-SYNTH-111063,Trial Court,Sec 482 CrPC (Quashing),1,4,2,0,0,0,0.3905,0,15,0,0,0.0894,5,1.0729,60.34,0.0441,1,1,0,4,0.03,0.0186,1
NCRB-SYNTH-111072,Trial Court,Sec 482 CrPC (Quashing),1,5,1,0,0,0,0.3013,1,16,0,0,0.0178,3,1.0,70.65,0.106,1,1,0,2,0.0282,0.0256,1
NCRB-SYNTH-111081,Trial Court,Sec 482 CrPC (Quashing),1,3,2,0,0,0,0.2956,0,8,0,0,0.0791,4,1.3099,149.79,0.1422,1,1,0,3,0.0507,0.0366,1
NCRB-SYNTH-111087,Trial Court,Sec 482 CrPC (Quashing),7,4,1,0,0,0,0.1459,0,20,1,1,0.1032,8,1.1678,175.75,0.089,1,1,0,2,0.0461,0.042,1
NCRB-SYNTH-111091,Trial Court,Writ Petition (Detention),2,5,1,0,0,0,0.2656,1,19,0,0,0.092,1,1.1236,113.64,0.1442,1,1,0,3,0.0174,0.0125,1
NCRB-SYNTH-111100,Trial Court,Sec 482 CrPC (Quashing),2,5,1,0,0,0,0.226,0,43,1,1,0.0556,5,1.0,161.53,0.1243,1,1,0,1,0.0911,0.1315,1
NCRB-SYNTH-111102,Trial Court,Sec 439 CrPC (Regular Bail),1,1,1,0,0,0,0.179,1,31,0,0,0.0412,8,1.2713,136.11,0.0612,0,0,1,2,0.0209,0.019,1
NCRB-SYNTH-111116,Trial Court,Sec 439 CrPC (Regular Bail),1,1,1,0,0,0,0.2834,0,6,0,0,0.0568,5,1.1147,165.34,0.014,0,0,1,4,0.0863,0.0536,1
NCRB-SYNTH-111117,Trial Court,Sec 482 CrPC (Quashing),4,5,1,0,0,0,0.2294,0,35,0,0,0.038,8,1.064,122.24,0.1225,1,1,0,3,0.0673,0.0486,1
NCRB-SYNTH-111130,Trial Court,Sec 482 CrPC (Quashing),1,1,2,0,1,0,0.2155,1,10,1,1,0.0248,7,1.2841,113.56,0.1876,1,1,0,1,0.096,0.1384,1
NCRB-SYNTH-111138,High Court,Trial Judgment,4,1,2,0,0,0,0.3659,0,35,0,0,0.0706,2,1.0637,145.44,0.0639,1,1,0,4,0.0154,0.0096,1
NCRB-SYNTH-111140,Trial Court,Writ Petition (Detention),4,3,2,0,0,0,0.1738,1,11,0,1,0.0427,8,1.3879,173.51,0.0784,1,1,0,2,0.0992,0.0903,1
NCRB-SYNTH-111142,Trial Court,Sec 482 CrPC (Quashing),15,4,1,0,1,1,0.1968,0,4,0,0,0.0244,4,1.1749,89.77,0.156,1,1,0,1,0.0474,0.0684,1
NCRB-SYNTH-111149,Trial Court,Sec 482 CrPC (Quashing),2,1,2,0,0,0,0.2279,1,38,0,0,0.0871,5,1.2552,72.19,0.0987,0,0,1,1,0.0477,0.0688,1
NCRB-SYNTH-111150,High Court,Sec 439 CrPC (Regular Bail),1,5,1,0,0,0,0.2055,0,15,1,1,0.0601,6,1.0,118.81,0.1214,0,0,1,1,0.0704,0.1016,1
NCRB-SYNTH-111157,Trial Court,Trial Judgment,2,5,1,1,0,0,0.1111,0,22,0,0,0.0579,5,1.0,85.9,0.0478,1,1,0,2,0.0891,0.0811,1
NCRB-SYNTH-111173,Trial Court,Sec 482 CrPC (Quashing),4,2,2,0,0,0,0.328,1,25,0,1,0.0429,6,1.253,142.53,0.1491,0,0,1,1,0.0743,0.1072,1
NCRB-SYNTH-111175,Trial Court,Sec 482 CrPC (Quashing),2,3,1,0,0,0,0.1516,0,16,1,1,0.0354,2,1.0,87.11,0.0366,1,1,0,3,0.0836,0.0603,1
NCRB-SYNTH-111178,Trial Court,Sec 482 CrPC (Quashing),2,3,1,1,0,0,0.3445,0,11,0,0,0.0317,3,1.2638,106.42,0.045,1,1,0,2,0.0135,0.0123,1
NCRB-SYNTH-111182,Trial Court,Trial Judgment,1,5,1,0,0,0,0.1234,0,10,0,1,0.0511,8,1.1979,66.32,0.0455,1,1,0,2,0.0428,0.0389,1
NCRB-SYNTH-111186,High Court,Sec 439 CrPC (Regular Bail),7,5,2,0,0,0,0.2383,0,5,0,1,0.0684,4,1.08,89.84,0.1139,1,1,0,4,0.0996,0.0619,1
NCRB-SYNTH-111200,Trial Court,Sec 482 CrPC (Quashing),2,3,1,0,0,1,0.2342,0,16,1,1,0.0417,3,1.2168,117.98,0.0277,1,1,0,2,0.0619,0.0564,1
NCRB-SYNTH-111205,High Court,Sec 439 CrPC (Regular Bail),1,2,1,0,0,1,0.2173,0,30,1,1,0.0193,9,1.0031,137.86,0.1708,1,1,0,1,0.0585,0.0844,1
NCRB-SYNTH-111206,Trial Court,Writ Petition (Detention),1,3,2,0,0,0,0.256,0,6,0,0,0.0276,9,1.0,117.06,0.0271,1,1,0,1,0.074,0.1067,1
NCRB-SYNTH-111224,Trial Court,Sec 482 CrPC (Quashing),1,3,1,0,0,0,0.2864,0,39,0,0,0.0085,3,1.0,80.03,0.0775,1,1,0,3,0.013,0.0093,1
NCRB-SYNTH-111228,High Court,Writ Petition (Detention),1,4,2,0,1,0,0.2166,0,17,0,1,0.1163,1,1.1795,165.71,0.0101,1,1,0,2,0.0305,0.0277,1
NCRB-SYNTH-111238,Trial Court,Sec 482 CrPC (Quashing),1,2,2,0,0,0,0.3231,1,20,1,1,0.0463,9,1.308,110.02,0.0383,0,0,1,3,0.0182,0.0131,1
NCRB-SYNTH-111242,Trial Court,Sec 482 CrPC (Quashing),1,2,2,0,0,0,0.2978,1,20,0,1,0.0079,9,1.0669,79.85,0.153,1,1,0,4,0.0441,0.0274,1
NCRB-SYNTH-111250,High Court,Sec 439 CrPC (Regular Bail),27,5,1,0,0,1,0.1568,0,27,0,0,0.0237,8,1.1809,31.67,0.0709,1,1,0,3,0.0488,0.0352,1
NCRB-SYNTH-111253,High Court,Sec 482 CrPC (Quashing),1,3,1,0,0,0,0.3167,1,51,1,1,0.0,7,1.0385,166.89,0.1415,1,1,0,3,0.0316,0.0228,1
NCRB-SYNTH-111254,High Court,Sec 482 CrPC (Quashing),2,4,2,0,0,0,0.3555,1,15,0,0,0.0,1,1.148,58.53,0.0091,1,1,0,1,0.0962,0.1388,1
NCRB-SYNTH-111256,High Court,Sec 482 CrPC (Quashing),2,2,1,0,0,0,0.3974,0,1,0,0,0.0221,4,1.2248,170.85,0.057,1,1,0,3,0.092,0.0663,1
NCRB-SYNTH-111259,Trial Court,Sec 482 CrPC (Quashing),27,1,1,1,0,0,0.3815,0,25,0,1,0.0957,5,1.0,167.45,0.0041,1,1,0,2,0.0586,0.0533,1
NCRB-SYNTH-111266,Trial Court,Sec 482 CrPC (Quashing),1,4,2,0,0,0,0.107,0,11,0,1,0.0804,7,1.1043,109.84,0.1785,1,1,0,4,0.0873,0.0543,1
NCRB-SYNTH-111269,Trial Court,Sec 482 CrPC (Quashing),4,5,2,0,0,0,0.2471,0,32,1,1,0.0082,5,1.0915,102.33,0.0612,1,1,0,3,0.0186,0.0134,1
NCRB-SYNTH-111283,High Court,Sec 482 CrPC (Quashing),1,3,2,0,0,0,0.3702,1,22,0,0,0.0075,7,1.1069,31.96,0.1308,0,0,1,1,0.0929,0.134,1
NCRB-SYNTH-111285,Trial Court,Sec 482 CrPC (Quashing),1,3,1,0,0,0,0.1729,0,1,1,1,0.063,9,1.0226,125.12,0.0836,1,1,0,1,0.097,0.1399,1
NCRB-SYNTH-111287,Trial Court,Sec 482 CrPC (Quashing),1,2,2,0,0,1,0.2936,1,28,0,0,0.0784,4,1.1529,146.38,0.1309,1,1,0,1,0.0513,0.074,1
NCRB-SYNTH-111307,Trial Court,Sec 482 CrPC (Quashing),7,5,2,0,0,0,0.3453,0,6,0,0,0.0309,6,1.0383,40.31,0.1494,0,0,1,4,0.0722,0.0449,1
NCRB-SYNTH-111314,Trial Court,Sec 482 CrPC (Quashing),2,4,2,0,0,0,0.3653,0,2,1,1,0.041,1,1.0662,82.92,0.1113,1,1,0,1,0.0912,0.1316,1
NCRB-SYNTH-111315,Trial Court,Sec 482 CrPC (Quashing),1,2,2,0,0,0,0.2611,0,30,0,0,0.0288,7,1.1009,133.35,0.0701,1,1,0,3,0.013,0.0094,1
NCRB-SYNTH-111320,Trial Court,Sec 482 CrPC (Quashing),1,4,1,0,0,0,0.2967,0,38,0,0,0.0,5,1.1077,33.81,0.0252,1,1,0,4,0.0821,0.051,1
NCRB-SYNTH-111325,Trial Court,Sec 439 CrPC (Regular Bail),1,1,2,0,0,0,0.3247,1,34,1,1,0.0912,7,1.2734,36.65,0.0053,1,1,0,4,0.0871,0.0541,1
NCRB-SYNTH-111333,Trial Court,Sec 439 CrPC (Regular Bail),2,1,1,0,0,0,0.2294,0,21,0,0,0.11,6,1.3362,114.99,0.0435,1,1,0,1,0.0285,0.0411,1
NCRB-SYNTH-111339,Trial Court,Trial Judgment,1,4,1,0,0,0,0.1789,0,5,1,1,0.0442,1,1.0154,69.06,0.0497,1,1,0,1,0.0698,0.1007,1
NCRB-SYNTH-111344,Trial Court,Sec 482 CrPC (Quashing),1,4,2,0,0,0,0.362,0,14,0,0,0.0,8,1.134,117.22,0.1586,0,0,1,3,0.0537,0.0387,1
NCRB-SYNTH-111346,Trial Court,Sec 482 CrPC (Quashing),1,2,1,0,0,0,0.2291,0,22,0,0,0.1007,1,1.155,99.73,0.1572,0,0,1,4,0.041,0.0255,1
NCRB-SYNTH-111347,Trial Court,Sec 439 CrPC (Regular Bail),1,4,1,0,0,0,0.3503,0,36,0,0,0.001,9,1.0763,88.98,0.0677,1,1,0,4,0.0448,0.0278,1
NCRB-SYNTH-111350,Trial Court,Sec 482 CrPC (Quashing),2,4,1,0,0,0,0.2437,0,30,0,0,0.0318,3,1.0118,127.04,0.1917,1,1,0,2,0.0624,0.0568,1
NCRB-SYNTH-111358,Trial Court,Sec 482 CrPC (Quashing),2,5,1,0,0,0,0.3621,1,13,0,0,0.08,6,1.0,40.68,0.0765,1,1,0,1,0.0366,0.0527,1
NCRB-SYNTH-111368,Trial Court,Sec 439 CrPC (Regular Bail),1,3,1,0,0,0,0.1191,0,29,0,0,0.049,8,1.0109,123.26,0.0768,1,1,0,4,0.0442,0.0274,1
NCRB-SYNTH-111370,Trial Court,Sec 482 CrPC (Quashing),2,1,2,0,0,0,0.123,0,17,0,0,0.0604,6,1.1528,168.08,0.1851,1,1,0,4,0.0713,0.0443,1
NCRB-SYNTH-111371,High Court,Sec 482 CrPC (Quashing),2,4,1,0,0,0,0.1101,0,25,0,1,0.0,2,1.0643,49.74,0.1686,1,1,0,2,0.0303,0.0276,1
NCRB-SYNTH-111375,Trial Court,Sec 439 CrPC (Regular Bail),4,3,2,0,0,0,0.3285,0,15,1,1,0.0104,5,1.0,96.17,0.1398,1,1,0,4,0.0256,0.0159,1
NCRB-SYNTH-111389,High Court,Sec 439 CrPC (Regular Bail),1,1,1,0,0,0,0.1753,0,37,0,1,0.0522,1,1.0347,48.51,0.1633,1,1,0,1,0.0259,0.0374,1
NCRB-SYNTH-111403,Trial Court,Sec 439 CrPC (Regular Bail),1,2,1,0,0,0,0.199,1,4,0,0,0.0066,7,1.0,102.24,0.1497,0,0,1,2,0.0112,0.0102,1
NCRB-SYNTH-111417,Trial Court,Sec 482 CrPC (Quashing),1,4,2,1,0,0,0.3251,0,3,0,0,0.0809,2,1.0005,129.3,0.0648,1,1,0,3,0.0263,0.019,1
NCRB-SYNTH-111423,Trial Court,Sec 439 CrPC (Regular Bail),4,1,1,0,0,0,0.1266,0,35,0,0,0.0883,6,1.0,37.27,0.0696,1,1,0,1,0.0927,0.1337,1
NCRB-SYNTH-111433,Trial Court,Sec 439 CrPC (Regular Bail),1,4,2,0,0,0,0.3497,0,7,1,0,0.0508,7,1.1026,88.17,0.1768,1,1,0,4,0.0446,0.0277,1
NCRB-SYNTH-111438,Trial Court,Sec 439 CrPC (Regular Bail),1,2,1,1,0,0,0.2495,0,33,0,0,0.0785,5,1.144,114.44,0.1887,0,0,1,2,0.0785,0.0714,1
NCRB-SYNTH-111439,Trial Court,Sec 439 CrPC (Regular Bail),27,1,1,0,0,0,0.2362,1,41,0,1,0.108,4,1.037,169.67,0.1192,1,1,0,4,0.09,0.0559,1
NCRB-SYNTH-111447,Trial Court,Sec 482 CrPC (Quashing),2,4,2,0,0,0,0.1735,0,23,0,1,0.0747,7,1.0,30.78,0.1145,1,1,0,4,0.0345,0.0214,1
NCRB-SYNTH-111450,Trial Court,Sec 482 CrPC (Quashing),1,1,1,0,0,0,0.1558,0,21,1,1,0.0784,4,1.0225,58.86,0.1141,1,1,0,2,0.0605,0.0551,1
NCRB-SYNTH-111455,Trial Court,Sec 439 CrPC (Regular Bail),1,3,1,0,1,0,0.4118,1,39,0,1,0.0506,5,1.0,41.55,0.1862,1,1,0,2,0.0229,0.0208,1
NCRB-SYNTH-111459,High Court,Sec 482 CrPC (Quashing),1,2,1,0,1,0,0.217,0,33,1,1,0.0,5,1.0,64.68,0.1927,1,1,0,4,0.0726,0.0451,1
NCRB-SYNTH-111460,Trial Court,Sec 482 CrPC (Quashing),4,5,2,1,0,0,0.2254,0,39,0,0,0.0706,4,1.0067,71.72,0.1304,0,0,1,1,0.0954,0.1377,1
NCRB-SYNTH-111470,Trial Court,Sec 439 CrPC (Regular Bail),1,1,1,0,0,0,0.341,0,42,0,1,0.0498,8,1.0949,111.71,0.0176,1,1,0,4,0.0175,0.0109,1
NCRB-SYNTH-111473,High Court,Sec 482 CrPC (Quashing),21,4,1,1,0,0,0.3678,1,32,0,0,0.0547,3,1.2094,143.7,0.1855,0,0,1,2,0.0565,0.0514,1
NCRB-SYNTH-111491,Trial Court,Sec 482 CrPC (Quashing),1,5,2,0,0,0,0.1955,0,15,1,1,0.0,2,1.1278,126.12,0.1751,1,1,0,2,0.0893,0.0813,1
NCRB-SYNTH-111500,Trial Court,Sec 482 CrPC (Quashing),2,2,2,0,0,0,0.1467,0,31,0,0,0.088,9,1.0525,75.38,0.1224,1,1,0,2,0.0485,0.0442,1
NCRB-SYNTH-111502,Trial Court,Sec 482 CrPC (Quashing),27,3,1,0,0,0,0.2971,0,41,0,0,0.022,3,1.1212,179.92,0.1455,0,0,1,1,0.0599,0.0865,1
NCRB-SYNTH-111507,Trial Court,Sec 482 CrPC (Quashing),2,1,2,0,0,0,0.3025,0,16,1,1,0.0637,3,1.0,57.2,0.0845,1,1,0,4,0.0454,0.0282,1
NCRB-SYNTH-111513,Trial Court,Sec 439 CrPC (Regular Bail),4,5,2,0,0,0,0.3284,0,30,0,0,0.06,7,1.137,154.62,0.0835,0,0,1,3,0.0762,0.055,1
NCRB-SYNTH-111520,Trial Court,Sec 482 CrPC (Quashing),21,5,2,1,0,0,0.1718,0,1,0,0,0.0759,8,1.1261,117.23,0.1892,1,1,0,3,0.086,0.062,1
NCRB-SYNTH-111531,Trial Court,Writ Petition (Detention),15,1,2,0,1,0,0.317,1,15,1,1,0.0087,1,1.1758,179.16,0.051,0,0,1,3,0.0375,0.027,1
NCRB-SYNTH-111533,High Court,Trial Judgment,1,3,1,0,0,0,0.3935,0,41,0,0,0.0343,3,1.0,113.52,0.0707,1,1,0,2,0.0254,0.0231,1
NCRB-SYNTH-111536,Trial Court,Sec 482 CrPC (Quashing),1,5,1,1,0,1,0.1675,0,29,1,1,0.0414,4,1.1123,110.64,0.1658,1,1,0,1,0.0821,0.1185,1
NCRB-SYNTH-111537,Trial Court,Sec 482 CrPC (Quashing),1,4,1,0,0,0,0.22,0,4,0,0,0.0,8,1.0774,50.6,0.1983,1,1,0,3,0.0928,0.0669,1
NCRB-SYNTH-111548,High Court,Trial Judgment,7,5,1,0,0,0,0.1854,0,26,0,0,0.0059,7,1.1257,45.3,0.1411,1,1,0,4,0.0319,0.0198,1
NCRB-SYNTH-111550,Trial Court,Sec 482 CrPC (Quashing),1,3,1,0,0,0,0.1652,0,27,1,1,0.018,3,1.1434,101.22,0.0701,1,1,0,2,0.0283,0.0258,1
NCRB-SYNTH-111557,High Court,Sec 439 CrPC (Regular Bail),4,3,2,0,0,1,0.2739,1,47,1,1,0.1375,7,1.1449,158.81,0.0157,1,1,0,1,0.0912,0.1316,1
NCRB-SYNTH-111563,Trial Court,Trial Judgment,7,5,1,0,0,0,0.1532,0,45,0,0,0.0383,9,1.1634,74.66,0.0996,1,1,0,1,0.0298,0.043,1
NCRB-SYNTH-111578,Trial Court,Sec 439 CrPC (Regular Bail),4,1,1,0,0,0,0.2886,0,14,1,1,0.109,8,1.0,53.01,0.0586,1,1,0,3,0.0853,0.0615,1
NCRB-SYNTH-111583,Trial Court,Sec 482 CrPC (Quashing),1,2,1,0,0,0,0.2421,1,9,1,1,0.0098,2,1.0,112.91,0.1757,1,1,0,2,0.0591,0.0538,1
NCRB-SYNTH-111592,Trial Court,Sec 482 CrPC (Quashing),7,1,2,0,0,1,0.1502,1,38,1,1,0.0403,3,1.2003,48.78,0.0678,1,1,0,2,0.0518,0.0472,1
NCRB-SYNTH-111595,High Court,Sec 482 CrPC (Quashing),2,1,1,0,0,0,0.336,0,36,0,0,0.0,3,1.0492,89.56,0.1474,1,1,0,4,0.0504,0.0313,1
NCRB-SYNTH-111603,Trial Court,Sec 439 CrPC (Regular Bail),7,3,1,0,1,0,0.342,0,8,0,0,0.052,5,1.2701,54.75,0.0588,1,1,0,1,0.0523,0.0754,1
NCRB-SYNTH-111611,Trial Court,Sec 439 CrPC (Regular Bail),2,2,1,0,0,0,0.3608,0,7,0,0,0.0944,2,1.0701,165.2,0.0359,1,1,0,3,0.0358,0.0259,1
NCRB-SYNTH-111614,Trial Court,Sec 439 CrPC (Regular Bail),4,5,1,0,0,1,0.3263,0,28,0,0,0.055,4,1.1357,88.0,0.1652,1,1,0,3,0.0602,0.0435,1
NCRB-SYNTH-111619,Trial Court,Sec 482 CrPC (Quashing),2,4,1,0,0,0,0.2888,0,20,0,0,0.0853,2,1.0473,80.88,0.0941,1,1,0,3,0.0795,0.0573,1
NCRB-SYNTH-111631,Trial Court,Sec 482 CrPC (Quashing),1,1,1,0,0,0,0.3723,0,18,1,1,0.0667,7,1.2501,98.38,0.0736,1,1,0,4,0.0264,0.0164,1
NCRB-SYNTH-111632,Trial Court,Sec 482 CrPC (Quashing),1,1,1,0,0,0,0.3669,0,9,0,0,0.0324,1,1.2135,177.82,0.1174,1,1,0,1,0.0739,0.1066,1
NCRB-SYNTH-111634,High Court,Writ Petition (Detention),2,4,2,0,0,0,0.224,0,12,1,1,0.0551,9,1.0,162.85,0.1542,1,1,0,2,0.0204,0.0186,1
NCRB-SYNTH-111641,Trial Court,Sec 439 CrPC (Regular Bail),1,2,2,0,1,0,0.3504,0,18,0,0,0.0,3,1.2221,95.72,0.0316,1,1,0,1,0.0257,0.037,1
NCRB-SYNTH-111655,Trial Court,Sec 482 CrPC (Quashing),2,2,1,0,0,0,0.1955,0,31,1,1,0.0265,5,1.0725,39.33,0.0473,0,0,1,2,0.0647,0.0589,1
NCRB-SYNTH-111657,Trial Court,Sec 482 CrPC (Quashing),2,5,1,0,0,0,0.215,0,40,0,0,0.0606,3,1.049,134.6,0.0762,1,1,0,3,0.0357,0.0258,1
NCRB-SYNTH-111658,High Court,Sec 439 CrPC (Regular Bail),15,3,1,0,0,0,0.27,0,24,0,1,0.0555,2,1.141,50.82,0.1411,0,0,1,3,0.0338,0.0244,1
NCRB-SYNTH-111661,Trial Court,Writ Petition (Detention),1,2,2,0,0,0,0.2865,0,26,0,0,0.0337,2,1.2465,179.53,0.0459,1,1,0,1,0.0782,0.1128,1
NCRB-SYNTH-111662,Trial Court,Trial Judgment,1,4,1,0,0,0,0.346,0,16,1,1,0.0,1,1.0451,39.21,0.079,1,1,0,4,0.0524,0.0325,1
NCRB-SYNTH-111674,Trial Court,Writ Petition (Detention),1,1,1,0,0,0,0.3408,0,10,0,0,0.0889,7,1.1593,168.09,0.0852,1,1,0,4,0.0322,0.02,1
NCRB-SYNTH-111685,Trial Court,Trial Judgment,2,5,2,0,0,0,0.1129,1,10,1,1,0.0,6,1.0459,91.02,0.0134,1,1,0,1,0.0681,0.0983,1
NCRB-SYNTH-111694,Trial Court,Sec 482 CrPC (Quashing),1,2,2,1,0,0,0.3371,1,6,0,0,0.0233,1,1.1544,105.92,0.1898,1,1,0,1,0.0499,0.072,1
NCRB-SYNTH-111698,Trial Court,Sec 482 CrPC (Quashing),1,2,1,0,0,0,0.1943,1,17,0,0,0.0891,9,1.0,48.77,0.0237,1,1,0,3,0.0396,0.0286,1
NCRB-SYNTH-111699,Trial Court,Sec 482 CrPC (Quashing),2,1,1,0,0,0,0.336,0,16,0,0,0.0826,6,1.1308,151.39,0.1074,1,1,0,4,0.021,0.013,1
NCRB-SYNTH-111707,Trial Court,Sec 439 CrPC (Regular Bail),1,4,1,0,0,0,0.1054,0,44,0,0,0.0199,9,1.0356,141.8,0.0739,1,1,0,3,0.0993,0.0716,1
NCRB-SYNTH-111708,High Court,Sec 482 CrPC (Quashing),1,2,2,0,0,1,0.1592,1,8,1,1,0.0668,4,1.0,88.69,0.0215,1,1,0,3,0.0644,0.0464,1
NCRB-SYNTH-111711,Trial Court,Sec 482 CrPC (Quashing),1,1,1,0,0,0,0.1119,0,28,0,0,0.06,2,1.3565,81.49,0.044,1,1,0,4,0.0133,0.0083,1
NCRB-SYNTH-111722,High Court,Trial Judgment,1,5,1,0,0,0,0.2715,0,26,0,0,0.0,7,1.2626,168.62,0.0296,0,0,1,3,0.0151,0.0109,1
NCRB-SYNTH-111744,Trial Court,Sec 482 CrPC (Quashing),1,2,2,0,0,0,0.2529,0,4,0,0,0.0573,6,1.2139,37.25,0.1352,1,1,0,4,0.0433,0.0269,1
NCRB-SYNTH-111752,Trial Court,Sec 439 CrPC (Regular Bail),1,1,1,0,0,0,0.2878,0,33,0,0,0.116,3,1.2315,87.89,0.1245,1,1,0,1,0.0605,0.0873,1
NCRB-SYNTH-111759,Trial Court,Sec 482 CrPC (Quashing),1,2,1,0,0,0,0.1304,0,18,1,1,0.0683,4,1.0,103.53,0.0076,1,1,0,3,0.078,0.0563,1
NCRB-SYNTH-111775,Trial Court,Sec 482 CrPC (Quashing),4,5,1,0,0,0,0.2465,1,26,0,0,0.102,4,1.0236,75.23,0.0673,1,1,0,2,0.0521,0.0474,1
NCRB-SYNTH-111779,High Court,Sec 482 CrPC (Quashing),4,1,1,0,0,0,0.1408,0,31,0,0,0.0081,8,1.0,37.77,0.1291,0,0,1,2,0.0106,0.0096,1
NCRB-SYNTH-111786,Trial Court,Sec 482 CrPC (Quashing),2,4,2,0,0,0,0.3912,1,22,0,0,0.0089,2,1.0,164.4,0.0807,1,1,0,2,0.0104,0.0095,1
NCRB-SYNTH-111787,Trial Court,Writ Petition (Detention),27,1,1,0,0,0,0.4231,0,23,1,1,0.0812,8,1.204,41.49,0.1194,1,1,0,1,0.0995,0.1435,1
NCRB-SYNTH-111793,Trial Court,Sec 482 CrPC (Quashing),1,3,2,0,0,0,0.1936,0,35,0,0,0.0724,6,1.13,121.61,0.146,1,1,0,4,0.079,0.0491,1
NCRB-SYNTH-111796,Trial Court,Sec 482 CrPC (Quashing),4,3,1,0,1,0,0.1739,0,44,0,0,0.0472,4,1.1765,155.35,0.1724,1,1,0,3,0.0964,0.0695,1
NCRB-SYNTH-111804,Trial Court,Sec 482 CrPC (Quashing),4,3,2,1,0,0,0.2593,0,45,0,0,0.0168,8,1.1505,39.17,0.1947,1,1,0,1,0.0203,0.0292,1
NCRB-SYNTH-111805,Trial Court,Sec 482 CrPC (Quashing),2,1,1,0,0,0,0.2434,0,26,0,0,0.0673,4,1.1758,73.67,0.1471,0,0,1,4,0.046,0.0286,1
NCRB-SYNTH-111811,Trial Court,Sec 482 CrPC (Quashing),2,5,1,0,0,0,0.1729,0,18,0,0,0.0,2,1.2819,66.62,0.0143,1,1,0,3,0.0569,0.0411,1
NCRB-SYNTH-111812,High Court,Sec 482 CrPC (Quashing),2,5,2,0,1,0,0.3532,1,30,1,1,0.0217,8,1.277,148.0,0.0383,1,1,0,4,0.0348,0.0216,1
NCRB-SYNTH-111821,Trial Court,Trial Judgment,1,3,1,0,0,0,0.3464,0,36,1,1,0.0677,8,1.1858,147.38,0.1977,1,1,0,2,0.0897,0.0816,1
NCRB-SYNTH-111828,Trial Court,Sec 482 CrPC (Quashing),15,3,2,0,0,0,0.2217,0,35,1,1,0.0122,7,1.1371,130.87,0.1883,1,1,0,4,0.0674,0.0419,1
NCRB-SYNTH-111834,Trial Court,Sec 482 CrPC (Quashing),1,3,2,0,0,0,0.2629,0,4,0,0,0.0693,6,1.1953,100.79,0.0313,1,1,0,4,0.0625,0.0388,1
NCRB-SYNTH-111843,Trial Court,Sec 482 CrPC (Quashing),2,1,2,0,0,0,0.3695,0,23,1,1,0.0212,3,1.0,63.49,0.0515,0,0,1,1,0.0817,0.1178,1
NCRB-SYNTH-111845,Trial Court,Sec 439 CrPC (Regular Bail),4,1,1,0,0,0,0.3841,1,51,0,0,0.0163,9,1.0725,108.38,0.0444,0,0,1,2,0.0135,0.0123,1
NCRB-SYNTH-111847,Trial Court,Writ Petition (Detention),4,3,2,0,1,0,0.3581,0,30,0,0,0.0987,8,1.4056,46.87,0.1257,1,1,0,1,0.0878,0.1267,1
NCRB-SYNTH-111850,Trial Court,Sec 482 CrPC (Quashing),27,2,1,0,0,0,0.3713,0,48,1,1,0.081,7,1.1389,121.34,0.1114,1,1,0,4,0.0145,0.009,1
NCRB-SYNTH-111852,Trial Court,Sec 439 CrPC (Regular Bail),2,3,1,0,0,0,0.232,0,2,1,0,0.0524,1,1.1951,64.58,0.1547,1,1,0,2,0.0828,0.0754,1
NCRB-SYNTH-111853,Trial Court,Sec 482 CrPC (Quashing),1,2,1,0,0,0,0.3143,0,21,0,0,0.0892,2,1.1076,145.0,0.1869,1,1,0,2,0.0513,0.0467,1
NCRB-SYNTH-111861,Trial Court,Sec 482 CrPC (Quashing),1,2,1,0,0,0,0.318,1,28,1,1,0.0846,5,1.0,71.57,0.0893,1,1,0,4,0.0111,0.0069,1
NCRB-SYNTH-111864,Trial Court,Trial Judgment,1,4,1,0,0,0,0.2338,0,30,1,1,0.0306,5,1.3214,141.79,0.1433,1,1,0,2,0.0512,0.0466,1
NCRB-SYNTH-111871,Trial Court,Writ Petition (Detention),1,4,1,0,0,0,0.0945,0,7,1,1,0.0293,4,1.0,36.17,0.0147,1,1,0,2,0.0697,0.0634,1
NCRB-SYNTH-111876,Trial Court,Sec 482 CrPC (Quashing),27,1,1,0,0,0,0.1568,0,1,0,0,0.081,7,1.1571,126.72,0.0668,1,1,0,3,0.0297,0.0214,1
NCRB-SYNTH-111880,Trial Court,Sec 482 CrPC (Quashing),2,3,2,0,1,0,0.2431,0,25,1,1,0.0095,2,1.0,119.64,0.1187,0,0,1,1,0.0467,0.0674,1
NCRB-SYNTH-111898,Trial Court,Writ Petition (Detention),2,3,2,0,0,0,0.1169,1,12,1,1,0.0735,9,1.0,42.26,0.1452,1,1,0,3,0.0576,0.0415,1
NCRB-SYNTH-111902,High Court,Sec 482 CrPC (Quashing),1,3,2,0,0,0,0.1502,1,23,0,0,0.0184,2,1.0,70.99,0.1588,1,1,0,4,0.0968,0.0602,1
NCRB-SYNTH-111911,Trial Court,Sec 482 CrPC (Quashing),1,2,2,0,0,0,0.3572,0,11,0,0,0.0238,9,1.2047,146.0,0.0411,1,1,0,2,0.0363,0.033,1
NCRB-SYNTH-111914,High Court,Writ Petition (Detention),2,4,1,0,0,0,0.1227,1,37,0,0,0.0788,9,1.2291,116.7,0.1142,1,1,0,3,0.0586,0.0423,1
NCRB-SYNTH-111915,Trial Court,Sec 482 CrPC (Quashing),1,3,2,0,0,0,0.2531,1,1,1,1,0.0563,1,1.1425,141.25,0.0648,1,1,0,4,0.0259,0.0161,1
NCRB-SYNTH-111916,Trial Court,Trial Judgment,7,4,1,0,0,0,0.2471,0,11,0,0,0.0,8,1.2243,91.83,0.0581,1,1,0,4,0.0236,0.0147,1
NCRB-SYNTH-111917,Trial Court,Sec 439 CrPC (Regular Bail),1,3,1,0,0,0,0.1417,0,41,0,0,0.0322,8,1.1617,142.16,0.1271,1,1,0,2,0.0975,0.0887,1
NCRB-SYNTH-111918,Trial Court,Sec 482 CrPC (Quashing),2,4,1,0,0,0,0.2685,0,47,0,0,0.1012,2,1.1739,121.01,0.0296,1,1,0,3,0.0116,0.0083,1
NCRB-SYNTH-111924,Trial Court,Sec 482 CrPC (Quashing),1,5,1,0,0,1,0.3363,0,21,0,0,0.0815,7,1.2591,65.67,0.0591,1,1,0,1,0.0694,0.1001,1
NCRB-SYNTH-111926,Trial Court,Sec 482 CrPC (Quashing),2,5,2,0,0,0,0.1328,0,17,0,0,0.0307,7,1.2837,84.21,0.051,0,0,1,2,0.0489,0.0446,1
NCRB-SYNTH-111944,Trial Court,Sec 482 CrPC (Quashing),1,3,1,0,0,0,0.1389,1,5,0,0,0.1071,1,1.2229,150.01,0.1296,1,1,0,1,0.0132,0.019,1
NCRB-SYNTH-111945,Trial Court,Trial Judgment,2,5,1,0,1,0,0.3277,0,33,1,1,0.0278,2,1.1053,160.46,0.1929,0,0,1,2,0.0469,0.0427,1
NCRB-SYNTH-111951,Trial Court,Trial Judgment,2,4,2,0,0,0,0.2556,0,13,1,1,0.0477,3,1.0701,177.23,0.1049,0,0,1,1,0.0793,0.1144,1
NCRB-SYNTH-111958,Trial Court,Sec 482 CrPC (Quashing),2,2,2,0,0,0,0.227,0,36,0,0,0.0468,2,1.0,125.05,0.0425,0,0,1,2,0.0713,0.0649,1
NCRB-SYNTH-111960,Trial Court,Sec 482 CrPC (Quashing),1,1,2,0,0,0,0.2066,1,33,0,0,0.0628,7,1.1243,166.42,0.1342,1,1,0,3,0.0976,0.0704,1
NCRB-SYNTH-111961,Trial Court,Trial Judgment,21,1,1,0,0,0,0.2486,1,24,0,0,0.0367,6,1.0357,94.23,0.111,1,1,0,1,0.0336,0.0484,1
NCRB-SYNTH-111967,Trial Court,Sec 439 CrPC (Regular Bail),2,5,2,0,0,0,0.302,1,17,1,1,0.0,2,1.2196,154.54,0.0623,1,1,0,3,0.0468,0.0337,1
NCRB-SYNTH-111976,High Court,Sec 482 CrPC (Quashing),1,1,1,0,0,0,0.1931,1,5,0,0,0.058,9,1.1169,159.01,0.1396,1,1,0,2,0.0888,0.0809,1
NCRB-SYNTH-111978,High Court,Sec 482 CrPC (Quashing),1,1,2,0,0,0,0.3513,0,11,0,0,0.0392,6,1.11,159.44,0.1642,0,0,1,1,0.0927,0.1338,1
NCRB-SYNTH-111990,Trial Court,Sec 482 CrPC (Quashing),4,3,1,0,0,0,0.1146,0,8,0,0,0.0528,9,1.0,170.89,0.0332,0,0,1,2,0.0901,0.082,1
NCRB-SYNTH-111993,High Court,Trial Judgment,15,4,2,0,0,0,0.1671,0,16,0,0,0.04,2,1.0,142.89,0.0307,1,1,0,2,0.0869,0.0791,1
NCRB-SYNTH-111995,Trial Court,Sec 482 CrPC (Quashing),1,2,1,0,1,0,0.2591,0,35,1,1,0.0967,9,1.1415,37.69,0.0912,1,1,0,4,0.095,0.059,1
NCRB-SYNTH-111997,High Court,Sec 439 CrPC (Regular Bail),2,5,2,0,0,0,0.2316,0,11,1,1,0.0902,1,1.1051,177.75,0.141,0,0,1,2,0.0341,0.031,1
NCRB-SYNTH-111999,Trial Court,Writ Petition (Detention),1,1,2,0,0,0,0.2821,1,9,0,0,0.0429,5,1.1116,88.96,0.1518,1,1,0,2,0.0626,0.057,1
NCRB-SYNTH-112006,High Court,Trial Judgment,4,3,2,0,0,0,0.0945,0,18,0,0,0.0431,2,1.1469,161.2,0.1227,1,1,0,1,0.0799,0.1153,1
NCRB-SYNTH-112008,Trial Court,Sec 482 CrPC (Quashing),4,1,1,0,0,0,0.2326,1,1,0,0,0.0429,2,1.3072,57.4,0.1232,1,1,0,1,0.0175,0.0252,1
NCRB-SYNTH-112010,Trial Court,Sec 482 CrPC (Quashing),2,4,1,0,0,0,0.281,1,44,0,0,0.0688,4,1.1556,65.75,0.0615,0,0,1,2,0.0934,0.085,1
NCRB-SYNTH-112011,Trial Court,Writ Petition (Detention),2,1,1,1,0,0,0.31,0,19,0,1,0.0119,3,1.1533,114.59,0.1273,1,1,0,3,0.0353,0.0255,1
NCRB-SYNTH-112013,Trial Court,Sec 482 CrPC (Quashing),1,2,1,0,0,0,0.3383,0,7,1,0,0.0838,9,1.0,117.91,0.0301,0,0,1,4,0.0372,0.0231,1
NCRB-SYNTH-112023,Trial Court,Sec 482 CrPC (Quashing),4,5,1,0,0,0,0.2375,1,1,0,1,0.0137,2,1.0483,30.17,0.0241,0,0,1,4,0.0781,0.0485,1
NCRB-SYNTH-112024,Trial Court,Sec 482 CrPC (Quashing),1,5,2,0,0,0,0.2684,0,30,1,1,0.0019,4,1.2247,100.36,0.1602,1,1,0,2,0.0897,0.0817,1
NCRB-SYNTH-112035,High Court,Sec 482 CrPC (Quashing),1,1,1,0,0,0,0.3374,1,26,1,1,0.0816,3,1.0805,173.47,0.0697,1,1,0,3,0.0273,0.0197,1
NCRB-SYNTH-112038,Trial Court,Writ Petition (Detention),7,3,2,0,0,0,0.3442,0,47,0,0,0.0604,1,1.1494,33.1,0.0106,1,1,0,4,0.0472,0.0293,1
NCRB-SYNTH-112048,Trial Court,Sec 482 CrPC (Quashing),1,3,2,0,0,0,0.391,1,29,0,0,0.0505,1,1.0505,165.24,0.0082,1,1,0,1,0.049,0.0707,1
NCRB-SYNTH-112061,Trial Court,Sec 482 CrPC (Quashing),1,1,1,0,0,0,0.2438,0,39,0,1,0.0434,9,1.0372,126.61,0.1837,1,1,0,3,0.0479,0.0345,1
NCRB-SYNTH-112065,Trial Court,Sec 482 CrPC (Quashing),1,4,1,0,0,0,0.141,0,10,0,1,0.0413,2,1.0568,113.78,0.1019,1,1,0,2,0.0953,0.0867,1
NCRB-SYNTH-112068,Trial Court,Sec 482 CrPC (Quashing),1,2,1,0,0,1,0.1858,0,6,0,1,0.0,3,1.0,33.54,0.0873,1,1,0,3,0.0889,0.0642,1
NCRB-SYNTH-112069,Trial Court,Sec 482 CrPC (Quashing),15,1,2,0,0,0,0.401,1,25,0,0,0.0946,9,1.1563,64.66,0.1638,0,0,1,3,0.02,0.0144,1
NCRB-SYNTH-112074,High Court,Sec 482 CrPC (Quashing),2,4,2,0,0,0,0.1433,0,10,0,0,0.0615,4,1.0,160.5,0.1457,1,1,0,4,0.021,0.013,1
NCRB-SYNTH-112076,High Court,Sec 482 CrPC (Quashing),21,2,2,0,0,0,0.0806,0,14,0,0,0.0592,9,1.1641,76.58,0.0039,1,1,0,1,0.0357,0.0515,1
NCRB-SYNTH-112098,Trial Court,Sec 482 CrPC (Quashing),1,2,2,1,0,0,0.2838,0,24,0,0,0.0047,2,1.0,153.2,0.1622,1,1,0,4,0.093,0.0578,1
NCRB-SYNTH-112103,Trial Court,Sec 482 CrPC (Quashing),1,1,2,0,1,0,0.2857,0,27,0,0,0.1017,7,1.0962,77.51,0.0434,1,1,0,2,0.0504,0.0459,1
NCRB-SYNTH-112115,Trial Court,Sec 482 CrPC (Quashing),7,5,2,0,0,0,0.0613,0,18,1,1,0.1022,5,1.126,171.28,0.0423,1,1,0,3,0.0747,0.0538,1
NCRB-SYNTH-112124,Trial Court,Sec 482 CrPC (Quashing),1,1,1,0,0,0,0.3187,0,18,1,1,0.057,5,1.0,136.97,0.0112,1,1,0,1,0.0774,0.1116,1
NCRB-SYNTH-112126,Trial Court,Sec 482 CrPC (Quashing),2,4,1,0,1,0,0.1087,0,13,1,1,0.0171,7,1.0665,69.54,0.1702,1,1,0,2,0.0722,0.0657,1
NCRB-SYNTH-112128,Trial Court,Sec 439 CrPC (Regular Bail),1,3,2,0,0,0,0.2922,0,36,1,1,0.0176,5,1.3316,75.07,0.0317,0,0,1,1,0.064,0.0923,1
NCRB-SYNTH-112140,Trial Court,Sec 482 CrPC (Quashing),2,2,2,0,0,0,0.3633,0,28,1,1,0.0583,7,1.0255,94.76,0.1556,1,1,0,3,0.0511,0.0368,1
NCRB-SYNTH-112142,Trial Court,Sec 482 CrPC (Quashing),1,3,2,0,0,0,0.2327,0,41,1,1,0.0758,8,1.1685,97.41,0.0337,0,0,1,2,0.0118,0.0108,1
NCRB-SYNTH-112167,Trial Court,Writ Petition (Detention),1,4,1,0,0,0,0.3749,0,7,1,1,0.0,2,1.1298,158.85,0.0898,1,1,0,1,0.0145,0.021,1
NCRB-SYNTH-112172,Trial Court,Sec 439 CrPC (Regular Bail),4,4,2,0,0,0,0.2368,1,15,0,0,0.1423,6,1.1373,58.08,0.098,0,0,1,3,0.0682,0.0492,1
NCRB-SYNTH-112174,Trial Court,Sec 482 CrPC (Quashing),2,5,1,0,0,0,0.219,0,13,0,0,0.0441,4,1.2235,103.89,0.0686,1,1,0,3,0.0931,0.0671,1
NCRB-SYNTH-112182,Trial Court,Sec 439 CrPC (Regular Bail),1,4,2,0,0,0,0.272,0,34,0,0,0.0292,8,1.1011,66.94,0.1048,1,1,0,1,0.0983,0.1418,1
NCRB-SYNTH-112193,Trial Court,Sec 439 CrPC (Regular Bail),1,1,2,0,0,0,0.2453,0,10,1,1,0.0,9,1.0933,107.41,0.0583,0,0,1,2,0.0704,0.0641,1
NCRB-SYNTH-112207,Trial Court,Sec 439 CrPC (Regular Bail),2,3,1,0,0,0,0.114,0,43,0,1,0.0915,1,1.0754,92.47,0.1828,0,0,1,2,0.0814,0.0741,1
NCRB-SYNTH-112213,High Court,Sec 439 CrPC (Regular Bail),1,5,1,0,0,0,0.38,0,6,0,0,0.045,5,1.0,77.69,0.107,1,1,0,3,0.0273,0.0197,1
NCRB-SYNTH-112214,Trial Court,Sec 482 CrPC (Quashing),4,2,2,1,0,0,0.2164,0,15,0,0,0.0246,2,1.2009,53.58,0.0781,1,1,0,4,0.0116,0.0072,1
NCRB-SYNTH-112232,Trial Court,Sec 482 CrPC (Quashing),1,2,2,0,0,0,0.2781,0,36,0,1,0.0982,1,1.0,150.87,0.0033,1,1,0,1,0.0896,0.1293,1
NCRB-SYNTH-112236,Trial Court,Trial Judgment,1,5,2,0,0,1,0.2629,0,14,0,0,0.0579,5,1.0,178.72,0.1737,1,1,0,4,0.0371,0.023,1
NCRB-SYNTH-112238,High Court,Trial Judgment,1,2,2,0,0,0,0.291,1,22,0,1,0.1235,2,1.1728,144.29,0.0749,1,1,0,1,0.0426,0.0615,1
NCRB-SYNTH-112240,Trial Court,Sec 482 CrPC (Quashing),1,5,1,0,0,0,0.3549,1,25,0,0,0.0273,4,1.3445,136.28,0.1977,1,1,0,2,0.0298,0.0271,1
NCRB-SYNTH-112243,Trial Court,Sec 482 CrPC (Quashing),1,1,2,0,0,0,0.3205,0,1,0,0,0.0185,9,1.1282,63.28,0.1847,1,1,0,3,0.0344,0.0248,1
NCRB-SYNTH-112244,Trial Court,Sec 439 CrPC (Regular Bail),2,3,2,0,0,0,0.3527,0,14,1,0,0.1125,3,1.0827,121.18,0.0253,1,1,0,2,0.0593,0.054,1
NCRB-SYNTH-112250,Trial Court,Sec 482 CrPC (Quashing),1,4,1,0,0,0,0.354,1,1,1,1,0.1119,5,1.2514,146.64,0.1133,0,0,1,4,0.0107,0.0067,1
NCRB-SYNTH-112261,Trial Court,Sec 482 CrPC (Quashing),27,2,2,0,0,0,0.2227,0,38,0,1,0.0591,4,1.0,68.11,0.1203,1,1,0,2,0.0592,0.0539,1
NCRB-SYNTH-112271,High Court,Sec 482 CrPC (Quashing),21,5,2,0,0,0,0.1655,1,30,0,0,0.0933,3,1.0528,122.07,0.0488,1,1,0,4,0.094,0.0584,1
NCRB-SYNTH-112273,Trial Court,Writ Petition (Detention),4,5,2,0,0,0,0.2549,0,31,0,0,0.1025,5,1.0053,97.58,0.1686,1,1,0,1,0.0651,0.0939,1
NCRB-SYNTH-112282,Trial Court,Sec 482 CrPC (Quashing),2,2,2,0,0,0,0.2887,0,19,0,0,0.0155,1,1.1188,155.54,0.0299,1,1,0,1,0.0192,0.0276,1
NCRB-SYNTH-112293,Trial Court,Sec 439 CrPC (Regular Bail),2,3,1,0,0,0,0.3105,1,41,0,0,0.0905,3,1.0521,134.24,0.0047,1,1,0,1,0.0176,0.0254,1
NCRB-SYNTH-112296,Trial Court,Sec 482 CrPC (Quashing),1,3,2,0,0,0,0.3265,1,18,0,0,0.0578,1,1.0332,71.66,0.1156,1,1,0,4,0.0966,0.06,1
NCRB-SYNTH-112301,High Court,Trial Judgment,2,2,1,0,0,0,0.1975,0,6,0,0,0.0667,9,1.0698,119.46,0.1112,1,1,0,2,0.0767,0.0699,1
NCRB-SYNTH-112305,High Court,Trial Judgment,4,5,2,0,0,0,0.2101,0,29,0,0,0.0011,4,1.234,174.66,0.1725,1,1,0,4,0.0396,0.0246,1
NCRB-SYNTH-112308,Trial Court,Sec 439 CrPC (Regular Bail),7,2,2,0,0,0,0.3943,1,36,0,0,0.0784,9,1.0,93.93,0.1845,1,1,0,4,0.0597,0.0371,1
NCRB-SYNTH-112320,Trial Court,Trial Judgment,1,2,1,0,0,0,0.2754,0,34,0,0,0.0457,5,1.0,46.65,0.1711,1,1,0,2,0.0275,0.0251,1
NCRB-SYNTH-112322,High Court,Sec 482 CrPC (Quashing),1,5,2,0,0,0,0.174,0,4,0,0,0.0654,4,1.0,150.19,0.1172,1,1,0,3,0.0458,0.0331,1
NCRB-SYNTH-112329,Trial Court,Sec 482 CrPC (Quashing),2,5,1,0,0,0,0.3483,1,29,0,0,0.0956,3,1.0,170.23,0.1843,1,1,0,1,0.0321,0.0463,1
NCRB-SYNTH-112332,Trial Court,Sec 439 CrPC (Regular Bail),2,2,1,0,0,0,0.2425,1,3,0,0,0.0524,3,1.0479,135.27,0.1685,1,1,0,3,0.039,0.0282,1
NCRB-SYNTH-112333,High Court,Sec 482 CrPC (Quashing),4,3,2,0,0,0,0.1969,1,28,0,0,0.0183,6,1.1261,173.26,0.099,1,1,0,3,0.0868,0.0626,1
NCRB-SYNTH-112334,Trial Court,Sec 482 CrPC (Quashing),4,3,2,0,0,0,0.2654,0,37,1,1,0.0587,7,1.0005,53.17,0.1861,1,1,0,2,0.085,0.0773,1
NCRB-SYNTH-112352,Trial Court,Sec 482 CrPC (Quashing),2,1,1,0,1,0,0.3293,0,28,0,0,0.0883,4,1.0,124.37,0.0441,1,1,0,2,0.0773,0.0703,1
NCRB-SYNTH-112375,Trial Court,Sec 482 CrPC (Quashing),1,5,1,0,0,0,0.1446,1,38,0,0,0.1174,7,1.2357,154.01,0.0059,1,1,0,1,0.0632,0.0912,1
NCRB-SYNTH-112380,High Court,Sec 439 CrPC (Regular Bail),1,1,2,0,0,0,0.2528,0,4,0,0,0.0714,8,1.1438,148.1,0.1754,1,1,0,4,0.0319,0.0198,1
NCRB-SYNTH-112389,Trial Court,Sec 482 CrPC (Quashing),1,4,1,0,0,0,0.2969,0,3,0,1,0.0749,9,1.1832,55.98,0.0384,1,1,0,4,0.0592,0.0368,1
NCRB-SYNTH-112392,Trial Court,Sec 439 CrPC (Regular Bail),2,1,2,0,0,0,0.1699,0,11,0,0,0.0571,9,1.0,151.54,0.1427,0,0,1,3,0.0835,0.0602,1
NCRB-SYNTH-112394,Trial Court,Sec 482 CrPC (Quashing),15,3,2,1,0,0,0.2626,1,22,0,0,0.146,3,1.2178,123.03,0.186,1,1,0,3,0.0639,0.0461,1
NCRB-SYNTH-112405,High Court,Sec 482 CrPC (Quashing),1,3,2,1,1,0,0.1787,0,29,0,1,0.0335,1,1.1477,37.49,0.1096,1,1,0,1,0.0676,0.0976,1
NCRB-SYNTH-112409,Trial Court,Sec 482 CrPC (Quashing),1,5,2,0,0,0,0.1482,0,14,1,1,0.0405,8,1.0203,110.02,0.1242,1,1,0,2,0.0515,0.0469,1
NCRB-SYNTH-112410,Trial Court,Sec 439 CrPC (Regular Bail),1,4,2,0,0,0,0.1882,0,24,0,0,0.0,6,1.1259,147.0,0.1142,1,1,0,4,0.0773,0.048,1
NCRB-SYNTH-112412,Trial Court,Writ Petition (Detention),1,2,1,0,0,0,0.3083,0,35,1,1,0.0494,6,1.2374,98.8,0.061,1,1,0,2,0.0211,0.0192,1
NCRB-SYNTH-112414,Trial Court,Trial Judgment,2,4,1,0,0,0,0.1729,0,30,1,1,0.041,2,1.0323,86.65,0.0958,1,1,0,2,0.0607,0.0552,1
NCRB-SYNTH-112421,Trial Court,Sec 439 CrPC (Regular Bail),1,5,2,0,0,0,0.3312,0,7,1,1,0.0961,5,1.1378,57.0,0.1847,0,0,1,2,0.0726,0.0661,1
NCRB-SYNTH-112431,High Court,Sec 482 CrPC (Quashing),1,5,2,0,0,0,0.2656,0,5,1,1,0.0337,1,1.0892,80.98,0.1024,1,1,0,2,0.0885,0.0806,1
NCRB-SYNTH-112433,Trial Court,Trial Judgment,2,2,2,0,0,0,0.3223,0,37,0,0,0.0511,3,1.0,79.95,0.1505,0,0,1,2,0.0825,0.0751,1
NCRB-SYNTH-112436,Trial Court,Sec 482 CrPC (Quashing),15,1,2,0,0,0,0.1578,0,24,0,0,0.0291,3,1.1138,169.85,0.0282,1,1,0,3,0.0983,0.0709,1
NCRB-SYNTH-112443,Trial Court,Writ Petition (Detention),1,5,1,0,0,0,0.3046,0,12,1,1,0.0648,9,1.0,115.74,0.1202,1,1,0,1,0.0438,0.0631,1
NCRB-SYNTH-112448,Trial Court,Sec 482 CrPC (Quashing),1,4,2,0,1,0,0.2191,0,11,0,1,0.0423,1,1.0221,145.88,0.113,1,1,0,1,0.0402,0.058,1
NCRB-SYNTH-112451,Trial Court,Sec 482 CrPC (Quashing),1,4,1,0,0,0,0.2469,0,22,1,1,0.0483,5,1.0442,39.29,0.1304,1,1,0,3,0.0791,0.0571,1
NCRB-SYNTH-112463,Trial Court,Sec 482 CrPC (Quashing),2,5,2,0,0,0,0.2386,0,20,0,1,0.1067,7,1.1175,41.13,0.0728,1,1,0,2,0.0169,0.0153,1
NCRB-SYNTH-112482,Trial Court,Sec 482 CrPC (Quashing),1,5,2,0,0,0,0.3101,0,42,1,1,0.0246,5,1.0491,116.33,0.0392,1,1,0,2,0.0515,0.0469,1
NCRB-SYNTH-112496,Trial Court,Sec 439 CrPC (Regular Bail),2,4,2,0,0,1,0.1041,1,23,0,0,0.0,6,1.0557,143.62,0.0008,1,1,0,2,0.0471,0.0429,1
