case_reference_id,court_level,case_type,number_of_cases_alleged,number_of_accused,victim_count,cross_state_indicator,cross_border_indicator,cybercrime_indicator,financial_fraud_indicator,organized_operation_indicator,repeat_offender_indicator,ipc_420,ipc_468_471,ipc_120b_or_34,evidence_completeness_score,charge_sheet_filed,custody_duration_days,statutory_cert_present,chain_of_custody_complete,night_call_ratio,call_burst_frequency,imei_sim_swap_ratio,avg_call_duration_sec,internet_banking_software_targeted,banking_password_compromised,unauthorized_transfer_amount_inr,amount_credited_to_accused_ratio,account_frozen_indicator,suspicious_credit_not_reported,bank_correction_request_absent,is_fund_transit_velocity_applicable,fund_transit_velocity_minutes,fan_in_count,linked_beneficiary_account_count,it_act_66,it_act_66c,reasonable_doubt_identity_gap,network_degree,network_betweenness,topological_kingpin_score,label_entity_role,label_high_risk_cyber_syndicate,label_public_order_vs_law_and_order,label_bail_or_custody_relief,label_conviction_outcome
NCRB-SYNTH-100003,High Court,Sec 439 CrPC (Regular Bail),15,19,92,1,0,1,1,1,1,1,1,1,0.6268,1,37,0,1,0.1527,1,1.0363,134.71,1,1,8261066.53,0.2861,1,1,1,1,6.49,23,3,1,1,1,34,0.1513,0.0425,4,1,1,0,1
NCRB-SYNTH-100010,Trial Court,Sec 439 CrPC (Regular Bail),4,18,33,1,0,1,1,1,0,1,1,1,0.9049,1,58,0,1,0.0679,6,1.0,82.5,1,1,6171689.71,0.8338,1,1,1,1,1.01,20,4,1,1,1,13,0.271,0.1027,4,1,1,0,1
NCRB-SYNTH-100013,High Court,Trial Judgment,2,4,73,1,0,1,1,1,1,1,1,1,0.4062,1,62,0,0,0.0825,2,1.0,65.33,1,1,5395424.58,0.9242,1,1,1,1,5.33,14,11,1,1,1,6,0.0883,0.0454,3,1,1,0,0
NCRB-SYNTH-100026,Trial Court,Sec 439 CrPC (Regular Bail),7,8,76,1,0,1,1,1,1,1,1,1,0.4771,1,42,0,0,0.0682,1,1.0738,153.67,1,1,12104805.07,0.4738,1,1,1,1,14.79,8,7,1,1,1,21,0.289,0.0935,4,1,1,0,0
NCRB-SYNTH-100036,Trial Court,Sec 439 CrPC (Regular Bail),4,12,64,1,0,1,1,1,0,1,1,1,0.7976,1,31,1,1,0.08,9,1.2193,45.39,1,1,11571148.91,0.8233,1,1,1,1,6.65,9,4,1,1,1,12,0.1812,0.0706,4,1,1,0,1
NCRB-SYNTH-100052,High Court,Sec 439 CrPC (Regular Bail),4,13,60,1,0,1,1,1,0,1,1,1,0.7736,1,169,0,0,0.1055,1,1.1583,110.23,1,1,4150723.55,0.7537,1,1,1,1,18.8,23,7,1,1,1,23,0.2118,0.0666,4,1,1,1,1
NCRB-SYNTH-100063,High Court,Trial Judgment,2,18,51,1,0,1,1,1,1,1,1,1,0.397,0,133,1,1,0.0834,9,1.1867,36.09,1,1,3583897.48,0.4032,1,1,1,1,3.98,15,7,1,1,1,32,0.0943,0.027,4,1,1,1,0
NCRB-SYNTH-100068,High Court,Sec 439 CrPC (Regular Bail),7,10,5,1,0,1,1,1,0,1,1,1,0.436,1,57,0,0,0.1362,8,1.1431,121.74,1,1,6996705.85,0.6365,1,1,1,1,2.55,16,8,1,1,1,4,0.073,0.0454,3,1,1,0,0
NCRB-SYNTH-100071,Trial Court,Sec 439 CrPC (Regular Bail),4,25,59,1,0,1,1,1,1,1,1,1,0.8867,1,55,1,0,0.1011,2,1.1267,31.66,1,1,2331850.72,0.2495,1,1,1,1,11.55,20,4,1,1,1,9,0.1179,0.0512,3,1,1,0,1
NCRB-SYNTH-100074,High Court,Sec 439 CrPC (Regular Bail),2,21,35,1,0,1,1,1,1,1,1,1,0.5083,1,188,0,0,0.1117,2,1.1966,154.39,1,1,2344385.54,0.4829,1,1,1,1,3.43,8,13,1,1,1,22,0.2897,0.0924,4,1,1,0,0
NCRB-SYNTH-100075,Trial Court,Sec 439 CrPC (Regular Bail),27,21,84,0,0,1,1,1,0,1,1,1,0.5437,1,152,0,0,0.1401,6,1.2956,44.13,1,1,12450834.71,0.5978,1,1,1,1,1.96,17,9,1,1,1,24,0.198,0.0615,4,1,1,1,0
NCRB-SYNTH-100076,Trial Court,Sec 439 CrPC (Regular Bail),4,24,95,1,0,1,1,1,1,1,1,1,0.7843,0,79,1,1,0.0416,4,1.0,110.87,1,1,10844379.23,0.1717,1,1,1,1,4.82,16,11,1,1,1,17,0.16,0.0553,4,1,1,0,1
NCRB-SYNTH-100077,High Court,Sec 439 CrPC (Regular Bail),7,3,15,1,0,1,1,1,0,1,1,1,0.9657,1,175,0,0,0.0762,8,1.0888,81.6,1,1,4860687.09,0.9719,1,1,1,1,13.22,6,10,1,1,1,34,0.2595,0.073,4,1,1,0,1
NCRB-SYNTH-100087,Trial Court,Sec 439 CrPC (Regular Bail),7,15,64,0,0,1,1,1,0,1,1,1,0.8508,0,122,0,0,0.0534,4,1.205,54.24,1,1,13305136.83,0.7863,1,1,1,1,3.05,16,3,1,1,1,3,0.5149,0.3714,1,1,1,0,1
NCRB-SYNTH-100092,Trial Court,Sec 439 CrPC (Regular Bail),2,15,54,1,0,1,1,1,0,1,1,1,0.4959,1,41,1,1,0.0582,1,1.2245,43.46,1,1,6499571.03,0.9895,1,1,1,1,5.29,10,7,1,1,1,15,0.3036,0.1095,4,1,1,0,0
NCRB-SYNTH-100093,Trial Court,Sec 439 CrPC (Regular Bail),7,12,64,1,0,1,1,1,1,1,1,1,0.7957,1,181,1,1,0.0544,4,1.0502,153.51,1,1,2989294.26,0.3932,1,1,1,1,24.73,20,5,1,1,1,28,0.3159,0.0938,4,1,1,0,1
NCRB-SYNTH-100095,High Court,Sec 439 CrPC (Regular Bail),2,11,92,1,0,1,1,1,0,1,1,1,0.8427,1,90,0,0,0.0,7,1.1363,120.32,1,1,11305188.96,0.6319,1,1,1,1,2.15,25,3,1,1,1,1,0.6144,0.8864,1,1,1,0,1
NCRB-SYNTH-100108,High Court,Sec 439 CrPC (Regular Bail),7,4,34,1,0,1,1,1,0,1,1,1,0.5339,1,78,1,1,0.0899,7,1.0231,90.72,1,1,7058060.0,0.9447,1,1,1,1,3.5,21,9,1,1,1,13,0.1303,0.0494,4,1,1,0,0
NCRB-SYNTH-100114,Trial Court,Sec 482 CrPC (Quashing),7,6,71,1,0,1,1,1,1,1,1,1,0.618,1,122,1,1,0.0,2,1.142,129.87,1,1,2981674.1,0.4532,1,1,1,1,27.11,8,8,1,1,1,15,0.2708,0.0977,4,1,1,0,1
NCRB-SYNTH-100117,Trial Court,Sec 482 CrPC (Quashing),2,10,72,1,0,1,1,1,0,1,1,1,0.7498,1,176,1,1,0.0942,8,1.0,152.23,1,1,1134442.76,0.5274,1,1,1,1,2.66,22,3,1,1,1,25,0.2745,0.0842,4,1,1,0,1
NCRB-SYNTH-100121,High Court,Writ Petition (Detention),4,18,81,1,0,1,1,1,0,1,1,1,0.5115,1,90,1,1,0.024,1,1.0622,79.19,1,1,7659619.21,0.6999,1,1,1,1,9.21,17,15,1,1,1,23,0.3015,0.0949,4,1,1,0,0
NCRB-SYNTH-100127,High Court,Writ Petition (Detention),7,24,18,1,0,1,1,1,0,1,1,1,0.5637,1,59,1,0,0.0519,1,1.0284,43.74,1,1,5035991.88,0.7368,1,1,1,1,8.85,19,5,1,1,1,8,0.1322,0.0602,3,1,1,0,0
NCRB-SYNTH-100138,High Court,Sec 482 CrPC (Quashing),4,21,26,1,0,1,1,1,1,1,1,1,0.7323,1,165,0,0,0.0874,2,1.0903,157.79,1,1,7214664.3,0.3639,1,1,1,1,6.22,14,3,1,1,1,18,0.1559,0.053,4,1,1,0,1
NCRB-SYNTH-100158,High Court,Sec 439 CrPC (Regular Bail),7,5,25,1,1,1,1,1,0,1,1,1,0.4928,1,130,0,0,0.0948,6,1.0936,149.3,1,1,5044667.49,0.2611,1,1,1,1,15.8,15,4,1,1,1,1,0.6671,0.9624,1,1,1,0,0
NCRB-SYNTH-100160,High Court,Trial Judgment,2,4,93,1,0,1,1,1,1,1,1,1,0.5634,1,167,1,1,0.0897,3,1.0622,150.57,1,1,5527611.46,0.7377,1,1,1,1,7.2,16,14,1,1,1,44,0.1058,0.0278,4,1,1,0,0
NCRB-SYNTH-100166,High Court,Sec 439 CrPC (Regular Bail),7,18,36,1,0,1,1,1,1,1,1,1,0.3647,1,131,1,1,0.0473,5,1.0832,34.98,1,1,13286869.43,0.479,1,1,1,1,10.21,8,10,1,1,1,1,0.6996,1.0093,1,1,1,0,0
NCRB-SYNTH-100187,High Court,Sec 439 CrPC (Regular Bail),2,12,77,1,0,1,1,1,1,1,1,1,0.7338,1,108,1,1,0.0823,4,1.0088,158.87,1,1,12620543.87,0.337,1,1,1,1,5.51,5,12,1,1,1,1,0.4482,0.6466,1,1,1,0,1
NCRB-SYNTH-100197,High Court,Sec 439 CrPC (Regular Bail),7,19,52,0,0,1,1,1,1,1,1,1,0.6916,0,25,1,1,0.0464,8,1.0917,33.65,1,1,2746600.48,0.6582,1,1,1,1,25.16,14,6,1,1,1,28,0.2925,0.0869,4,1,1,1,1
NCRB-SYNTH-100200,Supreme Court,Trial Judgment,2,14,100,1,0,1,1,1,0,1,1,1,0.4328,1,18,1,1,0.105,6,1.084,152.16,1,1,3902723.81,0.4445,1,1,1,1,4.28,5,7,1,1,1,7,0.1271,0.0611,3,1,1,0,0
NCRB-SYNTH-100215,High Court,Trial Judgment,2,3,44,1,0,1,1,1,0,1,1,1,0.4343,1,75,0,1,0.1036,3,1.0,131.64,1,1,7162229.01,0.7567,1,1,1,1,70.88,20,4,1,1,1,28,0.1255,0.0373,4,1,1,0,0
NCRB-SYNTH-100218,Supreme Court,Sec 482 CrPC (Quashing),7,24,11,1,0,1,1,1,0,1,1,1,0.5124,1,56,1,1,0.094,7,1.1947,157.89,1,1,8922249.86,0.4942,1,1,1,1,4.23,25,8,1,1,1,18,0.1063,0.0361,4,1,1,0,0
NCRB-SYNTH-100220,High Court,Sec 482 CrPC (Quashing),2,12,50,1,0,1,1,1,0,1,1,1,0.7128,1,47,1,1,0.005,4,1.0827,34.94,1,1,10009810.35,0.2027,1,1,1,1,23.11,5,3,1,1,1,18,0.1698,0.0577,4,1,1,0,1
NCRB-SYNTH-100231,High Court,Writ Petition (Detention),15,12,89,1,0,1,1,1,0,1,1,1,0.7715,1,74,0,0,0.1603,1,1.1892,45.67,1,1,2342982.93,0.5953,1,1,1,1,9.11,15,11,1,1,1,29,0.3069,0.0902,4,1,1,0,1
NCRB-SYNTH-100236,Trial Court,Sec 439 CrPC (Regular Bail),7,24,9,1,0,1,1,1,0,1,1,1,0.9191,1,96,1,1,0.1124,5,1.176,63.05,1,1,9307443.8,0.3189,1,1,1,1,1.23,13,7,1,1,1,38,0.2829,0.0772,4,1,1,0,1
NCRB-SYNTH-100266,High Court,Sec 439 CrPC (Regular Bail),15,20,58,1,0,1,1,1,0,1,1,1,0.5762,1,103,1,1,0.0622,8,1.2186,112.08,1,1,13320576.35,0.9041,1,1,1,1,2.04,22,15,1,1,1,13,0.1258,0.0477,4,1,1,0,0
NCRB-SYNTH-100268,High Court,Sec 439 CrPC (Regular Bail),4,14,23,1,0,1,1,1,0,1,1,1,0.412,1,48,0,0,0.1133,1,1.2003,62.31,1,1,1180725.51,0.3455,1,1,1,1,1.26,16,15,1,1,1,5,0.2021,0.1128,3,1,1,0,0
NCRB-SYNTH-100271,Trial Court,Sec 439 CrPC (Regular Bail),1,20,52,0,0,1,1,1,0,1,1,1,0.7871,0,171,1,1,0.0414,3,1.0,34.75,1,1,8940975.22,0.9381,1,1,1,1,2.33,12,3,1,1,1,1,0.5667,0.8176,1,1,1,1,1
NCRB-SYNTH-100272,High Court,Sec 439 CrPC (Regular Bail),4,11,11,1,0,1,1,1,0,1,1,1,0.5769,1,21,1,1,0.0134,5,1.0,57.88,1,1,12983997.96,0.8898,1,1,1,1,1.68,21,6,1,1,1,3,0.4769,0.344,1,1,1,0,0
NCRB-SYNTH-100277,High Court,Trial Judgment,2,4,26,1,0,1,1,1,0,1,1,1,0.8163,1,88,0,0,0.1842,3,1.1357,58.02,1,1,7883572.68,0.3352,1,1,1,1,11.2,16,8,1,1,1,12,0.1581,0.0616,4,1,1,0,1
NCRB-SYNTH-100279,Trial Court,Writ Petition (Detention),4,23,50,1,0,1,1,1,0,1,1,1,0.8875,1,32,1,1,0.1293,2,1.0,103.94,1,1,5023049.89,0.9586,1,1,1,1,20.87,14,8,1,1,1,22,0.1951,0.0622,4,1,1,0,1
NCRB-SYNTH-100280,High Court,Sec 482 CrPC (Quashing),7,16,89,1,1,1,1,1,0,1,1,1,0.4661,1,142,1,1,0.0332,1,1.0385,128.69,1,1,9715498.62,0.6267,1,1,1,1,15.99,17,10,1,1,1,8,0.061,0.0278,3,1,1,0,0
NCRB-SYNTH-100293,High Court,Sec 439 CrPC (Regular Bail),7,3,14,1,0,1,1,1,0,1,1,1,0.9577,1,78,1,1,0.126,6,1.173,116.87,1,1,8687598.45,0.1603,1,1,1,1,26.68,5,6,1,1,1,5,0.1787,0.0997,3,1,1,0,1
NCRB-SYNTH-100297,High Court,Writ Petition (Detention),1,18,63,1,0,1,1,1,0,1,1,1,0.87,1,160,1,1,0.0583,9,1.2022,53.55,1,1,2151666.67,0.8601,1,1,1,1,42.54,3,15,1,1,1,38,0.2046,0.0558,4,1,1,1,1
NCRB-SYNTH-100305,Trial Court,Sec 439 CrPC (Regular Bail),7,7,76,1,0,1,1,1,1,1,1,1,0.6705,1,82,1,1,0.0225,9,1.1728,89.26,1,1,1574907.41,0.925,1,1,1,1,20.81,14,4,1,1,1,44,0.2422,0.0636,4,1,1,0,1
NCRB-SYNTH-100309,Trial Court,Sec 482 CrPC (Quashing),4,22,53,1,0,1,1,1,0,1,1,1,0.451,0,82,0,0,0.001,7,1.0,80.14,1,1,5614296.23,0.1856,1,1,1,1,10.33,25,6,1,1,1,20,0.0967,0.0317,4,1,1,0,0
NCRB-SYNTH-100315,Trial Court,Sec 439 CrPC (Regular Bail),4,8,23,1,0,1,1,1,0,1,1,1,0.7034,1,137,1,1,0.0373,4,1.1433,70.34,1,1,4956815.16,0.6135,1,1,1,1,3.25,13,12,1,1,1,1,0.9499,1.3704,1,1,1,0,1
NCRB-SYNTH-100322,Trial Court,Sec 482 CrPC (Quashing),2,19,52,1,0,1,1,1,0,1,1,1,0.758,1,145,1,1,0.1503,1,1.1715,78.18,1,1,7202868.25,0.6674,1,1,1,1,21.87,9,6,1,1,1,16,0.1499,0.0529,4,1,1,0,1
NCRB-SYNTH-100326,Trial Court,Sec 482 CrPC (Quashing),4,22,97,1,0,1,1,1,1,1,1,1,0.6569,1,129,1,1,0.0712,5,1.0971,132.32,1,1,11513516.66,0.3639,1,1,1,1,6.22,24,9,1,1,1,14,0.2866,0.1058,4,1,1,0,1
NCRB-SYNTH-100332,High Court,Sec 439 CrPC (Regular Bail),7,8,100,0,0,1,1,1,1,1,1,1,0.5799,1,134,0,0,0.1047,6,1.3056,107.81,1,1,12698366.55,0.2876,1,1,1,1,10.36,23,3,1,1,1,28,0.2645,0.0785,4,1,1,0,0
NCRB-SYNTH-100338,High Court,Trial Judgment,7,11,16,1,0,1,1,1,1,1,1,1,0.5247,1,121,1,0,0.048,9,1.1771,67.74,1,1,4529394.41,0.5356,1,1,1,1,22.58,10,14,1,1,1,5,0.1278,0.0713,3,1,1,0,0
NCRB-SYNTH-100377,High Court,Sec 439 CrPC (Regular Bail),4,13,25,1,0,1,1,1,0,1,1,1,0.895,1,162,0,0,0.0959,4,1.0447,139.91,1,1,9766942.71,0.1565,1,1,1,1,26.96,7,14,1,1,1,1,0.6285,0.9067,1,1,1,1,1
NCRB-SYNTH-100379,Trial Court,Trial Judgment,7,13,61,1,0,1,1,1,0,1,1,1,0.9024,1,98,1,1,0.0806,3,1.0,155.18,1,1,6083849.92,0.9526,1,1,1,1,7.32,18,3,1,1,1,32,0.2965,0.0848,4,1,1,0,1
NCRB-SYNTH-100385,High Court,Sec 439 CrPC (Regular Bail),2,7,46,1,0,1,1,1,0,1,1,1,0.8654,1,22,1,1,0.0149,7,1.0,137.02,1,1,1032929.55,0.6153,1,1,1,1,35.49,23,10,1,1,1,1,0.8205,1.1837,1,1,1,0,1
NCRB-SYNTH-100386,Trial Court,Sec 439 CrPC (Regular Bail),15,25,66,1,0,1,1,1,1,1,1,1,0.9292,0,33,1,0,0.1131,9,1.0,173.77,1,1,13487152.96,0.1791,1,1,1,1,9.8,14,9,1,1,1,39,0.2287,0.062,4,1,1,0,1
NCRB-SYNTH-100389,High Court,Sec 439 CrPC (Regular Bail),7,21,34,1,0,1,1,1,0,1,1,1,0.7824,1,30,0,0,0.1235,5,1.0,149.7,1,1,7352050.39,0.8963,1,1,1,1,3.87,8,11,1,1,1,39,0.2971,0.0805,4,1,1,0,1
NCRB-SYNTH-100390,High Court,Sec 482 CrPC (Quashing),7,23,65,1,0,1,1,1,1,1,1,1,0.4748,1,17,1,1,0.1007,7,1.0547,142.28,1,1,9460204.52,0.8609,1,1,1,1,17.02,23,7,1,1,1,7,0.0756,0.0364,3,1,1,0,0
NCRB-SYNTH-100394,High Court,Sec 482 CrPC (Quashing),4,18,8,1,0,1,1,1,0,1,1,1,0.8065,1,140,1,1,0.1267,7,1.0,69.18,1,1,3962521.43,0.2169,1,1,1,1,10.55,18,5,1,1,1,4,0.2492,0.1548,3,1,1,0,1
NCRB-SYNTH-100399,Trial Court,Sec 439 CrPC (Regular Bail),2,6,75,1,0,1,1,1,1,1,1,1,0.5294,1,174,1,1,0.0661,6,1.1166,69.07,1,1,11875191.53,0.2018,1,1,1,1,16.4,6,7,1,1,1,8,0.199,0.0906,3,1,1,0,0
NCRB-SYNTH-100400,High Court,Sec 439 CrPC (Regular Bail),4,25,100,1,0,1,1,1,1,1,1,1,0.4314,0,67,0,0,0.0475,5,1.0491,87.8,1,1,4780273.48,0.3141,1,1,1,1,3.55,25,5,1,1,1,6,0.1895,0.0974,3,1,1,0,0
NCRB-SYNTH-100404,High Court,Sec 482 CrPC (Quashing),4,15,67,1,0,1,1,1,0,1,1,1,0.6648,1,91,1,1,0.0429,8,1.08,161.61,1,1,5657778.9,0.4257,1,1,1,1,1.61,7,5,1,1,1,16,0.1763,0.0622,4,1,1,0,1
NCRB-SYNTH-100420,High Court,Sec 482 CrPC (Quashing),2,22,21,1,0,1,1,1,0,1,1,1,0.5957,1,123,1,1,0.0932,2,1.1822,37.14,1,1,1103650.49,0.4368,1,1,1,1,14.87,22,8,1,1,1,1,0.5425,0.7827,1,1,1,0,0
NCRB-SYNTH-100421,High Court,Sec 439 CrPC (Regular Bail),2,7,57,1,1,1,1,1,0,1,1,1,0.6534,1,124,1,1,0.0888,8,1.0,161.34,1,1,10169183.93,0.3661,1,1,1,1,2.53,16,7,1,1,1,36,0.1001,0.0277,4,1,1,0,1
NCRB-SYNTH-100422,High Court,Sec 439 CrPC (Regular Bail),7,19,44,1,0,1,1,1,0,1,1,1,0.6697,1,46,0,0,0.0882,8,1.2408,85.0,1,1,8219019.1,0.8832,1,1,1,1,11.93,10,7,1,1,1,24,0.226,0.0702,4,1,1,0,1
NCRB-SYNTH-100432,Trial Court,Sec 439 CrPC (Regular Bail),1,3,76,1,0,1,1,1,0,1,1,1,0.7342,1,44,1,0,0.1356,9,1.2772,161.6,1,1,5673764.53,0.4827,1,1,1,1,9.64,14,7,1,1,1,4,0.2133,0.1326,3,1,1,0,1
NCRB-SYNTH-100436,High Court,Sec 439 CrPC (Regular Bail),15,24,38,1,0,1,1,1,1,1,1,1,0.7588,1,33,1,1,0.1291,4,1.0674,143.4,1,1,13644102.27,0.7291,1,1,1,1,2.05,15,5,1,1,1,8,0.2337,0.1064,3,1,1,0,1
NCRB-SYNTH-100438,Trial Court,Sec 439 CrPC (Regular Bail),2,6,34,0,0,1,1,1,1,1,1,1,0.5156,1,83,0,0,0.09,7,1.0,149.29,1,1,5976925.3,0.8897,1,1,1,1,4.62,17,11,1,1,1,24,0.0999,0.031,4,1,1,0,0
NCRB-SYNTH-100439,Trial Court,Sec 439 CrPC (Regular Bail),27,20,91,1,0,1,1,1,1,1,1,1,0.9401,1,47,1,0,0.1289,3,1.0,74.19,1,1,6845773.38,0.2518,1,1,1,1,2.87,20,14,1,1,1,12,0.293,0.1142,4,1,1,0,1
NCRB-SYNTH-100445,Trial Court,Trial Judgment,45,25,12,1,0,1,1,1,1,1,1,1,0.7268,1,83,1,1,0.0469,4,1.1514,125.48,1,1,886684.16,0.4922,1,1,1,1,6.37,14,7,1,1,1,4,0.1229,0.0764,3,1,1,0,1
NCRB-SYNTH-100448,Supreme Court,Sec 439 CrPC (Regular Bail),4,5,61,1,0,1,1,1,0,1,1,1,0.8096,1,118,1,1,0.103,8,1.1157,152.69,1,1,9945208.37,0.7874,1,1,1,1,4.33,16,5,1,1,1,31,0.2635,0.076,4,1,1,0,1
NCRB-SYNTH-100451,Trial Court,Sec 439 CrPC (Regular Bail),45,12,29,1,0,1,1,1,0,1,1,1,0.4161,1,123,1,1,0.0545,7,1.1324,172.92,1,1,4388077.77,0.5614,1,1,1,1,11.49,6,13,1,1,1,16,0.0902,0.0318,4,1,1,0,0
NCRB-SYNTH-100463,High Court,Sec 439 CrPC (Regular Bail),15,18,22,1,0,1,1,1,1,1,1,1,0.661,1,119,1,1,0.1358,5,1.0806,153.71,1,1,11664454.16,0.861,1,1,1,1,5.94,17,4,1,1,1,2,0.8311,0.7565,1,1,1,0,1
NCRB-SYNTH-100504,Supreme Court,Sec 439 CrPC (Regular Bail),1,17,79,1,0,1,1,1,0,1,1,1,0.759,1,80,0,0,0.0519,1,1.0477,134.92,1,1,6242434.38,0.2323,1,1,1,1,20.74,19,10,1,1,1,11,0.2421,0.0974,3,1,1,1,1
NCRB-SYNTH-100508,Supreme Court,Sec 439 CrPC (Regular Bail),21,13,22,1,0,1,1,1,0,1,1,1,0.9353,1,35,1,1,0.0459,4,1.1497,87.88,1,1,7745784.6,0.5515,1,1,1,1,12.58,19,15,1,1,1,4,0.0674,0.0418,3,1,1,0,1
NCRB-SYNTH-100510,High Court,Sec 482 CrPC (Quashing),1,24,19,1,0,1,1,1,1,1,1,1,0.4828,1,54,1,1,0.0905,5,1.1341,112.83,1,1,976570.75,0.3189,1,1,1,1,68.41,24,5,1,1,1,10,0.1999,0.0833,3,1,1,1,0
NCRB-SYNTH-100518,High Court,Sec 439 CrPC (Regular Bail),2,24,20,1,0,1,1,1,0,1,1,1,0.678,1,128,1,1,0.0309,3,1.1478,45.85,1,1,8782031.68,0.2338,1,1,1,1,10.76,6,15,1,1,1,5,0.1824,0.1018,3,1,1,0,1
NCRB-SYNTH-100524,Trial Court,Sec 482 CrPC (Quashing),4,5,18,1,0,1,1,1,1,1,1,1,0.5375,0,165,1,1,0.0843,5,1.0,117.51,1,1,1240150.94,0.2965,1,1,1,1,11.62,15,15,1,1,1,34,0.1666,0.0468,4,1,1,0,0
NCRB-SYNTH-100525,Trial Court,Writ Petition (Detention),1,3,51,1,0,1,1,1,1,1,1,1,0.6658,1,179,0,1,0.085,7,1.106,109.22,1,1,3371990.37,0.7061,1,1,1,1,2.97,10,15,1,1,1,6,0.2353,0.1209,3,1,1,0,1
NCRB-SYNTH-100531,High Court,Sec 439 CrPC (Regular Bail),2,17,81,1,0,1,1,1,1,1,1,1,0.6993,0,80,1,1,0.0905,7,1.1606,137.52,1,1,14947067.42,0.7107,1,1,1,1,11.77,10,9,1,1,1,39,0.2161,0.0586,4,1,1,0,1
NCRB-SYNTH-100535,High Court,Sec 439 CrPC (Regular Bail),27,20,34,1,0,1,1,1,1,1,1,1,0.575,0,89,0,1,0.1292,7,1.1027,119.64,1,1,3216251.06,0.8392,1,1,1,1,40.26,20,3,1,1,1,9,0.1524,0.0662,3,1,1,0,0
NCRB-SYNTH-100537,Trial Court,Writ Petition (Detention),45,20,50,1,0,1,1,1,0,1,1,1,0.4281,1,82,1,1,0.0552,8,1.2387,93.91,1,1,12254708.19,0.1897,1,1,1,1,4.4,23,15,1,1,1,2,0.7142,0.6501,1,1,1,0,0
NCRB-SYNTH-100550,High Court,Sec 482 CrPC (Quashing),7,11,97,1,0,1,1,1,1,1,1,1,0.875,1,87,1,1,0.0557,1,1.0,154.44,1,1,13003478.02,0.6019,1,1,1,1,24.02,18,12,1,1,1,16,0.2384,0.0841,4,1,1,0,1
NCRB-SYNTH-100559,High Court,Sec 439 CrPC (Regular Bail),4,23,66,1,0,1,1,1,1,1,1,1,0.5689,1,24,1,1,0.0813,3,1.0763,169.37,1,1,11009131.68,0.8262,1,1,1,1,22.29,25,14,1,1,1,43,0.1756,0.0464,4,1,1,0,0
NCRB-SYNTH-100561,High Court,Sec 439 CrPC (Regular Bail),21,6,85,1,0,1,1,1,0,1,1,1,0.5305,1,85,1,1,0.0925,5,1.1064,90.31,1,1,11273486.91,0.8761,1,1,1,1,3.15,16,13,1,1,1,7,0.2264,0.1089,3,1,1,0,0
NCRB-SYNTH-100572,High Court,Sec 482 CrPC (Quashing),2,24,73,1,0,1,1,1,1,1,1,1,0.6269,1,145,1,0,0.1654,9,1.2663,90.66,1,1,9802991.45,0.6383,1,1,1,1,4.52,18,10,1,1,1,2,0.6828,0.6215,1,1,1,0,1
NCRB-SYNTH-100612,High Court,Sec 482 CrPC (Quashing),21,11,23,1,0,1,1,1,0,1,1,1,0.7652,1,93,1,1,0.0853,4,1.0956,46.64,1,1,2697629.38,0.1745,1,1,1,1,7.13,16,12,1,1,1,2,0.7723,0.703,1,1,1,0,1
NCRB-SYNTH-100619,High Court,Sec 439 CrPC (Regular Bail),4,10,9,1,0,1,1,1,0,1,1,1,0.8763,1,27,1,1,0.0185,2,1.0821,114.77,1,1,789841.63,0.3944,1,1,1,1,3.45,12,14,1,1,1,9,0.0892,0.0387,3,1,1,0,1
NCRB-SYNTH-100620,High Court,Sec 439 CrPC (Regular Bail),15,9,29,1,0,1,1,1,1,1,1,1,0.8156,1,22,1,1,0.0024,9,1.0262,80.95,1,1,3657572.41,0.394,1,1,1,1,1.16,18,3,1,1,1,7,0.0644,0.0309,3,1,1,0,1
NCRB-SYNTH-100628,Supreme Court,Writ Petition (Detention),7,21,65,1,0,1,1,1,0,1,1,1,0.4262,1,103,1,1,0.1223,1,1.0986,45.29,1,1,4610589.46,0.2211,1,1,1,1,7.16,4,15,1,1,1,30,0.1785,0.052,4,1,1,0,0
NCRB-SYNTH-100631,Trial Court,Sec 439 CrPC (Regular Bail),27,17,19,1,0,1,1,1,0,1,1,1,0.7045,1,118,0,0,0.1245,5,1.0,126.0,1,1,14029206.67,0.19,1,1,1,1,6.53,20,4,1,1,1,44,0.3069,0.0806,4,1,1,0,1
NCRB-SYNTH-100649,High Court,Sec 439 CrPC (Regular Bail),15,11,47,1,0,1,1,1,1,1,1,1,0.4475,1,118,1,1,0.1554,5,1.012,103.59,1,1,11095306.59,0.2237,1,1,1,1,2.46,3,9,1,1,1,4,0.1991,0.1237,3,1,1,0,0
NCRB-SYNTH-100654,High Court,Sec 482 CrPC (Quashing),15,18,78,1,0,1,1,1,1,1,1,1,0.7337,1,142,1,1,0.1399,1,1.1175,159.3,1,1,9972168.92,0.1914,1,1,1,1,9.59,13,12,1,1,1,42,0.1405,0.0373,4,1,1,0,1
NCRB-SYNTH-100681,High Court,Sec 482 CrPC (Quashing),7,23,39,1,0,1,1,1,0,1,1,1,0.8574,1,147,1,0,0.1302,5,1.0705,141.73,1,1,11231531.01,0.6022,1,1,1,1,3.23,8,7,1,1,1,12,0.107,0.0417,4,1,1,0,1
NCRB-SYNTH-100689,Trial Court,Sec 439 CrPC (Regular Bail),15,5,74,1,0,1,1,1,0,1,1,1,0.9368,1,46,0,0,0.1079,6,1.2209,36.61,1,1,2524531.39,0.8076,1,1,1,1,13.37,11,3,1,1,1,2,0.5493,0.5,1,1,1,0,1
NCRB-SYNTH-100708,Trial Court,Trial Judgment,7,4,30,1,0,1,1,1,0,1,1,1,0.7122,1,137,1,1,0.0618,1,1.0574,52.43,1,1,2817958.67,0.4105,1,1,1,1,6.98,4,4,1,1,1,20,0.2045,0.0672,4,1,1,1,1
NCRB-SYNTH-100711,Trial Court,Sec 482 CrPC (Quashing),2,3,32,1,0,1,1,1,1,1,1,1,0.8346,1,56,1,0,0.0,9,1.1394,81.04,1,1,11768564.75,0.2512,1,1,1,1,14.79,7,15,1,1,1,7,0.1717,0.0826,3,1,1,0,1
NCRB-SYNTH-100717,Trial Court,Sec 439 CrPC (Regular Bail),7,5,87,1,0,1,1,1,1,1,1,1,0.8969,1,61,0,0,0.1342,9,1.1544,89.29,1,1,8392284.26,0.8098,1,1,1,1,7.65,8,12,1,1,1,10,0.1091,0.0455,3,1,1,0,1
NCRB-SYNTH-100720,High Court,Sec 439 CrPC (Regular Bail),2,8,84,1,0,1,1,1,0,1,1,1,0.439,1,131,1,0,0.0451,2,1.0839,56.83,1,1,9806949.56,0.3973,1,1,1,1,28.72,5,8,1,1,1,44,0.3129,0.0822,4,1,1,0,0
NCRB-SYNTH-100724,High Court,Sec 439 CrPC (Regular Bail),15,4,54,1,0,1,1,1,1,1,1,1,0.6748,1,37,1,1,0.0222,3,1.1273,170.49,1,1,11430991.55,0.1969,1,1,1,1,26.73,14,15,1,1,1,23,0.2278,0.0717,4,1,1,0,1
NCRB-SYNTH-100726,Trial Court,Sec 482 CrPC (Quashing),1,25,62,1,0,1,1,1,0,1,1,1,0.8296,1,60,0,0,0.0746,2,1.0,109.17,1,1,6202477.34,0.2917,1,1,1,1,1.27,22,5,1,1,1,8,0.2046,0.0931,3,1,1,0,1
NCRB-SYNTH-100728,Trial Court,Sec 439 CrPC (Regular Bail),45,22,30,1,0,1,1,1,0,1,1,1,0.6169,1,132,1,1,0.0357,3,1.1971,149.64,1,1,7686191.54,0.3448,1,1,1,1,9.77,20,5,1,1,1,3,0.7666,0.5529,1,1,1,1,1
NCRB-SYNTH-100732,Trial Court,Sec 439 CrPC (Regular Bail),4,5,48,1,0,1,1,1,1,1,1,1,0.7903,1,35,0,0,0.0,9,1.1433,46.79,1,1,11161640.16,0.921,1,1,1,1,5.26,24,15,1,1,1,2,0.6174,0.562,1,1,1,0,1
NCRB-SYNTH-100738,Supreme Court,Trial Judgment,2,12,81,0,0,1,1,1,0,1,1,1,0.4575,1,22,1,1,0.0831,2,1.0963,57.07,1,1,7623491.04,0.3452,1,1,1,1,4.33,17,3,1,1,1,44,0.2191,0.0575,4,1,1,0,0
NCRB-SYNTH-100743,High Court,Sec 439 CrPC (Regular Bail),21,18,81,1,0,1,1,1,0,1,1,1,0.8547,0,167,1,1,0.0536,9,1.0,88.1,1,1,10471060.21,0.4701,1,1,1,1,8.68,15,15,1,1,1,8,0.0693,0.0315,3,1,1,1,1
NCRB-SYNTH-100756,Supreme Court,Sec 439 CrPC (Regular Bail),1,16,24,1,0,1,1,1,0,1,1,1,0.4804,1,97,1,1,0.0753,5,1.0875,124.28,1,1,13101449.03,0.4454,1,1,1,1,11.64,20,10,1,1,1,35,0.2324,0.0649,4,1,1,1,0
NCRB-SYNTH-100760,Trial Court,Sec 439 CrPC (Regular Bail),4,22,43,1,0,1,1,1,1,1,1,1,0.6279,1,158,0,0,0.058,5,1.0,64.43,1,1,8482281.18,0.9874,1,1,1,1,6.75,25,12,1,1,1,1,0.6715,0.9688,1,1,1,0,1
NCRB-SYNTH-100764,High Court,Sec 439 CrPC (Regular Bail),7,25,67,1,0,1,1,1,1,1,1,1,0.6217,1,104,1,0,0.0227,2,1.2713,87.99,1,1,10002122.01,0.841,1,1,1,1,1.16,24,4,1,1,1,36,0.1585,0.0439,4,1,1,0,1
NCRB-SYNTH-100767,Trial Court,Sec 439 CrPC (Regular Bail),2,17,10,0,0,1,1,1,0,1,1,1,0.7149,1,22,1,1,0.1217,8,1.2049,157.49,1,1,12829694.48,0.4092,1,1,1,1,16.4,19,8,1,1,1,34,0.0906,0.0255,4,1,1,1,1
NCRB-SYNTH-100770,Trial Court,Sec 439 CrPC (Regular Bail),4,23,32,1,0,1,1,1,0,1,1,1,0.6717,1,141,1,0,0.1323,1,1.0503,126.72,1,1,3940752.91,0.5523,1,1,1,1,15.75,14,12,1,1,1,1,0.488,0.704,1,1,1,0,1
NCRB-SYNTH-100772,Trial Court,Sec 439 CrPC (Regular Bail),7,12,55,1,0,1,1,1,1,1,1,1,0.8457,1,78,1,1,0.088,9,1.1096,119.36,1,1,5013332.53,0.4823,1,1,1,1,2.35,25,7,1,1,1,4,0.1932,0.12,3,1,1,0,1
NCRB-SYNTH-100775,High Court,Sec 439 CrPC (Regular Bail),27,10,48,1,0,1,1,1,0,1,1,1,0.5956,1,18,1,1,0.1379,3,1.0732,42.61,1,1,14913616.46,0.5617,1,1,1,1,10.94,21,11,1,1,1,36,0.1411,0.0391,4,1,1,0,0
NCRB-SYNTH-100778,Trial Court,Sec 439 CrPC (Regular Bail),2,21,69,1,0,1,1,1,0,1,1,1,0.6643,1,144,1,0,0.0589,7,1.1178,176.12,1,1,14932595.14,0.3195,1,1,1,1,15.34,17,5,1,1,1,11,0.0723,0.0291,3,1,1,0,1
NCRB-SYNTH-100779,High Court,Trial Judgment,2,6,84,1,0,1,1,1,0,1,1,1,0.5531,1,122,0,0,0.0918,1,1.1098,72.59,1,1,2601649.87,0.9255,1,1,1,1,4.32,12,12,1,1,1,41,0.2121,0.0568,4,1,1,0,0
NCRB-SYNTH-100801,High Court,Trial Judgment,4,16,72,0,1,1,1,1,0,1,1,1,0.9545,1,118,1,1,0.0916,9,1.0,78.39,1,1,4528022.59,0.6701,1,1,1,1,1.25,11,9,1,1,1,44,0.2408,0.0632,4,1,1,0,1
NCRB-SYNTH-100806,Trial Court,Sec 439 CrPC (Regular Bail),4,9,34,1,0,1,1,1,1,1,1,1,0.7765,1,77,0,0,0.0704,7,1.0319,162.33,1,1,3681090.29,0.2243,1,1,1,1,8.58,3,7,1,1,1,33,0.3081,0.0874,4,1,1,0,1
NCRB-SYNTH-100812,Trial Court,Sec 439 CrPC (Regular Bail),4,4,10,1,0,1,1,1,0,1,1,1,0.5794,1,42,1,1,0.1015,9,1.0772,73.31,1,1,10829573.13,0.495,1,1,1,1,6.7,9,15,1,1,1,3,0.4991,0.3601,1,1,1,0,0
NCRB-SYNTH-100821,High Court,Sec 439 CrPC (Regular Bail),2,21,84,1,0,1,1,1,1,1,1,1,0.71,1,25,1,1,0.0818,9,1.235,36.85,1,1,5681549.65,0.3656,1,1,1,1,9.65,16,12,1,1,1,3,0.4657,0.3359,1,1,1,0,1
NCRB-SYNTH-100829,High Court,Sec 482 CrPC (Quashing),4,14,95,1,0,1,1,1,0,1,1,1,0.742,1,77,0,0,0.0625,4,1.2016,174.42,1,1,6985146.24,0.9989,1,1,1,1,2.81,20,15,1,1,1,15,0.24,0.0866,4,1,1,0,1
NCRB-SYNTH-100852,High Court,Sec 482 CrPC (Quashing),15,22,69,1,0,1,1,1,0,1,1,1,0.5048,1,154,1,1,0.0,9,1.0386,127.36,1,1,9454216.24,0.5115,1,1,1,1,13.07,15,15,1,1,1,25,0.3093,0.0949,4,1,1,0,0
NCRB-SYNTH-100861,Trial Court,Sec 439 CrPC (Regular Bail),2,14,40,1,0,1,1,1,0,1,1,1,0.7685,1,21,1,1,0.0558,2,1.2606,58.42,1,1,10783767.62,0.8149,1,1,1,1,16.81,8,4,1,1,1,8,0.0791,0.036,3,1,1,0,1
NCRB-SYNTH-100877,Trial Court,Sec 482 CrPC (Quashing),2,5,42,1,0,1,1,1,0,1,1,1,0.6435,0,113,1,1,0.0354,5,1.0,155.67,1,1,11900755.31,0.9961,1,1,1,1,2.16,18,5,1,1,1,2,0.7207,0.656,1,1,1,0,1
NCRB-SYNTH-100885,Trial Court,Sec 439 CrPC (Regular Bail),7,21,60,1,0,1,1,1,1,1,1,1,0.5328,1,47,1,1,0.156,5,1.1706,168.57,1,1,13299349.18,0.4141,1,1,1,1,36.46,8,3,1,1,1,28,0.1937,0.0575,4,1,1,0,0
NCRB-SYNTH-100891,Supreme Court,Sec 439 CrPC (Regular Bail),1,15,84,1,0,1,1,1,1,1,1,1,0.9363,1,117,0,0,0.087,8,1.0,92.13,1,1,2556234.14,0.5812,1,1,1,1,3.26,6,15,1,1,1,1,0.4927,0.7108,1,1,1,1,1
NCRB-SYNTH-100893,High Court,Sec 439 CrPC (Regular Bail),7,19,69,0,1,1,1,1,0,1,1,1,0.5121,1,63,1,1,0.022,7,1.0313,42.52,1,1,3631719.26,0.5265,1,1,1,1,14.36,7,13,1,1,1,39,0.1972,0.0535,4,1,1,0,0
NCRB-SYNTH-100907,Supreme Court,Writ Petition (Detention),2,18,18,1,0,1,1,1,1,1,1,1,0.7818,1,91,0,0,0.1255,2,1.0951,42.56,1,1,4171397.54,0.5024,1,1,1,1,7.22,3,15,1,1,1,24,0.3052,0.0948,4,1,1,0,1
NCRB-SYNTH-100919,High Court,Sec 482 CrPC (Quashing),4,21,55,1,0,1,1,1,0,1,1,1,0.8153,1,120,1,1,0.113,5,1.0165,156.57,1,1,11936237.8,0.424,1,1,1,1,4.66,12,14,1,1,1,19,0.2009,0.0671,4,1,1,0,1
NCRB-SYNTH-100924,High Court,Sec 482 CrPC (Quashing),4,8,71,1,0,1,1,1,0,1,1,1,0.7225,1,156,1,1,0.0985,7,1.0,86.2,1,1,10816642.24,0.5893,1,1,1,1,12.56,23,15,1,1,1,30,0.2533,0.0738,4,1,1,0,1
NCRB-SYNTH-100932,High Court,Sec 482 CrPC (Quashing),2,11,5,1,0,1,1,1,0,1,1,1,0.7048,1,52,1,1,0.0632,8,1.0,94.02,1,1,3974780.0,0.8626,1,1,1,1,4.36,21,8,1,1,1,15,0.1865,0.0673,4,1,1,0,1
NCRB-SYNTH-100944,High Court,Trial Judgment,15,18,70,0,0,1,1,1,0,1,1,1,0.9047,1,160,1,0,0.1413,9,1.2928,55.29,1,1,4706394.09,0.5593,1,1,1,1,3.13,21,10,1,1,1,21,0.2284,0.0739,4,1,1,1,1
NCRB-SYNTH-100960,High Court,Sec 439 CrPC (Regular Bail),21,15,8,1,0,1,1,1,1,1,1,1,0.7297,1,104,1,1,0.0869,3,1.3781,84.0,1,1,6348464.9,0.6264,1,1,1,1,29.07,22,10,1,1,1,29,0.1688,0.0496,4,1,1,0,1
NCRB-SYNTH-100967,Trial Court,Sec 482 CrPC (Quashing),4,13,30,1,0,1,1,1,0,1,1,1,0.8855,1,131,1,1,0.0496,4,1.3064,86.79,1,1,3713373.96,0.614,1,1,1,1,1.28,22,11,1,1,1,2,0.7021,0.6391,1,1,1,0,1
NCRB-SYNTH-100973,Trial Court,Sec 482 CrPC (Quashing),4,21,44,1,0,1,1,1,0,1,1,1,0.912,0,49,1,1,0.1342,1,1.0,77.24,1,1,11781522.56,0.4853,1,1,1,1,5.82,4,10,1,1,1,21,0.2278,0.0737,4,1,1,0,1
NCRB-SYNTH-100982,Trial Court,Sec 439 CrPC (Regular Bail),1,7,71,0,0,1,1,1,0,1,1,1,0.6872,1,127,1,0,0.0976,2,1.292,130.94,1,1,7776515.06,0.3882,1,1,1,1,2.48,21,4,1,1,1,34,0.1331,0.0374,4,1,1,1,1
NCRB-SYNTH-100985,High Court,Sec 439 CrPC (Regular Bail),7,11,77,1,0,1,1,1,0,1,1,1,0.952,1,135,1,1,0.0047,5,1.0335,126.42,1,1,940288.06,0.3047,1,1,1,1,25.47,16,11,1,1,1,20,0.0903,0.0297,4,1,1,0,1
NCRB-SYNTH-100990,Trial Court,Sec 482 CrPC (Quashing),4,15,89,1,0,1,1,1,1,1,1,1,0.4884,1,48,1,1,0.0076,1,1.0,162.14,1,1,8372556.61,0.9658,1,1,1,1,9.23,8,14,1,1,1,9,0.1145,0.0497,3,1,1,0,0
NCRB-SYNTH-100991,Trial Court,Trial Judgment,1,25,46,1,0,1,1,1,0,1,1,1,0.9603,0,134,1,0,0.0,9,1.1535,153.06,1,1,951502.32,0.6579,1,1,1,1,1.76,23,10,1,1,1,6,0.1478,0.0759,3,1,1,0,1
NCRB-SYNTH-101004,Supreme Court,Sec 439 CrPC (Regular Bail),2,8,71,1,0,1,1,1,0,1,1,1,0.5057,1,83,1,1,0.143,9,1.0,114.53,1,1,3821971.32,0.3803,1,1,1,1,3.35,21,12,1,1,1,3,0.4479,0.3231,1,1,1,0,0
NCRB-SYNTH-101005,Trial Court,Sec 482 CrPC (Quashing),2,13,66,1,0,1,1,1,0,1,1,1,0.719,0,52,1,1,0.0311,1,1.1606,131.54,1,1,3560608.95,0.7113,1,1,1,1,15.21,17,11,1,1,1,40,0.1839,0.0495,4,1,1,0,1
NCRB-SYNTH-101008,Trial Court,Sec 439 CrPC (Regular Bail),2,24,31,0,0,1,1,1,1,1,1,1,0.9328,0,121,1,0,0.0878,1,1.0344,117.86,1,1,11098420.47,0.4173,1,1,1,1,14.43,19,6,1,1,1,19,0.2414,0.0806,4,1,1,0,1
NCRB-SYNTH-101015,High Court,Sec 439 CrPC (Regular Bail),7,14,97,1,0,1,1,1,1,1,1,1,0.6893,1,75,0,0,0.1332,7,1.0,79.8,1,1,7159835.46,0.468,1,1,1,1,15.32,23,5,1,1,1,1,0.8528,1.2303,1,1,1,0,1
NCRB-SYNTH-101028,High Court,Sec 439 CrPC (Regular Bail),21,5,97,1,0,1,1,1,0,1,1,1,0.57,1,25,0,0,0.0894,9,1.0622,162.56,1,1,14876073.87,0.8267,1,1,1,1,15.72,3,3,1,1,1,9,0.1014,0.044,3,1,1,0,0
NCRB-SYNTH-101030,Trial Court,Sec 439 CrPC (Regular Bail),7,15,30,1,0,1,1,1,1,1,1,1,0.8224,1,53,1,1,0.1125,3,1.0,96.28,1,1,1788336.97,0.8131,1,1,1,1,38.12,11,6,1,1,1,11,0.0793,0.0319,3,1,1,0,1
NCRB-SYNTH-101038,High Court,Sec 482 CrPC (Quashing),4,25,13,1,0,1,1,1,0,1,1,1,0.8702,1,175,1,1,0.0573,8,1.1704,161.64,1,1,5540320.47,0.5972,1,1,1,1,21.93,10,8,1,1,1,41,0.1907,0.051,4,1,1,0,1
NCRB-SYNTH-101042,Trial Court,Sec 439 CrPC (Regular Bail),4,16,16,1,0,1,1,1,1,1,1,1,0.4009,1,33,1,1,0.0395,3,1.0,64.66,1,1,11602827.41,0.9139,1,1,1,1,8.73,11,8,1,1,1,25,0.1386,0.0425,4,1,1,0,0
NCRB-SYNTH-101054,High Court,Sec 439 CrPC (Regular Bail),4,3,51,1,0,1,1,1,0,1,1,1,0.4134,1,47,1,1,0.078,2,1.174,104.5,1,1,9061270.8,0.3502,1,1,1,1,12.9,19,13,1,1,1,44,0.2187,0.0575,4,1,1,0,0
NCRB-SYNTH-101057,Trial Court,Sec 439 CrPC (Regular Bail),7,15,70,1,0,1,1,1,1,1,1,1,0.4801,1,108,1,1,0.0759,1,1.0,35.0,1,1,11955020.93,0.8513,1,1,1,1,2.24,19,9,1,1,1,10,0.1004,0.0419,3,1,1,0,0
NCRB-SYNTH-101063,Trial Court,Sec 439 CrPC (Regular Bail),4,3,77,1,0,1,1,1,0,1,1,1,0.4254,1,82,0,1,0.1117,7,1.0101,54.41,1,1,4664563.47,0.6043,1,1,1,1,16.43,14,6,1,1,1,3,0.4852,0.35,1,1,1,0,0
NCRB-SYNTH-101066,High Court,Sec 482 CrPC (Quashing),2,10,75,1,1,1,1,1,0,1,1,1,0.5158,0,69,1,1,0.0679,7,1.0,123.76,1,1,5522970.16,0.1892,1,1,1,1,13.54,3,4,1,1,1,30,0.16,0.0466,4,1,1,0,0
NCRB-SYNTH-101081,Supreme Court,Sec 482 CrPC (Quashing),7,22,63,0,0,1,1,1,0,1,1,1,0.7165,0,115,1,1,0.0924,9,1.0,157.33,1,1,3452577.62,0.2593,1,1,1,1,14.49,15,10,1,1,1,7,0.1228,0.0591,3,1,1,0,1
NCRB-SYNTH-101099,High Court,Sec 439 CrPC (Regular Bail),4,23,32,1,0,1,1,1,1,1,1,1,0.7847,1,23,1,1,0.1117,7,1.0174,30.24,1,1,13142473.96,0.4019,1,1,1,1,19.13,20,14,1,1,1,3,0.8691,0.6269,1,1,1,0,1
NCRB-SYNTH-101108,Supreme Court,Sec 482 CrPC (Quashing),1,16,14,1,0,1,1,1,0,1,1,1,0.6268,1,138,1,1,0.0667,9,1.0,59.9,1,1,11271579.95,0.9059,1,1,1,1,10.53,19,15,1,1,1,10,0.111,0.0463,3,1,1,0,1
NCRB-SYNTH-101111,High Court,Sec 482 CrPC (Quashing),1,14,49,1,0,1,1,1,0,1,1,1,0.5897,0,36,0,0,0.0536,1,1.1992,108.26,1,1,7903194.72,0.5752,1,1,1,1,7.23,14,12,1,1,1,25,0.161,0.0494,4,1,1,0,0
NCRB-SYNTH-101124,Trial Court,Sec 439 CrPC (Regular Bail),2,9,69,1,1,1,1,1,0,1,1,1,0.643,0,98,1,0,0.0989,3,1.0935,150.91,1,1,9848096.04,0.8629,1,1,1,1,2.19,12,8,1,1,1,6,0.0745,0.0383,3,1,1,0,1
NCRB-SYNTH-101131,Trial Court,Sec 482 CrPC (Quashing),4,3,65,0,0,1,1,1,0,1,1,1,0.7609,1,93,0,0,0.0555,6,1.0,113.28,1,1,655565.62,0.725,1,1,1,1,11.94,13,3,1,1,1,2,0.8491,0.7729,1,1,1,0,1
NCRB-SYNTH-101141,Supreme Court,Sec 439 CrPC (Regular Bail),4,10,66,0,0,1,1,1,0,1,1,1,0.5863,1,150,1,0,0.0492,7,1.0494,42.85,1,1,8546994.31,0.885,1,1,1,1,10.06,12,5,1,1,1,7,0.0525,0.0253,3,1,1,0,0
NCRB-SYNTH-101147,High Court,Sec 482 CrPC (Quashing),1,22,70,1,0,1,1,1,1,1,1,1,0.7565,1,48,0,0,0.0865,1,1.1413,136.02,1,1,7845630.37,0.7612,1,1,1,1,3.16,16,10,1,1,1,8,0.1907,0.0868,3,1,1,0,1
NCRB-SYNTH-101151,Supreme Court,Sec 482 CrPC (Quashing),2,25,71,1,0,1,1,1,0,1,1,1,0.7507,1,100,1,1,0.0264,6,1.1535,123.04,1,1,9116477.61,0.6149,1,1,1,1,4.97,10,4,1,1,1,8,0.1262,0.0574,3,1,1,0,1
NCRB-SYNTH-101152,Trial Court,Sec 439 CrPC (Regular Bail),1,5,23,1,0,1,1,1,0,1,1,1,0.6115,1,139,1,1,0.0109,9,1.0479,69.15,1,1,6001192.97,0.4255,1,1,1,1,2.81,9,3,1,1,1,42,0.2552,0.0679,4,1,1,0,1
NCRB-SYNTH-101156,Trial Court,Writ Petition (Detention),21,11,8,1,0,1,1,1,0,1,1,1,0.4624,0,163,1,0,0.0831,9,1.2312,45.84,1,1,9284405.05,0.2121,1,1,1,1,15.86,22,5,1,1,1,31,0.0894,0.0258,4,1,1,0,0
NCRB-SYNTH-101161,Trial Court,Trial Judgment,2,17,47,0,0,1,1,1,0,1,1,1,0.7622,1,97,1,1,0.1102,6,1.2283,75.35,1,1,3009978.83,0.3744,1,1,1,1,1.64,23,6,1,1,1,8,0.0504,0.0229,3,1,1,0,1
NCRB-SYNTH-101164,Trial Court,Sec 439 CrPC (Regular Bail),1,13,22,1,0,1,1,1,1,1,1,1,0.7576,1,130,0,0,0.1133,8,1.0568,50.14,1,1,6915406.17,0.7188,1,1,1,1,23.99,9,12,1,1,1,10,0.2148,0.0896,3,1,1,0,1
NCRB-SYNTH-101166,Trial Court,Sec 439 CrPC (Regular Bail),7,25,86,1,0,1,1,1,1,1,1,1,0.9403,1,172,1,1,0.1575,1,1.1086,51.53,1,1,3814193.43,0.8515,1,1,1,1,6.83,9,8,1,1,1,41,0.2121,0.0567,4,1,1,0,1
NCRB-SYNTH-101167,High Court,Sec 439 CrPC (Regular Bail),2,8,50,1,0,1,1,1,0,1,1,1,0.7022,1,166,1,1,0.1001,8,1.0,127.88,1,1,12587433.82,0.5337,1,1,1,1,1.9,17,3,1,1,1,13,0.1669,0.0632,4,1,1,0,1
NCRB-SYNTH-101177,High Court,Sec 482 CrPC (Quashing),4,22,25,1,0,1,1,1,0,1,1,1,0.7089,1,178,1,1,0.1359,5,1.2505,140.77,1,1,3992766.86,0.4996,1,1,1,1,6.86,4,12,1,1,1,32,0.1148,0.0328,4,1,1,1,1
NCRB-SYNTH-101179,Trial Court,Sec 439 CrPC (Regular Bail),2,25,34,1,1,1,1,1,0,1,1,1,0.898,0,74,1,1,0.0882,4,1.2504,52.59,1,1,4163485.86,0.2498,1,1,1,1,36.99,21,7,1,1,1,3,0.8721,0.6291,1,1,1,0,1
NCRB-SYNTH-101190,Trial Court,Sec 439 CrPC (Regular Bail),45,19,45,1,0,1,1,1,0,1,1,1,0.5814,1,39,1,1,0.0972,4,1.2485,39.74,1,1,9623733.82,0.2875,1,1,1,1,6.67,14,6,1,1,1,38,0.1612,0.044,4,1,1,0,0
NCRB-SYNTH-101199,High Court,Sec 482 CrPC (Quashing),27,25,21,1,0,1,1,1,1,1,1,1,0.5956,1,110,1,1,0.0952,2,1.1188,82.42,1,1,14590201.99,0.8449,1,1,1,1,2.52,8,14,1,1,1,37,0.2221,0.061,4,1,1,0,0
NCRB-SYNTH-101201,High Court,Trial Judgment,7,20,9,1,0,1,1,1,1,1,1,1,0.4295,1,38,1,1,0.1115,8,1.0095,155.31,1,1,2541268.14,0.6701,1,1,1,1,6.63,21,5,1,1,1,2,0.5282,0.4808,1,1,1,0,0
NCRB-SYNTH-101206,High Court,Writ Petition (Detention),7,18,77,1,0,1,1,1,0,1,1,1,0.7003,1,115,1,1,0.117,4,1.1379,63.83,1,1,12283697.19,0.8658,1,1,1,1,7.67,6,7,1,1,1,10,0.2483,0.1035,3,1,1,0,1
NCRB-SYNTH-101214,High Court,Sec 482 CrPC (Quashing),4,15,42,1,0,1,1,1,1,1,1,1,0.7815,1,171,1,1,0.155,4,1.2615,171.22,1,1,8274890.88,0.914,1,1,1,1,30.38,9,3,1,1,1,3,0.9348,0.6743,1,1,1,0,1
NCRB-SYNTH-101242,High Court,Sec 439 CrPC (Regular Bail),27,20,69,1,0,1,1,1,0,1,1,1,0.3993,1,51,1,1,0.0952,3,1.2241,163.06,1,1,11666783.53,0.477,1,1,1,1,13.11,8,4,1,1,1,19,0.279,0.0931,4,1,1,0,0
NCRB-SYNTH-101243,High Court,Sec 482 CrPC (Quashing),4,12,93,1,0,1,1,1,0,1,1,1,0.7557,1,91,1,1,0.0721,7,1.0599,85.11,1,1,7476701.51,0.8263,1,1,1,1,6.58,3,7,1,1,1,44,0.2249,0.0591,4,1,1,0,1
NCRB-SYNTH-101244,Supreme Court,Sec 439 CrPC (Regular Bail),2,15,17,1,0,1,1,1,1,1,1,1,0.6405,1,43,1,1,0.0248,6,1.0716,159.19,1,1,11674753.17,0.1793,1,1,1,1,2.3,6,4,1,1,1,42,0.2608,0.0693,4,1,1,0,1
NCRB-SYNTH-101245,High Court,Sec 439 CrPC (Regular Bail),2,21,31,1,0,1,1,1,1,1,1,1,0.761,0,158,1,0,0.113,7,1.0592,54.71,1,1,2529524.55,0.2912,1,1,1,1,1.01,6,5,1,1,1,12,0.25,0.0975,4,1,1,1,1
NCRB-SYNTH-101251,Trial Court,Trial Judgment,2,20,29,1,0,1,1,1,0,1,1,1,0.8327,1,138,1,0,0.1219,6,1.1028,128.52,1,1,7238446.67,0.8753,1,1,1,1,2.53,24,3,1,1,1,2,0.5327,0.4849,1,1,1,0,1
NCRB-SYNTH-101262,Trial Court,Sec 439 CrPC (Regular Bail),4,14,99,1,0,1,1,1,0,1,1,1,0.7722,1,130,1,1,0.1051,1,1.2376,146.35,1,1,4659991.78,0.2689,1,1,1,1,42.57,16,9,1,1,1,11,0.1193,0.048,3,1,1,0,1
NCRB-SYNTH-101273,High Court,Trial Judgment,2,17,79,1,0,1,1,1,0,1,1,1,0.9519,0,154,1,1,0.1033,6,1.0407,153.65,1,1,13591344.74,0.647,1,1,1,1,3.54,9,8,1,1,1,7,0.0573,0.0276,3,1,1,0,1
NCRB-SYNTH-101282,High Court,Sec 439 CrPC (Regular Bail),7,9,83,1,0,1,1,1,0,1,1,1,0.4722,1,80,0,0,0.0912,2,1.1989,129.69,1,1,4281105.09,0.2581,1,1,1,1,1.26,12,10,1,1,1,10,0.1429,0.0596,3,1,1,0,0
NCRB-SYNTH-101295,High Court,Sec 482 CrPC (Quashing),4,19,35,1,0,1,1,1,1,1,1,1,0.828,1,133,1,1,0.0401,4,1.0829,92.6,1,1,13243468.97,0.3401,1,1,1,1,37.4,15,13,1,1,1,14,0.0948,0.035,4,1,1,0,1
NCRB-SYNTH-101300,Trial Court,Sec 439 CrPC (Regular Bail),15,22,12,1,0,1,1,1,1,1,1,1,0.9101,1,57,0,0,0.042,4,1.0579,134.33,1,1,2297953.65,0.425,1,1,1,1,16.53,18,7,1,1,1,6,0.0899,0.0462,3,1,1,1,1
NCRB-SYNTH-101305,High Court,Sec 439 CrPC (Regular Bail),4,21,7,1,0,1,1,1,0,1,1,1,0.5424,1,149,1,1,0.0876,9,1.3013,35.54,1,1,11102113.29,0.1666,1,1,1,1,32.58,24,5,1,1,1,42,0.3035,0.0807,4,1,1,0,0
NCRB-SYNTH-101307,High Court,Sec 439 CrPC (Regular Bail),7,17,16,1,0,1,1,1,0,1,1,1,0.6239,1,156,0,0,0.0751,9,1.0916,56.7,1,1,12850550.62,0.5291,1,1,1,1,8.43,7,13,1,1,1,2,0.9262,0.843,1,1,1,0,1
NCRB-SYNTH-101308,High Court,Sec 439 CrPC (Regular Bail),4,5,96,1,0,1,1,1,0,1,1,1,0.6546,1,38,1,1,0.0676,9,1.1087,121.7,1,1,5302008.54,0.6844,1,1,1,1,4.92,20,8,1,1,1,21,0.1529,0.0495,4,1,1,0,1
NCRB-SYNTH-101310,High Court,Sec 439 CrPC (Regular Bail),15,3,80,1,0,1,1,1,1,1,1,1,0.9466,1,160,1,1,0.1098,9,1.0556,169.79,1,1,14977437.74,0.9699,1,1,1,1,2.74,9,12,1,1,1,14,0.2588,0.0956,4,1,1,0,1
NCRB-SYNTH-101314,Supreme Court,Sec 439 CrPC (Regular Bail),1,21,23,1,0,1,1,1,0,1,1,1,0.5606,1,179,1,0,0.2055,9,1.2003,160.82,1,1,5474782.63,0.5101,1,1,1,1,28.34,22,13,1,1,1,13,0.1073,0.0407,4,1,1,0,0
NCRB-SYNTH-101318,High Court,Trial Judgment,1,18,18,1,0,1,1,1,0,1,1,1,0.8527,1,94,0,0,0.0342,5,1.0743,158.58,1,1,9845935.67,0.1563,1,1,1,1,10.46,7,11,1,1,1,3,0.5169,0.3728,1,1,1,1,1
NCRB-SYNTH-101328,Trial Court,Sec 439 CrPC (Regular Bail),7,17,79,0,0,1,1,1,1,1,1,1,0.5384,1,167,0,1,0.0514,3,1.0643,118.24,1,1,10413819.99,0.6203,1,1,1,1,1.18,7,5,1,1,1,33,0.2736,0.0776,4,1,1,0,0
NCRB-SYNTH-101332,High Court,Sec 482 CrPC (Quashing),7,13,11,1,0,1,1,1,1,1,1,1,0.4822,1,27,1,0,0.1499,7,1.0426,41.31,1,1,2251216.3,0.2561,1,1,1,1,5.99,3,12,1,1,1,9,0.2433,0.1057,3,1,1,0,0
NCRB-SYNTH-101344,Trial Court,Sec 439 CrPC (Regular Bail),4,21,69,1,0,1,1,1,0,1,1,1,0.6632,1,93,1,1,0.1504,6,1.1341,141.56,1,1,4586061.41,0.3684,1,1,1,1,12.27,10,8,1,1,1,14,0.0902,0.0333,4,1,1,0,1
NCRB-SYNTH-101345,High Court,Sec 439 CrPC (Regular Bail),4,8,11,0,0,1,1,1,0,1,1,1,0.9384,1,172,1,1,0.0017,1,1.0,108.03,1,1,9233209.94,0.4126,1,1,1,1,14.13,9,12,1,1,1,42,0.3002,0.0798,4,1,1,0,1
NCRB-SYNTH-101354,Trial Court,Sec 439 CrPC (Regular Bail),2,5,89,1,0,1,1,1,0,1,1,1,0.6602,1,128,1,1,0.066,7,1.0648,165.81,1,1,6163704.74,0.3287,1,1,1,1,21.61,25,5,1,1,1,33,0.2064,0.0585,4,1,1,0,1
NCRB-SYNTH-101365,Trial Court,Sec 482 CrPC (Quashing),2,20,33,1,0,1,1,1,1,1,1,1,0.6028,1,56,1,1,0.1978,4,1.176,101.7,1,1,4200223.32,0.1533,1,1,1,1,1.1,4,14,1,1,1,44,0.1727,0.0454,4,1,1,0,1
NCRB-SYNTH-101367,Trial Court,Sec 439 CrPC (Regular Bail),21,6,89,1,1,1,1,1,0,1,1,1,0.8642,1,98,1,1,0.0243,5,1.2398,72.15,1,1,854222.46,0.2871,1,1,1,1,1.85,14,9,1,1,1,39,0.1987,0.0539,4,1,1,0,1
NCRB-SYNTH-101387,Trial Court,Sec 482 CrPC (Quashing),2,14,35,1,0,1,1,1,1,1,1,1,0.8422,1,142,1,1,0.0691,2,1.3613,160.52,1,1,12830660.32,0.9274,1,1,1,1,30.54,7,5,1,1,1,18,0.1795,0.061,4,1,1,0,1
NCRB-SYNTH-101396,Trial Court,Sec 482 CrPC (Quashing),7,7,51,1,0,1,1,1,0,1,1,1,0.6767,1,53,0,0,0.0305,7,1.0,63.83,1,1,8369352.04,0.6803,1,1,1,1,16.36,13,15,1,1,1,14,0.1454,0.0537,4,1,1,0,1
NCRB-SYNTH-101400,Trial Court,Sec 439 CrPC (Regular Bail),7,16,36,1,0,1,1,1,1,1,1,1,0.5047,1,106,1,1,0.0796,4,1.0,33.47,1,1,9834541.44,0.5345,1,1,1,1,7.44,17,6,1,1,1,35,0.1383,0.0386,4,1,1,0,0
NCRB-SYNTH-101404,High Court,Sec 439 CrPC (Regular Bail),1,17,35,1,0,1,1,1,0,1,1,1,0.6383,1,157,1,0,0.0778,9,1.0766,103.69,1,1,11764349.52,0.1834,1,1,1,1,6.61,12,10,1,1,1,1,0.4588,0.662,1,1,1,0,1
NCRB-SYNTH-101407,High Court,Sec 439 CrPC (Regular Bail),1,13,13,1,0,1,1,1,1,1,1,1,0.8687,1,87,1,1,0.1189,1,1.1745,126.83,1,1,10779774.15,0.4119,1,1,1,1,1.85,18,12,1,1,1,22,0.136,0.0434,4,1,1,1,1
NCRB-SYNTH-101408,High Court,Sec 439 CrPC (Regular Bail),2,15,7,1,0,1,1,1,0,1,1,1,0.6165,1,150,1,1,0.0,8,1.2881,161.12,1,1,9497646.42,0.6699,1,1,1,1,5.66,6,15,1,1,1,43,0.1178,0.0311,4,1,1,0,1
NCRB-SYNTH-101438,High Court,Sec 482 CrPC (Quashing),7,21,37,1,0,1,1,1,0,1,1,1,0.4174,1,167,0,1,0.0,1,1.1979,114.17,1,1,999827.93,0.8099,1,1,1,1,11.86,18,7,1,1,1,42,0.2703,0.0719,4,1,1,0,0
NCRB-SYNTH-101448,High Court,Sec 439 CrPC (Regular Bail),2,23,40,1,0,1,1,1,0,1,1,1,0.7649,1,46,0,1,0.0861,2,1.1498,70.23,1,1,13893613.3,0.2723,1,1,1,1,1.27,10,3,1,1,1,38,0.1322,0.0361,4,1,1,1,1
NCRB-SYNTH-101470,High Court,Sec 439 CrPC (Regular Bail),1,16,51,1,0,1,1,1,0,1,1,1,0.5935,1,29,1,0,0.1498,6,1.228,163.07,1,1,2319258.01,0.929,1,1,1,1,8.52,22,7,1,1,1,36,0.3071,0.085,4,1,1,1,0
NCRB-SYNTH-101472,High Court,Sec 439 CrPC (Regular Bail),2,5,65,1,0,1,1,1,0,1,1,1,0.6127,1,15,0,0,0.1003,9,1.0793,115.58,1,1,10978660.9,0.1904,1,1,1,1,4.36,21,15,1,1,1,2,0.5565,0.5065,1,1,1,0,1
NCRB-SYNTH-101477,High Court,Sec 439 CrPC (Regular Bail),1,8,100,1,0,1,1,1,0,1,1,1,0.6465,1,48,1,1,0.0,2,1.1898,179.43,1,1,11270074.27,0.6707,1,1,1,1,6.79,23,10,1,1,1,38,0.0834,0.0228,4,1,1,1,1
NCRB-SYNTH-101478,High Court,Sec 482 CrPC (Quashing),2,5,92,1,0,1,1,1,0,1,1,1,0.6221,0,134,1,1,0.0653,4,1.0,71.59,1,1,12811251.56,0.616,1,1,1,1,1.46,11,4,1,1,1,30,0.291,0.0847,4,1,1,1,1
NCRB-SYNTH-101479,Trial Court,Sec 439 CrPC (Regular Bail),2,14,88,0,0,1,1,1,1,1,1,1,0.9397,1,77,1,1,0.1394,5,1.103,51.62,1,1,4764551.8,0.6281,1,1,1,1,13.16,6,4,1,1,1,19,0.1504,0.0502,4,1,1,0,1
NCRB-SYNTH-101481,High Court,Sec 439 CrPC (Regular Bail),2,13,45,1,0,1,1,1,0,1,1,1,0.4788,1,54,0,0,0.0693,4,1.0,121.99,1,1,13529051.36,0.2279,1,1,1,1,4.43,7,8,1,1,1,28,0.1981,0.0588,4,1,1,0,0
NCRB-SYNTH-101510,High Court,Sec 439 CrPC (Regular Bail),7,21,41,1,0,1,1,1,0,1,1,1,0.8245,1,59,1,1,0.132,5,1.0784,62.77,1,1,10042797.98,0.7141,1,1,1,1,5.81,16,12,1,1,1,34,0.26,0.0731,4,1,1,0,1
NCRB-SYNTH-101511,Trial Court,Trial Judgment,2,23,18,1,0,1,1,1,0,1,1,1,0.6004,0,131,0,0,0.1459,3,1.33,38.64,1,1,4613645.66,0.7041,1,1,1,1,9.87,6,8,1,1,1,1,0.6499,0.9376,1,1,1,0,1
NCRB-SYNTH-101512,Trial Court,Sec 439 CrPC (Regular Bail),7,19,83,1,0,1,1,1,0,1,1,1,0.8901,1,77,1,1,0.1124,9,1.1904,98.39,1,1,644746.43,0.6606,1,1,1,1,1.96,19,9,1,1,1,6,0.0944,0.0485,3,1,1,1,1
NCRB-SYNTH-101529,Trial Court,Sec 439 CrPC (Regular Bail),4,13,8,1,0,1,1,1,0,1,1,1,0.5128,1,149,1,1,0.1202,3,1.1359,118.93,1,1,11379381.34,0.8918,1,1,1,1,12.1,18,10,1,1,1,4,0.1555,0.0966,3,1,1,0,0
NCRB-SYNTH-101533,High Court,Sec 439 CrPC (Regular Bail),15,18,47,1,0,1,1,1,0,1,1,1,0.4796,1,170,0,0,0.0775,1,1.2556,47.72,1,1,5127728.12,0.8198,1,1,1,1,8.69,21,3,1,1,1,9,0.2384,0.1035,3,1,1,0,0
NCRB-SYNTH-101541,Supreme Court,Sec 482 CrPC (Quashing),1,6,19,1,0,1,1,1,1,1,1,1,0.6149,1,47,0,0,0.056,6,1.0691,159.48,1,1,9962802.79,0.4526,1,1,1,1,6.62,21,3,1,1,1,41,0.1793,0.048,4,1,1,1,1
NCRB-SYNTH-101547,Trial Court,Sec 439 CrPC (Regular Bail),2,17,41,1,0,1,1,1,0,1,1,1,0.449,1,166,0,1,0.0,5,1.1527,90.05,1,1,7874540.34,0.5507,1,1,1,1,8.9,18,9,1,1,1,36,0.1162,0.0322,4,1,1,0,0
NCRB-SYNTH-101553,Trial Court,Sec 439 CrPC (Regular Bail),15,13,47,1,0,1,1,1,0,1,1,1,0.5959,1,138,0,0,0.0945,7,1.2104,46.58,1,1,10854844.73,0.6065,1,1,1,1,8.3,25,3,1,1,1,10,0.2352,0.0981,3,1,1,0,0
NCRB-SYNTH-101559,Trial Court,Sec 439 CrPC (Regular Bail),15,16,17,1,0,1,1,1,1,1,1,1,0.3729,0,32,0,0,0.1249,3,1.0699,83.83,1,1,13929198.49,0.8938,1,1,1,1,16.44,10,4,1,1,1,31,0.142,0.041,4,1,1,0,0
NCRB-SYNTH-101563,High Court,Sec 439 CrPC (Regular Bail),2,15,46,1,0,1,1,1,0,1,1,1,0.7569,0,168,1,1,0.045,6,1.0,145.07,1,1,13542627.54,0.7227,1,1,1,1,6.23,3,6,1,1,1,21,0.2116,0.0685,4,1,1,0,1
NCRB-SYNTH-101565,Trial Court,Sec 439 CrPC (Regular Bail),2,3,42,1,0,1,1,1,0,1,1,1,0.6967,1,158,0,0,0.1007,8,1.1531,43.03,1,1,3276799.59,0.193,1,1,1,1,3.13,15,4,1,1,1,35,0.1703,0.0475,4,1,1,0,1
NCRB-SYNTH-101573,Supreme Court,Writ Petition (Detention),15,5,9,1,0,1,1,1,0,1,1,1,0.8943,1,39,1,1,0.1264,1,1.2254,127.14,1,1,4953940.22,0.5446,1,1,1,1,8.57,15,12,1,1,1,3,0.6888,0.4969,1,1,1,0,1
NCRB-SYNTH-101590,High Court,Sec 482 CrPC (Quashing),2,8,71,0,0,1,1,1,0,1,1,1,0.4686,1,124,1,1,0.0909,9,1.0179,123.75,1,1,10376867.4,0.9672,1,1,1,1,7.17,10,10,1,1,1,45,0.2534,0.0662,4,1,1,0,0
NCRB-SYNTH-101595,High Court,Sec 439 CrPC (Regular Bail),15,7,46,1,0,1,1,1,0,1,1,1,0.8022,1,63,1,0,0.0986,1,1.0115,41.51,1,1,7046536.04,0.5983,1,1,1,1,7.69,10,10,1,1,1,1,0.5508,0.7946,1,1,1,0,1
NCRB-SYNTH-101608,High Court,Trial Judgment,27,6,100,1,0,1,1,1,1,1,1,1,0.8201,1,19,1,1,0.1208,3,1.1966,74.99,1,1,14445846.83,0.9683,1,1,1,1,1.98,15,14,1,1,1,24,0.1948,0.0605,4,1,1,0,1
NCRB-SYNTH-101620,High Court,Sec 439 CrPC (Regular Bail),2,21,12,0,0,1,1,1,0,1,1,1,0.7753,1,106,1,1,0.0896,5,1.0535,67.69,1,1,8626986.8,0.6319,1,1,1,1,6.18,16,6,1,1,1,2,0.721,0.6563,1,1,1,0,1
NCRB-SYNTH-101631,High Court,Sec 439 CrPC (Regular Bail),15,25,23,1,0,1,1,1,0,1,1,1,0.6125,1,76,1,1,0.1075,7,1.114,90.84,1,1,10226173.1,0.7775,1,1,1,1,31.4,23,10,1,1,1,6,0.1189,0.0611,3,1,1,0,1
NCRB-SYNTH-101634,High Court,Sec 482 CrPC (Quashing),4,17,48,1,0,1,1,1,0,1,1,1,0.6535,1,176,1,1,0.1804,5,1.1409,55.21,1,1,8409395.84,0.4234,1,1,1,1,17.73,19,5,1,1,1,39,0.2115,0.0573,4,1,1,0,1
NCRB-SYNTH-101642,High Court,Sec 482 CrPC (Quashing),7,15,48,1,0,1,1,1,1,1,1,1,0.4025,1,41,1,1,0.1024,6,1.2333,40.64,1,1,5059694.8,0.9336,1,1,1,1,4.88,25,11,1,1,1,8,0.0554,0.0252,3,1,1,0,0
NCRB-SYNTH-101646,High Court,Sec 439 CrPC (Regular Bail),4,18,7,1,0,1,1,1,0,1,1,1,0.3831,1,137,1,1,0.0513,1,1.0807,115.13,1,1,13138542.1,0.2331,1,1,1,1,31.56,5,4,1,1,1,26,0.2748,0.0834,4,1,1,0,0
NCRB-SYNTH-101648,High Court,Trial Judgment,1,23,100,1,0,1,1,1,0,1,1,1,0.421,1,13,1,1,0.1075,5,1.23,49.26,1,1,2812759.14,0.4355,1,1,1,1,14.66,20,3,1,1,1,20,0.3132,0.1029,4,1,1,0,0
NCRB-SYNTH-101649,Supreme Court,Sec 482 CrPC (Quashing),7,20,84,1,0,1,1,1,0,1,1,1,0.926,1,123,1,1,0.1637,6,1.1654,175.16,1,1,14493546.91,0.5228,1,1,1,1,3.36,16,5,1,1,1,3,0.6556,0.4729,1,1,1,0,1
NCRB-SYNTH-101650,Supreme Court,Sec 482 CrPC (Quashing),2,11,37,1,0,1,1,1,0,1,1,1,0.5634,1,45,1,1,0.1108,7,1.0761,54.65,1,1,2826580.17,0.6678,1,1,1,1,16.37,3,7,1,1,1,2,0.8957,0.8153,1,1,1,0,0
NCRB-SYNTH-101670,High Court,Sec 482 CrPC (Quashing),21,10,79,1,0,1,1,1,0,1,1,1,0.6125,1,128,1,1,0.0453,3,1.0,54.51,1,1,6490901.99,0.635,1,1,1,1,2.86,4,8,1,1,1,25,0.2523,0.0774,4,1,1,0,1
NCRB-SYNTH-101674,Trial Court,Sec 482 CrPC (Quashing),4,6,20,1,0,1,1,1,0,1,1,1,0.8856,1,32,0,1,0.071,9,1.0783,90.04,1,1,2609551.73,0.7462,1,1,1,1,73.76,20,12,1,1,1,2,0.9088,0.8272,1,1,1,0,1
NCRB-SYNTH-101675,Trial Court,Sec 439 CrPC (Regular Bail),1,10,93,1,0,1,1,1,1,1,1,1,0.6922,1,19,1,1,0.1656,4,1.1963,35.9,1,1,14326876.65,0.8493,1,1,1,1,1.8,19,13,1,1,1,3,0.5077,0.3662,1,1,1,0,1
NCRB-SYNTH-101684,High Court,Sec 439 CrPC (Regular Bail),2,12,63,1,0,1,1,1,0,1,1,1,0.4921,1,65,0,0,0.0989,7,1.1069,99.85,1,1,2693349.64,0.3981,1,1,1,1,2.45,4,6,1,1,1,9,0.1199,0.0521,3,1,1,0,0
NCRB-SYNTH-101690,Trial Court,Sec 439 CrPC (Regular Bail),15,21,93,1,1,1,1,1,0,1,1,1,0.6458,1,176,1,1,0.0235,9,1.3321,170.77,1,1,8610289.85,0.3856,1,1,1,1,17.3,17,11,1,1,1,19,0.1023,0.0341,4,1,1,1,1
NCRB-SYNTH-101713,Trial Court,Sec 439 CrPC (Regular Bail),2,6,91,1,0,1,1,1,0,1,1,1,0.9793,0,91,0,0,0.0265,6,1.2026,125.34,1,1,7281386.32,0.5815,1,1,1,1,1.51,12,9,1,1,1,42,0.2776,0.0738,4,1,1,0,1
NCRB-SYNTH-101729,Trial Court,Sec 439 CrPC (Regular Bail),15,7,47,1,0,1,1,1,1,1,1,1,0.9241,1,129,0,0,0.1035,1,1.0307,51.85,1,1,13776477.51,0.3982,1,1,1,1,16.47,15,4,1,1,1,14,0.1769,0.0653,4,1,1,0,1
NCRB-SYNTH-101741,High Court,Sec 482 CrPC (Quashing),2,23,22,1,0,1,1,1,1,1,1,1,0.7164,0,149,1,1,0.0878,5,1.1366,137.13,1,1,14767485.55,0.7517,1,1,1,1,4.78,17,3,1,1,1,19,0.1982,0.0662,4,1,1,0,1
NCRB-SYNTH-101742,High Court,Sec 439 CrPC (Regular Bail),4,10,96,1,0,1,1,1,0,1,1,1,0.7063,1,164,1,1,0.072,7,1.214,131.12,1,1,8021874.49,0.9272,1,1,1,1,7.46,13,11,1,1,1,7,0.173,0.0832,3,1,1,0,1
NCRB-SYNTH-101743,Trial Court,Trial Judgment,15,9,79,1,0,1,1,1,1,1,1,1,0.5661,1,72,0,0,0.0351,1,1.1166,73.99,1,1,10215210.75,0.8555,1,1,1,1,39.67,6,10,1,1,1,15,0.1316,0.0475,4,1,1,0,0
NCRB-SYNTH-101749,Trial Court,Sec 482 CrPC (Quashing),1,10,65,1,0,1,1,1,0,1,1,1,0.7461,1,106,0,0,0.1404,6,1.0218,42.27,1,1,14879961.62,0.7495,1,1,1,1,6.09,7,12,1,1,1,35,0.1299,0.0362,4,1,1,1,1
NCRB-SYNTH-101756,High Court,Sec 439 CrPC (Regular Bail),2,16,33,1,0,1,1,1,0,1,1,1,0.5622,1,52,1,1,0.1075,6,1.15,173.51,1,1,7385253.91,0.4362,1,1,1,1,4.26,15,13,1,1,1,3,0.7252,0.5231,1,1,1,0,0
NCRB-SYNTH-101762,Supreme Court,Sec 439 CrPC (Regular Bail),21,19,86,0,0,1,1,1,1,1,1,1,0.4975,1,75,1,1,0.0586,6,1.0344,92.27,1,1,7988724.51,0.559,1,1,1,1,12.64,9,14,1,1,1,31,0.1251,0.0361,4,1,1,0,0
NCRB-SYNTH-101767,Trial Court,Writ Petition (Detention),4,19,31,1,0,1,1,1,0,1,1,1,0.7324,1,32,0,0,0.0371,7,1.2094,47.43,1,1,13793973.39,0.5547,1,1,1,1,6.81,10,10,1,1,1,24,0.2116,0.0657,4,1,1,0,1
NCRB-SYNTH-101772,Trial Court,Sec 482 CrPC (Quashing),7,25,54,1,0,1,1,1,0,1,1,1,0.4169,1,142,1,1,0.0723,6,1.0,150.53,1,1,6740081.7,0.4624,1,1,1,1,13.33,19,15,1,1,1,23,0.1035,0.0326,4,1,1,0,0
NCRB-SYNTH-101775,High Court,Sec 439 CrPC (Regular Bail),15,4,14,1,0,1,1,1,0,1,1,1,0.5645,1,72,0,0,0.1126,5,1.0456,103.08,1,1,2581377.67,0.1531,1,1,1,1,10.16,11,5,1,1,1,19,0.2892,0.0965,4,1,1,0,0
NCRB-SYNTH-101780,High Court,Sec 439 CrPC (Regular Bail),4,3,38,1,0,1,1,1,0,1,1,1,0.9541,1,34,1,1,0.1423,1,1.0644,34.82,1,1,3881968.2,0.1952,1,1,1,1,24.75,10,8,1,1,1,4,0.24,0.1491,3,1,1,0,1
NCRB-SYNTH-101792,High Court,Sec 439 CrPC (Regular Bail),15,22,29,1,0,1,1,1,0,1,1,1,0.9487,1,72,1,1,0.0903,5,1.0,139.98,1,1,1482811.61,0.3293,1,1,1,1,2.95,25,11,1,1,1,41,0.1273,0.0341,4,1,1,0,1
NCRB-SYNTH-101797,High Court,Sec 482 CrPC (Quashing),7,7,94,1,0,1,1,1,0,1,1,1,0.8184,1,120,1,1,0.1064,4,1.0,177.74,1,1,14587580.23,0.8288,1,1,1,1,6.9,23,5,1,1,1,2,0.5009,0.4559,1,1,1,0,1
NCRB-SYNTH-101802,High Court,Sec 439 CrPC (Regular Bail),7,8,47,1,1,1,1,1,1,1,1,1,0.8862,1,62,1,0,0.0835,9,1.1301,102.07,1,1,4841021.3,0.4727,1,1,1,1,15.19,25,5,1,1,1,11,0.0982,0.0395,3,1,1,0,1
NCRB-SYNTH-101806,Trial Court,Sec 482 CrPC (Quashing),2,9,89,1,0,1,1,1,1,1,1,1,0.8634,0,59,0,1,0.09,3,1.3113,140.48,1,1,4748751.87,0.7966,1,1,1,1,11.5,8,9,1,1,1,2,0.6447,0.5868,1,1,1,0,1
NCRB-SYNTH-101812,Trial Court,Sec 439 CrPC (Regular Bail),21,22,54,1,0,1,1,1,0,1,1,1,0.6137,1,150,0,0,0.0524,3,1.0773,159.0,1,1,8792093.61,0.9222,1,1,1,1,3.79,21,10,1,1,1,26,0.1444,0.0438,4,1,1,1,1
NCRB-SYNTH-101818,High Court,Sec 439 CrPC (Regular Bail),7,12,59,1,0,1,1,1,0,1,1,1,0.658,1,144,1,1,0.028,8,1.1324,155.65,1,1,10220612.01,0.6124,1,1,1,1,10.69,12,7,1,1,1,29,0.2219,0.0652,4,1,1,1,1
NCRB-SYNTH-101824,High Court,Sec 439 CrPC (Regular Bail),2,4,53,1,0,1,1,1,1,1,1,1,0.6747,1,168,1,0,0.0257,2,1.1628,114.59,1,1,14416937.39,0.3479,1,1,1,1,12.54,17,8,1,1,1,35,0.1926,0.0538,4,1,1,0,1
NCRB-SYNTH-101829,High Court,Sec 482 CrPC (Quashing),4,9,96,1,0,1,1,1,0,1,1,1,0.7328,1,72,1,1,0.1384,6,1.0198,175.45,1,1,4506395.91,0.6682,1,1,1,1,7.43,24,10,1,1,1,27,0.2874,0.0863,4,1,1,0,1
NCRB-SYNTH-101834,Supreme Court,Sec 482 CrPC (Quashing),4,7,15,1,0,1,1,1,0,1,1,1,0.5131,1,70,1,1,0.122,1,1.2567,169.24,1,1,1857666.53,0.3955,1,1,1,1,7.58,17,14,1,1,1,8,0.2143,0.0975,3,1,1,0,0
NCRB-SYNTH-101835,High Court,Sec 482 CrPC (Quashing),7,3,82,1,0,1,1,1,0,1,1,1,0.892,1,22,1,1,0.0976,3,1.0,163.52,1,1,1005014.94,0.9991,1,1,1,1,1.01,4,4,1,1,1,4,0.2273,0.1412,3,1,1,0,1
NCRB-SYNTH-101852,High Court,Sec 482 CrPC (Quashing),45,14,83,1,0,1,1,1,1,1,1,1,0.6315,1,46,1,1,0.0,9,1.1139,43.28,1,1,692965.31,0.1888,1,1,1,1,13.43,20,9,1,1,1,39,0.2739,0.0743,4,1,1,0,1
NCRB-SYNTH-101854,Trial Court,Sec 482 CrPC (Quashing),1,22,87,1,0,1,1,1,0,1,1,1,0.5268,1,174,1,1,0.0591,8,1.1829,159.27,1,1,10821502.02,0.7897,1,1,1,1,15.66,14,8,1,1,1,19,0.2085,0.0696,4,1,1,0,0
NCRB-SYNTH-101857,Trial Court,Sec 439 CrPC (Regular Bail),27,20,52,1,0,1,1,1,0,1,1,1,0.4612,0,54,1,1,0.0968,4,1.16,41.94,1,1,12401868.62,0.6718,1,1,1,1,24.07,19,6,1,1,1,31,0.1308,0.0377,4,1,1,0,0
NCRB-SYNTH-101859,High Court,Sec 439 CrPC (Regular Bail),1,20,21,1,0,1,1,1,1,1,1,1,0.6778,0,114,1,1,0.0929,4,1.2313,30.89,1,1,5865763.05,0.451,1,1,1,1,4.13,23,12,1,1,1,3,0.5854,0.4223,1,1,1,1,1
NCRB-SYNTH-101860,Trial Court,Sec 439 CrPC (Regular Bail),4,12,37,0,0,1,1,1,1,1,1,1,0.5512,0,137,0,0,0.0734,8,1.031,137.25,1,1,1215399.87,0.2079,1,1,1,1,21.41,8,4,1,1,1,26,0.1013,0.0307,4,1,1,0,0
NCRB-SYNTH-101861,Trial Court,Sec 439 CrPC (Regular Bail),4,12,24,1,0,1,1,1,1,1,1,1,0.5178,1,105,1,1,0.0324,1,1.0555,100.44,1,1,2691797.68,0.4711,1,1,1,1,36.45,19,5,1,1,1,41,0.1468,0.0393,4,1,1,0,0
NCRB-SYNTH-101870,Supreme Court,Sec 482 CrPC (Quashing),2,8,35,1,0,1,1,1,0,1,1,1,0.6468,0,86,1,1,0.0373,1,1.1283,150.17,1,1,14282866.42,0.453,1,1,1,1,3.15,25,8,1,1,1,36,0.1098,0.0304,4,1,1,0,1
NCRB-SYNTH-101871,High Court,Trial Judgment,4,4,55,1,0,1,1,1,0,1,1,1,0.8542,1,87,1,0,0.0,4,1.0,134.31,1,1,8518095.63,0.7382,1,1,1,1,17.29,6,10,1,1,1,28,0.1119,0.0332,4,1,1,0,1
NCRB-SYNTH-101874,Trial Court,Sec 482 CrPC (Quashing),15,7,23,1,0,1,1,1,1,1,1,1,0.8358,1,42,1,1,0.0783,9,1.1124,169.55,1,1,937592.14,0.8912,1,1,1,1,49.17,21,5,1,1,1,45,0.3025,0.079,4,1,1,0,1
NCRB-SYNTH-101875,High Court,Sec 439 CrPC (Regular Bail),2,8,66,1,0,1,1,1,0,1,1,1,0.7819,0,108,1,1,0.0027,5,1.096,177.05,1,1,13470308.81,0.8597,1,1,1,1,16.71,5,3,1,1,1,2,0.7881,0.7174,1,1,1,0,1
NCRB-SYNTH-101884,Trial Court,Trial Judgment,1,15,42,1,0,1,1,1,0,1,1,1,0.8848,1,58,1,1,0.1068,5,1.0,38.25,1,1,12084241.66,0.9263,1,1,1,1,13.64,21,9,1,1,1,30,0.2029,0.0591,4,1,1,1,1
NCRB-SYNTH-101889,Trial Court,Sec 439 CrPC (Regular Bail),7,15,69,1,0,1,1,1,1,1,1,1,0.642,1,155,0,0,0.0567,9,1.0984,137.13,1,1,7222944.52,0.6788,1,1,1,1,1.59,15,12,1,1,1,2,0.6277,0.5714,1,1,1,0,1
NCRB-SYNTH-101893,High Court,Sec 482 CrPC (Quashing),7,18,31,1,0,1,1,1,1,1,1,1,0.7605,1,176,1,0,0.1479,6,1.1025,51.57,1,1,3883993.73,0.6959,1,1,1,1,5.36,11,9,1,1,1,38,0.2786,0.076,4,1,1,0,1
NCRB-SYNTH-101896,High Court,Sec 439 CrPC (Regular Bail),27,20,62,1,0,1,1,1,0,1,1,1,0.745,1,19,0,0,0.0979,6,1.0284,169.53,1,1,11228345.78,0.4008,1,1,1,1,4.03,7,6,1,1,1,32,0.0908,0.026,4,1,1,0,1
NCRB-SYNTH-101900,Trial Court,Writ Petition (Detention),2,3,69,1,0,1,1,1,1,1,1,1,0.5708,0,33,1,1,0.1062,8,1.0,35.3,1,1,1581994.32,0.3705,1,1,1,1,6.62,17,13,1,1,1,27,0.2704,0.0811,4,1,1,0,0
NCRB-SYNTH-101903,Trial Court,Sec 439 CrPC (Regular Bail),21,11,19,1,0,1,1,1,1,1,1,1,0.4795,0,90,1,1,0.0242,9,1.1643,150.45,1,1,1946174.29,0.4956,1,1,1,1,14.77,20,12,1,1,1,1,0.6833,0.9858,1,1,1,0,0
NCRB-SYNTH-101905,Trial Court,Sec 439 CrPC (Regular Bail),4,5,86,1,0,1,1,1,1,1,1,1,0.6846,0,153,0,0,0.0319,3,1.0326,80.4,1,1,8491509.8,0.31,1,1,1,1,4.0,24,8,1,1,1,2,0.9113,0.8295,1,1,1,1,1
NCRB-SYNTH-101916,Supreme Court,Sec 439 CrPC (Regular Bail),2,7,60,1,1,1,1,1,0,1,1,1,0.5579,1,79,1,1,0.1131,4,1.1847,154.06,1,1,5746014.98,0.359,1,1,1,1,6.13,18,12,1,1,1,26,0.2319,0.0704,4,1,1,0,0
NCRB-SYNTH-101925,High Court,Writ Petition (Detention),27,7,14,1,0,1,1,1,0,1,1,1,0.511,1,112,1,1,0.1211,6,1.0835,163.35,1,1,11574748.16,0.3318,1,1,1,1,7.65,17,12,1,1,1,2,0.8521,0.7756,1,1,1,0,0
NCRB-SYNTH-101936,High Court,Sec 439 CrPC (Regular Bail),2,20,64,1,0,1,1,1,0,1,1,1,0.7406,1,27,1,0,0.0543,3,1.0,137.38,1,1,10801961.13,0.1735,1,1,1,1,1.35,5,15,1,1,1,3,0.9489,0.6845,1,1,1,0,1
NCRB-SYNTH-101938,Trial Court,Sec 439 CrPC (Regular Bail),7,7,43,1,0,1,1,1,0,1,1,1,0.7042,0,58,1,1,0.0988,5,1.0,155.74,1,1,5826883.4,0.4945,1,1,1,1,9.86,23,6,1,1,1,26,0.2032,0.0616,4,1,1,0,1
NCRB-SYNTH-101943,High Court,Sec 482 CrPC (Quashing),7,24,36,1,0,1,1,1,0,1,1,1,0.696,1,70,1,1,0.0378,3,1.0745,137.04,1,1,11654925.84,0.9851,1,1,1,1,1.54,15,8,1,1,1,17,0.2765,0.0957,4,1,1,0,1
NCRB-SYNTH-101944,High Court,Sec 439 CrPC (Regular Bail),4,24,55,1,0,1,1,1,0,1,1,1,0.8551,1,48,0,0,0.073,8,1.0968,159.54,1,1,10504839.46,0.7286,1,1,1,1,9.29,5,6,1,1,1,2,0.8638,0.7863,1,1,1,0,1
NCRB-SYNTH-101945,High Court,Sec 439 CrPC (Regular Bail),7,8,30,0,0,1,1,1,1,1,1,1,0.4779,0,74,1,1,0.0716,7,1.164,127.65,1,1,12277319.84,0.9443,1,1,1,1,13.17,13,10,1,1,1,25,0.1958,0.0601,4,1,1,0,0
NCRB-SYNTH-101954,Trial Court,Sec 439 CrPC (Regular Bail),4,19,59,1,0,1,1,1,0,1,1,1,0.8857,1,74,1,1,0.0418,9,1.0249,64.0,1,1,4958669.43,0.8874,1,1,1,1,14.29,24,10,1,1,1,32,0.3104,0.0888,4,1,1,0,1
NCRB-SYNTH-101960,Supreme Court,Sec 482 CrPC (Quashing),2,15,11,1,0,1,1,1,0,1,1,1,0.7525,1,114,1,1,0.0007,5,1.149,65.61,1,1,1732999.54,0.9364,1,1,1,1,29.75,22,4,1,1,1,44,0.0955,0.0251,4,1,1,0,1
NCRB-SYNTH-101963,High Court,Sec 482 CrPC (Quashing),7,21,85,1,0,1,1,1,0,1,1,1,0.6321,0,47,1,1,0.0663,9,1.1091,160.66,1,1,2156692.78,0.5166,1,1,1,1,28.43,11,13,1,1,1,3,0.8948,0.6455,1,1,1,0,1
NCRB-SYNTH-101972,Trial Court,Sec 439 CrPC (Regular Bail),21,25,86,1,0,1,1,1,0,1,1,1,0.8939,0,150,1,1,0.0905,4,1.0431,122.87,1,1,9451201.67,0.3814,1,1,1,1,6.04,4,4,1,1,1,6,0.1295,0.0665,3,1,1,0,1
NCRB-SYNTH-101980,Trial Court,Sec 482 CrPC (Quashing),4,17,91,1,0,1,1,1,1,1,1,1,0.3989,1,113,1,1,0.0671,9,1.0,174.24,1,1,6367211.74,0.2596,1,1,1,1,5.55,7,14,1,1,1,5,0.1481,0.0826,3,1,1,0,0
NCRB-SYNTH-101982,High Court,Sec 482 CrPC (Quashing),45,8,5,1,1,1,1,1,0,1,1,1,0.5206,0,100,1,1,0.0822,7,1.0566,94.46,1,1,2156353.84,0.5298,1,1,1,1,8.91,23,15,1,1,1,35,0.1107,0.0309,4,1,1,0,0
NCRB-SYNTH-101987,Supreme Court,Sec 439 CrPC (Regular Bail),4,24,69,1,0,1,1,1,1,1,1,1,0.5569,1,38,1,1,0.0617,5,1.0655,143.3,1,1,7796018.92,0.8177,1,1,1,1,2.4,7,13,1,1,1,6,0.195,0.1002,3,1,1,0,0
NCRB-SYNTH-101990,High Court,Sec 439 CrPC (Regular Bail),4,19,55,1,0,1,1,1,0,1,1,1,0.491,1,111,1,1,0.0379,4,1.0847,72.54,1,1,1970597.18,0.556,1,1,1,1,5.24,11,3,1,1,1,1,0.4418,0.6374,1,1,1,0,0
NCRB-SYNTH-101991,High Court,Sec 439 CrPC (Regular Bail),7,16,73,1,0,1,1,1,1,1,1,1,0.8889,1,51,1,0,0.1058,8,1.1934,153.82,1,1,10080662.9,0.411,1,1,1,1,10.31,6,4,1,1,1,30,0.2895,0.0843,4,1,1,0,1
NCRB-SYNTH-101995,Trial Court,Sec 439 CrPC (Regular Bail),2,10,45,1,0,1,1,1,1,1,1,1,0.4825,1,46,1,1,0.0175,2,1.2621,84.54,1,1,14064580.85,0.9683,1,1,1,1,5.77,13,11,1,1,1,6,0.2235,0.1148,3,1,1,0,0
NCRB-SYNTH-102006,Trial Court,Sec 439 CrPC (Regular Bail),21,11,62,1,0,1,1,1,0,1,1,1,0.7094,1,36,0,0,0.0317,1,1.0,98.62,1,1,8322589.87,0.6736,1,1,1,1,18.79,5,7,1,1,1,17,0.1477,0.0511,4,1,1,0,1
NCRB-SYNTH-102008,High Court,Sec 439 CrPC (Regular Bail),15,5,72,1,1,1,1,1,1,1,1,1,0.9189,1,153,1,1,0.0207,5,1.3299,67.28,1,1,5158491.39,0.2178,1,1,1,1,1.59,9,5,1,1,1,17,0.2659,0.092,4,1,1,0,1
NCRB-SYNTH-102027,High Court,Trial Judgment,15,15,6,1,0,1,1,1,1,1,1,1,0.3911,1,113,0,0,0.0,7,1.0,125.01,1,1,3723455.69,0.5499,1,1,1,1,4.84,4,11,1,1,1,12,0.2067,0.0806,4,1,1,0,0
NCRB-SYNTH-102046,High Court,Sec 482 CrPC (Quashing),7,7,85,1,1,1,1,1,0,1,1,1,0.6494,1,102,1,1,0.1401,7,1.1192,177.35,1,1,12331831.41,0.2975,1,1,1,1,3.4,18,9,1,1,1,14,0.2358,0.0871,4,1,1,0,1
NCRB-SYNTH-102048,Trial Court,Sec 482 CrPC (Quashing),15,9,16,1,0,1,1,1,0,1,1,1,0.41,1,159,0,0,0.0655,1,1.1076,137.01,1,1,3240938.65,0.4834,1,1,1,1,29.09,19,9,1,1,1,41,0.3023,0.0809,4,1,1,0,0
NCRB-SYNTH-102055,Trial Court,Sec 482 CrPC (Quashing),7,11,26,1,0,1,1,1,1,1,1,1,0.9113,0,29,1,1,0.0557,4,1.0263,170.2,1,1,6249010.58,0.7614,1,1,1,1,1.3,4,6,1,1,1,15,0.277,0.0999,4,1,1,0,1
NCRB-SYNTH-102063,Trial Court,Sec 439 CrPC (Regular Bail),4,18,32,1,0,1,1,1,0,1,1,1,0.7966,1,49,0,0,0.1255,9,1.0547,69.44,1,1,7499499.27,0.6003,1,1,1,1,1.22,3,4,1,1,1,43,0.1837,0.0485,4,1,1,0,1
NCRB-SYNTH-102066,Supreme Court,Sec 439 CrPC (Regular Bail),21,21,32,1,0,1,1,1,0,1,1,1,0.877,1,33,1,1,0.1044,2,1.0493,168.33,1,1,14181615.75,0.6093,1,1,1,1,13.21,9,8,1,1,1,6,0.1103,0.0567,3,1,1,0,1
NCRB-SYNTH-102071,High Court,Sec 482 CrPC (Quashing),4,23,8,1,0,1,1,1,0,1,1,1,0.9172,0,67,1,1,0.1059,4,1.0,152.26,1,1,5393413.14,0.6778,1,1,1,1,8.94,19,9,1,1,1,23,0.0903,0.0284,4,1,1,0,1
NCRB-SYNTH-102080,Trial Court,Sec 439 CrPC (Regular Bail),4,10,17,1,0,1,1,1,1,1,1,1,0.4268,0,121,1,1,0.1136,2,1.1423,42.87,1,1,1262844.18,0.7852,1,1,1,1,13.17,25,7,1,1,1,8,0.1873,0.0852,3,1,1,0,0
NCRB-SYNTH-102089,Trial Court,Sec 482 CrPC (Quashing),2,16,65,1,0,1,1,1,0,1,1,1,0.6392,1,42,1,1,0.0761,3,1.0152,50.49,1,1,4890002.08,0.6201,1,1,1,1,1.75,9,14,1,1,1,34,0.2016,0.0567,4,1,1,0,1
NCRB-SYNTH-102091,Trial Court,Sec 439 CrPC (Regular Bail),21,6,30,1,0,1,1,1,1,1,1,1,0.8284,1,171,1,1,0.1002,3,1.2312,167.51,1,1,6187301.62,0.4763,1,1,1,1,3.13,14,3,1,1,1,6,0.1249,0.0642,3,1,1,0,1
NCRB-SYNTH-102096,High Court,Trial Judgment,2,22,10,0,0,1,1,1,0,1,1,1,0.8032,1,158,1,1,0.1042,8,1.0301,112.59,1,1,6296364.81,0.19,1,1,1,1,20.09,17,8,1,1,1,34,0.1407,0.0396,4,1,1,0,1
NCRB-SYNTH-102099,High Court,Sec 439 CrPC (Regular Bail),2,21,81,1,0,1,1,1,1,1,1,1,0.8408,1,155,1,1,0.0388,7,1.095,121.46,1,1,5036873.77,0.2092,1,1,1,1,20.79,25,5,1,1,1,5,0.0521,0.0291,3,1,1,0,1
NCRB-SYNTH-102105,Supreme Court,Writ Petition (Detention),2,17,31,1,0,1,1,1,0,1,1,1,0.5748,1,147,1,1,0.0844,9,1.1512,166.62,1,1,10777088.1,0.8624,1,1,1,1,5.89,20,3,1,1,1,11,0.1422,0.0572,3,1,1,0,0
NCRB-SYNTH-102121,High Court,Sec 482 CrPC (Quashing),4,21,86,1,0,1,1,1,0,1,1,1,0.8214,1,160,1,0,0.0609,4,1.1489,73.69,1,1,10106392.19,0.4374,1,1,1,1,2.47,24,14,1,1,1,2,0.8863,0.8068,1,1,1,1,1
NCRB-SYNTH-102135,Trial Court,Writ Petition (Detention),2,22,99,1,0,1,1,1,0,1,1,1,0.6442,1,82,1,1,0.0678,5,1.0,75.91,1,1,12905882.19,0.5148,1,1,1,1,3.73,8,5,1,1,1,2,0.4583,0.4171,1,1,1,0,1
NCRB-SYNTH-102138,High Court,Sec 439 CrPC (Regular Bail),7,21,87,1,0,1,1,1,0,1,1,1,0.4986,1,85,1,1,0.0924,2,1.0,92.89,1,1,14167456.52,0.6259,1,1,1,1,16.1,9,5,1,1,1,10,0.0513,0.0214,3,1,1,0,0
NCRB-SYNTH-102141,High Court,Sec 439 CrPC (Regular Bail),2,5,85,0,0,1,1,1,1,1,1,1,0.3868,1,16,1,1,0.0493,1,1.1646,136.71,1,1,7817314.95,0.3167,1,1,1,1,15.65,16,10,1,1,1,3,0.8818,0.6361,1,1,1,0,0
NCRB-SYNTH-102143,Trial Court,Trial Judgment,7,5,73,1,0,1,1,1,0,1,1,1,0.4211,1,27,1,1,0.1242,1,1.0635,79.03,1,1,2729017.71,0.8809,1,1,1,1,21.54,25,11,1,1,1,30,0.2715,0.0791,4,1,1,0,0
NCRB-SYNTH-102146,High Court,Sec 439 CrPC (Regular Bail),2,10,51,1,0,1,1,1,0,1,1,1,0.8477,1,157,1,1,0.0614,2,1.0634,136.86,1,1,11425412.93,0.7987,1,1,1,1,9.86,7,14,1,1,1,14,0.2027,0.0749,4,1,1,0,1
NCRB-SYNTH-102150,High Court,Sec 439 CrPC (Regular Bail),2,16,62,1,0,1,1,1,0,1,1,1,0.7638,1,92,1,1,0.0825,8,1.0915,110.76,1,1,7587529.25,0.3196,1,1,1,1,3.19,8,3,1,1,1,31,0.1254,0.0362,4,1,1,0,1
NCRB-SYNTH-102153,High Court,Sec 439 CrPC (Regular Bail),15,9,18,1,0,1,1,1,1,1,1,1,0.9275,1,35,1,1,0.0716,5,1.0814,100.2,1,1,4882197.4,0.2454,1,1,1,1,18.18,11,14,1,1,1,1,0.5627,0.8117,1,1,1,0,1
NCRB-SYNTH-102154,High Court,Sec 439 CrPC (Regular Bail),4,11,8,1,0,1,1,1,0,1,1,1,0.5657,1,56,1,1,0.1456,6,1.0,102.67,1,1,8684397.54,0.8518,1,1,1,1,10.95,17,8,1,1,1,17,0.2718,0.094,4,1,1,0,0
NCRB-SYNTH-102160,High Court,Sec 482 CrPC (Quashing),2,18,38,1,0,1,1,1,0,1,1,1,0.853,1,40,1,1,0.0199,2,1.019,155.19,1,1,7026826.72,0.6004,1,1,1,1,14.68,6,6,1,1,1,2,0.7405,0.674,1,1,1,0,1
NCRB-SYNTH-102164,High Court,Sec 439 CrPC (Regular Bail),27,9,95,1,0,1,1,1,0,1,1,1,0.7257,1,24,0,0,0.0627,5,1.2395,130.71,1,1,6996735.11,0.4877,1,1,1,1,2.33,14,3,1,1,1,24,0.2326,0.0723,4,1,1,0,1
NCRB-SYNTH-102176,Trial Court,Sec 439 CrPC (Regular Bail),2,20,24,1,0,1,1,1,0,1,1,1,0.9061,1,51,1,1,0.1237,1,1.1955,125.34,1,1,14408774.36,0.4877,1,1,1,1,16.89,9,8,1,1,1,5,0.0816,0.0455,3,1,1,1,1
NCRB-SYNTH-102188,Trial Court,Sec 439 CrPC (Regular Bail),2,10,23,1,0,1,1,1,0,1,1,1,0.8664,1,54,1,1,0.055,7,1.0647,147.8,1,1,13963124.11,0.819,1,1,1,1,11.34,10,11,1,1,1,11,0.197,0.0793,3,1,1,0,1
NCRB-SYNTH-102189,Trial Court,Sec 482 CrPC (Quashing),4,15,5,1,0,1,1,1,0,1,1,1,0.575,1,117,1,1,0.0252,7,1.193,128.32,1,1,1285742.23,0.7607,1,1,1,1,42.61,7,15,1,1,1,37,0.2747,0.0755,4,1,1,0,0
NCRB-SYNTH-102205,High Court,Sec 482 CrPC (Quashing),1,24,84,1,0,1,1,1,1,1,1,1,0.6415,1,135,1,0,0.0768,1,1.0042,107.37,1,1,683857.41,0.6609,1,1,1,1,1.51,23,3,1,1,1,10,0.1804,0.0752,3,1,1,0,1
NCRB-SYNTH-102211,High Court,Sec 482 CrPC (Quashing),2,19,81,1,0,1,1,1,0,1,1,1,0.8024,1,86,1,1,0.1061,2,1.2436,125.2,1,1,1051532.96,0.9646,1,1,1,1,14.49,13,13,1,1,1,2,0.6471,0.589,1,1,1,0,1
NCRB-SYNTH-102212,High Court,Writ Petition (Detention),15,16,37,1,0,1,1,1,1,1,1,1,0.6417,1,46,1,1,0.1073,1,1.2652,168.77,1,1,14928096.76,0.662,1,1,1,1,28.09,3,4,1,1,1,8,0.0936,0.0426,3,1,1,0,1
NCRB-SYNTH-102215,High Court,Trial Judgment,2,25,7,1,0,1,1,1,1,1,1,1,0.4572,0,67,0,0,0.0757,7,1.0566,98.42,1,1,14769642.36,0.9089,1,1,1,1,4.9,21,12,1,1,1,2,0.441,0.4014,1,1,1,1,0
NCRB-SYNTH-102217,Trial Court,Sec 439 CrPC (Regular Bail),2,4,83,1,0,1,1,1,0,1,1,1,0.7184,1,84,1,1,0.0613,3,1.1318,51.17,1,1,8903381.68,0.7901,1,1,1,1,7.47,16,4,1,1,1,21,0.2331,0.0754,4,1,1,0,1
NCRB-SYNTH-102221,High Court,Sec 439 CrPC (Regular Bail),15,17,20,0,0,1,1,1,0,1,1,1,0.5514,1,87,1,0,0.0,6,1.2559,76.73,1,1,11258638.88,0.8379,1,1,1,1,15.43,12,4,1,1,1,16,0.2633,0.0929,4,1,1,0,0
NCRB-SYNTH-102231,High Court,Sec 439 CrPC (Regular Bail),4,3,82,1,0,1,1,1,1,1,1,1,0.9394,1,29,0,0,0.1428,1,1.3193,138.1,1,1,12229383.13,0.5642,1,1,1,1,47.4,15,4,1,1,1,17,0.1634,0.0565,4,1,1,0,1
NCRB-SYNTH-102241,Trial Court,Sec 439 CrPC (Regular Bail),2,16,5,1,0,1,1,1,1,1,1,1,0.4936,1,100,1,1,0.0938,8,1.0,35.79,1,1,9587095.86,0.2186,1,1,1,1,2.69,22,3,1,1,1,2,0.4686,0.4265,1,1,1,0,0
NCRB-SYNTH-102248,Trial Court,Trial Judgment,4,16,41,1,0,1,1,1,0,1,1,1,0.7644,1,57,1,1,0.0076,5,1.0,112.8,1,1,7887614.04,0.2836,1,1,1,1,6.91,6,9,1,1,1,3,0.6068,0.4377,1,1,1,0,1
NCRB-SYNTH-102254,Supreme Court,Sec 439 CrPC (Regular Bail),1,14,33,1,0,1,1,1,1,1,1,1,0.5085,1,18,1,1,0.0134,9,1.267,127.84,1,1,11674838.21,0.3758,1,1,1,1,19.4,7,3,1,1,1,16,0.2903,0.1025,4,1,1,1,0
NCRB-SYNTH-102261,High Court,Sec 439 CrPC (Regular Bail),4,15,5,1,0,1,1,1,0,1,1,1,0.7034,1,74,1,1,0.0617,5,1.1072,90.02,1,1,11495501.09,0.3313,1,1,1,1,8.56,12,7,1,1,1,1,0.4683,0.6756,1,1,1,0,1
NCRB-SYNTH-102268,Trial Court,Sec 439 CrPC (Regular Bail),4,23,92,1,0,1,1,1,0,1,1,1,0.6534,1,28,0,1,0.0,6,1.1059,137.62,1,1,11429598.78,0.2626,1,1,1,1,31.0,9,11,1,1,1,1,0.6582,0.9496,1,1,1,0,1
NCRB-SYNTH-102277,Supreme Court,Sec 439 CrPC (Regular Bail),27,25,14,1,0,1,1,1,1,1,1,1,0.6872,1,134,1,1,0.0567,1,1.0557,97.36,1,1,12596711.45,0.5605,1,1,1,1,16.62,13,3,1,1,1,17,0.1135,0.0393,4,1,1,0,1
NCRB-SYNTH-102301,High Court,Sec 439 CrPC (Regular Bail),2,15,55,1,0,1,1,1,1,1,1,1,0.666,1,170,1,1,0.0045,4,1.0974,64.33,1,1,4599796.5,0.8872,1,1,1,1,26.79,5,4,1,1,1,10,0.1971,0.0822,3,1,1,1,1
NCRB-SYNTH-102314,Trial Court,Trial Judgment,7,4,89,1,0,1,1,1,0,1,1,1,0.7828,1,18,1,1,0.1828,2,1.1584,131.34,1,1,4615006.62,0.2262,1,1,1,1,31.04,8,5,1,1,1,5,0.078,0.0435,3,1,1,0,1
NCRB-SYNTH-102322,Trial Court,Writ Petition (Detention),2,9,28,1,0,1,1,1,0,1,1,1,0.8539,1,49,1,1,0.0411,4,1.1992,116.34,1,1,14281310.65,0.68,1,1,1,1,13.62,16,12,1,1,1,11,0.0515,0.0207,3,1,1,0,1
NCRB-SYNTH-102325,Trial Court,Sec 482 CrPC (Quashing),4,8,79,1,0,1,1,1,0,1,1,1,0.4952,1,96,0,0,0.024,4,1.0,97.49,1,1,14056655.68,0.7007,1,1,1,1,15.98,20,5,1,1,1,2,0.6257,0.5695,1,1,1,0,0
NCRB-SYNTH-102327,High Court,Sec 482 CrPC (Quashing),2,5,69,0,0,1,1,1,0,1,1,1,0.5205,1,162,1,1,0.0355,9,1.0502,153.03,1,1,14462174.45,0.4529,1,1,1,1,6.28,11,15,1,1,1,21,0.123,0.0398,4,1,1,0,0
NCRB-SYNTH-102341,High Court,Sec 439 CrPC (Regular Bail),4,4,25,1,0,1,1,1,1,1,1,1,0.9717,1,154,0,1,0.0454,3,1.1989,105.31,1,1,1535628.47,0.8377,1,1,1,1,9.35,16,9,1,1,1,10,0.1573,0.0656,3,1,1,0,1
NCRB-SYNTH-102355,Trial Court,Sec 439 CrPC (Regular Bail),4,18,33,1,0,1,1,1,0,1,1,1,0.8313,0,172,1,0,0.0,5,1.0002,112.94,1,1,8633179.38,0.1748,1,1,1,1,3.1,15,7,1,1,1,15,0.243,0.0876,4,1,1,0,1
NCRB-SYNTH-102370,High Court,Sec 482 CrPC (Quashing),27,7,29,1,0,1,1,1,0,1,1,1,0.8229,0,171,1,1,0.0657,3,1.0565,43.1,1,1,3603575.56,0.4084,1,1,1,1,24.26,11,11,1,1,1,31,0.1618,0.0467,4,1,1,0,1
NCRB-SYNTH-102372,Trial Court,Sec 439 CrPC (Regular Bail),21,22,86,1,0,1,1,1,1,1,1,1,0.6966,1,93,1,1,0.0786,8,1.0,45.16,1,1,7323399.85,0.9129,1,1,1,1,1.19,14,11,1,1,1,32,0.2175,0.0622,4,1,1,0,1
NCRB-SYNTH-102378,Trial Court,Sec 482 CrPC (Quashing),4,9,98,1,0,1,1,1,1,1,1,1,0.7365,1,172,1,1,0.0596,5,1.0,31.59,1,1,12518388.96,0.6824,1,1,1,1,3.68,23,11,1,1,1,27,0.1879,0.0564,4,1,1,0,1
NCRB-SYNTH-102380,High Court,Sec 439 CrPC (Regular Bail),2,15,79,1,0,1,1,1,0,1,1,1,0.9145,1,107,1,0,0.0376,3,1.1242,175.66,1,1,7503901.16,0.328,1,1,1,1,12.15,17,5,1,1,1,44,0.1863,0.0489,4,1,1,0,1
NCRB-SYNTH-102381,Trial Court,Sec 482 CrPC (Quashing),4,8,92,1,0,1,1,1,0,1,1,1,0.6665,1,135,1,1,0.1183,6,1.0372,142.72,1,1,14505119.5,0.7224,1,1,1,1,3.14,4,12,1,1,1,29,0.0832,0.0245,4,1,1,0,1
NCRB-SYNTH-102389,High Court,Sec 439 CrPC (Regular Bail),7,14,7,1,0,1,1,1,0,1,1,1,0.7798,1,123,1,1,0.0913,1,1.1674,95.92,1,1,6236982.89,0.3973,1,1,1,1,1.85,11,8,1,1,1,29,0.262,0.077,4,1,1,1,1
NCRB-SYNTH-102423,Supreme Court,Sec 439 CrPC (Regular Bail),1,15,84,1,0,1,1,1,0,1,1,1,0.7844,1,178,1,1,0.0465,9,1.0524,84.03,1,1,545083.37,0.2204,1,1,1,1,10.25,23,8,1,1,1,15,0.1559,0.0562,4,1,1,1,1
NCRB-SYNTH-102432,Trial Court,Sec 439 CrPC (Regular Bail),4,22,76,1,0,1,1,1,0,1,1,1,0.698,1,124,1,0,0.0992,1,1.0946,94.26,1,1,4953797.41,0.2661,1,1,1,1,24.86,24,11,1,1,1,33,0.2271,0.0644,4,1,1,0,1
NCRB-SYNTH-102443,Trial Court,Sec 482 CrPC (Quashing),1,3,68,1,0,1,1,1,0,1,1,1,0.8957,1,103,1,0,0.1169,6,1.0,119.01,1,1,3188097.02,0.9148,1,1,1,1,19.84,14,11,1,1,1,3,0.7254,0.5232,1,1,1,0,1
NCRB-SYNTH-102444,Trial Court,Sec 439 CrPC (Regular Bail),2,15,8,1,0,1,1,1,1,1,1,1,0.5392,1,170,1,1,0.0102,2,1.2835,56.54,1,1,13214755.85,0.5407,1,1,1,1,13.67,22,7,1,1,1,6,0.1415,0.0727,3,1,1,0,0
NCRB-SYNTH-102474,High Court,Sec 439 CrPC (Regular Bail),1,3,54,1,0,1,1,1,1,1,1,1,0.893,1,131,1,0,0.1297,4,1.0,152.71,1,1,2361612.93,0.2054,1,1,1,1,18.66,12,3,1,1,1,11,0.165,0.0664,3,1,1,0,1
NCRB-SYNTH-102478,High Court,Sec 439 CrPC (Regular Bail),27,18,7,1,0,1,1,1,0,1,1,1,0.7344,1,47,0,0,0.1009,7,1.158,58.37,1,1,10088691.17,0.6407,1,1,1,1,13.72,24,11,1,1,1,28,0.2876,0.0854,4,1,1,1,1
NCRB-SYNTH-102480,High Court,Sec 439 CrPC (Regular Bail),2,15,27,1,0,1,1,1,0,1,1,1,0.6315,0,76,1,0,0.0386,3,1.0695,60.43,1,1,7187686.62,0.1571,1,1,1,1,6.33,20,15,1,1,1,3,0.714,0.515,1,1,1,0,1
NCRB-SYNTH-102493,High Court,Sec 439 CrPC (Regular Bail),2,9,39,1,1,1,1,1,0,1,1,1,0.6639,1,62,1,0,0.0255,6,1.0499,101.16,1,1,4785591.43,0.7484,1,1,1,1,34.99,4,6,1,1,1,2,0.6178,0.5623,1,1,1,0,1
NCRB-SYNTH-102501,Trial Court,Trial Judgment,27,10,94,1,0,1,1,1,0,1,1,1,0.7402,1,67,1,1,0.1123,6,1.2124,31.4,1,1,11287184.78,0.8326,1,1,1,1,8.48,3,9,1,1,1,2,0.8999,0.8191,1,1,1,0,1
NCRB-SYNTH-102502,Trial Court,Sec 439 CrPC (Regular Bail),4,11,39,1,0,1,1,1,0,1,1,1,0.6605,1,68,0,1,0.164,3,1.1403,39.89,1,1,2138760.17,0.9662,1,1,1,1,32.43,10,14,1,1,1,33,0.2366,0.0671,4,1,1,1,1
NCRB-SYNTH-102509,Trial Court,Trial Judgment,7,10,29,1,0,1,1,1,0,1,1,1,0.857,1,118,1,1,0.0747,4,1.1744,85.81,1,1,11583139.74,0.4381,1,1,1,1,8.0,8,10,1,1,1,37,0.2489,0.0684,4,1,1,0,1
NCRB-SYNTH-102520,High Court,Sec 439 CrPC (Regular Bail),2,12,71,1,0,1,1,1,0,1,1,1,0.6757,1,37,1,1,0.0079,3,1.0,147.55,1,1,8951885.19,0.2039,1,1,1,1,10.57,19,7,1,1,1,8,0.2247,0.1022,3,1,1,0,1
NCRB-SYNTH-102525,Trial Court,Sec 439 CrPC (Regular Bail),4,21,51,1,1,1,1,1,1,1,1,1,0.4994,0,104,0,0,0.088,2,1.051,86.87,1,1,6977743.88,0.422,1,1,1,1,1.78,3,4,1,1,1,27,0.1051,0.0315,4,1,1,0,0
NCRB-SYNTH-102532,High Court,Sec 439 CrPC (Regular Bail),1,19,59,0,0,1,1,1,0,1,1,1,0.467,1,168,1,1,0.0327,2,1.1375,121.49,1,1,8539349.17,0.5333,1,1,1,1,10.1,5,5,1,1,1,8,0.2074,0.0944,3,1,1,0,0
NCRB-SYNTH-102535,High Court,Sec 482 CrPC (Quashing),4,11,96,0,0,1,1,1,0,1,1,1,0.8069,1,55,1,1,0.0937,9,1.0568,170.49,1,1,12136297.4,0.888,1,1,1,1,11.58,13,5,1,1,1,9,0.2045,0.0888,3,1,1,0,1
NCRB-SYNTH-102536,Trial Court,Trial Judgment,4,16,47,1,0,1,1,1,0,1,1,1,0.521,1,113,0,0,0.0074,6,1.1306,68.37,1,1,5523551.57,0.5372,1,1,1,1,1.5,23,11,1,1,1,2,0.9369,0.8528,1,1,1,0,0
NCRB-SYNTH-102537,High Court,Sec 439 CrPC (Regular Bail),4,4,6,1,0,1,1,1,0,1,1,1,0.8442,1,150,1,1,0.0896,9,1.096,63.93,1,1,11173706.76,0.3105,1,1,1,1,8.34,24,14,1,1,1,9,0.0964,0.0419,3,1,1,0,1
NCRB-SYNTH-102539,Supreme Court,Sec 482 CrPC (Quashing),4,5,49,1,0,1,1,1,1,1,1,1,0.5375,1,92,1,1,0.0711,2,1.0,75.91,1,1,11068003.51,0.3897,1,1,1,1,21.71,25,5,1,1,1,39,0.1107,0.03,4,1,1,0,0
NCRB-SYNTH-102540,Trial Court,Sec 439 CrPC (Regular Bail),7,22,52,1,0,1,1,1,0,1,1,1,0.5139,0,134,1,1,0.1175,8,1.1788,179.36,1,1,3743794.98,0.472,1,1,1,1,8.23,17,6,1,1,1,4,0.2298,0.1428,3,1,1,0,0
NCRB-SYNTH-102542,Trial Court,Sec 439 CrPC (Regular Bail),4,21,66,1,0,1,1,1,1,1,1,1,0.6706,1,49,1,1,0.1304,6,1.0539,75.58,1,1,11489698.6,0.5301,1,1,1,1,7.03,22,14,1,1,1,2,0.7257,0.6605,1,1,1,0,1
NCRB-SYNTH-102543,High Court,Sec 439 CrPC (Regular Bail),7,20,42,1,0,1,1,1,0,1,1,1,0.5103,1,52,1,0,0.0268,7,1.0852,90.7,1,1,3214563.25,0.2568,1,1,1,1,54.54,11,9,1,1,1,34,0.2868,0.0807,4,1,1,1,0
NCRB-SYNTH-102553,High Court,Sec 482 CrPC (Quashing),2,10,53,1,0,1,1,1,0,1,1,1,0.7788,1,137,0,0,0.1128,9,1.1296,69.06,1,1,12987941.87,0.4574,1,1,1,1,12.58,19,6,1,1,1,2,0.8252,0.7512,1,1,1,0,1
NCRB-SYNTH-102561,Trial Court,Sec 482 CrPC (Quashing),15,6,48,1,0,1,1,1,0,1,1,1,0.4061,1,124,0,0,0.0377,3,1.0023,82.78,1,1,840258.75,0.7336,1,1,1,1,24.74,12,12,1,1,1,7,0.1129,0.0543,3,1,1,0,0
NCRB-SYNTH-102562,Supreme Court,Sec 439 CrPC (Regular Bail),4,8,98,1,0,1,1,1,0,1,1,1,0.4682,1,55,1,1,0.0999,1,1.2654,117.9,1,1,12895940.19,0.335,1,1,1,1,4.26,24,5,1,1,1,37,0.218,0.0599,4,1,1,0,0
NCRB-SYNTH-102569,High Court,Sec 439 CrPC (Regular Bail),4,18,60,1,0,1,1,1,0,1,1,1,0.5203,1,168,1,1,0.0868,3,1.197,70.38,1,1,655831.39,0.765,1,1,1,1,4.32,22,11,1,1,1,27,0.1223,0.0367,4,1,1,0,0
NCRB-SYNTH-102590,High Court,Sec 439 CrPC (Regular Bail),4,20,100,1,0,1,1,1,1,1,1,1,0.7108,1,39,1,1,0.0683,4,1.1353,113.31,1,1,1222165.02,0.4199,1,1,1,1,7.95,8,6,1,1,1,2,0.6795,0.6185,1,1,1,0,1
NCRB-SYNTH-102591,Trial Court,Sec 439 CrPC (Regular Bail),15,4,95,1,0,1,1,1,1,1,1,1,0.8166,1,155,1,1,0.0766,3,1.0344,85.17,1,1,13972014.87,0.2359,1,1,1,1,15.38,10,7,1,1,1,43,0.1727,0.0456,4,1,1,0,1
NCRB-SYNTH-102592,High Court,Sec 439 CrPC (Regular Bail),21,10,71,1,0,1,1,1,0,1,1,1,0.5467,1,157,1,1,0.0401,5,1.1558,90.97,1,1,3634692.22,0.445,1,1,1,1,16.75,25,12,1,1,1,30,0.1451,0.0422,4,1,1,0,0
NCRB-SYNTH-102596,Trial Court,Sec 482 CrPC (Quashing),2,24,48,1,0,1,1,1,0,1,1,1,0.9681,1,150,1,1,0.0341,1,1.0336,147.9,1,1,7777648.93,0.3136,1,1,1,1,7.8,21,7,1,1,1,27,0.1993,0.0598,4,1,1,0,1
NCRB-SYNTH-102603,Trial Court,Sec 482 CrPC (Quashing),7,20,61,1,0,1,1,1,0,1,1,1,0.5327,1,79,1,1,0.1338,8,1.0461,30.33,1,1,7467789.16,0.3655,1,1,1,1,24.32,5,9,1,1,1,26,0.1892,0.0574,4,1,1,0,0
NCRB-SYNTH-102609,Supreme Court,Sec 439 CrPC (Regular Bail),2,24,45,1,0,1,1,1,0,1,1,1,0.453,1,38,0,0,0.1824,7,1.1597,80.52,1,1,5927887.61,0.4096,1,1,1,1,8.98,17,5,1,1,1,2,0.546,0.497,1,1,1,0,0
NCRB-SYNTH-102611,Trial Court,Sec 439 CrPC (Regular Bail),1,18,60,1,0,1,1,1,0,1,1,1,0.4769,1,73,1,1,0.0097,8,1.244,103.2,1,1,3100107.82,0.9752,1,1,1,1,8.57,23,6,1,1,1,30,0.2904,0.0846,4,1,1,0,0
NCRB-SYNTH-102614,Supreme Court,Sec 482 CrPC (Quashing),15,20,7,1,1,1,1,1,1,1,1,1,0.9574,1,38,1,1,0.1323,8,1.0,123.2,1,1,2450585.25,0.7604,1,1,1,1,3.42,20,3,1,1,1,4,0.2408,0.1496,3,1,1,0,1
NCRB-SYNTH-102619,High Court,Sec 439 CrPC (Regular Bail),2,24,60,1,0,1,1,1,0,1,1,1,0.6648,1,130,1,1,0.0564,2,1.0736,133.82,1,1,3938076.73,0.5665,1,1,1,1,7.43,19,9,1,1,1,15,0.138,0.0498,4,1,1,0,1
NCRB-SYNTH-102621,Supreme Court,Sec 439 CrPC (Regular Bail),2,3,69,1,0,1,1,1,1,1,1,1,0.6187,1,156,0,0,0.0591,7,1.0,52.41,1,1,13994795.7,0.9881,1,1,1,1,26.18,12,6,1,1,1,10,0.1333,0.0556,3,1,1,0,1
NCRB-SYNTH-102632,High Court,Trial Judgment,7,23,71,0,1,1,1,1,0,1,1,1,0.7993,1,91,1,0,0.109,1,1.0,135.7,1,1,9860720.21,0.2846,1,1,1,1,18.62,13,5,1,1,1,41,0.2211,0.0592,4,1,1,1,1
NCRB-SYNTH-102635,High Court,Sec 439 CrPC (Regular Bail),15,20,98,1,0,1,1,1,0,1,1,1,0.407,0,39,1,1,0.1018,3,1.0513,30.96,1,1,2705023.25,0.1637,1,1,1,1,37.84,8,7,1,1,1,18,0.18,0.0611,4,1,1,0,0
NCRB-SYNTH-102638,Trial Court,Sec 482 CrPC (Quashing),2,14,69,1,0,1,1,1,0,1,1,1,0.5113,0,100,1,0,0.0729,2,1.2047,109.9,1,1,3798244.5,0.1769,1,1,1,1,8.48,25,4,1,1,1,17,0.1114,0.0385,4,1,1,0,0
NCRB-SYNTH-102640,High Court,Sec 482 CrPC (Quashing),2,24,78,1,0,1,1,1,0,1,1,1,0.6181,1,74,1,1,0.0157,6,1.2054,41.39,1,1,9405176.96,0.7274,1,1,1,1,3.45,3,9,1,1,1,41,0.2241,0.06,4,1,1,0,1
NCRB-SYNTH-102643,High Court,Sec 482 CrPC (Quashing),1,5,7,1,0,1,1,1,0,1,1,1,0.6059,1,118,1,1,0.0342,7,1.0526,69.05,1,1,3625303.0,0.3963,1,1,1,1,9.99,21,6,1,1,1,7,0.168,0.0808,3,1,1,0,1
NCRB-SYNTH-102655,High Court,Sec 482 CrPC (Quashing),1,15,28,1,0,1,1,1,0,1,1,1,0.9092,1,26,1,1,0.0679,9,1.0776,146.17,1,1,13777694.85,0.3636,1,1,1,1,20.63,25,10,1,1,1,45,0.1962,0.0513,4,1,1,0,1
NCRB-SYNTH-102657,Trial Court,Sec 439 CrPC (Regular Bail),2,25,69,0,1,1,1,1,0,1,1,1,0.896,1,130,1,1,0.0548,1,1.0097,99.58,1,1,3232816.06,0.4037,1,1,1,1,5.57,14,11,1,1,1,34,0.1857,0.0522,4,1,1,0,1
NCRB-SYNTH-102669,High Court,Sec 439 CrPC (Regular Bail),21,18,78,1,0,1,1,1,1,1,1,1,0.6424,1,134,1,0,0.1555,4,1.0865,160.55,1,1,13406286.86,0.4701,1,1,1,1,7.04,15,3,1,1,1,1,0.7173,1.0349,1,1,1,0,1
NCRB-SYNTH-102673,High Court,Sec 482 CrPC (Quashing),1,8,66,1,0,1,1,1,0,1,1,1,0.7406,1,80,0,0,0.0464,7,1.2188,46.74,1,1,2445360.05,0.2264,1,1,1,1,62.5,16,12,1,1,1,29,0.189,0.0556,4,1,1,0,1
NCRB-SYNTH-102682,Trial Court,Sec 439 CrPC (Regular Bail),4,17,70,1,0,1,1,1,1,1,1,1,0.4107,1,17,1,1,0.0509,5,1.0,100.52,1,1,9977070.57,0.6496,1,1,1,1,6.64,3,8,1,1,1,11,0.1602,0.0645,3,1,1,0,0
NCRB-SYNTH-102699,High Court,Sec 439 CrPC (Regular Bail),21,6,21,1,0,1,1,1,1,1,1,1,0.4943,1,170,1,1,0.1816,6,1.0376,36.84,1,1,8218773.93,0.7783,1,1,1,1,8.04,16,12,1,1,1,5,0.117,0.0653,3,1,1,0,0
NCRB-SYNTH-102700,High Court,Sec 439 CrPC (Regular Bail),7,9,31,1,0,1,1,1,1,1,1,1,0.5457,1,147,1,1,0.0,2,1.0,140.77,1,1,5253615.28,0.3603,1,1,1,1,7.83,22,11,1,1,1,44,0.3169,0.0833,4,1,1,0,0
NCRB-SYNTH-102705,Trial Court,Trial Judgment,1,10,33,1,1,1,1,1,1,1,1,1,0.6239,1,100,1,1,0.138,3,1.2166,105.26,1,1,3467397.07,0.8536,1,1,1,1,4.44,11,11,1,1,1,36,0.2494,0.0691,4,1,1,1,1
NCRB-SYNTH-102706,High Court,Sec 439 CrPC (Regular Bail),4,25,17,1,0,1,1,1,1,1,1,1,0.8429,1,88,1,1,0.1941,3,1.1271,100.13,1,1,7434010.31,0.8416,1,1,1,1,1.18,7,10,1,1,1,3,0.8244,0.5947,1,1,1,1,1
NCRB-SYNTH-102711,Supreme Court,Trial Judgment,21,6,53,1,0,1,1,1,0,1,1,1,0.7552,1,43,0,0,0.131,2,1.2172,92.12,1,1,10382388.65,0.8832,1,1,1,1,11.92,9,9,1,1,1,7,0.1978,0.0951,3,1,1,0,1
NCRB-SYNTH-102719,Trial Court,Sec 482 CrPC (Quashing),2,12,27,1,0,1,1,1,0,1,1,1,0.4579,1,65,1,1,0.0547,9,1.1454,45.94,1,1,612443.03,0.491,1,1,1,1,22.7,18,15,1,1,1,8,0.1807,0.0822,3,1,1,0,0
NCRB-SYNTH-102722,High Court,Sec 482 CrPC (Quashing),2,16,30,1,0,1,1,1,0,1,1,1,0.9511,1,151,1,1,0.0651,4,1.1688,34.25,1,1,8965628.6,0.5355,1,1,1,1,1.46,23,6,1,1,1,27,0.2541,0.0763,4,1,1,0,1
NCRB-SYNTH-102723,High Court,Sec 439 CrPC (Regular Bail),2,22,52,1,0,1,1,1,1,1,1,1,0.6364,0,120,1,0,0.0248,6,1.0,122.91,1,1,7815680.03,0.5236,1,1,1,1,59.72,18,6,1,1,1,45,0.3002,0.0784,4,1,1,0,1
NCRB-SYNTH-102731,High Court,Sec 439 CrPC (Regular Bail),4,22,78,1,0,1,1,1,1,1,1,1,0.7656,0,55,0,0,0.1333,1,1.124,57.78,1,1,8932559.9,0.4402,1,1,1,1,6.97,12,4,1,1,1,11,0.1301,0.0524,3,1,1,0,1
NCRB-SYNTH-102736,High Court,Sec 482 CrPC (Quashing),2,23,61,1,0,1,1,1,1,1,1,1,0.5185,1,119,1,0,0.12,7,1.1765,79.6,1,1,1029859.03,0.638,1,1,1,1,2.46,6,3,1,1,1,16,0.0998,0.0352,4,1,1,0,0
NCRB-SYNTH-102746,High Court,Sec 439 CrPC (Regular Bail),7,4,14,1,1,1,1,1,0,1,1,1,0.5387,1,37,1,1,0.0391,6,1.2857,137.4,1,1,4832899.36,0.7096,1,1,1,1,10.68,4,8,1,1,1,27,0.1393,0.0418,4,1,1,0,0
NCRB-SYNTH-102749,Trial Court,Writ Petition (Detention),7,16,76,0,0,1,1,1,0,1,1,1,0.5227,1,73,0,0,0.0644,6,1.0609,108.44,1,1,14299251.67,0.2841,1,1,1,1,8.31,23,5,1,1,1,7,0.1535,0.0738,3,1,1,0,0
NCRB-SYNTH-102759,High Court,Sec 439 CrPC (Regular Bail),4,9,76,1,0,1,1,1,1,1,1,1,0.5491,1,171,1,0,0.0729,8,1.2457,106.25,1,1,10958211.63,0.6294,1,1,1,1,6.45,21,9,1,1,1,25,0.2342,0.0719,4,1,1,0,0
NCRB-SYNTH-102773,High Court,Sec 439 CrPC (Regular Bail),7,10,46,1,0,1,1,1,0,1,1,1,0.4101,1,81,1,1,0.0432,5,1.0411,68.37,1,1,10395210.84,0.5038,1,1,1,1,6.6,22,8,1,1,1,27,0.2103,0.0631,4,1,1,0,0
NCRB-SYNTH-102782,Trial Court,Sec 439 CrPC (Regular Bail),1,4,34,1,0,1,1,1,0,1,1,1,0.9603,1,83,1,1,0.1664,4,1.0482,104.4,1,1,7941447.13,0.413,1,1,1,1,7.19,12,4,1,1,1,18,0.3184,0.1081,4,1,1,0,1
NCRB-SYNTH-102784,Trial Court,Sec 439 CrPC (Regular Bail),7,6,48,1,0,1,1,1,0,1,1,1,0.8075,1,112,1,1,0.1673,1,1.2557,44.75,1,1,4274290.99,0.7768,1,1,1,1,1.19,25,11,1,1,1,21,0.1348,0.0436,4,1,1,0,1
NCRB-SYNTH-102791,High Court,Trial Judgment,7,3,84,1,0,1,1,1,0,1,1,1,0.7683,1,73,1,1,0.1609,8,1.192,36.95,1,1,8116257.4,0.1898,1,1,1,1,12.79,14,13,1,1,1,11,0.152,0.0612,3,1,1,0,1
NCRB-SYNTH-102801,High Court,Sec 439 CrPC (Regular Bail),7,7,49,1,0,1,1,1,0,1,1,1,0.7226,1,120,1,1,0.1098,2,1.2636,164.1,1,1,5098709.1,0.238,1,1,1,1,5.5,6,11,1,1,1,25,0.252,0.0773,4,1,1,0,1
NCRB-SYNTH-102807,High Court,Trial Judgment,1,22,97,1,0,1,1,1,0,1,1,1,0.5379,1,133,1,1,0.0161,5,1.0139,150.88,1,1,7128682.63,0.4509,1,1,1,1,7.0,5,10,1,1,1,38,0.2661,0.0726,4,1,1,0,0
NCRB-SYNTH-102810,Supreme Court,Sec 482 CrPC (Quashing),7,6,26,1,0,1,1,1,0,1,1,1,0.7254,1,148,0,0,0.0298,2,1.0,90.81,1,1,1380902.95,0.5196,1,1,1,1,11.76,6,8,1,1,1,3,0.8562,0.6177,1,1,1,0,1
NCRB-SYNTH-102816,High Court,Sec 439 CrPC (Regular Bail),4,25,19,1,0,1,1,1,0,1,1,1,0.362,1,154,1,1,0.1556,9,1.1318,50.07,1,1,14568111.17,0.2174,1,1,1,1,24.3,17,6,1,1,1,4,0.2063,0.1282,3,1,1,0,0
NCRB-SYNTH-102826,Supreme Court,Sec 439 CrPC (Regular Bail),4,15,27,1,0,1,1,1,0,1,1,1,0.5459,1,87,1,0,0.0898,7,1.1504,114.94,1,1,1464910.3,0.4319,1,1,1,1,21.2,7,12,1,1,1,1,0.7962,1.1487,1,1,1,0,0
NCRB-SYNTH-102827,Supreme Court,Sec 439 CrPC (Regular Bail),2,11,35,1,0,1,1,1,0,1,1,1,0.7139,1,114,1,1,0.0528,6,1.0021,146.09,1,1,2680189.95,0.3797,1,1,1,1,8.93,18,7,1,1,1,8,0.0563,0.0256,3,1,1,0,1
NCRB-SYNTH-102839,High Court,Sec 439 CrPC (Regular Bail),1,4,70,1,0,1,1,1,0,1,1,1,0.4936,1,140,1,0,0.0343,4,1.3068,105.72,1,1,13247618.99,0.4522,1,1,1,1,2.05,22,9,1,1,1,8,0.1726,0.0785,3,1,1,0,0
NCRB-SYNTH-102842,High Court,Sec 439 CrPC (Regular Bail),4,13,30,1,0,1,1,1,1,1,1,1,0.9163,1,69,1,1,0.1039,6,1.2678,139.57,1,1,7271726.98,0.4665,1,1,1,1,3.86,7,7,1,1,1,11,0.162,0.0652,3,1,1,0,1
NCRB-SYNTH-102847,High Court,Sec 482 CrPC (Quashing),4,12,76,1,0,1,1,1,0,1,1,1,0.7744,1,43,1,1,0.1125,3,1.2753,74.25,1,1,8765386.58,0.1793,1,1,1,1,44.62,13,13,1,1,1,25,0.145,0.0445,4,1,1,0,1
NCRB-SYNTH-102868,High Court,Sec 439 CrPC (Regular Bail),4,18,87,1,0,1,1,1,1,1,1,1,0.8117,0,149,1,0,0.0774,3,1.0821,75.41,1,1,11153385.79,0.3738,1,1,1,1,16.19,25,13,1,1,1,30,0.301,0.0877,4,1,1,0,1
NCRB-SYNTH-102875,High Court,Sec 482 CrPC (Quashing),7,17,62,1,0,1,1,1,0,1,1,1,0.7862,1,113,1,1,0.1129,7,1.0729,153.74,1,1,14731612.13,0.2058,1,1,1,1,2.76,12,5,1,1,1,9,0.2472,0.1074,3,1,1,0,1
NCRB-SYNTH-102889,Trial Court,Writ Petition (Detention),2,4,72,1,0,1,1,1,0,1,1,1,0.7538,1,75,1,1,0.0838,4,1.1647,165.61,1,1,7205772.78,0.9237,1,1,1,1,3.2,5,10,1,1,1,3,0.6594,0.4757,1,1,1,0,1
NCRB-SYNTH-102890,Trial Court,Sec 482 CrPC (Quashing),2,12,55,0,0,1,1,1,1,1,1,1,0.3773,1,126,0,0,0.1577,4,1.0675,133.84,1,1,7356091.67,0.3261,1,1,1,1,6.14,20,13,1,1,1,24,0.204,0.0634,4,1,1,0,0
NCRB-SYNTH-102893,Trial Court,Sec 439 CrPC (Regular Bail),4,5,66,1,0,1,1,1,1,1,1,1,0.6494,1,166,1,1,0.1148,1,1.0378,31.43,1,1,14767555.93,0.9183,1,1,1,1,1.76,17,10,1,1,1,1,0.5611,0.8095,1,1,1,1,1
NCRB-SYNTH-102902,High Court,Sec 439 CrPC (Regular Bail),4,17,67,1,0,1,1,1,0,1,1,1,0.7374,1,56,0,0,0.0389,5,1.1868,95.45,1,1,9991102.61,0.9943,1,1,1,1,24.96,22,5,1,1,1,10,0.1105,0.0461,3,1,1,0,1
NCRB-SYNTH-102913,High Court,Sec 482 CrPC (Quashing),4,21,76,0,0,1,1,1,0,1,1,1,0.4953,1,61,1,1,0.0847,4,1.0,176.89,1,1,1549627.37,0.8622,1,1,1,1,11.19,25,8,1,1,1,40,0.2963,0.0798,4,1,1,0,0
NCRB-SYNTH-102917,High Court,Sec 482 CrPC (Quashing),15,22,55,1,0,1,1,1,0,1,1,1,0.5773,1,36,1,1,0.141,9,1.0933,128.32,1,1,3108034.84,0.6218,1,1,1,1,8.5,20,13,1,1,1,1,0.6062,0.8746,1,1,1,0,0
NCRB-SYNTH-102918,High Court,Sec 439 CrPC (Regular Bail),7,8,28,1,0,1,1,1,1,1,1,1,0.3786,1,119,1,0,0.0973,7,1.0929,62.31,1,1,5428614.01,0.9289,1,1,1,1,2.85,20,3,1,1,1,9,0.1439,0.0625,3,1,1,0,0
NCRB-SYNTH-102922,High Court,Trial Judgment,1,14,44,1,0,1,1,1,0,1,1,1,0.8109,1,129,0,0,0.0821,2,1.0,112.62,1,1,8528636.34,0.9565,1,1,1,1,4.84,21,4,1,1,1,27,0.2063,0.0619,4,1,1,1,1
NCRB-SYNTH-102923,Trial Court,Sec 439 CrPC (Regular Bail),4,16,33,1,0,1,1,1,0,1,1,1,0.8729,1,59,1,1,0.0956,2,1.0429,165.13,1,1,3709040.05,0.5122,1,1,1,1,6.98,5,5,1,1,1,45,0.1746,0.0456,4,1,1,0,1
NCRB-SYNTH-102927,Trial Court,Sec 439 CrPC (Regular Bail),4,4,21,1,0,1,1,1,1,1,1,1,0.7514,1,57,1,1,0.0636,1,1.2001,57.51,1,1,4132676.67,0.3595,1,1,1,1,17.46,3,5,1,1,1,6,0.0879,0.0452,3,1,1,0,1
NCRB-SYNTH-102929,High Court,Sec 439 CrPC (Regular Bail),4,4,5,1,0,1,1,1,0,1,1,1,0.6112,0,107,0,0,0.0732,8,1.1892,170.01,1,1,3572340.87,0.7001,1,1,1,1,24.15,24,8,1,1,1,45,0.2794,0.073,4,1,1,0,1
NCRB-SYNTH-102935,Supreme Court,Sec 439 CrPC (Regular Bail),27,25,5,1,0,1,1,1,0,1,1,1,0.894,1,170,1,1,0.1187,6,1.0456,123.45,1,1,11653609.92,0.5237,1,1,1,1,12.42,12,14,1,1,1,14,0.1098,0.0405,4,1,1,0,1
NCRB-SYNTH-102937,High Court,Trial Judgment,4,5,29,1,0,1,1,1,1,1,1,1,0.4405,1,52,1,1,0.0382,8,1.1342,65.91,1,1,685766.7,0.6049,1,1,1,1,6.18,23,7,1,1,1,43,0.1003,0.0265,4,1,1,0,0
NCRB-SYNTH-102944,Trial Court,Sec 439 CrPC (Regular Bail),7,8,45,1,0,1,1,1,0,1,1,1,0.4828,1,23,0,0,0.0113,7,1.2006,45.02,1,1,6751052.15,0.7656,1,1,1,1,15.72,22,9,1,1,1,10,0.0967,0.0403,3,1,1,0,0
NCRB-SYNTH-102945,Trial Court,Sec 439 CrPC (Regular Bail),27,16,95,1,0,1,1,1,0,1,1,1,0.6346,1,172,1,1,0.0189,9,1.1861,33.65,1,1,4252791.34,0.4804,1,1,1,1,4.87,16,14,1,1,1,30,0.2329,0.0678,4,1,1,0,1
NCRB-SYNTH-102951,High Court,Sec 439 CrPC (Regular Bail),2,17,32,1,0,1,1,1,0,1,1,1,0.4456,1,24,1,1,0.0824,8,1.0522,87.96,1,1,7299109.59,0.8632,1,1,1,1,7.29,10,9,1,1,1,3,0.8778,0.6332,1,1,1,1,0
NCRB-SYNTH-102953,High Court,Trial Judgment,1,22,89,1,0,1,1,1,1,1,1,1,0.7905,1,159,1,1,0.195,3,1.2469,148.59,1,1,5302376.23,0.3295,1,1,1,1,5.08,9,4,1,1,1,29,0.0892,0.0262,4,1,1,0,1
NCRB-SYNTH-102957,High Court,Sec 482 CrPC (Quashing),2,22,92,1,0,1,1,1,1,1,1,1,0.8353,1,119,1,0,0.0028,9,1.131,168.35,1,1,7980257.19,0.3119,1,1,1,1,12.15,15,12,1,1,1,3,0.6886,0.4967,1,1,1,0,1
NCRB-SYNTH-102960,High Court,Sec 439 CrPC (Regular Bail),1,16,53,1,0,1,1,1,1,1,1,1,0.7946,1,77,1,1,0.1256,5,1.0741,161.39,1,1,6213400.28,0.7823,1,1,1,1,2.82,12,8,1,1,1,38,0.2738,0.0747,4,1,1,0,1
NCRB-SYNTH-102966,Trial Court,Sec 439 CrPC (Regular Bail),2,25,85,0,0,1,1,1,0,1,1,1,0.8695,1,63,1,1,0.0858,4,1.3958,143.06,1,1,13642971.42,0.9064,1,1,1,1,2.86,3,15,1,1,1,16,0.0916,0.0323,4,1,1,0,1
NCRB-SYNTH-102967,Supreme Court,Sec 439 CrPC (Regular Bail),45,6,20,1,0,1,1,1,0,1,1,1,0.8668,1,121,0,1,0.1454,9,1.0775,39.71,1,1,8381238.88,0.4464,1,1,1,1,2.57,7,10,1,1,1,25,0.185,0.0568,4,1,1,0,1
NCRB-SYNTH-102973,Trial Court,Sec 439 CrPC (Regular Bail),27,20,96,1,0,1,1,1,1,1,1,1,0.4228,1,43,1,1,0.13,1,1.213,157.63,1,1,11165719.98,0.6301,1,1,1,1,2.53,5,3,1,1,1,21,0.2038,0.0659,4,1,1,0,0
NCRB-SYNTH-102974,Trial Court,Sec 439 CrPC (Regular Bail),7,19,40,0,0,1,1,1,0,1,1,1,0.4376,1,110,1,1,0.0129,8,1.1701,127.49,1,1,5798098.2,0.6168,1,1,1,1,34.51,6,3,1,1,1,33,0.1399,0.0397,4,1,1,0,0
NCRB-SYNTH-102977,High Court,Sec 482 CrPC (Quashing),7,5,38,0,0,1,1,1,0,1,1,1,0.7664,1,44,1,1,0.1571,7,1.082,51.15,1,1,2540905.83,0.7997,1,1,1,1,6.06,16,13,1,1,1,21,0.1333,0.0431,4,1,1,0,1
NCRB-SYNTH-102979,Supreme Court,Sec 439 CrPC (Regular Bail),2,12,69,1,0,1,1,1,1,1,1,1,0.8603,1,14,1,1,0.0586,1,1.1806,144.69,1,1,12080360.04,0.2404,1,1,1,1,18.17,24,11,1,1,1,41,0.1196,0.032,4,1,1,0,1
NCRB-SYNTH-102983,High Court,Trial Judgment,4,6,30,0,0,1,1,1,0,1,1,1,0.8529,1,47,0,0,0.1142,8,1.0691,74.58,1,1,11573226.3,0.8383,1,1,1,1,15.28,25,15,1,1,1,11,0.201,0.0809,3,1,1,1,1
NCRB-SYNTH-102984,High Court,Sec 439 CrPC (Regular Bail),2,21,24,1,0,1,1,1,0,1,1,1,0.7067,1,117,1,1,0.1036,9,1.1426,119.07,1,1,5007056.52,0.2895,1,1,1,1,1.89,4,11,1,1,1,4,0.1112,0.0691,3,1,1,0,1
NCRB-SYNTH-102989,Trial Court,Sec 439 CrPC (Regular Bail),4,3,14,1,0,1,1,1,0,1,1,1,0.8333,1,158,1,1,0.1048,2,1.0424,81.04,1,1,6668499.28,0.6312,1,1,1,1,2.04,21,7,1,1,1,25,0.1116,0.0343,4,1,1,1,1
NCRB-SYNTH-102992,Trial Court,Sec 439 CrPC (Regular Bail),2,6,12,1,0,1,1,1,1,1,1,1,0.5075,1,163,1,1,0.1328,4,1.0978,38.17,1,1,13484230.2,0.5842,1,1,1,1,2.33,25,4,1,1,1,24,0.2818,0.0875,4,1,1,0,0
NCRB-SYNTH-103002,Trial Court,Sec 439 CrPC (Regular Bail),7,12,21,1,0,1,1,1,1,1,1,1,0.5353,1,132,1,1,0.175,3,1.3198,123.64,1,1,10274490.42,0.319,1,1,1,1,13.52,5,11,1,1,1,22,0.1329,0.0424,4,1,1,0,0
NCRB-SYNTH-103006,High Court,Sec 439 CrPC (Regular Bail),1,13,73,1,0,1,1,1,0,1,1,1,0.9466,1,60,1,1,0.083,9,1.0,53.95,1,1,12765194.04,0.6875,1,1,1,1,10.59,11,6,1,1,1,38,0.1475,0.0402,4,1,1,0,1
NCRB-SYNTH-103017,Trial Court,Sec 482 CrPC (Quashing),2,11,43,0,0,1,1,1,0,1,1,1,0.6457,1,112,1,1,0.091,5,1.0,128.15,1,1,10225589.2,0.1835,1,1,1,1,4.49,15,5,1,1,1,8,0.1396,0.0635,3,1,1,0,1
NCRB-SYNTH-103020,High Court,Sec 439 CrPC (Regular Bail),7,9,28,1,0,1,1,1,1,1,1,1,0.428,1,31,1,1,0.1411,3,1.0,159.03,1,1,5456345.95,0.8068,1,1,1,1,23.99,10,6,1,1,1,5,0.219,0.1222,3,1,1,0,0
NCRB-SYNTH-103033,Trial Court,Sec 439 CrPC (Regular Bail),7,24,65,1,0,1,1,1,1,1,1,1,0.7639,1,27,1,0,0.1174,6,1.0652,142.77,1,1,7467787.97,0.4764,1,1,1,1,4.25,5,5,1,1,1,12,0.1471,0.0574,4,1,1,0,1
NCRB-SYNTH-103045,High Court,Sec 439 CrPC (Regular Bail),2,9,40,1,0,1,1,1,1,1,1,1,0.6087,1,24,0,0,0.1211,7,1.098,99.19,1,1,1753444.78,0.4764,1,1,1,1,30.63,14,7,1,1,1,35,0.2861,0.0798,4,1,1,0,1
NCRB-SYNTH-103046,High Court,Sec 482 CrPC (Quashing),2,5,59,1,0,1,1,1,0,1,1,1,0.8345,1,107,1,1,0.1293,3,1.0517,61.3,1,1,10762836.81,0.599,1,1,1,1,85.77,4,8,1,1,1,31,0.1566,0.0452,4,1,1,0,1
NCRB-SYNTH-103071,High Court,Sec 482 CrPC (Quashing),15,4,68,1,0,1,1,1,0,1,1,1,0.8362,0,124,1,1,0.089,2,1.0,170.26,1,1,10111285.6,0.5465,1,1,1,1,3.83,15,15,1,1,1,9,0.1284,0.0557,3,1,1,0,1
NCRB-SYNTH-103081,Trial Court,Sec 482 CrPC (Quashing),1,16,43,1,0,1,1,1,0,1,1,1,0.8806,1,103,0,0,0.0791,7,1.0,40.89,1,1,3167196.52,0.9321,1,1,1,1,1.6,9,5,1,1,1,10,0.1977,0.0825,3,1,1,0,1
NCRB-SYNTH-103085,High Court,Sec 439 CrPC (Regular Bail),7,7,94,0,0,1,1,1,0,1,1,1,0.8633,1,156,1,1,0.0266,2,1.1174,121.14,1,1,3266559.37,0.5054,1,1,1,1,1.31,21,5,1,1,1,38,0.2085,0.0569,4,1,1,0,1
NCRB-SYNTH-103094,High Court,Trial Judgment,2,14,12,1,0,1,1,1,0,1,1,1,0.8403,1,163,1,1,0.0885,6,1.1194,154.06,1,1,13653757.92,0.5534,1,1,1,1,7.47,21,7,1,1,1,6,0.1374,0.0706,3,1,1,0,1
NCRB-SYNTH-103102,High Court,Trial Judgment,7,19,73,1,0,1,1,1,1,1,1,1,0.5912,1,39,1,1,0.1006,6,1.2949,57.3,1,1,9364445.59,0.2976,1,1,1,1,16.46,25,10,1,1,1,14,0.1205,0.0445,4,1,1,0,0
NCRB-SYNTH-103107,High Court,Sec 482 CrPC (Quashing),7,25,47,1,0,1,1,1,0,1,1,1,0.4598,1,178,1,1,0.0489,9,1.2641,136.66,1,1,14312662.29,0.6021,1,1,1,1,23.74,6,12,1,1,1,1,0.5476,0.79,1,1,1,1,0
NCRB-SYNTH-103113,Trial Court,Sec 439 CrPC (Regular Bail),15,23,41,0,0,1,1,1,0,1,1,1,0.5333,1,63,0,0,0.0,1,1.0,72.39,1,1,6516223.31,0.7715,1,1,1,1,4.77,25,7,1,1,1,9,0.2022,0.0878,3,1,1,0,0
NCRB-SYNTH-103117,High Court,Writ Petition (Detention),4,17,90,1,0,1,1,1,0,1,1,1,0.4499,1,166,1,1,0.0227,6,1.0,78.23,1,1,733437.36,0.7783,1,1,1,1,10.48,10,6,1,1,1,28,0.1701,0.0505,4,1,1,0,0
NCRB-SYNTH-103125,High Court,Sec 439 CrPC (Regular Bail),1,15,29,1,0,1,1,1,1,1,1,1,0.4905,1,167,0,0,0.1157,1,1.1134,169.03,1,1,1708500.16,0.6256,1,1,1,1,1.38,22,11,1,1,1,20,0.2178,0.0715,4,1,1,0,0
NCRB-SYNTH-103130,High Court,Sec 439 CrPC (Regular Bail),15,12,8,1,0,1,1,1,0,1,1,1,0.8914,1,85,1,1,0.0138,6,1.0,62.88,1,1,9939649.62,0.6766,1,1,1,1,24.26,4,12,1,1,1,26,0.1485,0.0451,4,1,1,1,1
NCRB-SYNTH-103131,High Court,Trial Judgment,4,5,62,1,0,1,1,1,0,1,1,1,0.6757,1,72,1,1,0.0469,3,1.2113,110.69,1,1,9866682.35,0.2289,1,1,1,1,5.8,13,3,1,1,1,5,0.118,0.0658,3,1,1,0,1
NCRB-SYNTH-103132,Trial Court,Sec 482 CrPC (Quashing),15,12,41,1,0,1,1,1,1,1,1,1,0.8199,1,94,1,1,0.0845,6,1.3109,60.84,1,1,14703094.09,0.9686,1,1,1,1,7.03,15,13,1,1,1,35,0.172,0.048,4,1,1,0,1
NCRB-SYNTH-103137,Trial Court,Sec 482 CrPC (Quashing),7,6,98,1,0,1,1,1,0,1,1,1,0.8067,1,92,1,1,0.0617,1,1.1501,122.09,1,1,11177818.67,0.5101,1,1,1,1,10.68,16,5,1,1,1,23,0.1108,0.0349,4,1,1,0,1
NCRB-SYNTH-103138,Trial Court,Sec 482 CrPC (Quashing),4,5,13,1,0,1,1,1,0,1,1,1,0.586,1,157,1,1,0.0454,8,1.2472,30.1,1,1,10352020.84,0.2203,1,1,1,1,10.1,12,14,1,1,1,20,0.3125,0.1027,4,1,1,0,0
NCRB-SYNTH-103149,Supreme Court,Sec 439 CrPC (Regular Bail),45,4,20,1,1,1,1,1,0,1,1,1,0.5303,1,126,1,1,0.1172,9,1.1426,84.9,1,1,3459537.97,0.2068,1,1,1,1,7.99,19,14,1,1,1,1,0.7072,1.0203,1,1,1,0,0
NCRB-SYNTH-103153,Trial Court,Sec 439 CrPC (Regular Bail),4,3,69,0,0,1,1,1,0,1,1,1,0.5091,1,138,0,1,0.0798,5,1.1757,48.12,1,1,13196671.63,0.733,1,1,1,1,5.5,21,5,1,1,1,40,0.2837,0.0764,4,1,1,0,0
NCRB-SYNTH-103159,High Court,Sec 439 CrPC (Regular Bail),7,6,30,1,0,1,1,1,1,1,1,1,0.6348,1,157,1,1,0.1018,5,1.0889,51.17,1,1,10658639.48,0.1569,1,1,1,1,9.28,20,5,1,1,1,10,0.2047,0.0854,3,1,1,0,1
NCRB-SYNTH-103169,High Court,Sec 439 CrPC (Regular Bail),7,10,96,0,0,1,1,1,0,1,1,1,0.528,0,126,1,1,0.1024,9,1.2604,153.74,1,1,10569807.42,0.9033,1,1,1,1,17.48,15,4,1,1,1,25,0.1859,0.0571,4,1,1,0,0
NCRB-SYNTH-103179,High Court,Sec 439 CrPC (Regular Bail),4,21,94,1,0,1,1,1,0,1,1,1,0.9292,1,96,1,1,0.1082,2,1.175,165.69,1,1,8061278.64,0.474,1,1,1,1,6.12,15,3,1,1,1,10,0.1203,0.0502,3,1,1,0,1
NCRB-SYNTH-103189,Trial Court,Sec 482 CrPC (Quashing),4,10,99,1,0,1,1,1,1,1,1,1,0.7032,1,105,1,1,0.129,3,1.2452,127.78,1,1,12106886.69,0.6802,1,1,1,1,2.03,12,8,1,1,1,10,0.0939,0.0392,3,1,1,0,1
NCRB-SYNTH-103190,Trial Court,Sec 482 CrPC (Quashing),7,24,70,1,0,1,1,1,0,1,1,1,0.9589,0,109,1,1,0.0683,6,1.1176,106.7,1,1,1274357.4,0.9866,1,1,1,1,16.5,5,10,1,1,1,5,0.2364,0.1319,3,1,1,0,1
NCRB-SYNTH-103206,High Court,Writ Petition (Detention),4,10,63,1,0,1,1,1,0,1,1,1,0.6568,1,109,0,0,0.066,3,1.1151,148.58,1,1,9204319.8,0.9089,1,1,1,1,8.68,9,3,1,1,1,36,0.1457,0.0403,4,1,1,1,1
NCRB-SYNTH-103208,Trial Court,Sec 439 CrPC (Regular Bail),4,4,35,0,0,1,1,1,1,1,1,1,0.4244,1,160,1,0,0.1598,3,1.1602,46.58,1,1,10612072.82,0.646,1,1,1,1,1.96,25,5,1,1,1,35,0.3,0.0837,4,1,1,0,0
NCRB-SYNTH-103219,Trial Court,Sec 439 CrPC (Regular Bail),7,7,31,1,0,1,1,1,1,1,1,1,0.7026,1,63,1,1,0.0791,5,1.0078,53.4,1,1,13361868.3,0.1725,1,1,1,1,7.42,8,12,1,1,1,2,0.9409,0.8564,1,1,1,0,1
NCRB-SYNTH-103220,Trial Court,Sec 439 CrPC (Regular Bail),1,20,22,1,0,1,1,1,0,1,1,1,0.7304,1,125,1,1,0.0,2,1.2842,72.65,1,1,5328160.84,0.3492,1,1,1,1,4.27,15,12,1,1,1,29,0.2844,0.0836,4,1,1,0,1
NCRB-SYNTH-103245,High Court,Sec 482 CrPC (Quashing),2,5,50,0,0,1,1,1,0,1,1,1,0.8059,1,141,1,1,0.1091,4,1.1232,89.47,1,1,8525660.63,0.196,1,1,1,1,14.66,18,15,1,1,1,3,0.6762,0.4878,1,1,1,1,1
NCRB-SYNTH-103265,Trial Court,Sec 439 CrPC (Regular Bail),2,13,52,1,1,1,1,1,0,1,1,1,0.5309,1,132,0,0,0.0655,7,1.202,85.71,1,1,3533623.78,0.5814,1,1,1,1,4.68,7,12,1,1,1,1,0.5605,0.8086,1,1,1,0,0
NCRB-SYNTH-103273,Trial Court,Writ Petition (Detention),4,18,52,1,0,1,1,1,0,1,1,1,0.99,1,166,1,1,0.0233,7,1.0847,142.59,1,1,3649265.83,0.7644,1,1,1,1,5.04,15,14,1,1,1,18,0.2822,0.0958,4,1,1,0,1
NCRB-SYNTH-103275,Trial Court,Sec 482 CrPC (Quashing),15,4,71,1,0,1,1,1,0,1,1,1,0.7357,1,98,0,0,0.1442,8,1.0228,173.04,1,1,2153194.91,0.6385,1,1,1,1,7.23,5,8,1,1,1,30,0.1331,0.0388,4,1,1,0,1
NCRB-SYNTH-103276,Trial Court,Sec 439 CrPC (Regular Bail),7,23,52,1,0,1,1,1,0,1,1,1,0.8622,1,175,1,1,0.1163,2,1.0,94.27,1,1,4585657.82,0.6513,1,1,1,1,6.14,11,8,1,1,1,7,0.0914,0.044,3,1,1,1,1
NCRB-SYNTH-103277,High Court,Sec 439 CrPC (Regular Bail),27,23,98,1,0,1,1,1,0,1,1,1,0.8461,1,117,0,0,0.1593,1,1.1653,129.38,1,1,2393060.89,0.3852,1,1,1,1,4.38,3,12,1,1,1,2,0.9164,0.8342,1,1,1,0,1
NCRB-SYNTH-103280,Trial Court,Sec 439 CrPC (Regular Bail),1,7,12,1,0,1,1,1,0,1,1,1,0.8038,1,38,1,1,0.0,4,1.1451,38.14,1,1,7081841.52,0.5756,1,1,1,1,22.64,19,13,1,1,1,43,0.1157,0.0306,4,1,1,0,1
NCRB-SYNTH-103288,High Court,Sec 439 CrPC (Regular Bail),7,13,71,0,0,1,1,1,0,1,1,1,0.556,1,139,1,1,0.0316,1,1.3192,56.5,1,1,5538383.51,0.4382,1,1,1,1,14.71,10,4,1,1,1,29,0.2383,0.0701,4,1,1,0,0
NCRB-SYNTH-103300,Trial Court,Sec 482 CrPC (Quashing),2,17,95,1,0,1,1,1,0,1,1,1,0.4842,1,84,0,1,0.0549,8,1.0,33.14,1,1,9213017.73,0.5711,1,1,1,1,2.0,17,5,1,1,1,27,0.2687,0.0806,4,1,1,0,0
NCRB-SYNTH-103311,Supreme Court,Sec 482 CrPC (Quashing),1,4,95,1,0,1,1,1,0,1,1,1,0.905,1,124,1,1,0.0763,8,1.0516,70.26,1,1,6050769.53,0.6833,1,1,1,1,1.98,18,11,1,1,1,12,0.1664,0.0649,4,1,1,0,1
NCRB-SYNTH-103313,Trial Court,Sec 482 CrPC (Quashing),15,4,49,0,0,1,1,1,0,1,1,1,0.8025,1,156,1,1,0.1039,8,1.0,126.18,1,1,8906985.39,0.7983,1,1,1,1,5.63,10,7,1,1,1,29,0.1625,0.0478,4,1,1,0,1
NCRB-SYNTH-103319,Supreme Court,Sec 482 CrPC (Quashing),2,25,33,1,0,1,1,1,1,1,1,1,0.7429,1,134,1,1,0.0478,7,1.1911,88.7,1,1,2390147.48,0.721,1,1,1,1,9.21,14,15,1,1,1,8,0.2457,0.1118,3,1,1,0,1
NCRB-SYNTH-103320,High Court,Sec 482 CrPC (Quashing),2,6,67,1,0,1,1,1,0,1,1,1,0.7859,1,141,1,1,0.1222,9,1.1835,143.07,1,1,8488584.12,0.9898,1,1,1,1,7.7,20,15,1,1,1,6,0.1346,0.0692,3,1,1,0,1
NCRB-SYNTH-103323,High Court,Sec 439 CrPC (Regular Bail),2,10,16,1,0,1,1,1,0,1,1,1,0.4171,0,146,1,1,0.0489,1,1.1632,83.51,1,1,9317560.02,0.3519,1,1,1,1,7.67,21,7,1,1,1,2,0.6048,0.5505,1,1,1,0,0
NCRB-SYNTH-103325,Supreme Court,Sec 482 CrPC (Quashing),7,16,82,1,0,1,1,1,1,1,1,1,0.6961,0,147,1,0,0.0987,4,1.2063,74.6,1,1,11696164.3,0.9052,1,1,1,1,10.69,22,8,1,1,1,10,0.2083,0.0869,3,1,1,0,1
NCRB-SYNTH-103326,Trial Court,Sec 439 CrPC (Regular Bail),7,9,31,1,0,1,1,1,1,1,1,1,0.9562,1,126,1,1,0.037,7,1.1284,104.29,1,1,14953280.57,0.3473,1,1,1,1,15.7,25,10,1,1,1,7,0.1329,0.0639,3,1,1,0,1
NCRB-SYNTH-103327,Trial Court,Sec 439 CrPC (Regular Bail),2,3,51,1,0,1,1,1,1,1,1,1,0.9156,1,151,1,0,0.0212,4,1.0618,127.69,1,1,11342973.75,0.7201,1,1,1,1,9.35,7,15,1,1,1,21,0.1694,0.0548,4,1,1,0,1
NCRB-SYNTH-103332,Trial Court,Sec 439 CrPC (Regular Bail),2,19,41,0,0,1,1,1,0,1,1,1,0.8164,1,74,0,0,0.1293,6,1.0,170.82,1,1,10980597.17,0.8886,1,1,1,1,6.04,17,8,1,1,1,3,0.7833,0.565,1,1,1,0,1
NCRB-SYNTH-103336,Trial Court,Sec 439 CrPC (Regular Bail),2,17,49,1,0,1,1,1,0,1,1,1,0.7607,1,46,1,1,0.1075,6,1.0,34.76,1,1,8989934.32,0.5213,1,1,1,1,65.38,18,6,1,1,1,5,0.1293,0.0721,3,1,1,0,1
NCRB-SYNTH-103338,Trial Court,Sec 439 CrPC (Regular Bail),2,23,61,1,0,1,1,1,1,1,1,1,0.4665,1,59,1,1,0.1365,3,1.0,115.04,1,1,1406481.11,0.9629,1,1,1,1,9.09,21,8,1,1,1,5,0.2326,0.1298,3,1,1,0,0
NCRB-SYNTH-103346,High Court,Sec 439 CrPC (Regular Bail),15,5,17,1,0,1,1,1,0,1,1,1,0.8511,1,185,1,1,0.04,9,1.2207,56.03,1,1,2973449.18,0.9948,1,1,1,1,15.09,21,6,1,1,1,31,0.1152,0.0332,4,1,1,0,1
NCRB-SYNTH-103359,Trial Court,Writ Petition (Detention),21,18,78,1,0,1,1,1,0,1,1,1,0.925,1,61,1,1,0.1267,2,1.3383,147.12,1,1,7688472.1,0.4506,1,1,1,1,9.52,18,5,1,1,1,5,0.1531,0.0854,3,1,1,0,1
NCRB-SYNTH-103361,Trial Court,Trial Judgment,27,22,24,1,0,1,1,1,0,1,1,1,0.7769,1,152,1,0,0.0,7,1.1649,178.78,1,1,3849927.13,0.1986,1,1,1,1,2.28,19,15,1,1,1,8,0.1121,0.051,3,1,1,0,1
NCRB-SYNTH-103375,Trial Court,Sec 482 CrPC (Quashing),15,12,33,1,0,1,1,1,1,1,1,1,0.3852,0,180,1,1,0.1249,4,1.1998,155.71,1,1,3176168.79,0.608,1,1,1,1,2.8,6,6,1,1,1,33,0.2863,0.0812,4,1,1,0,0
NCRB-SYNTH-103376,High Court,Trial Judgment,15,10,10,0,0,1,1,1,0,1,1,1,0.7763,1,47,1,1,0.0332,2,1.1359,159.18,1,1,2654898.85,0.496,1,1,1,1,16.65,23,3,1,1,1,24,0.1655,0.0514,4,1,1,0,1
NCRB-SYNTH-103377,Supreme Court,Writ Petition (Detention),15,4,30,1,0,1,1,1,1,1,1,1,0.7746,1,72,1,1,0.0335,7,1.1839,98.98,1,1,11029521.89,0.5685,1,1,1,1,2.12,3,11,1,1,1,35,0.1513,0.0422,4,1,1,0,1
NCRB-SYNTH-103397,High Court,Sec 439 CrPC (Regular Bail),27,25,47,1,0,1,1,1,0,1,1,1,0.8279,1,78,1,1,0.0215,5,1.1366,138.61,1,1,12826363.6,0.6001,1,1,1,1,21.73,10,5,1,1,1,15,0.2919,0.1053,4,1,1,0,1
NCRB-SYNTH-103398,High Court,Sec 439 CrPC (Regular Bail),15,13,51,1,0,1,1,1,0,1,1,1,0.826,1,106,1,1,0.0785,1,1.3532,170.91,1,1,14770810.43,0.8789,1,1,1,1,4.69,3,14,1,1,1,2,0.4412,0.4016,1,1,1,0,1
NCRB-SYNTH-103405,Trial Court,Sec 439 CrPC (Regular Bail),4,6,30,1,0,1,1,1,1,1,1,1,0.713,1,85,1,1,0.086,6,1.0672,116.77,1,1,4526098.91,0.2737,1,1,1,1,32.5,8,9,1,1,1,7,0.0569,0.0274,3,1,1,0,1
NCRB-SYNTH-103406,High Court,Sec 482 CrPC (Quashing),2,14,85,1,0,1,1,1,0,1,1,1,0.8667,1,51,1,1,0.0742,6,1.1591,176.61,1,1,7956222.11,0.5403,1,1,1,1,1.24,23,11,1,1,1,15,0.3123,0.1127,4,1,1,0,1
NCRB-SYNTH-103415,Trial Court,Sec 482 CrPC (Quashing),4,10,77,1,0,1,1,1,1,1,1,1,0.4929,1,68,1,1,0.0084,4,1.1895,158.72,1,1,996021.99,0.795,1,1,1,1,10.06,15,12,1,1,1,8,0.1053,0.0479,3,1,1,0,0
NCRB-SYNTH-103421,Supreme Court,Sec 439 CrPC (Regular Bail),7,21,30,1,0,1,1,1,0,1,1,1,0.642,0,93,0,0,0.1051,3,1.0151,166.06,1,1,2051561.76,0.3896,1,1,1,1,3.05,12,11,1,1,1,44,0.1956,0.0514,4,1,1,0,1
NCRB-SYNTH-103423,High Court,Sec 439 CrPC (Regular Bail),4,20,68,1,0,1,1,1,1,1,1,1,0.8681,1,36,1,1,0.0697,2,1.1216,124.19,1,1,12392641.77,0.8706,1,1,1,1,11.57,9,3,1,1,1,8,0.0737,0.0335,3,1,1,0,1
NCRB-SYNTH-103425,Trial Court,Sec 439 CrPC (Regular Bail),7,3,66,1,0,1,1,1,0,1,1,1,0.4666,1,22,1,1,0.0695,2,1.0852,38.14,1,1,5403897.65,0.4452,1,1,1,1,20.37,16,14,1,1,1,7,0.1516,0.0729,3,1,1,0,0
NCRB-SYNTH-103433,Supreme Court,Sec 439 CrPC (Regular Bail),7,9,10,1,0,1,1,1,0,1,1,1,0.9201,1,84,0,0,0.0638,4,1.0849,88.19,1,1,2248328.01,0.9868,1,1,1,1,2.06,14,9,1,1,1,35,0.282,0.0787,4,1,1,0,1
NCRB-SYNTH-103435,Supreme Court,Sec 482 CrPC (Quashing),1,20,70,1,0,1,1,1,1,1,1,1,0.7551,0,154,1,1,0.1237,5,1.1075,55.19,1,1,6574396.05,0.7335,1,1,1,1,2.36,15,15,1,1,1,36,0.0938,0.026,4,1,1,0,1
NCRB-SYNTH-103447,High Court,Sec 439 CrPC (Regular Bail),2,16,69,1,0,1,1,1,0,1,1,1,0.5077,0,18,1,1,0.101,8,1.0987,59.56,1,1,14106392.86,0.59,1,1,1,1,5.25,18,8,1,1,1,1,0.5915,0.8533,1,1,1,1,0
NCRB-SYNTH-103448,Trial Court,Sec 482 CrPC (Quashing),15,15,34,1,0,1,1,1,1,1,1,1,0.8603,1,169,1,1,0.0124,8,1.1874,126.98,1,1,13866947.98,0.6775,1,1,1,1,8.52,6,10,1,1,1,29,0.2973,0.0874,4,1,1,0,1
NCRB-SYNTH-103466,High Court,Sec 482 CrPC (Quashing),4,21,51,1,0,1,1,1,0,1,1,1,0.7719,1,97,0,1,0.0,8,1.1276,152.37,1,1,7577061.89,0.2406,1,1,1,1,41.19,7,15,1,1,1,11,0.0585,0.0235,3,1,1,0,1
NCRB-SYNTH-103469,Trial Court,Sec 439 CrPC (Regular Bail),2,10,38,1,0,1,1,1,0,1,1,1,0.4459,0,161,0,0,0.0507,6,1.0,45.2,1,1,7514434.51,0.3907,1,1,1,1,4.2,20,3,1,1,1,2,0.8073,0.7348,1,1,1,0,0
NCRB-SYNTH-103472,Trial Court,Sec 439 CrPC (Regular Bail),15,14,51,1,0,1,1,1,0,1,1,1,0.8877,1,148,1,1,0.0425,1,1.1946,83.74,1,1,6957557.97,0.8376,1,1,1,1,36.78,12,14,1,1,1,41,0.3113,0.0833,4,1,1,0,1
NCRB-SYNTH-103475,Trial Court,Writ Petition (Detention),2,13,18,1,0,1,1,1,0,1,1,1,0.4467,0,22,1,1,0.0762,4,1.1259,97.14,1,1,2927933.44,0.5977,1,1,1,1,6.03,18,5,1,1,1,3,0.6846,0.4938,1,1,1,0,0
NCRB-SYNTH-103476,High Court,Sec 482 CrPC (Quashing),4,23,9,1,0,1,1,1,0,1,1,1,0.4659,0,110,1,1,0.1052,9,1.0,56.95,1,1,3628235.5,0.3734,1,1,1,1,26.7,4,12,1,1,1,1,0.7364,1.0625,1,1,1,0,0
NCRB-SYNTH-103500,High Court,Sec 439 CrPC (Regular Bail),2,19,79,0,0,1,1,1,0,1,1,1,0.7693,1,125,1,1,0.086,8,1.3599,75.56,1,1,4110100.68,0.8343,1,1,1,1,2.05,6,10,1,1,1,8,0.0717,0.0326,3,1,1,0,1
NCRB-SYNTH-103502,Trial Court,Sec 482 CrPC (Quashing),15,3,50,1,0,1,1,1,0,1,1,1,0.933,0,150,1,1,0.0,8,1.0752,96.51,1,1,10467824.75,0.8809,1,1,1,1,12.17,24,15,1,1,1,29,0.121,0.0356,4,1,1,0,1
NCRB-SYNTH-103509,Supreme Court,Sec 439 CrPC (Regular Bail),7,10,65,1,0,1,1,1,0,1,1,1,0.6404,1,128,1,1,0.1479,7,1.2339,61.94,1,1,7298561.54,0.5282,1,1,1,1,8.42,21,14,1,1,1,9,0.1535,0.0667,3,1,1,0,1
NCRB-SYNTH-103514,Trial Court,Sec 439 CrPC (Regular Bail),4,10,34,1,1,1,1,1,0,1,1,1,0.5976,0,82,1,1,0.0911,2,1.0006,158.37,1,1,7455533.94,0.1672,1,1,1,1,1.84,3,4,1,1,1,45,0.1554,0.0406,4,1,1,1,0
NCRB-SYNTH-103528,Trial Court,Sec 482 CrPC (Quashing),21,17,86,1,0,1,1,1,0,1,1,1,0.4181,1,73,1,1,0.1111,4,1.1848,61.02,1,1,8790645.6,0.171,1,1,1,1,8.18,21,3,1,1,1,10,0.0637,0.0266,3,1,1,0,0
NCRB-SYNTH-103532,High Court,Sec 439 CrPC (Regular Bail),21,7,71,1,0,1,1,1,0,1,1,1,0.8071,1,161,1,1,0.0997,1,1.2833,87.83,1,1,11390130.46,0.7506,1,1,1,1,2.92,14,5,1,1,1,1,0.8726,1.2589,1,1,1,0,1
NCRB-SYNTH-103542,High Court,Sec 439 CrPC (Regular Bail),7,25,59,1,0,1,1,1,0,1,1,1,0.5958,0,164,1,1,0.1673,1,1.1218,154.31,1,1,11772524.91,0.77,1,1,1,1,51.25,11,15,1,1,1,29,0.1516,0.0446,4,1,1,0,0
NCRB-SYNTH-103551,Supreme Court,Sec 439 CrPC (Regular Bail),15,25,47,1,0,1,1,1,0,1,1,1,0.6592,0,172,1,1,0.0,6,1.0635,43.23,1,1,7951011.56,0.5091,1,1,1,1,31.74,12,13,1,1,1,3,0.5351,0.386,1,1,1,0,1
NCRB-SYNTH-103562,High Court,Sec 439 CrPC (Regular Bail),7,6,82,1,1,1,1,1,1,1,1,1,0.7912,1,148,1,0,0.0961,2,1.1719,56.78,1,1,13846062.69,0.6803,1,1,1,1,12.9,9,10,1,1,1,33,0.2324,0.0659,4,1,1,0,1
NCRB-SYNTH-103566,Trial Court,Writ Petition (Detention),7,23,78,1,0,1,1,1,0,1,1,1,0.6319,1,95,1,1,0.0,3,1.0755,146.12,1,1,934428.84,0.8219,1,1,1,1,4.24,18,13,1,1,1,8,0.2292,0.1043,3,1,1,0,1
NCRB-SYNTH-103569,Supreme Court,Sec 439 CrPC (Regular Bail),4,15,24,1,0,1,1,1,0,1,1,1,0.4041,1,77,1,0,0.0198,3,1.3481,59.49,1,1,13431642.75,0.1721,1,1,1,1,5.28,19,12,1,1,1,30,0.1642,0.0478,4,1,1,0,0
NCRB-SYNTH-103573,Supreme Court,Sec 439 CrPC (Regular Bail),2,19,25,1,0,1,1,1,0,1,1,1,0.3784,1,71,1,1,0.0529,5,1.1924,39.16,1,1,6071711.77,0.4957,1,1,1,1,7.13,5,7,1,1,1,39,0.1295,0.0351,4,1,1,0,0
NCRB-SYNTH-103579,Trial Court,Sec 439 CrPC (Regular Bail),1,9,74,1,0,1,1,1,0,1,1,1,0.7572,1,151,1,0,0.0939,2,1.2165,177.84,1,1,14568279.78,0.5533,1,1,1,1,15.03,23,14,1,1,1,5,0.0802,0.0448,3,1,1,0,1
NCRB-SYNTH-103582,High Court,Sec 439 CrPC (Regular Bail),15,8,7,1,0,1,1,1,1,1,1,1,0.7871,1,161,1,1,0.1064,1,1.1239,145.99,1,1,14742920.73,0.6091,1,1,1,1,4.89,23,5,1,1,1,19,0.3118,0.1041,4,1,1,0,1
NCRB-SYNTH-103588,High Court,Sec 439 CrPC (Regular Bail),2,12,14,1,0,1,1,1,0,1,1,1,0.3859,1,140,1,1,0.0406,5,1.0,31.43,1,1,5742580.79,0.6601,1,1,1,1,10.12,4,12,1,1,1,9,0.0994,0.0432,3,1,1,0,0
NCRB-SYNTH-103607,High Court,Sec 439 CrPC (Regular Bail),4,13,32,1,0,1,1,1,0,1,1,1,0.7684,0,129,1,1,0.0295,2,1.0266,87.6,1,1,8490339.92,0.662,1,1,1,1,10.43,4,9,1,1,1,34,0.1784,0.0502,4,1,1,0,1
NCRB-SYNTH-103614,Supreme Court,Sec 439 CrPC (Regular Bail),2,19,46,1,0,1,1,1,0,1,1,1,0.5885,1,53,1,0,0.0651,8,1.1751,98.62,1,1,6760817.1,0.4939,1,1,1,1,9.76,8,13,1,1,1,45,0.2231,0.0583,4,1,1,0,0
NCRB-SYNTH-103618,Trial Court,Sec 439 CrPC (Regular Bail),4,24,52,0,0,1,1,1,0,1,1,1,0.493,1,14,1,1,0.0817,8,1.2119,38.67,1,1,11574976.79,0.474,1,1,1,1,3.11,15,14,1,1,1,11,0.1421,0.0572,3,1,1,0,0
NCRB-SYNTH-103619,High Court,Sec 439 CrPC (Regular Bail),2,19,55,1,0,1,1,1,0,1,1,1,0.9054,1,99,1,1,0.0792,4,1.217,81.27,1,1,11363201.95,0.9775,1,1,1,1,20.7,23,13,1,1,1,44,0.2776,0.0729,4,1,1,0,1
NCRB-SYNTH-103629,Trial Court,Sec 482 CrPC (Quashing),15,17,14,1,1,1,1,1,0,1,1,1,0.6914,1,144,1,1,0.1508,3,1.1243,97.72,1,1,13766277.48,0.4571,1,1,1,1,7.17,19,14,1,1,1,30,0.2821,0.0821,4,1,1,0,1
NCRB-SYNTH-103631,High Court,Sec 439 CrPC (Regular Bail),27,20,12,1,0,1,1,1,0,1,1,1,0.6314,1,67,1,1,0.0561,1,1.1625,67.31,1,1,4247806.8,0.8975,1,1,1,1,6.26,8,15,1,1,1,22,0.2133,0.068,4,1,1,0,1
NCRB-SYNTH-103645,High Court,Sec 439 CrPC (Regular Bail),21,12,19,0,0,1,1,1,1,1,1,1,0.4138,1,44,0,0,0.0,7,1.0513,124.46,1,1,9909980.04,0.3642,1,1,1,1,22.74,19,11,1,1,1,21,0.1568,0.0507,4,1,1,0,0
NCRB-SYNTH-103651,Trial Court,Sec 482 CrPC (Quashing),7,12,31,1,0,1,1,1,1,1,1,1,0.5452,0,57,1,1,0.0,7,1.0955,122.76,1,1,2879924.46,0.2276,1,1,1,1,8.26,25,12,1,1,1,8,0.0658,0.0299,3,1,1,0,0
NCRB-SYNTH-103653,Trial Court,Sec 439 CrPC (Regular Bail),27,17,30,0,0,1,1,1,1,1,1,1,0.7406,1,43,1,1,0.0734,6,1.0473,94.57,1,1,7291631.51,0.5525,1,1,1,1,14.62,21,5,1,1,1,20,0.2047,0.0672,4,1,1,0,1
NCRB-SYNTH-103667,Supreme Court,Sec 439 CrPC (Regular Bail),4,9,13,1,0,1,1,1,1,1,1,1,0.4159,1,46,1,1,0.0799,6,1.141,173.11,1,1,10495445.89,0.9594,1,1,1,1,10.32,15,10,1,1,1,29,0.2815,0.0828,4,1,1,0,0
NCRB-SYNTH-103673,High Court,Sec 439 CrPC (Regular Bail),4,14,15,1,0,1,1,1,1,1,1,1,0.7239,1,152,0,0,0.0676,3,1.1423,95.2,1,1,6726183.17,0.9132,1,1,1,1,3.68,15,9,1,1,1,8,0.2029,0.0923,3,1,1,0,1
NCRB-SYNTH-103679,High Court,Writ Petition (Detention),2,10,32,1,0,1,1,1,0,1,1,1,0.4537,0,121,1,0,0.0,5,1.1283,128.89,1,1,11577706.7,0.403,1,1,1,1,2.08,13,12,1,1,1,19,0.1358,0.0453,4,1,1,1,0
NCRB-SYNTH-103681,Trial Court,Sec 439 CrPC (Regular Bail),15,10,66,1,0,1,1,1,0,1,1,1,0.5224,1,79,1,1,0.1435,1,1.1248,66.7,1,1,6084340.57,0.1554,1,1,1,1,1.62,23,9,1,1,1,33,0.1345,0.0381,4,1,1,0,0
NCRB-SYNTH-103683,High Court,Sec 439 CrPC (Regular Bail),2,7,59,1,0,1,1,1,0,1,1,1,0.4373,0,65,1,1,0.1175,5,1.0,101.48,1,1,9009373.81,0.363,1,1,1,1,24.69,11,3,1,1,1,23,0.2983,0.0939,4,1,1,0,0
NCRB-SYNTH-103691,High Court,Sec 482 CrPC (Quashing),7,20,77,1,0,1,1,1,0,1,1,1,0.9016,0,86,1,0,0.1772,8,1.0229,87.33,1,1,6073719.18,0.3702,1,1,1,1,2.95,24,4,1,1,1,19,0.1193,0.0398,4,1,1,0,1
NCRB-SYNTH-103693,High Court,Sec 439 CrPC (Regular Bail),7,23,55,1,0,1,1,1,0,1,1,1,0.9327,1,79,1,0,0.0637,2,1.1051,116.7,1,1,7866192.19,0.8518,1,1,1,1,8.6,22,6,1,1,1,43,0.258,0.0682,4,1,1,0,1
NCRB-SYNTH-103704,Trial Court,Trial Judgment,4,4,81,1,0,1,1,1,1,1,1,1,0.8164,1,158,1,1,0.1335,5,1.0,33.07,1,1,14745839.55,0.238,1,1,1,1,22.22,11,14,1,1,1,34,0.2015,0.0567,4,1,1,0,1
NCRB-SYNTH-103707,High Court,Sec 439 CrPC (Regular Bail),1,4,52,1,0,1,1,1,0,1,1,1,0.8216,0,97,1,1,0.0482,4,1.1578,142.75,1,1,11473229.99,0.1817,1,1,1,1,1.19,5,12,1,1,1,32,0.0858,0.0245,4,1,1,0,1
NCRB-SYNTH-103712,Trial Court,Sec 439 CrPC (Regular Bail),7,15,72,1,0,1,1,1,0,1,1,1,0.5673,1,103,1,1,0.0367,6,1.2094,161.23,1,1,11684173.14,0.7944,1,1,1,1,36.61,7,10,1,1,1,21,0.1826,0.0591,4,1,1,0,0
NCRB-SYNTH-103713,Trial Court,Sec 439 CrPC (Regular Bail),7,6,14,1,0,1,1,1,0,1,1,1,0.6808,1,156,0,0,0.0763,6,1.1302,176.32,1,1,13045907.97,0.6759,1,1,1,1,29.39,16,4,1,1,1,9,0.1332,0.0579,3,1,1,0,1
NCRB-SYNTH-103722,High Court,Writ Petition (Detention),2,13,71,1,0,1,1,1,1,1,1,1,0.5164,1,129,1,0,0.1083,6,1.0771,107.33,1,1,8514400.57,0.877,1,1,1,1,6.28,10,6,1,1,1,33,0.2159,0.0612,4,1,1,0,0
NCRB-SYNTH-103738,Trial Court,Trial Judgment,7,10,26,1,0,1,1,1,1,1,1,1,0.7075,0,131,1,1,0.0629,4,1.1614,34.91,1,1,3465569.58,0.4896,1,1,1,1,14.45,14,15,1,1,1,1,0.5249,0.7573,1,1,1,0,1
NCRB-SYNTH-103739,Trial Court,Trial Judgment,15,12,40,0,0,1,1,1,0,1,1,1,0.612,1,129,1,1,0.1096,6,1.1262,59.72,1,1,11193777.54,0.9874,1,1,1,1,3.0,17,8,1,1,1,5,0.1644,0.0918,3,1,1,0,1
NCRB-SYNTH-103742,High Court,Sec 439 CrPC (Regular Bail),45,25,76,1,0,1,1,1,1,1,1,1,0.9039,1,147,1,1,0.0632,9,1.0975,68.96,1,1,8795129.56,0.8835,1,1,1,1,31.56,23,13,1,1,1,22,0.1986,0.0634,4,1,1,0,1
NCRB-SYNTH-103743,High Court,Sec 482 CrPC (Quashing),4,20,37,1,0,1,1,1,1,1,1,1,0.7795,1,22,0,0,0.0801,9,1.1996,95.02,1,1,14338490.64,0.8888,1,1,1,1,4.75,4,3,1,1,1,29,0.0822,0.0242,4,1,1,0,1
NCRB-SYNTH-103760,High Court,Sec 482 CrPC (Quashing),1,18,15,0,0,1,1,1,0,1,1,1,0.5531,1,92,0,1,0.0638,4,1.0,152.8,1,1,3767775.91,0.5557,1,1,1,1,6.87,14,8,1,1,1,43,0.1381,0.0365,4,1,1,0,0
NCRB-SYNTH-103762,High Court,Sec 482 CrPC (Quashing),4,25,97,1,0,1,1,1,0,1,1,1,0.4763,0,49,1,1,0.0892,2,1.0606,122.6,1,1,2796381.11,0.456,1,1,1,1,3.01,24,13,1,1,1,20,0.1543,0.0507,4,1,1,0,0
NCRB-SYNTH-103774,High Court,Sec 439 CrPC (Regular Bail),7,22,58,1,0,1,1,1,0,1,1,1,0.593,0,128,0,0,0.0951,1,1.2053,150.75,1,1,7123464.53,0.5863,1,1,1,1,10.97,16,8,1,1,1,25,0.3079,0.0945,4,1,1,0,0
NCRB-SYNTH-103777,Trial Court,Sec 482 CrPC (Quashing),15,25,66,1,0,1,1,1,0,1,1,1,0.8492,0,24,1,1,0.0475,7,1.3423,123.91,1,1,11211433.44,0.7171,1,1,1,1,1.96,25,14,1,1,1,35,0.2279,0.0636,4,1,1,0,1
NCRB-SYNTH-103784,Trial Court,Sec 439 CrPC (Regular Bail),21,14,83,1,0,1,1,1,0,1,1,1,0.911,1,166,1,1,0.0641,5,1.0,123.85,1,1,7674950.73,0.9259,1,1,1,1,2.32,21,12,1,1,1,15,0.1111,0.0401,4,1,1,0,1
NCRB-SYNTH-103785,High Court,Sec 439 CrPC (Regular Bail),21,7,75,1,0,1,1,1,0,1,1,1,0.8512,1,70,1,0,0.0054,9,1.0348,62.03,1,1,2278829.43,0.8882,1,1,1,1,2.46,12,11,1,1,1,37,0.1027,0.0282,4,1,1,1,1
NCRB-SYNTH-103794,Trial Court,Writ Petition (Detention),7,6,53,1,0,1,1,1,0,1,1,1,0.8569,1,161,0,1,0.107,5,1.1909,82.53,1,1,7372781.05,0.8308,1,1,1,1,11.12,5,7,1,1,1,11,0.1782,0.0717,3,1,1,0,1
NCRB-SYNTH-103803,High Court,Sec 439 CrPC (Regular Bail),7,24,33,1,0,1,1,1,0,1,1,1,0.7198,1,122,1,1,0.0841,9,1.0,64.23,1,1,681544.97,0.548,1,1,1,1,22.06,13,12,1,1,1,9,0.1147,0.0498,3,1,1,0,1
NCRB-SYNTH-103818,High Court,Sec 482 CrPC (Quashing),1,11,84,1,0,1,1,1,1,1,1,1,0.7261,1,172,0,1,0.1441,3,1.0778,128.28,1,1,2310359.45,0.3313,1,1,1,1,5.87,8,10,1,1,1,34,0.0946,0.0266,4,1,1,0,1
NCRB-SYNTH-103819,Trial Court,Sec 439 CrPC (Regular Bail),4,7,89,1,0,1,1,1,1,1,1,1,0.7925,1,62,0,0,0.0362,6,1.0984,35.72,1,1,11637821.16,0.7877,1,1,1,1,39.53,5,5,1,1,1,7,0.219,0.1053,3,1,1,0,1
NCRB-SYNTH-103823,High Court,Sec 439 CrPC (Regular Bail),21,7,53,1,0,1,1,1,0,1,1,1,0.6793,0,121,1,0,0.1446,2,1.3252,69.63,1,1,8358512.6,0.2402,1,1,1,1,7.71,25,6,1,1,1,37,0.2193,0.0603,4,1,1,0,1
NCRB-SYNTH-103829,Supreme Court,Sec 439 CrPC (Regular Bail),7,21,98,1,0,1,1,1,0,1,1,1,0.9173,1,109,1,1,0.06,4,1.0,80.69,1,1,13552797.84,0.4859,1,1,1,1,6.48,15,4,1,1,1,2,0.5865,0.5339,1,1,1,1,1
NCRB-SYNTH-103832,Trial Court,Writ Petition (Detention),4,25,55,1,0,1,1,1,0,1,1,1,0.7911,0,42,0,0,0.0953,1,1.1499,129.63,1,1,11741682.23,0.9394,1,1,1,1,9.69,17,11,1,1,1,11,0.1739,0.07,3,1,1,0,1
NCRB-SYNTH-103833,Trial Court,Trial Judgment,2,15,12,1,0,1,1,1,0,1,1,1,0.5921,1,142,1,1,0.0626,5,1.4702,175.46,1,1,10531323.12,0.1531,1,1,1,1,34.18,8,14,1,1,1,20,0.2877,0.0945,4,1,1,0,0
NCRB-SYNTH-103849,High Court,Sec 439 CrPC (Regular Bail),2,5,19,1,0,1,1,1,0,1,1,1,0.833,1,123,1,0,0.0,6,1.198,66.75,1,1,5560671.72,0.3519,1,1,1,1,7.53,3,15,1,1,1,21,0.1336,0.0432,4,1,1,0,1
NCRB-SYNTH-103860,Trial Court,Sec 439 CrPC (Regular Bail),4,23,90,1,0,1,1,1,1,1,1,1,0.824,1,37,1,1,0.0,1,1.0,138.42,1,1,1264327.51,0.8454,1,1,1,1,19.54,4,7,1,1,1,3,0.8215,0.5926,1,1,1,0,1
NCRB-SYNTH-103861,Trial Court,Sec 482 CrPC (Quashing),15,16,16,0,0,1,1,1,1,1,1,1,0.9015,0,116,1,1,0.0976,5,1.0,58.69,1,1,5760351.63,0.8917,1,1,1,1,6.69,12,14,1,1,1,3,0.8567,0.618,1,1,1,0,1
NCRB-SYNTH-103874,Trial Court,Sec 439 CrPC (Regular Bail),1,14,26,0,0,1,1,1,0,1,1,1,0.4213,1,175,0,0,0.0,7,1.163,121.03,1,1,13002615.47,0.8561,1,1,1,1,2.51,18,12,1,1,1,33,0.204,0.0578,4,1,1,0,0
NCRB-SYNTH-103882,High Court,Sec 482 CrPC (Quashing),2,23,64,1,0,1,1,1,1,1,1,1,0.6308,0,149,1,1,0.0991,2,1.0,48.21,1,1,6189038.64,0.4944,1,1,1,1,2.33,24,4,1,1,1,17,0.1529,0.0529,4,1,1,0,1
NCRB-SYNTH-103891,High Court,Trial Judgment,7,12,25,1,0,1,1,1,1,1,1,1,0.8774,1,105,1,0,0.2313,2,1.0,95.73,1,1,6853692.46,0.8107,1,1,1,1,25.99,4,10,1,1,1,35,0.2401,0.067,4,1,1,0,1
NCRB-SYNTH-103895,High Court,Trial Judgment,2,3,91,1,0,1,1,1,0,1,1,1,0.5007,0,53,1,1,0.1179,1,1.0,150.12,1,1,10500619.22,0.5674,1,1,1,1,8.11,20,4,1,1,1,5,0.1384,0.0772,3,1,1,0,0
NCRB-SYNTH-103896,Supreme Court,Sec 439 CrPC (Regular Bail),2,7,81,1,0,1,1,1,0,1,1,1,0.9379,1,37,1,1,0.1074,5,1.1155,66.67,1,1,1851098.52,0.8969,1,1,1,1,6.64,24,11,1,1,1,4,0.1873,0.1163,3,1,1,0,1
NCRB-SYNTH-103898,High Court,Trial Judgment,2,10,47,1,0,1,1,1,0,1,1,1,0.5706,1,45,0,1,0.1044,8,1.1401,178.71,1,1,7339588.53,0.2851,1,1,1,1,1.04,24,14,1,1,1,1,0.7876,1.1362,1,1,1,0,0
NCRB-SYNTH-103900,Supreme Court,Sec 482 CrPC (Quashing),4,18,27,0,0,1,1,1,0,1,1,1,0.8018,1,10,1,1,0.0867,5,1.3023,152.91,1,1,11766268.56,0.1747,1,1,1,1,14.63,23,11,1,1,1,8,0.19,0.0865,3,1,1,0,1
NCRB-SYNTH-103905,High Court,Sec 482 CrPC (Quashing),4,20,42,1,0,1,1,1,0,1,1,1,0.7959,1,148,1,1,0.1162,3,1.1014,42.4,1,1,1226923.09,0.7211,1,1,1,1,1.34,13,12,1,1,1,13,0.2361,0.0895,4,1,1,0,1
NCRB-SYNTH-103917,Trial Court,Sec 482 CrPC (Quashing),21,23,45,1,0,1,1,1,1,1,1,1,0.8332,1,57,1,1,0.0825,3,1.236,55.18,1,1,8672918.16,0.5374,1,1,1,1,22.41,20,15,1,1,1,5,0.2151,0.12,3,1,1,0,1
NCRB-SYNTH-103920,Supreme Court,Sec 482 CrPC (Quashing),4,5,48,1,0,1,1,1,0,1,1,1,0.8545,1,60,0,0,0.0669,5,1.2691,104.57,1,1,14315358.58,0.4525,1,1,1,1,9.3,16,13,1,1,1,3,0.5722,0.4127,1,1,1,0,1
NCRB-SYNTH-103923,Trial Court,Trial Judgment,7,11,21,1,0,1,1,1,0,1,1,1,0.7555,1,144,0,0,0.0692,8,1.0312,154.99,1,1,5652977.19,0.3707,1,1,1,1,28.98,20,7,1,1,1,8,0.2268,0.1032,3,1,1,0,1
NCRB-SYNTH-103941,High Court,Sec 482 CrPC (Quashing),2,6,5,1,0,1,1,1,0,1,1,1,0.5163,0,29,1,1,0.1046,8,1.3502,53.9,1,1,10942831.3,0.7911,1,1,1,1,5.13,9,5,1,1,1,31,0.2537,0.0732,4,1,1,0,0
NCRB-SYNTH-103952,Trial Court,Sec 439 CrPC (Regular Bail),7,25,29,0,0,1,1,1,1,1,1,1,0.6299,1,47,1,1,0.0468,8,1.162,36.11,1,1,13623443.75,0.9232,1,1,1,1,9.8,13,15,1,1,1,17,0.1714,0.0593,4,1,1,0,1
NCRB-SYNTH-103966,High Court,Sec 439 CrPC (Regular Bail),7,5,58,0,0,1,1,1,0,1,1,1,0.7143,1,162,1,0,0.1179,8,1.0602,34.4,1,1,4873537.55,0.6999,1,1,1,1,8.96,3,8,1,1,1,6,0.0895,0.046,3,1,1,0,1
NCRB-SYNTH-103974,Supreme Court,Sec 439 CrPC (Regular Bail),2,7,23,1,0,1,1,1,1,1,1,1,0.8871,0,113,1,1,0.0658,3,1.0,131.87,1,1,14226034.42,0.2069,1,1,1,1,13.32,14,5,1,1,1,15,0.2103,0.0759,4,1,1,0,1
NCRB-SYNTH-103981,Trial Court,Writ Petition (Detention),7,12,42,1,0,1,1,1,0,1,1,1,0.8035,1,122,0,0,0.0577,9,1.0509,92.64,1,1,13698622.54,0.8481,1,1,1,1,7.82,20,8,1,1,1,1,0.8495,1.2255,1,1,1,1,1
NCRB-SYNTH-103982,Trial Court,Writ Petition (Detention),2,13,23,1,0,1,1,1,0,1,1,1,0.8706,1,129,1,0,0.0633,3,1.1906,75.19,1,1,3891428.07,0.3327,1,1,1,1,6.41,19,14,1,1,1,45,0.3056,0.0798,4,1,1,0,1
NCRB-SYNTH-103985,Trial Court,Sec 482 CrPC (Quashing),4,23,5,1,0,1,1,1,0,1,1,1,0.8626,1,35,1,1,0.0302,2,1.2175,178.54,1,1,7909666.23,0.9404,1,1,1,1,4.15,8,12,1,1,1,41,0.249,0.0666,4,1,1,0,1
NCRB-SYNTH-103993,High Court,Sec 439 CrPC (Regular Bail),7,25,54,1,0,1,1,1,0,1,1,1,0.6213,1,39,1,1,0.0388,9,1.1959,84.91,1,1,11549999.08,0.3679,1,1,1,1,3.16,14,3,1,1,1,35,0.2307,0.0644,4,1,1,0,1
NCRB-SYNTH-104002,Trial Court,Sec 439 CrPC (Regular Bail),7,20,96,1,0,1,1,1,0,1,1,1,0.8987,0,98,1,1,0.1011,8,1.0078,58.99,1,1,12028882.52,0.6858,1,1,1,1,4.65,7,3,1,1,1,35,0.2166,0.0604,4,1,1,0,1
NCRB-SYNTH-104003,High Court,Sec 439 CrPC (Regular Bail),21,5,48,1,0,1,1,1,0,1,1,1,0.4577,1,23,1,1,0.0639,2,1.0,47.22,1,1,5362706.1,0.5714,1,1,1,1,2.78,7,4,1,1,1,2,0.603,0.5489,1,1,1,0,0
NCRB-SYNTH-104024,Trial Court,Sec 439 CrPC (Regular Bail),21,19,81,1,0,1,1,1,1,1,1,1,0.8864,1,64,0,1,0.0607,5,1.1231,32.52,1,1,3716554.7,0.3155,1,1,1,1,8.69,11,4,1,1,1,2,0.5272,0.4799,1,1,1,0,1
NCRB-SYNTH-104026,Trial Court,Sec 439 CrPC (Regular Bail),15,24,30,0,0,1,1,1,0,1,1,1,0.6802,1,95,0,0,0.1512,6,1.0,119.98,1,1,7125756.22,0.8262,1,1,1,1,3.77,20,7,1,1,1,17,0.2535,0.0877,4,1,1,0,1
NCRB-SYNTH-104029,High Court,Sec 482 CrPC (Quashing),15,14,48,1,0,1,1,1,0,1,1,1,0.7376,1,36,0,1,0.0806,9,1.0,113.46,1,1,4702675.51,0.2376,1,1,1,1,6.51,24,5,1,1,1,1,0.4337,0.6257,1,1,1,0,1
NCRB-SYNTH-104038,High Court,Sec 439 CrPC (Regular Bail),1,16,56,1,0,1,1,1,0,1,1,1,0.7093,1,159,1,0,0.0632,3,1.282,109.95,1,1,13726019.35,0.5315,1,1,1,1,12.88,7,4,1,1,1,24,0.2221,0.069,4,1,1,0,1
NCRB-SYNTH-104053,Trial Court,Sec 439 CrPC (Regular Bail),4,15,79,0,0,1,1,1,0,1,1,1,0.6914,0,122,1,1,0.0367,5,1.2137,169.68,1,1,10635399.93,0.6065,1,1,1,1,6.67,5,3,1,1,1,18,0.1779,0.0604,4,1,1,0,1
NCRB-SYNTH-104055,High Court,Sec 482 CrPC (Quashing),1,24,88,1,0,1,1,1,0,1,1,1,0.6769,1,141,1,1,0.1169,3,1.3581,47.14,1,1,7118568.37,0.9995,1,1,1,1,6.58,22,3,1,1,1,45,0.1077,0.0281,4,1,1,0,1
NCRB-SYNTH-104057,High Court,Sec 439 CrPC (Regular Bail),2,20,61,1,0,1,1,1,0,1,1,1,0.6512,1,119,1,1,0.0,1,1.1991,108.94,1,1,2496395.54,0.2753,1,1,1,1,19.27,19,11,1,1,1,44,0.2978,0.0782,4,1,1,0,1
NCRB-SYNTH-104063,Trial Court,Trial Judgment,4,10,56,1,0,1,1,1,0,1,1,1,0.7642,1,130,1,0,0.1044,6,1.2448,139.33,1,1,12628485.31,0.3894,1,1,1,1,2.76,16,6,1,1,1,33,0.1827,0.0518,4,1,1,0,1
NCRB-SYNTH-104070,Trial Court,Trial Judgment,15,19,38,1,0,1,1,1,0,1,1,1,0.695,1,141,1,1,0.0503,5,1.034,36.92,1,1,568492.23,0.6009,1,1,1,1,1.95,7,6,1,1,1,21,0.115,0.0372,4,1,1,0,1
NCRB-SYNTH-104079,High Court,Sec 482 CrPC (Quashing),4,6,66,1,0,1,1,1,0,1,1,1,0.5024,1,151,1,1,0.0862,7,1.0318,32.78,1,1,4517414.05,0.7925,1,1,1,1,6.89,18,14,1,1,1,1,0.5139,0.7415,1,1,1,0,0
NCRB-SYNTH-104084,Trial Court,Sec 439 CrPC (Regular Bail),7,12,90,1,0,1,1,1,0,1,1,1,0.7113,1,26,1,1,0.0638,5,1.2447,109.65,1,1,6650096.28,0.3142,1,1,1,1,10.7,11,14,1,1,1,23,0.0833,0.0262,4,1,1,0,1
NCRB-SYNTH-104089,Trial Court,Sec 482 CrPC (Quashing),4,17,91,1,0,1,1,1,1,1,1,1,0.7015,1,156,1,1,0.185,6,1.0,49.51,1,1,8432536.04,0.8486,1,1,1,1,45.04,14,10,1,1,1,3,0.8467,0.6107,1,1,1,0,1
NCRB-SYNTH-104091,High Court,Trial Judgment,7,17,97,1,0,1,1,1,1,1,1,1,0.5783,1,94,1,1,0.0284,3,1.1039,53.51,1,1,8320678.52,0.6638,1,1,1,1,1.76,3,15,1,1,1,7,0.2475,0.119,3,1,1,0,0
NCRB-SYNTH-104120,Trial Court,Sec 482 CrPC (Quashing),15,17,61,1,0,1,1,1,0,1,1,1,0.69,1,150,0,0,0.0486,3,1.0333,61.31,1,1,5209998.85,0.2635,1,1,1,1,5.31,16,3,1,1,1,22,0.1817,0.0579,4,1,1,0,1
NCRB-SYNTH-104125,Trial Court,Sec 482 CrPC (Quashing),2,11,31,1,0,1,1,1,1,1,1,1,0.3862,1,92,1,0,0.0296,7,1.0387,49.22,1,1,12603110.76,0.5907,1,1,1,1,17.48,5,7,1,1,1,27,0.2443,0.0733,4,1,1,0,0
NCRB-SYNTH-104137,Supreme Court,Sec 439 CrPC (Regular Bail),21,15,19,0,0,1,1,1,0,1,1,1,0.8649,1,60,1,1,0.1037,1,1.4364,101.14,1,1,8194830.98,0.479,1,1,1,1,1.27,23,7,1,1,1,15,0.2283,0.0823,4,1,1,0,1
NCRB-SYNTH-104144,Trial Court,Trial Judgment,2,4,98,1,0,1,1,1,1,1,1,1,0.4054,1,12,1,1,0.0088,9,1.0887,179.8,1,1,12702905.81,0.6029,1,1,1,1,2.12,19,4,1,1,1,22,0.2231,0.0711,4,1,1,0,0
NCRB-SYNTH-104149,Supreme Court,Sec 439 CrPC (Regular Bail),21,11,40,1,0,1,1,1,0,1,1,1,0.4634,1,60,1,1,0.0858,3,1.2308,157.39,1,1,7020018.98,0.2199,1,1,1,1,3.28,8,15,1,1,1,2,0.6185,0.563,1,1,1,0,0
NCRB-SYNTH-104150,Trial Court,Sec 482 CrPC (Quashing),1,9,28,1,0,1,1,1,0,1,1,1,0.5785,1,29,0,0,0.0986,2,1.0,69.82,1,1,7575792.39,0.1625,1,1,1,1,5.16,24,8,1,1,1,5,0.0978,0.0546,3,1,1,0,0
NCRB-SYNTH-104153,High Court,Sec 439 CrPC (Regular Bail),4,15,86,1,0,1,1,1,0,1,1,1,0.5569,1,162,1,1,0.0438,6,1.1054,128.95,1,1,11417634.59,0.6311,1,1,1,1,20.7,8,11,1,1,1,21,0.2592,0.0838,4,1,1,0,0
NCRB-SYNTH-104178,High Court,Sec 439 CrPC (Regular Bail),45,18,36,1,0,1,1,1,0,1,1,1,0.4803,1,33,0,0,0.0162,3,1.0644,59.42,1,1,5220709.62,0.4225,1,1,1,1,24.11,23,7,1,1,1,10,0.0942,0.0393,3,1,1,0,0
NCRB-SYNTH-104190,Trial Court,Sec 439 CrPC (Regular Bail),7,16,42,0,0,1,1,1,0,1,1,1,0.8083,1,111,1,1,0.0547,9,1.4297,38.17,1,1,9568396.21,0.9209,1,1,1,1,4.72,5,15,1,1,1,8,0.1852,0.0843,3,1,1,0,1
NCRB-SYNTH-104191,High Court,Sec 482 CrPC (Quashing),4,20,99,1,0,1,1,1,0,1,1,1,0.642,1,79,1,1,0.0854,1,1.0305,131.9,1,1,11197137.45,0.3562,1,1,1,1,5.36,6,10,1,1,1,2,0.726,0.6608,1,1,1,0,1
NCRB-SYNTH-104194,High Court,Sec 482 CrPC (Quashing),7,7,69,1,0,1,1,1,1,1,1,1,0.4867,0,22,1,1,0.1031,4,1.0397,50.38,1,1,10088026.44,0.4211,1,1,1,1,2.38,12,15,1,1,1,12,0.2725,0.1062,4,1,1,0,0
NCRB-SYNTH-104201,Trial Court,Sec 439 CrPC (Regular Bail),2,18,45,1,0,1,1,1,0,1,1,1,0.66,1,20,0,0,0.1158,4,1.3401,174.66,1,1,3745820.72,0.6587,1,1,1,1,12.64,23,3,1,1,1,3,0.8456,0.61,1,1,1,0,1
NCRB-SYNTH-104216,High Court,Sec 439 CrPC (Regular Bail),1,22,63,1,0,1,1,1,0,1,1,1,0.7492,1,55,1,1,0.1665,4,1.0905,117.22,1,1,8168479.97,0.8885,1,1,1,1,2.04,3,8,1,1,1,45,0.1096,0.0286,4,1,1,0,1
NCRB-SYNTH-104224,High Court,Sec 439 CrPC (Regular Bail),2,11,59,1,0,1,1,1,0,1,1,1,0.8629,1,155,1,0,0.089,6,1.0,33.01,1,1,5074006.84,0.513,1,1,1,1,2.96,16,10,1,1,1,6,0.0512,0.0263,3,1,1,0,1
NCRB-SYNTH-104226,High Court,Sec 439 CrPC (Regular Bail),2,19,7,1,0,1,1,1,0,1,1,1,0.7275,1,128,1,1,0.1691,7,1.1509,170.8,1,1,13920628.12,0.9006,1,1,1,1,1.39,13,13,1,1,1,18,0.3026,0.1028,4,1,1,0,1
NCRB-SYNTH-104231,High Court,Sec 439 CrPC (Regular Bail),21,25,99,1,0,1,1,1,0,1,1,1,0.4158,1,169,1,1,0.0592,8,1.0,68.77,1,1,2746849.61,0.1902,1,1,1,1,11.81,13,7,1,1,1,13,0.3051,0.1156,4,1,1,0,0
NCRB-SYNTH-104238,Trial Court,Trial Judgment,15,9,53,0,0,1,1,1,0,1,1,1,0.6221,1,91,1,0,0.0822,3,1.1286,119.29,1,1,6235324.47,0.4696,1,1,1,1,7.73,10,5,1,1,1,3,0.8318,0.6,1,1,1,0,1
NCRB-SYNTH-104239,Trial Court,Sec 439 CrPC (Regular Bail),2,8,13,1,0,1,1,1,0,1,1,1,0.8522,1,149,1,1,0.0354,7,1.1172,113.81,1,1,11506980.11,0.5664,1,1,1,1,6.28,25,7,1,1,1,2,0.772,0.7027,1,1,1,0,1
NCRB-SYNTH-104243,High Court,Sec 439 CrPC (Regular Bail),15,9,74,1,0,1,1,1,0,1,1,1,0.6987,1,86,1,1,0.1152,1,1.2864,94.07,1,1,7532214.41,0.5192,1,1,1,1,12.37,3,10,1,1,1,41,0.1778,0.0476,4,1,1,0,1
NCRB-SYNTH-104269,Supreme Court,Sec 482 CrPC (Quashing),2,15,41,0,0,1,1,1,1,1,1,1,0.9455,1,42,1,1,0.1348,9,1.1977,75.33,1,1,4643565.35,0.9418,1,1,1,1,38.3,16,6,1,1,1,22,0.1798,0.0574,4,1,1,0,1
NCRB-SYNTH-104282,Trial Court,Sec 482 CrPC (Quashing),2,15,36,1,0,1,1,1,0,1,1,1,0.7886,1,70,1,0,0.1139,4,1.2704,58.99,1,1,4484879.4,0.9072,1,1,1,1,3.31,19,12,1,1,1,6,0.2022,0.1039,3,1,1,0,1
NCRB-SYNTH-104290,High Court,Sec 439 CrPC (Regular Bail),7,17,85,1,0,1,1,1,0,1,1,1,0.4739,1,175,1,0,0.0509,3,1.0852,40.45,1,1,2724432.81,0.588,1,1,1,1,10.31,18,12,1,1,1,15,0.2721,0.0982,4,1,1,0,0
NCRB-SYNTH-104303,Trial Court,Sec 439 CrPC (Regular Bail),2,8,22,1,0,1,1,1,0,1,1,1,0.6907,1,105,0,0,0.0591,8,1.0261,105.48,1,1,6680423.09,0.7742,1,1,1,1,2.48,18,13,1,1,1,14,0.2248,0.083,4,1,1,0,1
NCRB-SYNTH-104305,High Court,Sec 439 CrPC (Regular Bail),1,18,40,1,0,1,1,1,1,1,1,1,0.9164,1,186,1,1,0.0557,2,1.0425,42.75,1,1,13767986.13,0.8837,1,1,1,1,5.59,24,12,1,1,1,41,0.2329,0.0623,4,1,1,1,1
NCRB-SYNTH-104309,High Court,Sec 482 CrPC (Quashing),7,17,29,1,0,1,1,1,0,1,1,1,0.8643,1,30,1,1,0.0042,9,1.0719,126.12,1,1,12777071.06,0.9266,1,1,1,1,15.74,12,3,1,1,1,6,0.058,0.0298,3,1,1,0,1
NCRB-SYNTH-104310,High Court,Sec 482 CrPC (Quashing),45,13,50,0,0,1,1,1,0,1,1,1,0.6593,1,50,0,0,0.058,2,1.0308,102.52,1,1,7866920.85,0.3345,1,1,1,1,5.05,11,4,1,1,1,16,0.3195,0.1128,4,1,1,0,1
NCRB-SYNTH-104317,Supreme Court,Trial Judgment,4,22,64,1,0,1,1,1,0,1,1,1,0.6265,1,39,1,1,0.108,1,1.1598,150.41,1,1,13007997.21,0.2169,1,1,1,1,9.24,22,6,1,1,1,37,0.2022,0.0556,4,1,1,0,1
NCRB-SYNTH-104325,Trial Court,Sec 482 CrPC (Quashing),2,11,31,1,0,1,1,1,0,1,1,1,0.8583,1,157,0,0,0.0982,4,1.0,98.57,1,1,3079177.3,0.864,1,1,1,1,19.93,8,3,1,1,1,45,0.1848,0.0483,4,1,1,0,1
NCRB-SYNTH-104330,Trial Court,Sec 439 CrPC (Regular Bail),4,17,39,0,0,1,1,1,1,1,1,1,0.4463,1,129,1,1,0.0995,8,1.1049,164.08,1,1,4118141.83,0.5033,1,1,1,1,9.45,20,11,1,1,1,10,0.1893,0.0789,3,1,1,0,0
NCRB-SYNTH-104343,Supreme Court,Sec 482 CrPC (Quashing),7,8,75,1,0,1,1,1,1,1,1,1,0.6949,1,142,1,1,0.0259,8,1.1983,38.16,1,1,2920692.87,0.1966,1,1,1,1,2.87,9,14,1,1,1,3,0.8201,0.5916,1,1,1,0,1
NCRB-SYNTH-104344,Trial Court,Trial Judgment,7,13,13,1,0,1,1,1,0,1,1,1,0.8157,1,92,0,0,0.0645,8,1.0532,105.73,1,1,8410755.31,0.2579,1,1,1,1,8.49,22,6,1,1,1,2,0.6616,0.6022,1,1,1,0,1
NCRB-SYNTH-104347,High Court,Trial Judgment,15,12,36,1,0,1,1,1,0,1,1,1,0.9176,0,111,1,1,0.0285,9,1.0,65.0,1,1,2061074.17,0.257,1,1,1,1,12.14,10,12,1,1,1,10,0.2009,0.0838,3,1,1,0,1
NCRB-SYNTH-104349,High Court,Writ Petition (Detention),21,13,70,1,0,1,1,1,0,1,1,1,0.6074,1,157,1,1,0.1003,2,1.2119,142.89,1,1,2741272.83,0.4912,1,1,1,1,6.79,7,4,1,1,1,17,0.0912,0.0316,4,1,1,0,1
NCRB-SYNTH-104351,High Court,Sec 439 CrPC (Regular Bail),15,24,48,1,0,1,1,1,0,1,1,1,0.4975,1,176,1,1,0.0514,2,1.2062,75.43,1,1,3407334.9,0.4835,1,1,1,1,2.79,19,5,1,1,1,16,0.081,0.0286,4,1,1,0,0
NCRB-SYNTH-104363,Trial Court,Sec 482 CrPC (Quashing),7,18,79,1,0,1,1,1,0,1,1,1,0.6957,1,62,1,1,0.1562,2,1.1452,130.51,1,1,4007795.13,0.6002,1,1,1,1,3.45,12,8,1,1,1,5,0.1631,0.091,3,1,1,0,1
NCRB-SYNTH-104378,Trial Court,Sec 482 CrPC (Quashing),4,9,52,1,0,1,1,1,0,1,1,1,0.4652,1,22,0,0,0.1349,8,1.271,158.93,1,1,10035688.93,0.4599,1,1,1,1,4.19,16,5,1,1,1,3,0.6244,0.4504,1,1,1,0,0
NCRB-SYNTH-104396,High Court,Sec 439 CrPC (Regular Bail),7,18,94,1,0,1,1,1,0,1,1,1,0.654,1,67,0,0,0.11,2,1.0656,138.0,1,1,9819543.93,0.6399,1,1,1,1,2.5,16,5,1,1,1,23,0.2801,0.0881,4,1,1,0,1
NCRB-SYNTH-104424,Trial Court,Sec 439 CrPC (Regular Bail),7,9,92,1,0,1,1,1,0,1,1,1,0.8958,0,77,1,1,0.0444,7,1.1151,43.84,1,1,3039995.84,0.5444,1,1,1,1,7.58,20,5,1,1,1,38,0.2863,0.0782,4,1,1,0,1
NCRB-SYNTH-104430,High Court,Sec 439 CrPC (Regular Bail),2,21,66,1,0,1,1,1,0,1,1,1,0.6487,1,99,0,0,0.1799,2,1.1361,126.52,1,1,13257213.61,0.9825,1,1,1,1,33.14,3,7,1,1,1,14,0.2913,0.1076,4,1,1,0,1
NCRB-SYNTH-104438,High Court,Sec 439 CrPC (Regular Bail),4,4,77,1,0,1,1,1,1,1,1,1,0.8618,1,32,1,1,0.1011,5,1.0181,31.87,1,1,12540613.15,0.6936,1,1,1,1,22.58,14,12,1,1,1,11,0.2075,0.0835,3,1,1,0,1
NCRB-SYNTH-104442,Trial Court,Sec 482 CrPC (Quashing),2,22,37,1,0,1,1,1,1,1,1,1,0.8107,1,83,1,1,0.0432,5,1.3683,65.86,1,1,12127160.48,0.3991,1,1,1,1,3.99,25,12,1,1,1,31,0.1062,0.0306,4,1,1,0,1
NCRB-SYNTH-104448,Trial Court,Writ Petition (Detention),15,17,53,1,0,1,1,1,1,1,1,1,0.8853,1,98,1,1,0.0576,1,1.2647,42.68,1,1,6076515.79,0.8445,1,1,1,1,5.74,8,13,1,1,1,39,0.3189,0.0864,4,1,1,0,1
NCRB-SYNTH-104450,Supreme Court,Sec 439 CrPC (Regular Bail),2,16,53,1,0,1,1,1,0,1,1,1,0.7971,1,90,0,0,0.1071,4,1.0654,63.79,1,1,9540458.62,0.576,1,1,1,1,1.52,8,10,1,1,1,28,0.199,0.0591,4,1,1,0,1
NCRB-SYNTH-104453,High Court,Sec 439 CrPC (Regular Bail),15,12,14,1,0,1,1,1,1,1,1,1,0.6134,1,125,1,0,0.0108,3,1.0994,144.63,1,1,5303284.86,0.8744,1,1,1,1,3.13,11,15,1,1,1,43,0.1885,0.0498,4,1,1,0,1
NCRB-SYNTH-104454,High Court,Sec 439 CrPC (Regular Bail),4,6,100,0,0,1,1,1,0,1,1,1,0.5098,1,71,0,0,0.0433,1,1.2364,55.71,1,1,14670774.75,0.5335,1,1,1,1,14.61,14,5,1,1,1,14,0.2834,0.1047,4,1,1,0,0
NCRB-SYNTH-104486,Supreme Court,Sec 439 CrPC (Regular Bail),7,9,40,1,0,1,1,1,1,1,1,1,0.8042,1,169,1,1,0.1512,2,1.1789,74.09,1,1,7562816.08,0.3635,1,1,1,1,1.64,18,4,1,1,1,21,0.1679,0.0543,4,1,1,0,1
NCRB-SYNTH-104489,High Court,Sec 439 CrPC (Regular Bail),2,7,95,1,0,1,1,1,0,1,1,1,0.4903,1,59,1,1,0.0982,7,1.1697,116.6,1,1,14434654.16,0.5956,1,1,1,1,4.12,24,14,1,1,1,3,0.928,0.6694,1,1,1,0,0
NCRB-SYNTH-104494,Supreme Court,Sec 439 CrPC (Regular Bail),7,15,48,1,0,1,1,1,0,1,1,1,0.6777,1,114,1,1,0.0719,9,1.1659,62.86,1,1,1771706.55,0.4265,1,1,1,1,20.74,11,6,1,1,1,22,0.1791,0.0571,4,1,1,0,1
NCRB-SYNTH-104495,Trial Court,Writ Petition (Detention),2,4,35,1,0,1,1,1,1,1,1,1,0.8478,0,36,1,1,0.1078,5,1.2077,174.86,1,1,13551933.44,0.8893,1,1,1,1,4.42,17,13,1,1,1,2,0.4429,0.4031,1,1,1,0,1
NCRB-SYNTH-104507,High Court,Sec 439 CrPC (Regular Bail),4,23,93,1,0,1,1,1,0,1,1,1,0.8579,1,74,1,0,0.0896,4,1.0966,108.74,1,1,13089550.66,0.2258,1,1,1,1,15.06,7,12,1,1,1,34,0.1108,0.0312,4,1,1,0,1
NCRB-SYNTH-104525,Trial Court,Sec 439 CrPC (Regular Bail),2,21,82,1,0,1,1,1,0,1,1,1,0.7087,1,176,1,1,0.048,8,1.0,46.35,1,1,1704358.82,0.9951,1,1,1,1,10.44,12,11,1,1,1,2,0.8761,0.7974,1,1,1,0,1
NCRB-SYNTH-104527,High Court,Sec 439 CrPC (Regular Bail),4,11,9,1,0,1,1,1,0,1,1,1,0.7449,1,151,1,1,0.0457,5,1.1471,161.61,1,1,4799715.99,0.6467,1,1,1,1,10.71,13,3,1,1,1,3,0.6944,0.5009,1,1,1,0,1
NCRB-SYNTH-104546,High Court,Sec 439 CrPC (Regular Bail),15,24,10,1,0,1,1,1,0,1,1,1,0.8252,0,165,1,1,0.1157,6,1.0,154.22,1,1,9528822.15,0.4099,1,1,1,1,21.2,20,10,1,1,1,20,0.1515,0.0498,4,1,1,0,1
NCRB-SYNTH-104550,Trial Court,Sec 439 CrPC (Regular Bail),7,18,73,1,0,1,1,1,0,1,1,1,0.7889,1,28,1,0,0.0829,9,1.2308,135.02,1,1,4327649.52,0.7016,1,1,1,1,9.98,7,9,1,1,1,1,0.4728,0.6821,1,1,1,0,1
NCRB-SYNTH-104561,High Court,Sec 482 CrPC (Quashing),1,13,96,1,0,1,1,1,1,1,1,1,0.7172,1,68,1,1,0.0558,5,1.0616,100.96,1,1,2243560.88,0.3239,1,1,1,1,10.99,23,6,1,1,1,7,0.1033,0.0497,3,1,1,0,1
NCRB-SYNTH-104574,High Court,Sec 439 CrPC (Regular Bail),4,3,14,1,0,1,1,1,1,1,1,1,0.5516,1,25,1,1,0.0333,7,1.1186,134.15,1,1,1992285.81,0.7293,1,1,1,1,3.9,8,3,1,1,1,23,0.1665,0.0524,4,1,1,0,0
NCRB-SYNTH-104575,Trial Court,Sec 482 CrPC (Quashing),15,16,27,1,0,1,1,1,1,1,1,1,0.783,1,164,1,1,0.025,1,1.1919,51.7,1,1,563318.26,0.5418,1,1,1,1,10.08,7,11,1,1,1,42,0.2135,0.0568,4,1,1,1,1
NCRB-SYNTH-104583,High Court,Sec 439 CrPC (Regular Bail),7,25,65,1,0,1,1,1,0,1,1,1,0.4214,1,21,1,1,0.1098,8,1.2088,143.01,1,1,2178882.25,0.5856,1,1,1,1,18.08,7,10,1,1,1,1,0.576,0.8309,1,1,1,0,0
NCRB-SYNTH-104584,Trial Court,Sec 439 CrPC (Regular Bail),1,24,23,1,0,1,1,1,0,1,1,1,0.5804,0,113,0,1,0.0761,7,1.0,77.87,1,1,1570502.5,0.3721,1,1,1,1,2.91,19,6,1,1,1,43,0.1352,0.0357,4,1,1,0,0
NCRB-SYNTH-104590,Supreme Court,Sec 439 CrPC (Regular Bail),2,7,50,1,0,1,1,1,1,1,1,1,0.8499,1,77,1,1,0.0366,4,1.0497,31.48,1,1,6863056.86,0.7765,1,1,1,1,13.09,12,3,1,1,1,38,0.1593,0.0435,4,1,1,0,1
NCRB-SYNTH-104597,Trial Court,Sec 439 CrPC (Regular Bail),4,5,50,1,0,1,1,1,0,1,1,1,0.5963,1,133,0,0,0.1168,3,1.2712,54.97,1,1,1235855.53,0.6667,1,1,1,1,2.71,22,11,1,1,1,21,0.3002,0.0971,4,1,1,0,0
NCRB-SYNTH-104602,High Court,Writ Petition (Detention),2,20,96,1,0,1,1,1,0,1,1,1,0.647,1,155,1,1,0.0395,9,1.0,62.21,1,1,5290544.86,0.2492,1,1,1,1,15.3,23,6,1,1,1,8,0.1955,0.089,3,1,1,0,1
NCRB-SYNTH-104605,Trial Court,Trial Judgment,7,21,91,1,0,1,1,1,0,1,1,1,0.5108,1,50,1,1,0.1078,1,1.1515,52.9,1,1,11656865.74,0.2783,1,1,1,1,15.28,18,15,1,1,1,2,0.7943,0.723,1,1,1,0,0
NCRB-SYNTH-104607,Trial Court,Sec 439 CrPC (Regular Bail),7,7,71,1,0,1,1,1,0,1,1,1,0.8942,1,72,1,1,0.0448,6,1.0,94.98,1,1,5621468.29,0.4282,1,1,1,1,3.54,13,4,1,1,1,3,0.5088,0.367,1,1,1,0,1
NCRB-SYNTH-104617,High Court,Sec 439 CrPC (Regular Bail),2,9,22,1,0,1,1,1,1,1,1,1,0.601,1,140,1,0,0.0998,1,1.1349,82.22,1,1,5640703.54,0.449,1,1,1,1,6.02,14,6,1,1,1,30,0.288,0.0839,4,1,1,1,1
NCRB-SYNTH-104622,High Court,Sec 482 CrPC (Quashing),4,25,100,1,0,1,1,1,0,1,1,1,0.5485,1,18,1,1,0.1315,6,1.0417,82.86,1,1,13354985.31,0.9524,1,1,1,1,6.79,7,7,1,1,1,1,0.5938,0.8567,1,1,1,0,0
NCRB-SYNTH-104633,Trial Court,Sec 482 CrPC (Quashing),15,17,52,1,0,1,1,1,0,1,1,1,0.7406,1,139,0,1,0.1441,3,1.1124,53.94,1,1,5590798.73,0.3914,1,1,1,1,1.04,22,15,1,1,1,27,0.2117,0.0635,4,1,1,0,1
NCRB-SYNTH-104639,High Court,Sec 439 CrPC (Regular Bail),4,17,66,1,0,1,1,1,0,1,1,1,0.6012,1,129,1,1,0.1052,8,1.0,122.96,1,1,5177052.16,0.8542,1,1,1,1,3.96,20,11,1,1,1,39,0.1801,0.0488,4,1,1,0,1
NCRB-SYNTH-104640,Trial Court,Sec 439 CrPC (Regular Bail),2,24,98,1,0,1,1,1,1,1,1,1,0.5971,1,78,1,1,0.107,6,1.1365,58.02,1,1,8834678.36,0.8748,1,1,1,1,4.25,13,11,1,1,1,18,0.1058,0.0359,4,1,1,0,0
NCRB-SYNTH-104645,High Court,Sec 482 CrPC (Quashing),7,20,31,1,0,1,1,1,1,1,1,1,0.6404,1,178,1,0,0.1401,2,1.2646,125.5,1,1,1015744.53,0.8345,1,1,1,1,4.73,6,12,1,1,1,9,0.0678,0.0295,3,1,1,0,1
NCRB-SYNTH-104646,High Court,Sec 439 CrPC (Regular Bail),1,8,66,1,0,1,1,1,1,1,1,1,0.8141,0,170,1,1,0.0881,1,1.1489,57.82,1,1,4377850.68,0.271,1,1,1,1,23.16,7,9,1,1,1,41,0.1484,0.0397,4,1,1,0,1
NCRB-SYNTH-104652,High Court,Sec 439 CrPC (Regular Bail),15,19,82,1,0,1,1,1,0,1,1,1,0.5339,1,131,1,1,0.1488,6,1.1268,136.04,1,1,1773357.86,0.3668,1,1,1,1,42.28,10,13,1,1,1,38,0.288,0.0786,4,1,1,0,0
NCRB-SYNTH-104654,Trial Court,Sec 439 CrPC (Regular Bail),21,4,56,1,0,1,1,1,0,1,1,1,0.754,1,34,0,0,0.1198,5,1.0,85.24,1,1,9950897.61,0.5501,1,1,1,1,7.7,13,11,1,1,1,34,0.1689,0.0475,4,1,1,0,1
NCRB-SYNTH-104657,High Court,Sec 439 CrPC (Regular Bail),27,25,54,1,0,1,1,1,0,1,1,1,0.8256,0,58,1,1,0.0957,2,1.3126,157.28,1,1,7918718.83,0.7795,1,1,1,1,20.11,19,10,1,1,1,32,0.2147,0.0614,4,1,1,0,1
NCRB-SYNTH-104660,High Court,Sec 439 CrPC (Regular Bail),4,14,76,1,0,1,1,1,0,1,1,1,0.9209,1,66,1,1,0.065,4,1.1579,173.78,1,1,12247556.6,0.5553,1,1,1,1,26.94,11,15,1,1,1,31,0.2217,0.064,4,1,1,1,1
NCRB-SYNTH-104664,Trial Court,Sec 482 CrPC (Quashing),7,21,82,0,0,1,1,1,1,1,1,1,0.8959,1,119,1,1,0.0572,1,1.0911,163.06,1,1,9803752.16,0.5117,1,1,1,1,24.59,15,12,1,1,1,9,0.1541,0.0669,3,1,1,0,1
NCRB-SYNTH-104665,Trial Court,Sec 439 CrPC (Regular Bail),15,18,81,0,0,1,1,1,1,1,1,1,0.4947,1,133,1,1,0.1528,1,1.2191,150.74,1,1,14833979.64,0.2973,1,1,1,1,7.81,6,13,1,1,1,6,0.1809,0.0929,3,1,1,0,0
NCRB-SYNTH-104666,Trial Court,Sec 482 CrPC (Quashing),2,9,34,1,0,1,1,1,0,1,1,1,0.4794,1,19,1,1,0.1318,8,1.2834,36.54,1,1,7409961.64,0.8918,1,1,1,1,1.87,16,4,1,1,1,9,0.1743,0.0757,3,1,1,0,0
NCRB-SYNTH-104668,Trial Court,Sec 439 CrPC (Regular Bail),1,19,81,1,0,1,1,1,0,1,1,1,0.9408,1,163,0,0,0.0649,7,1.0787,125.15,1,1,14657198.98,0.2297,1,1,1,1,4.0,22,7,1,1,1,4,0.2468,0.1533,3,1,1,1,1
NCRB-SYNTH-104673,Trial Court,Sec 439 CrPC (Regular Bail),4,25,26,1,0,1,1,1,1,1,1,1,0.726,1,126,0,0,0.1058,8,1.1749,166.18,1,1,5249955.71,0.7274,1,1,1,1,1.74,21,10,1,1,1,29,0.2499,0.0735,4,1,1,0,1
NCRB-SYNTH-104685,Trial Court,Sec 482 CrPC (Quashing),15,16,60,1,0,1,1,1,0,1,1,1,0.6602,1,62,0,1,0.0427,5,1.0,155.8,1,1,12725874.21,0.4725,1,1,1,1,3.43,23,14,1,1,1,7,0.108,0.0519,3,1,1,0,1
NCRB-SYNTH-104707,High Court,Sec 439 CrPC (Regular Bail),4,25,63,1,0,1,1,1,0,1,1,1,0.5505,0,137,0,0,0.0246,9,1.3149,158.91,1,1,9109018.82,0.4579,1,1,1,1,6.5,25,10,1,1,1,45,0.2931,0.0765,4,1,1,0,0
NCRB-SYNTH-104709,Trial Court,Sec 439 CrPC (Regular Bail),4,15,99,0,0,1,1,1,0,1,1,1,0.7323,1,70,1,1,0.0299,3,1.0969,34.38,1,1,4847272.32,0.3784,1,1,1,1,17.54,25,9,1,1,1,37,0.3072,0.0845,4,1,1,0,1
NCRB-SYNTH-104714,Trial Court,Sec 482 CrPC (Quashing),7,11,59,1,0,1,1,1,1,1,1,1,0.8847,0,25,1,1,0.1756,6,1.0,50.71,1,1,11203317.67,0.4337,1,1,1,1,15.29,7,4,1,1,1,8,0.0624,0.0284,3,1,1,0,1
NCRB-SYNTH-104728,Trial Court,Sec 439 CrPC (Regular Bail),4,17,53,1,0,1,1,1,0,1,1,1,0.6563,0,113,1,1,0.1343,2,1.0484,179.23,1,1,5890656.06,0.3756,1,1,1,1,4.67,18,3,1,1,1,31,0.1085,0.0313,4,1,1,0,1
NCRB-SYNTH-104729,High Court,Trial Judgment,1,16,16,1,0,1,1,1,1,1,1,1,0.4902,1,112,1,1,0.1457,3,1.0,117.99,1,1,10746269.81,0.9515,1,1,1,1,1.04,23,9,1,1,1,10,0.1703,0.071,3,1,1,0,0
NCRB-SYNTH-104733,Trial Court,Sec 439 CrPC (Regular Bail),4,10,75,1,0,1,1,1,0,1,1,1,0.7327,1,90,1,1,0.0924,6,1.0422,55.12,1,1,3299756.73,0.9223,1,1,1,1,6.91,11,10,1,1,1,33,0.1361,0.0386,4,1,1,0,1
NCRB-SYNTH-104741,High Court,Sec 439 CrPC (Regular Bail),7,25,44,1,0,1,1,1,0,1,1,1,0.7851,1,51,1,1,0.0988,3,1.225,85.34,1,1,8141076.22,0.6577,1,1,1,1,2.27,19,13,1,1,1,33,0.1777,0.0504,4,1,1,0,1
NCRB-SYNTH-104750,High Court,Sec 439 CrPC (Regular Bail),7,17,68,1,0,1,1,1,1,1,1,1,0.9761,0,54,1,1,0.0759,1,1.2303,147.29,1,1,9377183.18,0.9179,1,1,1,1,12.65,25,12,1,1,1,28,0.2894,0.086,4,1,1,0,1
NCRB-SYNTH-104758,High Court,Sec 482 CrPC (Quashing),7,7,14,0,0,1,1,1,0,1,1,1,0.4835,1,109,1,1,0.0094,6,1.127,113.47,1,1,7667619.49,0.4674,1,1,1,1,13.31,20,9,1,1,1,45,0.1249,0.0326,4,1,1,0,0
NCRB-SYNTH-104763,Trial Court,Sec 482 CrPC (Quashing),4,8,75,1,0,1,1,1,0,1,1,1,0.5054,1,71,1,0,0.0745,5,1.1535,94.43,1,1,4521963.92,0.294,1,1,1,1,10.29,20,6,1,1,1,3,0.8659,0.6246,1,1,1,0,0
NCRB-SYNTH-104769,High Court,Sec 439 CrPC (Regular Bail),21,17,89,0,0,1,1,1,0,1,1,1,0.5837,1,144,1,1,0.1827,5,1.0512,49.21,1,1,7570887.64,0.8235,1,1,1,1,14.32,13,12,1,1,1,8,0.2493,0.1135,3,1,1,0,0
NCRB-SYNTH-104774,Trial Court,Sec 439 CrPC (Regular Bail),4,6,90,1,0,1,1,1,1,1,1,1,0.799,1,78,0,0,0.1011,3,1.3248,79.24,1,1,6180524.25,0.2766,1,1,1,1,3.35,9,12,1,1,1,40,0.2913,0.0784,4,1,1,0,1
NCRB-SYNTH-104776,Supreme Court,Sec 482 CrPC (Quashing),4,17,77,1,0,1,1,1,0,1,1,1,0.9206,1,106,1,1,0.0899,2,1.2357,65.21,1,1,716235.68,0.6587,1,1,1,1,3.11,11,3,1,1,1,36,0.2753,0.0762,4,1,1,0,1
NCRB-SYNTH-104798,High Court,Sec 439 CrPC (Regular Bail),7,7,92,1,0,1,1,1,1,1,1,1,0.5026,0,109,1,1,0.0407,3,1.013,147.88,1,1,8381223.12,0.3311,1,1,1,1,5.01,25,3,1,1,1,19,0.1479,0.0494,4,1,1,0,0
NCRB-SYNTH-104805,High Court,Sec 439 CrPC (Regular Bail),15,17,34,1,0,1,1,1,0,1,1,1,0.7472,1,103,1,1,0.0833,9,1.052,128.34,1,1,8987404.86,0.6508,1,1,1,1,5.01,7,15,1,1,1,3,0.6962,0.5022,1,1,1,0,1
NCRB-SYNTH-104815,Supreme Court,Sec 439 CrPC (Regular Bail),7,25,61,1,0,1,1,1,0,1,1,1,0.5465,1,105,1,1,0.1563,5,1.1983,69.85,1,1,10485798.87,0.5578,1,1,1,1,11.52,6,8,1,1,1,18,0.1922,0.0653,4,1,1,0,0
NCRB-SYNTH-104818,High Court,Sec 439 CrPC (Regular Bail),2,11,22,1,0,1,1,1,1,1,1,1,0.7086,0,46,1,1,0.0571,2,1.0,105.8,1,1,8937418.68,0.8793,1,1,1,1,5.88,22,12,1,1,1,23,0.2164,0.0681,4,1,1,0,1
NCRB-SYNTH-104831,Trial Court,Trial Judgment,2,11,44,1,0,1,1,1,1,1,1,1,0.8319,1,107,1,1,0.0703,2,1.1467,90.74,1,1,11783085.25,0.6652,1,1,1,1,22.17,20,6,1,1,1,7,0.0549,0.0264,3,1,1,0,1
NCRB-SYNTH-104832,Trial Court,Trial Judgment,1,7,27,1,1,1,1,1,1,1,1,1,0.5384,0,67,1,1,0.1121,6,1.2923,108.65,1,1,14093822.07,0.7395,1,1,1,1,19.87,24,8,1,1,1,1,0.4299,0.6202,1,1,1,0,0
NCRB-SYNTH-104849,High Court,Sec 439 CrPC (Regular Bail),2,5,37,1,0,1,1,1,1,1,1,1,0.6437,0,24,1,0,0.0338,3,1.0619,175.76,1,1,8345669.16,0.7161,1,1,1,1,4.56,13,11,1,1,1,28,0.306,0.0909,4,1,1,0,1
NCRB-SYNTH-104853,High Court,Sec 439 CrPC (Regular Bail),4,6,30,0,0,1,1,1,1,1,1,1,0.8399,1,124,1,1,0.1414,3,1.168,162.86,1,1,12448352.17,0.2492,1,1,1,1,27.4,23,15,1,1,1,7,0.1868,0.0898,3,1,1,1,1
NCRB-SYNTH-104862,High Court,Sec 439 CrPC (Regular Bail),15,8,73,1,0,1,1,1,1,1,1,1,0.4575,1,19,0,0,0.1012,7,1.0,40.4,1,1,12943363.98,0.3195,1,1,1,1,2.5,25,9,1,1,1,9,0.2315,0.1006,3,1,1,0,0
NCRB-SYNTH-104870,High Court,Sec 482 CrPC (Quashing),4,11,98,1,0,1,1,1,0,1,1,1,0.6948,0,83,0,0,0.1319,3,1.1139,144.8,1,1,9815751.12,0.6971,1,1,1,1,23.0,3,12,1,1,1,9,0.2433,0.1057,3,1,1,0,1
NCRB-SYNTH-104880,Trial Court,Sec 439 CrPC (Regular Bail),1,22,41,1,0,1,1,1,0,1,1,1,0.55,1,24,1,1,0.1008,7,1.001,176.24,1,1,11429292.25,0.977,1,1,1,1,8.77,20,8,1,1,1,22,0.1488,0.0475,4,1,1,0,0
NCRB-SYNTH-104883,High Court,Sec 439 CrPC (Regular Bail),2,12,78,1,0,1,1,1,0,1,1,1,0.6938,1,118,1,1,0.0281,2,1.3243,106.13,1,1,13806522.9,0.3446,1,1,1,1,28.52,6,7,1,1,1,45,0.2129,0.0556,4,1,1,0,1
NCRB-SYNTH-104909,High Court,Sec 439 CrPC (Regular Bail),4,21,16,1,0,1,1,1,0,1,1,1,0.7579,0,41,1,1,0.0372,5,1.1094,85.58,1,1,9399615.51,0.8639,1,1,1,1,18.25,4,12,1,1,1,8,0.143,0.0651,3,1,1,0,1
NCRB-SYNTH-104919,High Court,Sec 439 CrPC (Regular Bail),7,6,23,1,0,1,1,1,0,1,1,1,0.5401,1,116,0,0,0.0501,7,1.0108,72.8,1,1,6058732.68,0.6794,1,1,1,1,16.65,18,4,1,1,1,5,0.109,0.0608,3,1,1,0,0
NCRB-SYNTH-104922,High Court,Sec 439 CrPC (Regular Bail),15,11,33,1,0,1,1,1,0,1,1,1,0.557,1,130,1,1,0.0937,5,1.0,102.0,1,1,13984378.12,0.5736,1,1,1,1,16.82,17,3,1,1,1,38,0.2916,0.0796,4,1,1,0,0
NCRB-SYNTH-104929,High Court,Sec 439 CrPC (Regular Bail),27,21,94,1,0,1,1,1,1,1,1,1,0.7358,0,137,1,1,0.0771,1,1.1102,98.89,1,1,8498970.15,0.7764,1,1,1,1,14.26,16,4,1,1,1,2,0.4903,0.4463,1,1,1,0,1
NCRB-SYNTH-104939,High Court,Sec 439 CrPC (Regular Bail),15,20,13,1,0,1,1,1,0,1,1,1,0.6182,1,109,1,0,0.1035,4,1.0116,61.09,1,1,14028708.76,0.4885,1,1,1,1,1.81,9,11,1,1,1,24,0.0863,0.0268,4,1,1,0,1
NCRB-SYNTH-104940,High Court,Sec 482 CrPC (Quashing),4,19,6,1,0,1,1,1,0,1,1,1,0.4962,1,156,1,0,0.0617,7,1.0791,178.82,1,1,12370800.13,0.2234,1,1,1,1,15.35,16,7,1,1,1,5,0.0908,0.0507,3,1,1,0,0
NCRB-SYNTH-104943,Trial Court,Sec 439 CrPC (Regular Bail),7,11,38,1,0,1,1,1,0,1,1,1,0.9007,1,133,1,1,0.0546,9,1.247,32.68,1,1,10118265.99,0.4014,1,1,1,1,12.71,20,14,1,1,1,6,0.1328,0.0682,3,1,1,0,1
NCRB-SYNTH-104945,Trial Court,Trial Judgment,2,10,87,1,0,1,1,1,0,1,1,1,0.9419,1,55,0,0,0.0874,8,1.1048,48.4,1,1,13354038.25,0.2381,1,1,1,1,8.45,25,13,1,1,1,18,0.0902,0.0306,4,1,1,0,1
NCRB-SYNTH-104948,High Court,Sec 439 CrPC (Regular Bail),1,7,82,1,0,1,1,1,1,1,1,1,0.4005,1,28,1,1,0.0655,1,1.1431,47.54,1,1,8545124.44,0.4177,1,1,1,1,4.64,19,13,1,1,1,6,0.0769,0.0395,3,1,1,0,0
NCRB-SYNTH-104949,High Court,Sec 482 CrPC (Quashing),1,7,85,1,0,1,1,1,0,1,1,1,0.7747,1,89,1,1,0.1367,3,1.1923,170.78,1,1,9424588.22,0.7471,1,1,1,1,4.17,5,7,1,1,1,1,0.5067,0.731,1,1,1,0,1
NCRB-SYNTH-104950,Trial Court,Sec 439 CrPC (Regular Bail),2,16,60,1,0,1,1,1,0,1,1,1,0.8856,1,137,0,0,0.1772,3,1.0,139.84,1,1,2863738.41,0.5945,1,1,1,1,8.14,8,10,1,1,1,12,0.2691,0.1049,4,1,1,0,1
NCRB-SYNTH-104956,High Court,Trial Judgment,1,8,63,1,0,1,1,1,0,1,1,1,0.6033,1,167,1,1,0.1011,7,1.2784,33.0,1,1,808338.22,0.5997,1,1,1,1,1.82,22,15,1,1,1,24,0.1153,0.0358,4,1,1,0,1
NCRB-SYNTH-104960,Supreme Court,Sec 482 CrPC (Quashing),15,17,88,0,0,1,1,1,0,1,1,1,0.6066,1,177,0,0,0.1612,2,1.2671,176.6,1,1,12549928.97,0.5323,1,1,1,1,17.08,24,14,1,1,1,2,0.5279,0.4805,1,1,1,0,1
NCRB-SYNTH-104964,Supreme Court,Sec 482 CrPC (Quashing),4,12,67,1,0,1,1,1,0,1,1,1,0.6218,1,162,1,0,0.0675,4,1.1233,56.86,1,1,7304564.08,0.1767,1,1,1,1,11.75,22,11,1,1,1,9,0.2142,0.093,3,1,1,0,1
NCRB-SYNTH-104968,High Court,Sec 482 CrPC (Quashing),15,10,49,0,0,1,1,1,0,1,1,1,0.963,1,41,1,1,0.0217,1,1.0834,81.17,1,1,1411527.96,0.3787,1,1,1,1,13.16,10,11,1,1,1,15,0.156,0.0563,4,1,1,0,1
NCRB-SYNTH-104974,Trial Court,Sec 439 CrPC (Regular Bail),21,13,37,1,0,1,1,1,0,1,1,1,0.3996,1,111,1,1,0.1757,5,1.0436,30.13,1,1,7733343.96,0.4259,1,1,1,1,24.19,19,6,1,1,1,7,0.1445,0.0695,3,1,1,0,0
NCRB-SYNTH-104984,High Court,Sec 439 CrPC (Regular Bail),45,9,39,1,0,1,1,1,0,1,1,1,0.4503,1,25,1,1,0.1167,5,1.0,111.07,1,1,8843129.18,0.7633,1,1,1,1,24.0,18,8,1,1,1,4,0.1236,0.0768,3,1,1,0,0
NCRB-SYNTH-104987,Trial Court,Sec 482 CrPC (Quashing),21,21,50,1,0,1,1,1,0,1,1,1,0.6349,1,47,1,1,0.1295,4,1.0,63.42,1,1,6237323.19,0.4242,1,1,1,1,10.74,8,10,1,1,1,34,0.1124,0.0316,4,1,1,0,1
NCRB-SYNTH-104989,High Court,Sec 439 CrPC (Regular Bail),7,3,40,1,0,1,1,1,0,1,1,1,0.7855,1,33,1,1,0.1136,6,1.0173,175.21,1,1,10395514.28,0.249,1,1,1,1,16.96,21,12,1,1,1,32,0.0827,0.0236,4,1,1,0,1
NCRB-SYNTH-104990,Trial Court,Sec 482 CrPC (Quashing),4,20,66,1,0,1,1,1,0,1,1,1,0.6764,1,33,1,1,0.1016,9,1.1969,91.25,1,1,1837664.18,0.1809,1,1,1,1,26.14,16,13,1,1,1,7,0.2163,0.104,3,1,1,0,1
NCRB-SYNTH-104999,High Court,Sec 439 CrPC (Regular Bail),4,19,87,1,0,1,1,1,0,1,1,1,0.6295,1,138,1,1,0.1138,7,1.0369,108.17,1,1,10875175.23,0.6795,1,1,1,1,17.54,24,12,1,1,1,31,0.1097,0.0317,4,1,1,0,1
NCRB-SYNTH-105007,High Court,Sec 439 CrPC (Regular Bail),15,12,11,1,1,1,1,1,1,1,1,1,0.421,1,30,1,0,0.2008,1,1.2255,146.81,1,1,7006925.01,0.6272,1,1,1,1,10.75,14,5,1,1,1,22,0.2361,0.0753,4,1,1,0,0
NCRB-SYNTH-105008,High Court,Sec 439 CrPC (Regular Bail),15,18,91,1,0,1,1,1,0,1,1,1,0.4772,0,75,1,0,0.1232,2,1.0,120.06,1,1,7723041.56,0.8775,1,1,1,1,7.13,24,6,1,1,1,15,0.3168,0.1143,4,1,1,0,0
NCRB-SYNTH-105012,High Court,Sec 482 CrPC (Quashing),27,3,91,1,0,1,1,1,0,1,1,1,0.6361,0,161,1,0,0.1432,2,1.0703,141.31,1,1,5514935.03,0.1694,1,1,1,1,13.69,11,7,1,1,1,35,0.301,0.084,4,1,1,0,1
NCRB-SYNTH-105024,Trial Court,Sec 439 CrPC (Regular Bail),7,18,95,1,0,1,1,1,0,1,1,1,0.408,1,59,1,1,0.1389,2,1.1164,109.19,1,1,5191876.71,0.8908,1,1,1,1,4.2,11,5,1,1,1,15,0.1876,0.0677,4,1,1,0,0
NCRB-SYNTH-105029,High Court,Sec 439 CrPC (Regular Bail),4,14,88,1,0,1,1,1,0,1,1,1,0.5327,1,76,1,1,0.1332,3,1.1143,168.03,1,1,2722751.08,0.7311,1,1,1,1,12.04,11,3,1,1,1,1,0.712,1.0272,1,1,1,0,0
NCRB-SYNTH-105039,Trial Court,Sec 439 CrPC (Regular Bail),27,13,66,1,0,1,1,1,0,1,1,1,0.9146,1,165,1,1,0.1727,3,1.1022,174.39,1,1,10160124.72,0.9593,1,1,1,1,15.95,14,9,1,1,1,29,0.2737,0.0805,4,1,1,0,1
NCRB-SYNTH-105041,Trial Court,Sec 439 CrPC (Regular Bail),27,22,32,1,0,1,1,1,0,1,1,1,0.6264,1,136,1,1,0.2029,1,1.0644,123.25,1,1,12495249.02,0.2924,1,1,1,1,5.66,17,4,1,1,1,23,0.1859,0.0585,4,1,1,0,1
NCRB-SYNTH-105052,Supreme Court,Sec 439 CrPC (Regular Bail),4,15,78,1,0,1,1,1,0,1,1,1,0.5219,1,170,1,1,0.015,1,1.0,151.65,1,1,3572893.05,0.3678,1,1,1,1,26.26,25,5,1,1,1,27,0.1778,0.0533,4,1,1,0,0
NCRB-SYNTH-105065,High Court,Writ Petition (Detention),7,7,70,1,0,1,1,1,0,1,1,1,0.5049,1,46,1,1,0.0887,9,1.3155,100.6,1,1,12174149.0,0.5428,1,1,1,1,12.09,20,10,1,1,1,13,0.1988,0.0753,4,1,1,0,0
NCRB-SYNTH-105072,High Court,Sec 482 CrPC (Quashing),15,6,11,1,0,1,1,1,0,1,1,1,0.7611,0,15,0,0,0.0268,8,1.1099,73.68,1,1,12007192.64,0.6151,1,1,1,1,3.38,17,10,1,1,1,24,0.1334,0.0414,4,1,1,0,1
NCRB-SYNTH-105083,High Court,Sec 482 CrPC (Quashing),4,18,42,1,0,1,1,1,0,1,1,1,0.4561,1,38,0,0,0.1019,2,1.0244,79.92,1,1,1689465.11,0.7033,1,1,1,1,4.99,4,13,1,1,1,7,0.1536,0.0739,3,1,1,1,0
NCRB-SYNTH-105087,High Court,Sec 439 CrPC (Regular Bail),15,25,23,1,0,1,1,1,0,1,1,1,0.6875,1,139,1,1,0.063,5,1.03,161.51,1,1,3776435.65,0.2403,1,1,1,1,6.76,6,6,1,1,1,14,0.3054,0.1128,4,1,1,0,1
NCRB-SYNTH-105093,High Court,Sec 439 CrPC (Regular Bail),2,22,51,1,0,1,1,1,0,1,1,1,0.9268,1,59,1,1,0.1061,1,1.0,137.19,1,1,1243288.24,0.9954,1,1,1,1,1.06,6,13,1,1,1,2,0.8094,0.7368,1,1,1,0,1
NCRB-SYNTH-105097,High Court,Sec 439 CrPC (Regular Bail),4,3,21,1,0,1,1,1,0,1,1,1,0.8768,1,179,1,1,0.0434,1,1.0771,89.43,1,1,5150787.38,0.232,1,1,1,1,14.72,8,13,1,1,1,39,0.2063,0.0559,4,1,1,1,1
NCRB-SYNTH-105109,Supreme Court,Sec 439 CrPC (Regular Bail),4,8,8,1,0,1,1,1,1,1,1,1,0.7256,1,131,1,1,0.0058,3,1.1837,152.28,1,1,10232900.71,0.5781,1,1,1,1,10.82,13,13,1,1,1,13,0.2475,0.0938,4,1,1,0,1
NCRB-SYNTH-105114,High Court,Sec 439 CrPC (Regular Bail),7,22,39,0,0,1,1,1,0,1,1,1,0.4635,1,147,0,0,0.0349,6,1.318,144.83,1,1,620614.52,0.907,1,1,1,1,12.33,9,5,1,1,1,8,0.1277,0.0581,3,1,1,0,0
NCRB-SYNTH-105119,High Court,Sec 439 CrPC (Regular Bail),2,17,89,1,0,1,1,1,0,1,1,1,0.5895,1,26,1,1,0.0,7,1.1832,170.72,1,1,2927878.71,0.3626,1,1,1,1,13.17,15,9,1,1,1,34,0.24,0.0675,4,1,1,0,0
NCRB-SYNTH-105144,High Court,Sec 439 CrPC (Regular Bail),2,4,40,1,0,1,1,1,0,1,1,1,0.8996,1,46,1,0,0.1174,2,1.0,42.72,1,1,2179763.91,0.707,1,1,1,1,24.19,9,8,1,1,1,45,0.1288,0.0337,4,1,1,0,1
NCRB-SYNTH-105154,Trial Court,Sec 439 CrPC (Regular Bail),21,10,88,1,0,1,1,1,1,1,1,1,0.8025,1,126,1,1,0.0459,2,1.0918,170.32,1,1,6061833.3,0.255,1,1,1,1,16.8,19,10,1,1,1,40,0.2952,0.0795,4,1,1,0,1
NCRB-SYNTH-105158,High Court,Sec 482 CrPC (Quashing),2,20,61,1,0,1,1,1,0,1,1,1,0.6486,1,124,1,1,0.0956,6,1.0552,94.64,1,1,9102268.82,0.9712,1,1,1,1,2.0,12,12,1,1,1,29,0.2567,0.0755,4,1,1,0,1
NCRB-SYNTH-105170,Supreme Court,Sec 439 CrPC (Regular Bail),2,12,94,1,0,1,1,1,1,1,1,1,0.8568,1,167,1,1,0.0682,3,1.1684,37.29,1,1,14384090.81,0.4373,1,1,1,1,28.23,13,6,1,1,1,36,0.2163,0.0599,4,1,1,0,1
NCRB-SYNTH-105176,Trial Court,Sec 482 CrPC (Quashing),7,7,43,1,0,1,1,1,1,1,1,1,0.4601,0,57,1,1,0.0632,4,1.0071,168.8,1,1,7268697.8,0.5537,1,1,1,1,7.94,5,3,1,1,1,6,0.1157,0.0595,3,1,1,0,0
NCRB-SYNTH-105182,Trial Court,Trial Judgment,4,18,79,1,0,1,1,1,0,1,1,1,0.5961,0,134,0,1,0.0736,9,1.2195,132.11,1,1,6407572.04,0.8798,1,1,1,1,12.52,11,7,1,1,1,30,0.084,0.0245,4,1,1,1,0
NCRB-SYNTH-105185,High Court,Sec 439 CrPC (Regular Bail),15,20,75,1,0,1,1,1,1,1,1,1,0.8582,1,65,0,1,0.0497,4,1.0,43.33,1,1,14284425.35,0.8439,1,1,1,1,3.07,10,5,1,1,1,5,0.2079,0.116,3,1,1,0,1
NCRB-SYNTH-105192,Trial Court,Sec 482 CrPC (Quashing),4,24,35,1,0,1,1,1,0,1,1,1,0.7408,0,84,1,1,0.0054,3,1.1906,105.34,1,1,5252372.55,0.8678,1,1,1,1,3.76,5,5,1,1,1,12,0.1059,0.0413,4,1,1,0,1
NCRB-SYNTH-105193,High Court,Sec 439 CrPC (Regular Bail),7,14,54,0,0,1,1,1,1,1,1,1,0.8664,1,68,1,1,0.0,1,1.1685,30.6,1,1,9168610.49,0.4347,1,1,1,1,17.13,3,10,1,1,1,42,0.1397,0.0371,4,1,1,0,1
NCRB-SYNTH-105196,Trial Court,Sec 482 CrPC (Quashing),4,7,12,0,0,1,1,1,1,1,1,1,0.6203,1,125,1,1,0.0338,7,1.0,40.41,1,1,11419124.79,0.8622,1,1,1,1,1.77,20,9,1,1,1,2,0.4887,0.4448,1,1,1,0,1
NCRB-SYNTH-105197,Trial Court,Trial Judgment,21,17,91,1,0,1,1,1,0,1,1,1,0.4651,1,117,1,0,0.1248,8,1.0565,77.77,1,1,11655390.92,0.791,1,1,1,1,2.1,18,12,1,1,1,31,0.1972,0.0569,4,1,1,0,0
NCRB-SYNTH-105204,High Court,Sec 439 CrPC (Regular Bail),2,22,69,0,1,1,1,1,1,1,1,1,0.5329,1,19,0,0,0.0317,5,1.1845,52.35,1,1,5908127.67,0.7892,1,1,1,1,10.46,16,9,1,1,1,11,0.1088,0.0438,3,1,1,0,0
NCRB-SYNTH-105207,Trial Court,Sec 439 CrPC (Regular Bail),4,5,45,1,0,1,1,1,0,1,1,1,0.7337,1,122,1,1,0.0789,2,1.1312,34.71,1,1,6423176.5,0.8215,1,1,1,1,6.84,11,10,1,1,1,28,0.2593,0.077,4,1,1,0,1
NCRB-SYNTH-105214,High Court,Sec 439 CrPC (Regular Bail),27,9,83,0,0,1,1,1,1,1,1,1,0.7901,1,154,0,1,0.0329,4,1.316,42.45,1,1,1098015.32,0.3799,1,1,1,1,1.25,5,6,1,1,1,44,0.282,0.0741,4,1,1,0,1
NCRB-SYNTH-105218,High Court,Sec 439 CrPC (Regular Bail),7,8,90,1,0,1,1,1,0,1,1,1,0.86,1,79,1,1,0.0707,9,1.1044,71.98,1,1,14142910.69,0.6969,1,1,1,1,5.79,5,15,1,1,1,2,0.7627,0.6942,1,1,1,0,1
NCRB-SYNTH-105233,High Court,Sec 439 CrPC (Regular Bail),7,6,73,1,0,1,1,1,1,1,1,1,0.8293,1,114,1,1,0.0874,9,1.2393,147.71,1,1,6478628.05,0.157,1,1,1,1,2.1,23,4,1,1,1,3,0.4209,0.3036,1,1,1,0,1
NCRB-SYNTH-105245,High Court,Sec 439 CrPC (Regular Bail),2,25,70,1,0,1,1,1,0,1,1,1,0.6732,1,144,0,0,0.0813,6,1.0,84.98,1,1,12427103.98,0.4092,1,1,1,1,12.21,24,10,1,1,1,8,0.0791,0.036,3,1,1,0,1
NCRB-SYNTH-105247,Trial Court,Sec 439 CrPC (Regular Bail),4,14,35,1,0,1,1,1,0,1,1,1,0.424,1,65,1,0,0.1387,4,1.161,156.59,1,1,10603413.54,0.7686,1,1,1,1,3.68,5,3,1,1,1,29,0.2271,0.0668,4,1,1,0,0
NCRB-SYNTH-105262,Trial Court,Sec 482 CrPC (Quashing),2,12,71,1,0,1,1,1,1,1,1,1,0.6762,0,30,0,0,0.1082,8,1.2833,108.63,1,1,4615526.22,0.9671,1,1,1,1,20.7,24,4,1,1,1,2,0.7829,0.7127,1,1,1,1,1
NCRB-SYNTH-105274,Trial Court,Trial Judgment,2,14,5,1,0,1,1,1,1,1,1,1,0.7802,1,59,1,1,0.0891,9,1.1898,107.62,1,1,13068640.77,0.9243,1,1,1,1,3.34,23,11,1,1,1,10,0.1172,0.0489,3,1,1,0,1
NCRB-SYNTH-105286,Trial Court,Sec 439 CrPC (Regular Bail),4,22,87,1,0,1,1,1,1,1,1,1,0.588,1,120,0,0,0.1147,7,1.1041,80.39,1,1,12519721.49,0.9662,1,1,1,1,6.12,9,14,1,1,1,7,0.1572,0.0756,3,1,1,0,0
NCRB-SYNTH-105290,High Court,Sec 439 CrPC (Regular Bail),45,22,98,1,0,1,1,1,0,1,1,1,0.9149,0,166,0,1,0.0885,1,1.0431,64.7,1,1,7735331.06,0.8818,1,1,1,1,26.16,8,3,1,1,1,9,0.1074,0.0466,3,1,1,0,1
NCRB-SYNTH-105295,Trial Court,Sec 439 CrPC (Regular Bail),2,16,13,1,0,1,1,1,0,1,1,1,0.8652,1,59,1,1,0.0474,4,1.0484,151.31,1,1,12213906.02,0.2961,1,1,1,1,11.79,4,11,1,1,1,19,0.1843,0.0615,4,1,1,0,1
NCRB-SYNTH-105301,High Court,Sec 482 CrPC (Quashing),2,13,30,0,0,1,1,1,0,1,1,1,0.6654,1,73,1,1,0.1515,5,1.1572,114.67,1,1,12663027.63,0.6511,1,1,1,1,1.76,24,13,1,1,1,6,0.1648,0.0847,3,1,1,0,1
NCRB-SYNTH-105303,Trial Court,Sec 439 CrPC (Regular Bail),2,3,49,1,0,1,1,1,1,1,1,1,0.5706,0,38,1,1,0.1038,6,1.3165,68.76,1,1,14765003.36,0.7332,1,1,1,1,13.64,9,7,1,1,1,13,0.1159,0.0439,4,1,1,1,0
NCRB-SYNTH-105341,High Court,Sec 482 CrPC (Quashing),7,14,37,0,1,1,1,1,0,1,1,1,0.7312,0,173,1,1,0.0463,1,1.1626,68.0,1,1,12766246.9,0.3817,1,1,1,1,34.06,6,8,1,1,1,3,0.5683,0.4099,1,1,1,0,1
NCRB-SYNTH-105351,Trial Court,Sec 439 CrPC (Regular Bail),4,17,73,1,0,1,1,1,0,1,1,1,0.8291,0,96,0,1,0.1436,9,1.0,158.89,1,1,7835372.63,0.7491,1,1,1,1,3.14,18,12,1,1,1,10,0.076,0.0317,3,1,1,0,1
NCRB-SYNTH-105369,Trial Court,Sec 439 CrPC (Regular Bail),4,16,92,1,0,1,1,1,0,1,1,1,0.5035,1,55,1,1,0.0229,4,1.1018,106.86,1,1,8791782.24,0.8497,1,1,1,1,15.62,13,13,1,1,1,44,0.3114,0.0818,4,1,1,0,0
NCRB-SYNTH-105374,High Court,Sec 482 CrPC (Quashing),15,16,56,1,0,1,1,1,0,1,1,1,0.815,1,95,1,1,0.0399,8,1.2446,179.97,1,1,4560374.38,0.9572,1,1,1,1,30.71,11,9,1,1,1,27,0.2105,0.0632,4,1,1,0,1
NCRB-SYNTH-105376,High Court,Trial Judgment,2,24,42,1,0,1,1,1,0,1,1,1,0.839,1,25,1,1,0.13,5,1.3156,89.14,1,1,13641510.06,0.4311,1,1,1,1,3.26,19,13,1,1,1,8,0.168,0.0765,3,1,1,0,1
NCRB-SYNTH-105379,High Court,Trial Judgment,4,23,100,1,0,1,1,1,1,1,1,1,0.77,1,142,1,1,0.0627,2,1.141,30.67,1,1,2540774.18,0.8352,1,1,1,1,4.35,6,10,1,1,1,1,0.5317,0.7671,1,1,1,0,1
NCRB-SYNTH-105395,High Court,Sec 439 CrPC (Regular Bail),1,3,27,1,0,1,1,1,1,1,1,1,0.8508,1,36,0,1,0.1036,4,1.2527,34.89,1,1,13952095.17,0.9025,1,1,1,1,17.47,18,8,1,1,1,6,0.1742,0.0895,3,1,1,0,1
NCRB-SYNTH-105413,High Court,Sec 439 CrPC (Regular Bail),2,15,31,1,0,1,1,1,0,1,1,1,0.8276,1,100,0,1,0.1273,2,1.1537,153.44,1,1,8573873.27,0.5808,1,1,1,1,22.19,18,6,1,1,1,36,0.226,0.0626,4,1,1,0,1
NCRB-SYNTH-105430,High Court,Sec 439 CrPC (Regular Bail),2,25,65,1,0,1,1,1,0,1,1,1,0.9193,1,137,1,0,0.0119,2,1.0487,33.87,1,1,2243543.12,0.4304,1,1,1,1,30.44,21,12,1,1,1,3,0.8015,0.5782,1,1,1,1,1
NCRB-SYNTH-105436,Trial Court,Sec 439 CrPC (Regular Bail),2,22,79,1,1,1,1,1,1,1,1,1,0.5887,1,13,1,1,0.1256,3,1.2924,54.15,1,1,4581644.05,0.3333,1,1,1,1,2.92,5,9,1,1,1,43,0.1267,0.0335,4,1,1,0,0
NCRB-SYNTH-105438,Trial Court,Sec 482 CrPC (Quashing),4,4,56,1,0,1,1,1,0,1,1,1,0.716,1,48,1,1,0.0,9,1.1936,153.32,1,1,6545278.3,0.7443,1,1,1,1,5.7,8,15,1,1,1,7,0.1804,0.0868,3,1,1,0,1
NCRB-SYNTH-105440,High Court,Trial Judgment,1,12,16,1,0,1,1,1,0,1,1,1,0.7929,0,121,1,0,0.111,4,1.2492,113.73,1,1,13556950.45,0.86,1,1,1,1,6.72,4,7,1,1,1,25,0.245,0.0752,4,1,1,0,1
NCRB-SYNTH-105455,Trial Court,Sec 439 CrPC (Regular Bail),2,21,23,0,0,1,1,1,1,1,1,1,0.9447,1,110,1,1,0.0853,9,1.0,50.79,1,1,3007881.86,0.8704,1,1,1,1,9.18,5,4,1,1,1,2,0.4327,0.3939,1,1,1,0,1
NCRB-SYNTH-105461,Trial Court,Sec 439 CrPC (Regular Bail),2,23,69,1,0,1,1,1,1,1,1,1,0.7898,1,49,0,1,0.1706,4,1.0,131.11,1,1,4627950.19,0.2609,1,1,1,1,6.17,21,11,1,1,1,9,0.1871,0.0813,3,1,1,0,1
NCRB-SYNTH-105467,Trial Court,Trial Judgment,2,25,61,1,1,1,1,1,1,1,1,1,0.4182,1,61,1,1,0.1224,8,1.2179,33.09,1,1,12016750.79,0.6602,1,1,1,1,10.12,20,5,1,1,1,3,0.8917,0.6432,1,1,1,0,0
NCRB-SYNTH-105469,Trial Court,Sec 439 CrPC (Regular Bail),2,8,26,1,0,1,1,1,0,1,1,1,0.7807,0,95,1,1,0.0171,8,1.2031,33.41,1,1,4102459.15,0.3677,1,1,1,1,8.98,15,13,1,1,1,29,0.1425,0.0419,4,1,1,0,1
NCRB-SYNTH-105474,High Court,Sec 439 CrPC (Regular Bail),2,8,6,1,0,1,1,1,1,1,1,1,0.5717,1,39,1,1,0.0487,7,1.0121,65.23,1,1,13474284.44,0.4141,1,1,1,1,21.84,24,15,1,1,1,43,0.1379,0.0364,4,1,1,0,0
NCRB-SYNTH-105479,Trial Court,Trial Judgment,45,25,11,1,0,1,1,1,0,1,1,1,0.8665,1,126,1,0,0.1587,6,1.1153,80.16,1,1,1498844.31,0.3549,1,1,1,1,3.78,8,12,1,1,1,16,0.2589,0.0914,4,1,1,0,1
NCRB-SYNTH-105481,High Court,Sec 439 CrPC (Regular Bail),4,11,25,1,0,1,1,1,0,1,1,1,0.5209,1,70,0,0,0.0,8,1.1478,125.75,1,1,7971902.21,0.9037,1,1,1,1,1.69,5,5,1,1,1,33,0.1901,0.0539,4,1,1,0,0
NCRB-SYNTH-105484,Trial Court,Sec 439 CrPC (Regular Bail),7,6,63,1,0,1,1,1,1,1,1,1,0.8165,1,94,1,1,0.0,7,1.0981,165.86,1,1,2367850.08,0.4375,1,1,1,1,15.31,13,13,1,1,1,27,0.0924,0.0277,4,1,1,0,1
NCRB-SYNTH-105492,High Court,Sec 439 CrPC (Regular Bail),15,18,13,1,0,1,1,1,1,1,1,1,0.468,1,153,1,1,0.0702,7,1.0313,92.86,1,1,4978382.0,0.2926,1,1,1,1,13.8,8,11,1,1,1,11,0.1739,0.07,3,1,1,0,0
NCRB-SYNTH-105514,High Court,Sec 439 CrPC (Regular Bail),7,25,14,1,0,1,1,1,0,1,1,1,0.759,1,48,0,0,0.0,6,1.1379,38.29,1,1,2947938.79,0.5753,1,1,1,1,7.38,10,4,1,1,1,5,0.0805,0.0449,3,1,1,0,1
NCRB-SYNTH-105516,Trial Court,Sec 439 CrPC (Regular Bail),7,15,78,1,0,1,1,1,0,1,1,1,0.5438,1,162,1,0,0.1587,6,1.0,176.19,1,1,7050158.64,0.6714,1,1,1,1,31.59,17,7,1,1,1,3,0.6334,0.4569,1,1,1,0,0
NCRB-SYNTH-105517,High Court,Sec 439 CrPC (Regular Bail),7,9,21,0,0,1,1,1,0,1,1,1,0.8014,0,33,1,0,0.1114,3,1.1125,73.57,1,1,8538920.89,0.2346,1,1,1,1,13.74,24,5,1,1,1,15,0.2345,0.0846,4,1,1,0,1
NCRB-SYNTH-105518,Trial Court,Sec 439 CrPC (Regular Bail),7,21,8,1,0,1,1,1,1,1,1,1,0.5836,1,121,0,0,0.0751,5,1.0814,81.35,1,1,8583897.91,0.6772,1,1,1,1,9.79,3,10,1,1,1,16,0.2453,0.0866,4,1,1,0,0
NCRB-SYNTH-105521,High Court,Sec 439 CrPC (Regular Bail),21,14,68,1,0,1,1,1,1,1,1,1,0.365,1,128,1,1,0.0889,7,1.2355,57.86,1,1,2820304.0,0.7611,1,1,1,1,9.55,7,9,1,1,1,42,0.1558,0.0414,4,1,1,0,0
NCRB-SYNTH-105534,High Court,Sec 439 CrPC (Regular Bail),2,15,13,1,0,1,1,1,0,1,1,1,0.4918,1,19,1,0,0.0023,1,1.0,123.83,1,1,13566607.08,0.9057,1,1,1,1,3.89,23,7,1,1,1,1,0.5799,0.8367,1,1,1,0,0
NCRB-SYNTH-105544,Supreme Court,Trial Judgment,2,18,42,0,0,1,1,1,1,1,1,1,0.6469,0,97,1,1,0.1074,7,1.3056,87.62,1,1,3331457.1,0.9239,1,1,1,1,14.27,6,9,1,1,1,40,0.1569,0.0422,4,1,1,0,1
NCRB-SYNTH-105555,Trial Court,Writ Petition (Detention),1,19,82,1,1,1,1,1,1,1,1,1,0.9424,1,30,1,1,0.0909,3,1.1302,172.59,1,1,5587021.32,0.5261,1,1,1,1,13.22,5,13,1,1,1,32,0.2192,0.0627,4,1,1,0,1
NCRB-SYNTH-105556,Trial Court,Sec 482 CrPC (Quashing),15,10,49,1,0,1,1,1,1,1,1,1,0.9118,1,131,1,1,0.1923,6,1.0333,44.56,1,1,4587066.15,0.6247,1,1,1,1,2.32,10,13,1,1,1,43,0.1231,0.0325,4,1,1,0,1
NCRB-SYNTH-105558,Trial Court,Sec 482 CrPC (Quashing),4,22,33,1,0,1,1,1,0,1,1,1,0.7322,1,56,1,1,0.0186,8,1.1434,49.06,1,1,6998144.51,0.2581,1,1,1,1,5.78,15,13,1,1,1,27,0.1502,0.0451,4,1,1,0,1
NCRB-SYNTH-105568,Trial Court,Trial Judgment,21,3,96,1,0,1,1,1,1,1,1,1,0.8054,0,138,1,1,0.0946,1,1.0,68.05,1,1,12624067.75,0.7502,1,1,1,1,3.46,11,12,1,1,1,34,0.1145,0.0322,4,1,1,0,1
NCRB-SYNTH-105569,Trial Court,Sec 439 CrPC (Regular Bail),4,4,26,1,0,1,1,1,1,1,1,1,0.4785,1,37,0,0,0.0204,5,1.0158,96.55,1,1,5594635.48,0.7179,1,1,1,1,3.33,6,13,1,1,1,2,0.6016,0.5476,1,1,1,0,0
NCRB-SYNTH-105573,Trial Court,Trial Judgment,4,15,35,1,0,1,1,1,0,1,1,1,0.8608,0,87,0,0,0.0592,7,1.1463,113.93,1,1,14765474.04,0.379,1,1,1,1,11.72,16,11,1,1,1,14,0.2406,0.0889,4,1,1,1,1
NCRB-SYNTH-105583,High Court,Sec 439 CrPC (Regular Bail),4,18,58,1,0,1,1,1,0,1,1,1,0.9331,0,50,0,0,0.1965,4,1.0,135.62,1,1,9664102.07,0.2799,1,1,1,1,7.3,16,8,1,1,1,1,0.825,1.1902,1,1,1,0,1
NCRB-SYNTH-105584,Supreme Court,Sec 439 CrPC (Regular Bail),7,19,83,1,0,1,1,1,0,1,1,1,0.615,1,58,0,0,0.0052,9,1.3363,130.46,1,1,5506442.85,0.8696,1,1,1,1,7.51,9,6,1,1,1,1,0.9418,1.3587,1,1,1,0,1
NCRB-SYNTH-105600,Trial Court,Sec 439 CrPC (Regular Bail),7,3,43,0,0,1,1,1,0,1,1,1,0.8465,1,56,1,1,0.0733,5,1.1416,109.33,1,1,7055004.19,0.6761,1,1,1,1,5.98,24,5,1,1,1,18,0.1613,0.0548,4,1,1,0,1
NCRB-SYNTH-105613,Supreme Court,Sec 482 CrPC (Quashing),4,20,30,1,0,1,1,1,1,1,1,1,0.7679,1,155,1,0,0.0494,2,1.1168,150.86,1,1,4707849.85,0.3358,1,1,1,1,7.5,7,9,1,1,1,1,0.6312,0.9106,1,1,1,0,1
NCRB-SYNTH-105616,High Court,Sec 439 CrPC (Regular Bail),7,5,66,1,0,1,1,1,1,1,1,1,0.4775,1,116,1,1,0.1236,4,1.1232,106.11,1,1,2843548.75,0.8277,1,1,1,1,1.75,19,4,1,1,1,29,0.1001,0.0294,4,1,1,0,0
NCRB-SYNTH-105623,High Court,Sec 439 CrPC (Regular Bail),2,15,23,1,0,1,1,1,1,1,1,1,0.8135,1,159,1,1,0.0505,6,1.0,41.71,1,1,14220022.42,0.9205,1,1,1,1,6.88,20,4,1,1,1,7,0.0594,0.0285,3,1,1,0,1
NCRB-SYNTH-105624,Supreme Court,Sec 482 CrPC (Quashing),4,22,17,1,0,1,1,1,0,1,1,1,0.8872,1,155,1,0,0.0,7,1.0453,63.69,1,1,6088348.38,0.9743,1,1,1,1,7.16,3,6,1,1,1,44,0.2923,0.0768,4,1,1,0,1
NCRB-SYNTH-105626,High Court,Sec 439 CrPC (Regular Bail),4,11,33,1,1,1,1,1,0,1,1,1,0.4218,1,152,0,0,0.1047,5,1.0,52.41,1,1,12431816.8,0.665,1,1,1,1,19.08,22,12,1,1,1,5,0.231,0.1289,3,1,1,0,0
NCRB-SYNTH-105631,High Court,Sec 482 CrPC (Quashing),15,17,46,1,0,1,1,1,0,1,1,1,0.6286,1,112,1,1,0.1079,9,1.1891,41.89,1,1,9137002.26,0.8421,1,1,1,1,2.56,15,4,1,1,1,20,0.1923,0.0632,4,1,1,0,1
NCRB-SYNTH-105638,High Court,Sec 482 CrPC (Quashing),15,19,66,1,0,1,1,1,0,1,1,1,0.7442,1,164,0,0,0.0,4,1.1556,148.91,1,1,6777430.19,0.9317,1,1,1,1,5.18,6,14,1,1,1,30,0.3192,0.093,4,1,1,0,1
NCRB-SYNTH-105642,High Court,Sec 439 CrPC (Regular Bail),4,13,75,1,0,1,1,1,1,1,1,1,0.7504,1,16,1,1,0.1097,2,1.008,130.84,1,1,8388400.67,0.5993,1,1,1,1,2.33,12,3,1,1,1,2,0.6413,0.5838,1,1,1,0,1
NCRB-SYNTH-105648,Supreme Court,Sec 439 CrPC (Regular Bail),1,5,75,1,1,1,1,1,0,1,1,1,0.99,1,96,1,1,0.1429,5,1.2383,161.68,1,1,5004164.96,0.3247,1,1,1,1,3.13,7,5,1,1,1,31,0.3175,0.0916,4,1,1,0,1
NCRB-SYNTH-105651,Trial Court,Sec 482 CrPC (Quashing),15,10,25,0,0,1,1,1,1,1,1,1,0.6931,1,155,1,1,0.0347,2,1.0607,114.63,1,1,13017028.8,0.176,1,1,1,1,14.98,6,13,1,1,1,2,0.8084,0.7358,1,1,1,0,1
NCRB-SYNTH-105663,Trial Court,Sec 439 CrPC (Regular Bail),1,3,49,1,0,1,1,1,1,1,1,1,0.8708,1,131,0,0,0.0934,3,1.0738,91.59,1,1,9231040.98,0.6765,1,1,1,1,8.78,17,13,1,1,1,5,0.1091,0.0609,3,1,1,0,1
NCRB-SYNTH-105666,High Court,Sec 482 CrPC (Quashing),4,19,31,1,0,1,1,1,0,1,1,1,0.7547,1,18,0,0,0.1161,2,1.1573,105.89,1,1,10209299.95,0.9697,1,1,1,1,2.79,6,13,1,1,1,29,0.2805,0.0825,4,1,1,0,1
NCRB-SYNTH-105667,High Court,Sec 439 CrPC (Regular Bail),1,17,52,1,0,1,1,1,0,1,1,1,0.7727,1,164,0,1,0.1031,1,1.1707,134.97,1,1,6100133.28,0.9614,1,1,1,1,1.67,15,15,1,1,1,33,0.2205,0.0625,4,1,1,0,1
NCRB-SYNTH-105668,High Court,Sec 439 CrPC (Regular Bail),4,20,89,1,0,1,1,1,0,1,1,1,0.6751,1,102,1,1,0.1017,9,1.2829,31.94,1,1,7925422.03,0.5056,1,1,1,1,5.15,3,15,1,1,1,23,0.1721,0.0541,4,1,1,0,1
NCRB-SYNTH-105670,Trial Court,Sec 439 CrPC (Regular Bail),7,14,73,1,0,1,1,1,0,1,1,1,0.4642,1,144,1,1,0.1799,7,1.2216,113.94,1,1,11009615.59,0.9404,1,1,1,1,14.67,22,8,1,1,1,8,0.0801,0.0365,3,1,1,0,0
NCRB-SYNTH-105679,High Court,Sec 439 CrPC (Regular Bail),4,4,9,1,0,1,1,1,0,1,1,1,0.4954,1,74,1,1,0.0461,1,1.2388,131.78,1,1,7723025.77,0.7062,1,1,1,1,11.45,13,4,1,1,1,2,0.8252,0.7511,1,1,1,0,0
NCRB-SYNTH-105686,Trial Court,Sec 482 CrPC (Quashing),21,18,19,1,0,1,1,1,1,1,1,1,0.5241,1,134,1,1,0.0638,2,1.1152,121.36,1,1,3551452.54,0.5807,1,1,1,1,18.67,24,9,1,1,1,44,0.2046,0.0538,4,1,1,0,0
NCRB-SYNTH-105695,Supreme Court,Sec 482 CrPC (Quashing),7,6,48,0,0,1,1,1,0,1,1,1,0.7252,1,106,1,1,0.0608,6,1.0287,41.62,1,1,3894455.26,0.1851,1,1,1,1,13.34,5,14,1,1,1,21,0.2139,0.0692,4,1,1,0,1
NCRB-SYNTH-105723,Trial Court,Sec 482 CrPC (Quashing),7,8,27,1,0,1,1,1,0,1,1,1,0.599,1,73,1,0,0.1392,6,1.1257,95.49,1,1,3915907.45,0.5996,1,1,1,1,4.38,6,9,1,1,1,33,0.2219,0.0629,4,1,1,0,0
NCRB-SYNTH-105731,High Court,Trial Judgment,4,12,38,1,0,1,1,1,0,1,1,1,0.6501,1,70,1,1,0.0278,2,1.2446,131.54,1,1,11638481.64,0.3518,1,1,1,1,7.85,20,3,1,1,1,1,0.7814,1.1273,1,1,1,0,1
NCRB-SYNTH-105743,Trial Court,Sec 439 CrPC (Regular Bail),1,23,6,0,0,1,1,1,0,1,1,1,0.6076,0,137,0,0,0.0606,1,1.3082,149.32,1,1,3679005.77,0.3237,1,1,1,1,5.21,22,14,1,1,1,9,0.2038,0.0885,3,1,1,0,1
NCRB-SYNTH-105752,Trial Court,Writ Petition (Detention),7,15,31,1,0,1,1,1,0,1,1,1,0.8104,1,97,0,1,0.0946,1,1.0503,153.75,1,1,13821220.31,0.4764,1,1,1,1,14.04,16,11,1,1,1,4,0.2475,0.1538,3,1,1,1,1
NCRB-SYNTH-105754,Trial Court,Sec 482 CrPC (Quashing),7,18,54,1,0,1,1,1,0,1,1,1,0.7412,1,26,1,1,0.0949,4,1.2758,87.46,1,1,14176388.39,0.6356,1,1,1,1,6.66,24,3,1,1,1,9,0.155,0.0673,3,1,1,0,1
NCRB-SYNTH-105761,Trial Court,Sec 439 CrPC (Regular Bail),4,18,73,1,0,1,1,1,0,1,1,1,0.4633,1,48,1,1,0.1541,4,1.1799,91.28,1,1,2582937.87,0.5758,1,1,1,1,8.01,12,8,1,1,1,22,0.2762,0.0881,4,1,1,0,0
NCRB-SYNTH-105766,High Court,Sec 482 CrPC (Quashing),4,22,21,1,0,1,1,1,0,1,1,1,0.859,1,144,0,0,0.1117,4,1.2074,64.86,1,1,4415820.75,0.7298,1,1,1,1,6.27,23,6,1,1,1,1,0.9229,1.3314,1,1,1,1,1
NCRB-SYNTH-105772,Trial Court,Sec 439 CrPC (Regular Bail),4,10,47,1,0,1,1,1,0,1,1,1,0.6303,1,67,1,1,0.113,5,1.1782,153.3,1,1,2437311.62,0.2425,1,1,1,1,13.71,5,12,1,1,1,29,0.2794,0.0821,4,1,1,0,1
NCRB-SYNTH-105774,High Court,Sec 439 CrPC (Regular Bail),7,3,75,1,0,1,1,1,0,1,1,1,0.4446,1,119,0,0,0.14,2,1.1741,50.18,1,1,12531132.17,0.3592,1,1,1,1,6.18,10,10,1,1,1,5,0.0711,0.0397,3,1,1,0,0
NCRB-SYNTH-105779,Trial Court,Sec 439 CrPC (Regular Bail),7,21,70,1,0,1,1,1,0,1,1,1,0.9627,1,109,1,1,0.1193,8,1.0,91.78,1,1,2455831.1,0.8886,1,1,1,1,24.78,11,10,1,1,1,32,0.3065,0.0877,4,1,1,0,1
NCRB-SYNTH-105788,High Court,Sec 439 CrPC (Regular Bail),7,16,67,1,0,1,1,1,1,1,1,1,0.7654,1,26,1,1,0.0482,1,1.2596,48.15,1,1,7946108.43,0.7535,1,1,1,1,9.61,21,14,1,1,1,31,0.0999,0.0288,4,1,1,0,1
NCRB-SYNTH-105796,Trial Court,Sec 482 CrPC (Quashing),21,7,71,1,0,1,1,1,1,1,1,1,0.4239,1,76,0,0,0.0048,9,1.2425,110.89,1,1,1495136.12,0.8925,1,1,1,1,21.55,3,10,1,1,1,6,0.1011,0.052,3,1,1,0,0
NCRB-SYNTH-105804,Trial Court,Sec 439 CrPC (Regular Bail),7,7,13,1,0,1,1,1,0,1,1,1,0.9573,0,58,1,1,0.2022,5,1.0215,111.24,1,1,2317584.19,0.8128,1,1,1,1,6.24,12,9,1,1,1,32,0.1136,0.0325,4,1,1,0,1
NCRB-SYNTH-105813,High Court,Sec 439 CrPC (Regular Bail),1,10,22,1,0,1,1,1,0,1,1,1,0.5712,1,75,1,1,0.0845,4,1.0,142.6,1,1,6842072.22,0.5109,1,1,1,1,70.61,11,13,1,1,1,25,0.1751,0.0538,4,1,1,0,0
NCRB-SYNTH-105821,Supreme Court,Sec 439 CrPC (Regular Bail),7,11,79,1,0,1,1,1,0,1,1,1,0.881,1,52,1,1,0.08,9,1.0972,38.29,1,1,13422775.37,0.5504,1,1,1,1,10.74,23,13,1,1,1,3,0.794,0.5727,1,1,1,0,1
NCRB-SYNTH-105823,High Court,Sec 439 CrPC (Regular Bail),7,7,9,1,0,1,1,1,1,1,1,1,0.8976,0,138,1,1,0.1083,4,1.0083,113.11,1,1,12042608.07,0.4309,1,1,1,1,8.32,4,8,1,1,1,1,0.8274,1.1936,1,1,1,0,1
NCRB-SYNTH-105824,High Court,Sec 439 CrPC (Regular Bail),1,15,45,1,0,1,1,1,1,1,1,1,0.8745,1,46,1,1,0.0779,7,1.2391,65.49,1,1,2537649.82,0.3033,1,1,1,1,26.15,19,10,1,1,1,7,0.0524,0.0252,3,1,1,0,1
NCRB-SYNTH-105833,Trial Court,Sec 482 CrPC (Quashing),4,24,70,1,0,1,1,1,0,1,1,1,0.9227,0,125,1,0,0.0497,1,1.3002,103.06,1,1,5501486.21,0.9868,1,1,1,1,7.1,18,5,1,1,1,1,0.8921,1.2871,1,1,1,0,1
NCRB-SYNTH-105835,High Court,Sec 439 CrPC (Regular Bail),7,6,55,1,0,1,1,1,0,1,1,1,0.7377,1,111,1,0,0.0738,8,1.0,102.27,1,1,1883432.06,0.8347,1,1,1,1,19.39,21,4,1,1,1,43,0.2991,0.079,4,1,1,0,1
NCRB-SYNTH-105848,High Court,Sec 439 CrPC (Regular Bail),7,7,89,1,0,1,1,1,0,1,1,1,0.4204,1,131,1,1,0.0898,7,1.1696,65.12,1,1,2048605.26,0.9267,1,1,1,1,6.29,14,12,1,1,1,33,0.1283,0.0364,4,1,1,0,0
NCRB-SYNTH-105856,Supreme Court,Sec 439 CrPC (Regular Bail),15,12,43,1,0,1,1,1,1,1,1,1,0.7715,1,20,1,0,0.1417,2,1.2702,64.17,1,1,1620148.14,0.8262,1,1,1,1,1.68,25,5,1,1,1,19,0.1483,0.0495,4,1,1,1,1
NCRB-SYNTH-105865,Trial Court,Writ Petition (Detention),15,5,44,1,1,1,1,1,0,1,1,1,0.5305,1,140,1,1,0.1168,5,1.0,143.77,1,1,13541526.86,0.5402,1,1,1,1,4.9,7,11,1,1,1,15,0.2198,0.0793,4,1,1,1,0
NCRB-SYNTH-105867,Supreme Court,Sec 439 CrPC (Regular Bail),2,21,44,1,0,1,1,1,1,1,1,1,0.3874,1,104,0,0,0.1594,7,1.0898,66.03,1,1,1614285.37,0.2607,1,1,1,1,6.39,16,14,1,1,1,2,0.5755,0.5238,1,1,1,0,0
NCRB-SYNTH-105869,High Court,Sec 482 CrPC (Quashing),7,15,52,1,0,1,1,1,0,1,1,1,0.745,1,65,0,0,0.103,8,1.3216,164.85,1,1,14740861.46,0.2786,1,1,1,1,4.81,25,8,1,1,1,26,0.2109,0.064,4,1,1,0,1
NCRB-SYNTH-105874,High Court,Sec 482 CrPC (Quashing),4,24,36,1,0,1,1,1,1,1,1,1,0.5942,1,167,0,1,0.0,9,1.1293,111.87,1,1,3971010.87,0.2499,1,1,1,1,4.76,5,5,1,1,1,33,0.2445,0.0693,4,1,1,0,0
NCRB-SYNTH-105889,High Court,Sec 439 CrPC (Regular Bail),2,19,59,1,0,1,1,1,0,1,1,1,0.7247,1,93,1,1,0.0029,1,1.043,81.41,1,1,9744470.19,0.837,1,1,1,1,18.52,12,8,1,1,1,23,0.2875,0.0905,4,1,1,0,1
NCRB-SYNTH-105891,High Court,Sec 439 CrPC (Regular Bail),2,13,82,1,0,1,1,1,1,1,1,1,0.7728,1,147,1,1,0.0169,2,1.142,45.56,1,1,13896864.17,0.3557,1,1,1,1,1.09,25,5,1,1,1,25,0.2181,0.0669,4,1,1,0,1
NCRB-SYNTH-105908,High Court,Sec 439 CrPC (Regular Bail),2,7,14,1,0,1,1,1,0,1,1,1,0.7438,1,28,1,1,0.0192,3,1.0131,72.47,1,1,9471701.48,0.8903,1,1,1,1,15.87,16,10,1,1,1,2,0.6795,0.6185,1,1,1,0,1
NCRB-SYNTH-105913,Trial Court,Sec 439 CrPC (Regular Bail),2,11,85,1,0,1,1,1,0,1,1,1,0.7034,1,29,1,1,0.0626,7,1.1201,112.17,1,1,5687559.0,0.9959,1,1,1,1,3.52,19,6,1,1,1,24,0.2951,0.0917,4,1,1,0,1
NCRB-SYNTH-105926,High Court,Sec 439 CrPC (Regular Bail),15,18,86,0,0,1,1,1,1,1,1,1,0.7037,1,45,1,0,0.0538,4,1.1585,108.23,1,1,7041516.97,0.3888,1,1,1,1,16.4,16,12,1,1,1,17,0.2735,0.0946,4,1,1,0,1
NCRB-SYNTH-105927,High Court,Sec 439 CrPC (Regular Bail),2,14,30,1,0,1,1,1,1,1,1,1,0.6444,1,141,1,1,0.0465,9,1.134,124.59,1,1,5096506.94,0.6515,1,1,1,1,9.75,10,11,1,1,1,20,0.1051,0.0345,4,1,1,0,1
NCRB-SYNTH-105936,High Court,Sec 439 CrPC (Regular Bail),2,12,6,0,0,1,1,1,0,1,1,1,0.8277,0,152,1,1,0.0526,3,1.0,161.85,1,1,9496253.86,0.241,1,1,1,1,7.84,5,3,1,1,1,34,0.221,0.0622,4,1,1,1,1
NCRB-SYNTH-105950,Trial Court,Writ Petition (Detention),2,11,49,1,0,1,1,1,0,1,1,1,0.7461,1,70,1,1,0.0444,9,1.0062,108.27,1,1,4255166.52,0.3455,1,1,1,1,16.0,23,12,1,1,1,6,0.1238,0.0636,3,1,1,0,1
NCRB-SYNTH-105953,Supreme Court,Sec 482 CrPC (Quashing),7,18,9,1,0,1,1,1,0,1,1,1,0.9438,1,167,1,0,0.1081,1,1.1804,32.69,1,1,6544945.85,0.2101,1,1,1,1,1.61,6,8,1,1,1,36,0.1903,0.0527,4,1,1,0,1
NCRB-SYNTH-105959,High Court,Sec 482 CrPC (Quashing),2,14,83,1,0,1,1,1,1,1,1,1,0.6275,1,75,1,0,0.0881,1,1.1146,159.07,1,1,1672324.37,0.9917,1,1,1,1,10.13,21,3,1,1,1,19,0.1863,0.0622,4,1,1,0,1
NCRB-SYNTH-105960,Trial Court,Sec 439 CrPC (Regular Bail),1,5,29,1,0,1,1,1,0,1,1,1,0.5685,1,73,1,1,0.1171,1,1.0158,65.04,1,1,2207323.66,0.5777,1,1,1,1,24.76,5,11,1,1,1,33,0.2153,0.0611,4,1,1,0,0
NCRB-SYNTH-105964,High Court,Trial Judgment,4,10,91,1,0,1,1,1,0,1,1,1,0.9131,1,61,1,1,0.0981,1,1.1025,67.64,1,1,3820713.02,0.7085,1,1,1,1,9.12,25,9,1,1,1,1,0.6529,0.942,1,1,1,0,1
NCRB-SYNTH-105970,Trial Court,Sec 439 CrPC (Regular Bail),2,7,26,1,0,1,1,1,1,1,1,1,0.6426,1,19,1,1,0.1109,7,1.0,120.15,1,1,3054433.37,0.4836,1,1,1,1,24.86,6,14,1,1,1,17,0.189,0.0654,4,1,1,0,1
NCRB-SYNTH-105971,Trial Court,Trial Judgment,4,7,23,1,0,1,1,1,0,1,1,1,0.7408,1,153,0,0,0.0677,5,1.347,50.36,1,1,13181540.59,0.2534,1,1,1,1,18.26,24,5,1,1,1,19,0.1668,0.0557,4,1,1,0,1
NCRB-SYNTH-105973,High Court,Trial Judgment,7,22,14,1,0,1,1,1,1,1,1,1,0.7248,1,92,0,0,0.0733,5,1.0,93.62,1,1,8471607.21,0.5984,1,1,1,1,28.96,23,9,1,1,1,19,0.2371,0.0791,4,1,1,0,1
NCRB-SYNTH-105990,High Court,Sec 439 CrPC (Regular Bail),1,25,35,1,0,1,1,1,1,1,1,1,0.7005,1,58,1,1,0.0456,4,1.0,123.77,1,1,2560814.62,0.362,1,1,1,1,1.73,22,3,1,1,1,39,0.316,0.0857,4,1,1,0,1
NCRB-SYNTH-105998,Trial Court,Sec 482 CrPC (Quashing),1,12,94,1,0,1,1,1,1,1,1,1,0.7474,1,166,1,0,0.0959,4,1.0,143.1,1,1,794620.31,0.9202,1,1,1,1,7.0,18,11,1,1,1,2,0.4652,0.4234,1,1,1,0,1
NCRB-SYNTH-106011,Trial Court,Sec 439 CrPC (Regular Bail),2,23,36,1,0,1,1,1,0,1,1,1,0.862,0,45,1,1,0.0935,6,1.0678,178.92,1,1,6555199.87,0.4325,1,1,1,1,12.0,20,11,1,1,1,12,0.113,0.044,4,1,1,0,1
NCRB-SYNTH-106012,Supreme Court,Sec 439 CrPC (Regular Bail),15,24,71,1,0,1,1,1,0,1,1,1,0.8003,0,57,1,1,0.1311,8,1.2113,38.02,1,1,871346.8,0.7772,1,1,1,1,3.14,7,11,1,1,1,19,0.2512,0.0838,4,1,1,0,1
NCRB-SYNTH-106016,Trial Court,Sec 439 CrPC (Regular Bail),2,15,54,1,0,1,1,1,0,1,1,1,0.8205,1,151,1,1,0.104,2,1.0643,84.45,1,1,5522221.03,0.8093,1,1,1,1,2.9,21,6,1,1,1,14,0.1339,0.0495,4,1,1,0,1
NCRB-SYNTH-106029,Trial Court,Sec 439 CrPC (Regular Bail),45,7,62,1,0,1,1,1,0,1,1,1,0.3884,1,30,0,1,0.1499,5,1.0842,82.16,1,1,13136250.88,0.3388,1,1,1,1,34.15,15,6,1,1,1,6,0.2388,0.1227,3,1,1,0,0
NCRB-SYNTH-106033,Supreme Court,Sec 482 CrPC (Quashing),15,15,41,1,0,1,1,1,0,1,1,1,0.4161,0,59,1,1,0.0633,1,1.0741,51.98,1,1,509207.33,0.9744,1,1,1,1,9.45,25,11,1,1,1,11,0.0732,0.0295,3,1,1,0,0
NCRB-SYNTH-106037,Trial Court,Sec 439 CrPC (Regular Bail),4,3,69,1,0,1,1,1,0,1,1,1,0.7075,1,98,1,1,0.1138,6,1.0845,160.67,1,1,9995750.29,0.4736,1,1,1,1,38.91,25,14,1,1,1,1,0.7926,1.1435,1,1,1,0,1
NCRB-SYNTH-106045,High Court,Sec 439 CrPC (Regular Bail),7,25,9,1,0,1,1,1,1,1,1,1,0.5497,1,65,1,1,0.0701,3,1.0,160.09,1,1,9209031.66,0.3044,1,1,1,1,9.54,14,13,1,1,1,9,0.1371,0.0595,3,1,1,0,0
NCRB-SYNTH-106046,Trial Court,Sec 439 CrPC (Regular Bail),4,24,86,1,0,1,1,1,0,1,1,1,0.8656,1,170,1,1,0.0405,2,1.0396,115.6,1,1,5162011.61,0.5741,1,1,1,1,3.71,15,5,1,1,1,8,0.1913,0.0871,3,1,1,0,1
NCRB-SYNTH-106049,High Court,Sec 439 CrPC (Regular Bail),4,5,30,1,0,1,1,1,1,1,1,1,0.7531,1,67,0,0,0.0841,4,1.1971,64.24,1,1,10765636.36,0.7001,1,1,1,1,17.71,11,6,1,1,1,41,0.2496,0.0668,4,1,1,0,1
NCRB-SYNTH-106055,Trial Court,Sec 482 CrPC (Quashing),4,9,31,0,0,1,1,1,0,1,1,1,0.7515,1,28,1,0,0.1588,7,1.1156,123.76,1,1,3649751.31,0.4316,1,1,1,1,11.71,20,5,1,1,1,1,0.5048,0.7282,1,1,1,0,1
NCRB-SYNTH-106059,Supreme Court,Trial Judgment,7,10,83,1,0,1,1,1,0,1,1,1,0.5134,1,164,1,1,0.0586,5,1.3155,159.64,1,1,4421171.32,0.1799,1,1,1,1,20.51,7,5,1,1,1,1,0.657,0.9479,1,1,1,0,0
NCRB-SYNTH-106060,High Court,Writ Petition (Detention),1,18,95,1,0,1,1,1,0,1,1,1,0.6767,1,141,1,0,0.1073,5,1.2155,71.87,1,1,5931194.15,0.7826,1,1,1,1,4.34,25,11,1,1,1,37,0.1648,0.0453,4,1,1,0,1
NCRB-SYNTH-106066,High Court,Trial Judgment,7,15,7,1,0,1,1,1,0,1,1,1,0.6047,1,103,1,0,0.087,4,1.0,177.5,1,1,10688694.65,0.2232,1,1,1,1,9.37,4,13,1,1,1,3,0.5143,0.371,1,1,1,0,1
NCRB-SYNTH-106087,Supreme Court,Sec 439 CrPC (Regular Bail),7,17,30,1,0,1,1,1,1,1,1,1,0.6377,1,149,1,1,0.1141,7,1.0,89.02,1,1,5016303.43,0.4631,1,1,1,1,39.29,19,4,1,1,1,1,0.6317,0.9113,1,1,1,0,1
NCRB-SYNTH-106089,Supreme Court,Sec 439 CrPC (Regular Bail),2,24,87,1,0,1,1,1,0,1,1,1,0.7307,1,159,1,0,0.0,8,1.2368,113.25,1,1,527868.93,0.709,1,1,1,1,10.77,25,8,1,1,1,36,0.1746,0.0483,4,1,1,0,1
NCRB-SYNTH-106092,Trial Court,Sec 482 CrPC (Quashing),27,12,58,1,0,1,1,1,1,1,1,1,0.5399,1,49,0,1,0.0858,6,1.4039,32.97,1,1,9350230.56,0.1653,1,1,1,1,23.29,7,5,1,1,1,14,0.2246,0.083,4,1,1,0,0
NCRB-SYNTH-106096,High Court,Sec 439 CrPC (Regular Bail),2,14,45,0,0,1,1,1,0,1,1,1,0.4559,1,175,1,0,0.089,7,1.0591,59.19,1,1,4383245.92,0.7702,1,1,1,1,17.64,19,8,1,1,1,11,0.2431,0.0978,3,1,1,0,0
NCRB-SYNTH-106102,Trial Court,Sec 439 CrPC (Regular Bail),21,11,35,1,0,1,1,1,0,1,1,1,0.9768,1,62,1,1,0.0,4,1.095,89.3,1,1,11442733.41,0.907,1,1,1,1,11.15,24,13,1,1,1,45,0.1982,0.0518,4,1,1,0,1
NCRB-SYNTH-106116,High Court,Sec 482 CrPC (Quashing),7,25,100,0,0,1,1,1,0,1,1,1,0.4611,1,56,1,0,0.059,9,1.3116,136.66,1,1,4075535.58,0.6156,1,1,1,1,8.25,11,12,1,1,1,27,0.1441,0.0432,4,1,1,0,0
NCRB-SYNTH-106125,Trial Court,Sec 482 CrPC (Quashing),7,11,8,1,0,1,1,1,0,1,1,1,0.9173,1,104,1,1,0.1163,2,1.1495,67.91,1,1,1308219.99,0.3734,1,1,1,1,16.94,9,3,1,1,1,40,0.1388,0.0374,4,1,1,0,1
NCRB-SYNTH-106126,High Court,Sec 439 CrPC (Regular Bail),15,14,14,1,0,1,1,1,0,1,1,1,0.7832,1,165,0,0,0.1609,5,1.1199,171.27,1,1,1432097.92,0.7145,1,1,1,1,9.53,5,11,1,1,1,20,0.1132,0.0372,4,1,1,0,1
NCRB-SYNTH-106132,Trial Court,Sec 482 CrPC (Quashing),15,7,65,1,0,1,1,1,0,1,1,1,0.7665,1,155,1,0,0.0568,6,1.0643,84.27,1,1,6438265.24,0.4642,1,1,1,1,27.12,8,11,1,1,1,6,0.0526,0.027,3,1,1,0,1
NCRB-SYNTH-106140,High Court,Sec 482 CrPC (Quashing),2,7,25,1,0,1,1,1,0,1,1,1,0.8126,1,151,1,1,0.0188,9,1.1408,177.77,1,1,882688.69,0.3291,1,1,1,1,6.69,15,15,1,1,1,8,0.22,0.1001,3,1,1,0,1
NCRB-SYNTH-106145,High Court,Sec 439 CrPC (Regular Bail),7,3,16,1,0,1,1,1,0,1,1,1,0.5822,0,88,1,1,0.0603,7,1.3606,30.47,1,1,2402386.03,0.8191,1,1,1,1,14.56,13,15,1,1,1,12,0.2588,0.1009,4,1,1,0,0
NCRB-SYNTH-106157,Trial Court,Sec 482 CrPC (Quashing),1,15,25,1,0,1,1,1,1,1,1,1,0.7835,1,72,1,1,0.0959,8,1.0707,84.35,1,1,2573342.47,0.2161,1,1,1,1,10.03,19,11,1,1,1,12,0.2022,0.0788,4,1,1,0,1
NCRB-SYNTH-106158,High Court,Sec 439 CrPC (Regular Bail),4,11,58,1,0,1,1,1,1,1,1,1,0.6478,1,123,1,1,0.1382,5,1.0,109.67,1,1,4842612.6,0.887,1,1,1,1,2.92,18,3,1,1,1,1,0.475,0.6853,1,1,1,0,1
NCRB-SYNTH-106160,Supreme Court,Sec 439 CrPC (Regular Bail),21,17,51,1,0,1,1,1,1,1,1,1,0.4001,1,142,1,1,0.1119,4,1.0917,137.81,1,1,14503414.74,0.7686,1,1,1,1,3.72,15,10,1,1,1,22,0.2222,0.0709,4,1,1,0,0
NCRB-SYNTH-106174,High Court,Sec 439 CrPC (Regular Bail),2,19,63,1,0,1,1,1,1,1,1,1,0.5001,1,54,1,1,0.027,8,1.1716,151.59,1,1,1218278.85,0.503,1,1,1,1,11.24,19,10,1,1,1,11,0.1836,0.0739,3,1,1,0,0
NCRB-SYNTH-106186,High Court,Sec 482 CrPC (Quashing),1,22,15,0,0,1,1,1,0,1,1,1,0.6255,1,125,1,1,0.1219,3,1.1881,155.82,1,1,11216869.04,0.9155,1,1,1,1,20.44,25,3,1,1,1,2,0.423,0.3851,1,1,1,0,1
NCRB-SYNTH-106187,Supreme Court,Sec 439 CrPC (Regular Bail),4,20,33,1,0,1,1,1,0,1,1,1,0.591,0,53,1,1,0.0711,5,1.2759,131.34,1,1,10260248.24,0.2523,1,1,1,1,5.83,8,15,1,1,1,41,0.1991,0.0533,4,1,1,1,0
NCRB-SYNTH-106193,High Court,Sec 439 CrPC (Regular Bail),4,3,90,1,0,1,1,1,1,1,1,1,0.6229,1,69,1,1,0.1131,9,1.0193,82.65,1,1,4437049.17,0.3148,1,1,1,1,1.09,20,9,1,1,1,8,0.145,0.066,3,1,1,0,1
NCRB-SYNTH-106198,Trial Court,Sec 439 CrPC (Regular Bail),4,25,94,1,0,1,1,1,0,1,1,1,0.8736,1,165,1,1,0.0399,7,1.1807,86.03,1,1,1502034.27,0.3379,1,1,1,1,11.27,25,7,1,1,1,33,0.2956,0.0838,4,1,1,0,1
NCRB-SYNTH-106201,High Court,Sec 439 CrPC (Regular Bail),4,15,86,0,0,1,1,1,0,1,1,1,0.5239,1,125,1,1,0.1503,9,1.1055,81.15,1,1,4583678.66,0.5785,1,1,1,1,6.95,14,3,1,1,1,43,0.2488,0.0657,4,1,1,0,0
NCRB-SYNTH-106215,Trial Court,Trial Judgment,7,14,57,1,0,1,1,1,0,1,1,1,0.8133,1,47,0,0,0.0554,1,1.2261,100.61,1,1,10090878.65,0.6367,1,1,1,1,1.24,16,13,1,1,1,1,0.6693,0.9657,1,1,1,0,1
NCRB-SYNTH-106216,High Court,Sec 439 CrPC (Regular Bail),4,21,7,1,0,1,1,1,1,1,1,1,0.8746,1,72,1,1,0.0124,7,1.1118,144.99,1,1,1053865.35,0.4545,1,1,1,1,1.75,6,6,1,1,1,45,0.2824,0.0738,4,1,1,0,1
NCRB-SYNTH-106221,Supreme Court,Sec 482 CrPC (Quashing),4,11,74,0,0,1,1,1,0,1,1,1,0.542,1,150,1,1,0.091,7,1.3267,112.36,1,1,917354.2,0.8849,1,1,1,1,11.43,4,12,1,1,1,10,0.1337,0.0557,3,1,1,0,0
NCRB-SYNTH-106222,Trial Court,Sec 439 CrPC (Regular Bail),45,18,15,1,0,1,1,1,0,1,1,1,0.3976,1,113,0,0,0.0498,6,1.0893,132.36,1,1,6076749.86,0.3185,1,1,1,1,2.62,9,3,1,1,1,22,0.2177,0.0694,4,1,1,0,0
NCRB-SYNTH-106229,High Court,Sec 439 CrPC (Regular Bail),27,14,77,1,0,1,1,1,1,1,1,1,0.4372,1,97,1,1,0.023,9,1.0826,100.86,1,1,10497644.29,0.5132,1,1,1,1,14.67,17,14,1,1,1,22,0.097,0.0309,4,1,1,0,0
NCRB-SYNTH-106236,High Court,Trial Judgment,7,9,13,1,0,1,1,1,1,1,1,1,0.8184,1,130,0,1,0.0928,4,1.3019,151.32,1,1,14539124.68,0.5604,1,1,1,1,28.19,25,9,1,1,1,19,0.1472,0.0491,4,1,1,0,1
NCRB-SYNTH-106244,Trial Court,Trial Judgment,2,22,100,1,0,1,1,1,1,1,1,1,0.5112,1,17,1,1,0.1697,5,1.1413,118.65,1,1,13425363.34,0.1886,1,1,1,1,11.2,13,14,1,1,1,5,0.1305,0.0728,3,1,1,0,0
NCRB-SYNTH-106245,High Court,Sec 439 CrPC (Regular Bail),4,19,96,1,0,1,1,1,0,1,1,1,0.5932,1,156,1,1,0.0207,6,1.1133,55.72,1,1,11753610.26,0.9823,1,1,1,1,4.7,23,12,1,1,1,3,0.8112,0.5851,1,1,1,0,0
NCRB-SYNTH-106248,High Court,Sec 439 CrPC (Regular Bail),15,18,32,1,0,1,1,1,0,1,1,1,0.4259,1,42,1,1,0.1174,4,1.0242,106.64,1,1,4761976.61,0.9628,1,1,1,1,7.55,8,7,1,1,1,1,0.4521,0.6522,1,1,1,0,0
NCRB-SYNTH-106249,Trial Court,Sec 439 CrPC (Regular Bail),4,22,83,1,1,1,1,1,0,1,1,1,0.7421,1,58,0,1,0.052,5,1.1085,65.72,1,1,12225835.46,0.7875,1,1,1,1,2.7,7,15,1,1,1,44,0.3051,0.0801,4,1,1,0,1
NCRB-SYNTH-106259,High Court,Sec 439 CrPC (Regular Bail),27,15,8,0,0,1,1,1,1,1,1,1,0.5344,1,150,1,1,0.0355,8,1.1078,33.88,1,1,7754257.68,0.8188,1,1,1,1,3.11,15,13,1,1,1,36,0.2253,0.0624,4,1,1,0,0
NCRB-SYNTH-106265,Trial Court,Sec 482 CrPC (Quashing),4,25,51,1,0,1,1,1,0,1,1,1,0.6394,1,167,1,1,0.0087,2,1.0501,85.76,1,1,3539095.6,0.9927,1,1,1,1,1.95,22,13,1,1,1,8,0.0878,0.04,3,1,1,0,1
NCRB-SYNTH-106279,Supreme Court,Sec 439 CrPC (Regular Bail),15,12,52,0,0,1,1,1,0,1,1,1,0.8133,1,109,1,1,0.0358,9,1.0416,139.26,1,1,1846884.31,0.5772,1,1,1,1,8.07,23,4,1,1,1,1,0.8346,1.204,1,1,1,0,1
NCRB-SYNTH-106281,Trial Court,Sec 439 CrPC (Regular Bail),1,14,36,1,0,1,1,1,0,1,1,1,0.5975,1,75,0,0,0.0754,2,1.1029,159.68,1,1,6839794.69,0.9022,1,1,1,1,33.25,7,8,1,1,1,13,0.1645,0.0623,4,1,1,0,0
NCRB-SYNTH-106283,High Court,Sec 439 CrPC (Regular Bail),4,11,83,0,0,1,1,1,0,1,1,1,0.6515,1,143,1,1,0.0067,2,1.1224,53.47,1,1,10754395.66,0.9711,1,1,1,1,13.85,24,11,1,1,1,35,0.1498,0.0418,4,1,1,0,1
NCRB-SYNTH-106284,Trial Court,Sec 439 CrPC (Regular Bail),7,7,63,1,0,1,1,1,1,1,1,1,0.7259,1,76,0,0,0.0544,5,1.0008,60.93,1,1,6220116.32,0.7801,1,1,1,1,14.79,22,3,1,1,1,19,0.1617,0.054,4,1,1,0,1
NCRB-SYNTH-106299,Trial Court,Sec 439 CrPC (Regular Bail),15,24,51,1,0,1,1,1,0,1,1,1,0.5614,1,171,1,0,0.1355,3,1.2752,154.4,1,1,8088173.86,0.4925,1,1,1,1,32.48,4,3,1,1,1,2,0.697,0.6345,1,1,1,0,0
NCRB-SYNTH-106301,High Court,Sec 439 CrPC (Regular Bail),7,10,92,1,0,1,1,1,1,1,1,1,0.7801,1,28,1,1,0.0629,9,1.0,163.72,1,1,7790779.62,0.2727,1,1,1,1,2.32,9,11,1,1,1,18,0.3007,0.1021,4,1,1,0,1
NCRB-SYNTH-106304,High Court,Sec 439 CrPC (Regular Bail),2,18,5,1,0,1,1,1,0,1,1,1,0.4832,1,156,1,1,0.0564,3,1.243,165.11,1,1,14497003.84,0.5461,1,1,1,1,59.21,18,13,1,1,1,12,0.2527,0.0985,4,1,1,0,0
NCRB-SYNTH-106310,Supreme Court,Sec 439 CrPC (Regular Bail),15,7,68,0,0,1,1,1,1,1,1,1,0.8495,1,26,1,0,0.0434,9,1.0,178.85,1,1,6503791.57,0.2979,1,1,1,1,31.22,23,11,1,1,1,28,0.2707,0.0804,4,1,1,0,1
NCRB-SYNTH-106317,High Court,Sec 439 CrPC (Regular Bail),4,25,24,1,0,1,1,1,0,1,1,1,0.823,1,59,0,0,0.053,2,1.0381,65.03,1,1,3664037.21,0.2666,1,1,1,1,2.72,18,3,1,1,1,10,0.0848,0.0353,3,1,1,0,1
NCRB-SYNTH-106332,Supreme Court,Sec 482 CrPC (Quashing),2,5,61,0,0,1,1,1,0,1,1,1,0.8063,1,87,0,0,0.0613,6,1.0048,121.84,1,1,2215409.64,0.5532,1,1,1,1,17.26,11,4,1,1,1,2,0.6956,0.6331,1,1,1,0,1
NCRB-SYNTH-106336,Supreme Court,Sec 482 CrPC (Quashing),4,17,22,0,0,1,1,1,0,1,1,1,0.6405,0,57,1,1,0.0082,2,1.2065,130.33,1,1,2234156.68,0.6351,1,1,1,1,24.09,3,4,1,1,1,12,0.2928,0.1141,4,1,1,0,1
NCRB-SYNTH-106344,High Court,Sec 482 CrPC (Quashing),7,10,64,1,0,1,1,1,0,1,1,1,0.7073,1,112,0,0,0.0719,8,1.0,133.88,1,1,10419676.11,0.8006,1,1,1,1,13.26,14,11,1,1,1,12,0.2318,0.0904,4,1,1,0,1
NCRB-SYNTH-106350,High Court,Sec 482 CrPC (Quashing),4,15,9,1,0,1,1,1,1,1,1,1,0.8933,1,88,0,0,0.0384,1,1.0,90.81,1,1,4418189.29,0.1956,1,1,1,1,16.27,19,11,1,1,1,8,0.0931,0.0424,3,1,1,0,1
NCRB-SYNTH-106370,High Court,Sec 439 CrPC (Regular Bail),15,25,33,1,0,1,1,1,1,1,1,1,0.4999,1,28,1,0,0.0621,6,1.1409,65.89,1,1,6564952.77,0.3123,1,1,1,1,2.91,7,13,1,1,1,40,0.1544,0.0416,4,1,1,0,0
NCRB-SYNTH-106377,Trial Court,Sec 439 CrPC (Regular Bail),4,22,9,1,0,1,1,1,0,1,1,1,0.5966,1,100,0,0,0.0484,5,1.0683,76.81,1,1,5353234.85,0.7712,1,1,1,1,15.47,6,13,1,1,1,9,0.1563,0.0679,3,1,1,0,0
NCRB-SYNTH-106378,High Court,Sec 482 CrPC (Quashing),4,12,71,1,0,1,1,1,0,1,1,1,0.7676,0,31,1,1,0.081,3,1.0314,97.0,1,1,14072781.32,0.8142,1,1,1,1,35.6,23,13,1,1,1,2,0.7662,0.6974,1,1,1,0,1
NCRB-SYNTH-106388,High Court,Sec 439 CrPC (Regular Bail),2,7,71,0,0,1,1,1,0,1,1,1,0.5745,1,52,0,1,0.0083,2,1.0535,161.73,1,1,7056170.42,0.2901,1,1,1,1,12.22,17,7,1,1,1,36,0.2572,0.0712,4,1,1,0,0
NCRB-SYNTH-106393,High Court,Sec 439 CrPC (Regular Bail),4,18,66,1,0,1,1,1,0,1,1,1,0.757,1,138,0,0,0.1096,8,1.0886,142.54,1,1,8851364.08,0.4729,1,1,1,1,10.8,13,13,1,1,1,9,0.0595,0.0259,3,1,1,0,1
NCRB-SYNTH-106419,Trial Court,Sec 439 CrPC (Regular Bail),2,20,45,1,0,1,1,1,0,1,1,1,0.4848,0,25,1,1,0.0818,1,1.2509,55.64,1,1,11141240.89,0.7586,1,1,1,1,11.84,22,9,1,1,1,26,0.0847,0.0257,4,1,1,0,0
NCRB-SYNTH-106428,High Court,Sec 482 CrPC (Quashing),2,6,59,1,0,1,1,1,0,1,1,1,0.4248,1,103,1,1,0.1203,4,1.2068,138.46,1,1,7025435.7,0.8706,1,1,1,1,7.41,21,14,1,1,1,20,0.1964,0.0645,4,1,1,0,0
NCRB-SYNTH-106431,Trial Court,Sec 482 CrPC (Quashing),2,23,82,1,0,1,1,1,0,1,1,1,0.8464,1,142,1,0,0.1125,6,1.0,128.76,1,1,6528805.0,0.652,1,1,1,1,16.06,14,7,1,1,1,43,0.1684,0.0445,4,1,1,0,1
NCRB-SYNTH-106435,High Court,Sec 439 CrPC (Regular Bail),1,10,60,1,0,1,1,1,1,1,1,1,0.5619,1,139,1,1,0.1171,3,1.0723,175.31,1,1,693952.21,0.9769,1,1,1,1,2.2,10,12,1,1,1,14,0.2629,0.0971,4,1,1,0,0
NCRB-SYNTH-106443,High Court,Sec 439 CrPC (Regular Bail),2,23,69,1,0,1,1,1,1,1,1,1,0.5737,1,144,1,1,0.0091,9,1.2526,164.65,1,1,5139172.43,0.8983,1,1,1,1,17.72,18,8,1,1,1,20,0.2626,0.0863,4,1,1,0,0
NCRB-SYNTH-106451,Trial Court,Sec 482 CrPC (Quashing),4,23,19,1,0,1,1,1,1,1,1,1,0.6255,0,65,0,0,0.0731,4,1.2029,150.43,1,1,10958574.39,0.6718,1,1,1,1,33.12,5,13,1,1,1,5,0.1721,0.0961,3,1,1,0,1
NCRB-SYNTH-106465,Supreme Court,Sec 439 CrPC (Regular Bail),2,22,49,1,0,1,1,1,0,1,1,1,0.4173,0,147,1,1,0.0153,8,1.0,124.47,1,1,2455079.69,0.6891,1,1,1,1,19.57,19,14,1,1,1,11,0.1606,0.0646,3,1,1,0,0
NCRB-SYNTH-106470,High Court,Trial Judgment,2,11,46,1,0,1,1,1,1,1,1,1,0.8691,1,95,0,1,0.0592,5,1.2459,121.33,1,1,7716828.38,0.3857,1,1,1,1,15.34,21,6,1,1,1,35,0.1109,0.031,4,1,1,0,1
NCRB-SYNTH-106472,Supreme Court,Sec 439 CrPC (Regular Bail),27,20,6,1,0,1,1,1,0,1,1,1,0.7918,1,112,1,1,0.1812,9,1.0283,144.2,1,1,7821833.57,0.6987,1,1,1,1,39.07,21,13,1,1,1,29,0.2137,0.0628,4,1,1,0,1
NCRB-SYNTH-106475,Trial Court,Sec 439 CrPC (Regular Bail),4,3,91,1,0,1,1,1,0,1,1,1,0.9092,0,72,1,1,0.0938,1,1.0458,113.94,1,1,4062847.06,0.4108,1,1,1,1,37.91,24,6,1,1,1,10,0.1214,0.0506,3,1,1,0,1
NCRB-SYNTH-106490,High Court,Sec 439 CrPC (Regular Bail),4,5,88,1,0,1,1,1,1,1,1,1,0.6154,1,139,1,1,0.0712,9,1.0661,37.9,1,1,2173215.75,0.502,1,1,1,1,9.39,8,14,1,1,1,1,0.7636,1.1017,1,1,1,0,1
NCRB-SYNTH-106500,High Court,Sec 439 CrPC (Regular Bail),2,19,19,1,0,1,1,1,0,1,1,1,0.7537,1,100,1,0,0.1038,7,1.0556,94.24,1,1,10122235.28,0.6558,1,1,1,1,17.35,24,7,1,1,1,2,0.5023,0.4572,1,1,1,0,1
NCRB-SYNTH-106506,High Court,Sec 439 CrPC (Regular Bail),4,15,77,1,0,1,1,1,1,1,1,1,0.9487,1,32,1,1,0.0678,7,1.3106,147.38,1,1,14494786.94,0.6392,1,1,1,1,6.46,11,8,1,1,1,2,0.4303,0.3917,1,1,1,0,1
NCRB-SYNTH-106507,Trial Court,Sec 439 CrPC (Regular Bail),4,6,69,1,0,1,1,1,1,1,1,1,0.9009,1,94,0,0,0.0373,4,1.0396,85.01,1,1,5645556.95,0.1775,1,1,1,1,17.69,10,14,1,1,1,3,0.8199,0.5914,1,1,1,0,1
NCRB-SYNTH-106512,Trial Court,Sec 439 CrPC (Regular Bail),4,11,13,1,0,1,1,1,0,1,1,1,0.8277,1,96,1,1,0.1396,4,1.0137,65.63,1,1,9398769.29,0.9414,1,1,1,1,4.93,6,12,1,1,1,26,0.177,0.0537,4,1,1,0,1
NCRB-SYNTH-106513,Supreme Court,Sec 439 CrPC (Regular Bail),4,19,46,1,0,1,1,1,0,1,1,1,0.6793,1,122,1,1,0.0032,6,1.0119,122.58,1,1,4417484.86,0.3745,1,1,1,1,21.0,19,7,1,1,1,17,0.1245,0.0431,4,1,1,0,1
NCRB-SYNTH-106514,High Court,Trial Judgment,7,13,70,0,1,1,1,1,1,1,1,1,0.401,1,165,1,1,0.0667,6,1.2744,94.8,1,1,9179408.84,0.797,1,1,1,1,5.88,22,5,1,1,1,1,0.852,1.2292,1,1,1,0,0
NCRB-SYNTH-106517,Supreme Court,Sec 439 CrPC (Regular Bail),21,9,93,1,0,1,1,1,0,1,1,1,0.7293,1,48,0,0,0.0274,9,1.2129,99.48,1,1,614847.87,0.7707,1,1,1,1,2.24,25,15,1,1,1,45,0.1817,0.0474,4,1,1,0,1
NCRB-SYNTH-106518,Trial Court,Sec 439 CrPC (Regular Bail),15,9,55,0,0,1,1,1,0,1,1,1,0.9289,1,57,1,0,0.0541,4,1.0351,111.76,1,1,8574664.46,0.525,1,1,1,1,9.38,15,8,1,1,1,3,0.6684,0.4821,1,1,1,0,1
NCRB-SYNTH-106523,Supreme Court,Sec 439 CrPC (Regular Bail),2,25,82,1,0,1,1,1,0,1,1,1,0.884,1,26,1,1,0.061,7,1.0845,35.54,1,1,14551448.61,0.3024,1,1,1,1,2.71,6,15,1,1,1,8,0.1769,0.0805,3,1,1,1,1
NCRB-SYNTH-106528,High Court,Sec 439 CrPC (Regular Bail),7,6,84,1,0,1,1,1,1,1,1,1,0.3957,1,152,1,1,0.0912,1,1.0,114.3,1,1,13446950.37,0.9175,1,1,1,1,18.6,5,3,1,1,1,34,0.3015,0.0848,4,1,1,0,0
NCRB-SYNTH-106530,High Court,Sec 439 CrPC (Regular Bail),1,21,35,1,0,1,1,1,1,1,1,1,0.5898,1,172,0,0,0.1015,5,1.0,50.92,1,1,2783195.33,0.5362,1,1,1,1,25.47,21,7,1,1,1,9,0.0866,0.0376,3,1,1,1,0
NCRB-SYNTH-106542,Trial Court,Writ Petition (Detention),7,23,36,1,0,1,1,1,0,1,1,1,0.7694,1,67,1,1,0.0409,4,1.1531,136.52,1,1,8883498.29,0.7065,1,1,1,1,12.22,21,6,1,1,1,7,0.1291,0.0621,3,1,1,0,1
NCRB-SYNTH-106555,Supreme Court,Sec 439 CrPC (Regular Bail),4,6,51,1,0,1,1,1,0,1,1,1,0.5325,1,89,0,0,0.1378,9,1.0,40.56,1,1,8562740.61,0.8565,1,1,1,1,3.59,21,15,1,1,1,9,0.1899,0.0825,3,1,1,0,0
NCRB-SYNTH-106556,High Court,Sec 439 CrPC (Regular Bail),4,6,74,1,0,1,1,1,0,1,1,1,0.6847,0,111,1,1,0.1173,4,1.1914,63.4,1,1,10285825.8,0.3346,1,1,1,1,15.05,21,9,1,1,1,8,0.0906,0.0413,3,1,1,0,1
NCRB-SYNTH-106559,High Court,Sec 439 CrPC (Regular Bail),4,20,38,1,0,1,1,1,0,1,1,1,0.6626,0,56,1,1,0.0767,5,1.0,161.32,1,1,3752387.91,0.7082,1,1,1,1,5.4,16,15,1,1,1,19,0.1814,0.0606,4,1,1,1,1
NCRB-SYNTH-106576,Trial Court,Sec 439 CrPC (Regular Bail),7,4,29,1,0,1,1,1,0,1,1,1,0.4457,1,77,1,0,0.1175,9,1.2765,36.42,1,1,8643184.86,0.8933,1,1,1,1,7.19,25,3,1,1,1,9,0.0608,0.0264,3,1,1,0,0
NCRB-SYNTH-106583,High Court,Writ Petition (Detention),7,10,37,1,0,1,1,1,0,1,1,1,0.7307,1,162,1,1,0.0543,6,1.0295,92.87,1,1,8375553.9,0.7074,1,1,1,1,3.54,22,15,1,1,1,44,0.1461,0.0384,4,1,1,0,1
NCRB-SYNTH-106590,High Court,Sec 439 CrPC (Regular Bail),1,6,76,1,0,1,1,1,1,1,1,1,0.5245,1,132,0,0,0.0,7,1.0655,49.13,1,1,2676104.34,0.7677,1,1,1,1,7.13,4,4,1,1,1,1,0.7709,1.1121,1,1,1,0,0
NCRB-SYNTH-106595,Trial Court,Sec 439 CrPC (Regular Bail),7,9,46,0,0,1,1,1,0,1,1,1,0.7755,1,74,1,1,0.0714,1,1.1284,103.73,1,1,5062699.13,0.7062,1,1,1,1,53.43,11,7,1,1,1,7,0.1027,0.0494,3,1,1,0,1
NCRB-SYNTH-106604,High Court,Trial Judgment,15,13,54,1,0,1,1,1,0,1,1,1,0.6182,1,113,1,1,0.0819,8,1.1746,42.35,1,1,6394846.34,0.7792,1,1,1,1,22.41,25,9,1,1,1,14,0.1065,0.0393,4,1,1,0,1
NCRB-SYNTH-106612,Trial Court,Sec 482 CrPC (Quashing),1,11,57,1,0,1,1,1,0,1,1,1,0.8091,1,83,1,1,0.0464,8,1.0351,156.99,1,1,9246599.69,0.2606,1,1,1,1,5.91,18,9,1,1,1,3,0.598,0.4314,1,1,1,0,1
NCRB-SYNTH-106616,Supreme Court,Sec 439 CrPC (Regular Bail),2,5,60,1,0,1,1,1,1,1,1,1,0.7896,1,100,1,0,0.0647,7,1.1845,143.38,1,1,6652633.76,0.1875,1,1,1,1,12.71,8,3,1,1,1,9,0.116,0.0504,3,1,1,0,1
NCRB-SYNTH-106620,Supreme Court,Sec 439 CrPC (Regular Bail),7,3,16,1,0,1,1,1,1,1,1,1,0.8594,0,25,1,1,0.0814,8,1.0,157.02,1,1,14629748.97,0.4552,1,1,1,1,2.63,7,8,1,1,1,27,0.1288,0.0387,4,1,1,0,1
NCRB-SYNTH-106625,Trial Court,Sec 439 CrPC (Regular Bail),4,4,100,1,0,1,1,1,1,1,1,1,0.5886,1,140,1,1,0.0773,1,1.0,178.3,1,1,5765686.92,0.6711,1,1,1,1,2.34,20,5,1,1,1,10,0.1939,0.0809,3,1,1,0,0
NCRB-SYNTH-106627,Trial Court,Sec 439 CrPC (Regular Bail),7,6,41,1,0,1,1,1,0,1,1,1,0.9224,1,36,1,1,0.1242,7,1.0631,132.0,1,1,10454389.31,0.2768,1,1,1,1,6.73,16,7,1,1,1,24,0.2053,0.0638,4,1,1,0,1
NCRB-SYNTH-106641,High Court,Writ Petition (Detention),4,21,35,1,0,1,1,1,0,1,1,1,0.8324,1,111,1,1,0.0752,6,1.0,124.39,1,1,3682644.29,0.368,1,1,1,1,11.9,7,7,1,1,1,13,0.1459,0.0553,4,1,1,0,1
NCRB-SYNTH-106642,Trial Court,Sec 439 CrPC (Regular Bail),27,18,99,1,0,1,1,1,1,1,1,1,0.4071,0,85,1,0,0.0,1,1.0175,121.41,1,1,2814512.79,0.9222,1,1,1,1,1.1,17,12,1,1,1,16,0.2836,0.1001,4,1,1,0,0
NCRB-SYNTH-106664,High Court,Sec 439 CrPC (Regular Bail),21,25,98,1,0,1,1,1,1,1,1,1,0.6577,0,77,1,1,0.1215,9,1.2248,84.26,1,1,13266390.98,0.6377,1,1,1,1,14.68,6,12,1,1,1,1,0.9431,1.3607,1,1,1,1,1
NCRB-SYNTH-106666,Trial Court,Sec 439 CrPC (Regular Bail),2,16,98,1,0,1,1,1,0,1,1,1,0.5213,1,136,1,1,0.0752,1,1.0615,159.47,1,1,4837681.13,0.7611,1,1,1,1,7.76,24,14,1,1,1,19,0.2984,0.0996,4,1,1,0,0
NCRB-SYNTH-106668,High Court,Sec 439 CrPC (Regular Bail),4,8,95,1,0,1,1,1,0,1,1,1,0.4039,1,69,1,1,0.0627,8,1.2315,114.66,1,1,6677383.06,0.7492,1,1,1,1,7.94,3,12,1,1,1,24,0.1404,0.0436,4,1,1,1,0
NCRB-SYNTH-106672,Trial Court,Sec 439 CrPC (Regular Bail),4,7,39,0,0,1,1,1,0,1,1,1,0.4279,1,58,1,1,0.0802,3,1.0,159.54,1,1,11040669.12,0.6078,1,1,1,1,8.13,20,9,1,1,1,45,0.2576,0.0673,4,1,1,0,0
NCRB-SYNTH-106691,Trial Court,Trial Judgment,2,3,52,0,0,1,1,1,1,1,1,1,0.5684,1,91,1,1,0.049,5,1.125,67.95,1,1,14329643.3,0.1969,1,1,1,1,6.47,25,8,1,1,1,21,0.2388,0.0772,4,1,1,0,0
NCRB-SYNTH-106694,Trial Court,Sec 439 CrPC (Regular Bail),4,24,37,0,1,1,1,1,1,1,1,1,0.4895,1,140,1,0,0.0727,6,1.0389,66.95,1,1,2976635.23,0.975,1,1,1,1,9.11,24,10,1,1,1,28,0.2902,0.0862,4,1,1,0,0
NCRB-SYNTH-106696,High Court,Sec 439 CrPC (Regular Bail),7,9,5,1,0,1,1,1,0,1,1,1,0.5717,1,173,1,1,0.0372,9,1.116,104.99,1,1,3741247.43,0.6368,1,1,1,1,17.76,8,14,1,1,1,33,0.2594,0.0736,4,1,1,0,0
NCRB-SYNTH-106699,High Court,Trial Judgment,15,3,7,1,0,1,1,1,0,1,1,1,0.7471,1,157,1,1,0.0868,7,1.178,52.66,1,1,1732306.36,0.353,1,1,1,1,31.5,25,12,1,1,1,22,0.1563,0.0498,4,1,1,0,1
NCRB-SYNTH-106702,Trial Court,Trial Judgment,15,14,18,1,0,1,1,1,0,1,1,1,0.6353,1,54,1,1,0.0496,6,1.0,44.65,1,1,13520211.84,0.2258,1,1,1,1,28.54,7,8,1,1,1,6,0.1126,0.0579,3,1,1,0,1
NCRB-SYNTH-106706,High Court,Sec 439 CrPC (Regular Bail),1,25,37,1,0,1,1,1,0,1,1,1,0.6259,1,96,1,1,0.1,2,1.1398,81.12,1,1,10507741.34,0.7186,1,1,1,1,13.8,8,7,1,1,1,39,0.3017,0.0818,4,1,1,0,1
NCRB-SYNTH-106713,High Court,Sec 439 CrPC (Regular Bail),7,22,42,1,0,1,1,1,0,1,1,1,0.7218,1,35,1,1,0.196,1,1.0,118.78,1,1,11086486.1,0.9478,1,1,1,1,13.23,18,8,1,1,1,2,0.4738,0.4312,1,1,1,0,1
NCRB-SYNTH-106714,Trial Court,Sec 439 CrPC (Regular Bail),4,7,29,1,0,1,1,1,0,1,1,1,0.6233,1,44,1,1,0.088,4,1.0611,37.92,1,1,5870940.17,0.7727,1,1,1,1,4.89,13,15,1,1,1,8,0.189,0.086,3,1,1,0,1
NCRB-SYNTH-106721,High Court,Sec 439 CrPC (Regular Bail),2,8,43,1,0,1,1,1,1,1,1,1,0.7369,1,24,1,1,0.0904,3,1.0,130.16,1,1,8023733.31,0.1857,1,1,1,1,5.34,17,7,1,1,1,8,0.0727,0.0331,3,1,1,0,1
NCRB-SYNTH-106723,High Court,Sec 482 CrPC (Quashing),4,18,29,1,0,1,1,1,0,1,1,1,0.9066,0,172,0,0,0.036,9,1.209,51.38,1,1,3989088.69,0.8113,1,1,1,1,5.24,21,15,1,1,1,2,0.4279,0.3895,1,1,1,0,1
NCRB-SYNTH-106730,Trial Court,Sec 439 CrPC (Regular Bail),15,9,47,1,0,1,1,1,0,1,1,1,0.5141,1,121,1,1,0.0593,7,1.0224,67.69,1,1,4160687.78,0.422,1,1,1,1,25.87,10,11,1,1,1,5,0.1049,0.0585,3,1,1,0,0
NCRB-SYNTH-106757,Trial Court,Sec 439 CrPC (Regular Bail),4,14,54,1,0,1,1,1,0,1,1,1,0.5341,0,60,1,0,0.1113,9,1.1094,153.55,1,1,9071793.74,0.3604,1,1,1,1,5.34,15,13,1,1,1,8,0.0947,0.0431,3,1,1,0,0
NCRB-SYNTH-106765,High Court,Sec 482 CrPC (Quashing),45,6,82,1,0,1,1,1,0,1,1,1,0.6667,0,136,1,1,0.177,5,1.327,40.94,1,1,3933605.29,0.7425,1,1,1,1,5.15,4,6,1,1,1,15,0.2819,0.1017,4,1,1,1,1
NCRB-SYNTH-106777,High Court,Trial Judgment,7,9,29,1,0,1,1,1,0,1,1,1,0.5392,1,48,1,1,0.0384,4,1.0545,40.37,1,1,2655796.26,0.297,1,1,1,1,2.65,4,13,1,1,1,24,0.2942,0.0914,4,1,1,0,0
NCRB-SYNTH-106785,Trial Court,Sec 439 CrPC (Regular Bail),4,19,41,0,0,1,1,1,0,1,1,1,0.5469,1,88,1,1,0.0655,3,1.0,179.17,1,1,8803550.36,0.5791,1,1,1,1,7.99,3,10,1,1,1,5,0.1724,0.0962,3,1,1,0,0
NCRB-SYNTH-106788,Supreme Court,Sec 439 CrPC (Regular Bail),2,13,70,1,0,1,1,1,1,1,1,1,0.4326,0,173,1,1,0.0176,8,1.1305,178.36,1,1,8658662.47,0.3482,1,1,1,1,3.83,23,3,1,1,1,45,0.1393,0.0364,4,1,1,0,0
NCRB-SYNTH-106791,High Court,Sec 439 CrPC (Regular Bail),1,8,89,1,0,1,1,1,1,1,1,1,0.6922,1,16,0,0,0.1004,9,1.1308,39.43,1,1,3596774.4,0.811,1,1,1,1,7.65,14,13,1,1,1,2,0.5907,0.5376,1,1,1,0,1
NCRB-SYNTH-106806,Trial Court,Sec 482 CrPC (Quashing),7,12,80,1,0,1,1,1,0,1,1,1,0.713,1,56,1,1,0.0971,4,1.1169,144.7,1,1,12128176.19,0.5792,1,1,1,1,10.94,10,12,1,1,1,1,0.8471,1.222,1,1,1,0,1
NCRB-SYNTH-106807,Trial Court,Sec 439 CrPC (Regular Bail),4,12,98,1,0,1,1,1,0,1,1,1,0.5893,1,177,1,0,0.0591,2,1.2115,63.61,1,1,14892549.49,0.6634,1,1,1,1,19.64,16,6,1,1,1,16,0.1427,0.0504,4,1,1,0,0
NCRB-SYNTH-106811,Trial Court,Sec 439 CrPC (Regular Bail),4,20,67,1,0,1,1,1,0,1,1,1,0.88,1,93,1,1,0.0409,1,1.1628,121.3,1,1,6187294.9,0.633,1,1,1,1,9.09,3,6,1,1,1,40,0.2059,0.0554,4,1,1,0,1
NCRB-SYNTH-106814,High Court,Sec 439 CrPC (Regular Bail),4,15,52,1,0,1,1,1,1,1,1,1,0.5128,1,115,1,1,0.0,1,1.1993,160.09,1,1,1108546.85,0.7195,1,1,1,1,6.04,3,11,1,1,1,41,0.1731,0.0463,4,1,1,0,0
NCRB-SYNTH-106820,High Court,Sec 439 CrPC (Regular Bail),15,13,83,1,0,1,1,1,1,1,1,1,0.7078,0,168,1,1,0.034,7,1.1265,93.73,1,1,2762843.95,0.9687,1,1,1,1,10.55,22,13,1,1,1,35,0.2004,0.0559,4,1,1,1,1
NCRB-SYNTH-106826,High Court,Sec 439 CrPC (Regular Bail),2,5,44,1,0,1,1,1,1,1,1,1,0.8603,1,161,1,1,0.0734,6,1.1395,62.46,1,1,11141674.3,0.3067,1,1,1,1,9.73,4,3,1,1,1,22,0.1896,0.0605,4,1,1,0,1
NCRB-SYNTH-106854,High Court,Sec 439 CrPC (Regular Bail),4,4,90,0,0,1,1,1,1,1,1,1,0.7766,0,30,1,0,0.0584,3,1.1463,127.75,1,1,1733262.1,0.4393,1,1,1,1,4.27,4,6,1,1,1,30,0.2998,0.0873,4,1,1,0,1
NCRB-SYNTH-106879,Trial Court,Sec 482 CrPC (Quashing),7,9,65,1,0,1,1,1,0,1,1,1,0.6788,0,32,1,1,0.0637,8,1.1774,73.46,1,1,6333430.26,0.8759,1,1,1,1,2.5,4,3,1,1,1,27,0.1018,0.0305,4,1,1,0,1
NCRB-SYNTH-106881,High Court,Sec 482 CrPC (Quashing),2,10,56,0,0,1,1,1,0,1,1,1,0.5154,1,131,1,1,0.132,9,1.0665,38.97,1,1,12719373.64,0.2474,1,1,1,1,4.06,9,6,1,1,1,7,0.2283,0.1098,3,1,1,0,0
NCRB-SYNTH-106897,Trial Court,Sec 439 CrPC (Regular Bail),21,17,71,1,0,1,1,1,1,1,1,1,0.7923,1,140,1,0,0.1325,3,1.0007,143.85,1,1,4793091.75,0.5719,1,1,1,1,28.02,17,13,1,1,1,5,0.2066,0.1153,3,1,1,0,1
NCRB-SYNTH-106908,Trial Court,Sec 439 CrPC (Regular Bail),7,4,79,1,0,1,1,1,1,1,1,1,0.5528,1,53,1,1,0.0552,1,1.1286,34.49,1,1,2593705.36,0.5824,1,1,1,1,12.66,3,13,1,1,1,4,0.2252,0.14,3,1,1,0,0
NCRB-SYNTH-106938,High Court,Sec 439 CrPC (Regular Bail),1,11,78,1,0,1,1,1,0,1,1,1,0.7714,1,87,1,1,0.1468,8,1.027,96.86,1,1,14937630.41,0.1541,1,1,1,1,4.58,20,13,1,1,1,26,0.2645,0.0803,4,1,1,1,1
NCRB-SYNTH-106941,Trial Court,Sec 482 CrPC (Quashing),15,12,59,1,0,1,1,1,0,1,1,1,0.639,1,166,1,1,0.1326,5,1.1178,37.5,1,1,555106.24,0.9773,1,1,1,1,23.83,13,15,1,1,1,11,0.0633,0.0255,3,1,1,0,1
NCRB-SYNTH-106946,High Court,Sec 482 CrPC (Quashing),21,19,39,1,0,1,1,1,1,1,1,1,0.5184,1,17,1,1,0.1275,6,1.1008,49.52,1,1,8148668.25,0.7541,1,1,1,1,30.38,12,4,1,1,1,24,0.1281,0.0398,4,1,1,0,0
NCRB-SYNTH-106951,Supreme Court,Sec 439 CrPC (Regular Bail),7,14,82,1,0,1,1,1,0,1,1,1,0.8082,1,88,1,1,0.0205,3,1.0,52.52,1,1,560254.88,0.881,1,1,1,1,5.12,15,3,1,1,1,3,0.4622,0.3334,1,1,1,0,1
NCRB-SYNTH-106955,High Court,Sec 439 CrPC (Regular Bail),4,12,87,1,0,1,1,1,0,1,1,1,0.8386,1,45,1,1,0.0409,6,1.2096,70.12,1,1,2619202.03,0.9,1,1,1,1,4.15,14,10,1,1,1,19,0.1311,0.0438,4,1,1,0,1
NCRB-SYNTH-106959,Trial Court,Sec 482 CrPC (Quashing),45,16,70,1,1,1,1,1,1,1,1,1,0.4919,1,143,1,0,0.0939,8,1.0,89.18,1,1,1435780.58,0.6815,1,1,1,1,11.22,6,11,1,1,1,44,0.1771,0.0465,4,1,1,1,0
NCRB-SYNTH-106967,Trial Court,Sec 439 CrPC (Regular Bail),2,18,88,1,0,1,1,1,0,1,1,1,0.5444,1,61,0,1,0.11,1,1.0255,63.19,1,1,1778650.22,0.3611,1,1,1,1,77.43,16,14,1,1,1,1,0.6766,0.9761,1,1,1,0,0
NCRB-SYNTH-106977,Trial Court,Sec 482 CrPC (Quashing),4,12,6,1,0,1,1,1,1,1,1,1,0.5692,1,120,1,1,0.1085,4,1.0194,138.98,1,1,10430918.78,0.6175,1,1,1,1,7.38,18,11,1,1,1,3,0.7741,0.5584,1,1,1,0,0
NCRB-SYNTH-106978,High Court,Sec 439 CrPC (Regular Bail),2,22,91,1,0,1,1,1,0,1,1,1,0.5157,1,87,0,0,0.0902,4,1.0,118.49,1,1,14649569.7,0.7482,1,1,1,1,4.88,17,14,1,1,1,16,0.1395,0.0492,4,1,1,0,0
NCRB-SYNTH-106979,High Court,Sec 439 CrPC (Regular Bail),4,25,45,0,0,1,1,1,0,1,1,1,0.7028,1,52,0,0,0.1271,6,1.1333,40.13,1,1,14148341.97,0.6831,1,1,1,1,2.18,10,11,1,1,1,7,0.1863,0.0896,3,1,1,0,1
NCRB-SYNTH-106984,High Court,Trial Judgment,21,18,79,1,0,1,1,1,0,1,1,1,0.727,0,116,0,0,0.0025,9,1.1057,49.86,1,1,6219282.29,0.6951,1,1,1,1,28.09,16,5,1,1,1,40,0.2145,0.0578,4,1,1,0,1
NCRB-SYNTH-106985,High Court,Sec 482 CrPC (Quashing),7,14,20,1,0,1,1,1,0,1,1,1,0.5845,1,95,1,0,0.113,4,1.0,88.77,1,1,5914112.07,0.6227,1,1,1,1,7.21,10,4,1,1,1,6,0.1594,0.0819,3,1,1,0,0
NCRB-SYNTH-107003,High Court,Sec 439 CrPC (Regular Bail),7,7,43,0,0,1,1,1,1,1,1,1,0.5747,1,25,1,1,0.1066,9,1.1939,120.83,1,1,1533016.73,0.533,1,1,1,1,19.91,6,10,1,1,1,22,0.249,0.0794,4,1,1,0,0
NCRB-SYNTH-107004,High Court,Trial Judgment,4,19,68,0,0,1,1,1,0,1,1,1,0.8197,1,22,1,1,0.1009,8,1.1769,93.07,1,1,8365733.87,0.9361,1,1,1,1,24.71,21,11,1,1,1,10,0.2488,0.1037,3,1,1,0,1
NCRB-SYNTH-107012,Trial Court,Sec 439 CrPC (Regular Bail),21,10,53,1,0,1,1,1,1,1,1,1,0.8199,1,164,0,0,0.1362,7,1.0,52.45,1,1,4576285.8,0.4518,1,1,1,1,11.99,3,5,1,1,1,10,0.1351,0.0564,3,1,1,0,1
NCRB-SYNTH-107020,High Court,Sec 439 CrPC (Regular Bail),4,9,14,1,0,1,1,1,1,1,1,1,0.4339,1,75,0,1,0.0659,9,1.009,99.58,1,1,4100830.13,0.8378,1,1,1,1,30.2,16,14,1,1,1,7,0.2462,0.1184,3,1,1,0,0
NCRB-SYNTH-107022,High Court,Sec 439 CrPC (Regular Bail),1,7,67,1,0,1,1,1,0,1,1,1,0.9396,1,35,1,1,0.0703,6,1.1201,163.73,1,1,12163853.82,0.3841,1,1,1,1,3.29,24,10,1,1,1,19,0.2584,0.0863,4,1,1,0,1
NCRB-SYNTH-107024,Trial Court,Sec 482 CrPC (Quashing),7,12,99,0,0,1,1,1,0,1,1,1,0.8738,1,172,1,1,0.0763,6,1.0481,103.89,1,1,507757.57,0.982,1,1,1,1,4.83,7,9,1,1,1,34,0.0822,0.0231,4,1,1,0,1
NCRB-SYNTH-107036,Supreme Court,Sec 439 CrPC (Regular Bail),4,17,6,1,0,1,1,1,0,1,1,1,0.474,1,76,1,1,0.0537,9,1.2972,101.28,1,1,10762241.4,0.4009,1,1,1,1,5.12,17,6,1,1,1,38,0.1443,0.0394,4,1,1,0,0
NCRB-SYNTH-107041,Supreme Court,Trial Judgment,2,21,36,1,0,1,1,1,0,1,1,1,0.7079,0,152,1,1,0.0744,8,1.2933,79.87,1,1,7796949.85,0.9692,1,1,1,1,15.43,14,5,1,1,1,10,0.1255,0.0523,3,1,1,0,1
NCRB-SYNTH-107047,High Court,Sec 439 CrPC (Regular Bail),21,18,31,1,0,1,1,1,0,1,1,1,0.4755,1,73,1,1,0.147,9,1.3369,160.02,1,1,2762770.31,0.3238,1,1,1,1,12.27,16,11,1,1,1,14,0.2582,0.0954,4,1,1,0,0
NCRB-SYNTH-107057,High Court,Sec 439 CrPC (Regular Bail),7,4,43,0,0,1,1,1,0,1,1,1,0.4793,1,31,1,1,0.127,3,1.0,75.36,1,1,14972021.88,0.5894,1,1,1,1,1.41,21,5,1,1,1,39,0.2183,0.0592,4,1,1,0,0
NCRB-SYNTH-107064,Trial Court,Sec 439 CrPC (Regular Bail),21,6,77,1,0,1,1,1,0,1,1,1,0.6676,1,100,0,0,0.0,5,1.0986,40.1,1,1,11689028.09,0.3753,1,1,1,1,23.89,17,12,1,1,1,34,0.1877,0.0528,4,1,1,0,1
NCRB-SYNTH-107080,High Court,Sec 439 CrPC (Regular Bail),4,18,34,1,0,1,1,1,0,1,1,1,0.6391,1,167,0,0,0.1071,2,1.2207,56.04,1,1,3682534.24,0.7965,1,1,1,1,1.89,17,3,1,1,1,45,0.2041,0.0533,4,1,1,0,1
NCRB-SYNTH-107082,Trial Court,Sec 439 CrPC (Regular Bail),1,19,16,1,0,1,1,1,0,1,1,1,0.5393,1,108,1,1,0.0415,5,1.0,32.92,1,1,8982084.52,0.7737,1,1,1,1,25.57,12,3,1,1,1,21,0.1651,0.0534,4,1,1,1,0
NCRB-SYNTH-107097,High Court,Sec 482 CrPC (Quashing),1,7,59,1,0,1,1,1,1,1,1,1,0.5464,1,83,1,1,0.0979,3,1.0154,49.65,1,1,10261880.08,0.5825,1,1,1,1,13.96,15,12,1,1,1,23,0.1539,0.0484,4,1,1,0,0
NCRB-SYNTH-107111,High Court,Sec 439 CrPC (Regular Bail),21,5,88,0,0,1,1,1,0,1,1,1,0.6061,1,132,1,1,0.0566,7,1.1117,78.7,1,1,8354479.4,0.3821,1,1,1,1,1.05,8,7,1,1,1,28,0.3166,0.094,4,1,1,0,1
NCRB-SYNTH-107117,Trial Court,Sec 439 CrPC (Regular Bail),1,8,52,1,0,1,1,1,1,1,1,1,0.7217,1,156,0,1,0.0502,4,1.0,169.45,1,1,11330304.33,0.3191,1,1,1,1,29.04,18,9,1,1,1,3,0.8923,0.6437,1,1,1,0,1
NCRB-SYNTH-107136,High Court,Sec 439 CrPC (Regular Bail),7,25,73,1,0,1,1,1,0,1,1,1,0.5782,1,102,1,1,0.1315,9,1.1296,109.59,1,1,14681753.96,0.2396,1,1,1,1,8.37,24,15,1,1,1,14,0.1752,0.0647,4,1,1,0,0
NCRB-SYNTH-107143,Trial Court,Sec 439 CrPC (Regular Bail),2,8,6,1,0,1,1,1,1,1,1,1,0.743,1,127,1,0,0.1497,9,1.0,133.63,1,1,6956644.85,0.3474,1,1,1,1,21.67,19,13,1,1,1,31,0.2344,0.0676,4,1,1,0,1
NCRB-SYNTH-107146,Trial Court,Sec 439 CrPC (Regular Bail),7,11,32,1,0,1,1,1,1,1,1,1,0.6025,0,28,0,0,0.154,8,1.0,59.09,1,1,8124801.23,0.7708,1,1,1,1,7.6,12,7,1,1,1,30,0.3015,0.0878,4,1,1,0,1
NCRB-SYNTH-107147,Trial Court,Sec 482 CrPC (Quashing),2,22,81,0,0,1,1,1,0,1,1,1,0.7073,0,106,0,0,0.0469,1,1.1559,81.41,1,1,5763390.23,0.3976,1,1,1,1,13.01,12,14,1,1,1,37,0.2292,0.063,4,1,1,0,1
NCRB-SYNTH-107151,High Court,Sec 482 CrPC (Quashing),1,24,57,1,0,1,1,1,0,1,1,1,0.602,1,73,0,1,0.1055,5,1.2943,105.64,1,1,13274513.97,0.7562,1,1,1,1,6.12,10,12,1,1,1,21,0.1794,0.058,4,1,1,1,1
NCRB-SYNTH-107156,Trial Court,Sec 439 CrPC (Regular Bail),7,6,18,1,0,1,1,1,0,1,1,1,0.6239,1,27,1,1,0.0115,7,1.2942,97.35,1,1,7552058.17,0.8551,1,1,1,1,6.13,15,13,1,1,1,5,0.2154,0.1202,3,1,1,0,1
NCRB-SYNTH-107161,Trial Court,Sec 439 CrPC (Regular Bail),2,5,71,1,0,1,1,1,1,1,1,1,0.4579,1,85,0,0,0.0757,9,1.5189,34.88,1,1,6129085.26,0.6195,1,1,1,1,2.0,21,8,1,1,1,37,0.2859,0.0786,4,1,1,0,0
NCRB-SYNTH-107165,Trial Court,Sec 439 CrPC (Regular Bail),4,18,74,0,0,1,1,1,1,1,1,1,0.6127,1,73,0,0,0.07,3,1.1829,135.85,1,1,3395056.53,0.414,1,1,1,1,5.93,9,10,1,1,1,34,0.3061,0.0861,4,1,1,0,1
NCRB-SYNTH-107174,Trial Court,Sec 439 CrPC (Regular Bail),7,24,47,1,0,1,1,1,0,1,1,1,0.5561,1,35,1,1,0.1345,1,1.0471,45.78,1,1,13214598.75,0.7286,1,1,1,1,32.36,25,13,1,1,1,17,0.1226,0.0424,4,1,1,0,0
NCRB-SYNTH-107178,High Court,Trial Judgment,7,19,60,1,0,1,1,1,0,1,1,1,0.514,1,102,1,0,0.0744,5,1.0,100.59,1,1,14426141.22,0.6217,1,1,1,1,4.86,11,12,1,1,1,7,0.0664,0.0319,3,1,1,0,0
NCRB-SYNTH-107183,Supreme Court,Sec 482 CrPC (Quashing),2,18,15,1,0,1,1,1,1,1,1,1,0.4593,1,48,1,0,0.0039,2,1.3139,70.4,1,1,1256203.56,0.9349,1,1,1,1,34.35,3,4,1,1,1,26,0.179,0.0543,4,1,1,0,0
NCRB-SYNTH-107184,Trial Court,Sec 439 CrPC (Regular Bail),7,11,66,0,0,1,1,1,0,1,1,1,0.5652,1,112,1,1,0.0452,1,1.1307,163.01,1,1,4962414.82,0.9744,1,1,1,1,5.49,22,5,1,1,1,44,0.1296,0.0341,4,1,1,0,0
NCRB-SYNTH-107195,High Court,Sec 439 CrPC (Regular Bail),21,19,42,1,0,1,1,1,0,1,1,1,0.5702,1,53,1,1,0.0657,2,1.0,121.86,1,1,713142.93,0.5082,1,1,1,1,8.89,21,10,1,1,1,2,0.6787,0.6177,1,1,1,0,0
NCRB-SYNTH-107198,Trial Court,Sec 439 CrPC (Regular Bail),7,10,92,1,0,1,1,1,0,1,1,1,0.7797,1,34,0,0,0.1178,1,1.2344,121.77,1,1,2908865.37,0.2234,1,1,1,1,12.35,3,8,1,1,1,18,0.1493,0.0507,4,1,1,0,1
NCRB-SYNTH-107210,Trial Court,Trial Judgment,7,10,88,0,0,1,1,1,0,1,1,1,0.6132,1,111,1,1,0.0818,5,1.0502,110.83,1,1,672245.46,0.6387,1,1,1,1,2.19,8,4,1,1,1,38,0.2394,0.0654,4,1,1,0,1
NCRB-SYNTH-107218,Trial Court,Sec 439 CrPC (Regular Bail),15,13,54,1,1,1,1,1,0,1,1,1,0.909,1,16,1,1,0.0945,2,1.2434,137.84,1,1,12039350.24,0.7255,1,1,1,1,12.83,18,9,1,1,1,30,0.0814,0.0237,4,1,1,1,1
NCRB-SYNTH-107241,Supreme Court,Sec 439 CrPC (Regular Bail),15,21,33,1,0,1,1,1,0,1,1,1,0.9581,1,20,0,0,0.1204,7,1.2119,129.63,1,1,13070775.01,0.691,1,1,1,1,13.73,9,12,1,1,1,45,0.2188,0.0571,4,1,1,0,1
NCRB-SYNTH-107250,High Court,Sec 439 CrPC (Regular Bail),4,21,97,1,0,1,1,1,1,1,1,1,0.8821,1,122,1,1,0.154,6,1.2718,110.09,1,1,14537430.76,0.9698,1,1,1,1,27.88,18,10,1,1,1,9,0.1666,0.0723,3,1,1,0,1
NCRB-SYNTH-107259,High Court,Sec 439 CrPC (Regular Bail),45,12,84,1,0,1,1,1,1,1,1,1,0.65,1,158,1,1,0.0755,1,1.0391,35.93,1,1,4659187.67,0.643,1,1,1,1,8.23,15,10,1,1,1,43,0.23,0.0608,4,1,1,0,1
NCRB-SYNTH-107265,High Court,Writ Petition (Detention),1,21,26,1,0,1,1,1,0,1,1,1,0.6897,1,161,1,1,0.1371,5,1.1537,53.28,1,1,5661157.7,0.7195,1,1,1,1,6.21,19,10,1,1,1,2,0.8764,0.7977,1,1,1,1,1
NCRB-SYNTH-107279,Trial Court,Trial Judgment,45,10,53,1,0,1,1,1,0,1,1,1,0.7668,0,54,1,1,0.1457,8,1.1163,122.81,1,1,3860625.46,0.6838,1,1,1,1,20.52,17,11,1,1,1,3,0.8685,0.6265,1,1,1,1,1
NCRB-SYNTH-107290,Supreme Court,Sec 482 CrPC (Quashing),2,22,40,1,0,1,1,1,0,1,1,1,0.8069,1,49,0,1,0.0456,9,1.1694,155.57,1,1,7341131.86,0.9548,1,1,1,1,8.97,13,9,1,1,1,18,0.2912,0.0989,4,1,1,0,1
NCRB-SYNTH-107291,Trial Court,Sec 439 CrPC (Regular Bail),4,10,9,1,0,1,1,1,0,1,1,1,0.7002,1,173,0,0,0.0558,2,1.0941,140.77,1,1,13808004.6,0.9383,1,1,1,1,10.1,10,4,1,1,1,20,0.1249,0.041,4,1,1,0,1
NCRB-SYNTH-107307,Trial Court,Sec 439 CrPC (Regular Bail),15,6,18,1,0,1,1,1,0,1,1,1,0.9368,1,161,1,1,0.109,3,1.0,51.7,1,1,12476191.33,0.2565,1,1,1,1,11.02,22,6,1,1,1,13,0.1615,0.0612,4,1,1,0,1
NCRB-SYNTH-107309,Trial Court,Sec 439 CrPC (Regular Bail),2,3,95,1,0,1,1,1,1,1,1,1,0.7606,1,92,0,0,0.095,9,1.1898,104.63,1,1,8772081.65,0.9495,1,1,1,1,27.68,7,8,1,1,1,1,0.8013,1.156,1,1,1,0,1
NCRB-SYNTH-107324,Trial Court,Sec 439 CrPC (Regular Bail),2,9,42,1,0,1,1,1,1,1,1,1,0.4976,1,18,0,0,0.1374,7,1.0563,176.47,1,1,1749509.67,0.3139,1,1,1,1,28.2,4,3,1,1,1,1,0.5286,0.7626,1,1,1,0,0
NCRB-SYNTH-107328,Trial Court,Sec 439 CrPC (Regular Bail),7,7,100,0,0,1,1,1,0,1,1,1,0.5649,0,146,1,1,0.0545,4,1.0162,171.92,1,1,14631934.53,0.1799,1,1,1,1,37.45,24,14,1,1,1,2,0.4313,0.3925,1,1,1,0,0
NCRB-SYNTH-107349,High Court,Sec 439 CrPC (Regular Bail),7,13,70,1,1,1,1,1,1,1,1,1,0.9239,1,82,0,0,0.0591,1,1.0,131.7,1,1,5096610.35,0.3254,1,1,1,1,15.33,18,10,1,1,1,39,0.1674,0.0454,4,1,1,0,1
NCRB-SYNTH-107356,Trial Court,Sec 439 CrPC (Regular Bail),1,6,68,1,0,1,1,1,1,1,1,1,0.985,1,94,0,0,0.1165,6,1.1797,86.59,1,1,3088160.5,0.5407,1,1,1,1,3.7,13,12,1,1,1,45,0.101,0.0264,4,1,1,1,1
NCRB-SYNTH-107361,High Court,Sec 439 CrPC (Regular Bail),4,4,92,1,0,1,1,1,0,1,1,1,0.4836,1,27,0,1,0.1105,4,1.0694,47.8,1,1,14746034.43,0.8913,1,1,1,1,11.77,19,12,1,1,1,14,0.2606,0.0962,4,1,1,0,0
NCRB-SYNTH-107364,Trial Court,Trial Judgment,4,18,63,1,0,1,1,1,1,1,1,1,0.8984,1,66,0,0,0.0745,6,1.1476,51.09,1,1,4636369.57,0.8483,1,1,1,1,3.52,10,12,1,1,1,35,0.093,0.026,4,1,1,0,1
NCRB-SYNTH-107393,Supreme Court,Sec 482 CrPC (Quashing),2,9,61,1,0,1,1,1,0,1,1,1,0.7323,1,96,1,1,0.0498,8,1.0068,136.85,1,1,3127439.1,0.3538,1,1,1,1,5.09,21,5,1,1,1,23,0.2525,0.0795,4,1,1,1,1
NCRB-SYNTH-107414,Trial Court,Sec 439 CrPC (Regular Bail),4,9,6,1,0,1,1,1,0,1,1,1,0.6934,1,35,1,1,0.1078,7,1.1514,95.17,1,1,6075826.88,0.4308,1,1,1,1,4.53,6,5,1,1,1,26,0.2667,0.0809,4,1,1,0,1
NCRB-SYNTH-107420,High Court,Sec 439 CrPC (Regular Bail),2,25,58,1,0,1,1,1,0,1,1,1,0.6403,1,114,1,1,0.0617,1,1.273,113.34,1,1,6532179.76,0.1683,1,1,1,1,4.43,21,5,1,1,1,11,0.1894,0.0762,3,1,1,0,1
NCRB-SYNTH-107446,High Court,Sec 439 CrPC (Regular Bail),2,15,33,1,0,1,1,1,0,1,1,1,0.7384,1,114,1,1,0.0616,9,1.0,46.63,1,1,13346156.8,0.1525,1,1,1,1,9.71,14,13,1,1,1,41,0.3128,0.0837,4,1,1,1,1
NCRB-SYNTH-107467,Trial Court,Sec 439 CrPC (Regular Bail),7,14,81,1,0,1,1,1,0,1,1,1,0.7452,1,107,0,0,0.0613,3,1.133,162.75,1,1,4920714.44,0.6553,1,1,1,1,14.08,16,3,1,1,1,5,0.2359,0.1316,3,1,1,0,1
NCRB-SYNTH-107471,Trial Court,Sec 482 CrPC (Quashing),15,25,18,1,0,1,1,1,0,1,1,1,0.9842,1,68,1,1,0.0707,5,1.195,128.23,1,1,7221692.94,0.8733,1,1,1,1,11.63,16,11,1,1,1,36,0.0843,0.0233,4,1,1,0,1
NCRB-SYNTH-107490,Trial Court,Sec 482 CrPC (Quashing),4,25,82,1,0,1,1,1,0,1,1,1,0.9202,1,124,0,0,0.1208,7,1.2509,42.24,1,1,7046458.84,0.6742,1,1,1,1,29.43,9,10,1,1,1,18,0.0931,0.0316,4,1,1,0,1
NCRB-SYNTH-107502,Trial Court,Sec 439 CrPC (Regular Bail),1,19,62,1,0,1,1,1,0,1,1,1,0.5053,1,79,1,1,0.1242,1,1.1622,142.71,1,1,5649149.57,0.5816,1,1,1,1,2.9,11,13,1,1,1,41,0.1249,0.0334,4,1,1,0,0
NCRB-SYNTH-107511,Trial Court,Sec 439 CrPC (Regular Bail),7,18,7,1,0,1,1,1,0,1,1,1,0.7796,0,149,1,1,0.1212,6,1.0626,108.97,1,1,9242930.34,0.211,1,1,1,1,1.15,19,8,1,1,1,1,0.4999,0.7212,1,1,1,0,1
NCRB-SYNTH-107516,High Court,Sec 439 CrPC (Regular Bail),15,12,64,1,0,1,1,1,1,1,1,1,0.4511,0,170,0,1,0.0772,2,1.2588,153.67,1,1,1499091.3,0.9146,1,1,1,1,25.09,19,15,1,1,1,1,0.6118,0.8826,1,1,1,0,0
NCRB-SYNTH-107519,High Court,Sec 439 CrPC (Regular Bail),4,18,18,1,0,1,1,1,1,1,1,1,0.4249,1,62,0,0,0.0628,6,1.1605,84.27,1,1,5705883.93,0.3548,1,1,1,1,6.24,23,8,1,1,1,28,0.167,0.0496,4,1,1,0,0
NCRB-SYNTH-107524,High Court,Sec 439 CrPC (Regular Bail),4,18,14,1,1,1,1,1,0,1,1,1,0.9422,1,59,1,1,0.1321,9,1.1302,158.06,1,1,7049507.83,0.8033,1,1,1,1,6.97,19,15,1,1,1,22,0.1033,0.0329,4,1,1,0,1
NCRB-SYNTH-107535,Trial Court,Sec 439 CrPC (Regular Bail),45,18,92,1,0,1,1,1,0,1,1,1,0.6709,0,122,1,1,0.0545,4,1.0868,93.25,1,1,8993610.4,0.4226,1,1,1,1,3.55,14,9,1,1,1,21,0.2777,0.0898,4,1,1,0,1
NCRB-SYNTH-107536,High Court,Trial Judgment,7,25,38,1,0,1,1,1,1,1,1,1,0.7546,1,161,1,1,0.0,9,1.1042,46.44,1,1,1214923.37,0.514,1,1,1,1,9.11,5,13,1,1,1,17,0.1341,0.0464,4,1,1,0,1
NCRB-SYNTH-107537,Trial Court,Sec 482 CrPC (Quashing),15,20,92,1,0,1,1,1,0,1,1,1,0.659,1,170,1,1,0.0771,9,1.0319,50.41,1,1,7301606.11,0.6378,1,1,1,1,2.81,15,14,1,1,1,1,0.5365,0.774,1,1,1,0,1
NCRB-SYNTH-107547,Trial Court,Sec 439 CrPC (Regular Bail),7,7,16,1,0,1,1,1,1,1,1,1,0.4286,1,23,1,1,0.1209,2,1.1441,85.03,1,1,4722631.35,0.4592,1,1,1,1,3.64,15,15,1,1,1,44,0.2852,0.0749,4,1,1,0,0
NCRB-SYNTH-107549,Trial Court,Sec 439 CrPC (Regular Bail),2,8,5,1,0,1,1,1,1,1,1,1,0.8755,0,154,1,0,0.1488,5,1.1405,101.49,1,1,13373557.3,0.5119,1,1,1,1,6.81,5,11,1,1,1,11,0.105,0.0422,3,1,1,0,1
NCRB-SYNTH-107550,Trial Court,Sec 482 CrPC (Quashing),2,5,13,1,0,1,1,1,0,1,1,1,0.7195,1,80,1,1,0.0155,6,1.0999,154.41,1,1,12811126.64,0.2669,1,1,1,1,16.9,7,14,1,1,1,1,0.818,1.1802,1,1,1,0,1
NCRB-SYNTH-107560,High Court,Sec 439 CrPC (Regular Bail),7,16,67,1,0,1,1,1,0,1,1,1,0.7202,0,115,1,1,0.0483,5,1.0247,95.29,1,1,1228065.35,0.762,1,1,1,1,3.63,12,7,1,1,1,42,0.1652,0.0439,4,1,1,0,1
NCRB-SYNTH-107561,High Court,Sec 439 CrPC (Regular Bail),4,18,14,1,0,1,1,1,0,1,1,1,0.6956,1,175,1,1,0.0866,7,1.1809,58.45,1,1,1999540.17,0.644,1,1,1,1,12.89,5,5,1,1,1,8,0.1614,0.0735,3,1,1,0,1
NCRB-SYNTH-107564,High Court,Sec 482 CrPC (Quashing),4,10,47,1,0,1,1,1,0,1,1,1,0.6081,1,153,1,1,0.1218,8,1.1794,51.8,1,1,1598725.19,0.9958,1,1,1,1,2.74,13,4,1,1,1,34,0.1732,0.0487,4,1,1,0,1
NCRB-SYNTH-107569,High Court,Sec 439 CrPC (Regular Bail),1,6,71,1,0,1,1,1,1,1,1,1,0.9252,1,65,1,1,0.0534,4,1.2584,85.15,1,1,8122459.73,0.3583,1,1,1,1,2.45,4,13,1,1,1,31,0.2137,0.0617,4,1,1,1,1
NCRB-SYNTH-107574,Supreme Court,Sec 439 CrPC (Regular Bail),15,4,27,1,0,1,1,1,1,1,1,1,0.9325,1,159,1,0,0.139,9,1.0754,100.83,1,1,14737796.51,0.7317,1,1,1,1,5.86,12,11,1,1,1,45,0.145,0.0379,4,1,1,0,1
NCRB-SYNTH-107578,High Court,Sec 482 CrPC (Quashing),15,21,90,1,0,1,1,1,0,1,1,1,0.4527,1,109,1,1,0.021,5,1.1123,134.53,1,1,3557829.37,0.5017,1,1,1,1,21.66,20,7,1,1,1,29,0.1575,0.0463,4,1,1,1,0
NCRB-SYNTH-107580,High Court,Sec 439 CrPC (Regular Bail),4,23,79,1,0,1,1,1,1,1,1,1,0.4469,1,50,1,1,0.0399,9,1.0934,150.93,1,1,5574546.25,0.2864,1,1,1,1,42.0,14,6,1,1,1,1,0.7296,1.0525,1,1,1,0,0
NCRB-SYNTH-107588,Trial Court,Sec 439 CrPC (Regular Bail),7,16,16,1,0,1,1,1,0,1,1,1,0.5469,1,166,1,1,0.0241,7,1.0418,47.8,1,1,3976146.64,0.2972,1,1,1,1,8.03,20,8,1,1,1,9,0.2455,0.1066,3,1,1,0,0
NCRB-SYNTH-107592,Trial Court,Sec 482 CrPC (Quashing),2,20,93,1,0,1,1,1,0,1,1,1,0.711,1,53,1,0,0.0414,5,1.0422,110.64,1,1,14942024.09,0.5628,1,1,1,1,18.91,11,4,1,1,1,10,0.0672,0.028,3,1,1,0,1
NCRB-SYNTH-107593,High Court,Sec 482 CrPC (Quashing),4,21,92,1,0,1,1,1,1,1,1,1,0.7099,1,66,1,1,0.0148,4,1.1092,117.46,1,1,11278963.39,0.4367,1,1,1,1,3.66,19,11,1,1,1,9,0.1377,0.0598,3,1,1,0,1
NCRB-SYNTH-107618,Trial Court,Sec 439 CrPC (Regular Bail),4,15,72,1,0,1,1,1,0,1,1,1,0.7954,1,6,1,1,0.0749,5,1.0,38.37,1,1,14550684.62,0.5689,1,1,1,1,3.75,18,15,1,1,1,20,0.0981,0.0322,4,1,1,0,1
NCRB-SYNTH-107630,High Court,Sec 439 CrPC (Regular Bail),7,20,99,1,1,1,1,1,0,1,1,1,0.9613,0,73,0,0,0.0033,1,1.0107,144.32,1,1,7787685.04,0.4047,1,1,1,1,15.12,9,14,1,1,1,10,0.1263,0.0527,3,1,1,0,1
NCRB-SYNTH-107654,Trial Court,Trial Judgment,4,19,53,1,0,1,1,1,0,1,1,1,0.923,1,153,1,1,0.0662,2,1.0,72.52,1,1,751047.28,0.9652,1,1,1,1,1.39,11,10,1,1,1,41,0.1762,0.0471,4,1,1,0,1
NCRB-SYNTH-107655,High Court,Sec 482 CrPC (Quashing),4,22,90,1,0,1,1,1,0,1,1,1,0.6126,1,37,1,0,0.0376,8,1.2504,55.61,1,1,3590739.96,0.4167,1,1,1,1,31.06,22,9,1,1,1,3,0.485,0.3499,1,1,1,0,1
NCRB-SYNTH-107656,Supreme Court,Sec 482 CrPC (Quashing),2,16,97,1,1,1,1,1,0,1,1,1,0.6756,1,122,1,1,0.1199,9,1.1988,47.02,1,1,8538796.74,0.4792,1,1,1,1,5.6,17,7,1,1,1,8,0.0677,0.0308,3,1,1,0,1
NCRB-SYNTH-107657,Trial Court,Sec 482 CrPC (Quashing),1,4,81,1,0,1,1,1,0,1,1,1,0.5198,1,66,1,1,0.0003,1,1.1317,174.48,1,1,8836862.99,0.1573,1,1,1,1,11.07,15,9,1,1,1,9,0.1374,0.0597,3,1,1,1,0
NCRB-SYNTH-107663,High Court,Sec 439 CrPC (Regular Bail),21,17,26,1,0,1,1,1,1,1,1,1,0.5543,1,163,1,1,0.0643,9,1.1514,91.46,1,1,4341536.77,0.4409,1,1,1,1,1.37,9,12,1,1,1,1,0.6947,1.0023,1,1,1,0,0
NCRB-SYNTH-107671,High Court,Sec 439 CrPC (Regular Bail),1,23,13,1,0,1,1,1,0,1,1,1,0.477,1,15,0,0,0.1029,6,1.0,94.12,1,1,5834799.65,0.5455,1,1,1,1,18.89,18,5,1,1,1,39,0.1491,0.0404,4,1,1,1,0
NCRB-SYNTH-107677,Supreme Court,Sec 439 CrPC (Regular Bail),2,10,23,1,0,1,1,1,0,1,1,1,0.4407,1,66,1,0,0.0566,9,1.1416,121.2,1,1,1393728.42,0.694,1,1,1,1,7.25,24,4,1,1,1,1,0.7534,1.0869,1,1,1,0,0
NCRB-SYNTH-107686,Trial Court,Sec 439 CrPC (Regular Bail),4,9,24,1,0,1,1,1,0,1,1,1,0.5985,1,24,1,1,0.0674,3,1.2493,80.41,1,1,8741864.28,0.8359,1,1,1,1,3.97,7,12,1,1,1,3,0.7605,0.5486,1,1,1,0,0
NCRB-SYNTH-107687,High Court,Sec 439 CrPC (Regular Bail),2,4,98,1,0,1,1,1,0,1,1,1,0.5719,1,47,1,1,0.1236,9,1.0921,89.89,1,1,11053934.76,0.2095,1,1,1,1,21.02,12,13,1,1,1,26,0.3004,0.0911,4,1,1,1,0
NCRB-SYNTH-107690,Trial Court,Trial Judgment,4,13,39,1,0,1,1,1,0,1,1,1,0.7662,1,168,1,1,0.0464,2,1.0064,107.64,1,1,2377386.88,0.2656,1,1,1,1,2.49,25,12,1,1,1,6,0.0754,0.0388,3,1,1,0,1
NCRB-SYNTH-107702,High Court,Sec 482 CrPC (Quashing),4,17,87,1,0,1,1,1,0,1,1,1,0.422,1,33,0,0,0.0705,3,1.0835,75.53,1,1,14423882.98,0.9055,1,1,1,1,7.33,15,14,1,1,1,10,0.22,0.0917,3,1,1,0,0
NCRB-SYNTH-107708,High Court,Sec 482 CrPC (Quashing),2,14,50,1,0,1,1,1,1,1,1,1,0.4454,1,22,1,1,0.0,3,1.2683,78.25,1,1,12323703.49,0.8552,1,1,1,1,24.19,23,7,1,1,1,15,0.1274,0.046,4,1,1,0,0
NCRB-SYNTH-107710,High Court,Sec 482 CrPC (Quashing),1,25,14,1,0,1,1,1,1,1,1,1,0.5593,1,53,1,0,0.1328,9,1.0,93.02,1,1,9949704.09,0.2134,1,1,1,1,49.96,23,4,1,1,1,21,0.1879,0.0608,4,1,1,0,0
NCRB-SYNTH-107724,Trial Court,Writ Petition (Detention),2,5,96,1,0,1,1,1,0,1,1,1,0.9346,1,18,1,1,0.0391,9,1.0,66.85,1,1,14598651.18,0.2344,1,1,1,1,14.93,13,3,1,1,1,3,0.7802,0.5628,1,1,1,0,1
NCRB-SYNTH-107734,High Court,Trial Judgment,4,21,72,1,0,1,1,1,1,1,1,1,0.7882,1,144,1,1,0.1141,8,1.0053,57.27,1,1,6359141.65,0.5282,1,1,1,1,38.1,17,4,1,1,1,2,0.5447,0.4958,1,1,1,0,1
NCRB-SYNTH-107743,High Court,Sec 439 CrPC (Regular Bail),15,20,16,1,0,1,1,1,0,1,1,1,0.5463,1,159,1,0,0.1427,8,1.119,102.11,1,1,7034068.38,0.7191,1,1,1,1,26.95,17,14,1,1,1,13,0.2595,0.0983,4,1,1,0,0
NCRB-SYNTH-107748,Trial Court,Sec 439 CrPC (Regular Bail),2,14,75,1,0,1,1,1,0,1,1,1,0.8322,0,29,1,1,0.0947,4,1.049,129.24,1,1,8161802.9,0.8288,1,1,1,1,7.1,22,12,1,1,1,3,0.9328,0.6729,1,1,1,0,1
NCRB-SYNTH-107756,High Court,Sec 439 CrPC (Regular Bail),7,24,94,0,0,1,1,1,1,1,1,1,0.8317,1,106,1,1,0.0849,1,1.3593,137.48,1,1,10920405.14,0.2464,1,1,1,1,22.97,5,10,1,1,1,39,0.1551,0.042,4,1,1,0,1
NCRB-SYNTH-107764,High Court,Sec 482 CrPC (Quashing),7,22,16,1,0,1,1,1,0,1,1,1,0.6577,1,121,1,1,0.0826,9,1.0,100.06,1,1,4180364.6,0.3003,1,1,1,1,9.68,7,12,1,1,1,5,0.1397,0.078,3,1,1,0,1
NCRB-SYNTH-107770,Supreme Court,Sec 482 CrPC (Quashing),2,14,36,1,0,1,1,1,0,1,1,1,0.664,1,127,1,1,0.0824,6,1.1866,166.24,1,1,12765961.81,0.2172,1,1,1,1,7.08,21,13,1,1,1,38,0.0851,0.0232,4,1,1,0,1
NCRB-SYNTH-107772,High Court,Sec 439 CrPC (Regular Bail),7,24,15,1,0,1,1,1,0,1,1,1,0.7321,1,37,0,0,0.0243,2,1.0339,160.89,1,1,12163727.39,0.3378,1,1,1,1,8.09,18,7,1,1,1,9,0.206,0.0895,3,1,1,0,1
NCRB-SYNTH-107778,Trial Court,Sec 439 CrPC (Regular Bail),7,13,36,1,0,1,1,1,1,1,1,1,0.6918,0,154,0,1,0.1064,5,1.1109,84.86,1,1,9541382.79,0.3553,1,1,1,1,20.86,14,11,1,1,1,20,0.1174,0.0386,4,1,1,0,1
NCRB-SYNTH-107795,Trial Court,Trial Judgment,7,17,30,1,0,1,1,1,0,1,1,1,0.9208,1,66,1,1,0.0735,9,1.1832,80.38,1,1,5695944.19,0.2338,1,1,1,1,6.8,11,13,1,1,1,2,0.6827,0.6214,1,1,1,0,1
NCRB-SYNTH-107807,Trial Court,Sec 439 CrPC (Regular Bail),15,6,12,0,0,1,1,1,0,1,1,1,0.6155,1,156,1,1,0.1188,4,1.0,111.05,1,1,8105492.52,0.8734,1,1,1,1,20.53,12,3,1,1,1,1,0.527,0.7603,1,1,1,0,1
NCRB-SYNTH-107824,Trial Court,Sec 439 CrPC (Regular Bail),4,23,7,1,1,1,1,1,0,1,1,1,0.6922,1,79,1,1,0.077,7,1.0,165.55,1,1,13435499.49,0.3079,1,1,1,1,1.58,11,15,1,1,1,8,0.2324,0.1058,3,1,1,0,1
NCRB-SYNTH-107845,Trial Court,Writ Petition (Detention),2,23,66,1,0,1,1,1,0,1,1,1,0.4413,1,101,1,1,0.0913,1,1.3015,31.96,1,1,12272020.0,0.9673,1,1,1,1,12.85,11,9,1,1,1,22,0.1654,0.0528,4,1,1,0,0
NCRB-SYNTH-107847,Trial Court,Sec 439 CrPC (Regular Bail),4,18,57,1,1,1,1,1,1,1,1,1,0.7092,0,45,1,1,0.01,1,1.0199,67.24,1,1,1959416.04,0.1956,1,1,1,1,24.42,4,12,1,1,1,43,0.106,0.028,4,1,1,0,1
NCRB-SYNTH-107853,Trial Court,Writ Petition (Detention),1,25,97,1,1,1,1,1,1,1,1,1,0.4118,1,62,1,0,0.0768,1,1.1312,91.95,1,1,9398593.97,0.978,1,1,1,1,22.14,4,13,1,1,1,24,0.2571,0.0799,4,1,1,0,0
NCRB-SYNTH-107871,High Court,Trial Judgment,2,3,27,1,0,1,1,1,0,1,1,1,0.9389,1,158,0,0,0.1425,8,1.2053,123.68,1,1,10027328.47,0.6721,1,1,1,1,4.03,16,8,1,1,1,10,0.0752,0.0314,3,1,1,0,1
NCRB-SYNTH-107886,High Court,Sec 439 CrPC (Regular Bail),15,19,40,1,0,1,1,1,1,1,1,1,0.351,1,153,1,1,0.122,8,1.0322,150.99,1,1,8380167.59,0.3573,1,1,1,1,13.33,23,4,1,1,1,30,0.2971,0.0865,4,1,1,0,0
NCRB-SYNTH-107893,High Court,Sec 482 CrPC (Quashing),4,12,39,1,0,1,1,1,0,1,1,1,0.7387,1,107,1,0,0.0878,9,1.2052,162.8,1,1,3850742.73,0.2591,1,1,1,1,6.68,9,14,1,1,1,3,0.7153,0.516,1,1,1,0,1
NCRB-SYNTH-107896,Trial Court,Sec 439 CrPC (Regular Bail),4,10,41,1,0,1,1,1,0,1,1,1,0.7958,1,29,1,1,0.0651,8,1.1727,134.34,1,1,13154295.92,0.3917,1,1,1,1,9.06,12,3,1,1,1,14,0.2853,0.1053,4,1,1,0,1
NCRB-SYNTH-107897,High Court,Trial Judgment,2,14,62,1,0,1,1,1,1,1,1,1,0.422,1,41,1,1,0.0624,5,1.0,43.45,1,1,5741916.88,0.4837,1,1,1,1,1.89,12,10,1,1,1,13,0.204,0.0773,4,1,1,0,0
NCRB-SYNTH-107904,Trial Court,Sec 439 CrPC (Regular Bail),2,18,16,1,0,1,1,1,0,1,1,1,0.9053,1,91,1,1,0.0542,2,1.0,39.74,1,1,5061221.91,0.1793,1,1,1,1,22.16,11,9,1,1,1,1,0.7469,1.0775,1,1,1,0,1
NCRB-SYNTH-107908,High Court,Sec 482 CrPC (Quashing),2,6,6,1,0,1,1,1,1,1,1,1,0.5193,1,127,1,1,0.1279,5,1.1413,108.17,1,1,12578923.03,0.5382,1,1,1,1,5.59,25,4,1,1,1,38,0.1797,0.0491,4,1,1,0,0
NCRB-SYNTH-107922,High Court,Sec 482 CrPC (Quashing),15,3,39,1,0,1,1,1,1,1,1,1,0.6411,0,132,1,1,0.0223,7,1.047,115.96,1,1,11848867.01,0.3453,1,1,1,1,5.76,22,8,1,1,1,5,0.0542,0.0302,3,1,1,0,1
NCRB-SYNTH-107929,High Court,Sec 439 CrPC (Regular Bail),45,12,92,1,0,1,1,1,0,1,1,1,0.4853,1,35,0,1,0.0864,8,1.0,40.04,1,1,1724863.64,0.1946,1,1,1,1,28.49,8,12,1,1,1,20,0.1354,0.0445,4,1,1,0,0
NCRB-SYNTH-107931,High Court,Sec 482 CrPC (Quashing),4,20,94,1,0,1,1,1,0,1,1,1,0.8407,1,169,1,1,0.1108,5,1.1317,151.36,1,1,1039801.59,0.8766,1,1,1,1,5.8,16,3,1,1,1,43,0.1014,0.0268,4,1,1,0,1
NCRB-SYNTH-107932,Supreme Court,Sec 439 CrPC (Regular Bail),1,19,15,1,0,1,1,1,1,1,1,1,0.6062,1,61,0,0,0.0951,6,1.1921,68.57,1,1,11757235.83,0.4502,1,1,1,1,21.79,17,9,1,1,1,34,0.1842,0.0518,4,1,1,1,1
NCRB-SYNTH-107948,High Court,Trial Judgment,7,20,74,1,0,1,1,1,0,1,1,1,0.6902,1,94,1,1,0.0546,7,1.0234,171.21,1,1,14786854.61,0.2964,1,1,1,1,2.17,19,4,1,1,1,17,0.2407,0.0833,4,1,1,0,1
NCRB-SYNTH-107958,Trial Court,Trial Judgment,15,19,13,1,0,1,1,1,0,1,1,1,0.5895,1,57,1,1,0.096,4,1.2113,62.22,1,1,9598723.78,0.7527,1,1,1,1,21.43,3,9,1,1,1,32,0.294,0.0841,4,1,1,0,0
NCRB-SYNTH-107978,Supreme Court,Sec 482 CrPC (Quashing),21,11,62,1,0,1,1,1,1,1,1,1,0.6296,1,120,0,0,0.1098,1,1.0344,172.67,1,1,4345880.93,0.4087,1,1,1,1,3.98,20,11,1,1,1,8,0.0663,0.0302,3,1,1,0,1
NCRB-SYNTH-107979,High Court,Sec 439 CrPC (Regular Bail),7,20,99,1,0,1,1,1,0,1,1,1,0.8734,0,129,1,1,0.0299,6,1.1351,173.1,1,1,10509384.21,0.3728,1,1,1,1,2.11,12,13,1,1,1,15,0.1887,0.068,4,1,1,0,1
NCRB-SYNTH-107980,High Court,Sec 482 CrPC (Quashing),4,21,84,1,0,1,1,1,1,1,1,1,0.4246,1,152,0,0,0.0335,3,1.1812,136.19,1,1,11183064.87,0.6349,1,1,1,1,25.96,12,3,1,1,1,5,0.058,0.0324,3,1,1,0,0
NCRB-SYNTH-107986,High Court,Sec 439 CrPC (Regular Bail),7,20,61,1,0,1,1,1,0,1,1,1,0.8537,1,44,1,1,0.1471,4,1.0,157.85,1,1,13338488.85,0.5069,1,1,1,1,2.95,13,15,1,1,1,28,0.2257,0.067,4,1,1,0,1
NCRB-SYNTH-107987,Trial Court,Sec 439 CrPC (Regular Bail),1,20,90,0,0,1,1,1,0,1,1,1,0.8665,1,100,1,1,0.119,5,1.0,170.43,1,1,10215592.1,0.9263,1,1,1,1,13.63,9,3,1,1,1,6,0.193,0.0992,3,1,1,0,1
NCRB-SYNTH-107989,Trial Court,Sec 439 CrPC (Regular Bail),7,13,49,1,0,1,1,1,0,1,1,1,0.5562,1,16,1,1,0.0429,7,1.0916,104.58,1,1,13862520.77,0.5354,1,1,1,1,5.53,15,13,1,1,1,2,0.8091,0.7365,1,1,1,0,0
NCRB-SYNTH-107990,Trial Court,Sec 439 CrPC (Regular Bail),7,7,65,1,0,1,1,1,0,1,1,1,0.4947,1,171,1,1,0.0775,1,1.0,156.04,1,1,12938890.45,0.9001,1,1,1,1,8.17,19,8,1,1,1,1,0.9087,1.311,1,1,1,0,0
NCRB-SYNTH-108001,Trial Court,Sec 439 CrPC (Regular Bail),7,7,77,1,0,1,1,1,0,1,1,1,0.9274,1,105,1,0,0.1775,2,1.1469,115.36,1,1,7596033.4,0.9622,1,1,1,1,3.55,8,9,1,1,1,32,0.1081,0.0309,4,1,1,0,1
NCRB-SYNTH-108007,High Court,Sec 482 CrPC (Quashing),4,17,8,1,0,1,1,1,1,1,1,1,0.8738,1,10,1,1,0.1022,2,1.2921,60.81,1,1,13457459.56,0.186,1,1,1,1,5.41,13,6,1,1,1,24,0.2623,0.0815,4,1,1,1,1
NCRB-SYNTH-108011,Trial Court,Sec 439 CrPC (Regular Bail),7,20,85,0,0,1,1,1,0,1,1,1,0.4159,1,20,1,1,0.1035,1,1.0,69.7,1,1,12460576.69,0.6627,1,1,1,1,12.23,13,12,1,1,1,11,0.1141,0.0459,3,1,1,0,0
NCRB-SYNTH-108016,High Court,Writ Petition (Detention),7,25,39,1,0,1,1,1,0,1,1,1,0.7523,0,148,1,1,0.0943,6,1.064,36.75,1,1,12735216.04,0.9197,1,1,1,1,9.08,15,15,1,1,1,35,0.2644,0.0738,4,1,1,0,1
NCRB-SYNTH-108022,High Court,Sec 439 CrPC (Regular Bail),2,18,31,1,0,1,1,1,0,1,1,1,0.7634,0,128,0,0,0.0721,6,1.2387,104.33,1,1,9610891.09,0.879,1,1,1,1,9.08,21,9,1,1,1,17,0.1986,0.0687,4,1,1,1,1
NCRB-SYNTH-108023,Trial Court,Sec 482 CrPC (Quashing),15,24,15,1,0,1,1,1,0,1,1,1,0.4128,1,95,1,1,0.1074,1,1.0465,86.73,1,1,6753052.28,0.2944,1,1,1,1,8.52,19,15,1,1,1,8,0.2418,0.11,3,1,1,0,0
NCRB-SYNTH-108027,Trial Court,Trial Judgment,7,22,45,1,0,1,1,1,0,1,1,1,0.9213,1,170,1,1,0.0941,7,1.0934,153.59,1,1,6915296.63,0.3932,1,1,1,1,16.09,20,14,1,1,1,25,0.3014,0.0925,4,1,1,0,1
NCRB-SYNTH-108030,High Court,Sec 439 CrPC (Regular Bail),7,10,32,1,0,1,1,1,0,1,1,1,0.5062,0,79,1,1,0.1371,7,1.1987,143.84,1,1,3637254.47,0.3672,1,1,1,1,8.58,6,8,1,1,1,26,0.2588,0.0785,4,1,1,0,0
NCRB-SYNTH-108035,Trial Court,Sec 439 CrPC (Regular Bail),2,19,71,1,0,1,1,1,0,1,1,1,0.7798,1,114,1,1,0.1222,2,1.0,140.21,1,1,1691333.94,0.6392,1,1,1,1,13.63,10,12,1,1,1,16,0.314,0.1108,4,1,1,0,1
NCRB-SYNTH-108044,High Court,Sec 439 CrPC (Regular Bail),21,12,49,1,0,1,1,1,1,1,1,1,0.8755,1,21,1,1,0.042,3,1.0842,35.08,1,1,8095046.85,0.313,1,1,1,1,1.26,12,11,1,1,1,6,0.1535,0.0789,3,1,1,0,1
NCRB-SYNTH-108047,High Court,Sec 439 CrPC (Regular Bail),4,11,81,0,0,1,1,1,0,1,1,1,0.4616,1,97,0,1,0.0677,2,1.0637,130.59,1,1,8248178.84,0.8997,1,1,1,1,13.3,19,5,1,1,1,26,0.1271,0.0386,4,1,1,0,0
NCRB-SYNTH-108055,High Court,Sec 439 CrPC (Regular Bail),7,13,68,0,0,1,1,1,0,1,1,1,0.5256,1,131,1,1,0.0672,2,1.2253,157.73,1,1,3379577.22,0.4536,1,1,1,1,18.31,11,8,1,1,1,12,0.2502,0.0976,4,1,1,0,0
NCRB-SYNTH-108073,Trial Court,Sec 482 CrPC (Quashing),27,9,47,0,0,1,1,1,0,1,1,1,0.4752,1,171,1,0,0.1078,7,1.186,168.64,1,1,11430824.95,0.9129,1,1,1,1,6.73,16,11,1,1,1,1,0.9223,1.3306,1,1,1,1,0
NCRB-SYNTH-108075,High Court,Sec 439 CrPC (Regular Bail),21,4,71,1,0,1,1,1,0,1,1,1,0.6266,1,22,1,1,0.0607,4,1.1944,121.93,1,1,7973264.58,0.7071,1,1,1,1,8.06,20,7,1,1,1,2,0.9185,0.8361,1,1,1,0,1
NCRB-SYNTH-108088,Trial Court,Sec 439 CrPC (Regular Bail),7,10,46,1,0,1,1,1,0,1,1,1,0.7727,1,29,1,1,0.1497,7,1.0799,76.17,1,1,3528628.1,0.5614,1,1,1,1,6.24,22,9,1,1,1,1,0.7778,1.1222,1,1,1,0,1
NCRB-SYNTH-108101,Trial Court,Sec 439 CrPC (Regular Bail),2,14,27,1,0,1,1,1,1,1,1,1,0.7055,1,123,1,1,0.0664,1,1.2373,52.17,1,1,14368702.53,0.2506,1,1,1,1,2.19,10,12,1,1,1,13,0.2444,0.0926,4,1,1,1,1
NCRB-SYNTH-108105,High Court,Writ Petition (Detention),27,11,78,1,0,1,1,1,0,1,1,1,0.7936,0,112,1,1,0.0459,4,1.139,154.43,1,1,4716710.73,0.6174,1,1,1,1,3.22,17,14,1,1,1,12,0.2374,0.0926,4,1,1,1,1
NCRB-SYNTH-108109,Supreme Court,Sec 482 CrPC (Quashing),45,9,42,1,0,1,1,1,0,1,1,1,0.6165,1,61,1,1,0.0942,7,1.1431,127.52,1,1,14477303.27,0.9287,1,1,1,1,15.89,3,15,1,1,1,11,0.1349,0.0543,3,1,1,0,1
NCRB-SYNTH-108110,Trial Court,Trial Judgment,2,19,81,1,0,1,1,1,0,1,1,1,0.7254,1,155,0,1,0.0633,1,1.2983,73.52,1,1,11486128.14,0.163,1,1,1,1,4.39,17,14,1,1,1,34,0.2433,0.0684,4,1,1,0,1
NCRB-SYNTH-108117,Supreme Court,Sec 482 CrPC (Quashing),4,14,17,1,0,1,1,1,1,1,1,1,0.5951,0,129,1,1,0.0548,1,1.2257,64.19,1,1,13521946.15,0.1811,1,1,1,1,1.65,11,12,1,1,1,26,0.2754,0.0836,4,1,1,0,0
NCRB-SYNTH-108131,Trial Court,Sec 439 CrPC (Regular Bail),4,13,6,1,0,1,1,1,1,1,1,1,0.7741,0,145,1,1,0.0909,9,1.0252,35.79,1,1,5219915.67,0.6376,1,1,1,1,2.72,16,13,1,1,1,44,0.0985,0.0259,4,1,1,0,1
NCRB-SYNTH-108142,Trial Court,Sec 482 CrPC (Quashing),1,23,100,1,0,1,1,1,1,1,1,1,0.6735,1,118,1,1,0.0905,2,1.0,42.46,1,1,14961875.96,0.6028,1,1,1,1,27.92,16,14,1,1,1,1,0.9498,1.3702,1,1,1,0,1
NCRB-SYNTH-108152,High Court,Sec 482 CrPC (Quashing),2,14,8,0,0,1,1,1,0,1,1,1,0.4207,1,55,1,0,0.0037,2,1.2526,177.63,1,1,5523870.95,0.7415,1,1,1,1,5.83,21,9,1,1,1,33,0.2248,0.0637,4,1,1,0,0
NCRB-SYNTH-108155,Trial Court,Sec 482 CrPC (Quashing),4,9,57,1,0,1,1,1,0,1,1,1,0.9327,1,37,1,1,0.1438,8,1.0617,47.92,1,1,8482740.73,0.388,1,1,1,1,6.54,8,11,1,1,1,16,0.2939,0.1037,4,1,1,0,1
NCRB-SYNTH-108157,Trial Court,Sec 439 CrPC (Regular Bail),27,13,92,1,0,1,1,1,1,1,1,1,0.7427,1,24,0,0,0.1483,1,1.0939,31.36,1,1,10619912.35,0.3374,1,1,1,1,6.11,17,9,1,1,1,22,0.214,0.0683,4,1,1,0,1
NCRB-SYNTH-108160,Trial Court,Trial Judgment,1,3,18,1,0,1,1,1,0,1,1,1,0.9479,1,154,1,0,0.0019,7,1.0995,98.46,1,1,8941440.4,0.9354,1,1,1,1,1.22,24,11,1,1,1,19,0.1316,0.0439,4,1,1,1,1
NCRB-SYNTH-108171,Trial Court,Sec 439 CrPC (Regular Bail),21,14,44,1,0,1,1,1,0,1,1,1,0.8814,1,169,1,0,0.114,3,1.2274,136.03,1,1,10499173.51,0.377,1,1,1,1,1.83,11,6,1,1,1,1,0.5003,0.7218,1,1,1,0,1
NCRB-SYNTH-108172,Trial Court,Sec 439 CrPC (Regular Bail),15,22,39,0,1,1,1,1,0,1,1,1,0.6382,1,152,1,1,0.114,9,1.0301,98.35,1,1,11105224.3,0.2259,1,1,1,1,3.7,14,15,1,1,1,15,0.1275,0.046,4,1,1,0,1
NCRB-SYNTH-108178,High Court,Sec 439 CrPC (Regular Bail),15,25,99,1,0,1,1,1,0,1,1,1,0.8948,1,135,1,1,0.047,2,1.225,64.13,1,1,13451688.49,0.1967,1,1,1,1,50.85,16,10,1,1,1,21,0.2908,0.0941,4,1,1,0,1
NCRB-SYNTH-108212,High Court,Sec 439 CrPC (Regular Bail),4,25,45,1,0,1,1,1,1,1,1,1,0.4933,1,141,1,1,0.0322,1,1.3142,118.91,1,1,9991489.74,0.4899,1,1,1,1,21.74,18,11,1,1,1,11,0.2433,0.0979,3,1,1,0,0
NCRB-SYNTH-108220,Supreme Court,Trial Judgment,4,20,97,1,0,1,1,1,0,1,1,1,0.493,1,54,1,1,0.009,4,1.0726,87.03,1,1,13447034.15,0.811,1,1,1,1,10.75,13,8,1,1,1,43,0.2213,0.0585,4,1,1,0,0
NCRB-SYNTH-108233,High Court,Sec 439 CrPC (Regular Bail),4,7,95,1,0,1,1,1,0,1,1,1,0.5002,1,117,1,1,0.0698,5,1.0458,65.24,1,1,8993028.11,0.831,1,1,1,1,38.18,20,14,1,1,1,18,0.2497,0.0848,4,1,1,0,0
NCRB-SYNTH-108237,High Court,Sec 439 CrPC (Regular Bail),21,21,99,1,0,1,1,1,1,1,1,1,0.37,0,64,1,1,0.0094,2,1.1451,159.43,1,1,5338846.32,0.4641,1,1,1,1,10.17,18,14,1,1,1,6,0.14,0.072,3,1,1,0,0
NCRB-SYNTH-108238,High Court,Sec 439 CrPC (Regular Bail),4,6,79,1,1,1,1,1,0,1,1,1,0.6067,1,110,1,1,0.1353,2,1.0033,138.4,1,1,11346930.79,0.8924,1,1,1,1,4.24,17,4,1,1,1,34,0.2858,0.0804,4,1,1,0,1
NCRB-SYNTH-108241,High Court,Sec 439 CrPC (Regular Bail),1,24,81,1,0,1,1,1,0,1,1,1,0.7879,0,159,1,1,0.1026,8,1.0946,52.07,1,1,941870.27,0.3153,1,1,1,1,9.75,18,4,1,1,1,38,0.1392,0.038,4,1,1,1,1
NCRB-SYNTH-108250,Trial Court,Sec 439 CrPC (Regular Bail),2,16,31,1,0,1,1,1,1,1,1,1,0.6769,1,172,0,0,0.081,1,1.1352,161.1,1,1,3051292.89,0.6788,1,1,1,1,8.04,3,13,1,1,1,41,0.2105,0.0563,4,1,1,0,1
NCRB-SYNTH-108260,Trial Court,Sec 482 CrPC (Quashing),4,13,57,1,0,1,1,1,0,1,1,1,0.8165,1,91,1,1,0.1705,2,1.0488,154.7,1,1,14662258.98,0.1718,1,1,1,1,11.81,13,10,1,1,1,29,0.2589,0.0761,4,1,1,1,1
NCRB-SYNTH-108263,High Court,Sec 482 CrPC (Quashing),27,9,52,1,0,1,1,1,0,1,1,1,0.9277,0,126,1,1,0.0774,4,1.0307,70.01,1,1,7962340.47,0.7097,1,1,1,1,5.3,6,6,1,1,1,10,0.2116,0.0882,3,1,1,0,1
NCRB-SYNTH-108265,Trial Court,Trial Judgment,4,17,87,1,0,1,1,1,1,1,1,1,0.8975,1,57,1,1,0.1132,1,1.1178,115.57,1,1,572725.53,0.646,1,1,1,1,9.48,11,8,1,1,1,7,0.218,0.1048,3,1,1,0,1
NCRB-SYNTH-108276,Supreme Court,Sec 439 CrPC (Regular Bail),7,15,13,1,0,1,1,1,0,1,1,1,0.6455,1,50,1,1,0.0872,3,1.1649,106.14,1,1,11704832.1,0.5667,1,1,1,1,15.81,10,7,1,1,1,13,0.1171,0.0444,4,1,1,0,1
NCRB-SYNTH-108286,High Court,Writ Petition (Detention),1,4,32,0,0,1,1,1,1,1,1,1,0.605,0,169,1,1,0.0806,2,1.1343,44.81,1,1,694577.76,0.3736,1,1,1,1,2.02,4,3,1,1,1,3,0.5107,0.3684,1,1,1,1,1
NCRB-SYNTH-108295,Trial Court,Sec 439 CrPC (Regular Bail),15,18,30,1,0,1,1,1,1,1,1,1,0.8707,0,149,0,0,0.1132,2,1.0,163.59,1,1,6026115.03,0.2944,1,1,1,1,4.15,9,4,1,1,1,3,0.8928,0.644,1,1,1,0,1
NCRB-SYNTH-108296,High Court,Sec 439 CrPC (Regular Bail),4,9,66,0,0,1,1,1,1,1,1,1,0.9629,1,163,1,0,0.0326,4,1.0729,114.77,1,1,10230408.03,0.3279,1,1,1,1,2.67,8,7,1,1,1,33,0.2089,0.0592,4,1,1,0,1
NCRB-SYNTH-108300,Trial Court,Sec 439 CrPC (Regular Bail),21,12,72,1,1,1,1,1,0,1,1,1,0.4543,1,46,1,1,0.0078,8,1.1397,157.19,1,1,8709324.09,0.3621,1,1,1,1,4.33,10,3,1,1,1,40,0.159,0.0428,4,1,1,0,0
NCRB-SYNTH-108301,Supreme Court,Writ Petition (Detention),4,22,71,1,0,1,1,1,1,1,1,1,0.8028,0,133,1,1,0.1551,5,1.1564,33.75,1,1,3949665.72,0.4336,1,1,1,1,11.65,22,8,1,1,1,2,0.7923,0.7212,1,1,1,0,1
NCRB-SYNTH-108303,Supreme Court,Sec 439 CrPC (Regular Bail),7,17,38,1,0,1,1,1,0,1,1,1,0.7583,1,128,1,1,0.138,8,1.1608,96.01,1,1,6476553.59,0.6827,1,1,1,1,11.19,11,4,1,1,1,21,0.2948,0.0954,4,1,1,0,1
NCRB-SYNTH-108318,High Court,Sec 482 CrPC (Quashing),4,12,80,1,0,1,1,1,0,1,1,1,0.5468,1,145,1,1,0.1205,5,1.0948,169.49,1,1,14603654.27,0.3096,1,1,1,1,27.55,19,8,1,1,1,3,0.4306,0.3106,1,1,1,0,0
NCRB-SYNTH-108326,Trial Court,Sec 439 CrPC (Regular Bail),2,15,22,1,0,1,1,1,0,1,1,1,0.4605,1,75,1,1,0.1344,9,1.2327,76.08,1,1,11005252.21,0.5092,1,1,1,1,3.32,18,9,1,1,1,22,0.0823,0.0263,4,1,1,0,0
NCRB-SYNTH-108331,Trial Court,Writ Petition (Detention),2,4,74,1,0,1,1,1,0,1,1,1,0.7181,1,66,1,1,0.1233,8,1.1127,133.33,1,1,12193979.44,0.2006,1,1,1,1,11.87,25,9,1,1,1,33,0.314,0.089,4,1,1,0,1
NCRB-SYNTH-108333,High Court,Sec 439 CrPC (Regular Bail),1,10,88,1,0,1,1,1,1,1,1,1,0.4418,0,65,1,1,0.0568,1,1.269,101.32,1,1,14203930.95,0.2058,1,1,1,1,34.44,19,11,1,1,1,43,0.2638,0.0697,4,1,1,0,0
NCRB-SYNTH-108335,High Court,Writ Petition (Detention),4,7,24,1,0,1,1,1,0,1,1,1,0.6578,1,124,1,1,0.1,8,1.1565,47.92,1,1,14160070.84,0.903,1,1,1,1,7.56,4,8,1,1,1,2,0.4294,0.3909,1,1,1,0,1
NCRB-SYNTH-108340,Trial Court,Sec 482 CrPC (Quashing),7,24,98,1,0,1,1,1,0,1,1,1,0.787,1,164,1,1,0.0495,5,1.3218,39.29,1,1,14674937.33,0.9634,1,1,1,1,6.48,10,12,1,1,1,1,0.5491,0.7922,1,1,1,0,1
NCRB-SYNTH-108341,Trial Court,Sec 482 CrPC (Quashing),2,11,7,1,0,1,1,1,1,1,1,1,0.8053,1,67,1,1,0.1127,2,1.0,108.64,1,1,12791023.46,0.2891,1,1,1,1,46.58,19,13,1,1,1,2,0.6478,0.5896,1,1,1,0,1
NCRB-SYNTH-108346,Trial Court,Sec 482 CrPC (Quashing),4,23,12,1,0,1,1,1,0,1,1,1,0.4834,1,22,1,0,0.0738,6,1.2162,38.42,1,1,12847623.0,0.3411,1,1,1,1,2.35,17,4,1,1,1,13,0.2542,0.0963,4,1,1,0,0
NCRB-SYNTH-108347,High Court,Sec 439 CrPC (Regular Bail),4,19,89,1,0,1,1,1,0,1,1,1,0.5365,1,164,0,0,0.0915,7,1.1645,90.26,1,1,9774607.67,0.1898,1,1,1,1,11.38,3,5,1,1,1,9,0.0795,0.0345,3,1,1,0,0
NCRB-SYNTH-108351,High Court,Sec 482 CrPC (Quashing),4,7,27,1,0,1,1,1,0,1,1,1,0.4232,1,167,1,0,0.0993,8,1.3345,57.35,1,1,4076566.33,0.8278,1,1,1,1,4.71,14,14,1,1,1,2,0.5903,0.5373,1,1,1,1,0
NCRB-SYNTH-108361,Trial Court,Trial Judgment,2,25,78,1,0,1,1,1,0,1,1,1,0.7084,1,69,1,1,0.0977,3,1.3467,39.45,1,1,9351169.57,0.8542,1,1,1,1,23.51,10,10,1,1,1,7,0.1672,0.0804,3,1,1,0,1
NCRB-SYNTH-108366,Trial Court,Sec 439 CrPC (Regular Bail),4,20,55,1,0,1,1,1,1,1,1,1,0.7864,1,79,1,1,0.0856,7,1.1517,135.04,1,1,3937602.14,0.6421,1,1,1,1,19.77,19,10,1,1,1,44,0.2323,0.061,4,1,1,0,1
NCRB-SYNTH-108368,High Court,Sec 439 CrPC (Regular Bail),4,13,28,0,0,1,1,1,0,1,1,1,0.7662,1,63,1,1,0.0549,2,1.0047,37.21,1,1,8010989.73,0.6891,1,1,1,1,9.98,19,3,1,1,1,33,0.2081,0.059,4,1,1,0,1
NCRB-SYNTH-108374,High Court,Sec 482 CrPC (Quashing),2,6,54,1,0,1,1,1,0,1,1,1,0.7539,0,136,1,1,0.077,9,1.0,65.99,1,1,1824869.02,0.7652,1,1,1,1,33.09,17,14,1,1,1,3,0.633,0.4566,1,1,1,0,1
NCRB-SYNTH-108394,High Court,Sec 439 CrPC (Regular Bail),4,25,59,1,0,1,1,1,1,1,1,1,0.9053,1,144,1,1,0.0,5,1.1899,87.45,1,1,6320067.1,0.4496,1,1,1,1,8.92,3,13,1,1,1,7,0.1326,0.0638,3,1,1,0,1
NCRB-SYNTH-108395,High Court,Sec 482 CrPC (Quashing),2,7,7,1,0,1,1,1,0,1,1,1,0.528,1,152,1,1,0.0977,4,1.1843,153.94,1,1,3525539.48,0.6069,1,1,1,1,19.01,10,12,1,1,1,8,0.2458,0.1118,3,1,1,0,0
NCRB-SYNTH-108396,Trial Court,Sec 439 CrPC (Regular Bail),21,9,29,1,0,1,1,1,1,1,1,1,0.747,1,91,1,1,0.0795,7,1.0792,170.88,1,1,9037752.24,0.4333,1,1,1,1,21.32,13,7,1,1,1,10,0.0592,0.0247,3,1,1,0,1
NCRB-SYNTH-108417,Trial Court,Sec 439 CrPC (Regular Bail),21,6,38,1,0,1,1,1,1,1,1,1,0.8086,1,152,1,1,0.0683,6,1.0958,169.58,1,1,11119749.64,0.8915,1,1,1,1,5.61,8,15,1,1,1,40,0.294,0.0792,4,1,1,0,1
NCRB-SYNTH-108419,Supreme Court,Sec 439 CrPC (Regular Bail),7,3,56,1,0,1,1,1,0,1,1,1,0.8532,1,175,1,1,0.1742,6,1.037,139.36,1,1,8186377.4,0.5366,1,1,1,1,10.69,23,3,1,1,1,2,0.8304,0.7559,1,1,1,0,1
NCRB-SYNTH-108450,Supreme Court,Sec 439 CrPC (Regular Bail),2,12,14,1,0,1,1,1,0,1,1,1,0.7634,0,139,1,1,0.0903,7,1.0,77.09,1,1,7340013.27,0.455,1,1,1,1,7.72,9,3,1,1,1,1,0.505,0.7286,1,1,1,0,1
NCRB-SYNTH-108464,High Court,Trial Judgment,7,25,34,1,0,1,1,1,1,1,1,1,0.9336,1,117,1,1,0.174,4,1.0538,82.83,1,1,13733014.93,0.6165,1,1,1,1,13.98,13,15,1,1,1,36,0.2065,0.0572,4,1,1,0,1
NCRB-SYNTH-108476,High Court,Sec 482 CrPC (Quashing),7,24,64,1,0,1,1,1,1,1,1,1,0.7258,1,123,1,1,0.0674,9,1.1084,34.33,1,1,3775284.49,0.1983,1,1,1,1,4.87,5,14,1,1,1,14,0.1062,0.0392,4,1,1,0,1
NCRB-SYNTH-108485,Supreme Court,Writ Petition (Detention),4,4,21,1,0,1,1,1,0,1,1,1,0.792,1,90,1,1,0.2075,6,1.0,124.47,1,1,8021960.13,0.2429,1,1,1,1,3.9,5,4,1,1,1,44,0.1709,0.0449,4,1,1,0,1
NCRB-SYNTH-108486,High Court,Sec 439 CrPC (Regular Bail),2,3,60,1,0,1,1,1,0,1,1,1,0.6205,1,33,1,1,0.1463,7,1.23,144.73,1,1,7327288.33,0.9499,1,1,1,1,17.09,12,15,1,1,1,10,0.1475,0.0615,3,1,1,0,1
NCRB-SYNTH-108491,Trial Court,Trial Judgment,2,7,55,1,0,1,1,1,1,1,1,1,0.4916,0,108,1,1,0.1311,6,1.1658,68.86,1,1,7518666.14,0.3454,1,1,1,1,10.82,21,12,1,1,1,37,0.1332,0.0366,4,1,1,0,0
NCRB-SYNTH-108506,High Court,Sec 439 CrPC (Regular Bail),2,18,20,1,0,1,1,1,0,1,1,1,0.7068,1,104,1,0,0.1011,9,1.0,86.08,1,1,2350070.3,0.5307,1,1,1,1,11.04,14,8,1,1,1,31,0.1674,0.0483,4,1,1,1,1
NCRB-SYNTH-108513,Supreme Court,Sec 482 CrPC (Quashing),7,5,29,1,0,1,1,1,1,1,1,1,0.8582,1,116,0,0,0.0597,5,1.2101,169.69,1,1,6851341.54,0.1643,1,1,1,1,6.34,14,9,1,1,1,22,0.1501,0.0479,4,1,1,0,1
NCRB-SYNTH-108520,High Court,Sec 439 CrPC (Regular Bail),15,20,83,1,0,1,1,1,0,1,1,1,0.8521,0,87,1,1,0.1162,7,1.0154,146.31,1,1,9716930.76,0.8994,1,1,1,1,3.21,15,4,1,1,1,25,0.1937,0.0595,4,1,1,1,1
NCRB-SYNTH-108528,High Court,Trial Judgment,4,20,69,1,0,1,1,1,0,1,1,1,0.7828,1,126,1,1,0.052,5,1.0,96.8,1,1,4882706.36,0.6575,1,1,1,1,2.05,4,12,1,1,1,29,0.292,0.0859,4,1,1,0,1
NCRB-SYNTH-108534,High Court,Writ Petition (Detention),2,21,37,1,0,1,1,1,0,1,1,1,0.8401,1,141,1,1,0.1231,1,1.0638,99.42,1,1,2973033.68,0.2125,1,1,1,1,1.11,14,13,1,1,1,13,0.2438,0.0924,4,1,1,0,1
NCRB-SYNTH-108543,Trial Court,Sec 482 CrPC (Quashing),1,9,26,1,0,1,1,1,0,1,1,1,0.9483,1,94,1,1,0.0464,6,1.1112,102.45,1,1,6745092.45,0.3066,1,1,1,1,10.44,9,13,1,1,1,3,0.658,0.4747,1,1,1,1,1
NCRB-SYNTH-108547,Trial Court,Sec 439 CrPC (Regular Bail),4,13,31,1,0,1,1,1,0,1,1,1,0.6071,1,22,1,1,0.0911,2,1.0832,154.68,1,1,4041456.29,0.332,1,1,1,1,1.47,24,9,1,1,1,6,0.2084,0.1071,3,1,1,0,1
NCRB-SYNTH-108559,Supreme Court,Sec 439 CrPC (Regular Bail),2,22,28,1,1,1,1,1,1,1,1,1,0.7465,1,167,1,0,0.1015,5,1.0,153.13,1,1,6648792.2,0.1694,1,1,1,1,17.88,18,13,1,1,1,7,0.1747,0.084,3,1,1,1,1
NCRB-SYNTH-108560,High Court,Sec 439 CrPC (Regular Bail),2,23,33,1,0,1,1,1,0,1,1,1,0.8129,1,67,1,1,0.077,7,1.1952,132.39,1,1,4168768.02,0.6385,1,1,1,1,1.02,13,11,1,1,1,8,0.173,0.0787,3,1,1,0,1
NCRB-SYNTH-108582,Trial Court,Trial Judgment,2,19,62,1,1,1,1,1,0,1,1,1,0.9241,1,80,1,1,0.0839,2,1.2934,86.63,1,1,2138024.18,0.6266,1,1,1,1,17.18,24,8,1,1,1,22,0.0929,0.0296,4,1,1,0,1
NCRB-SYNTH-108588,Supreme Court,Sec 482 CrPC (Quashing),7,12,63,1,0,1,1,1,0,1,1,1,0.5747,1,69,0,0,0.1304,6,1.1528,56.65,1,1,3341175.84,0.2896,1,1,1,1,2.34,22,9,1,1,1,30,0.2531,0.0737,4,1,1,0,0
NCRB-SYNTH-108591,High Court,Sec 439 CrPC (Regular Bail),7,19,11,0,0,1,1,1,1,1,1,1,0.9466,1,103,1,1,0.123,2,1.1841,139.33,1,1,11975305.06,0.7529,1,1,1,1,4.26,23,13,1,1,1,16,0.1864,0.0658,4,1,1,1,1
NCRB-SYNTH-108595,High Court,Sec 439 CrPC (Regular Bail),21,12,49,1,0,1,1,1,0,1,1,1,0.8674,1,188,1,1,0.0897,6,1.1411,118.79,1,1,13533038.05,0.6367,1,1,1,1,10.96,25,3,1,1,1,22,0.1827,0.0583,4,1,1,0,1
NCRB-SYNTH-108602,High Court,Sec 439 CrPC (Regular Bail),7,23,57,1,0,1,1,1,0,1,1,1,0.5147,0,26,1,1,0.0567,3,1.0982,131.09,1,1,2191026.31,0.4567,1,1,1,1,30.43,7,10,1,1,1,5,0.0656,0.0366,3,1,1,0,0
NCRB-SYNTH-108624,Trial Court,Sec 439 CrPC (Regular Bail),2,11,16,1,0,1,1,1,0,1,1,1,0.8032,1,108,1,1,0.0753,5,1.1261,104.34,1,1,2961968.81,0.5093,1,1,1,1,29.79,16,10,1,1,1,1,0.5242,0.7563,1,1,1,0,1
NCRB-SYNTH-108636,High Court,Trial Judgment,7,17,60,0,0,1,1,1,0,1,1,1,0.6342,1,75,1,1,0.1421,2,1.0,169.35,1,1,5650628.62,0.2863,1,1,1,1,3.44,11,8,1,1,1,7,0.1145,0.055,3,1,1,0,1
NCRB-SYNTH-108637,Supreme Court,Sec 439 CrPC (Regular Bail),2,22,44,1,0,1,1,1,0,1,1,1,0.7644,1,149,1,1,0.0941,7,1.1337,130.94,1,1,10736024.2,0.2299,1,1,1,1,7.81,20,14,1,1,1,35,0.1433,0.04,4,1,1,0,1
NCRB-SYNTH-108641,Trial Court,Writ Petition (Detention),4,12,53,1,0,1,1,1,1,1,1,1,0.7014,1,159,0,0,0.0823,8,1.1685,93.46,1,1,2763291.91,0.2069,1,1,1,1,6.9,7,7,1,1,1,38,0.0926,0.0253,4,1,1,0,1
NCRB-SYNTH-108649,High Court,Sec 439 CrPC (Regular Bail),1,6,84,1,0,1,1,1,0,1,1,1,0.6239,1,159,1,0,0.0972,1,1.0607,139.63,1,1,4471656.3,0.1517,1,1,1,1,5.93,6,11,1,1,1,9,0.1083,0.0471,3,1,1,0,1
NCRB-SYNTH-108667,Trial Court,Sec 439 CrPC (Regular Bail),1,11,78,0,0,1,1,1,1,1,1,1,0.7647,1,78,1,1,0.1299,4,1.0,60.87,1,1,14684148.62,0.5815,1,1,1,1,17.19,24,12,1,1,1,20,0.14,0.046,4,1,1,1,1
NCRB-SYNTH-108670,Trial Court,Sec 482 CrPC (Quashing),4,24,79,1,0,1,1,1,1,1,1,1,0.6567,1,135,1,1,0.1217,8,1.0309,101.86,1,1,13238174.56,0.472,1,1,1,1,4.06,15,4,1,1,1,9,0.2392,0.1039,3,1,1,0,1
NCRB-SYNTH-108678,Trial Court,Sec 439 CrPC (Regular Bail),2,10,21,1,0,1,1,1,0,1,1,1,0.6036,1,149,1,1,0.0743,5,1.1231,71.82,1,1,3199345.63,0.4707,1,1,1,1,1.88,16,10,1,1,1,3,0.5738,0.4139,1,1,1,0,1
NCRB-SYNTH-108682,High Court,Sec 482 CrPC (Quashing),2,15,96,1,0,1,1,1,1,1,1,1,0.572,1,84,0,0,0.0759,1,1.0859,101.58,1,1,2130555.16,0.6007,1,1,1,1,24.05,4,3,1,1,1,11,0.2438,0.0981,3,1,1,0,0
NCRB-SYNTH-108702,High Court,Writ Petition (Detention),2,19,35,1,0,1,1,1,0,1,1,1,0.578,1,48,0,0,0.0308,6,1.1717,120.02,1,1,4652953.63,0.582,1,1,1,1,11.06,22,6,1,1,1,15,0.2167,0.0782,4,1,1,0,0
NCRB-SYNTH-108707,High Court,Sec 439 CrPC (Regular Bail),7,3,78,1,0,1,1,1,0,1,1,1,0.6415,1,104,1,1,0.0808,3,1.096,134.35,1,1,3206932.21,0.6126,1,1,1,1,21.85,9,5,1,1,1,2,0.6188,0.5633,1,1,1,1,1
NCRB-SYNTH-108710,High Court,Sec 439 CrPC (Regular Bail),2,24,37,1,0,1,1,1,1,1,1,1,0.711,1,177,1,0,0.1138,9,1.0262,66.69,1,1,13644940.7,0.725,1,1,1,1,22.18,18,7,1,1,1,16,0.1512,0.0534,4,1,1,1,1
NCRB-SYNTH-108711,Trial Court,Sec 439 CrPC (Regular Bail),4,18,24,1,0,1,1,1,0,1,1,1,0.6449,1,55,1,1,0.1813,6,1.0243,92.25,1,1,6996779.72,0.7879,1,1,1,1,18.02,4,7,1,1,1,35,0.3107,0.0867,4,1,1,0,1
NCRB-SYNTH-108716,Trial Court,Sec 439 CrPC (Regular Bail),7,24,82,1,0,1,1,1,0,1,1,1,0.4319,1,90,1,0,0.0803,1,1.0731,109.57,1,1,5475638.4,0.2637,1,1,1,1,10.85,22,6,1,1,1,43,0.2558,0.0676,4,1,1,0,0
NCRB-SYNTH-108722,Trial Court,Sec 439 CrPC (Regular Bail),2,9,96,1,0,1,1,1,0,1,1,1,0.6594,1,168,1,1,0.0747,1,1.0,58.84,1,1,7630541.01,0.7732,1,1,1,1,9.22,7,10,1,1,1,6,0.2108,0.1083,3,1,1,0,1
NCRB-SYNTH-108726,High Court,Sec 482 CrPC (Quashing),15,16,18,1,0,1,1,1,0,1,1,1,0.9185,1,122,1,1,0.1535,2,1.2478,116.89,1,1,6751944.92,0.3109,1,1,1,1,17.17,10,10,1,1,1,37,0.2784,0.0765,4,1,1,0,1
NCRB-SYNTH-108732,High Court,Sec 482 CrPC (Quashing),15,16,82,1,0,1,1,1,0,1,1,1,0.687,1,110,1,1,0.0934,3,1.0,60.15,1,1,14348413.14,0.9671,1,1,1,1,2.15,9,13,1,1,1,10,0.0538,0.0224,3,1,1,0,1
NCRB-SYNTH-108766,High Court,Sec 439 CrPC (Regular Bail),45,21,86,1,0,1,1,1,1,1,1,1,0.8328,1,130,1,1,0.086,8,1.0471,166.44,1,1,10142254.82,0.7597,1,1,1,1,32.65,18,9,1,1,1,20,0.139,0.0457,4,1,1,0,1
NCRB-SYNTH-108767,High Court,Sec 439 CrPC (Regular Bail),4,5,58,0,0,1,1,1,1,1,1,1,0.7489,0,181,1,1,0.1306,7,1.1138,84.82,1,1,13718703.8,0.3963,1,1,1,1,18.19,21,3,1,1,1,14,0.2038,0.0752,4,1,1,0,1
NCRB-SYNTH-108779,Trial Court,Trial Judgment,4,14,8,1,0,1,1,1,1,1,1,1,0.7,1,51,1,1,0.0976,8,1.1645,178.59,1,1,2728025.41,0.4759,1,1,1,1,21.03,23,10,1,1,1,36,0.1767,0.0489,4,1,1,0,1
NCRB-SYNTH-108788,High Court,Sec 439 CrPC (Regular Bail),7,18,79,1,0,1,1,1,1,1,1,1,0.6074,1,132,1,1,0.062,4,1.0,168.01,1,1,10729292.32,0.6155,1,1,1,1,7.07,5,5,1,1,1,7,0.1339,0.0644,3,1,1,0,1
NCRB-SYNTH-108794,Trial Court,Sec 439 CrPC (Regular Bail),1,21,47,1,0,1,1,1,0,1,1,1,0.549,1,37,1,1,0.0921,9,1.1512,43.1,1,1,14235323.82,0.895,1,1,1,1,4.06,15,6,1,1,1,4,0.1809,0.1124,3,1,1,1,0
NCRB-SYNTH-108801,Supreme Court,Sec 439 CrPC (Regular Bail),1,15,75,1,0,1,1,1,1,1,1,1,0.6517,0,44,1,1,0.1305,3,1.1252,129.04,1,1,12473632.57,0.9324,1,1,1,1,3.84,17,4,1,1,1,4,0.0823,0.0511,3,1,1,0,1
NCRB-SYNTH-108806,Trial Court,Sec 482 CrPC (Quashing),2,6,48,1,0,1,1,1,0,1,1,1,0.8653,1,149,0,0,0.1048,7,1.1657,164.11,1,1,11958917.65,0.5208,1,1,1,1,9.39,17,12,1,1,1,13,0.178,0.0674,4,1,1,1,1
NCRB-SYNTH-108808,Trial Court,Sec 439 CrPC (Regular Bail),7,8,62,0,0,1,1,1,0,1,1,1,0.4544,1,65,1,1,0.1115,1,1.145,130.18,1,1,1402966.03,0.331,1,1,1,1,5.92,12,8,1,1,1,2,0.6711,0.6108,1,1,1,0,0
NCRB-SYNTH-108813,High Court,Sec 439 CrPC (Regular Bail),2,23,34,0,0,1,1,1,1,1,1,1,0.4661,1,114,1,1,0.0862,6,1.2879,136.08,1,1,6650460.8,0.9513,1,1,1,1,18.69,22,7,1,1,1,44,0.2011,0.0528,4,1,1,0,0
NCRB-SYNTH-108816,Trial Court,Sec 439 CrPC (Regular Bail),7,4,88,1,0,1,1,1,1,1,1,1,0.8529,1,111,1,1,0.1192,8,1.227,100.36,1,1,10786671.3,0.8565,1,1,1,1,12.67,15,6,1,1,1,4,0.1127,0.07,3,1,1,0,1
NCRB-SYNTH-108833,Trial Court,Sec 482 CrPC (Quashing),2,8,29,1,0,1,1,1,1,1,1,1,0.7777,1,32,1,1,0.068,1,1.0777,124.93,1,1,7463459.09,0.6159,1,1,1,1,8.66,14,10,1,1,1,6,0.2374,0.122,3,1,1,0,1
NCRB-SYNTH-108846,High Court,Sec 482 CrPC (Quashing),7,3,48,1,0,1,1,1,0,1,1,1,0.7909,1,110,0,0,0.0573,4,1.0,134.05,1,1,3175354.92,0.2444,1,1,1,1,4.0,13,8,1,1,1,2,0.6579,0.5988,1,1,1,0,1
NCRB-SYNTH-108862,Trial Court,Sec 482 CrPC (Quashing),4,11,72,1,0,1,1,1,0,1,1,1,0.4803,0,158,1,1,0.0915,6,1.0,80.88,1,1,8401563.59,1.0,1,1,1,1,8.18,18,4,1,1,1,6,0.0724,0.0372,3,1,1,0,0
NCRB-SYNTH-108885,Trial Court,Sec 482 CrPC (Quashing),2,6,31,1,0,1,1,1,1,1,1,1,0.6142,1,154,0,0,0.105,7,1.1823,41.83,1,1,1310157.98,0.9189,1,1,1,1,5.52,7,6,1,1,1,38,0.0892,0.0243,4,1,1,0,1
NCRB-SYNTH-108887,Trial Court,Sec 439 CrPC (Regular Bail),2,15,38,1,0,1,1,1,0,1,1,1,0.7349,1,168,0,0,0.0643,3,1.0282,167.16,1,1,565841.57,0.2787,1,1,1,1,11.53,22,11,1,1,1,25,0.2952,0.0906,4,1,1,0,1
NCRB-SYNTH-108892,High Court,Trial Judgment,2,21,59,0,0,1,1,1,0,1,1,1,0.579,1,36,1,1,0.0,9,1.1956,133.06,1,1,2834008.02,0.5556,1,1,1,1,24.44,19,9,1,1,1,21,0.164,0.0531,4,1,1,0,0
NCRB-SYNTH-108903,Trial Court,Sec 439 CrPC (Regular Bail),2,18,76,0,0,1,1,1,0,1,1,1,0.57,1,96,1,1,0.1209,4,1.0603,101.78,1,1,1553014.32,0.5758,1,1,1,1,1.87,7,4,1,1,1,1,0.4712,0.6798,1,1,1,0,0
NCRB-SYNTH-108904,Trial Court,Sec 439 CrPC (Regular Bail),4,8,91,1,0,1,1,1,0,1,1,1,0.5592,0,49,1,1,0.1302,2,1.151,62.9,1,1,6979316.82,0.9027,1,1,1,1,14.76,9,10,1,1,1,3,0.5956,0.4296,1,1,1,0,0
NCRB-SYNTH-108911,High Court,Sec 439 CrPC (Regular Bail),27,17,76,1,0,1,1,1,1,1,1,1,0.5608,1,47,1,1,0.1405,3,1.2786,118.63,1,1,1002582.39,0.7731,1,1,1,1,24.94,4,11,1,1,1,29,0.0883,0.026,4,1,1,0,0
NCRB-SYNTH-108912,High Court,Sec 482 CrPC (Quashing),7,16,73,1,0,1,1,1,1,1,1,1,0.7597,1,153,1,1,0.1782,2,1.1751,91.29,1,1,5939824.09,0.8862,1,1,1,1,1.49,10,14,1,1,1,4,0.2113,0.1313,3,1,1,0,1
NCRB-SYNTH-108918,High Court,Sec 482 CrPC (Quashing),15,10,48,1,0,1,1,1,0,1,1,1,0.9484,1,55,1,1,0.0553,5,1.061,65.25,1,1,13012201.31,0.6368,1,1,1,1,5.21,21,5,1,1,1,23,0.1443,0.0454,4,1,1,0,1
NCRB-SYNTH-108924,Trial Court,Sec 482 CrPC (Quashing),45,3,70,1,0,1,1,1,0,1,1,1,0.7577,1,125,1,1,0.0675,8,1.008,159.71,1,1,13730090.91,0.4388,1,1,1,1,24.04,23,5,1,1,1,33,0.139,0.0394,4,1,1,0,1
NCRB-SYNTH-108947,Trial Court,Sec 439 CrPC (Regular Bail),4,12,34,1,0,1,1,1,0,1,1,1,0.4616,1,135,1,0,0.121,7,1.0,176.94,1,1,12540958.23,0.4434,1,1,1,1,3.16,21,14,1,1,1,22,0.1018,0.0325,4,1,1,0,0
NCRB-SYNTH-108952,High Court,Sec 439 CrPC (Regular Bail),2,12,86,0,0,1,1,1,1,1,1,1,0.8701,1,167,1,1,0.0187,8,1.0145,115.81,1,1,8273813.84,0.8367,1,1,1,1,2.87,4,7,1,1,1,6,0.1253,0.0644,3,1,1,0,1
NCRB-SYNTH-108968,High Court,Sec 439 CrPC (Regular Bail),21,4,87,1,0,1,1,1,1,1,1,1,0.9017,1,82,1,1,0.0936,4,1.0444,153.4,1,1,5073587.52,0.6524,1,1,1,1,55.26,8,7,1,1,1,11,0.1134,0.0456,3,1,1,0,1
NCRB-SYNTH-108978,High Court,Trial Judgment,7,11,94,1,0,1,1,1,1,1,1,1,0.4515,1,35,1,0,0.0597,6,1.029,134.77,1,1,5755686.12,0.2474,1,1,1,1,14.33,16,3,1,1,1,5,0.2125,0.1186,3,1,1,0,0
NCRB-SYNTH-108981,Trial Court,Sec 439 CrPC (Regular Bail),27,5,50,1,0,1,1,1,1,1,1,1,0.5962,1,64,1,1,0.088,6,1.1223,154.08,1,1,3605895.28,0.8361,1,1,1,1,7.88,6,6,1,1,1,31,0.1326,0.0383,4,1,1,0,0
NCRB-SYNTH-108989,Trial Court,Sec 439 CrPC (Regular Bail),7,22,87,1,0,1,1,1,1,1,1,1,0.416,0,119,1,1,0.079,4,1.0022,124.37,1,1,3059337.18,0.9839,1,1,1,1,3.51,7,12,1,1,1,35,0.2617,0.073,4,1,1,0,0
NCRB-SYNTH-109003,Supreme Court,Sec 439 CrPC (Regular Bail),7,9,10,1,0,1,1,1,1,1,1,1,0.7341,1,92,0,1,0.0629,5,1.1427,63.78,1,1,3075760.36,0.6247,1,1,1,1,3.97,10,10,1,1,1,11,0.0675,0.0272,3,1,1,0,1
NCRB-SYNTH-109018,High Court,Sec 482 CrPC (Quashing),15,23,24,1,0,1,1,1,0,1,1,1,0.5875,1,89,0,0,0.1256,5,1.0821,169.94,1,1,6479362.91,0.8503,1,1,1,1,3.61,9,3,1,1,1,25,0.0881,0.027,4,1,1,0,0
NCRB-SYNTH-109032,Trial Court,Trial Judgment,7,24,23,1,0,1,1,1,0,1,1,1,0.6432,1,69,1,0,0.1521,2,1.016,153.59,1,1,9111216.41,0.8883,1,1,1,1,10.13,24,12,1,1,1,33,0.2081,0.059,4,1,1,0,1
NCRB-SYNTH-109034,Trial Court,Sec 482 CrPC (Quashing),4,23,51,1,0,1,1,1,1,1,1,1,0.6531,1,149,0,0,0.1588,7,1.0,120.91,1,1,13648001.2,0.6416,1,1,1,1,21.43,7,9,1,1,1,34,0.2464,0.0693,4,1,1,0,1
NCRB-SYNTH-109036,High Court,Sec 439 CrPC (Regular Bail),4,11,71,1,0,1,1,1,0,1,1,1,0.8983,1,141,1,1,0.0573,8,1.2219,135.3,1,1,1712604.61,0.7466,1,1,1,1,8.06,13,12,1,1,1,24,0.1035,0.0322,4,1,1,0,1
NCRB-SYNTH-109038,Trial Court,Sec 439 CrPC (Regular Bail),15,6,34,1,0,1,1,1,0,1,1,1,0.6487,1,96,1,1,0.0129,3,1.0,128.02,1,1,12376396.12,0.6319,1,1,1,1,3.64,24,12,1,1,1,7,0.1408,0.0677,3,1,1,0,1
NCRB-SYNTH-109039,High Court,Sec 439 CrPC (Regular Bail),7,13,87,1,0,1,1,1,1,1,1,1,0.6617,1,46,1,1,0.1529,8,1.0,48.93,1,1,6412690.05,0.2648,1,1,1,1,2.1,4,8,1,1,1,10,0.2379,0.0992,3,1,1,0,1
NCRB-SYNTH-109051,High Court,Sec 439 CrPC (Regular Bail),4,20,35,1,0,1,1,1,1,1,1,1,0.5756,0,161,1,1,0.0453,5,1.0642,116.88,1,1,1661425.13,0.724,1,1,1,1,8.59,16,15,1,1,1,42,0.1568,0.0417,4,1,1,0,0
NCRB-SYNTH-109063,Trial Court,Sec 439 CrPC (Regular Bail),4,16,21,1,0,1,1,1,0,1,1,1,0.9519,1,26,1,1,0.0726,3,1.0437,87.65,1,1,5140471.15,0.844,1,1,1,1,7.65,17,10,1,1,1,9,0.1533,0.0666,3,1,1,0,1
NCRB-SYNTH-109072,Trial Court,Sec 482 CrPC (Quashing),7,14,51,1,0,1,1,1,0,1,1,1,0.8238,1,63,1,1,0.077,4,1.0777,132.39,1,1,8769382.53,0.7042,1,1,1,1,7.23,6,6,1,1,1,3,0.4948,0.3569,1,1,1,1,1
NCRB-SYNTH-109076,Trial Court,Sec 482 CrPC (Quashing),1,23,53,0,0,1,1,1,0,1,1,1,0.896,1,51,1,1,0.1247,1,1.2004,63.08,1,1,13717453.53,0.5526,1,1,1,1,14.8,14,8,1,1,1,10,0.107,0.0446,3,1,1,0,1
NCRB-SYNTH-109077,Supreme Court,Sec 439 CrPC (Regular Bail),2,12,46,0,0,1,1,1,0,1,1,1,0.817,1,53,0,0,0.004,4,1.17,71.68,1,1,1153239.49,0.8316,1,1,1,1,11.12,14,10,1,1,1,1,0.8985,1.2963,1,1,1,0,1
NCRB-SYNTH-109078,High Court,Sec 482 CrPC (Quashing),2,24,16,1,0,1,1,1,0,1,1,1,0.6242,1,120,1,1,0.0742,4,1.0062,61.68,1,1,13346405.34,0.9806,1,1,1,1,1.03,7,12,1,1,1,3,0.9331,0.6731,1,1,1,0,1
NCRB-SYNTH-109079,High Court,Sec 439 CrPC (Regular Bail),15,12,45,1,0,1,1,1,0,1,1,1,0.8175,0,30,1,1,0.0575,6,1.208,75.75,1,1,8969232.51,0.4126,1,1,1,1,2.72,13,11,1,1,1,36,0.1312,0.0363,4,1,1,0,1
NCRB-SYNTH-109084,High Court,Sec 439 CrPC (Regular Bail),2,5,64,1,0,1,1,1,0,1,1,1,0.7608,1,147,1,1,0.0625,2,1.092,118.76,1,1,6091450.48,0.419,1,1,1,1,14.55,13,13,1,1,1,31,0.177,0.0511,4,1,1,0,1
NCRB-SYNTH-109094,Supreme Court,Sec 439 CrPC (Regular Bail),4,19,65,1,0,1,1,1,0,1,1,1,0.4174,1,116,1,0,0.0306,1,1.0,109.95,1,1,11053988.3,0.93,1,1,1,1,15.12,3,4,1,1,1,10,0.2217,0.0924,3,1,1,0,0
NCRB-SYNTH-109102,Supreme Court,Sec 439 CrPC (Regular Bail),15,21,71,1,0,1,1,1,0,1,1,1,0.6312,1,89,1,1,0.01,7,1.063,171.84,1,1,13743223.62,0.96,1,1,1,1,11.97,7,12,1,1,1,43,0.1432,0.0379,4,1,1,0,1
NCRB-SYNTH-109104,High Court,Trial Judgment,2,11,18,1,0,1,1,1,0,1,1,1,0.6216,1,143,1,1,0.1574,3,1.3237,89.5,1,1,10329099.13,0.3995,1,1,1,1,14.03,14,12,1,1,1,25,0.1919,0.0589,4,1,1,0,1
NCRB-SYNTH-109108,Trial Court,Sec 439 CrPC (Regular Bail),2,21,45,1,0,1,1,1,1,1,1,1,0.8517,1,77,1,1,0.0988,7,1.2086,160.7,1,1,4520326.59,0.9135,1,1,1,1,40.94,5,15,1,1,1,5,0.126,0.0703,3,1,1,0,1
NCRB-SYNTH-109110,High Court,Trial Judgment,21,21,61,1,1,1,1,1,1,1,1,1,0.4217,1,100,1,1,0.05,4,1.0,131.39,1,1,13720128.73,0.7638,1,1,1,1,25.85,21,13,1,1,1,3,0.4817,0.3475,1,1,1,0,0
NCRB-SYNTH-109129,High Court,Sec 482 CrPC (Quashing),7,10,88,1,0,1,1,1,0,1,1,1,0.829,1,66,1,0,0.1316,9,1.0,113.45,1,1,2747944.15,0.3083,1,1,1,1,2.15,4,5,1,1,1,5,0.1458,0.0814,3,1,1,0,1
NCRB-SYNTH-109132,High Court,Sec 439 CrPC (Regular Bail),2,19,56,1,0,1,1,1,1,1,1,1,0.4352,1,166,1,1,0.1171,9,1.068,45.96,1,1,2412705.43,0.8951,1,1,1,1,9.82,21,5,1,1,1,6,0.2355,0.121,3,1,1,0,0
NCRB-SYNTH-109135,High Court,Trial Judgment,15,9,27,1,0,1,1,1,0,1,1,1,0.8439,1,59,1,1,0.1446,2,1.0023,92.94,1,1,7160939.57,0.8553,1,1,1,1,8.14,3,12,1,1,1,39,0.2657,0.072,4,1,1,1,1
NCRB-SYNTH-109145,Trial Court,Sec 439 CrPC (Regular Bail),7,16,82,1,0,1,1,1,1,1,1,1,0.7947,1,166,1,1,0.101,1,1.2771,107.62,1,1,3736192.77,0.46,1,1,1,1,3.15,23,15,1,1,1,11,0.1701,0.0685,3,1,1,0,1
NCRB-SYNTH-109163,Trial Court,Sec 439 CrPC (Regular Bail),15,20,38,1,0,1,1,1,0,1,1,1,0.5271,1,84,1,1,0.1483,7,1.0657,97.67,1,1,10077020.29,0.9862,1,1,1,1,13.66,18,12,1,1,1,3,0.7818,0.564,1,1,1,1,0
NCRB-SYNTH-109166,High Court,Writ Petition (Detention),2,17,15,0,0,1,1,1,0,1,1,1,0.7604,1,65,1,1,0.0621,6,1.2984,68.7,1,1,815545.23,0.812,1,1,1,1,10.19,7,6,1,1,1,13,0.1015,0.0385,4,1,1,1,1
NCRB-SYNTH-109178,Trial Court,Sec 439 CrPC (Regular Bail),4,22,42,0,0,1,1,1,0,1,1,1,0.5546,1,156,1,1,0.1411,6,1.2109,97.58,1,1,9703440.13,0.305,1,1,1,1,4.99,12,10,1,1,1,2,0.5545,0.5047,1,1,1,0,0
NCRB-SYNTH-109185,High Court,Sec 439 CrPC (Regular Bail),7,10,90,1,0,1,1,1,1,1,1,1,0.8292,1,21,1,1,0.096,8,1.3059,80.31,1,1,4825647.88,0.7116,1,1,1,1,2.51,21,8,1,1,1,10,0.1694,0.0707,3,1,1,0,1
NCRB-SYNTH-109186,Supreme Court,Sec 482 CrPC (Quashing),4,10,62,1,0,1,1,1,1,1,1,1,0.4963,1,170,1,1,0.1092,5,1.0978,167.38,1,1,7648404.33,0.6231,1,1,1,1,11.61,17,14,1,1,1,1,0.7134,1.0292,1,1,1,0,0
NCRB-SYNTH-109187,High Court,Writ Petition (Detention),1,7,38,1,0,1,1,1,0,1,1,1,0.8047,1,135,1,1,0.1281,2,1.223,65.06,1,1,2248754.72,0.5429,1,1,1,1,2.97,20,10,1,1,1,3,0.5337,0.385,1,1,1,1,1
NCRB-SYNTH-109190,Supreme Court,Sec 482 CrPC (Quashing),2,18,79,1,0,1,1,1,0,1,1,1,0.779,1,109,1,1,0.0525,1,1.3703,149.44,1,1,10381994.09,0.4153,1,1,1,1,3.71,8,13,1,1,1,2,0.8666,0.7888,1,1,1,0,1
NCRB-SYNTH-109194,High Court,Trial Judgment,4,9,96,1,0,1,1,1,0,1,1,1,0.4341,1,137,0,1,0.0641,3,1.2969,65.17,1,1,12132954.04,0.2771,1,1,1,1,9.09,5,6,1,1,1,1,0.649,0.9363,1,1,1,0,0
NCRB-SYNTH-109195,High Court,Sec 439 CrPC (Regular Bail),4,3,76,1,0,1,1,1,1,1,1,1,0.855,1,90,1,1,0.0624,8,1.1392,46.62,1,1,10702259.53,0.2101,1,1,1,1,6.96,16,12,1,1,1,9,0.2379,0.1033,3,1,1,0,1
NCRB-SYNTH-109197,High Court,Trial Judgment,1,7,28,1,0,1,1,1,0,1,1,1,0.8045,1,157,0,0,0.086,7,1.2647,132.88,1,1,13489317.81,0.3354,1,1,1,1,11.42,10,13,1,1,1,3,0.8143,0.5874,1,1,1,0,1
NCRB-SYNTH-109209,Trial Court,Sec 439 CrPC (Regular Bail),7,15,43,1,0,1,1,1,0,1,1,1,0.8763,1,94,0,0,0.0499,5,1.0,84.89,1,1,7965514.23,0.7027,1,1,1,1,3.01,23,11,1,1,1,29,0.2005,0.059,4,1,1,1,1
NCRB-SYNTH-109219,High Court,Trial Judgment,4,25,52,1,0,1,1,1,0,1,1,1,0.5661,1,86,1,1,0.0314,7,1.0,87.87,1,1,7280210.52,0.7769,1,1,1,1,7.87,22,13,1,1,1,39,0.2724,0.0738,4,1,1,0,0
NCRB-SYNTH-109230,Trial Court,Sec 439 CrPC (Regular Bail),2,24,31,1,1,1,1,1,0,1,1,1,0.99,1,102,1,1,0.0,1,1.0,71.7,1,1,2927583.37,0.7686,1,1,1,1,27.39,4,12,1,1,1,44,0.153,0.0402,4,1,1,0,1
NCRB-SYNTH-109235,Supreme Court,Sec 482 CrPC (Quashing),7,8,98,1,0,1,1,1,0,1,1,1,0.6106,1,39,0,0,0.1166,2,1.0977,51.43,1,1,14125055.84,0.5531,1,1,1,1,6.94,16,14,1,1,1,13,0.0961,0.0364,4,1,1,0,1
NCRB-SYNTH-109244,Trial Court,Sec 482 CrPC (Quashing),4,24,25,1,1,1,1,1,0,1,1,1,0.5594,1,146,1,1,0.0676,1,1.1261,42.21,1,1,516225.91,0.5449,1,1,1,1,24.54,19,4,1,1,1,18,0.1311,0.0445,4,1,1,0,0
NCRB-SYNTH-109255,Trial Court,Trial Judgment,7,9,40,1,0,1,1,1,1,1,1,1,0.4742,1,113,1,1,0.0379,1,1.2934,65.88,1,1,5983065.61,0.8519,1,1,1,1,20.85,8,14,1,1,1,3,0.8566,0.6179,1,1,1,0,0
NCRB-SYNTH-109259,High Court,Sec 439 CrPC (Regular Bail),1,17,48,0,0,1,1,1,1,1,1,1,0.8447,1,171,0,0,0.0936,6,1.143,54.62,1,1,5230169.75,0.3298,1,1,1,1,3.85,5,7,1,1,1,23,0.2605,0.082,4,1,1,1,1
NCRB-SYNTH-109265,High Court,Sec 482 CrPC (Quashing),1,5,12,0,0,1,1,1,1,1,1,1,0.6771,1,160,0,1,0.1553,8,1.0,163.55,1,1,5858513.5,0.5675,1,1,1,1,2.8,8,11,1,1,1,33,0.2726,0.0773,4,1,1,0,1
NCRB-SYNTH-109275,Trial Court,Writ Petition (Detention),4,14,27,1,0,1,1,1,0,1,1,1,0.9806,1,167,1,0,0.1146,4,1.0,81.59,1,1,13807054.63,0.9183,1,1,1,1,1.34,13,12,1,1,1,1,0.7399,1.0675,1,1,1,0,1
NCRB-SYNTH-109283,Trial Court,Sec 482 CrPC (Quashing),45,13,11,1,0,1,1,1,0,1,1,1,0.8724,1,111,0,0,0.0447,8,1.1734,171.0,1,1,13983342.57,0.3679,1,1,1,1,12.05,20,12,1,1,1,18,0.2612,0.0887,4,1,1,0,1
NCRB-SYNTH-109285,High Court,Sec 439 CrPC (Regular Bail),2,19,13,1,0,1,1,1,0,1,1,1,0.6918,1,122,1,1,0.0744,8,1.2411,155.31,1,1,6430346.65,0.396,1,1,1,1,17.41,9,13,1,1,1,35,0.1317,0.0367,4,1,1,0,1
NCRB-SYNTH-109286,High Court,Sec 439 CrPC (Regular Bail),7,22,75,1,0,1,1,1,0,1,1,1,0.4604,1,79,0,0,0.1004,9,1.065,34.43,1,1,7105886.82,0.272,1,1,1,1,9.4,20,11,1,1,1,4,0.1824,0.1133,3,1,1,0,0
NCRB-SYNTH-109288,Trial Court,Sec 439 CrPC (Regular Bail),2,21,96,1,0,1,1,1,0,1,1,1,0.5485,1,129,1,1,0.0716,4,1.2249,87.69,1,1,11396869.55,0.7287,1,1,1,1,20.57,16,12,1,1,1,5,0.0979,0.0546,3,1,1,0,0
NCRB-SYNTH-109298,High Court,Trial Judgment,2,18,78,1,0,1,1,1,1,1,1,1,0.9272,1,46,1,0,0.0426,4,1.2707,84.74,1,1,13580203.14,0.1697,1,1,1,1,25.55,20,11,1,1,1,5,0.0991,0.0553,3,1,1,0,1
NCRB-SYNTH-109303,Trial Court,Sec 439 CrPC (Regular Bail),1,6,33,1,0,1,1,1,1,1,1,1,0.828,1,136,1,1,0.1227,3,1.1951,165.24,1,1,4770433.66,0.4771,1,1,1,1,23.11,23,3,1,1,1,1,0.5903,0.8517,1,1,1,0,1
NCRB-SYNTH-109305,Trial Court,Sec 439 CrPC (Regular Bail),15,13,34,1,0,1,1,1,1,1,1,1,0.4904,0,116,1,1,0.1437,6,1.0712,92.17,1,1,6877423.94,0.1649,1,1,1,1,6.45,23,7,1,1,1,9,0.0814,0.0353,3,1,1,0,0
NCRB-SYNTH-109308,Supreme Court,Sec 439 CrPC (Regular Bail),2,20,55,1,0,1,1,1,0,1,1,1,0.7074,0,27,0,0,0.0,4,1.0,75.15,1,1,3471281.07,0.2451,1,1,1,1,7.27,23,5,1,1,1,10,0.1817,0.0758,3,1,1,0,1
NCRB-SYNTH-109313,Trial Court,Trial Judgment,2,17,35,1,0,1,1,1,0,1,1,1,0.6397,1,45,1,1,0.0529,5,1.2621,128.55,1,1,10300782.2,0.3276,1,1,1,1,16.32,24,3,1,1,1,2,0.8549,0.7782,1,1,1,0,1
NCRB-SYNTH-109317,Trial Court,Sec 482 CrPC (Quashing),7,19,38,1,0,1,1,1,1,1,1,1,0.5797,1,116,1,1,0.0742,3,1.061,56.77,1,1,6253575.19,0.222,1,1,1,1,12.65,6,4,1,1,1,7,0.1128,0.0542,3,1,1,0,0
NCRB-SYNTH-109320,Supreme Court,Sec 439 CrPC (Regular Bail),2,17,23,1,0,1,1,1,0,1,1,1,0.6687,1,140,1,1,0.1409,8,1.2252,142.71,1,1,2675517.72,0.9398,1,1,1,1,1.35,21,15,1,1,1,17,0.2474,0.0856,4,1,1,0,1
NCRB-SYNTH-109327,High Court,Sec 439 CrPC (Regular Bail),2,13,32,1,0,1,1,1,1,1,1,1,0.6963,0,58,1,1,0.1023,8,1.1104,114.38,1,1,9287052.2,0.1566,1,1,1,1,8.18,7,14,1,1,1,40,0.1497,0.0403,4,1,1,0,1
NCRB-SYNTH-109330,Trial Court,Sec 482 CrPC (Quashing),2,21,10,1,0,1,1,1,0,1,1,1,0.8419,1,82,0,0,0.0072,7,1.0,154.85,1,1,3591936.15,0.1612,1,1,1,1,29.79,9,13,1,1,1,24,0.1644,0.0511,4,1,1,0,1
NCRB-SYNTH-109332,High Court,Sec 439 CrPC (Regular Bail),27,20,21,1,0,1,1,1,0,1,1,1,0.6605,1,89,1,1,0.0927,5,1.0106,92.95,1,1,9927278.44,0.2818,1,1,1,1,13.24,23,3,1,1,1,38,0.3166,0.0864,4,1,1,0,1
NCRB-SYNTH-109334,High Court,Sec 439 CrPC (Regular Bail),2,18,40,1,0,1,1,1,0,1,1,1,0.6725,1,81,1,1,0.0745,1,1.0,101.06,1,1,10260906.57,0.9217,1,1,1,1,9.95,18,9,1,1,1,1,0.8775,1.2659,1,1,1,0,1
NCRB-SYNTH-109343,Trial Court,Sec 482 CrPC (Quashing),45,24,51,1,0,1,1,1,0,1,1,1,0.7621,1,99,1,1,0.0618,8,1.2159,99.21,1,1,8235790.89,0.5675,1,1,1,1,5.43,21,10,1,1,1,1,0.4416,0.637,1,1,1,0,1
NCRB-SYNTH-109344,High Court,Sec 439 CrPC (Regular Bail),2,11,27,1,0,1,1,1,0,1,1,1,0.5676,1,118,0,0,0.1574,7,1.3188,43.4,1,1,4082583.5,0.1974,1,1,1,1,5.32,17,13,1,1,1,4,0.2232,0.1387,3,1,1,0,0
NCRB-SYNTH-109347,High Court,Trial Judgment,1,8,100,1,0,1,1,1,0,1,1,1,0.3981,1,100,1,1,0.056,1,1.2113,86.04,1,1,6403321.29,0.3288,1,1,1,1,2.13,8,13,1,1,1,1,0.7515,1.0843,1,1,1,0,0
NCRB-SYNTH-109356,High Court,Sec 439 CrPC (Regular Bail),15,5,71,1,0,1,1,1,1,1,1,1,0.5257,1,177,1,1,0.0907,8,1.0935,91.32,1,1,7665309.35,0.4113,1,1,1,1,3.55,15,7,1,1,1,7,0.0887,0.0426,3,1,1,0,0
NCRB-SYNTH-109357,High Court,Sec 439 CrPC (Regular Bail),4,4,66,0,1,1,1,1,1,1,1,1,0.9612,1,25,1,0,0.0566,9,1.2351,168.61,1,1,7601007.12,0.5814,1,1,1,1,66.57,4,7,1,1,1,44,0.1348,0.0354,4,1,1,0,1
NCRB-SYNTH-109362,High Court,Writ Petition (Detention),4,14,92,1,0,1,1,1,0,1,1,1,0.739,1,104,1,1,0.1315,9,1.188,114.72,1,1,12356458.83,0.9219,1,1,1,1,5.27,7,15,1,1,1,2,0.8629,0.7854,1,1,1,0,1
NCRB-SYNTH-109368,Trial Court,Sec 482 CrPC (Quashing),4,19,87,1,0,1,1,1,0,1,1,1,0.8159,1,86,1,1,0.0337,6,1.0,82.16,1,1,8814990.24,0.5183,1,1,1,1,1.5,22,8,1,1,1,11,0.2061,0.0829,3,1,1,1,1
NCRB-SYNTH-109369,High Court,Sec 439 CrPC (Regular Bail),2,18,47,1,1,1,1,1,0,1,1,1,0.8383,0,159,1,0,0.1026,2,1.0725,35.66,1,1,1860304.14,0.5857,1,1,1,1,36.14,13,4,1,1,1,2,0.6352,0.5781,1,1,1,0,1
NCRB-SYNTH-109371,Trial Court,Trial Judgment,7,11,12,1,0,1,1,1,0,1,1,1,0.4304,1,112,1,0,0.103,4,1.1725,49.17,1,1,11892850.35,0.3367,1,1,1,1,5.28,18,7,1,1,1,40,0.1854,0.0499,4,1,1,0,0
NCRB-SYNTH-109394,High Court,Sec 439 CrPC (Regular Bail),7,5,47,0,0,1,1,1,0,1,1,1,0.6998,1,18,1,1,0.0681,3,1.1002,175.83,1,1,14885191.77,0.4023,1,1,1,1,35.06,12,9,1,1,1,11,0.1325,0.0533,3,1,1,0,1
NCRB-SYNTH-109413,High Court,Sec 439 CrPC (Regular Bail),1,21,13,1,0,1,1,1,0,1,1,1,0.7054,0,68,1,1,0.0777,2,1.2701,153.0,1,1,11887409.25,0.9793,1,1,1,1,7.59,23,5,1,1,1,20,0.2593,0.0852,4,1,1,1,1
NCRB-SYNTH-109426,High Court,Sec 439 CrPC (Regular Bail),21,13,60,1,0,1,1,1,0,1,1,1,0.644,1,41,1,1,0.0228,2,1.0032,169.35,1,1,14806881.12,0.3479,1,1,1,1,12.25,22,6,1,1,1,7,0.2195,0.1055,3,1,1,0,1
NCRB-SYNTH-109428,High Court,Sec 439 CrPC (Regular Bail),4,22,86,0,0,1,1,1,1,1,1,1,0.9432,1,84,1,1,0.1799,3,1.1488,50.71,1,1,3090611.15,0.7883,1,1,1,1,18.07,14,15,1,1,1,2,0.8056,0.7333,1,1,1,0,1
NCRB-SYNTH-109430,High Court,Sec 439 CrPC (Regular Bail),2,14,34,1,0,1,1,1,0,1,1,1,0.8619,0,170,1,1,0.0898,4,1.1434,143.44,1,1,12031447.43,0.8217,1,1,1,1,1.61,11,3,1,1,1,5,0.1216,0.0679,3,1,1,0,1
NCRB-SYNTH-109431,Trial Court,Sec 439 CrPC (Regular Bail),2,8,7,1,0,1,1,1,1,1,1,1,0.5241,1,136,1,1,0.1365,7,1.1176,36.89,1,1,7351953.22,0.287,1,1,1,1,2.31,13,10,1,1,1,22,0.2037,0.065,4,1,1,0,0
NCRB-SYNTH-109433,High Court,Sec 439 CrPC (Regular Bail),15,25,65,1,0,1,1,1,0,1,1,1,0.5882,1,72,1,1,0.0429,5,1.047,91.58,1,1,14880572.86,0.9737,1,1,1,1,6.51,23,9,1,1,1,4,0.1034,0.0643,3,1,1,0,0
NCRB-SYNTH-109437,High Court,Writ Petition (Detention),4,22,19,1,0,1,1,1,1,1,1,1,0.6305,1,83,1,1,0.0533,1,1.0984,82.59,1,1,12447442.05,0.1851,1,1,1,1,7.4,19,8,1,1,1,2,0.8965,0.816,1,1,1,0,1
NCRB-SYNTH-109440,High Court,Trial Judgment,4,14,7,1,0,1,1,1,0,1,1,1,0.5743,0,45,1,1,0.0473,9,1.1522,48.71,1,1,2531594.39,0.5693,1,1,1,1,38.24,10,5,1,1,1,11,0.175,0.0704,3,1,1,0,0
NCRB-SYNTH-109448,High Court,Sec 482 CrPC (Quashing),21,17,33,1,0,1,1,1,1,1,1,1,0.8294,1,143,1,0,0.1012,4,1.1575,104.34,1,1,7819153.17,0.2594,1,1,1,1,3.6,15,8,1,1,1,10,0.1366,0.057,3,1,1,0,1
NCRB-SYNTH-109463,Trial Court,Sec 439 CrPC (Regular Bail),7,23,75,1,0,1,1,1,1,1,1,1,0.5061,1,128,0,0,0.104,3,1.1882,55.17,1,1,6480776.7,0.4927,1,1,1,1,13.59,19,8,1,1,1,40,0.1707,0.046,4,1,1,0,0
NCRB-SYNTH-109465,Trial Court,Trial Judgment,7,18,79,0,0,1,1,1,0,1,1,1,0.6178,1,62,0,1,0.118,6,1.155,137.75,1,1,7143097.42,0.9144,1,1,1,1,10.22,7,14,1,1,1,34,0.2265,0.0637,4,1,1,1,1
NCRB-SYNTH-109476,Trial Court,Sec 439 CrPC (Regular Bail),2,12,85,1,0,1,1,1,1,1,1,1,0.4995,1,29,1,0,0.0226,1,1.1136,153.54,1,1,12047927.86,0.8882,1,1,1,1,17.45,22,11,1,1,1,16,0.232,0.0819,4,1,1,0,0
NCRB-SYNTH-109484,High Court,Sec 482 CrPC (Quashing),7,16,59,1,0,1,1,1,0,1,1,1,0.821,1,53,1,1,0.0,3,1.007,157.34,1,1,4416469.08,0.199,1,1,1,1,4.63,15,8,1,1,1,34,0.1065,0.03,4,1,1,0,1
NCRB-SYNTH-109502,Trial Court,Sec 482 CrPC (Quashing),4,24,78,1,0,1,1,1,0,1,1,1,0.5914,1,121,1,1,0.0818,9,1.0246,73.89,1,1,538162.73,0.3491,1,1,1,1,5.98,7,6,1,1,1,28,0.2258,0.067,4,1,1,0,0
NCRB-SYNTH-109518,Supreme Court,Sec 439 CrPC (Regular Bail),21,5,9,1,0,1,1,1,1,1,1,1,0.5589,1,116,1,1,0.0506,6,1.0467,174.09,1,1,9060236.57,0.1742,1,1,1,1,16.78,5,14,1,1,1,41,0.1847,0.0494,4,1,1,0,0
NCRB-SYNTH-109534,High Court,Sec 482 CrPC (Quashing),2,22,80,1,0,1,1,1,0,1,1,1,0.497,1,29,1,1,0.0894,9,1.0349,93.4,1,1,14107715.64,0.506,1,1,1,1,7.66,23,5,1,1,1,25,0.27,0.0829,4,1,1,0,0
NCRB-SYNTH-109538,Trial Court,Sec 439 CrPC (Regular Bail),2,21,42,0,0,1,1,1,1,1,1,1,0.8178,1,100,1,1,0.0902,6,1.0474,68.36,1,1,8311713.89,0.8581,1,1,1,1,23.59,9,4,1,1,1,23,0.1222,0.0384,4,1,1,0,1
NCRB-SYNTH-109553,High Court,Sec 439 CrPC (Regular Bail),1,23,33,1,0,1,1,1,1,1,1,1,0.6382,1,160,1,1,0.0996,6,1.0956,106.25,1,1,2559996.56,0.7859,1,1,1,1,12.69,18,10,1,1,1,9,0.0609,0.0265,3,1,1,0,1
NCRB-SYNTH-109556,High Court,Sec 439 CrPC (Regular Bail),4,11,18,1,0,1,1,1,0,1,1,1,0.4714,1,172,1,0,0.1004,3,1.099,134.16,1,1,4185903.29,0.1959,1,1,1,1,8.8,21,3,1,1,1,36,0.1232,0.0341,4,1,1,1,0
NCRB-SYNTH-109561,Trial Court,Sec 482 CrPC (Quashing),2,3,78,0,0,1,1,1,1,1,1,1,0.652,1,63,1,1,0.0766,2,1.0,38.86,1,1,532043.13,0.9069,1,1,1,1,1.25,25,12,1,1,1,45,0.085,0.0222,4,1,1,0,1
NCRB-SYNTH-109570,High Court,Sec 439 CrPC (Regular Bail),15,13,43,1,0,1,1,1,1,1,1,1,0.7169,1,171,0,0,0.1406,8,1.1797,163.54,1,1,10008101.46,0.1891,1,1,1,1,2.21,13,14,1,1,1,27,0.2252,0.0676,4,1,1,0,1
NCRB-SYNTH-109577,High Court,Sec 439 CrPC (Regular Bail),21,22,27,1,0,1,1,1,0,1,1,1,0.7194,1,27,1,1,0.0724,8,1.0,112.04,1,1,2531836.95,0.4651,1,1,1,1,8.88,18,9,1,1,1,8,0.2086,0.0949,3,1,1,0,1
NCRB-SYNTH-109578,Trial Court,Sec 439 CrPC (Regular Bail),7,25,100,1,0,1,1,1,0,1,1,1,0.4802,0,143,1,1,0.1016,5,1.1855,99.61,1,1,11853679.36,0.2951,1,1,1,1,26.13,15,12,1,1,1,43,0.2112,0.0558,4,1,1,0,0
NCRB-SYNTH-109586,High Court,Sec 482 CrPC (Quashing),2,15,90,1,0,1,1,1,0,1,1,1,0.4455,1,157,1,1,0.0832,3,1.2795,179.77,1,1,7165427.79,0.9525,1,1,1,1,1.63,25,13,1,1,1,31,0.1532,0.0442,4,1,1,0,0
NCRB-SYNTH-109590,Supreme Court,Sec 439 CrPC (Regular Bail),2,21,27,1,0,1,1,1,0,1,1,1,0.4353,0,158,1,1,0.1586,2,1.0435,108.53,1,1,7023193.15,0.3225,1,1,1,1,10.0,24,7,1,1,1,19,0.1,0.0334,4,1,1,0,0
NCRB-SYNTH-109593,Trial Court,Sec 439 CrPC (Regular Bail),27,6,66,1,0,1,1,1,1,1,1,1,0.6356,1,174,1,1,0.1032,1,1.0938,157.41,1,1,6294769.02,0.3792,1,1,1,1,14.6,16,15,1,1,1,17,0.2417,0.0836,4,1,1,0,1
NCRB-SYNTH-109602,High Court,Sec 482 CrPC (Quashing),2,15,38,1,0,1,1,1,1,1,1,1,0.7854,1,108,1,1,0.1323,7,1.1332,96.57,1,1,9360116.76,0.4093,1,1,1,1,3.64,5,14,1,1,1,7,0.0718,0.0345,3,1,1,1,1
NCRB-SYNTH-109606,Trial Court,Sec 439 CrPC (Regular Bail),4,9,30,1,0,1,1,1,0,1,1,1,0.623,1,87,1,1,0.0855,6,1.1062,132.36,1,1,1847240.96,0.3728,1,1,1,1,11.35,20,14,1,1,1,10,0.0775,0.0323,3,1,1,0,1
NCRB-SYNTH-109607,High Court,Sec 439 CrPC (Regular Bail),4,22,8,1,0,1,1,1,0,1,1,1,0.6951,0,92,1,1,0.1524,2,1.0039,101.6,1,1,9790020.61,0.9123,1,1,1,1,37.2,20,7,1,1,1,8,0.2343,0.1066,3,1,1,0,1
NCRB-SYNTH-109610,High Court,Sec 482 CrPC (Quashing),45,11,49,1,0,1,1,1,0,1,1,1,0.4202,1,153,1,0,0.0544,1,1.0415,142.17,1,1,14112056.57,0.6865,1,1,1,1,20.41,22,4,1,1,1,7,0.2375,0.1142,3,1,1,0,0
NCRB-SYNTH-109619,Trial Court,Sec 439 CrPC (Regular Bail),2,10,16,1,0,1,1,1,1,1,1,1,0.7919,1,35,1,1,0.0,2,1.0,73.32,1,1,13791900.53,0.1856,1,1,1,1,28.75,24,13,1,1,1,8,0.2323,0.1057,3,1,1,0,1
NCRB-SYNTH-109624,High Court,Sec 439 CrPC (Regular Bail),1,20,7,1,0,1,1,1,0,1,1,1,0.6247,1,133,0,1,0.1036,9,1.0494,168.83,1,1,12685161.12,0.6814,1,1,1,1,5.63,16,4,1,1,1,5,0.1605,0.0896,3,1,1,0,1
NCRB-SYNTH-109647,Trial Court,Writ Petition (Detention),7,13,50,0,0,1,1,1,1,1,1,1,0.8495,0,23,0,0,0.1084,8,1.1695,105.81,1,1,7608052.89,0.8542,1,1,1,1,16.71,8,9,1,1,1,2,0.5504,0.501,1,1,1,0,1
NCRB-SYNTH-109660,Trial Court,Sec 439 CrPC (Regular Bail),2,4,77,1,0,1,1,1,0,1,1,1,0.7926,0,22,1,1,0.1318,6,1.2381,53.27,1,1,9535207.72,0.6589,1,1,1,1,6.16,19,5,1,1,1,43,0.2964,0.0783,4,1,1,0,1
NCRB-SYNTH-109666,High Court,Trial Judgment,7,18,41,1,0,1,1,1,0,1,1,1,0.9319,1,117,1,1,0.0515,4,1.0277,73.73,1,1,6945848.16,0.1845,1,1,1,1,14.9,4,5,1,1,1,40,0.0997,0.0268,4,1,1,0,1
NCRB-SYNTH-109669,Trial Court,Sec 439 CrPC (Regular Bail),2,14,58,1,0,1,1,1,1,1,1,1,0.76,1,26,1,1,0.1301,4,1.0675,161.82,1,1,2252967.53,0.1942,1,1,1,1,13.49,11,12,1,1,1,1,0.9382,1.3535,1,1,1,0,1
NCRB-SYNTH-109670,High Court,Trial Judgment,4,10,29,1,0,1,1,1,0,1,1,1,0.819,1,16,0,0,0.1661,5,1.0709,60.49,1,1,1209115.88,0.2131,1,1,1,1,3.92,9,15,1,1,1,6,0.1323,0.068,3,1,1,0,1
NCRB-SYNTH-109684,High Court,Sec 439 CrPC (Regular Bail),4,19,19,1,0,1,1,1,0,1,1,1,0.4871,1,126,1,1,0.1109,4,1.1315,51.68,1,1,10672696.46,0.5035,1,1,1,1,10.5,21,3,1,1,1,44,0.259,0.068,4,1,1,0,0
NCRB-SYNTH-109690,Trial Court,Writ Petition (Detention),4,3,30,1,0,1,1,1,1,1,1,1,0.7276,0,114,1,1,0.0922,5,1.3417,128.33,1,1,8999236.94,0.6288,1,1,1,1,3.24,7,3,1,1,1,5,0.2312,0.129,3,1,1,1,1
NCRB-SYNTH-109694,Trial Court,Sec 482 CrPC (Quashing),15,18,71,1,0,1,1,1,0,1,1,1,0.4451,1,78,1,1,0.1104,6,1.0,101.11,1,1,5266716.91,0.961,1,1,1,1,8.85,8,7,1,1,1,10,0.11,0.0459,3,1,1,1,0
NCRB-SYNTH-109698,High Court,Sec 439 CrPC (Regular Bail),27,25,25,1,0,1,1,1,0,1,1,1,0.7956,1,174,1,1,0.1291,5,1.1711,148.41,1,1,4772417.66,0.9742,1,1,1,1,9.89,8,12,1,1,1,10,0.1214,0.0506,3,1,1,0,1
NCRB-SYNTH-109700,Trial Court,Sec 439 CrPC (Regular Bail),7,24,92,1,0,1,1,1,0,1,1,1,0.8296,1,136,1,1,0.0975,8,1.0607,37.52,1,1,9024188.0,0.5395,1,1,1,1,7.18,18,6,1,1,1,32,0.0876,0.0251,4,1,1,1,1
NCRB-SYNTH-109701,Trial Court,Sec 482 CrPC (Quashing),7,20,29,1,0,1,1,1,1,1,1,1,0.6058,1,60,1,1,0.0792,3,1.0689,130.77,1,1,11735645.04,0.7395,1,1,1,1,4.8,11,8,1,1,1,35,0.1244,0.0347,4,1,1,0,1
NCRB-SYNTH-109703,Trial Court,Sec 439 CrPC (Regular Bail),4,23,69,1,0,1,1,1,0,1,1,1,0.6929,1,116,1,0,0.0618,8,1.103,65.51,1,1,8762051.01,0.8296,1,1,1,1,32.43,9,12,1,1,1,11,0.055,0.0221,3,1,1,1,1
NCRB-SYNTH-109704,High Court,Sec 439 CrPC (Regular Bail),1,22,33,1,0,1,1,1,0,1,1,1,0.5794,0,115,1,1,0.1177,5,1.1691,67.2,1,1,12751956.61,0.5329,1,1,1,1,8.54,23,8,1,1,1,13,0.1334,0.0505,4,1,1,0,0
NCRB-SYNTH-109720,Supreme Court,Sec 439 CrPC (Regular Bail),7,19,20,1,1,1,1,1,0,1,1,1,0.9312,1,132,1,1,0.0657,2,1.17,138.83,1,1,5965122.68,0.266,1,1,1,1,4.31,17,4,1,1,1,1,0.5298,0.7643,1,1,1,0,1
NCRB-SYNTH-109721,Trial Court,Sec 482 CrPC (Quashing),2,7,36,1,1,1,1,1,1,1,1,1,0.7044,0,170,0,0,0.09,3,1.0,79.5,1,1,11890397.25,0.6606,1,1,1,1,6.48,20,5,1,1,1,19,0.1177,0.0393,4,1,1,0,1
NCRB-SYNTH-109723,Trial Court,Sec 482 CrPC (Quashing),2,21,9,1,0,1,1,1,1,1,1,1,0.6327,1,31,1,1,0.0666,9,1.0,37.48,1,1,8499825.86,0.3142,1,1,1,1,8.94,15,4,1,1,1,28,0.1238,0.0368,4,1,1,0,1
NCRB-SYNTH-109724,High Court,Trial Judgment,7,9,14,1,0,1,1,1,0,1,1,1,0.9013,1,99,1,1,0.0513,3,1.1823,48.4,1,1,14816999.99,0.419,1,1,1,1,22.02,18,13,1,1,1,3,0.6271,0.4524,1,1,1,0,1
NCRB-SYNTH-109727,Supreme Court,Sec 439 CrPC (Regular Bail),7,14,90,1,0,1,1,1,0,1,1,1,0.9331,0,104,1,1,0.0524,1,1.4865,98.29,1,1,9219087.86,0.6828,1,1,1,1,38.71,11,3,1,1,1,27,0.2999,0.09,4,1,1,0,1
NCRB-SYNTH-109732,Trial Court,Sec 439 CrPC (Regular Bail),2,3,76,0,0,1,1,1,0,1,1,1,0.8216,1,144,1,1,0.1403,3,1.1364,154.76,1,1,13567182.31,0.4643,1,1,1,1,5.33,13,5,1,1,1,25,0.0908,0.0279,4,1,1,1,1
NCRB-SYNTH-109734,High Court,Sec 439 CrPC (Regular Bail),7,12,24,1,0,1,1,1,1,1,1,1,0.5546,1,65,1,1,0.0201,2,1.1438,42.08,1,1,1699265.42,0.8077,1,1,1,1,5.28,10,6,1,1,1,3,0.8327,0.6007,1,1,1,0,0
NCRB-SYNTH-109735,High Court,Sec 482 CrPC (Quashing),21,8,93,1,0,1,1,1,0,1,1,1,0.718,1,112,0,1,0.1417,2,1.0047,114.77,1,1,12819597.58,0.9231,1,1,1,1,3.22,20,11,1,1,1,40,0.2126,0.0573,4,1,1,0,1
NCRB-SYNTH-109747,Supreme Court,Sec 482 CrPC (Quashing),4,6,16,1,0,1,1,1,0,1,1,1,0.9273,1,130,1,1,0.1334,9,1.1265,128.67,1,1,5324062.82,0.9428,1,1,1,1,5.57,3,6,1,1,1,3,0.6442,0.4647,1,1,1,0,1
NCRB-SYNTH-109754,Trial Court,Sec 482 CrPC (Quashing),7,7,72,1,1,1,1,1,0,1,1,1,0.5336,1,132,0,1,0.085,8,1.033,138.38,1,1,14760243.25,0.8863,1,1,1,1,13.47,5,14,1,1,1,11,0.2133,0.0858,3,1,1,0,0
NCRB-SYNTH-109768,Supreme Court,Sec 482 CrPC (Quashing),2,14,67,1,0,1,1,1,0,1,1,1,0.5271,1,146,0,0,0.052,3,1.0,168.98,1,1,2961894.7,0.7514,1,1,1,1,2.21,11,15,1,1,1,21,0.1593,0.0515,4,1,1,0,0
NCRB-SYNTH-109771,High Court,Sec 439 CrPC (Regular Bail),27,19,30,1,0,1,1,1,1,1,1,1,0.4623,1,122,1,1,0.0238,4,1.0285,84.36,1,1,4688172.17,0.3484,1,1,1,1,1.5,11,6,1,1,1,35,0.1911,0.0533,4,1,1,0,0
NCRB-SYNTH-109775,Supreme Court,Sec 439 CrPC (Regular Bail),2,13,78,1,0,1,1,1,0,1,1,1,0.5473,0,112,1,1,0.0772,9,1.0857,44.12,1,1,3013720.81,0.9757,1,1,1,1,5.97,16,9,1,1,1,8,0.0641,0.0292,3,1,1,0,0
NCRB-SYNTH-109786,High Court,Sec 482 CrPC (Quashing),15,7,26,1,0,1,1,1,0,1,1,1,0.525,1,36,0,1,0.0,7,1.2388,134.01,1,1,5207941.28,0.3521,1,1,1,1,9.65,8,12,1,1,1,24,0.2998,0.0931,4,1,1,0,0
NCRB-SYNTH-109801,High Court,Sec 439 CrPC (Regular Bail),21,8,84,1,0,1,1,1,0,1,1,1,0.6001,1,171,1,1,0.0812,1,1.1733,57.98,1,1,11305685.97,0.8184,1,1,1,1,2.48,24,5,1,1,1,1,0.6786,0.979,1,1,1,0,1
NCRB-SYNTH-109806,High Court,Sec 439 CrPC (Regular Bail),7,19,20,1,0,1,1,1,0,1,1,1,0.6953,1,166,1,1,0.0489,6,1.0,149.11,1,1,10222781.67,0.8937,1,1,1,1,1.97,11,15,1,1,1,19,0.0959,0.032,4,1,1,0,1
NCRB-SYNTH-109807,High Court,Sec 482 CrPC (Quashing),15,8,69,1,0,1,1,1,1,1,1,1,0.4178,1,81,1,1,0.147,3,1.1982,53.9,1,1,12866264.28,0.7421,1,1,1,1,5.07,23,9,1,1,1,6,0.1211,0.0623,3,1,1,1,0
NCRB-SYNTH-109812,High Court,Sec 439 CrPC (Regular Bail),4,21,91,0,0,1,1,1,1,1,1,1,0.4659,1,85,0,0,0.0019,5,1.2003,61.73,1,1,7486329.63,0.393,1,1,1,1,5.91,3,9,1,1,1,11,0.1876,0.0755,3,1,1,0,0
NCRB-SYNTH-109814,High Court,Sec 439 CrPC (Regular Bail),21,24,96,1,0,1,1,1,0,1,1,1,0.6714,1,37,1,1,0.1579,7,1.0205,61.25,1,1,10765545.35,0.9029,1,1,1,1,9.16,11,7,1,1,1,19,0.2635,0.0879,4,1,1,0,1
NCRB-SYNTH-109822,High Court,Sec 439 CrPC (Regular Bail),7,25,17,1,0,1,1,1,1,1,1,1,0.7923,1,36,1,1,0.1078,3,1.2693,30.14,1,1,14878790.54,0.2855,1,1,1,1,24.64,16,10,1,1,1,11,0.1136,0.0457,3,1,1,0,1
NCRB-SYNTH-109826,Supreme Court,Sec 439 CrPC (Regular Bail),2,7,96,1,0,1,1,1,0,1,1,1,0.8064,0,184,1,1,0.1089,2,1.0,169.73,1,1,13496677.26,0.9553,1,1,1,1,25.99,25,12,1,1,1,3,0.8609,0.621,1,1,1,0,1
NCRB-SYNTH-109829,Trial Court,Sec 482 CrPC (Quashing),1,4,28,1,0,1,1,1,0,1,1,1,0.6628,0,172,1,0,0.0,5,1.0,88.15,1,1,8766975.2,0.2781,1,1,1,1,5.45,12,12,1,1,1,3,0.6136,0.4426,1,1,1,0,1
NCRB-SYNTH-109839,High Court,Sec 439 CrPC (Regular Bail),4,9,17,1,0,1,1,1,1,1,1,1,0.6045,1,173,1,1,0.0573,7,1.0,79.85,1,1,11687555.57,0.2602,1,1,1,1,26.95,20,15,1,1,1,37,0.2971,0.0817,4,1,1,0,1
NCRB-SYNTH-109840,High Court,Sec 439 CrPC (Regular Bail),15,7,28,1,0,1,1,1,1,1,1,1,0.5864,1,71,1,0,0.1084,1,1.3123,140.16,1,1,6707253.55,0.9818,1,1,1,1,11.14,19,5,1,1,1,24,0.3085,0.0958,4,1,1,0,0
NCRB-SYNTH-109844,High Court,Sec 439 CrPC (Regular Bail),15,21,9,1,0,1,1,1,0,1,1,1,0.6513,1,82,0,0,0.0917,4,1.0,87.23,1,1,10987900.19,0.5727,1,1,1,1,3.0,4,8,1,1,1,4,0.1252,0.0778,3,1,1,0,1
NCRB-SYNTH-109847,High Court,Sec 482 CrPC (Quashing),15,25,54,1,0,1,1,1,0,1,1,1,0.7967,1,80,1,1,0.1051,7,1.154,161.02,1,1,6409415.83,0.9035,1,1,1,1,27.99,5,5,1,1,1,30,0.1555,0.0453,4,1,1,0,1
NCRB-SYNTH-109861,High Court,Writ Petition (Detention),2,23,37,1,0,1,1,1,0,1,1,1,0.6342,1,40,1,1,0.0886,9,1.1705,131.76,1,1,13112018.74,0.6001,1,1,1,1,35.45,22,12,1,1,1,3,0.7019,0.5063,1,1,1,0,1
NCRB-SYNTH-109864,High Court,Sec 439 CrPC (Regular Bail),4,21,35,1,0,1,1,1,0,1,1,1,0.6203,1,176,0,0,0.134,6,1.0,143.93,1,1,11111615.51,0.6174,1,1,1,1,13.04,13,6,1,1,1,45,0.2248,0.0587,4,1,1,0,1
NCRB-SYNTH-109879,High Court,Sec 439 CrPC (Regular Bail),7,4,78,0,0,1,1,1,0,1,1,1,0.8039,1,156,1,0,0.1275,7,1.0,136.55,1,1,1790081.8,0.2799,1,1,1,1,5.94,5,13,1,1,1,45,0.246,0.0643,4,1,1,0,1
NCRB-SYNTH-109888,Supreme Court,Sec 439 CrPC (Regular Bail),7,21,31,1,0,1,1,1,0,1,1,1,0.7717,1,57,1,1,0.1392,2,1.0632,92.3,1,1,5859363.18,0.8129,1,1,1,1,2.67,4,8,1,1,1,1,0.5711,0.824,1,1,1,0,1
NCRB-SYNTH-109891,High Court,Sec 439 CrPC (Regular Bail),2,22,63,1,0,1,1,1,0,1,1,1,0.4547,1,163,1,1,0.151,7,1.2236,102.0,1,1,13552138.62,0.4518,1,1,1,1,23.14,12,8,1,1,1,29,0.1823,0.0536,4,1,1,0,0
NCRB-SYNTH-109893,High Court,Sec 439 CrPC (Regular Bail),7,19,31,1,0,1,1,1,0,1,1,1,0.7039,0,113,1,1,0.0259,5,1.2495,96.06,1,1,5618137.73,0.5248,1,1,1,1,11.99,13,4,1,1,1,13,0.1937,0.0734,4,1,1,0,1
NCRB-SYNTH-109894,Trial Court,Sec 439 CrPC (Regular Bail),4,20,5,0,0,1,1,1,0,1,1,1,0.4229,1,21,1,1,0.0628,4,1.0,160.43,1,1,12569600.49,0.3265,1,1,1,1,11.11,23,13,1,1,1,24,0.3029,0.0941,4,1,1,0,0
NCRB-SYNTH-109895,Trial Court,Sec 439 CrPC (Regular Bail),4,5,80,0,0,1,1,1,0,1,1,1,0.4306,0,108,1,0,0.028,2,1.0,141.7,1,1,11885864.33,0.6631,1,1,1,1,6.14,24,4,1,1,1,4,0.0695,0.0432,3,1,1,0,0
NCRB-SYNTH-109897,High Court,Sec 482 CrPC (Quashing),7,15,72,1,1,1,1,1,0,1,1,1,0.6517,1,140,1,1,0.111,3,1.0077,141.74,1,1,12577958.47,0.5436,1,1,1,1,12.5,14,13,1,1,1,42,0.1199,0.0319,4,1,1,0,1
NCRB-SYNTH-109899,High Court,Trial Judgment,7,24,27,1,0,1,1,1,1,1,1,1,0.8857,1,24,1,1,0.071,1,1.0,152.91,1,1,8176512.34,0.8934,1,1,1,1,10.7,23,13,1,1,1,17,0.297,0.1027,4,1,1,0,1
NCRB-SYNTH-109907,Trial Court,Trial Judgment,2,22,91,0,0,1,1,1,0,1,1,1,0.6849,1,92,1,0,0.0796,2,1.132,90.64,1,1,13539266.53,0.7994,1,1,1,1,38.24,12,3,1,1,1,24,0.2319,0.0721,4,1,1,0,1
NCRB-SYNTH-109929,Trial Court,Trial Judgment,15,22,88,1,0,1,1,1,0,1,1,1,0.5147,1,162,1,1,0.0879,2,1.0465,166.33,1,1,6609517.99,0.8336,1,1,1,1,23.54,12,11,1,1,1,14,0.1041,0.0384,4,1,1,0,0
NCRB-SYNTH-109931,Trial Court,Sec 439 CrPC (Regular Bail),2,10,97,1,1,1,1,1,0,1,1,1,0.5576,1,43,1,1,0.1031,2,1.0,127.73,1,1,3623535.82,0.7729,1,1,1,1,2.42,5,9,1,1,1,33,0.1156,0.0328,4,1,1,0,0
NCRB-SYNTH-109940,High Court,Sec 439 CrPC (Regular Bail),7,8,32,1,0,1,1,1,0,1,1,1,0.8293,1,119,1,1,0.0,6,1.3543,101.74,1,1,12012136.74,0.432,1,1,1,1,20.27,5,8,1,1,1,10,0.2386,0.0995,3,1,1,0,1
NCRB-SYNTH-109957,High Court,Sec 482 CrPC (Quashing),2,25,79,1,0,1,1,1,0,1,1,1,0.4962,1,143,1,1,0.0797,4,1.1572,41.86,1,1,8490374.0,0.7589,1,1,1,1,16.95,9,5,1,1,1,45,0.2625,0.0686,4,1,1,0,0
NCRB-SYNTH-109958,Supreme Court,Writ Petition (Detention),7,18,12,1,0,1,1,1,0,1,1,1,0.7227,1,176,1,1,0.0763,2,1.2017,73.93,1,1,10718497.4,0.296,1,1,1,1,1.15,22,3,1,1,1,9,0.2083,0.0904,3,1,1,1,1
NCRB-SYNTH-109967,Trial Court,Sec 482 CrPC (Quashing),15,18,53,1,0,1,1,1,0,1,1,1,0.4924,1,116,1,1,0.0505,1,1.1831,100.73,1,1,14801833.4,0.2565,1,1,1,1,1.69,25,11,1,1,1,20,0.3188,0.1047,4,1,1,0,0
NCRB-SYNTH-109969,Trial Court,Sec 439 CrPC (Regular Bail),1,6,25,1,0,1,1,1,0,1,1,1,0.6738,1,137,1,1,0.0983,4,1.0842,68.98,1,1,4049142.77,0.9151,1,1,1,1,9.32,3,13,1,1,1,41,0.2528,0.0676,4,1,1,1,1
NCRB-SYNTH-109978,High Court,Sec 439 CrPC (Regular Bail),27,19,66,1,0,1,1,1,0,1,1,1,0.4593,0,45,0,1,0.0163,3,1.0,157.44,1,1,11447775.13,0.4569,1,1,1,1,18.12,4,10,1,1,1,43,0.1063,0.0281,4,1,1,0,0
NCRB-SYNTH-109990,Trial Court,Trial Judgment,1,4,62,1,0,1,1,1,0,1,1,1,0.8947,1,179,0,0,0.0974,8,1.112,164.01,1,1,8322919.84,0.5551,1,1,1,1,1.8,22,3,1,1,1,24,0.1585,0.0492,4,1,1,0,1
NCRB-SYNTH-109994,High Court,Sec 439 CrPC (Regular Bail),1,4,40,1,0,1,1,1,1,1,1,1,0.4643,1,27,1,1,0.1083,4,1.2577,63.06,1,1,8192361.19,0.9724,1,1,1,1,5.57,7,7,1,1,1,37,0.2414,0.0664,4,1,1,1,0
NCRB-SYNTH-110009,Trial Court,Sec 439 CrPC (Regular Bail),15,23,66,1,0,1,1,1,0,1,1,1,0.8715,1,98,1,1,0.1213,5,1.265,94.63,1,1,14811679.27,0.9415,1,1,1,1,19.02,22,14,1,1,1,1,0.7089,1.0227,1,1,1,0,1
NCRB-SYNTH-110010,Trial Court,Sec 439 CrPC (Regular Bail),7,20,42,1,0,1,1,1,0,1,1,1,0.7765,1,15,1,0,0.0086,3,1.0,109.62,1,1,8703980.88,0.1968,1,1,1,1,8.95,20,4,1,1,1,38,0.1287,0.0351,4,1,1,0,1
NCRB-SYNTH-110012,High Court,Sec 482 CrPC (Quashing),2,15,68,1,0,1,1,1,0,1,1,1,0.7834,1,33,1,1,0.0538,6,1.0,99.43,1,1,5402462.6,0.5022,1,1,1,1,9.4,22,4,1,1,1,11,0.0756,0.0304,3,1,1,0,1
NCRB-SYNTH-110025,Trial Court,Trial Judgment,21,5,75,1,0,1,1,1,0,1,1,1,0.8401,1,122,1,1,0.0945,5,1.0,44.93,1,1,583617.83,0.7463,1,1,1,1,31.66,8,3,1,1,1,20,0.0916,0.0301,4,1,1,0,1
NCRB-SYNTH-110045,Trial Court,Sec 439 CrPC (Regular Bail),7,11,13,0,1,1,1,1,0,1,1,1,0.4945,1,17,0,0,0.0138,1,1.0,82.7,1,1,9400062.07,0.5425,1,1,1,1,17.42,18,3,1,1,1,6,0.0561,0.0288,3,1,1,0,0
NCRB-SYNTH-110049,High Court,Sec 482 CrPC (Quashing),2,12,79,1,0,1,1,1,0,1,1,1,0.6204,1,105,1,1,0.0604,9,1.0662,118.57,1,1,10305923.41,0.6414,1,1,1,1,8.38,5,3,1,1,1,7,0.0791,0.038,3,1,1,0,1
NCRB-SYNTH-110051,Trial Court,Trial Judgment,15,14,84,1,0,1,1,1,0,1,1,1,0.7529,1,30,1,1,0.0616,1,1.0791,97.9,1,1,12801949.53,0.4259,1,1,1,1,2.77,17,8,1,1,1,8,0.064,0.0291,3,1,1,0,1
NCRB-SYNTH-110058,High Court,Sec 439 CrPC (Regular Bail),4,18,32,1,0,1,1,1,0,1,1,1,0.6142,1,17,1,0,0.0826,7,1.178,55.79,1,1,2767858.61,0.2504,1,1,1,1,19.45,18,11,1,1,1,41,0.1321,0.0353,4,1,1,0,1
NCRB-SYNTH-110068,Trial Court,Sec 439 CrPC (Regular Bail),2,24,38,1,0,1,1,1,0,1,1,1,0.9074,0,127,1,0,0.0095,9,1.1172,127.89,1,1,5780615.46,0.8865,1,1,1,1,21.69,22,4,1,1,1,40,0.2,0.0538,4,1,1,1,1
NCRB-SYNTH-110072,High Court,Sec 439 CrPC (Regular Bail),15,16,24,1,0,1,1,1,0,1,1,1,0.7713,1,133,1,1,0.1382,7,1.1466,88.43,1,1,4428016.13,0.672,1,1,1,1,5.05,19,13,1,1,1,5,0.2404,0.1342,3,1,1,0,1
NCRB-SYNTH-110087,Supreme Court,Sec 439 CrPC (Regular Bail),7,13,26,1,0,1,1,1,1,1,1,1,0.7031,1,75,1,0,0.0181,6,1.1083,33.73,1,1,6856161.98,0.7104,1,1,1,1,24.67,16,10,1,1,1,26,0.2564,0.0778,4,1,1,0,1
NCRB-SYNTH-110089,High Court,Sec 482 CrPC (Quashing),7,6,48,1,0,1,1,1,0,1,1,1,0.7566,1,121,1,1,0.0452,6,1.0678,170.57,1,1,12653784.75,0.3941,1,1,1,1,28.85,16,8,1,1,1,26,0.1842,0.0559,4,1,1,0,1
NCRB-SYNTH-110094,High Court,Sec 439 CrPC (Regular Bail),15,19,29,0,1,1,1,1,0,1,1,1,0.7815,1,64,1,1,0.2249,5,1.1669,100.33,1,1,5536165.09,0.5425,1,1,1,1,13.29,13,4,1,1,1,7,0.2208,0.1062,3,1,1,0,1
NCRB-SYNTH-110095,Supreme Court,Trial Judgment,15,24,26,1,0,1,1,1,1,1,1,1,0.7472,0,35,1,1,0.1515,4,1.1341,122.54,1,1,13897229.64,0.1653,1,1,1,1,7.4,22,12,1,1,1,22,0.0889,0.0284,4,1,1,0,1
NCRB-SYNTH-110098,Trial Court,Sec 439 CrPC (Regular Bail),2,21,56,1,0,1,1,1,0,1,1,1,0.3999,1,143,0,0,0.0477,3,1.0,82.52,1,1,11434854.27,0.7441,1,1,1,1,2.57,24,6,1,1,1,5,0.1797,0.1003,3,1,1,0,0
NCRB-SYNTH-110105,Trial Court,Sec 439 CrPC (Regular Bail),15,16,24,1,0,1,1,1,0,1,1,1,0.9731,0,53,1,0,0.1134,1,1.279,138.47,1,1,6765561.5,0.2993,1,1,1,1,8.24,7,15,1,1,1,8,0.0602,0.0274,3,1,1,0,1
NCRB-SYNTH-110113,Trial Court,Sec 439 CrPC (Regular Bail),4,18,84,1,0,1,1,1,1,1,1,1,0.656,1,43,1,1,0.1514,1,1.1077,105.97,1,1,14843870.12,0.3923,1,1,1,1,27.29,8,4,1,1,1,3,0.4639,0.3346,1,1,1,0,1
NCRB-SYNTH-110120,High Court,Sec 439 CrPC (Regular Bail),4,8,90,1,0,1,1,1,0,1,1,1,0.6905,0,50,1,1,0.0771,2,1.0641,119.03,1,1,6634898.14,0.5979,1,1,1,1,13.91,20,6,1,1,1,1,0.5194,0.7493,1,1,1,0,1
NCRB-SYNTH-110124,High Court,Trial Judgment,27,12,49,1,0,1,1,1,0,1,1,1,0.817,1,132,1,1,0.0401,7,1.1597,95.88,1,1,7111877.22,0.2135,1,1,1,1,6.78,21,13,1,1,1,5,0.1553,0.0867,3,1,1,0,1
NCRB-SYNTH-110126,Trial Court,Sec 439 CrPC (Regular Bail),7,4,41,1,0,1,1,1,0,1,1,1,0.7331,1,145,1,1,0.1126,3,1.0,174.17,1,1,13931691.68,0.6681,1,1,1,1,10.11,13,14,1,1,1,11,0.1254,0.0505,3,1,1,0,1
NCRB-SYNTH-110128,High Court,Sec 439 CrPC (Regular Bail),2,6,80,1,0,1,1,1,0,1,1,1,0.598,1,51,1,0,0.1153,4,1.2631,93.94,1,1,890140.21,0.5161,1,1,1,1,31.75,4,8,1,1,1,17,0.1833,0.0634,4,1,1,0,0
NCRB-SYNTH-110146,Trial Court,Sec 439 CrPC (Regular Bail),7,23,48,1,0,1,1,1,0,1,1,1,0.8304,1,81,1,1,0.0205,4,1.0,104.88,1,1,652740.58,0.8061,1,1,1,1,4.91,23,3,1,1,1,35,0.2015,0.0562,4,1,1,0,1
NCRB-SYNTH-110147,Supreme Court,Sec 439 CrPC (Regular Bail),4,8,90,1,0,1,1,1,1,1,1,1,0.8084,0,26,1,0,0.0936,5,1.1216,95.33,1,1,8054820.41,0.4932,1,1,1,1,4.23,3,9,1,1,1,26,0.2258,0.0685,4,1,1,0,1
NCRB-SYNTH-110155,Supreme Court,Sec 482 CrPC (Quashing),2,19,23,1,0,1,1,1,0,1,1,1,0.6727,1,125,0,0,0.1158,8,1.0,129.92,1,1,11505272.85,0.6348,1,1,1,1,18.12,14,9,1,1,1,28,0.2779,0.0825,4,1,1,0,1
NCRB-SYNTH-110160,Supreme Court,Sec 439 CrPC (Regular Bail),15,7,78,1,0,1,1,1,0,1,1,1,0.8495,1,103,1,1,0.0398,9,1.132,78.23,1,1,2732640.9,0.6248,1,1,1,1,1.45,6,11,1,1,1,40,0.3098,0.0834,4,1,1,1,1
NCRB-SYNTH-110177,High Court,Sec 439 CrPC (Regular Bail),15,18,92,1,0,1,1,1,1,1,1,1,0.5602,1,149,1,1,0.1038,4,1.0005,71.26,1,1,5147367.49,0.4314,1,1,1,1,13.97,6,7,1,1,1,10,0.2344,0.0978,3,1,1,0,0
NCRB-SYNTH-110180,Trial Court,Sec 439 CrPC (Regular Bail),7,3,67,1,0,1,1,1,0,1,1,1,0.5468,1,59,1,1,0.0936,7,1.0633,129.44,1,1,9311811.44,0.875,1,1,1,1,6.92,3,15,1,1,1,13,0.1035,0.0392,4,1,1,0,0
NCRB-SYNTH-110187,High Court,Sec 482 CrPC (Quashing),4,7,65,1,0,1,1,1,0,1,1,1,0.8598,0,120,1,1,0.0649,4,1.2168,87.94,1,1,11257774.05,0.5566,1,1,1,1,1.67,14,4,1,1,1,14,0.3169,0.117,4,1,1,0,1
NCRB-SYNTH-110197,Trial Court,Sec 439 CrPC (Regular Bail),2,20,97,1,0,1,1,1,1,1,1,1,0.4209,1,154,1,1,0.1388,8,1.0423,80.85,1,1,6406330.29,0.2936,1,1,1,1,23.47,9,7,1,1,1,3,0.8377,0.6043,1,1,1,1,0
NCRB-SYNTH-110198,High Court,Sec 439 CrPC (Regular Bail),15,9,51,1,0,1,1,1,1,1,1,1,0.7511,1,76,1,1,0.059,2,1.0353,161.16,1,1,11591599.26,0.6655,1,1,1,1,1.29,10,4,1,1,1,9,0.1468,0.0637,3,1,1,0,1
NCRB-SYNTH-110207,Trial Court,Trial Judgment,4,13,53,1,0,1,1,1,0,1,1,1,0.8358,1,87,1,1,0.0,3,1.0885,166.43,1,1,5436496.34,0.6087,1,1,1,1,3.96,10,4,1,1,1,11,0.1473,0.0593,3,1,1,0,1
NCRB-SYNTH-110216,Trial Court,Sec 439 CrPC (Regular Bail),1,8,80,1,0,1,1,1,1,1,1,1,0.7678,1,142,1,1,0.0858,1,1.0,88.36,1,1,2033589.68,0.9022,1,1,1,1,17.15,18,13,1,1,1,41,0.1983,0.053,4,1,1,1,1
NCRB-SYNTH-110222,Supreme Court,Sec 439 CrPC (Regular Bail),45,12,91,1,0,1,1,1,0,1,1,1,0.6174,1,107,1,1,0.0586,2,1.0,93.27,1,1,10391987.82,0.2325,1,1,1,1,15.34,3,6,1,1,1,32,0.104,0.0297,4,1,1,0,1
NCRB-SYNTH-110227,Trial Court,Sec 482 CrPC (Quashing),15,3,27,1,0,1,1,1,0,1,1,1,0.899,1,52,1,1,0.0528,7,1.2353,40.54,1,1,5832800.64,0.3013,1,1,1,1,10.79,17,7,1,1,1,34,0.1151,0.0324,4,1,1,0,1
NCRB-SYNTH-110228,Trial Court,Sec 439 CrPC (Regular Bail),7,17,57,1,0,1,1,1,0,1,1,1,0.5918,1,131,1,1,0.0376,3,1.0,166.89,1,1,7388242.64,0.9772,1,1,1,1,11.24,20,5,1,1,1,15,0.2742,0.0989,4,1,1,0,0
NCRB-SYNTH-110235,High Court,Sec 482 CrPC (Quashing),1,12,97,1,0,1,1,1,0,1,1,1,0.7862,1,155,1,1,0.0453,9,1.0,57.04,1,1,6537540.03,0.2155,1,1,1,1,6.73,3,14,1,1,1,5,0.2315,0.1292,3,1,1,1,1
NCRB-SYNTH-110237,High Court,Sec 482 CrPC (Quashing),2,16,6,1,0,1,1,1,1,1,1,1,0.9441,1,31,1,1,0.1137,5,1.0,154.91,1,1,6795098.72,0.9322,1,1,1,1,1.12,3,11,1,1,1,39,0.2686,0.0728,4,1,1,0,1
NCRB-SYNTH-110239,High Court,Sec 482 CrPC (Quashing),4,10,24,1,0,1,1,1,0,1,1,1,0.6793,1,154,1,1,0.1018,3,1.0,33.2,1,1,3311504.67,0.326,1,1,1,1,2.12,22,8,1,1,1,3,0.5868,0.4233,1,1,1,0,1
NCRB-SYNTH-110248,High Court,Sec 439 CrPC (Regular Bail),7,4,7,1,0,1,1,1,0,1,1,1,0.8607,1,116,1,1,0.0692,3,1.2978,125.73,1,1,14569635.86,0.476,1,1,1,1,19.18,13,12,1,1,1,28,0.1736,0.0516,4,1,1,0,1
NCRB-SYNTH-110265,High Court,Sec 482 CrPC (Quashing),7,24,90,1,1,1,1,1,0,1,1,1,0.5285,1,30,0,0,0.1,1,1.0,121.26,1,1,9563932.28,0.8443,1,1,1,1,8.29,9,11,1,1,1,33,0.1301,0.0369,4,1,1,0,0
NCRB-SYNTH-110278,Trial Court,Sec 482 CrPC (Quashing),7,23,44,1,1,1,1,1,0,1,1,1,0.4224,1,150,1,1,0.0284,4,1.0163,90.09,1,1,3878756.9,0.2399,1,1,1,1,12.06,8,6,1,1,1,35,0.2571,0.0717,4,1,1,0,0
NCRB-SYNTH-110284,High Court,Sec 482 CrPC (Quashing),4,10,73,1,0,1,1,1,0,1,1,1,0.4914,1,159,1,1,0.1288,4,1.1522,73.18,1,1,3225544.5,0.6196,1,1,1,1,5.34,7,10,1,1,1,44,0.2189,0.0575,4,1,1,0,0
NCRB-SYNTH-110300,High Court,Sec 439 CrPC (Regular Bail),7,7,5,0,0,1,1,1,1,1,1,1,0.6034,1,28,1,1,0.1178,4,1.1137,141.55,1,1,3516421.84,0.5597,1,1,1,1,6.91,5,5,1,1,1,4,0.0877,0.0545,3,1,1,0,1
NCRB-SYNTH-110302,High Court,Sec 439 CrPC (Regular Bail),15,23,50,1,0,1,1,1,1,1,1,1,0.5266,1,115,1,1,0.0761,4,1.0844,92.21,1,1,9317924.76,0.181,1,1,1,1,31.21,12,15,1,1,1,8,0.1321,0.0601,3,1,1,0,0
NCRB-SYNTH-110306,High Court,Sec 439 CrPC (Regular Bail),7,4,77,1,0,1,1,1,0,1,1,1,0.8926,1,60,0,0,0.0525,2,1.3538,140.99,1,1,12940849.17,0.2303,1,1,1,1,4.91,12,11,1,1,1,22,0.1432,0.0457,4,1,1,0,1
NCRB-SYNTH-110315,Trial Court,Sec 439 CrPC (Regular Bail),27,5,43,1,0,1,1,1,0,1,1,1,0.9083,1,180,1,1,0.0034,5,1.0,34.03,1,1,4922954.12,0.2246,1,1,1,1,11.52,22,4,1,1,1,5,0.0678,0.0379,3,1,1,0,1
NCRB-SYNTH-110319,Trial Court,Sec 482 CrPC (Quashing),15,3,18,0,0,1,1,1,0,1,1,1,0.7118,0,51,1,1,0.1176,4,1.224,166.49,1,1,11893020.13,0.8668,1,1,1,1,10.4,25,7,1,1,1,24,0.2362,0.0734,4,1,1,0,1
NCRB-SYNTH-110331,Trial Court,Sec 482 CrPC (Quashing),2,10,93,1,0,1,1,1,1,1,1,1,0.6507,0,57,1,1,0.053,4,1.0717,167.83,1,1,8108819.68,0.4381,1,1,1,1,23.58,6,15,1,1,1,40,0.2923,0.0787,4,1,1,0,1
NCRB-SYNTH-110336,Trial Court,Sec 482 CrPC (Quashing),21,16,23,1,0,1,1,1,1,1,1,1,0.472,1,102,1,1,0.0144,7,1.1733,61.64,1,1,3191252.88,0.6465,1,1,1,1,9.03,10,9,1,1,1,36,0.2629,0.0728,4,1,1,0,0
NCRB-SYNTH-110344,Trial Court,Sec 439 CrPC (Regular Bail),2,18,50,1,0,1,1,1,0,1,1,1,0.3887,0,129,1,1,0.0744,1,1.0958,57.41,1,1,3216576.0,0.2842,1,1,1,1,3.36,3,9,1,1,1,9,0.1774,0.077,3,1,1,0,0
NCRB-SYNTH-110354,High Court,Sec 439 CrPC (Regular Bail),45,13,21,0,0,1,1,1,0,1,1,1,0.7842,1,167,1,1,0.0262,2,1.1889,43.17,1,1,5949313.78,0.8685,1,1,1,1,8.43,20,10,1,1,1,14,0.2773,0.1024,4,1,1,0,1
NCRB-SYNTH-110357,Trial Court,Sec 482 CrPC (Quashing),7,20,15,0,0,1,1,1,0,1,1,1,0.4881,1,115,1,0,0.1064,3,1.1426,171.59,1,1,7803832.54,0.817,1,1,1,1,8.41,14,10,1,1,1,1,0.8215,1.1851,1,1,1,0,0
NCRB-SYNTH-110367,High Court,Sec 439 CrPC (Regular Bail),7,3,11,1,1,1,1,1,0,1,1,1,0.4454,1,96,1,0,0.1256,7,1.2149,46.26,1,1,9715652.82,0.3284,1,1,1,1,1.57,18,10,1,1,1,36,0.191,0.0529,4,1,1,0,0
NCRB-SYNTH-110379,High Court,Trial Judgment,2,22,92,1,0,1,1,1,1,1,1,1,0.8864,1,21,1,1,0.1034,8,1.0995,179.3,1,1,7998077.62,0.7694,1,1,1,1,6.35,16,10,1,1,1,1,0.4722,0.6813,1,1,1,0,1
NCRB-SYNTH-110380,Trial Court,Sec 482 CrPC (Quashing),2,20,80,1,0,1,1,1,0,1,1,1,0.9615,1,17,1,1,0.0619,8,1.2242,69.9,1,1,825020.04,0.448,1,1,1,1,57.57,25,5,1,1,1,6,0.1413,0.0726,3,1,1,0,1
NCRB-SYNTH-110381,High Court,Writ Petition (Detention),2,4,13,0,0,1,1,1,1,1,1,1,0.7988,1,133,1,1,0.1056,7,1.1173,120.91,1,1,10201991.68,0.3672,1,1,1,1,37.36,3,13,1,1,1,9,0.2458,0.1068,3,1,1,0,1
NCRB-SYNTH-110382,Supreme Court,Sec 439 CrPC (Regular Bail),15,16,90,1,0,1,1,1,1,1,1,1,0.6826,0,169,1,1,0.0614,1,1.1661,171.48,1,1,3874445.43,0.9679,1,1,1,1,4.06,3,14,1,1,1,13,0.0952,0.0361,4,1,1,0,1
NCRB-SYNTH-110396,High Court,Sec 482 CrPC (Quashing),4,10,52,1,0,1,1,1,0,1,1,1,0.6043,1,22,0,0,0.0,2,1.0126,154.77,1,1,7567570.06,0.3595,1,1,1,1,7.81,8,5,1,1,1,37,0.0883,0.0243,4,1,1,0,1
NCRB-SYNTH-110411,Supreme Court,Sec 439 CrPC (Regular Bail),4,4,10,1,0,1,1,1,0,1,1,1,0.8939,1,94,1,1,0.0471,5,1.206,75.74,1,1,5648612.9,0.2275,1,1,1,1,6.44,11,3,1,1,1,1,0.805,1.1614,1,1,1,0,1
NCRB-SYNTH-110412,Trial Court,Sec 439 CrPC (Regular Bail),21,7,63,1,0,1,1,1,1,1,1,1,0.6516,1,101,1,0,0.0804,3,1.0,116.7,1,1,6319339.75,0.8542,1,1,1,1,6.52,5,8,1,1,1,10,0.1552,0.0647,3,1,1,0,1
NCRB-SYNTH-110416,High Court,Trial Judgment,2,16,72,1,0,1,1,1,0,1,1,1,0.551,1,161,1,0,0.0621,8,1.2058,150.29,1,1,2655648.5,0.7141,1,1,1,1,11.3,13,9,1,1,1,40,0.311,0.0838,4,1,1,0,0
NCRB-SYNTH-110425,High Court,Sec 439 CrPC (Regular Bail),7,7,79,0,0,1,1,1,0,1,1,1,0.3819,0,65,0,0,0.1235,5,1.321,93.99,1,1,3855396.81,0.7847,1,1,1,1,9.4,17,10,1,1,1,31,0.1741,0.0502,4,1,1,0,0
NCRB-SYNTH-110426,Trial Court,Writ Petition (Detention),4,13,39,1,0,1,1,1,0,1,1,1,0.7116,1,35,0,1,0.1008,6,1.2892,173.75,1,1,11982069.55,0.5581,1,1,1,1,6.07,13,14,1,1,1,31,0.1702,0.0491,4,1,1,0,1
NCRB-SYNTH-110428,Supreme Court,Writ Petition (Detention),2,10,16,1,0,1,1,1,0,1,1,1,0.4293,0,148,1,0,0.1101,9,1.2099,128.12,1,1,6178928.11,0.8143,1,1,1,1,7.64,5,9,1,1,1,27,0.2934,0.0881,4,1,1,0,0
NCRB-SYNTH-110430,Supreme Court,Sec 482 CrPC (Quashing),15,19,75,1,0,1,1,1,0,1,1,1,0.8067,1,170,1,1,0.0279,8,1.16,75.28,1,1,8146235.95,0.3999,1,1,1,1,2.67,20,4,1,1,1,26,0.2665,0.0809,4,1,1,0,1
NCRB-SYNTH-110442,Trial Court,Sec 439 CrPC (Regular Bail),7,17,65,1,1,1,1,1,1,1,1,1,0.7809,1,128,1,1,0.0056,7,1.1627,51.94,1,1,10031986.99,0.9429,1,1,1,1,18.67,8,6,1,1,1,2,0.7457,0.6788,1,1,1,0,1
NCRB-SYNTH-110446,Supreme Court,Sec 439 CrPC (Regular Bail),1,3,65,1,0,1,1,1,0,1,1,1,0.904,0,123,1,1,0.0636,4,1.3147,172.13,1,1,12900056.26,0.6439,1,1,1,1,9.27,12,11,1,1,1,17,0.1845,0.0638,4,1,1,0,1
NCRB-SYNTH-110451,Trial Court,Sec 439 CrPC (Regular Bail),4,4,31,1,0,1,1,1,0,1,1,1,0.4459,1,30,1,1,0.1884,2,1.0,64.07,1,1,9048564.49,0.9921,1,1,1,1,3.68,19,14,1,1,1,25,0.1947,0.0598,4,1,1,0,0
NCRB-SYNTH-110453,High Court,Sec 439 CrPC (Regular Bail),15,4,97,1,0,1,1,1,1,1,1,1,0.4612,1,79,1,1,0.1109,1,1.226,69.64,1,1,12547192.8,0.2896,1,1,1,1,17.8,12,6,1,1,1,26,0.2504,0.076,4,1,1,0,0
NCRB-SYNTH-110455,Trial Court,Sec 439 CrPC (Regular Bail),1,19,34,1,0,1,1,1,0,1,1,1,0.7577,1,35,1,1,0.0248,7,1.1698,110.34,1,1,6049164.37,0.6446,1,1,1,1,15.05,25,14,1,1,1,15,0.1196,0.0431,4,1,1,1,1
NCRB-SYNTH-110469,Trial Court,Sec 439 CrPC (Regular Bail),4,12,55,1,0,1,1,1,0,1,1,1,0.6598,1,102,1,1,0.0519,5,1.1831,126.41,1,1,14974080.35,0.3889,1,1,1,1,20.13,15,6,1,1,1,11,0.0534,0.0215,3,1,1,0,1
NCRB-SYNTH-110473,High Court,Writ Petition (Detention),15,17,97,0,0,1,1,1,0,1,1,1,0.8213,1,30,0,1,0.1145,7,1.1618,163.03,1,1,7768964.54,0.715,1,1,1,1,2.22,3,8,1,1,1,2,0.4548,0.414,1,1,1,0,1
NCRB-SYNTH-110475,Trial Court,Trial Judgment,15,15,82,0,0,1,1,1,1,1,1,1,0.5152,1,151,1,1,0.0161,8,1.0246,112.0,1,1,6597219.25,0.6436,1,1,1,1,2.88,18,9,1,1,1,12,0.3081,0.1201,4,1,1,0,0
NCRB-SYNTH-110483,Trial Court,Sec 482 CrPC (Quashing),7,15,82,1,0,1,1,1,1,1,1,1,0.638,0,66,1,1,0.0717,5,1.1863,139.35,1,1,12731151.29,0.9119,1,1,1,1,9.1,6,8,1,1,1,5,0.1904,0.1063,3,1,1,0,1
NCRB-SYNTH-110486,High Court,Sec 482 CrPC (Quashing),2,15,29,1,0,1,1,1,1,1,1,1,0.6416,1,153,0,0,0.0602,4,1.0426,133.55,1,1,11693867.11,0.4951,1,1,1,1,3.92,11,3,1,1,1,3,0.8586,0.6193,1,1,1,0,1
NCRB-SYNTH-110503,Trial Court,Sec 482 CrPC (Quashing),4,13,29,1,0,1,1,1,0,1,1,1,0.792,1,91,1,1,0.1049,4,1.0,99.93,1,1,6191994.28,0.4858,1,1,1,1,25.92,9,3,1,1,1,2,0.8841,0.8047,1,1,1,0,1
NCRB-SYNTH-110505,High Court,Sec 439 CrPC (Regular Bail),7,21,50,0,0,1,1,1,0,1,1,1,0.5918,1,171,1,1,0.0581,9,1.174,48.36,1,1,10606886.75,0.6575,1,1,1,1,10.5,9,15,1,1,1,18,0.1628,0.0553,4,1,1,0,0
NCRB-SYNTH-110509,Trial Court,Trial Judgment,2,17,27,1,0,1,1,1,0,1,1,1,0.6381,1,22,1,1,0.1314,3,1.0,82.82,1,1,14401465.14,0.966,1,1,1,1,2.35,20,9,1,1,1,10,0.2295,0.0957,3,1,1,0,1
NCRB-SYNTH-110519,High Court,Sec 482 CrPC (Quashing),4,10,34,1,0,1,1,1,0,1,1,1,0.8714,1,87,0,1,0.0662,3,1.1672,120.65,1,1,702623.67,0.2756,1,1,1,1,4.95,17,7,1,1,1,10,0.1786,0.0745,3,1,1,0,1
NCRB-SYNTH-110520,Trial Court,Sec 439 CrPC (Regular Bail),7,7,15,1,0,1,1,1,0,1,1,1,0.4486,1,57,1,1,0.1183,4,1.1429,77.85,1,1,8178265.67,0.291,1,1,1,1,3.04,20,3,1,1,1,2,0.4586,0.4174,1,1,1,0,0
NCRB-SYNTH-110526,Trial Court,Writ Petition (Detention),15,11,13,1,0,1,1,1,0,1,1,1,0.7023,0,67,1,1,0.1644,2,1.1378,146.84,1,1,3517304.11,0.3637,1,1,1,1,3.96,8,6,1,1,1,17,0.2106,0.0729,4,1,1,0,1
NCRB-SYNTH-110531,Trial Court,Sec 439 CrPC (Regular Bail),2,23,73,0,0,1,1,1,0,1,1,1,0.5187,1,33,1,1,0.0891,3,1.2402,107.21,1,1,2041633.79,0.2544,1,1,1,1,2.7,17,13,1,1,1,33,0.1241,0.0352,4,1,1,0,0
NCRB-SYNTH-110532,High Court,Sec 439 CrPC (Regular Bail),2,15,51,1,0,1,1,1,0,1,1,1,0.8506,1,60,1,1,0.0738,8,1.306,72.75,1,1,4281556.38,0.5165,1,1,1,1,16.88,9,9,1,1,1,2,0.5942,0.5408,1,1,1,0,1
NCRB-SYNTH-110543,Trial Court,Sec 439 CrPC (Regular Bail),4,3,69,1,0,1,1,1,0,1,1,1,0.5695,1,46,0,0,0.0819,6,1.0,164.0,1,1,908259.97,0.6822,1,1,1,1,23.23,6,5,1,1,1,21,0.3114,0.1008,4,1,1,0,0
NCRB-SYNTH-110544,High Court,Sec 439 CrPC (Regular Bail),7,24,55,1,0,1,1,1,0,1,1,1,0.5417,1,51,1,1,0.1185,9,1.0,174.5,1,1,7262740.97,0.2904,1,1,1,1,2.24,5,4,1,1,1,18,0.171,0.0581,4,1,1,0,0
NCRB-SYNTH-110555,Trial Court,Trial Judgment,7,3,80,1,0,1,1,1,0,1,1,1,0.9246,1,110,1,1,0.1484,4,1.1233,149.33,1,1,14119047.71,0.8112,1,1,1,1,6.71,20,14,1,1,1,19,0.1187,0.0396,4,1,1,0,1
NCRB-SYNTH-110566,High Court,Sec 439 CrPC (Regular Bail),2,7,49,1,0,1,1,1,1,1,1,1,0.5801,1,71,0,0,0.0772,6,1.068,159.45,1,1,11434206.95,0.8564,1,1,1,1,14.19,20,15,1,1,1,20,0.1489,0.0489,4,1,1,0,0
NCRB-SYNTH-110572,Trial Court,Sec 439 CrPC (Regular Bail),1,22,100,1,0,1,1,1,0,1,1,1,0.4757,1,28,1,1,0.048,8,1.0635,114.31,1,1,11689639.53,0.2389,1,1,1,1,20.41,24,8,1,1,1,18,0.2664,0.0905,4,1,1,0,0
NCRB-SYNTH-110580,High Court,Sec 439 CrPC (Regular Bail),7,13,9,1,0,1,1,1,0,1,1,1,0.6855,1,115,1,0,0.1523,9,1.0919,111.42,1,1,7591778.29,0.476,1,1,1,1,10.43,4,3,1,1,1,36,0.1406,0.0389,4,1,1,0,1
NCRB-SYNTH-110589,Trial Court,Sec 439 CrPC (Regular Bail),21,16,85,1,0,1,1,1,1,1,1,1,0.4132,1,39,1,1,0.1144,7,1.0878,110.56,1,1,4240547.28,0.4181,1,1,1,1,2.27,10,15,1,1,1,36,0.24,0.0665,4,1,1,0,0
NCRB-SYNTH-110591,Trial Court,Sec 482 CrPC (Quashing),7,10,75,0,0,1,1,1,0,1,1,1,0.5061,1,144,1,0,0.0527,9,1.0,168.07,1,1,9487165.12,0.9521,1,1,1,1,10.71,4,6,1,1,1,6,0.175,0.0899,3,1,1,0,0
NCRB-SYNTH-110596,Trial Court,Sec 439 CrPC (Regular Bail),7,25,29,1,0,1,1,1,0,1,1,1,0.7104,0,128,0,0,0.0576,9,1.1471,59.42,1,1,696141.33,0.4584,1,1,1,1,1.38,14,14,1,1,1,27,0.1094,0.0328,4,1,1,0,1
NCRB-SYNTH-110609,Trial Court,Sec 482 CrPC (Quashing),27,22,96,1,0,1,1,1,0,1,1,1,0.3915,0,97,1,1,0.0809,2,1.0,80.09,1,1,3538018.95,0.2897,1,1,1,1,5.56,17,7,1,1,1,1,0.8128,1.1726,1,1,1,0,0
NCRB-SYNTH-110612,High Court,Sec 439 CrPC (Regular Bail),4,21,12,0,0,1,1,1,1,1,1,1,0.9137,0,121,1,1,0.1449,6,1.1581,171.26,1,1,1033523.02,0.7423,1,1,1,1,4.16,9,5,1,1,1,8,0.2176,0.099,3,1,1,0,1
NCRB-SYNTH-110627,Supreme Court,Sec 439 CrPC (Regular Bail),4,4,54,1,0,1,1,1,0,1,1,1,0.593,1,75,1,0,0.0185,7,1.1068,66.49,1,1,6174074.44,0.852,1,1,1,1,4.39,13,3,1,1,1,42,0.1543,0.041,4,1,1,0,0
NCRB-SYNTH-110632,Trial Court,Sec 482 CrPC (Quashing),1,14,71,1,0,1,1,1,0,1,1,1,0.6551,1,124,1,1,0.0468,7,1.2725,127.76,1,1,1285557.06,0.2374,1,1,1,1,25.21,12,3,1,1,1,26,0.2416,0.0733,4,1,1,1,1
NCRB-SYNTH-110638,High Court,Sec 439 CrPC (Regular Bail),21,13,19,1,1,1,1,1,0,1,1,1,0.5774,1,105,1,1,0.1258,1,1.0,42.31,1,1,5684320.02,0.2711,1,1,1,1,17.4,11,4,1,1,1,27,0.2386,0.0716,4,1,1,0,0
NCRB-SYNTH-110639,Trial Court,Sec 439 CrPC (Regular Bail),4,23,43,1,0,1,1,1,0,1,1,1,0.5907,0,155,1,1,0.1037,4,1.0318,104.99,1,1,4592028.95,0.1681,1,1,1,1,10.86,16,13,1,1,1,37,0.2704,0.0743,4,1,1,0,0
NCRB-SYNTH-110648,Trial Court,Sec 439 CrPC (Regular Bail),4,15,51,1,0,1,1,1,1,1,1,1,0.6976,1,89,1,1,0.0998,1,1.1823,98.55,1,1,10773188.24,0.7144,1,1,1,1,2.3,19,3,1,1,1,30,0.0834,0.0243,4,1,1,0,1
NCRB-SYNTH-110652,Trial Court,Sec 482 CrPC (Quashing),1,7,80,1,0,1,1,1,1,1,1,1,0.5853,1,182,1,1,0.0401,6,1.0,129.59,1,1,10969272.36,0.69,1,1,1,1,5.69,8,7,1,1,1,2,0.4832,0.4398,1,1,1,1,0
NCRB-SYNTH-110653,High Court,Sec 439 CrPC (Regular Bail),4,6,56,1,0,1,1,1,0,1,1,1,0.5038,1,24,0,1,0.047,9,1.2088,116.47,1,1,1212418.79,0.8285,1,1,1,1,19.9,16,6,1,1,1,4,0.103,0.064,3,1,1,0,0
NCRB-SYNTH-110669,Trial Court,Sec 439 CrPC (Regular Bail),1,19,7,1,0,1,1,1,0,1,1,1,0.5168,1,183,1,1,0.0325,4,1.0927,46.82,1,1,6455950.29,0.6176,1,1,1,1,1.12,11,6,1,1,1,26,0.2038,0.0618,4,1,1,0,0
NCRB-SYNTH-110676,High Court,Sec 482 CrPC (Quashing),2,3,100,1,0,1,1,1,0,1,1,1,0.7295,1,139,1,1,0.0742,3,1.0,106.19,1,1,11624200.05,0.5927,1,1,1,1,11.91,8,7,1,1,1,11,0.0593,0.0239,3,1,1,0,1
NCRB-SYNTH-110684,Trial Court,Sec 439 CrPC (Regular Bail),27,15,22,1,0,1,1,1,1,1,1,1,0.7304,1,56,1,1,0.1286,7,1.0928,59.42,1,1,9664039.63,0.9402,1,1,1,1,7.52,25,12,1,1,1,41,0.1137,0.0304,4,1,1,0,1
NCRB-SYNTH-110689,Trial Court,Sec 439 CrPC (Regular Bail),2,25,37,0,0,1,1,1,1,1,1,1,0.7828,1,48,1,1,0.1151,9,1.0225,176.1,1,1,12730303.61,0.9071,1,1,1,1,1.37,12,6,1,1,1,5,0.1882,0.105,3,1,1,0,1
NCRB-SYNTH-110691,High Court,Sec 439 CrPC (Regular Bail),4,16,21,1,0,1,1,1,0,1,1,1,0.5114,1,47,0,0,0.1361,4,1.0,148.12,1,1,4676284.73,0.996,1,1,1,1,14.02,22,11,1,1,1,7,0.0964,0.0463,3,1,1,0,0
NCRB-SYNTH-110696,Trial Court,Sec 439 CrPC (Regular Bail),2,10,36,1,0,1,1,1,0,1,1,1,0.6943,1,48,1,1,0.0358,5,1.1793,79.12,1,1,9206420.22,0.9776,1,1,1,1,17.68,13,6,1,1,1,1,0.8499,1.2261,1,1,1,0,1
NCRB-SYNTH-110699,Trial Court,Sec 439 CrPC (Regular Bail),7,5,89,1,0,1,1,1,1,1,1,1,0.7945,1,61,1,1,0.0561,9,1.2738,115.42,1,1,8815616.74,0.6191,1,1,1,1,37.85,12,5,1,1,1,11,0.1969,0.0792,3,1,1,0,1
NCRB-SYNTH-110714,Trial Court,Sec 439 CrPC (Regular Bail),4,8,67,0,0,1,1,1,0,1,1,1,0.6706,1,145,1,1,0.0588,6,1.2159,36.18,1,1,12152048.47,0.49,1,1,1,1,8.52,24,3,1,1,1,3,0.6525,0.4706,1,1,1,0,1
NCRB-SYNTH-110733,Trial Court,Sec 439 CrPC (Regular Bail),2,9,54,1,0,1,1,1,0,1,1,1,0.9234,0,150,1,1,0.0,3,1.2431,99.38,1,1,8283210.91,0.8551,1,1,1,1,4.61,17,6,1,1,1,29,0.2526,0.0743,4,1,1,0,1
NCRB-SYNTH-110737,High Court,Sec 439 CrPC (Regular Bail),15,7,49,1,0,1,1,1,1,1,1,1,0.8648,1,71,1,1,0.0845,6,1.0697,50.26,1,1,980562.86,0.6019,1,1,1,1,13.52,24,15,1,1,1,30,0.2117,0.0616,4,1,1,0,1
NCRB-SYNTH-110742,Trial Court,Trial Judgment,7,16,86,1,0,1,1,1,1,1,1,1,0.7333,0,146,1,1,0.128,6,1.0236,70.69,1,1,14098063.89,0.5794,1,1,1,1,10.07,9,12,1,1,1,31,0.2293,0.0662,4,1,1,0,1
NCRB-SYNTH-110758,High Court,Sec 439 CrPC (Regular Bail),27,13,28,1,0,1,1,1,0,1,1,1,0.8534,1,61,0,0,0.0536,9,1.1889,53.86,1,1,656759.11,0.4885,1,1,1,1,3.35,3,5,1,1,1,13,0.282,0.1069,4,1,1,0,1
NCRB-SYNTH-110760,Trial Court,Sec 439 CrPC (Regular Bail),1,5,56,1,0,1,1,1,0,1,1,1,0.7192,1,167,1,0,0.0536,7,1.1265,128.57,1,1,10904011.46,0.2734,1,1,1,1,31.51,24,7,1,1,1,31,0.2458,0.0709,4,1,1,0,1
NCRB-SYNTH-110763,High Court,Sec 482 CrPC (Quashing),4,9,65,1,0,1,1,1,0,1,1,1,0.8359,1,133,1,0,0.0985,1,1.0,63.23,1,1,5507210.53,0.6668,1,1,1,1,10.63,16,3,1,1,1,37,0.2156,0.0593,4,1,1,0,1
NCRB-SYNTH-110765,High Court,Sec 482 CrPC (Quashing),45,19,31,1,0,1,1,1,1,1,1,1,0.8198,1,182,1,1,0.0719,7,1.1438,64.12,1,1,11040031.36,0.7134,1,1,1,1,1.9,9,3,1,1,1,10,0.2007,0.0837,3,1,1,0,1
NCRB-SYNTH-110778,Trial Court,Trial Judgment,15,18,66,1,0,1,1,1,0,1,1,1,0.4964,1,32,1,1,0.069,4,1.1751,125.38,1,1,2576087.39,0.5274,1,1,1,1,4.57,23,4,1,1,1,15,0.1061,0.0383,4,1,1,0,0
NCRB-SYNTH-110779,Supreme Court,Writ Petition (Detention),15,17,36,1,0,1,1,1,0,1,1,1,0.9127,1,127,1,1,0.093,7,1.2317,33.17,1,1,4207255.48,0.7058,1,1,1,1,16.17,12,14,1,1,1,10,0.1628,0.0679,3,1,1,0,1
NCRB-SYNTH-110784,Trial Court,Sec 482 CrPC (Quashing),7,23,59,1,0,1,1,1,0,1,1,1,0.448,1,30,1,1,0.0888,5,1.2067,52.94,1,1,5514143.6,0.5061,1,1,1,1,2.31,6,14,1,1,1,12,0.2492,0.0972,4,1,1,0,0
NCRB-SYNTH-110785,High Court,Sec 439 CrPC (Regular Bail),7,21,31,1,0,1,1,1,1,1,1,1,0.425,0,78,1,1,0.0634,5,1.0989,103.64,1,1,9718901.66,0.5358,1,1,1,1,18.84,7,13,1,1,1,36,0.2079,0.0576,4,1,1,0,0
NCRB-SYNTH-110789,High Court,Sec 439 CrPC (Regular Bail),15,3,80,1,0,1,1,1,1,1,1,1,0.6586,1,110,1,1,0.0466,7,1.0673,64.81,1,1,3953004.11,0.8017,1,1,1,1,13.69,20,6,1,1,1,29,0.3049,0.0896,4,1,1,1,1
NCRB-SYNTH-110791,Trial Court,Sec 439 CrPC (Regular Bail),1,4,12,1,0,1,1,1,1,1,1,1,0.6455,1,76,1,1,0.0608,1,1.0504,142.66,1,1,11169006.0,0.524,1,1,1,1,10.94,10,15,1,1,1,11,0.1094,0.044,3,1,1,0,1
NCRB-SYNTH-110793,Supreme Court,Sec 482 CrPC (Quashing),7,8,24,1,0,1,1,1,0,1,1,1,0.8694,1,64,1,1,0.0089,6,1.0,41.95,1,1,2656598.81,0.3409,1,1,1,1,6.0,7,13,1,1,1,39,0.1748,0.0474,4,1,1,0,1
NCRB-SYNTH-110799,High Court,Sec 482 CrPC (Quashing),15,20,21,1,0,1,1,1,0,1,1,1,0.5562,1,151,1,1,0.0423,4,1.3773,129.13,1,1,3483047.76,0.346,1,1,1,1,11.37,23,13,1,1,1,10,0.1409,0.0588,3,1,1,0,0
NCRB-SYNTH-110802,High Court,Sec 439 CrPC (Regular Bail),1,12,59,0,0,1,1,1,1,1,1,1,0.9464,1,130,1,1,0.0289,2,1.0191,53.45,1,1,2765819.6,0.5237,1,1,1,1,40.32,13,8,1,1,1,26,0.2469,0.0749,4,1,1,1,1
NCRB-SYNTH-110809,Supreme Court,Sec 439 CrPC (Regular Bail),2,16,77,0,0,1,1,1,1,1,1,1,0.6415,1,126,1,1,0.1065,6,1.0944,84.16,1,1,12132185.44,0.6903,1,1,1,1,1.94,11,11,1,1,1,31,0.227,0.0655,4,1,1,0,1
NCRB-SYNTH-110812,High Court,Sec 439 CrPC (Regular Bail),2,22,75,1,0,1,1,1,0,1,1,1,0.7669,1,151,1,1,0.1036,2,1.0403,87.5,1,1,5223468.23,0.5356,1,1,1,1,10.55,21,6,1,1,1,15,0.1445,0.0521,4,1,1,0,1
NCRB-SYNTH-110814,Trial Court,Sec 439 CrPC (Regular Bail),15,7,20,1,0,1,1,1,1,1,1,1,0.9245,0,105,1,1,0.0987,8,1.2023,136.23,1,1,3499447.27,0.2084,1,1,1,1,11.24,21,5,1,1,1,40,0.0999,0.0269,4,1,1,0,1
NCRB-SYNTH-110815,High Court,Sec 439 CrPC (Regular Bail),7,17,95,0,0,1,1,1,1,1,1,1,0.921,1,47,1,1,0.0606,9,1.1019,178.7,1,1,14567493.37,0.8858,1,1,1,1,27.48,15,13,1,1,1,28,0.2287,0.0679,4,1,1,0,1
NCRB-SYNTH-110818,Trial Court,Sec 482 CrPC (Quashing),7,5,83,1,0,1,1,1,1,1,1,1,0.4458,1,83,0,0,0.1646,3,1.1919,37.53,1,1,1205621.07,0.1764,1,1,1,1,11.31,6,13,1,1,1,38,0.0804,0.0219,4,1,1,1,0
NCRB-SYNTH-110854,Trial Court,Sec 439 CrPC (Regular Bail),15,7,63,1,0,1,1,1,0,1,1,1,0.5876,1,69,1,1,0.0907,1,1.0585,122.62,1,1,12392617.41,0.9692,1,1,1,1,8.2,21,13,1,1,1,8,0.1408,0.0641,3,1,1,0,0
NCRB-SYNTH-110857,High Court,Sec 482 CrPC (Quashing),4,4,7,1,0,1,1,1,1,1,1,1,0.7023,1,21,1,1,0.1976,3,1.1432,30.29,1,1,3030441.34,0.6109,1,1,1,1,6.06,18,6,1,1,1,18,0.1408,0.0478,4,1,1,0,1
NCRB-SYNTH-110859,Supreme Court,Sec 482 CrPC (Quashing),15,5,34,1,0,1,1,1,0,1,1,1,0.82,1,28,0,0,0.0635,8,1.2364,87.47,1,1,14421109.1,0.8009,1,1,1,1,12.15,3,3,1,1,1,4,0.0628,0.039,3,1,1,0,1
NCRB-SYNTH-110868,Trial Court,Sec 439 CrPC (Regular Bail),2,18,17,0,0,1,1,1,1,1,1,1,0.3768,1,49,1,1,0.037,3,1.2195,72.68,1,1,1698013.41,0.934,1,1,1,1,12.99,11,14,1,1,1,15,0.1852,0.0668,4,1,1,0,0
NCRB-SYNTH-110889,High Court,Sec 482 CrPC (Quashing),7,6,44,1,0,1,1,1,0,1,1,1,0.9568,1,51,1,1,0.0,2,1.0,135.34,1,1,8477917.26,0.806,1,1,1,1,19.63,12,6,1,1,1,23,0.271,0.0853,4,1,1,0,1
NCRB-SYNTH-110893,High Court,Sec 439 CrPC (Regular Bail),2,8,38,1,0,1,1,1,1,1,1,1,0.4761,1,21,1,1,0.0515,1,1.1523,108.79,1,1,13078796.4,0.8249,1,1,1,1,12.3,4,10,1,1,1,4,0.1594,0.0991,3,1,1,0,0
NCRB-SYNTH-110903,Trial Court,Sec 439 CrPC (Regular Bail),1,21,56,1,0,1,1,1,0,1,1,1,0.8649,1,63,1,1,0.0765,2,1.1056,83.46,1,1,3539149.73,0.377,1,1,1,1,1.33,12,15,1,1,1,41,0.3134,0.0839,4,1,1,0,1
NCRB-SYNTH-110909,High Court,Sec 439 CrPC (Regular Bail),2,4,45,1,0,1,1,1,0,1,1,1,0.9271,1,66,1,1,0.0,7,1.1338,97.39,1,1,4165863.62,0.6032,1,1,1,1,4.98,9,7,1,1,1,25,0.1135,0.0348,4,1,1,0,1
NCRB-SYNTH-110921,Supreme Court,Sec 439 CrPC (Regular Bail),4,6,64,1,0,1,1,1,0,1,1,1,0.4498,1,175,1,1,0.0417,5,1.0,176.46,1,1,4236046.24,0.5935,1,1,1,1,6.48,12,6,1,1,1,17,0.276,0.0955,4,1,1,0,0
NCRB-SYNTH-110925,Trial Court,Trial Judgment,15,7,33,1,0,1,1,1,0,1,1,1,0.6942,1,160,1,1,0.1651,5,1.0197,169.88,1,1,6446145.03,0.9189,1,1,1,1,2.31,18,4,1,1,1,3,0.7139,0.515,1,1,1,0,1
NCRB-SYNTH-110927,Trial Court,Sec 439 CrPC (Regular Bail),4,5,12,1,0,1,1,1,0,1,1,1,0.6639,0,51,1,1,0.121,2,1.3515,125.81,1,1,1814844.46,0.7288,1,1,1,1,5.42,19,3,1,1,1,16,0.1061,0.0375,4,1,1,0,1
NCRB-SYNTH-110934,Trial Court,Sec 439 CrPC (Regular Bail),2,10,54,1,0,1,1,1,0,1,1,1,0.7457,1,159,1,0,0.0,4,1.3176,92.68,1,1,2799245.12,0.5966,1,1,1,1,12.79,12,11,1,1,1,5,0.1333,0.0744,3,1,1,1,1
NCRB-SYNTH-110952,High Court,Sec 439 CrPC (Regular Bail),45,24,29,1,0,1,1,1,1,1,1,1,0.567,1,56,1,1,0.0811,6,1.0351,149.69,1,1,7510275.31,0.9708,1,1,1,1,5.12,4,12,1,1,1,1,0.547,0.7892,1,1,1,0,0
NCRB-SYNTH-110958,Trial Court,Sec 439 CrPC (Regular Bail),2,13,25,1,0,1,1,1,0,1,1,1,0.6013,1,38,1,1,0.0586,9,1.1595,100.14,1,1,11401994.67,0.8711,1,1,1,1,3.19,4,9,1,1,1,13,0.0986,0.0373,4,1,1,0,1
NCRB-SYNTH-110975,Trial Court,Sec 439 CrPC (Regular Bail),45,18,25,1,0,1,1,1,0,1,1,1,0.9565,1,163,0,0,0.0802,9,1.0964,45.14,1,1,14920136.29,0.9677,1,1,1,1,19.98,23,12,1,1,1,3,0.4403,0.3176,1,1,1,0,1
NCRB-SYNTH-110978,High Court,Sec 439 CrPC (Regular Bail),21,24,87,1,0,1,1,1,0,1,1,1,0.8043,1,142,1,1,0.0784,6,1.2024,79.15,1,1,13426277.04,0.8301,1,1,1,1,13.37,21,6,1,1,1,2,0.9224,0.8396,1,1,1,0,1
NCRB-SYNTH-110993,High Court,Sec 439 CrPC (Regular Bail),4,7,82,1,0,1,1,1,0,1,1,1,0.8147,1,97,1,1,0.0262,6,1.1219,113.15,1,1,10270132.16,0.5887,1,1,1,1,17.8,18,7,1,1,1,2,0.6198,0.5642,1,1,1,1,1
NCRB-SYNTH-111021,Trial Court,Sec 439 CrPC (Regular Bail),1,15,79,1,0,1,1,1,1,1,1,1,0.8626,1,62,0,0,0.1092,4,1.0402,78.15,1,1,6029431.48,0.8704,1,1,1,1,8.72,6,11,1,1,1,20,0.2854,0.0938,4,1,1,0,1
NCRB-SYNTH-111029,High Court,Sec 482 CrPC (Quashing),7,7,61,1,0,1,1,1,0,1,1,1,0.4346,1,109,0,1,0.0451,1,1.0,43.98,1,1,13232532.66,0.8395,1,1,1,1,1.3,20,5,1,1,1,12,0.1646,0.0642,4,1,1,0,0
NCRB-SYNTH-111034,Supreme Court,Sec 439 CrPC (Regular Bail),15,15,42,1,0,1,1,1,0,1,1,1,0.5262,1,26,1,1,0.1288,8,1.1738,94.08,1,1,8505333.5,0.4567,1,1,1,1,4.79,5,4,1,1,1,13,0.261,0.0989,4,1,1,1,0
NCRB-SYNTH-111035,Supreme Court,Sec 439 CrPC (Regular Bail),4,18,10,1,0,1,1,1,1,1,1,1,0.935,1,172,1,1,0.0404,1,1.1271,177.73,1,1,14186579.2,0.8298,1,1,1,1,11.57,13,11,1,1,1,23,0.3082,0.097,4,1,1,0,1
NCRB-SYNTH-111040,Trial Court,Sec 439 CrPC (Regular Bail),2,19,86,1,0,1,1,1,0,1,1,1,0.5748,1,77,1,1,0.0546,6,1.2893,53.27,1,1,13808205.29,0.8681,1,1,1,1,8.81,23,13,1,1,1,15,0.2077,0.0749,4,1,1,0,0
NCRB-SYNTH-111044,Supreme Court,Writ Petition (Detention),15,19,93,1,0,1,1,1,1,1,1,1,0.572,1,159,1,0,0.0684,8,1.3462,137.16,1,1,4137443.95,0.8781,1,1,1,1,13.75,23,5,1,1,1,18,0.1841,0.0625,4,1,1,0,0
NCRB-SYNTH-111046,High Court,Sec 439 CrPC (Regular Bail),4,8,56,0,1,1,1,1,1,1,1,1,0.8219,1,147,1,1,0.0,6,1.0,71.0,1,1,8123408.11,0.4547,1,1,1,1,3.05,13,13,1,1,1,19,0.194,0.0647,4,1,1,0,1
NCRB-SYNTH-111054,Trial Court,Sec 482 CrPC (Quashing),2,25,41,1,0,1,1,1,0,1,1,1,0.8914,1,38,0,0,0.1423,1,1.0627,148.26,1,1,11210809.4,0.6612,1,1,1,1,30.75,22,9,1,1,1,27,0.2647,0.0794,4,1,1,0,1
NCRB-SYNTH-111060,High Court,Sec 439 CrPC (Regular Bail),21,4,38,1,0,1,1,1,0,1,1,1,0.9055,1,31,1,0,0.1458,2,1.0259,155.45,1,1,9979763.16,0.5901,1,1,1,1,13.5,23,12,1,1,1,45,0.1685,0.044,4,1,1,0,1
NCRB-SYNTH-111061,Trial Court,Sec 439 CrPC (Regular Bail),21,6,44,1,0,1,1,1,0,1,1,1,0.6065,1,79,0,0,0.0698,1,1.2642,130.69,1,1,11625453.15,0.5834,1,1,1,1,16.13,5,13,1,1,1,40,0.1191,0.0321,4,1,1,0,1
NCRB-SYNTH-111064,High Court,Sec 439 CrPC (Regular Bail),4,3,44,1,0,1,1,1,0,1,1,1,0.5934,1,46,0,0,0.1385,6,1.0,166.97,1,1,5152003.35,0.2114,1,1,1,1,4.24,23,7,1,1,1,42,0.1277,0.034,4,1,1,0,0
NCRB-SYNTH-111080,High Court,Sec 439 CrPC (Regular Bail),1,25,63,1,0,1,1,1,0,1,1,1,0.6693,1,135,1,1,0.1162,5,1.0923,158.68,1,1,13440120.4,0.3365,1,1,1,1,7.55,24,4,1,1,1,22,0.1854,0.0591,4,1,1,0,1
NCRB-SYNTH-111085,High Court,Sec 482 CrPC (Quashing),7,25,64,1,0,1,1,1,0,1,1,1,0.4741,0,84,1,1,0.0807,1,1.0093,83.05,1,1,2522841.66,0.2104,1,1,1,1,11.76,24,3,1,1,1,45,0.2685,0.0701,4,1,1,0,0
NCRB-SYNTH-111092,Trial Court,Sec 439 CrPC (Regular Bail),2,5,88,1,0,1,1,1,1,1,1,1,0.5073,0,110,1,1,0.1046,2,1.1552,53.42,1,1,11793092.14,0.9039,1,1,1,1,7.23,20,5,1,1,1,19,0.1546,0.0516,4,1,1,0,0
NCRB-SYNTH-111097,High Court,Sec 482 CrPC (Quashing),1,17,93,1,0,1,1,1,0,1,1,1,0.7862,1,22,1,1,0.1287,7,1.0,75.39,1,1,6016426.52,0.9078,1,1,1,1,9.82,23,12,1,1,1,44,0.227,0.0596,4,1,1,1,1
NCRB-SYNTH-111098,Trial Court,Sec 439 CrPC (Regular Bail),15,7,14,1,0,1,1,1,1,1,1,1,0.5314,0,124,1,1,0.1062,9,1.0,113.81,1,1,7869177.86,0.51,1,1,1,1,5.65,17,5,1,1,1,31,0.148,0.0427,4,1,1,1,0
NCRB-SYNTH-111099,Supreme Court,Sec 439 CrPC (Regular Bail),45,15,67,0,0,1,1,1,0,1,1,1,0.8153,0,98,0,1,0.0584,9,1.243,128.7,1,1,4287184.63,0.4762,1,1,1,1,26.02,3,12,1,1,1,1,0.8229,1.1871,1,1,1,0,1
NCRB-SYNTH-111103,High Court,Sec 482 CrPC (Quashing),4,22,65,1,0,1,1,1,0,1,1,1,0.4647,1,146,1,1,0.0289,3,1.1339,33.42,1,1,10962555.6,0.4268,1,1,1,1,14.0,8,13,1,1,1,32,0.2671,0.0764,4,1,1,0,0
NCRB-SYNTH-111105,Trial Court,Sec 439 CrPC (Regular Bail),7,24,30,1,0,1,1,1,0,1,1,1,0.9372,1,170,1,1,0.0,3,1.1978,40.13,1,1,1175485.55,0.5467,1,1,1,1,9.25,16,11,1,1,1,1,0.6333,0.9136,1,1,1,0,1
NCRB-SYNTH-111107,Trial Court,Sec 439 CrPC (Regular Bail),1,22,27,1,0,1,1,1,1,1,1,1,0.8522,1,146,1,1,0.0738,9,1.1562,118.02,1,1,10363003.42,0.4267,1,1,1,1,1.66,10,10,1,1,1,21,0.3183,0.103,4,1,1,0,1
NCRB-SYNTH-111119,High Court,Sec 482 CrPC (Quashing),4,7,54,1,0,1,1,1,1,1,1,1,0.7552,1,83,1,1,0.048,2,1.2028,44.33,1,1,7674407.3,0.3488,1,1,1,1,5.21,11,15,1,1,1,7,0.1213,0.0583,3,1,1,0,1
NCRB-SYNTH-111121,High Court,Trial Judgment,2,13,19,1,0,1,1,1,0,1,1,1,0.8347,1,42,0,1,0.0623,4,1.2438,82.69,1,1,4653262.69,0.1589,1,1,1,1,15.48,19,9,1,1,1,36,0.2933,0.0812,4,1,1,0,1
NCRB-SYNTH-111126,High Court,Sec 439 CrPC (Regular Bail),1,9,24,1,0,1,1,1,0,1,1,1,0.7033,1,64,1,1,0.0,2,1.056,179.56,1,1,6204189.69,0.3228,1,1,1,1,2.8,10,5,1,1,1,2,0.6339,0.577,1,1,1,0,1
NCRB-SYNTH-111127,Trial Court,Sec 482 CrPC (Quashing),4,22,23,1,0,1,1,1,1,1,1,1,0.4938,1,13,1,1,0.0812,7,1.0789,162.26,1,1,4656349.92,0.5305,1,1,1,1,23.88,8,14,1,1,1,7,0.2241,0.1078,3,1,1,0,0
NCRB-SYNTH-111131,High Court,Sec 482 CrPC (Quashing),15,5,23,1,0,1,1,1,0,1,1,1,0.7499,1,117,1,1,0.1129,6,1.0,42.44,1,1,13208090.92,0.4021,1,1,1,1,10.86,15,10,1,1,1,28,0.1232,0.0366,4,1,1,0,1
NCRB-SYNTH-111141,Trial Court,Sec 439 CrPC (Regular Bail),4,16,92,1,0,1,1,1,0,1,1,1,0.4203,1,39,1,1,0.1556,8,1.0541,172.51,1,1,5138735.46,0.8227,1,1,1,1,1.97,14,5,1,1,1,3,0.6281,0.4531,1,1,1,0,0
NCRB-SYNTH-111144,High Court,Sec 439 CrPC (Regular Bail),4,12,35,1,0,1,1,1,1,1,1,1,0.4245,1,155,1,1,0.0354,9,1.0,113.84,1,1,14768457.11,0.2524,1,1,1,1,16.34,20,11,1,1,1,30,0.1075,0.0313,4,1,1,0,0
NCRB-SYNTH-111155,Supreme Court,Sec 482 CrPC (Quashing),2,9,54,1,0,1,1,1,1,1,1,1,0.5099,0,158,1,1,0.0586,3,1.0,98.75,1,1,1109741.51,0.8798,1,1,1,1,16.25,10,12,1,1,1,38,0.2491,0.068,4,1,1,0,0
NCRB-SYNTH-111163,High Court,Writ Petition (Detention),7,8,65,1,0,1,1,1,1,1,1,1,0.6991,1,96,1,1,0.1197,1,1.3011,53.41,1,1,8839120.09,0.3844,1,1,1,1,32.63,16,4,1,1,1,6,0.2481,0.1275,3,1,1,0,1
NCRB-SYNTH-111164,Trial Court,Sec 439 CrPC (Regular Bail),4,9,92,1,0,1,1,1,1,1,1,1,0.6432,1,113,1,1,0.0385,8,1.0223,143.09,1,1,6520078.25,0.8862,1,1,1,1,23.38,24,6,1,1,1,15,0.1147,0.0414,4,1,1,0,1
NCRB-SYNTH-111171,Supreme Court,Sec 439 CrPC (Regular Bail),1,24,78,1,1,1,1,1,1,1,1,1,0.7437,0,161,1,1,0.095,3,1.0,78.23,1,1,4259923.36,0.9632,1,1,1,1,6.44,12,10,1,1,1,3,0.8705,0.628,1,1,1,0,1
NCRB-SYNTH-111172,Trial Court,Sec 482 CrPC (Quashing),2,15,23,0,0,1,1,1,0,1,1,1,0.9145,1,162,1,1,0.0031,2,1.1186,99.38,1,1,11585907.86,0.5932,1,1,1,1,9.14,18,3,1,1,1,45,0.2147,0.0561,4,1,1,0,1
NCRB-SYNTH-111181,High Court,Sec 439 CrPC (Regular Bail),2,10,54,1,0,1,1,1,0,1,1,1,0.4461,1,120,1,1,0.0443,9,1.1559,129.5,1,1,9771839.67,0.8762,1,1,1,1,8.65,22,5,1,1,1,8,0.2183,0.0993,3,1,1,0,0
NCRB-SYNTH-111183,High Court,Trial Judgment,4,6,27,1,0,1,1,1,1,1,1,1,0.9177,0,24,1,1,0.0266,8,1.1735,97.66,1,1,14328333.46,0.3052,1,1,1,1,10.1,23,10,1,1,1,17,0.2897,0.1002,4,1,1,0,1
NCRB-SYNTH-111197,Trial Court,Trial Judgment,1,9,61,1,0,1,1,1,1,1,1,1,0.5402,1,44,1,0,0.0826,2,1.1524,76.67,1,1,4398236.12,0.6563,1,1,1,1,34.15,9,13,1,1,1,42,0.1121,0.0298,4,1,1,1,0
NCRB-SYNTH-111204,Trial Court,Sec 439 CrPC (Regular Bail),15,20,33,1,0,1,1,1,0,1,1,1,0.805,1,62,1,1,0.0417,8,1.2333,63.76,1,1,3859625.28,0.8806,1,1,1,1,7.39,12,10,1,1,1,1,0.82,1.1831,1,1,1,0,1
NCRB-SYNTH-111207,Trial Court,Sec 439 CrPC (Regular Bail),21,9,65,1,0,1,1,1,0,1,1,1,0.7317,1,29,1,1,0.0934,4,1.328,58.22,1,1,7347972.37,0.9584,1,1,1,1,2.48,19,6,1,1,1,25,0.1237,0.038,4,1,1,0,1
NCRB-SYNTH-111212,High Court,Sec 482 CrPC (Quashing),2,5,13,0,0,1,1,1,0,1,1,1,0.8995,1,40,1,0,0.0908,8,1.3778,91.24,1,1,5915934.19,0.7919,1,1,1,1,4.85,11,10,1,1,1,42,0.2184,0.0581,4,1,1,0,1
NCRB-SYNTH-111215,High Court,Sec 482 CrPC (Quashing),4,19,76,1,0,1,1,1,0,1,1,1,0.5931,1,36,0,0,0.1443,1,1.0315,132.01,1,1,3571966.53,0.9551,1,1,1,1,5.63,22,13,1,1,1,12,0.1786,0.0696,4,1,1,0,0
NCRB-SYNTH-111223,High Court,Sec 439 CrPC (Regular Bail),4,13,12,1,0,1,1,1,0,1,1,1,0.7503,1,122,1,1,0.0588,6,1.0654,110.84,1,1,8578959.79,0.5727,1,1,1,1,2.92,17,9,1,1,1,4,0.07,0.0435,3,1,1,0,1
NCRB-SYNTH-111227,Trial Court,Sec 439 CrPC (Regular Bail),45,19,44,1,0,1,1,1,0,1,1,1,0.6089,1,108,0,1,0.0942,3,1.016,75.04,1,1,14215818.34,0.3964,1,1,1,1,5.54,20,5,1,1,1,43,0.0948,0.0251,4,1,1,0,1
NCRB-SYNTH-111231,High Court,Sec 439 CrPC (Regular Bail),1,6,100,1,0,1,1,1,0,1,1,1,0.5127,1,126,1,1,0.0792,9,1.1363,53.26,1,1,7986157.16,0.3817,1,1,1,1,4.42,19,5,1,1,1,36,0.3073,0.0851,4,1,1,1,0
NCRB-SYNTH-111246,High Court,Sec 482 CrPC (Quashing),7,12,44,1,0,1,1,1,0,1,1,1,0.461,1,41,1,1,0.1107,6,1.0,126.19,1,1,10747934.83,0.4645,1,1,1,1,30.96,11,12,1,1,1,42,0.1431,0.0381,4,1,1,0,0
NCRB-SYNTH-111252,High Court,Sec 439 CrPC (Regular Bail),2,13,41,1,0,1,1,1,0,1,1,1,0.5185,1,64,1,1,0.0458,8,1.0031,126.05,1,1,7576000.92,0.4927,1,1,1,1,9.02,24,10,1,1,1,2,0.6714,0.6112,1,1,1,0,0
NCRB-SYNTH-111265,High Court,Sec 439 CrPC (Regular Bail),4,19,22,1,0,1,1,1,0,1,1,1,0.6578,1,65,1,1,0.0318,6,1.0,136.31,1,1,1493471.15,0.3036,1,1,1,1,7.67,20,7,1,1,1,10,0.2087,0.087,3,1,1,0,1
NCRB-SYNTH-111279,Trial Court,Sec 439 CrPC (Regular Bail),2,15,80,1,0,1,1,1,1,1,1,1,0.5343,1,56,0,0,0.0289,4,1.0944,51.98,1,1,2634205.45,0.7994,1,1,1,1,1.44,24,6,1,1,1,11,0.19,0.0765,3,1,1,0,0
NCRB-SYNTH-111280,High Court,Sec 439 CrPC (Regular Bail),2,4,72,1,0,1,1,1,1,1,1,1,0.521,0,20,1,1,0.0651,9,1.0897,61.26,1,1,2397155.95,0.4066,1,1,1,1,18.62,13,10,1,1,1,33,0.2813,0.0798,4,1,1,0,0
NCRB-SYNTH-111290,High Court,Sec 482 CrPC (Quashing),2,5,79,1,0,1,1,1,0,1,1,1,0.7095,1,71,0,0,0.1109,3,1.2685,167.84,1,1,7299738.52,0.5544,1,1,1,1,23.18,12,14,1,1,1,14,0.3065,0.1132,4,1,1,0,1
NCRB-SYNTH-111294,High Court,Trial Judgment,1,3,84,1,0,1,1,1,0,1,1,1,0.8718,1,30,1,1,0.0894,4,1.1375,120.59,1,1,14553618.69,0.3141,1,1,1,1,4.28,12,6,1,1,1,43,0.114,0.0301,4,1,1,1,1
NCRB-SYNTH-111309,High Court,Sec 439 CrPC (Regular Bail),2,24,56,1,0,1,1,1,0,1,1,1,0.4597,0,154,1,1,0.0705,1,1.028,176.82,1,1,1744186.09,0.5655,1,1,1,1,17.87,24,14,1,1,1,3,0.5768,0.4161,1,1,1,0,0
NCRB-SYNTH-111316,Trial Court,Sec 439 CrPC (Regular Bail),7,23,22,1,0,1,1,1,0,1,1,1,0.6722,0,96,1,1,0.0198,8,1.2824,125.1,1,1,1206744.62,0.7855,1,1,1,1,9.27,8,7,1,1,1,25,0.2423,0.0744,4,1,1,0,1
NCRB-SYNTH-111329,High Court,Sec 482 CrPC (Quashing),7,8,39,1,0,1,1,1,0,1,1,1,0.6703,1,120,0,1,0.0332,2,1.0325,178.99,1,1,11942957.12,0.4979,1,1,1,1,8.35,11,12,1,1,1,9,0.081,0.0352,3,1,1,0,1
NCRB-SYNTH-111331,Trial Court,Sec 439 CrPC (Regular Bail),4,4,75,1,0,1,1,1,0,1,1,1,0.5736,1,72,1,1,0.0887,7,1.1088,179.03,1,1,14842007.2,0.9067,1,1,1,1,1.57,10,8,1,1,1,2,0.7517,0.6842,1,1,1,0,0
NCRB-SYNTH-111334,High Court,Sec 482 CrPC (Quashing),1,25,88,1,1,1,1,1,0,1,1,1,0.6274,0,36,0,0,0.0,4,1.0038,61.76,1,1,14728961.98,0.2306,1,1,1,1,13.6,10,11,1,1,1,24,0.2042,0.0634,4,1,1,0,1
NCRB-SYNTH-111355,Trial Court,Sec 482 CrPC (Quashing),2,19,37,1,1,1,1,1,0,1,1,1,0.6448,1,148,0,0,0.0884,4,1.0137,171.48,1,1,7769348.4,0.4913,1,1,1,1,1.94,6,11,1,1,1,3,0.4739,0.3419,1,1,1,0,1
NCRB-SYNTH-111359,Trial Court,Sec 482 CrPC (Quashing),15,12,81,1,0,1,1,1,1,1,1,1,0.5872,1,142,1,1,0.1326,2,1.2392,98.06,1,1,8077817.9,0.6122,1,1,1,1,4.71,18,13,1,1,1,2,0.7217,0.6569,1,1,1,0,0
NCRB-SYNTH-111361,High Court,Writ Petition (Detention),2,15,84,0,0,1,1,1,0,1,1,1,0.5871,1,91,1,1,0.0413,5,1.0,38.93,1,1,11093818.33,0.7337,1,1,1,1,6.64,19,10,1,1,1,28,0.1345,0.04,4,1,1,1,0
NCRB-SYNTH-111363,Trial Court,Sec 439 CrPC (Regular Bail),21,18,73,1,0,1,1,1,0,1,1,1,0.4574,1,43,1,0,0.0327,9,1.1761,90.68,1,1,2913061.95,0.3935,1,1,1,1,2.6,12,11,1,1,1,22,0.1927,0.0615,4,1,1,0,0
NCRB-SYNTH-111366,High Court,Sec 439 CrPC (Regular Bail),15,22,63,1,0,1,1,1,1,1,1,1,0.6848,0,86,1,1,0.0699,4,1.1191,136.26,1,1,14816911.87,0.8163,1,1,1,1,12.98,3,11,1,1,1,24,0.1063,0.033,4,1,1,0,1
NCRB-SYNTH-111373,Supreme Court,Sec 439 CrPC (Regular Bail),2,19,57,1,0,1,1,1,1,1,1,1,0.5189,1,37,1,1,0.0806,5,1.2533,158.66,1,1,12818037.83,0.7767,1,1,1,1,16.72,7,12,1,1,1,12,0.177,0.069,4,1,1,0,0
NCRB-SYNTH-111377,High Court,Writ Petition (Detention),15,7,10,1,0,1,1,1,0,1,1,1,0.4457,1,43,0,0,0.2246,1,1.0,80.31,1,1,12424075.15,0.9202,1,1,1,1,3.82,24,11,1,1,1,26,0.2333,0.0708,4,1,1,1,0
NCRB-SYNTH-111382,Trial Court,Writ Petition (Detention),7,7,38,1,0,1,1,1,0,1,1,1,0.8871,1,115,1,1,0.0815,3,1.0,165.13,1,1,7564692.49,0.4765,1,1,1,1,3.44,18,5,1,1,1,22,0.0976,0.0311,4,1,1,0,1
NCRB-SYNTH-111388,Trial Court,Sec 439 CrPC (Regular Bail),7,4,36,1,0,1,1,1,1,1,1,1,0.7962,1,97,1,1,0.0368,4,1.0935,116.69,1,1,7520873.77,0.2292,1,1,1,1,7.76,12,14,1,1,1,1,0.8926,1.2878,1,1,1,0,1
NCRB-SYNTH-111395,High Court,Sec 482 CrPC (Quashing),15,24,69,1,1,1,1,1,0,1,1,1,0.5939,1,14,0,1,0.0102,8,1.0,103.22,1,1,13361392.95,0.4711,1,1,1,1,15.05,21,12,1,1,1,7,0.0817,0.0393,3,1,1,0,0
NCRB-SYNTH-111397,Trial Court,Writ Petition (Detention),4,11,37,1,0,1,1,1,0,1,1,1,0.8473,1,62,1,1,0.0871,1,1.0613,105.96,1,1,12227877.29,0.9666,1,1,1,1,2.23,15,4,1,1,1,32,0.2772,0.0793,4,1,1,0,1
NCRB-SYNTH-111405,High Court,Sec 482 CrPC (Quashing),7,19,11,1,0,1,1,1,0,1,1,1,0.6534,1,62,1,1,0.1598,9,1.1813,98.26,1,1,6297785.15,0.3668,1,1,1,1,40.29,22,8,1,1,1,4,0.1585,0.0985,3,1,1,0,1
NCRB-SYNTH-111419,High Court,Sec 439 CrPC (Regular Bail),7,18,84,1,0,1,1,1,0,1,1,1,0.7037,0,153,1,1,0.0767,6,1.1145,154.3,1,1,10393112.62,0.5666,1,1,1,1,33.11,18,6,1,1,1,28,0.08,0.0238,4,1,1,0,1
NCRB-SYNTH-111421,High Court,Sec 439 CrPC (Regular Bail),7,16,80,1,0,1,1,1,0,1,1,1,0.7781,0,129,1,0,0.1246,1,1.1707,80.24,1,1,11524601.54,0.4921,1,1,1,1,9.9,25,12,1,1,1,17,0.0877,0.0303,4,1,1,0,1
NCRB-SYNTH-111425,High Court,Sec 439 CrPC (Regular Bail),7,15,19,1,0,1,1,1,0,1,1,1,0.4754,0,141,1,1,0.1637,1,1.1737,85.13,1,1,12072639.03,0.4737,1,1,1,1,3.75,13,4,1,1,1,14,0.1987,0.0734,4,1,1,0,0
NCRB-SYNTH-111435,Trial Court,Sec 439 CrPC (Regular Bail),1,7,76,1,0,1,1,1,0,1,1,1,0.6596,1,115,1,1,0.0588,3,1.2446,83.1,1,1,11404465.46,0.7767,1,1,1,1,1.13,23,8,1,1,1,5,0.1362,0.076,3,1,1,0,1
NCRB-SYNTH-111440,High Court,Sec 439 CrPC (Regular Bail),2,18,72,1,0,1,1,1,0,1,1,1,0.3816,1,34,1,1,0.126,9,1.06,93.95,1,1,14024730.42,0.8324,1,1,1,1,5.91,13,9,1,1,1,11,0.2181,0.0878,3,1,1,0,0
NCRB-SYNTH-111446,High Court,Trial Judgment,21,13,37,1,1,1,1,1,0,1,1,1,0.726,1,184,1,1,0.0489,4,1.0495,34.01,1,1,14553065.28,0.5307,1,1,1,1,3.37,8,13,1,1,1,41,0.3186,0.0852,4,1,1,0,1
NCRB-SYNTH-111475,Trial Court,Sec 482 CrPC (Quashing),2,21,90,0,0,1,1,1,0,1,1,1,0.7973,0,75,1,1,0.1046,4,1.0,93.18,1,1,10088619.91,0.1726,1,1,1,1,5.18,9,10,1,1,1,2,0.441,0.4014,1,1,1,0,1
NCRB-SYNTH-111478,Trial Court,Sec 439 CrPC (Regular Bail),4,25,39,1,0,1,1,1,0,1,1,1,0.4756,1,75,1,1,0.1891,8,1.2117,143.35,1,1,9728146.3,0.4057,1,1,1,1,1.19,3,4,1,1,1,8,0.0697,0.0317,3,1,1,0,0
NCRB-SYNTH-111480,High Court,Sec 482 CrPC (Quashing),4,6,60,1,0,1,1,1,1,1,1,1,0.9197,1,140,1,1,0.0676,4,1.0,113.98,1,1,10151757.91,0.7415,1,1,1,1,8.03,10,5,1,1,1,34,0.1134,0.0319,4,1,1,0,1
NCRB-SYNTH-111489,High Court,Sec 439 CrPC (Regular Bail),1,21,75,1,0,1,1,1,1,1,1,1,0.6617,1,32,0,0,0.0884,7,1.0203,61.84,1,1,8738355.28,0.3988,1,1,1,1,2.66,19,7,1,1,1,11,0.1939,0.078,3,1,1,0,1
NCRB-SYNTH-111494,High Court,Sec 482 CrPC (Quashing),2,17,62,1,0,1,1,1,1,1,1,1,0.5783,1,107,1,1,0.0523,8,1.3561,167.13,1,1,8813643.81,0.5065,1,1,1,1,6.88,15,7,1,1,1,21,0.1186,0.0384,4,1,1,0,0
NCRB-SYNTH-111506,High Court,Sec 439 CrPC (Regular Bail),2,9,89,1,0,1,1,1,0,1,1,1,0.6828,1,64,1,0,0.0906,8,1.0335,82.7,1,1,5226333.08,0.6372,1,1,1,1,6.33,10,6,1,1,1,17,0.2548,0.0882,4,1,1,0,1
NCRB-SYNTH-111515,High Court,Sec 439 CrPC (Regular Bail),4,15,84,1,0,1,1,1,0,1,1,1,0.6557,1,41,1,1,0.1677,7,1.0522,42.93,1,1,11422885.53,0.4925,1,1,1,1,11.58,15,13,1,1,1,10,0.1316,0.0549,3,1,1,0,1
NCRB-SYNTH-111519,High Court,Sec 439 CrPC (Regular Bail),15,17,21,1,0,1,1,1,0,1,1,1,0.4296,1,22,1,0,0.126,7,1.1698,30.05,1,1,507486.45,0.9754,1,1,1,1,4.67,10,5,1,1,1,44,0.081,0.0213,4,1,1,0,0
NCRB-SYNTH-111526,High Court,Sec 439 CrPC (Regular Bail),4,9,81,1,0,1,1,1,1,1,1,1,0.9789,0,73,1,1,0.0735,3,1.0028,178.62,1,1,6333358.38,0.4535,1,1,1,1,7.94,12,8,1,1,1,4,0.2045,0.127,3,1,1,0,1
NCRB-SYNTH-111528,Trial Court,Sec 439 CrPC (Regular Bail),7,4,44,1,0,1,1,1,0,1,1,1,0.8218,1,169,1,1,0.1865,5,1.0367,61.63,1,1,12108329.21,0.5878,1,1,1,1,6.42,22,14,1,1,1,23,0.1884,0.0593,4,1,1,1,1
NCRB-SYNTH-111540,Trial Court,Sec 439 CrPC (Regular Bail),4,12,15,1,0,1,1,1,1,1,1,1,0.9659,1,67,1,0,0.1113,2,1.0,135.98,1,1,3535485.4,0.2345,1,1,1,1,10.84,6,3,1,1,1,7,0.0714,0.0343,3,1,1,0,1
NCRB-SYNTH-111541,High Court,Sec 482 CrPC (Quashing),15,6,93,1,0,1,1,1,1,1,1,1,0.9537,1,86,1,1,0.0274,8,1.3193,167.19,1,1,3235571.25,0.356,1,1,1,1,7.26,15,7,1,1,1,21,0.253,0.0819,4,1,1,0,1
NCRB-SYNTH-111543,High Court,Sec 439 CrPC (Regular Bail),7,6,44,1,0,1,1,1,0,1,1,1,0.5859,1,168,1,1,0.0777,7,1.138,122.85,1,1,11324871.66,0.8905,1,1,1,1,3.17,8,15,1,1,1,2,0.9021,0.8211,1,1,1,0,0
NCRB-SYNTH-111552,Trial Court,Sec 482 CrPC (Quashing),1,14,86,1,0,1,1,1,1,1,1,1,0.6939,1,55,1,1,0.0312,2,1.0074,162.52,1,1,12665680.49,0.5859,1,1,1,1,23.96,21,10,1,1,1,28,0.278,0.0826,4,1,1,0,1
NCRB-SYNTH-111553,High Court,Sec 439 CrPC (Regular Bail),4,8,11,1,0,1,1,1,1,1,1,1,0.698,1,20,1,1,0.0842,7,1.1644,162.59,1,1,6260599.18,0.1726,1,1,1,1,22.12,4,3,1,1,1,7,0.2433,0.117,3,1,1,0,1
NCRB-SYNTH-111558,Trial Court,Sec 439 CrPC (Regular Bail),15,18,66,0,0,1,1,1,1,1,1,1,0.5687,1,27,0,0,0.0385,8,1.2556,62.36,1,1,6421156.75,0.5325,1,1,1,1,6.41,10,3,1,1,1,8,0.1319,0.06,3,1,1,0,0
NCRB-SYNTH-111560,Trial Court,Sec 439 CrPC (Regular Bail),7,25,50,1,0,1,1,1,0,1,1,1,0.8914,1,69,1,0,0.033,4,1.008,157.32,1,1,4044589.91,0.7535,1,1,1,1,3.78,24,10,1,1,1,3,0.5886,0.4246,1,1,1,1,1
NCRB-SYNTH-111565,High Court,Sec 439 CrPC (Regular Bail),21,22,17,1,0,1,1,1,1,1,1,1,0.8232,1,13,1,1,0.1208,6,1.2957,177.02,1,1,14647425.36,0.9768,1,1,1,1,2.09,18,8,1,1,1,23,0.3052,0.096,4,1,1,0,1
NCRB-SYNTH-111570,Trial Court,Sec 439 CrPC (Regular Bail),2,23,6,1,0,1,1,1,1,1,1,1,0.9072,1,173,1,0,0.0573,8,1.1243,80.75,1,1,2732567.66,0.6874,1,1,1,1,5.3,13,4,1,1,1,5,0.1287,0.0718,3,1,1,1,1
NCRB-SYNTH-111575,High Court,Sec 439 CrPC (Regular Bail),27,25,95,1,1,1,1,1,1,1,1,1,0.5055,1,56,1,1,0.1336,2,1.168,176.58,1,1,7354757.27,0.4572,1,1,1,1,40.97,4,8,1,1,1,2,0.9214,0.8387,1,1,1,0,0
NCRB-SYNTH-111580,Supreme Court,Sec 439 CrPC (Regular Bail),2,13,86,1,0,1,1,1,1,1,1,1,0.9249,1,111,1,1,0.0941,2,1.1722,133.79,1,1,6276210.71,0.5792,1,1,1,1,6.42,10,4,1,1,1,16,0.1641,0.0579,4,1,1,0,1
NCRB-SYNTH-111584,Supreme Court,Trial Judgment,1,19,62,1,0,1,1,1,0,1,1,1,0.8854,0,70,1,1,0.0584,3,1.0,63.02,1,1,506969.27,0.4007,1,1,1,1,2.21,22,14,1,1,1,30,0.1374,0.04,4,1,1,0,1
NCRB-SYNTH-111589,Trial Court,Sec 439 CrPC (Regular Bail),4,8,63,1,0,1,1,1,0,1,1,1,0.7142,1,143,1,1,0.061,6,1.3113,101.94,1,1,12064376.84,0.8124,1,1,1,1,1.7,21,14,1,1,1,39,0.2412,0.0654,4,1,1,0,1
NCRB-SYNTH-111596,High Court,Sec 439 CrPC (Regular Bail),2,14,72,1,0,1,1,1,0,1,1,1,0.6018,1,116,1,1,0.0673,5,1.0727,73.08,1,1,2769615.85,0.4478,1,1,1,1,7.41,17,9,1,1,1,1,0.8237,1.1884,1,1,1,0,1
NCRB-SYNTH-111602,Supreme Court,Sec 439 CrPC (Regular Bail),7,17,50,1,0,1,1,1,0,1,1,1,0.4422,0,64,0,0,0.1388,3,1.0,99.13,1,1,2581853.66,0.7611,1,1,1,1,11.63,6,10,1,1,1,10,0.1785,0.0744,3,1,1,0,0
NCRB-SYNTH-111604,Trial Court,Trial Judgment,21,15,76,1,0,1,1,1,1,1,1,1,0.7632,1,37,0,0,0.0737,1,1.0,106.66,1,1,14846214.55,0.2288,1,1,1,1,1.77,19,9,1,1,1,45,0.2492,0.0651,4,1,1,0,1
NCRB-SYNTH-111606,High Court,Sec 439 CrPC (Regular Bail),21,13,52,1,0,1,1,1,0,1,1,1,0.6606,1,127,1,1,0.135,3,1.2166,35.25,1,1,7392911.74,0.1652,1,1,1,1,13.21,4,12,1,1,1,42,0.2927,0.0778,4,1,1,0,1
NCRB-SYNTH-111616,Supreme Court,Sec 439 CrPC (Regular Bail),7,11,54,1,1,1,1,1,1,1,1,1,0.4151,0,94,1,1,0.0687,4,1.0062,127.13,1,1,7085857.0,0.9064,1,1,1,1,3.73,6,8,1,1,1,26,0.2896,0.0879,4,1,1,0,0
NCRB-SYNTH-111627,Trial Court,Sec 439 CrPC (Regular Bail),4,25,90,1,0,1,1,1,1,1,1,1,0.9032,1,16,1,1,0.0275,5,1.1345,62.33,1,1,14607752.81,0.5138,1,1,1,1,12.68,20,9,1,1,1,5,0.0769,0.0429,3,1,1,0,1
NCRB-SYNTH-111633,Supreme Court,Sec 439 CrPC (Regular Bail),45,24,36,1,0,1,1,1,0,1,1,1,0.7164,1,143,1,1,0.1126,4,1.0617,174.87,1,1,8865401.32,0.9141,1,1,1,1,6.47,8,3,1,1,1,39,0.1691,0.0458,4,1,1,0,1
NCRB-SYNTH-111642,High Court,Sec 439 CrPC (Regular Bail),4,19,26,1,0,1,1,1,0,1,1,1,0.7444,1,136,1,0,0.068,9,1.0,150.59,1,1,9982761.07,0.9247,1,1,1,1,13.41,13,12,1,1,1,39,0.2375,0.0644,4,1,1,0,1
NCRB-SYNTH-111644,Trial Court,Trial Judgment,21,6,28,1,0,1,1,1,0,1,1,1,0.7299,0,126,1,1,0.1174,4,1.0685,108.11,1,1,1821241.74,0.4483,1,1,1,1,7.95,23,10,1,1,1,31,0.2258,0.0652,4,1,1,0,1
NCRB-SYNTH-111650,High Court,Sec 482 CrPC (Quashing),21,19,17,1,0,1,1,1,0,1,1,1,0.8691,1,162,1,1,0.0932,5,1.2017,91.76,1,1,13302688.0,0.989,1,1,1,1,1.76,18,15,1,1,1,3,0.8894,0.6415,1,1,1,0,1
NCRB-SYNTH-111664,Trial Court,Sec 439 CrPC (Regular Bail),2,17,53,1,1,1,1,1,0,1,1,1,0.7565,1,15,1,1,0.102,5,1.3837,87.29,1,1,591795.26,0.7405,1,1,1,1,29.37,11,14,1,1,1,2,0.9082,0.8267,1,1,1,0,1
NCRB-SYNTH-111665,Trial Court,Sec 439 CrPC (Regular Bail),1,14,21,1,0,1,1,1,0,1,1,1,0.5834,0,137,1,1,0.0751,1,1.1047,84.72,1,1,6975255.33,0.6447,1,1,1,1,10.71,18,5,1,1,1,40,0.1808,0.0487,4,1,1,0,0
NCRB-SYNTH-111668,High Court,Sec 482 CrPC (Quashing),4,20,77,1,0,1,1,1,0,1,1,1,0.6907,1,157,0,0,0.1026,3,1.056,165.33,1,1,2857847.47,0.2062,1,1,1,1,1.79,11,3,1,1,1,1,0.786,1.134,1,1,1,0,1
NCRB-SYNTH-111688,High Court,Sec 439 CrPC (Regular Bail),15,8,19,1,0,1,1,1,0,1,1,1,0.8753,1,132,1,1,0.0598,8,1.1366,54.19,1,1,4411235.1,0.8137,1,1,1,1,10.76,14,14,1,1,1,30,0.1706,0.0497,4,1,1,0,1
NCRB-SYNTH-111693,High Court,Sec 439 CrPC (Regular Bail),15,3,47,1,0,1,1,1,0,1,1,1,0.5259,1,126,1,1,0.1329,5,1.0345,173.58,1,1,7283608.97,0.6748,1,1,1,1,4.67,24,8,1,1,1,6,0.1693,0.087,3,1,1,0,0
NCRB-SYNTH-111728,Trial Court,Trial Judgment,7,14,62,1,1,1,1,1,1,1,1,1,0.6741,1,55,1,0,0.0542,7,1.1379,84.35,1,1,1926006.71,0.7468,1,1,1,1,6.67,18,7,1,1,1,7,0.103,0.0495,3,1,1,0,1
NCRB-SYNTH-111731,High Court,Sec 439 CrPC (Regular Bail),2,23,90,1,0,1,1,1,0,1,1,1,0.6988,1,78,0,0,0.0172,8,1.1967,169.74,1,1,6505768.91,0.5189,1,1,1,1,30.77,15,8,1,1,1,2,0.8504,0.7741,1,1,1,0,1
NCRB-SYNTH-111736,High Court,Writ Petition (Detention),2,17,40,1,0,1,1,1,1,1,1,1,0.8626,1,36,0,1,0.0804,9,1.098,88.48,1,1,8538267.73,0.5991,1,1,1,1,7.73,22,15,1,1,1,17,0.1516,0.0525,4,1,1,0,1
NCRB-SYNTH-111739,High Court,Sec 482 CrPC (Quashing),27,6,50,1,0,1,1,1,1,1,1,1,0.8318,1,109,1,0,0.1201,1,1.0,174.33,1,1,6337044.55,0.8638,1,1,1,1,13.02,16,7,1,1,1,11,0.2218,0.0892,3,1,1,0,1
NCRB-SYNTH-111745,High Court,Sec 439 CrPC (Regular Bail),4,21,5,1,1,1,1,1,1,1,1,1,0.6821,1,116,1,1,0.0126,9,1.1152,141.31,1,1,11339777.88,0.9746,1,1,1,1,8.08,21,5,1,1,1,24,0.2288,0.0711,4,1,1,0,1
NCRB-SYNTH-111753,Trial Court,Sec 482 CrPC (Quashing),7,18,71,1,0,1,1,1,0,1,1,1,0.7537,1,51,1,1,0.0344,3,1.0905,145.72,1,1,9938310.42,0.7878,1,1,1,1,6.05,17,12,1,1,1,3,0.9271,0.6687,1,1,1,0,1
NCRB-SYNTH-111757,Trial Court,Sec 482 CrPC (Quashing),21,25,23,0,0,1,1,1,1,1,1,1,0.7389,1,35,1,1,0.0603,6,1.3068,119.8,1,1,5898545.96,0.8276,1,1,1,1,15.76,17,3,1,1,1,1,0.7064,1.0192,1,1,1,1,1
NCRB-SYNTH-111758,Supreme Court,Sec 439 CrPC (Regular Bail),15,6,86,0,0,1,1,1,0,1,1,1,0.7206,0,26,1,1,0.0859,2,1.0,171.12,1,1,3012345.43,0.6338,1,1,1,1,3.09,22,13,1,1,1,8,0.1429,0.065,3,1,1,0,1
NCRB-SYNTH-111783,High Court,Sec 439 CrPC (Regular Bail),4,13,59,1,0,1,1,1,0,1,1,1,0.7423,1,54,0,1,0.1116,7,1.0325,33.73,1,1,11885721.62,0.9502,1,1,1,1,8.49,8,5,1,1,1,40,0.166,0.0447,4,1,1,0,1
NCRB-SYNTH-111784,Trial Court,Sec 439 CrPC (Regular Bail),4,23,90,1,0,1,1,1,1,1,1,1,0.4657,1,90,1,1,0.1257,2,1.083,71.51,1,1,13967424.72,0.6346,1,1,1,1,1.85,18,8,1,1,1,1,0.8618,1.2433,1,1,1,0,0
NCRB-SYNTH-111791,High Court,Sec 482 CrPC (Quashing),7,15,45,1,0,1,1,1,1,1,1,1,0.4904,1,174,1,1,0.0159,1,1.2726,52.95,1,1,3650241.46,0.5293,1,1,1,1,32.53,18,3,1,1,1,4,0.1874,0.1165,3,1,1,0,0
NCRB-SYNTH-111807,Trial Court,Sec 482 CrPC (Quashing),2,8,47,1,0,1,1,1,0,1,1,1,0.5584,1,152,1,1,0.0841,8,1.0721,87.86,1,1,3371949.35,0.8275,1,1,1,1,9.03,16,6,1,1,1,17,0.2835,0.0981,4,1,1,0,0
NCRB-SYNTH-111819,Trial Court,Sec 439 CrPC (Regular Bail),7,20,86,1,0,1,1,1,0,1,1,1,0.8695,0,40,1,1,0.0778,1,1.0,148.33,1,1,13714375.43,0.5191,1,1,1,1,8.69,6,14,1,1,1,4,0.2333,0.145,3,1,1,0,1
NCRB-SYNTH-111824,High Court,Sec 439 CrPC (Regular Bail),1,8,52,0,0,1,1,1,1,1,1,1,0.6951,1,34,1,1,0.058,2,1.0814,102.55,1,1,3908546.95,0.4028,1,1,1,1,4.53,17,15,1,1,1,34,0.2479,0.0697,4,1,1,0,1
NCRB-SYNTH-111825,Trial Court,Sec 439 CrPC (Regular Bail),15,16,54,0,0,1,1,1,0,1,1,1,0.6976,1,124,0,0,0.1102,6,1.0533,115.44,1,1,3974088.84,0.7769,1,1,1,1,11.82,9,9,1,1,1,13,0.1873,0.071,4,1,1,1,1
NCRB-SYNTH-111832,Supreme Court,Trial Judgment,45,24,12,1,0,1,1,1,0,1,1,1,0.6703,0,52,1,1,0.0801,3,1.0,90.17,1,1,8826628.41,0.4667,1,1,1,1,2.97,12,14,1,1,1,34,0.2802,0.0788,4,1,1,0,1
NCRB-SYNTH-111833,High Court,Sec 439 CrPC (Regular Bail),27,17,60,1,0,1,1,1,0,1,1,1,0.5373,1,83,1,1,0.0543,4,1.0,116.81,1,1,13692113.99,0.3564,1,1,1,1,21.66,12,10,1,1,1,7,0.206,0.0991,3,1,1,0,0
NCRB-SYNTH-111838,High Court,Sec 439 CrPC (Regular Bail),4,19,93,1,0,1,1,1,0,1,1,1,0.5821,1,112,1,1,0.0621,4,1.0,109.82,1,1,12134864.47,0.1981,1,1,1,1,5.17,8,8,1,1,1,5,0.1223,0.0682,3,1,1,0,0
NCRB-SYNTH-111848,Trial Court,Sec 439 CrPC (Regular Bail),4,4,30,1,0,1,1,1,0,1,1,1,0.7871,0,89,1,1,0.1015,1,1.0616,138.98,1,1,14039642.21,0.3799,1,1,1,1,7.11,24,5,1,1,1,24,0.1574,0.0489,4,1,1,0,1
NCRB-SYNTH-111854,Trial Court,Sec 439 CrPC (Regular Bail),2,25,27,1,0,1,1,1,0,1,1,1,0.9168,1,142,1,1,0.1155,4,1.0,110.3,1,1,11075444.7,0.7674,1,1,1,1,8.67,16,3,1,1,1,33,0.1307,0.0371,4,1,1,0,1
NCRB-SYNTH-111859,Trial Court,Sec 439 CrPC (Regular Bail),2,4,97,1,0,1,1,1,1,1,1,1,0.8967,1,141,0,0,0.0339,7,1.113,148.13,1,1,1092022.18,0.5147,1,1,1,1,9.14,20,9,1,1,1,1,0.5571,0.8037,1,1,1,0,1
NCRB-SYNTH-111860,High Court,Sec 439 CrPC (Regular Bail),4,14,63,0,0,1,1,1,0,1,1,1,0.5709,1,35,1,0,0.0481,9,1.1634,124.42,1,1,13850023.4,0.6534,1,1,1,1,1.81,18,12,1,1,1,19,0.2912,0.0972,4,1,1,0,0
NCRB-SYNTH-111863,Trial Court,Sec 439 CrPC (Regular Bail),7,9,22,1,0,1,1,1,0,1,1,1,0.6073,1,51,1,1,0.0586,1,1.2309,143.56,1,1,6199061.77,0.7561,1,1,1,1,1.16,16,11,1,1,1,10,0.1784,0.0744,3,1,1,0,1
NCRB-SYNTH-111865,High Court,Sec 482 CrPC (Quashing),1,16,75,1,0,1,1,1,1,1,1,1,0.5234,1,90,1,1,0.1389,1,1.0,93.67,1,1,11387882.24,0.3664,1,1,1,1,16.76,7,12,1,1,1,5,0.1493,0.0833,3,1,1,0,0
NCRB-SYNTH-111875,High Court,Sec 439 CrPC (Regular Bail),4,21,75,1,0,1,1,1,0,1,1,1,0.4725,1,144,1,1,0.0651,6,1.1729,115.88,1,1,7615304.76,0.9749,1,1,1,1,23.36,8,10,1,1,1,1,0.5059,0.7299,1,1,1,0,0
NCRB-SYNTH-111877,Supreme Court,Writ Petition (Detention),4,3,12,1,0,1,1,1,0,1,1,1,0.4853,1,48,1,1,0.0668,1,1.1492,104.17,1,1,5197375.46,0.4077,1,1,1,1,6.9,24,12,1,1,1,7,0.1785,0.0858,3,1,1,0,0
NCRB-SYNTH-111885,Supreme Court,Sec 439 CrPC (Regular Bail),2,7,21,1,0,1,1,1,0,1,1,1,0.4602,1,149,1,1,0.0603,3,1.135,43.52,1,1,13527059.9,0.9849,1,1,1,1,11.85,19,15,1,1,1,17,0.0967,0.0334,4,1,1,0,0
NCRB-SYNTH-111905,High Court,Sec 439 CrPC (Regular Bail),1,14,70,1,0,1,1,1,0,1,1,1,0.5674,1,104,0,0,0.0365,8,1.0928,165.2,1,1,6375388.07,0.5374,1,1,1,1,18.27,12,4,1,1,1,5,0.2382,0.133,3,1,1,1,0
NCRB-SYNTH-111906,High Court,Sec 482 CrPC (Quashing),4,20,64,1,0,1,1,1,1,1,1,1,0.7087,1,118,1,1,0.1359,4,1.1982,117.33,1,1,6392725.49,0.8202,1,1,1,1,17.52,13,14,1,1,1,2,0.8436,0.7679,1,1,1,0,1
NCRB-SYNTH-111907,Trial Court,Sec 439 CrPC (Regular Bail),7,25,50,1,0,1,1,1,0,1,1,1,0.5532,1,103,1,1,0.1364,9,1.0446,123.73,1,1,10874837.49,0.6534,1,1,1,1,3.46,5,14,1,1,1,32,0.2507,0.0717,4,1,1,0,0
NCRB-SYNTH-111920,Trial Court,Sec 482 CrPC (Quashing),7,11,29,1,0,1,1,1,0,1,1,1,0.6046,1,139,1,1,0.2032,7,1.0,75.71,1,1,4038986.81,0.6094,1,1,1,1,7.43,20,3,1,1,1,21,0.2028,0.0656,4,1,1,0,1
NCRB-SYNTH-111921,Supreme Court,Sec 439 CrPC (Regular Bail),4,18,12,1,1,1,1,1,0,1,1,1,0.416,0,167,0,0,0.0507,9,1.2012,69.87,1,1,3144680.09,0.9534,1,1,1,1,10.95,25,10,1,1,1,45,0.2469,0.0645,4,1,1,0,0
NCRB-SYNTH-111937,High Court,Sec 439 CrPC (Regular Bail),2,13,85,1,0,1,1,1,0,1,1,1,0.5736,1,118,1,1,0.161,2,1.0,98.76,1,1,7414255.51,0.3168,1,1,1,1,11.35,20,13,1,1,1,2,0.8095,0.7368,1,1,1,0,0
NCRB-SYNTH-111946,Trial Court,Trial Judgment,2,18,6,1,0,1,1,1,1,1,1,1,0.8095,0,101,1,0,0.0796,5,1.0,118.25,1,1,11938453.54,0.8521,1,1,1,1,1.47,6,4,1,1,1,42,0.1558,0.0414,4,1,1,0,1
NCRB-SYNTH-111950,High Court,Sec 439 CrPC (Regular Bail),1,24,35,1,0,1,1,1,0,1,1,1,0.8821,1,166,1,1,0.0408,2,1.0,37.83,1,1,10989127.42,0.8701,1,1,1,1,18.56,15,13,1,1,1,37,0.0904,0.0249,4,1,1,0,1
NCRB-SYNTH-111955,Supreme Court,Sec 439 CrPC (Regular Bail),2,4,72,1,0,1,1,1,0,1,1,1,0.4598,1,98,1,1,0.0945,7,1.0,127.63,1,1,8417928.13,0.7216,1,1,1,1,1.84,10,6,1,1,1,27,0.1629,0.0489,4,1,1,0,0
NCRB-SYNTH-111956,Trial Court,Sec 482 CrPC (Quashing),15,16,94,1,0,1,1,1,0,1,1,1,0.6164,1,21,1,1,0.0604,3,1.1191,80.05,1,1,9553424.57,0.9611,1,1,1,1,1.13,20,6,1,1,1,3,0.5302,0.3824,1,1,1,1,1
NCRB-SYNTH-111962,Trial Court,Sec 439 CrPC (Regular Bail),1,16,99,0,0,1,1,1,1,1,1,1,0.7344,1,65,1,0,0.0701,5,1.0,75.94,1,1,12285434.27,0.4726,1,1,1,1,11.58,7,5,1,1,1,45,0.1067,0.0279,4,1,1,1,1
NCRB-SYNTH-111970,Supreme Court,Sec 439 CrPC (Regular Bail),1,13,74,1,0,1,1,1,0,1,1,1,0.6679,0,129,1,1,0.0739,8,1.0533,47.08,1,1,2091586.51,0.8712,1,1,1,1,12.49,7,10,1,1,1,4,0.0518,0.0322,3,1,1,0,1
NCRB-SYNTH-111989,High Court,Sec 439 CrPC (Regular Bail),2,25,82,1,0,1,1,1,1,1,1,1,0.807,1,41,1,1,0.0231,4,1.0538,115.94,1,1,9858231.82,0.491,1,1,1,1,11.83,24,8,1,1,1,3,0.7886,0.5689,1,1,1,0,1
NCRB-SYNTH-112004,High Court,Sec 439 CrPC (Regular Bail),4,22,25,1,0,1,1,1,0,1,1,1,0.6885,0,109,1,1,0.0298,1,1.0,138.92,1,1,14029753.87,0.2406,1,1,1,1,5.9,9,6,1,1,1,11,0.211,0.0849,3,1,1,1,1
NCRB-SYNTH-112014,Trial Court,Sec 482 CrPC (Quashing),2,12,19,1,0,1,1,1,0,1,1,1,0.7765,1,170,1,1,0.0813,3,1.2249,118.84,1,1,9612389.91,0.1632,1,1,1,1,20.61,9,11,1,1,1,16,0.2898,0.1023,4,1,1,0,1
NCRB-SYNTH-112018,High Court,Sec 482 CrPC (Quashing),2,14,84,1,0,1,1,1,0,1,1,1,0.9622,1,44,1,1,0.101,5,1.168,121.07,1,1,1428107.4,0.4724,1,1,1,1,17.39,24,5,1,1,1,11,0.0503,0.0202,3,1,1,0,1
NCRB-SYNTH-112027,High Court,Sec 439 CrPC (Regular Bail),2,22,88,1,0,1,1,1,0,1,1,1,0.8361,1,142,1,1,0.1148,3,1.2771,168.81,1,1,6735967.87,0.8248,1,1,1,1,1.42,3,10,1,1,1,1,0.5112,0.7376,1,1,1,0,1
NCRB-SYNTH-112033,High Court,Sec 482 CrPC (Quashing),21,7,24,1,0,1,1,1,0,1,1,1,0.9343,1,176,1,1,0.0994,2,1.1135,165.08,1,1,6508567.97,0.7818,1,1,1,1,5.73,15,8,1,1,1,33,0.1035,0.0293,4,1,1,0,1
NCRB-SYNTH-112043,Trial Court,Sec 439 CrPC (Regular Bail),21,19,6,1,0,1,1,1,0,1,1,1,0.6086,1,96,1,1,0.0062,2,1.0921,124.23,1,1,9569972.05,0.191,1,1,1,1,1.54,7,14,1,1,1,23,0.1604,0.0505,4,1,1,1,1
NCRB-SYNTH-112045,High Court,Sec 439 CrPC (Regular Bail),7,13,12,1,0,1,1,1,1,1,1,1,0.7092,1,157,1,0,0.1096,8,1.1411,83.1,1,1,14733114.25,0.6931,1,1,1,1,16.16,22,7,1,1,1,1,0.9489,1.369,1,1,1,0,1
NCRB-SYNTH-112049,Trial Court,Sec 439 CrPC (Regular Bail),2,8,12,1,0,1,1,1,0,1,1,1,0.9001,1,174,1,1,0.0725,1,1.0,111.62,1,1,14728626.38,0.9818,1,1,1,1,8.58,8,10,1,1,1,6,0.2056,0.1057,3,1,1,0,1
NCRB-SYNTH-112054,Trial Court,Sec 482 CrPC (Quashing),2,15,21,1,0,1,1,1,0,1,1,1,0.5728,0,87,1,0,0.1165,3,1.2835,43.78,1,1,14887961.87,0.3417,1,1,1,1,2.54,8,13,1,1,1,36,0.1457,0.0404,4,1,1,0,0
NCRB-SYNTH-112055,Trial Court,Trial Judgment,7,3,34,1,0,1,1,1,0,1,1,1,0.7542,1,80,1,1,0.0615,4,1.0,129.25,1,1,11230490.71,0.8283,1,1,1,1,1.5,15,11,1,1,1,31,0.1771,0.0511,4,1,1,0,1
NCRB-SYNTH-112057,Trial Court,Writ Petition (Detention),2,22,73,1,0,1,1,1,0,1,1,1,0.7542,1,134,1,1,0.0829,7,1.0,116.53,1,1,14722228.29,0.5446,1,1,1,1,3.37,3,8,1,1,1,44,0.1716,0.0451,4,1,1,0,1
NCRB-SYNTH-112062,Supreme Court,Sec 439 CrPC (Regular Bail),4,4,84,1,0,1,1,1,0,1,1,1,0.7919,1,84,1,0,0.0988,2,1.0792,162.19,1,1,9233853.85,0.6943,1,1,1,1,8.07,12,10,1,1,1,5,0.0984,0.0549,3,1,1,0,1
NCRB-SYNTH-112080,Trial Court,Sec 439 CrPC (Regular Bail),7,20,28,1,0,1,1,1,0,1,1,1,0.6681,0,55,1,1,0.1327,8,1.1558,49.65,1,1,13856300.89,0.8165,1,1,1,1,3.44,23,8,1,1,1,38,0.167,0.0456,4,1,1,0,1
NCRB-SYNTH-112094,High Court,Writ Petition (Detention),4,9,81,1,1,1,1,1,0,1,1,1,0.9085,0,26,1,1,0.0564,9,1.0,163.11,1,1,10843900.37,0.8667,1,1,1,1,25.62,17,12,1,1,1,8,0.1465,0.0667,3,1,1,0,1
NCRB-SYNTH-112099,Trial Court,Sec 482 CrPC (Quashing),4,24,66,1,0,1,1,1,0,1,1,1,0.5276,1,115,0,0,0.1681,6,1.0,81.33,1,1,13724988.65,0.5413,1,1,1,1,9.38,22,8,1,1,1,44,0.1913,0.0503,4,1,1,0,0
NCRB-SYNTH-112104,High Court,Sec 482 CrPC (Quashing),2,4,30,1,0,1,1,1,0,1,1,1,0.6908,1,174,1,1,0.0641,5,1.0868,63.7,1,1,1251973.01,0.8484,1,1,1,1,40.75,10,13,1,1,1,43,0.1673,0.0442,4,1,1,0,1
NCRB-SYNTH-112106,Trial Court,Sec 439 CrPC (Regular Bail),7,6,51,1,0,1,1,1,1,1,1,1,0.5068,1,115,1,1,0.1306,3,1.0351,138.59,1,1,1843011.25,0.1768,1,1,1,1,3.6,18,8,1,1,1,3,0.7847,0.566,1,1,1,0,0
NCRB-SYNTH-112107,High Court,Sec 439 CrPC (Regular Bail),7,16,20,0,0,1,1,1,0,1,1,1,0.8193,1,21,1,1,0.0515,1,1.2584,128.71,1,1,2355562.79,0.2709,1,1,1,1,38.7,23,13,1,1,1,25,0.2307,0.0708,4,1,1,0,1
NCRB-SYNTH-112112,High Court,Sec 439 CrPC (Regular Bail),7,10,74,1,0,1,1,1,1,1,1,1,0.5287,1,47,1,1,0.0782,2,1.0312,174.68,1,1,976843.73,0.6221,1,1,1,1,3.92,5,7,1,1,1,8,0.0644,0.0293,3,1,1,0,0
NCRB-SYNTH-112114,Supreme Court,Sec 439 CrPC (Regular Bail),4,23,15,1,0,1,1,1,0,1,1,1,0.6124,1,135,1,0,0.0958,5,1.1714,92.44,1,1,7691992.16,0.4066,1,1,1,1,34.04,19,11,1,1,1,12,0.2671,0.1041,4,1,1,0,1
NCRB-SYNTH-112118,High Court,Sec 439 CrPC (Regular Bail),7,5,98,1,0,1,1,1,1,1,1,1,0.6825,1,90,0,0,0.0487,5,1.162,66.68,1,1,13243276.9,0.9388,1,1,1,1,48.04,16,12,1,1,1,30,0.0829,0.0241,4,1,1,0,1
NCRB-SYNTH-112119,Trial Court,Writ Petition (Detention),27,24,87,1,0,1,1,1,0,1,1,1,0.9225,1,123,1,1,0.1026,2,1.0,49.03,1,1,1729452.56,0.9588,1,1,1,1,10.37,25,12,1,1,1,43,0.1347,0.0356,4,1,1,0,1
NCRB-SYNTH-112120,Trial Court,Writ Petition (Detention),7,24,27,1,0,1,1,1,0,1,1,1,0.5959,1,90,0,1,0.0912,1,1.4705,103.52,1,1,11183767.52,0.869,1,1,1,1,17.88,5,4,1,1,1,20,0.1522,0.05,4,1,1,1,0
NCRB-SYNTH-112137,High Court,Sec 439 CrPC (Regular Bail),4,10,80,1,0,1,1,1,0,1,1,1,0.4892,1,54,1,0,0.0251,8,1.0241,77.07,1,1,5732859.17,0.8638,1,1,1,1,17.82,18,9,1,1,1,20,0.2285,0.075,4,1,1,0,0
NCRB-SYNTH-112168,Trial Court,Sec 482 CrPC (Quashing),7,6,40,0,0,1,1,1,1,1,1,1,0.8722,1,55,1,1,0.018,3,1.2226,85.78,1,1,5802491.52,0.6939,1,1,1,1,24.8,16,10,1,1,1,12,0.0859,0.0335,4,1,1,0,1
NCRB-SYNTH-112186,High Court,Trial Judgment,7,16,44,1,0,1,1,1,1,1,1,1,0.6867,1,172,1,1,0.089,2,1.2228,70.92,1,1,7742358.03,0.4722,1,1,1,1,38.78,20,9,1,1,1,11,0.2163,0.087,3,1,1,0,1
NCRB-SYNTH-112187,Supreme Court,Sec 482 CrPC (Quashing),15,6,64,0,0,1,1,1,0,1,1,1,0.8578,0,31,1,1,0.0417,7,1.1453,121.58,1,1,3043543.49,0.7083,1,1,1,1,2.12,14,6,1,1,1,22,0.2127,0.0678,4,1,1,0,1
NCRB-SYNTH-112197,High Court,Sec 439 CrPC (Regular Bail),7,13,41,1,0,1,1,1,0,1,1,1,0.6579,0,103,1,0,0.1038,6,1.0951,165.44,1,1,8994129.11,0.5102,1,1,1,1,2.2,16,12,1,1,1,38,0.1158,0.0316,4,1,1,0,1
NCRB-SYNTH-112202,High Court,Trial Judgment,7,20,65,1,0,1,1,1,0,1,1,1,0.9764,0,139,1,0,0.1731,5,1.0107,125.75,1,1,1070367.65,0.6057,1,1,1,1,3.29,7,6,1,1,1,17,0.1844,0.0638,4,1,1,0,1
NCRB-SYNTH-112204,High Court,Sec 439 CrPC (Regular Bail),7,4,22,1,0,1,1,1,0,1,1,1,0.9096,1,123,1,1,0.2019,5,1.0443,40.14,1,1,620765.25,0.9915,1,1,1,1,5.8,17,5,1,1,1,11,0.1706,0.0686,3,1,1,0,1
NCRB-SYNTH-112225,High Court,Sec 439 CrPC (Regular Bail),1,13,83,1,0,1,1,1,0,1,1,1,0.5368,1,86,1,1,0.0906,1,1.0,39.71,1,1,9630743.8,0.7209,1,1,1,1,9.57,11,6,1,1,1,2,0.7426,0.6759,1,1,1,0,0
NCRB-SYNTH-112237,High Court,Sec 439 CrPC (Regular Bail),4,25,96,1,0,1,1,1,1,1,1,1,0.394,0,96,1,1,0.0101,4,1.164,76.28,1,1,13737161.75,0.8227,1,1,1,1,11.28,6,15,1,1,1,25,0.2793,0.0857,4,1,1,0,0
NCRB-SYNTH-112252,Trial Court,Sec 439 CrPC (Regular Bail),1,9,72,1,0,1,1,1,0,1,1,1,0.8024,0,34,1,0,0.1071,2,1.0525,120.44,1,1,10937198.75,0.562,1,1,1,1,2.02,20,10,1,1,1,4,0.0601,0.0374,3,1,1,0,1
NCRB-SYNTH-112253,Supreme Court,Sec 482 CrPC (Quashing),4,18,76,1,0,1,1,1,0,1,1,1,0.358,1,167,0,1,0.1007,6,1.2058,123.15,1,1,5876028.86,0.2868,1,1,1,1,11.45,5,10,1,1,1,11,0.1243,0.05,3,1,1,0,0
NCRB-SYNTH-112255,Trial Court,Sec 439 CrPC (Regular Bail),7,21,86,1,0,1,1,1,1,1,1,1,0.6218,1,136,1,1,0.0258,9,1.1224,78.54,1,1,6674605.22,0.3526,1,1,1,1,5.47,14,15,1,1,1,8,0.0872,0.0397,3,1,1,0,1
NCRB-SYNTH-112260,High Court,Sec 482 CrPC (Quashing),4,23,57,0,0,1,1,1,1,1,1,1,0.6935,1,72,1,1,0.0731,5,1.125,91.73,1,1,804877.56,0.875,1,1,1,1,6.24,21,12,1,1,1,40,0.1691,0.0455,4,1,1,0,1
NCRB-SYNTH-112263,Trial Court,Sec 482 CrPC (Quashing),1,7,66,1,0,1,1,1,0,1,1,1,0.7309,1,123,1,1,0.0347,7,1.0,147.35,1,1,1417735.74,0.7873,1,1,1,1,11.8,6,3,1,1,1,39,0.2084,0.0565,4,1,1,0,1
NCRB-SYNTH-112265,Trial Court,Trial Judgment,4,17,83,1,0,1,1,1,1,1,1,1,0.8824,1,165,0,0,0.1413,3,1.281,50.07,1,1,12607495.35,0.4518,1,1,1,1,14.84,7,3,1,1,1,45,0.3171,0.0828,4,1,1,1,1
NCRB-SYNTH-112274,High Court,Sec 439 CrPC (Regular Bail),1,18,100,1,1,1,1,1,0,1,1,1,0.567,0,43,1,1,0.0407,7,1.1232,34.61,1,1,11153464.37,0.9066,1,1,1,1,9.92,13,10,1,1,1,17,0.0891,0.0308,4,1,1,1,0
NCRB-SYNTH-112277,Trial Court,Sec 439 CrPC (Regular Bail),7,14,82,1,0,1,1,1,0,1,1,1,0.5974,1,26,1,1,0.0161,9,1.0,44.46,1,1,13199120.66,0.439,1,1,1,1,2.79,22,9,1,1,1,5,0.1765,0.0985,3,1,1,0,0
NCRB-SYNTH-112286,High Court,Trial Judgment,7,13,13,1,0,1,1,1,0,1,1,1,0.5025,1,100,1,1,0.0086,6,1.1592,111.49,1,1,13342493.43,0.6239,1,1,1,1,8.66,10,7,1,1,1,7,0.1319,0.0634,3,1,1,0,0
NCRB-SYNTH-112287,High Court,Sec 439 CrPC (Regular Bail),15,21,69,1,0,1,1,1,0,1,1,1,0.7283,1,67,1,1,0.0407,6,1.2297,34.04,1,1,5849183.67,0.5711,1,1,1,1,44.04,6,3,1,1,1,21,0.139,0.045,4,1,1,0,1
NCRB-SYNTH-112310,High Court,Sec 439 CrPC (Regular Bail),1,23,71,1,0,1,1,1,0,1,1,1,0.4746,1,52,1,1,0.1105,8,1.0,128.21,1,1,14930627.39,0.7395,1,1,1,1,6.05,22,15,1,1,1,2,0.9266,0.8434,1,1,1,0,0
NCRB-SYNTH-112326,Trial Court,Sec 439 CrPC (Regular Bail),1,24,27,1,0,1,1,1,0,1,1,1,0.6792,1,48,0,0,0.1087,8,1.0,106.74,1,1,8065813.46,0.4365,1,1,1,1,6.29,15,10,1,1,1,8,0.1028,0.0468,3,1,1,0,1
NCRB-SYNTH-112327,High Court,Sec 439 CrPC (Regular Bail),21,7,38,1,0,1,1,1,0,1,1,1,0.5966,1,89,1,1,0.068,5,1.0635,132.04,1,1,11785145.65,0.8555,1,1,1,1,10.74,11,11,1,1,1,8,0.2235,0.1017,3,1,1,0,0
NCRB-SYNTH-112339,High Court,Sec 482 CrPC (Quashing),2,5,75,1,0,1,1,1,1,1,1,1,0.755,1,90,1,1,0.0896,7,1.2322,38.23,1,1,6881646.84,0.2693,1,1,1,1,13.06,22,6,1,1,1,4,0.1936,0.1203,3,1,1,0,1
NCRB-SYNTH-112346,Trial Court,Sec 439 CrPC (Regular Bail),7,22,62,1,0,1,1,1,0,1,1,1,0.9687,1,52,1,0,0.0832,2,1.0,148.59,1,1,10097566.79,0.8926,1,1,1,1,16.23,21,15,1,1,1,12,0.2906,0.1133,4,1,1,0,1
NCRB-SYNTH-112348,High Court,Sec 439 CrPC (Regular Bail),7,5,77,1,0,1,1,1,0,1,1,1,0.4475,1,71,1,1,0.0857,6,1.2331,83.39,1,1,6200708.11,0.872,1,1,1,1,1.2,23,8,1,1,1,28,0.2814,0.0836,4,1,1,0,0
NCRB-SYNTH-112357,High Court,Writ Petition (Detention),4,13,13,1,0,1,1,1,0,1,1,1,0.8144,1,93,1,1,0.0915,3,1.3037,141.76,1,1,10082105.08,0.5729,1,1,1,1,2.74,19,10,1,1,1,11,0.1387,0.0558,3,1,1,0,1
NCRB-SYNTH-112358,High Court,Sec 439 CrPC (Regular Bail),4,15,27,1,0,1,1,1,0,1,1,1,0.5456,1,29,1,1,0.0813,8,1.0,126.86,1,1,6516979.02,0.8397,1,1,1,1,4.2,21,11,1,1,1,38,0.1261,0.0344,4,1,1,0,0
NCRB-SYNTH-112361,High Court,Sec 439 CrPC (Regular Bail),2,9,17,1,0,1,1,1,0,1,1,1,0.8287,1,109,1,1,0.0562,1,1.0941,171.37,1,1,2220477.47,0.7186,1,1,1,1,9.76,3,15,1,1,1,37,0.2579,0.0709,4,1,1,0,1
NCRB-SYNTH-112367,Trial Court,Sec 482 CrPC (Quashing),21,12,97,1,0,1,1,1,0,1,1,1,0.9365,1,134,1,0,0.0121,2,1.0,66.48,1,1,13041771.36,0.3607,1,1,1,1,12.6,23,3,1,1,1,11,0.0543,0.0219,3,1,1,0,1
NCRB-SYNTH-112370,High Court,Sec 439 CrPC (Regular Bail),2,20,76,1,0,1,1,1,0,1,1,1,0.8673,1,99,1,1,0.0881,9,1.3262,133.08,1,1,8045550.14,0.992,1,1,1,1,5.46,13,10,1,1,1,27,0.1863,0.0559,4,1,1,0,1
NCRB-SYNTH-112376,High Court,Sec 482 CrPC (Quashing),2,19,95,1,0,1,1,1,0,1,1,1,0.4801,1,82,1,0,0.0716,8,1.0333,171.55,1,1,5491871.25,0.8688,1,1,1,1,8.06,14,14,1,1,1,41,0.1195,0.032,4,1,1,0,0
NCRB-SYNTH-112378,High Court,Sec 439 CrPC (Regular Bail),4,14,43,1,0,1,1,1,1,1,1,1,0.9414,1,98,0,1,0.0194,9,1.0012,141.65,1,1,3186391.7,0.4101,1,1,1,1,33.54,13,6,1,1,1,16,0.1855,0.0655,4,1,1,0,1
NCRB-SYNTH-112387,High Court,Sec 439 CrPC (Regular Bail),2,5,66,1,1,1,1,1,1,1,1,1,0.5653,0,159,1,1,0.1499,5,1.0409,32.58,1,1,13497671.8,0.4922,1,1,1,1,1.44,11,7,1,1,1,31,0.1872,0.054,4,1,1,0,0
NCRB-SYNTH-112395,High Court,Sec 482 CrPC (Quashing),7,11,84,1,0,1,1,1,0,1,1,1,0.5209,1,160,1,1,0.0974,5,1.0,36.38,1,1,607777.98,0.7816,1,1,1,1,2.84,17,7,1,1,1,28,0.1622,0.0482,4,1,1,0,0
NCRB-SYNTH-112401,High Court,Sec 482 CrPC (Quashing),4,11,84,1,0,1,1,1,1,1,1,1,0.7775,1,105,1,1,0.1557,2,1.118,160.74,1,1,9292393.02,0.4417,1,1,1,1,7.5,14,13,1,1,1,1,0.4374,0.631,1,1,1,0,1
NCRB-SYNTH-112419,High Court,Sec 482 CrPC (Quashing),2,13,84,1,0,1,1,1,0,1,1,1,0.7517,1,119,1,1,0.0936,8,1.0,145.16,1,1,5638014.57,0.2829,1,1,1,1,22.94,7,6,1,1,1,40,0.1722,0.0464,4,1,1,0,1
NCRB-SYNTH-112426,High Court,Sec 482 CrPC (Quashing),1,15,9,1,0,1,1,1,0,1,1,1,0.9825,1,116,1,1,0.0496,6,1.2342,72.43,1,1,664677.77,0.3979,1,1,1,1,16.55,14,4,1,1,1,13,0.247,0.0936,4,1,1,0,1
NCRB-SYNTH-112441,High Court,Sec 439 CrPC (Regular Bail),2,12,8,1,0,1,1,1,0,1,1,1,0.7093,0,123,1,1,0.071,9,1.0901,135.5,1,1,5842073.88,0.8372,1,1,1,1,7.91,19,7,1,1,1,13,0.1233,0.0467,4,1,1,1,1
NCRB-SYNTH-112452,High Court,Sec 439 CrPC (Regular Bail),2,8,87,1,0,1,1,1,0,1,1,1,0.7808,1,168,1,1,0.1105,3,1.1456,176.3,1,1,6304854.92,0.2207,1,1,1,1,17.58,12,5,1,1,1,24,0.1119,0.0348,4,1,1,0,1
NCRB-SYNTH-112454,High Court,Sec 482 CrPC (Quashing),2,24,29,1,0,1,1,1,0,1,1,1,0.797,1,20,1,1,0.1283,9,1.2345,40.74,1,1,738294.64,0.4788,1,1,1,1,10.08,20,11,1,1,1,7,0.2354,0.1132,3,1,1,0,1
NCRB-SYNTH-112462,Trial Court,Sec 439 CrPC (Regular Bail),15,21,23,1,0,1,1,1,1,1,1,1,0.484,1,116,1,1,0.0,5,1.0,85.8,1,1,13256789.19,0.6607,1,1,1,1,14.77,22,13,1,1,1,43,0.1226,0.0324,4,1,1,0,0
NCRB-SYNTH-112464,Trial Court,Trial Judgment,1,5,27,1,0,1,1,1,0,1,1,1,0.9321,1,38,1,1,0.1786,8,1.1765,144.24,1,1,13191579.57,0.5013,1,1,1,1,2.25,8,8,1,1,1,39,0.2596,0.0704,4,1,1,0,1
NCRB-SYNTH-112471,High Court,Sec 482 CrPC (Quashing),2,18,99,1,0,1,1,1,1,1,1,1,0.6437,1,26,1,1,0.0019,2,1.0814,65.63,1,1,6457710.6,0.7696,1,1,1,1,21.12,25,6,1,1,1,38,0.2203,0.0601,4,1,1,0,1
NCRB-SYNTH-112481,High Court,Sec 439 CrPC (Regular Bail),2,24,100,1,0,1,1,1,0,1,1,1,0.8709,1,151,1,1,0.0885,5,1.2977,49.62,1,1,14501603.67,0.8551,1,1,1,1,1.95,21,9,1,1,1,18,0.3027,0.1028,4,1,1,0,1
NCRB-SYNTH-112485,Trial Court,Sec 439 CrPC (Regular Bail),4,18,81,1,0,1,1,1,0,1,1,1,0.4276,1,179,1,1,0.0,7,1.0,149.97,1,1,2454083.32,0.4241,1,1,1,1,26.22,10,10,1,1,1,18,0.1575,0.0535,4,1,1,0,0
NCRB-SYNTH-112490,High Court,Writ Petition (Detention),7,12,22,1,0,1,1,1,1,1,1,1,0.3802,1,78,1,1,0.1686,3,1.0457,165.72,1,1,10912716.67,0.2439,1,1,1,1,14.23,25,5,1,1,1,22,0.14,0.0446,4,1,1,0,0
NCRB-SYNTH-112491,Trial Court,Sec 439 CrPC (Regular Bail),21,3,65,1,0,1,1,1,0,1,1,1,0.6476,1,151,0,0,0.1269,3,1.1271,115.57,1,1,4527160.79,0.3322,1,1,1,1,19.28,16,3,1,1,1,11,0.0944,0.038,3,1,1,0,1
NCRB-SYNTH-112499,High Court,Trial Judgment,4,19,49,1,0,1,1,1,0,1,1,1,0.8089,1,127,0,0,0.0571,1,1.0,74.14,1,1,6753683.41,0.3894,1,1,1,1,9.26,16,14,1,1,1,44,0.1283,0.0337,4,1,1,0,1
NCRB-SYNTH-112500,High Court,Sec 482 CrPC (Quashing),2,21,92,1,0,1,1,1,1,1,1,1,0.5271,1,161,1,1,0.0891,2,1.2471,122.7,1,1,7161168.43,0.6134,1,1,1,1,4.62,15,13,1,1,1,6,0.1393,0.0716,3,1,1,0,0
