case_reference_id,court_level,case_type,number_of_cases_alleged,number_of_accused,victim_count,cross_state_indicator,financial_fraud_indicator,property_offence_indicator,organized_operation_indicator,repeat_offender_indicator,social_engineering_indicator,ipc_379,ipc_420,ipc_120b_or_34,evidence_completeness_score,charge_sheet_filed,custody_duration_days,statutory_cert_present,chain_of_custody_complete,night_call_ratio,call_burst_frequency,imei_sim_swap_ratio,avg_call_duration_sec,it_act_66d,unauthorized_transfer_amount_inr,amount_credited_to_accused_ratio,victim_identification_success,test_identification_parade_validity,reasonable_doubt_identity_gap,ipc_411,network_degree,network_betweenness,topological_kingpin_score,label_entity_role,label_bail_or_custody_relief,label_conviction_outcome
NCRB-SYNTH-100014,Trial Court,Writ Petition (Detention),4,1,1,0,1,1,0,1,1,1,1,0,0.5965,1,70,1,1,0.0927,6,1.1681,78.77,1,55679.19,0.1061,0,0,1,1,4,0.0815,0.0507,2,1,0
NCRB-SYNTH-100017,High Court,Sec 482 CrPC (Quashing),1,3,1,0,1,1,1,0,1,1,1,0,0.5026,1,116,0,1,0.027,3,1.0263,104.97,1,132436.48,0.1199,0,0,1,0,3,0.0189,0.0137,2,1,0
NCRB-SYNTH-100020,High Court,Writ Petition (Detention),2,4,2,0,1,1,0,0,1,1,1,1,0.4257,1,121,1,1,0.0648,3,1.1255,106.98,1,96644.75,0.0831,1,1,0,1,2,0.0624,0.0568,2,1,0
NCRB-SYNTH-100023,Trial Court,Writ Petition (Detention),1,4,1,0,1,1,1,1,1,1,1,1,0.591,0,82,0,1,0.1645,6,1.2875,117.89,1,26084.39,0.1842,0,0,1,0,1,0.0233,0.0336,2,1,0
NCRB-SYNTH-100037,Trial Court,Writ Petition (Detention),2,5,1,0,1,1,1,0,1,1,1,0,0.4569,1,17,1,1,0.103,4,1.0923,37.84,0,24158.32,0.0732,1,1,0,1,30,0.0872,0.0254,4,1,0
NCRB-SYNTH-100045,Trial Court,Writ Petition (Detention),1,1,1,0,1,1,0,1,1,1,1,1,0.5841,1,60,0,0,0.1553,6,1.1495,30.06,0,83895.55,0.0405,1,1,0,0,44,0.2927,0.0769,4,1,0
NCRB-SYNTH-100047,High Court,Writ Petition (Detention),1,1,1,0,1,1,0,1,1,1,1,0,0.4365,1,36,0,0,0.0231,3,1.3648,150.3,1,76529.55,0.0791,1,1,0,0,6,0.0518,0.0266,5,1,0
NCRB-SYNTH-100060,High Court,Writ Petition (Detention),2,4,2,0,1,1,1,1,1,1,1,0,0.4679,1,19,0,1,0.0906,3,1.1423,140.44,0,83347.88,0.0459,1,1,0,1,45,0.3037,0.0793,4,1,0
NCRB-SYNTH-100062,High Court,Sec 439 CrPC (Regular Bail),1,1,2,0,1,1,1,1,1,1,1,1,0.4503,0,155,0,0,0.0668,5,1.0,137.96,1,130665.89,0.0765,1,1,0,1,39,0.1473,0.0399,4,1,0
NCRB-SYNTH-100065,High Court,Sec 439 CrPC (Regular Bail),7,4,1,0,1,1,0,1,1,1,1,1,0.8198,1,157,0,0,0.051,7,1.0487,57.47,0,19232.26,0.0461,1,1,0,1,1,0.0243,0.035,2,1,1
NCRB-SYNTH-100083,Trial Court,Sec 439 CrPC (Regular Bail),1,5,2,0,1,1,1,1,1,1,1,1,0.8491,1,96,1,0,0.0846,5,1.3166,164.66,0,50781.24,0.1865,1,1,0,1,10,0.1202,0.0501,5,1,1
NCRB-SYNTH-100085,Trial Court,Sec 439 CrPC (Regular Bail),1,4,2,0,1,1,0,1,1,1,1,1,0.7526,0,58,1,1,0.0802,8,1.0811,174.28,0,68278.96,0.1747,1,1,0,1,4,0.0877,0.0545,2,1,1
NCRB-SYNTH-100086,High Court,Writ Petition (Detention),1,4,1,0,1,1,1,1,1,1,1,1,0.447,1,66,1,1,0.0453,8,1.1786,144.28,1,71462.18,0.0467,1,1,0,1,28,0.235,0.0698,4,1,0
NCRB-SYNTH-100103,High Court,Sec 439 CrPC (Regular Bail),2,1,1,0,1,1,1,0,1,1,1,0,0.6312,1,149,1,1,0.0592,6,1.2521,122.76,0,77948.56,0.1252,0,0,1,0,3,0.0656,0.0473,2,1,0
NCRB-SYNTH-100106,High Court,Writ Petition (Detention),7,5,2,0,1,1,0,1,1,1,1,0,0.8512,1,112,0,1,0.0494,7,1.1723,154.93,0,135594.37,0.0452,1,1,0,1,4,0.025,0.0155,2,1,1
NCRB-SYNTH-100109,High Court,Sec 482 CrPC (Quashing),1,4,2,0,1,1,0,0,1,1,1,1,0.4345,1,73,0,0,0.0569,3,1.2007,158.18,0,105023.75,0.0719,1,1,0,1,43,0.0822,0.0217,4,1,0
NCRB-SYNTH-100111,High Court,Sec 482 CrPC (Quashing),2,3,2,1,1,1,1,1,1,1,1,1,0.7564,1,126,1,0,0.0538,5,1.0,178.13,0,50271.96,0.1118,1,1,0,0,1,0.0546,0.0788,2,1,1
NCRB-SYNTH-100123,High Court,Writ Petition (Detention),1,3,1,0,1,1,1,0,1,1,1,0,0.4667,1,111,1,1,0.1453,5,1.0,84.27,1,132072.3,0.1378,1,1,0,1,3,0.0638,0.046,2,1,0
NCRB-SYNTH-100125,High Court,Trial Judgment,1,3,1,0,1,1,1,0,1,1,1,1,0.6607,1,129,1,1,0.1316,2,1.148,64.18,0,47510.59,0.1343,1,1,0,0,5,0.1399,0.0781,5,1,0
NCRB-SYNTH-100132,Supreme Court,Writ Petition (Detention),4,4,1,0,1,1,1,1,1,1,1,1,0.6276,0,177,0,0,0.1103,6,1.039,51.87,1,52383.88,0.1762,0,0,1,0,4,0.1546,0.096,5,1,0
NCRB-SYNTH-100134,Trial Court,Writ Petition (Detention),1,1,1,0,1,1,0,0,1,1,1,1,0.6708,1,29,1,1,0.053,6,1.1184,131.38,0,139900.94,0.0301,0,0,1,0,3,0.0857,0.0618,2,1,0
NCRB-SYNTH-100136,Trial Court,Writ Petition (Detention),7,4,1,0,1,1,1,0,1,1,1,0,0.6723,1,128,0,0,0.1241,5,1.0,60.4,1,78472.59,0.0285,0,0,1,1,10,0.1281,0.0534,5,1,0
NCRB-SYNTH-100142,Trial Court,Writ Petition (Detention),2,1,2,0,1,1,1,1,1,1,1,1,0.4716,1,115,1,1,0.0704,9,1.2435,125.93,1,24070.07,0.0015,1,1,0,0,30,0.1062,0.0309,4,1,0
NCRB-SYNTH-100144,High Court,Writ Petition (Detention),4,4,1,0,1,1,1,0,1,1,1,1,0.9039,0,37,0,0,0.0,5,1.007,120.44,0,60718.96,0.0203,1,1,0,0,6,0.1588,0.0816,5,1,1
NCRB-SYNTH-100145,Trial Court,Writ Petition (Detention),1,5,2,0,1,1,0,1,1,1,1,1,0.8059,1,32,1,1,0.0676,7,1.3832,82.42,0,85648.89,0.1063,1,1,0,0,2,0.033,0.03,2,1,1
NCRB-SYNTH-100150,Trial Court,Writ Petition (Detention),1,5,1,0,1,1,0,0,1,1,1,1,0.9415,1,112,0,0,0.0672,3,1.1579,95.18,0,65276.36,0.0267,0,0,1,1,7,0.094,0.0452,5,1,1
NCRB-SYNTH-100152,Trial Court,Sec 439 CrPC (Regular Bail),1,1,1,0,1,1,1,1,1,1,1,1,0.6905,1,55,0,1,0.0493,8,1.1109,104.09,0,50136.81,0.0402,0,0,1,1,21,0.241,0.078,4,1,0
NCRB-SYNTH-100156,High Court,Writ Petition (Detention),21,5,1,0,1,1,0,0,1,1,1,1,0.6155,1,74,0,1,0.0482,6,1.0248,80.47,0,19838.33,0.1866,1,1,0,1,7,0.0645,0.031,5,1,0
NCRB-SYNTH-100159,Trial Court,Writ Petition (Detention),1,3,1,0,1,1,1,0,1,1,1,0,0.3919,0,118,0,0,0.0784,4,1.2237,118.94,0,81503.1,0.1705,0,0,1,1,9,0.1303,0.0566,5,1,0
NCRB-SYNTH-100167,Trial Court,Sec 439 CrPC (Regular Bail),1,1,2,1,1,1,1,1,1,1,1,1,0.6269,1,128,0,1,0.06,8,1.1541,77.56,0,24239.08,0.1421,1,1,0,0,4,0.0308,0.0191,2,1,0
NCRB-SYNTH-100174,Trial Court,Trial Judgment,2,5,1,0,1,1,0,0,1,1,1,1,0.824,1,137,1,1,0.0895,6,1.199,79.27,0,132135.05,0.1054,0,0,1,0,19,0.2375,0.0793,4,1,1
NCRB-SYNTH-100181,High Court,Writ Petition (Detention),15,1,1,0,1,1,0,0,1,1,1,1,0.6725,1,38,1,1,0.2087,2,1.1444,138.08,0,63420.67,0.0346,1,1,0,1,4,0.0713,0.0443,5,1,0
NCRB-SYNTH-100185,Trial Court,Writ Petition (Detention),1,1,1,0,1,1,1,0,1,1,1,1,0.5263,1,106,1,1,0.1285,2,1.2608,44.06,0,25890.22,0.1196,1,1,0,1,3,0.0608,0.0439,2,1,0
NCRB-SYNTH-100190,Trial Court,Trial Judgment,1,5,2,0,1,1,0,0,1,1,1,1,0.5922,1,163,0,1,0.1216,3,1.0182,152.55,0,23246.41,0.1327,1,1,0,1,3,0.0508,0.0366,2,1,0
NCRB-SYNTH-100195,High Court,Writ Petition (Detention),4,2,1,0,1,1,1,1,1,1,1,1,0.713,1,138,0,0,0.0896,7,1.0983,97.68,0,23686.27,0.0491,0,0,1,1,9,0.122,0.053,5,1,1
NCRB-SYNTH-100196,Trial Court,Sec 482 CrPC (Quashing),1,4,1,0,1,1,1,1,1,1,1,0,0.4511,1,25,0,0,0.0902,1,1.0981,141.1,0,104976.39,0.1423,1,1,0,0,10,0.0681,0.0284,5,1,0
NCRB-SYNTH-100214,Trial Court,Writ Petition (Detention),1,3,1,0,1,1,0,0,1,1,1,1,0.6606,1,44,1,1,0.1263,6,1.0,106.69,0,24383.81,0.0716,1,1,0,1,32,0.3134,0.0896,4,1,0
NCRB-SYNTH-100216,High Court,Trial Judgment,1,4,1,0,1,1,0,0,1,1,1,0,0.5491,1,119,0,0,0.0727,6,1.2207,74.77,0,53534.48,0.0174,1,1,0,1,5,0.18,0.1005,5,1,0
NCRB-SYNTH-100217,Trial Court,Trial Judgment,1,3,2,0,1,1,0,0,1,1,1,1,0.4944,1,159,0,1,0.0838,4,1.0753,91.5,0,38575.01,0.0864,1,1,0,1,27,0.2689,0.0807,4,1,0
NCRB-SYNTH-100225,High Court,Sec 439 CrPC (Regular Bail),1,2,1,1,1,1,1,0,1,1,1,1,0.4648,0,126,0,0,0.1092,6,1.0,37.26,1,42840.73,0.1001,1,1,0,0,10,0.1895,0.079,5,1,0
NCRB-SYNTH-100226,Trial Court,Writ Petition (Detention),7,4,1,0,1,1,0,0,1,1,1,0,0.9334,1,98,1,1,0.0,3,1.0,100.21,1,93526.34,0.1019,0,0,1,1,6,0.055,0.0283,5,1,1
NCRB-SYNTH-100237,Trial Court,Sec 482 CrPC (Quashing),1,5,2,0,1,1,1,0,1,1,1,1,0.6952,1,178,0,0,0.1271,1,1.0736,60.62,0,145717.44,0.0905,1,1,0,0,8,0.0778,0.0354,5,1,0
NCRB-SYNTH-100251,High Court,Writ Petition (Detention),1,1,1,0,1,1,1,1,1,1,1,0,0.635,1,77,0,0,0.0318,3,1.1775,150.93,0,130345.52,0.1264,1,1,0,1,21,0.2446,0.0791,4,1,0
NCRB-SYNTH-100254,High Court,Sec 439 CrPC (Regular Bail),2,5,2,0,1,1,0,1,1,1,1,1,0.6018,0,41,1,1,0.1219,1,1.037,51.2,1,121709.23,0.1149,0,0,1,1,1,0.0448,0.0646,2,1,0
NCRB-SYNTH-100270,Trial Court,Trial Judgment,1,2,1,1,1,1,0,0,1,1,1,1,0.9153,1,99,0,1,0.0683,3,1.2496,142.46,1,38548.31,0.1664,1,1,0,1,25,0.1728,0.053,4,1,1
NCRB-SYNTH-100282,Trial Court,Sec 482 CrPC (Quashing),4,2,2,0,1,1,0,1,1,1,1,1,0.9561,1,78,0,0,0.0294,8,1.2093,106.02,0,49448.54,0.0659,1,1,0,1,30,0.3116,0.0907,4,1,1
NCRB-SYNTH-100289,High Court,Sec 439 CrPC (Regular Bail),1,2,1,0,1,1,1,0,1,1,1,1,0.989,0,176,0,0,0.0711,5,1.1544,154.76,0,49387.11,0.1833,1,1,0,1,2,0.0866,0.0788,2,1,1
NCRB-SYNTH-100298,High Court,Writ Petition (Detention),1,5,2,0,1,1,1,0,1,1,1,1,0.6429,1,55,0,0,0.1182,9,1.1282,79.9,1,131746.15,0.0765,1,1,0,0,8,0.1758,0.08,5,1,0
NCRB-SYNTH-100308,Trial Court,Sec 482 CrPC (Quashing),1,4,2,1,1,1,1,1,1,1,1,0,0.8695,1,116,0,0,0.127,2,1.1143,136.3,0,91531.41,0.1794,1,1,0,0,3,0.0425,0.0307,2,1,1
NCRB-SYNTH-100310,High Court,Sec 439 CrPC (Regular Bail),21,3,2,1,1,1,1,0,1,1,1,0,0.6834,1,125,0,1,0.1294,1,1.2605,109.29,0,23083.88,0.1131,1,1,0,0,1,0.0538,0.0776,2,1,0
NCRB-SYNTH-100320,Trial Court,Writ Petition (Detention),1,3,1,0,1,1,1,0,1,1,1,1,0.8878,1,48,0,0,0.1202,6,1.1088,151.48,0,113962.57,0.0943,1,1,0,0,4,0.063,0.0392,2,1,1
NCRB-SYNTH-100324,Trial Court,Writ Petition (Detention),2,5,1,0,1,1,1,0,1,1,1,0,0.5868,1,8,1,1,0.04,5,1.1629,48.8,0,15452.22,0.0161,1,1,0,1,9,0.2055,0.0893,5,1,0
NCRB-SYNTH-100330,Trial Court,Writ Petition (Detention),2,4,1,0,1,1,0,1,1,1,1,0,0.9218,1,119,0,0,0.0653,4,1.0802,174.06,0,149649.46,0.0202,1,1,0,0,4,0.073,0.0454,2,1,1
NCRB-SYNTH-100376,Trial Court,Sec 439 CrPC (Regular Bail),1,2,1,0,1,1,1,1,1,1,1,0,0.4436,1,53,0,0,0.11,8,1.0,92.07,0,29494.02,0.0989,0,0,1,0,4,0.1418,0.0881,5,1,0
NCRB-SYNTH-100380,Trial Court,Sec 439 CrPC (Regular Bail),7,1,2,0,1,1,0,0,1,1,1,0,0.7178,1,164,0,0,0.1129,1,1.184,93.03,0,123394.22,0.0833,1,1,0,0,3,0.0115,0.0083,2,1,1
NCRB-SYNTH-100387,Trial Court,Trial Judgment,1,5,1,0,1,1,1,0,1,1,1,1,0.8608,1,21,0,0,0.1722,6,1.1661,66.49,1,34399.85,0.0417,0,0,1,0,9,0.0564,0.0245,5,1,1
NCRB-SYNTH-100395,Trial Court,Sec 439 CrPC (Regular Bail),1,2,1,0,1,1,0,0,1,1,1,0,0.4904,1,109,1,1,0.1274,7,1.0,164.93,1,93220.49,0.0733,1,1,0,1,4,0.0419,0.026,2,1,0
NCRB-SYNTH-100405,Trial Court,Sec 482 CrPC (Quashing),1,3,1,0,1,1,0,1,1,1,1,1,0.5218,1,110,1,1,0.0276,8,1.0,74.86,0,76511.45,0.0134,1,1,0,1,9,0.1626,0.0706,5,1,0
NCRB-SYNTH-100411,Trial Court,Writ Petition (Detention),1,4,1,0,1,1,1,0,1,1,1,1,0.7566,1,150,0,0,0.0353,7,1.0665,71.78,1,27210.4,0.0452,1,1,0,0,23,0.2957,0.093,4,1,1
NCRB-SYNTH-100417,Trial Court,Trial Judgment,1,2,2,0,1,1,0,1,1,1,1,1,0.8397,0,64,0,0,0.0819,3,1.1605,49.79,1,104264.91,0.0257,1,1,0,0,10,0.1066,0.0445,5,1,1
NCRB-SYNTH-100418,High Court,Sec 482 CrPC (Quashing),4,3,1,0,1,1,1,0,1,1,1,0,0.8447,0,47,1,0,0.0787,7,1.0,152.45,0,129784.67,0.1836,1,1,0,1,4,0.2286,0.142,5,1,1
NCRB-SYNTH-100467,Trial Court,Sec 439 CrPC (Regular Bail),1,1,1,0,1,1,1,0,1,1,1,1,0.8134,1,51,0,0,0.0564,1,1.0051,71.95,0,149950.88,0.1691,1,1,0,0,8,0.1156,0.0526,5,1,1
NCRB-SYNTH-100469,High Court,Sec 439 CrPC (Regular Bail),2,3,2,0,1,1,0,1,1,1,1,0,0.6111,1,41,1,1,0.1185,1,1.1428,143.96,1,77579.38,0.1942,0,0,1,0,3,0.0173,0.0125,2,1,0
NCRB-SYNTH-100488,Trial Court,Sec 439 CrPC (Regular Bail),1,1,1,0,1,1,1,1,1,1,1,1,0.7235,1,174,0,0,0.0922,5,1.0791,54.59,1,71529.89,0.0943,0,0,1,1,1,0.0596,0.0859,2,1,1
NCRB-SYNTH-100493,Trial Court,Writ Petition (Detention),1,3,1,0,1,1,1,0,1,1,1,1,0.4466,1,46,1,0,0.1122,8,1.0,80.79,1,50158.17,0.0122,1,1,0,0,3,0.096,0.0692,2,1,0
NCRB-SYNTH-100503,Trial Court,Writ Petition (Detention),1,1,1,0,1,1,1,1,1,1,1,1,0.5997,1,155,0,0,0.0764,8,1.0,73.33,0,24046.68,0.1926,1,1,0,1,2,0.0109,0.0099,2,1,0
NCRB-SYNTH-100528,High Court,Sec 439 CrPC (Regular Bail),1,3,1,0,1,1,1,1,1,1,1,1,0.9618,1,71,1,1,0.0484,1,1.1319,70.34,0,25436.49,0.0367,1,1,0,0,3,0.049,0.0354,2,1,1
NCRB-SYNTH-100538,Trial Court,Sec 439 CrPC (Regular Bail),7,1,2,0,1,1,1,1,1,1,1,0,0.8339,1,142,1,1,0.1146,8,1.087,118.69,0,130584.39,0.1151,1,1,0,0,3,0.0553,0.0399,2,1,1
NCRB-SYNTH-100543,Trial Court,Sec 439 CrPC (Regular Bail),1,5,2,0,1,1,0,0,1,1,1,1,0.4295,1,16,0,0,0.0948,2,1.0,60.3,0,79719.73,0.167,1,1,0,1,1,0.0737,0.1063,2,1,0
NCRB-SYNTH-100562,High Court,Sec 482 CrPC (Quashing),21,1,2,0,1,1,1,0,1,1,1,1,0.4867,1,87,0,1,0.0668,4,1.0444,37.92,1,137080.19,0.004,1,1,0,1,4,0.1798,0.1117,5,1,0
NCRB-SYNTH-100570,High Court,Writ Petition (Detention),2,3,1,0,1,1,1,1,1,1,1,1,0.4327,1,67,1,1,0.0631,5,1.0311,41.31,1,107879.43,0.0941,1,1,0,1,2,0.024,0.0219,2,1,0
NCRB-SYNTH-100580,Supreme Court,Sec 439 CrPC (Regular Bail),1,4,1,0,1,1,1,0,1,1,1,0,0.5015,0,76,0,0,0.0608,3,1.0,123.72,0,77214.75,0.0415,1,1,0,0,1,0.0146,0.0211,2,1,0
NCRB-SYNTH-100584,Trial Court,Sec 439 CrPC (Regular Bail),2,5,1,0,1,1,1,0,1,1,1,1,0.5657,1,85,0,0,0.0612,7,1.1859,139.72,1,60315.94,0.0479,0,0,1,1,8,0.0594,0.027,5,1,0
NCRB-SYNTH-100586,Trial Court,Sec 439 CrPC (Regular Bail),1,3,1,0,1,1,1,1,1,1,1,0,0.6125,1,58,0,1,0.0465,7,1.2356,68.44,1,132617.79,0.1234,1,1,0,1,14,0.3108,0.1148,4,1,0
NCRB-SYNTH-100594,High Court,Writ Petition (Detention),2,5,2,0,1,1,0,0,1,1,1,1,0.4719,0,140,1,1,0.0665,6,1.0881,83.44,0,123607.82,0.1706,1,1,0,1,3,0.0946,0.0682,2,1,0
NCRB-SYNTH-100602,Trial Court,Trial Judgment,1,3,2,0,1,1,1,1,1,1,1,1,0.91,0,148,0,0,0.0814,8,1.0515,48.81,1,16621.06,0.0128,1,1,0,1,4,0.0121,0.0075,2,1,1
NCRB-SYNTH-100607,High Court,Sec 482 CrPC (Quashing),4,4,1,0,1,1,0,1,1,1,1,1,0.8988,1,185,1,1,0.0502,8,1.0112,78.09,1,107858.46,0.1703,0,0,1,1,43,0.1265,0.0334,4,1,1
NCRB-SYNTH-100618,High Court,Sec 439 CrPC (Regular Bail),2,1,1,0,1,1,0,0,1,1,1,1,0.8764,1,125,1,1,0.0565,2,1.0829,132.68,0,112393.69,0.1557,1,1,0,1,9,0.1687,0.0733,5,1,1
NCRB-SYNTH-100622,High Court,Writ Petition (Detention),1,3,2,0,1,1,0,0,1,1,1,0,0.5396,1,146,0,0,0.1644,4,1.1298,37.03,0,69372.47,0.1086,1,1,0,0,4,0.0682,0.0424,2,1,0
NCRB-SYNTH-100630,Trial Court,Writ Petition (Detention),7,3,2,0,1,1,1,1,1,1,1,0,0.8691,1,96,0,0,0.1554,7,1.2271,108.94,0,26612.39,0.0479,1,1,0,1,39,0.2688,0.0729,4,1,1
NCRB-SYNTH-100638,Trial Court,Sec 439 CrPC (Regular Bail),7,4,2,0,1,1,0,0,1,1,1,0,0.9386,1,72,1,1,0.0238,5,1.1621,100.14,0,103319.2,0.1612,1,1,0,1,4,0.0163,0.0101,2,1,1
NCRB-SYNTH-100639,High Court,Writ Petition (Detention),1,3,2,0,1,1,0,1,1,1,1,1,0.73,1,114,0,1,0.088,7,1.0,68.26,0,148497.75,0.0829,1,1,0,1,7,0.1061,0.051,5,1,1
NCRB-SYNTH-100642,Trial Court,Sec 482 CrPC (Quashing),1,5,2,0,1,1,0,0,1,1,1,1,0.9488,1,116,1,1,0.1285,9,1.0823,139.23,0,76860.23,0.0704,1,1,0,1,5,0.0732,0.0409,5,1,1
NCRB-SYNTH-100643,Trial Court,Sec 482 CrPC (Quashing),4,3,2,0,1,1,0,0,1,1,1,0,0.715,1,33,0,0,0.1178,2,1.1937,140.65,1,80926.81,0.1685,1,1,0,0,9,0.1635,0.071,5,1,1
NCRB-SYNTH-100644,Trial Court,Sec 439 CrPC (Regular Bail),1,2,2,0,1,1,1,1,1,1,1,0,0.8111,1,24,0,0,0.0751,7,1.2108,34.69,1,21402.3,0.1413,1,1,0,1,31,0.1016,0.0293,4,1,1
NCRB-SYNTH-100657,Trial Court,Writ Petition (Detention),1,1,2,0,1,1,1,1,1,1,1,0,0.4623,1,63,0,0,0.1067,1,1.0042,157.68,0,56625.91,0.0813,1,1,0,1,9,0.1654,0.0718,5,1,0
NCRB-SYNTH-100664,Trial Court,Writ Petition (Detention),2,4,2,0,1,1,0,1,1,1,1,1,0.6385,1,36,1,1,0.018,2,1.0856,118.48,0,49175.55,0.0915,0,0,1,1,13,0.1501,0.0569,4,1,0
NCRB-SYNTH-100667,High Court,Trial Judgment,1,5,1,0,1,1,1,0,1,1,1,1,0.6684,0,105,1,1,0.0475,7,1.1696,52.34,0,134931.53,0.1756,1,1,0,1,6,0.1782,0.0916,5,1,0
NCRB-SYNTH-100670,Trial Court,Sec 482 CrPC (Quashing),1,1,1,0,1,1,1,0,1,1,1,1,0.6398,1,60,0,0,0.0723,3,1.0,41.9,0,92910.44,0.0922,1,1,0,1,2,0.0328,0.0299,2,1,0
NCRB-SYNTH-100682,Trial Court,Writ Petition (Detention),1,3,1,0,1,1,0,1,1,1,1,1,0.4456,1,92,0,0,0.1141,8,1.2625,54.37,0,109484.41,0.1705,0,0,1,1,4,0.0122,0.0076,2,1,0
NCRB-SYNTH-100688,Trial Court,Writ Petition (Detention),4,5,2,1,1,1,0,1,1,1,1,0,0.8194,1,144,0,0,0.04,1,1.0,98.76,0,135880.5,0.0592,1,1,0,1,4,0.0825,0.0512,2,1,1
NCRB-SYNTH-100691,Trial Court,Trial Judgment,15,1,1,1,1,1,1,1,1,1,1,0,0.6465,1,179,0,0,0.0799,9,1.0854,84.49,0,35436.64,0.0637,1,1,0,1,6,0.1932,0.0993,5,1,0
NCRB-SYNTH-100694,High Court,Writ Petition (Detention),21,4,2,0,1,1,1,0,1,1,1,1,0.386,0,65,0,0,0.0712,9,1.0339,116.93,1,135162.93,0.1253,1,1,0,1,2,0.0814,0.0741,2,1,0
NCRB-SYNTH-100697,High Court,Sec 439 CrPC (Regular Bail),1,2,2,0,1,1,1,1,1,1,1,1,0.3767,1,68,0,0,0.0678,4,1.0,37.1,0,136451.4,0.0208,0,0,1,0,4,0.0366,0.0228,2,1,0
NCRB-SYNTH-100703,Trial Court,Sec 482 CrPC (Quashing),2,2,2,0,1,1,1,0,1,1,1,1,0.5762,1,141,0,0,0.034,7,1.2101,43.66,0,118600.5,0.0762,1,1,0,0,2,0.0169,0.0154,2,1,0
NCRB-SYNTH-100707,High Court,Sec 439 CrPC (Regular Bail),27,5,1,0,1,1,1,0,1,1,1,1,0.801,0,132,0,1,0.0728,5,1.1959,103.88,0,52909.01,0.1995,1,1,0,1,8,0.2118,0.0964,5,1,1
NCRB-SYNTH-100709,Trial Court,Sec 439 CrPC (Regular Bail),2,2,2,0,1,1,1,0,1,1,1,1,0.6408,1,63,1,1,0.0597,4,1.3687,58.88,1,44771.6,0.1507,1,1,0,0,1,0.0911,0.1314,2,1,0
NCRB-SYNTH-100715,Supreme Court,Sec 482 CrPC (Quashing),1,4,1,0,1,1,1,1,1,1,1,1,0.8961,1,163,1,1,0.156,5,1.0,53.58,0,141086.16,0.0269,1,1,0,1,36,0.3083,0.0854,4,1,1
NCRB-SYNTH-100729,Trial Court,Writ Petition (Detention),7,2,2,0,1,1,1,0,1,1,1,1,0.8101,1,56,0,0,0.0953,5,1.1769,46.8,0,30356.45,0.1332,1,1,0,1,11,0.0916,0.0369,5,1,1
NCRB-SYNTH-100742,Trial Court,Sec 439 CrPC (Regular Bail),1,2,1,0,1,1,0,1,1,1,1,0,0.4986,0,94,0,0,0.1135,6,1.062,175.33,1,60746.52,0.1666,1,1,0,0,4,0.2255,0.1401,5,1,0
NCRB-SYNTH-100745,Trial Court,Sec 482 CrPC (Quashing),4,3,2,0,1,1,1,0,1,1,1,1,0.4493,1,60,0,0,0.0841,3,1.2246,170.99,0,136952.66,0.0495,1,1,0,0,6,0.0556,0.0286,5,1,0
NCRB-SYNTH-100754,High Court,Trial Judgment,1,2,1,0,1,1,1,1,1,1,1,1,0.836,1,126,0,0,0.0902,2,1.0321,102.98,0,53305.89,0.0835,1,1,0,0,4,0.0589,0.0366,5,1,1
NCRB-SYNTH-100762,Trial Court,Sec 482 CrPC (Quashing),7,1,1,0,1,1,1,0,1,1,1,0,0.4907,1,132,0,0,0.0,1,1.0023,171.44,0,66958.68,0.1553,1,1,0,1,30,0.1737,0.0506,4,1,0
NCRB-SYNTH-100763,High Court,Sec 439 CrPC (Regular Bail),7,1,2,0,1,1,1,1,1,1,1,1,0.6531,1,100,0,0,0.0563,7,1.2111,158.38,0,48624.11,0.1978,1,1,0,1,11,0.1581,0.0636,5,1,0
NCRB-SYNTH-100769,Trial Court,Writ Petition (Detention),1,4,1,0,1,1,1,1,1,1,1,1,0.6744,0,79,0,0,0.0342,3,1.0,39.46,0,18819.34,0.1183,1,1,0,0,26,0.1995,0.0605,4,1,0
NCRB-SYNTH-100777,High Court,Sec 439 CrPC (Regular Bail),4,2,1,0,1,1,0,0,1,1,1,0,0.8331,1,25,0,0,0.138,7,1.3254,38.01,0,46521.28,0.068,1,1,0,1,6,0.0664,0.0341,5,1,1
NCRB-SYNTH-100783,Trial Court,Writ Petition (Detention),1,5,2,1,1,1,0,1,1,1,1,0,0.9477,1,117,1,1,0.0628,7,1.022,120.25,0,138837.0,0.1424,1,1,0,0,10,0.2135,0.089,5,1,1
NCRB-SYNTH-100784,High Court,Writ Petition (Detention),1,1,2,0,1,1,1,0,1,1,1,1,0.8615,1,112,0,0,0.0901,3,1.305,170.96,0,109906.92,0.1259,1,1,0,1,6,0.1076,0.0553,5,1,1
NCRB-SYNTH-100820,Trial Court,Writ Petition (Detention),2,4,1,0,1,1,0,0,1,1,1,1,0.5607,1,159,0,0,0.1359,8,1.0959,162.97,1,40536.15,0.1651,1,1,0,0,11,0.1631,0.0657,5,1,0
NCRB-SYNTH-100823,Trial Court,Writ Petition (Detention),7,2,2,0,1,1,1,0,1,1,1,1,0.4771,1,140,0,0,0.0525,7,1.102,64.75,0,129446.54,0.1459,1,1,0,0,8,0.1987,0.0904,5,1,0
NCRB-SYNTH-100827,High Court,Writ Petition (Detention),7,3,1,0,1,1,0,0,1,1,1,0,0.9076,1,128,0,0,0.071,3,1.0539,121.85,0,28249.81,0.1382,0,0,1,0,5,0.0655,0.0365,5,1,1
NCRB-SYNTH-100828,Supreme Court,Writ Petition (Detention),1,1,1,0,1,1,0,0,1,1,1,1,0.8953,1,149,0,0,0.0056,1,1.1324,169.88,0,80563.7,0.1742,0,0,1,1,3,0.0341,0.0246,2,1,1
NCRB-SYNTH-100831,High Court,Sec 439 CrPC (Regular Bail),27,3,1,0,1,1,0,1,1,1,1,1,0.7909,1,126,0,0,0.1235,7,1.1759,170.01,0,27402.81,0.153,1,1,0,1,1,0.0318,0.0459,2,1,1
NCRB-SYNTH-100853,Trial Court,Writ Petition (Detention),2,1,1,0,1,1,0,0,1,1,1,1,0.3897,1,45,0,1,0.0884,7,1.0795,61.94,1,19485.04,0.0603,0,0,1,1,37,0.2112,0.0581,4,1,0
NCRB-SYNTH-100855,Trial Court,Sec 439 CrPC (Regular Bail),2,2,2,1,1,1,1,0,1,1,1,0,0.5753,1,92,1,1,0.1084,4,1.0615,107.0,1,92522.03,0.0736,1,1,0,0,4,0.0625,0.0388,2,1,0
NCRB-SYNTH-100872,Trial Court,Writ Petition (Detention),1,2,1,0,1,1,1,1,1,1,1,1,0.7186,1,62,1,1,0.0468,6,1.0185,123.67,0,144105.51,0.0167,1,1,0,1,1,0.0951,0.1372,2,1,1
NCRB-SYNTH-100880,Trial Court,Sec 482 CrPC (Quashing),1,5,1,0,1,1,1,0,1,1,1,1,0.9361,1,37,1,1,0.0396,3,1.0,106.44,0,24874.47,0.1737,1,1,0,0,4,0.0632,0.0393,2,1,1
NCRB-SYNTH-100881,Trial Court,Sec 482 CrPC (Quashing),4,2,2,0,1,1,1,0,1,1,1,0,0.769,1,67,0,0,0.0665,1,1.2317,159.37,0,111163.04,0.1933,1,1,0,1,3,0.0543,0.0392,2,1,1
NCRB-SYNTH-100888,Trial Court,Trial Judgment,21,3,2,0,1,1,0,1,1,1,1,1,0.5772,1,35,0,0,0.0889,4,1.0,119.89,0,46478.19,0.0077,1,1,0,0,16,0.1235,0.0436,4,1,0
NCRB-SYNTH-100890,High Court,Sec 439 CrPC (Regular Bail),1,3,2,0,1,1,1,0,1,1,1,1,0.8313,1,89,0,0,0.0465,3,1.0074,47.6,0,38102.32,0.1957,1,1,0,1,4,0.0494,0.0307,2,1,1
NCRB-SYNTH-100896,High Court,Sec 482 CrPC (Quashing),1,1,1,0,1,1,1,0,1,1,1,1,0.9813,1,160,0,0,0.1234,8,1.0363,126.49,0,131287.73,0.1313,1,1,0,1,4,0.0963,0.0598,5,1,1
NCRB-SYNTH-100897,Trial Court,Sec 439 CrPC (Regular Bail),2,2,2,0,1,1,0,0,1,1,1,1,0.5339,1,63,0,0,0.0498,2,1.1414,32.35,0,144426.37,0.1277,1,1,0,1,45,0.2576,0.0673,4,1,0
NCRB-SYNTH-100901,Trial Court,Writ Petition (Detention),1,1,2,0,1,1,1,1,1,1,1,1,0.7575,1,42,1,1,0.0,8,1.1734,91.54,1,112038.39,0.1403,1,1,0,0,2,0.0841,0.0766,2,1,1
NCRB-SYNTH-100908,Trial Court,Sec 482 CrPC (Quashing),2,2,2,0,1,1,1,1,1,1,1,0,0.5243,1,50,0,0,0.047,6,1.0,64.05,0,68433.25,0.0023,1,1,0,1,4,0.0738,0.0459,2,1,0
NCRB-SYNTH-100909,High Court,Writ Petition (Detention),1,2,2,0,1,1,0,1,1,1,1,0,0.7532,1,135,0,0,0.0499,9,1.0289,171.74,0,144423.61,0.0224,1,1,0,0,4,0.2485,0.1544,5,1,1
NCRB-SYNTH-100912,Trial Court,Writ Petition (Detention),1,5,2,0,1,1,1,0,1,1,1,1,0.8464,1,171,1,1,0.1402,9,1.2908,119.44,0,72229.43,0.0236,0,0,1,1,1,0.0587,0.0847,2,1,1
NCRB-SYNTH-100917,High Court,Writ Petition (Detention),2,3,2,0,1,1,1,0,1,1,1,1,0.5536,1,160,0,0,0.1144,6,1.0607,96.21,0,18545.2,0.1901,1,1,0,1,1,0.0592,0.0855,2,1,0
NCRB-SYNTH-100927,Trial Court,Sec 439 CrPC (Regular Bail),21,5,1,1,1,1,0,0,1,1,1,0,0.564,1,114,0,0,0.0176,9,1.3163,173.18,0,113000.77,0.0709,1,1,0,0,24,0.2211,0.0687,4,1,0
NCRB-SYNTH-100930,Trial Court,Sec 482 CrPC (Quashing),1,2,1,0,1,1,0,0,1,1,1,0,0.6168,1,147,0,0,0.0784,4,1.0,166.56,1,79858.53,0.0764,0,0,1,1,34,0.137,0.0385,4,1,0
NCRB-SYNTH-100936,High Court,Sec 439 CrPC (Regular Bail),4,4,2,1,1,1,1,0,1,1,1,1,0.6376,1,151,0,1,0.1137,5,1.1578,114.27,0,50956.85,0.0206,1,1,0,1,5,0.1502,0.0838,5,1,0
NCRB-SYNTH-100941,High Court,Sec 482 CrPC (Quashing),2,4,1,0,1,1,0,1,1,1,1,1,0.8506,1,17,0,0,0.0491,2,1.0893,138.88,1,121243.09,0.1738,1,1,0,1,45,0.0901,0.0235,4,1,1
NCRB-SYNTH-100945,Trial Court,Writ Petition (Detention),1,1,2,0,1,1,0,0,1,1,1,1,0.7158,1,30,0,0,0.0952,7,1.3247,63.33,0,39272.69,0.1958,1,1,0,1,1,0.0205,0.0296,2,1,1
NCRB-SYNTH-100963,Trial Court,Sec 439 CrPC (Regular Bail),2,3,2,0,1,1,0,0,1,1,1,0,0.5275,1,104,1,1,0.091,8,1.1813,106.22,1,149214.8,0.0107,1,1,0,1,4,0.064,0.0398,2,1,0
NCRB-SYNTH-100965,High Court,Sec 439 CrPC (Regular Bail),1,2,1,0,1,1,1,0,1,1,1,1,0.6676,0,61,0,0,0.048,7,1.0,93.5,1,31963.77,0.164,0,0,1,1,6,0.1809,0.093,5,1,0
NCRB-SYNTH-100968,Trial Court,Trial Judgment,2,2,1,0,1,1,1,0,1,1,1,1,0.4725,1,31,1,0,0.0451,9,1.1763,36.46,1,71817.41,0.0631,1,1,0,1,4,0.0228,0.0142,2,1,0
NCRB-SYNTH-100974,High Court,Sec 482 CrPC (Quashing),2,4,2,0,1,1,0,0,1,1,1,1,0.8368,1,144,0,0,0.1425,1,1.1822,110.45,0,127135.99,0.0061,1,1,0,1,1,0.0863,0.1245,2,1,1
NCRB-SYNTH-100976,High Court,Sec 439 CrPC (Regular Bail),7,2,1,0,1,1,1,0,1,1,1,1,0.8452,1,40,1,1,0.1024,7,1.0,151.97,0,94496.82,0.0957,1,1,0,1,44,0.3041,0.0799,4,1,1
NCRB-SYNTH-100981,High Court,Sec 439 CrPC (Regular Bail),1,4,2,0,1,1,1,1,1,1,1,1,0.4721,0,31,0,0,0.133,8,1.0463,36.93,0,51622.81,0.1135,1,1,0,0,25,0.2679,0.0822,4,1,0
NCRB-SYNTH-100989,Trial Court,Writ Petition (Detention),2,3,2,1,1,1,1,0,1,1,1,1,0.9269,1,25,1,0,0.0321,5,1.3524,37.55,0,90175.69,0.0697,0,0,1,1,6,0.1468,0.0755,5,1,1
NCRB-SYNTH-100993,Trial Court,Writ Petition (Detention),4,2,1,0,1,1,0,0,1,1,1,1,0.4986,1,84,1,1,0.0341,7,1.2754,123.0,0,88229.98,0.0492,1,1,0,0,9,0.052,0.0226,5,1,0
NCRB-SYNTH-101009,High Court,Writ Petition (Detention),1,1,1,0,1,1,1,0,1,1,1,1,0.6032,0,108,0,0,0.1016,6,1.1616,77.63,0,30106.55,0.0681,1,1,0,0,2,0.0163,0.0148,2,1,0
NCRB-SYNTH-101011,Trial Court,Writ Petition (Detention),2,1,2,0,1,1,0,0,1,1,1,0,0.6161,0,82,0,0,0.0507,6,1.0,163.24,0,35615.42,0.0292,1,1,0,0,2,0.0737,0.0671,2,1,0
NCRB-SYNTH-101022,Trial Court,Sec 482 CrPC (Quashing),2,5,2,1,1,1,1,0,1,1,1,0,0.5297,1,114,0,1,0.0706,3,1.0505,158.9,1,119259.33,0.1695,1,1,0,1,27,0.2773,0.0832,4,1,0
NCRB-SYNTH-101029,High Court,Trial Judgment,1,2,1,0,1,1,1,1,1,1,1,0,0.7604,1,122,1,1,0.0246,7,1.0841,89.4,0,39053.13,0.128,1,1,0,0,2,0.0701,0.0638,2,1,1
NCRB-SYNTH-101033,Trial Court,Sec 482 CrPC (Quashing),1,1,1,0,1,1,1,0,1,1,1,0,0.4738,1,116,0,0,0.1083,1,1.0606,126.25,0,29243.93,0.1445,1,1,0,1,5,0.2427,0.1354,5,1,0
NCRB-SYNTH-101037,High Court,Sec 439 CrPC (Regular Bail),1,4,2,0,1,1,1,0,1,1,1,0,0.6051,1,104,0,0,0.1168,4,1.1565,141.36,1,146088.02,0.1637,1,1,0,1,9,0.1871,0.0813,5,1,0
NCRB-SYNTH-101040,High Court,Sec 439 CrPC (Regular Bail),2,4,2,0,1,1,0,0,1,1,1,1,0.4509,1,56,0,1,0.0419,6,1.0495,115.63,0,25971.71,0.0703,1,1,0,1,38,0.2806,0.0766,4,1,0
NCRB-SYNTH-101043,High Court,Writ Petition (Detention),7,2,1,0,1,1,0,1,1,1,1,1,0.6321,1,34,0,0,0.0443,4,1.1488,173.27,0,81468.75,0.0421,1,1,0,0,4,0.0315,0.0196,2,1,0
NCRB-SYNTH-101047,High Court,Writ Petition (Detention),4,4,1,0,1,1,1,1,1,1,1,1,0.5247,0,175,0,0,0.1174,1,1.201,96.66,0,142488.65,0.1941,1,1,0,1,4,0.0756,0.047,2,1,0
NCRB-SYNTH-101067,Trial Court,Sec 482 CrPC (Quashing),2,4,2,0,1,1,0,1,1,1,1,0,0.5323,1,35,1,1,0.0761,6,1.1325,130.69,0,132416.09,0.1772,1,1,0,1,1,0.0952,0.1374,2,1,0
NCRB-SYNTH-101070,Trial Court,Sec 439 CrPC (Regular Bail),2,2,2,1,1,1,1,1,1,1,1,1,0.4289,1,143,0,0,0.0938,5,1.2142,98.62,1,25129.42,0.1911,1,1,0,0,33,0.266,0.0754,4,1,0
NCRB-SYNTH-101071,High Court,Trial Judgment,1,3,2,0,1,1,0,1,1,1,1,1,0.537,1,167,1,1,0.0707,2,1.1351,165.07,0,79386.08,0.1574,0,0,1,1,10,0.1748,0.0729,5,1,0
NCRB-SYNTH-101072,Trial Court,Writ Petition (Detention),1,3,2,0,1,1,0,0,1,1,1,1,0.8779,1,139,1,1,0.1176,1,1.071,41.32,0,143389.57,0.035,1,1,0,1,12,0.0971,0.0378,4,1,1
NCRB-SYNTH-101079,High Court,Sec 439 CrPC (Regular Bail),2,5,1,0,1,1,1,0,1,1,1,1,0.5725,1,140,0,0,0.0546,8,1.123,130.16,1,110006.61,0.0945,1,1,0,1,9,0.0796,0.0345,5,1,0
NCRB-SYNTH-101090,High Court,Writ Petition (Detention),1,5,2,0,1,1,0,1,1,1,1,0,0.9057,1,73,0,1,0.08,3,1.0,123.01,0,61725.66,0.035,1,1,0,1,28,0.1013,0.0301,4,1,1
NCRB-SYNTH-101095,Trial Court,Sec 439 CrPC (Regular Bail),1,2,2,0,1,1,1,0,1,1,1,1,0.6713,1,152,0,0,0.067,2,1.2611,120.95,0,138480.97,0.0666,0,0,1,1,1,0.0696,0.1004,2,1,0
NCRB-SYNTH-101097,High Court,Sec 482 CrPC (Quashing),4,5,2,0,1,1,1,0,1,1,1,1,0.6794,1,23,1,1,0.056,2,1.1356,170.14,0,83822.77,0.0178,1,1,0,1,1,0.049,0.0707,2,1,0
NCRB-SYNTH-101112,Trial Court,Writ Petition (Detention),1,2,2,0,1,1,0,1,1,1,1,0,0.7048,1,17,0,0,0.0205,8,1.0,109.56,0,149647.3,0.1451,1,1,0,1,4,0.0206,0.0128,2,1,1
NCRB-SYNTH-101113,Trial Court,Writ Petition (Detention),2,2,1,0,1,1,1,1,1,1,1,1,0.5186,1,89,0,0,0.1658,1,1.0711,97.54,0,83841.62,0.1619,0,0,1,0,10,0.0729,0.0304,5,1,0
NCRB-SYNTH-101119,High Court,Writ Petition (Detention),7,2,2,0,1,1,0,1,1,1,1,1,0.7646,1,29,0,0,0.0,9,1.2336,111.5,0,129565.76,0.1034,1,1,0,0,30,0.109,0.0317,4,1,1
NCRB-SYNTH-101130,High Court,Writ Petition (Detention),1,1,1,0,1,1,0,1,1,1,1,0,0.5048,1,40,0,0,0.0926,1,1.0583,30.74,1,149626.08,0.0014,1,1,0,1,4,0.0625,0.0389,2,1,0
NCRB-SYNTH-101134,Trial Court,Sec 439 CrPC (Regular Bail),7,2,2,0,1,1,0,1,1,1,1,0,0.7758,1,33,1,1,0.0952,7,1.0,109.95,0,101966.83,0.0059,1,1,0,0,1,0.0281,0.0405,2,1,1
NCRB-SYNTH-101142,Trial Court,Writ Petition (Detention),1,1,1,0,1,1,0,0,1,1,1,0,0.8876,1,54,0,0,0.0489,7,1.0695,41.36,0,24307.98,0.0395,1,1,0,1,2,0.0728,0.0662,2,1,1
NCRB-SYNTH-101145,Trial Court,Sec 439 CrPC (Regular Bail),2,4,2,0,1,1,0,0,1,1,1,1,0.8706,1,44,1,1,0.0814,1,1.1922,139.71,0,59967.94,0.1596,1,1,0,1,4,0.1009,0.0627,5,1,1
NCRB-SYNTH-101163,Trial Court,Writ Petition (Detention),4,1,2,0,1,1,1,0,1,1,1,0,0.8228,1,147,0,0,0.046,8,1.2028,128.55,0,78745.26,0.0404,1,1,0,1,4,0.0494,0.0307,2,1,1
NCRB-SYNTH-101170,Trial Court,Sec 439 CrPC (Regular Bail),1,1,1,0,1,1,1,0,1,1,1,1,0.8312,1,131,0,0,0.0816,4,1.0539,144.93,1,34998.58,0.0234,0,0,1,0,25,0.1903,0.0584,4,1,1
NCRB-SYNTH-101174,Trial Court,Sec 439 CrPC (Regular Bail),2,2,1,0,1,1,1,0,1,1,1,1,0.8844,0,66,1,1,0.0709,5,1.1939,174.54,1,108605.98,0.1769,1,1,0,1,1,0.053,0.0765,2,1,1
NCRB-SYNTH-101182,High Court,Sec 439 CrPC (Regular Bail),45,4,1,0,1,1,0,0,1,1,1,1,0.7013,1,62,0,0,0.0412,6,1.2511,51.61,0,109939.36,0.0768,0,0,1,0,1,0.0151,0.0218,2,1,1
NCRB-SYNTH-101189,High Court,Sec 482 CrPC (Quashing),4,1,1,1,1,1,1,0,1,1,1,0,0.5726,1,136,0,1,0.1188,6,1.0,70.09,0,142802.83,0.1294,1,1,0,0,4,0.0269,0.0167,2,1,0
NCRB-SYNTH-101193,Trial Court,Writ Petition (Detention),15,2,1,0,1,1,1,0,1,1,1,0,0.6844,0,145,0,0,0.1381,9,1.0,175.72,0,123459.38,0.1467,0,0,1,1,4,0.0975,0.0606,5,1,0
NCRB-SYNTH-101204,Trial Court,Sec 439 CrPC (Regular Bail),1,5,2,0,1,1,0,0,1,1,1,1,0.723,1,90,0,0,0.0636,3,1.0,108.17,0,33803.84,0.1202,0,0,1,1,2,0.0445,0.0405,2,1,1
NCRB-SYNTH-101209,High Court,Writ Petition (Detention),15,5,1,0,1,1,1,1,1,1,1,1,0.9179,1,108,0,0,0.0357,2,1.0538,47.87,0,18014.84,0.0078,1,1,0,0,33,0.1755,0.0498,4,1,1
NCRB-SYNTH-101216,High Court,Writ Petition (Detention),4,2,2,0,1,1,0,1,1,1,1,1,0.7615,1,120,1,1,0.0226,6,1.0,72.15,0,16996.21,0.0673,1,1,0,1,4,0.0897,0.0557,2,1,1
NCRB-SYNTH-101220,High Court,Writ Petition (Detention),2,4,1,0,1,1,0,0,1,1,1,0,0.5637,0,64,1,1,0.0101,7,1.2032,84.67,0,39676.48,0.1246,1,1,0,1,1,0.0898,0.1296,2,1,0
NCRB-SYNTH-101228,Trial Court,Sec 439 CrPC (Regular Bail),1,1,1,0,1,1,1,0,1,1,1,0,0.8273,1,75,0,0,0.0537,8,1.1355,53.81,0,106270.39,0.0768,1,1,0,1,6,0.1865,0.0958,5,1,1
NCRB-SYNTH-101232,Trial Court,Sec 439 CrPC (Regular Bail),2,5,1,0,1,1,0,0,1,1,1,0,0.4515,1,22,0,0,0.1354,8,1.1697,142.9,0,111852.57,0.1929,1,1,0,0,3,0.0267,0.0192,2,1,0
NCRB-SYNTH-101233,Trial Court,Sec 439 CrPC (Regular Bail),27,2,1,0,1,1,0,0,1,1,1,1,0.5647,1,165,0,0,0.0562,4,1.2035,44.24,0,112405.96,0.1115,1,1,0,1,1,0.0957,0.138,2,1,0
NCRB-SYNTH-101257,High Court,Sec 482 CrPC (Quashing),2,1,2,0,1,1,1,1,1,1,1,1,0.7612,1,146,0,0,0.1384,6,1.127,178.74,1,44207.68,0.1582,1,1,0,1,2,0.0132,0.012,2,1,1
NCRB-SYNTH-101261,Trial Court,Writ Petition (Detention),4,2,1,0,1,1,0,1,1,1,1,1,0.5332,1,173,0,0,0.0,3,1.0,118.36,0,110874.64,0.1078,1,1,0,1,34,0.1853,0.0521,4,1,0
NCRB-SYNTH-101263,Trial Court,Trial Judgment,1,5,2,0,1,1,1,1,1,1,1,1,0.7391,1,120,1,1,0.0066,1,1.2458,149.48,0,64114.08,0.1218,0,0,1,1,6,0.1321,0.0679,5,1,1
NCRB-SYNTH-101270,Trial Court,Sec 482 CrPC (Quashing),15,5,2,0,1,1,0,0,1,1,1,1,0.7114,1,52,1,1,0.1271,4,1.0364,37.59,1,48443.41,0.0209,1,1,0,1,10,0.232,0.0968,5,1,1
NCRB-SYNTH-101277,Trial Court,Sec 482 CrPC (Quashing),4,1,2,0,1,1,1,0,1,1,1,1,0.8259,0,53,0,0,0.0611,1,1.3528,71.71,0,31378.9,0.1243,1,1,0,0,7,0.0587,0.0283,5,1,1
NCRB-SYNTH-101285,High Court,Sec 482 CrPC (Quashing),1,4,2,1,1,1,0,1,1,1,1,0,0.9035,1,103,1,0,0.1475,5,1.1661,175.95,0,48023.71,0.0612,0,0,1,1,10,0.1369,0.0571,5,1,1
NCRB-SYNTH-101296,Trial Court,Writ Petition (Detention),4,3,1,0,1,1,1,0,1,1,1,1,0.6392,1,35,0,1,0.0208,7,1.0367,95.02,0,91148.36,0.0221,1,1,0,1,10,0.0845,0.0352,5,1,0
NCRB-SYNTH-101309,High Court,Writ Petition (Detention),1,5,2,0,1,1,0,0,1,1,1,0,0.9128,1,61,0,0,0.1035,3,1.2483,89.44,0,46814.22,0.1155,1,1,0,1,3,0.0535,0.0386,2,1,1
NCRB-SYNTH-101321,Trial Court,Sec 482 CrPC (Quashing),4,1,2,0,1,1,1,1,1,1,1,1,0.4243,1,135,0,0,0.0414,9,1.2182,149.27,0,113585.66,0.0989,1,1,0,1,10,0.0629,0.0262,5,1,0
NCRB-SYNTH-101324,Trial Court,Writ Petition (Detention),1,1,2,0,1,1,0,1,1,1,1,0,0.9327,1,78,0,0,0.0322,2,1.3532,61.73,0,144473.39,0.0328,1,1,0,1,38,0.2211,0.0604,4,1,1
NCRB-SYNTH-101326,Trial Court,Writ Petition (Detention),2,4,2,0,1,1,1,0,1,1,1,1,0.6572,1,17,0,0,0.1199,8,1.1912,45.44,0,124213.62,0.0401,1,1,0,0,1,0.0962,0.1388,2,1,0
NCRB-SYNTH-101333,Trial Court,Sec 439 CrPC (Regular Bail),1,3,2,0,1,1,1,0,1,1,1,1,0.3812,1,138,0,0,0.0495,3,1.2245,108.37,0,107712.81,0.0499,1,1,0,0,38,0.3117,0.0851,4,1,0
NCRB-SYNTH-101341,Trial Court,Sec 482 CrPC (Quashing),1,4,2,0,1,1,0,1,1,1,1,1,0.5135,1,59,0,0,0.1255,2,1.1758,49.77,0,41772.09,0.1077,1,1,0,0,2,0.043,0.0391,2,1,0
NCRB-SYNTH-101347,High Court,Sec 482 CrPC (Quashing),1,4,1,1,1,1,0,0,1,1,1,0,0.5396,1,154,0,0,0.0963,2,1.2366,161.47,0,21208.17,0.194,1,1,0,0,30,0.2672,0.0778,4,1,0
NCRB-SYNTH-101359,High Court,Sec 439 CrPC (Regular Bail),1,2,1,1,1,1,1,0,1,1,1,0,0.7432,1,144,0,0,0.0513,9,1.2756,152.86,0,131127.24,0.1688,1,1,0,1,4,0.0485,0.0301,2,1,1
NCRB-SYNTH-101362,Trial Court,Trial Judgment,1,4,1,0,1,1,1,0,1,1,1,0,0.6912,0,121,1,1,0.1399,8,1.1462,78.59,0,22208.81,0.0019,0,0,1,1,8,0.1249,0.0569,5,1,0
NCRB-SYNTH-101370,Trial Court,Writ Petition (Detention),4,2,1,0,1,1,0,1,1,1,1,1,0.5391,1,45,0,0,0.0848,4,1.0,168.74,0,94728.92,0.1537,1,1,0,1,4,0.0483,0.03,2,1,0
NCRB-SYNTH-101375,Supreme Court,Sec 439 CrPC (Regular Bail),1,3,2,0,1,1,1,0,1,1,1,0,0.8413,1,125,0,0,0.1199,1,1.1969,144.73,1,147824.08,0.0688,1,1,0,1,1,0.0336,0.0485,2,1,1
NCRB-SYNTH-101384,Trial Court,Sec 482 CrPC (Quashing),1,5,1,0,1,1,1,0,1,1,1,1,0.4277,1,135,0,0,0.0419,6,1.2267,115.77,0,99626.73,0.1983,1,1,0,1,4,0.2408,0.1496,5,1,0
NCRB-SYNTH-101386,Trial Court,Writ Petition (Detention),2,3,1,0,1,1,0,1,1,1,1,1,0.8206,1,50,0,0,0.0372,1,1.1655,148.31,0,57656.02,0.0167,1,1,0,0,22,0.1565,0.0499,4,1,1
NCRB-SYNTH-101391,Trial Court,Writ Petition (Detention),1,1,2,0,1,1,1,1,1,1,1,1,0.9353,1,36,0,0,0.1095,3,1.0707,173.95,0,96655.37,0.0143,1,1,0,1,5,0.2048,0.1143,5,1,1
NCRB-SYNTH-101395,High Court,Sec 482 CrPC (Quashing),4,1,1,0,1,1,0,1,1,1,1,1,0.9357,1,100,0,1,0.0692,2,1.1997,132.89,0,90289.59,0.0197,1,1,0,0,4,0.0569,0.0354,2,1,1
NCRB-SYNTH-101398,Trial Court,Sec 439 CrPC (Regular Bail),4,3,1,0,1,1,1,0,1,1,1,1,0.6673,1,60,0,0,0.1129,4,1.2986,42.52,0,140948.78,0.0506,1,1,0,1,3,0.0705,0.0508,2,1,0
NCRB-SYNTH-101411,Trial Court,Writ Petition (Detention),2,3,1,0,1,1,1,1,1,1,1,1,0.5353,1,65,0,0,0.156,5,1.018,48.94,1,114912.12,0.0136,0,0,1,0,15,0.1698,0.0613,4,1,0
NCRB-SYNTH-101413,Trial Court,Sec 482 CrPC (Quashing),1,5,2,0,1,1,0,0,1,1,1,0,0.4552,1,55,0,0,0.0957,4,1.0049,150.91,0,29902.4,0.0793,0,0,1,0,7,0.1378,0.0663,5,1,0
NCRB-SYNTH-101421,Trial Court,Sec 439 CrPC (Regular Bail),1,3,1,0,1,1,1,0,1,1,1,1,0.5238,1,67,1,1,0.0254,8,1.0,101.14,0,60949.64,0.1504,0,0,1,0,3,0.042,0.0303,2,1,0
NCRB-SYNTH-101437,Trial Court,Sec 482 CrPC (Quashing),1,3,2,1,1,1,0,0,1,1,1,1,0.7281,1,32,0,0,0.0,6,1.0975,108.74,1,147052.18,0.031,1,1,0,0,4,0.214,0.133,5,1,1
NCRB-SYNTH-101439,High Court,Sec 439 CrPC (Regular Bail),1,3,2,0,1,1,0,1,1,1,1,1,0.3987,1,40,0,0,0.1335,4,1.1547,49.02,0,85637.7,0.1774,1,1,0,1,2,0.0963,0.0876,2,1,0
NCRB-SYNTH-101459,High Court,Sec 439 CrPC (Regular Bail),2,5,1,0,1,1,0,0,1,1,1,1,0.6381,0,31,0,0,0.0374,6,1.1247,45.93,0,93412.29,0.0536,0,0,1,0,24,0.2979,0.0925,4,1,0
NCRB-SYNTH-101475,Trial Court,Sec 482 CrPC (Quashing),4,4,1,0,1,1,1,0,1,1,1,0,0.5953,0,58,1,1,0.1204,9,1.2201,100.71,0,131706.99,0.1744,1,1,0,0,4,0.2482,0.1542,5,1,0
NCRB-SYNTH-101485,Trial Court,Trial Judgment,1,1,2,0,1,1,0,0,1,1,1,1,0.5075,1,16,0,0,0.0102,2,1.0513,71.38,0,94418.34,0.1816,1,1,0,1,1,0.0135,0.0195,2,1,0
NCRB-SYNTH-101491,High Court,Writ Petition (Detention),1,5,1,1,1,1,1,0,1,1,1,1,0.7039,1,43,1,1,0.0507,6,1.1982,58.56,1,26063.99,0.0233,1,1,0,1,3,0.0821,0.0592,2,1,1
NCRB-SYNTH-101493,High Court,Writ Petition (Detention),4,4,1,0,1,1,0,1,1,1,1,1,0.4604,1,149,1,1,0.084,3,1.0808,150.1,0,98831.76,0.1501,1,1,0,1,4,0.0323,0.0201,2,1,0
NCRB-SYNTH-101504,Trial Court,Writ Petition (Detention),1,5,1,1,1,1,1,1,1,1,1,0,0.4692,1,123,1,0,0.0949,8,1.0516,172.64,0,119293.55,0.0568,1,1,0,1,3,0.0255,0.0184,2,1,0
NCRB-SYNTH-101519,Trial Court,Sec 439 CrPC (Regular Bail),4,3,2,0,1,1,1,0,1,1,1,1,0.718,1,154,0,0,0.0269,2,1.0033,134.08,0,94763.38,0.0996,0,0,1,0,3,0.058,0.0418,2,1,1
NCRB-SYNTH-101526,Trial Court,Sec 439 CrPC (Regular Bail),2,2,2,0,1,1,1,0,1,1,1,1,0.4529,1,34,1,0,0.1502,9,1.0,121.41,0,83469.64,0.174,1,1,0,1,27,0.2483,0.0745,4,1,0
NCRB-SYNTH-101527,Trial Court,Sec 482 CrPC (Quashing),2,3,1,0,1,1,1,0,1,1,1,1,0.6639,1,125,1,1,0.1371,1,1.2969,99.68,0,70349.34,0.0482,1,1,0,1,39,0.1713,0.0464,4,1,0
NCRB-SYNTH-101528,Trial Court,Writ Petition (Detention),1,3,2,0,1,1,0,0,1,1,1,1,0.9123,1,151,0,0,0.1001,1,1.2929,141.06,0,88590.06,0.0118,1,1,0,0,3,0.0479,0.0345,2,1,1
NCRB-SYNTH-101531,High Court,Writ Petition (Detention),1,5,2,0,1,1,0,1,1,1,1,1,0.634,1,21,0,0,0.0149,2,1.1446,69.68,1,144867.05,0.0655,0,0,1,1,8,0.1888,0.0859,5,1,0
NCRB-SYNTH-101534,Trial Court,Sec 439 CrPC (Regular Bail),15,1,2,0,1,1,0,0,1,1,1,0,0.4857,1,162,0,1,0.0433,9,1.1069,105.63,0,63176.05,0.1862,1,1,0,1,1,0.0182,0.0262,2,1,0
NCRB-SYNTH-101544,High Court,Sec 439 CrPC (Regular Bail),2,1,2,0,1,1,1,0,1,1,1,0,0.8435,1,53,0,0,0.0385,1,1.1773,78.89,0,51531.62,0.1335,1,1,0,1,6,0.1737,0.0893,5,1,1
NCRB-SYNTH-101555,High Court,Sec 439 CrPC (Regular Bail),1,1,1,0,1,1,1,1,1,1,1,0,0.5556,1,109,0,1,0.0271,7,1.1954,66.38,0,96499.56,0.1147,0,0,1,1,31,0.1311,0.0378,4,1,0
NCRB-SYNTH-101556,High Court,Sec 439 CrPC (Regular Bail),7,2,2,0,1,1,1,0,1,1,1,0,0.5411,1,154,0,1,0.0962,6,1.0,159.46,1,87766.58,0.0597,1,1,0,1,1,0.0867,0.125,2,1,0
NCRB-SYNTH-101562,Trial Court,Sec 482 CrPC (Quashing),2,5,1,0,1,1,0,0,1,1,1,1,0.5154,0,103,0,0,0.0843,2,1.038,95.32,1,78050.27,0.1751,1,1,0,1,7,0.1752,0.0842,5,1,0
NCRB-SYNTH-101564,Trial Court,Writ Petition (Detention),2,5,1,0,1,1,0,0,1,1,1,0,0.432,1,115,0,0,0.061,7,1.2699,165.13,1,53702.59,0.082,1,1,0,0,4,0.0268,0.0166,2,1,0
NCRB-SYNTH-101575,High Court,Sec 482 CrPC (Quashing),2,5,1,0,1,1,1,1,1,1,1,1,0.8123,1,28,0,0,0.1498,1,1.1143,138.48,0,53669.57,0.0481,1,1,0,0,1,0.0182,0.0262,2,1,1
NCRB-SYNTH-101581,High Court,Sec 439 CrPC (Regular Bail),1,5,1,0,1,1,1,0,1,1,1,1,0.3928,1,105,0,0,0.0753,1,1.1137,169.52,1,65588.45,0.1897,1,1,0,0,2,0.0932,0.0849,2,1,0
NCRB-SYNTH-101597,High Court,Sec 482 CrPC (Quashing),21,5,1,0,1,1,1,0,1,1,1,1,0.755,1,152,0,0,0.1436,6,1.0722,64.37,1,44491.83,0.0864,1,1,0,0,3,0.0118,0.0085,2,1,1
NCRB-SYNTH-101602,Trial Court,Writ Petition (Detention),7,1,1,0,1,1,1,0,1,1,1,0,0.6181,1,43,1,0,0.0609,7,1.082,79.65,0,56914.74,0.0588,1,1,0,0,1,0.0383,0.0553,2,1,0
NCRB-SYNTH-101603,Trial Court,Trial Judgment,2,4,2,0,1,1,1,1,1,1,1,1,0.8793,1,105,0,0,0.113,1,1.0148,50.71,1,57193.61,0.1966,1,1,0,1,7,0.2193,0.1054,5,1,1
NCRB-SYNTH-101609,High Court,Sec 439 CrPC (Regular Bail),1,3,1,0,1,1,0,1,1,1,1,0,0.9155,1,106,0,0,0.0466,4,1.0141,159.65,0,72117.5,0.0097,1,1,0,1,4,0.047,0.0292,2,1,1
NCRB-SYNTH-101614,Trial Court,Writ Petition (Detention),1,2,1,0,1,1,0,0,1,1,1,0,0.7335,1,138,0,0,0.1149,8,1.1126,37.52,0,141224.67,0.1669,1,1,0,0,44,0.2464,0.0647,4,1,1
NCRB-SYNTH-101615,Trial Court,Sec 439 CrPC (Regular Bail),2,5,2,0,1,1,0,0,1,1,1,1,0.7291,1,78,0,0,0.0415,5,1.2447,119.99,0,126220.66,0.0869,0,0,1,0,15,0.1741,0.0628,4,1,1
NCRB-SYNTH-101627,Trial Court,Trial Judgment,1,2,2,0,1,1,0,0,1,1,1,1,0.6549,0,167,1,1,0.0594,2,1.2792,164.77,1,82984.59,0.1538,1,1,0,1,2,0.0684,0.0623,2,1,0
NCRB-SYNTH-101632,Trial Court,Writ Petition (Detention),4,4,1,0,1,1,1,1,1,1,1,1,0.4178,1,166,1,1,0.1544,6,1.0425,122.55,0,79802.23,0.1958,1,1,0,0,7,0.2476,0.1191,5,1,0
NCRB-SYNTH-101636,Trial Court,Sec 482 CrPC (Quashing),1,3,2,0,1,1,1,0,1,1,1,1,0.6546,0,92,0,0,0.03,2,1.0,122.22,0,39174.63,0.1288,0,0,1,1,8,0.2108,0.0959,5,1,0
NCRB-SYNTH-101652,Trial Court,Sec 482 CrPC (Quashing),2,1,2,0,1,1,1,0,1,1,1,1,0.4946,0,30,0,0,0.1222,2,1.0,39.34,0,47216.63,0.0101,1,1,0,0,3,0.0278,0.02,2,1,0
NCRB-SYNTH-101653,Trial Court,Sec 482 CrPC (Quashing),1,2,1,0,1,1,1,0,1,1,1,1,0.7246,1,119,0,1,0.0688,9,1.2156,51.31,1,130348.51,0.1867,0,0,1,1,8,0.1132,0.0515,5,1,1
NCRB-SYNTH-101658,High Court,Sec 439 CrPC (Regular Bail),1,1,1,0,1,1,1,0,1,1,1,1,0.6331,1,172,1,0,0.0768,1,1.0948,84.11,0,68073.27,0.1761,1,1,0,0,4,0.0806,0.0501,2,1,0
NCRB-SYNTH-101667,Trial Court,Writ Petition (Detention),1,2,2,0,1,1,0,0,1,1,1,1,0.7357,1,148,0,0,0.0653,6,1.1235,30.65,0,59104.2,0.0992,1,1,0,0,6,0.1152,0.0592,5,1,1
NCRB-SYNTH-101676,Trial Court,Writ Petition (Detention),2,1,2,0,1,1,1,1,1,1,1,0,0.7822,1,97,0,0,0.1358,7,1.3203,91.72,1,16739.6,0.1606,1,1,0,1,4,0.0847,0.0526,2,1,1
NCRB-SYNTH-101681,High Court,Writ Petition (Detention),1,1,2,0,1,1,1,1,1,1,1,1,0.8599,1,46,0,0,0.1022,7,1.0,99.82,0,38956.07,0.0437,1,1,0,1,33,0.1319,0.0374,4,1,1
NCRB-SYNTH-101703,Trial Court,Writ Petition (Detention),1,5,2,0,1,1,0,0,1,1,1,0,0.9067,1,90,0,0,0.1034,7,1.1202,96.19,0,56726.68,0.1264,1,1,0,0,6,0.059,0.0303,5,1,1
NCRB-SYNTH-101708,Trial Court,Sec 482 CrPC (Quashing),2,2,1,0,1,1,1,1,1,1,1,1,0.9225,1,99,0,0,0.058,5,1.0,37.45,0,87307.41,0.1186,1,1,0,1,4,0.0231,0.0144,2,1,1
NCRB-SYNTH-101720,High Court,Sec 439 CrPC (Regular Bail),1,2,2,0,1,1,1,1,1,1,1,1,0.7121,1,183,1,1,0.1076,2,1.1685,34.92,0,112964.77,0.0908,1,1,0,1,45,0.2826,0.0738,4,1,1
NCRB-SYNTH-101723,High Court,Writ Petition (Detention),2,3,2,0,1,1,0,1,1,1,1,0,0.9473,1,84,1,1,0.0613,6,1.0,145.33,0,47631.45,0.0227,1,1,0,0,10,0.1726,0.072,5,1,1
NCRB-SYNTH-101731,Trial Court,Sec 439 CrPC (Regular Bail),1,1,2,0,1,1,1,1,1,1,1,1,0.7928,1,94,1,1,0.163,2,1.175,35.31,0,109304.58,0.1877,1,1,0,1,2,0.0204,0.0186,2,1,1
NCRB-SYNTH-101748,Trial Court,Sec 439 CrPC (Regular Bail),1,5,2,1,1,1,1,0,1,1,1,0,0.4429,1,44,0,1,0.071,7,1.0554,106.97,0,26043.81,0.1496,0,0,1,1,5,0.0803,0.0448,5,1,0
NCRB-SYNTH-101752,High Court,Writ Petition (Detention),4,2,2,0,1,1,0,0,1,1,1,1,0.8262,1,102,1,1,0.103,7,1.2429,113.55,0,136266.97,0.1519,0,0,1,0,45,0.0891,0.0233,4,1,1
NCRB-SYNTH-101754,Trial Court,Sec 439 CrPC (Regular Bail),4,5,2,0,1,1,0,0,1,1,1,1,0.598,1,148,0,0,0.0362,5,1.1671,42.61,1,47288.16,0.0398,0,0,1,0,11,0.1443,0.0581,5,1,0
NCRB-SYNTH-101766,High Court,Sec 439 CrPC (Regular Bail),1,5,2,0,1,1,1,0,1,1,1,1,0.8317,1,35,0,1,0.1032,8,1.0278,103.58,1,33384.72,0.082,1,1,0,0,11,0.1426,0.0574,5,1,1
NCRB-SYNTH-101776,High Court,Sec 482 CrPC (Quashing),1,4,2,0,1,1,1,1,1,1,1,0,0.8439,0,12,0,0,0.1388,3,1.2145,75.32,1,111336.33,0.0015,0,0,1,1,1,0.0276,0.0399,2,1,1
NCRB-SYNTH-101779,High Court,Writ Petition (Detention),15,2,1,1,1,1,0,0,1,1,1,1,0.6509,1,18,0,0,0.0965,4,1.0612,143.75,1,138534.6,0.1464,1,1,0,0,2,0.047,0.0428,2,1,0
NCRB-SYNTH-101804,Trial Court,Sec 439 CrPC (Regular Bail),4,1,1,0,1,1,1,1,1,1,1,1,0.7199,1,117,0,0,0.0631,9,1.1773,146.05,1,94969.44,0.0215,1,1,0,1,2,0.0547,0.0498,2,1,1
NCRB-SYNTH-101805,Trial Court,Trial Judgment,2,3,1,0,1,1,0,1,1,1,1,0,0.7708,0,174,0,0,0.1199,3,1.0,123.33,0,110617.26,0.095,1,1,0,1,18,0.1919,0.0652,4,1,1
NCRB-SYNTH-101813,High Court,Sec 482 CrPC (Quashing),1,4,1,0,1,1,1,1,1,1,1,1,0.733,1,147,1,1,0.1155,9,1.0,71.27,0,139561.77,0.056,1,1,0,0,13,0.2279,0.0864,4,1,1
NCRB-SYNTH-101817,Trial Court,Writ Petition (Detention),1,4,2,1,1,1,1,1,1,1,1,1,0.9157,0,166,0,0,0.1755,9,1.1296,162.89,0,70058.25,0.0037,1,1,0,0,2,0.0666,0.0606,2,1,1
NCRB-SYNTH-101821,Trial Court,Sec 482 CrPC (Quashing),1,1,1,0,1,1,0,0,1,1,1,1,0.6081,1,147,1,1,0.0429,4,1.0304,172.09,0,81525.26,0.096,1,1,0,1,1,0.0331,0.0477,2,1,0
NCRB-SYNTH-101830,High Court,Writ Petition (Detention),21,4,1,0,1,1,1,1,1,1,1,1,0.4485,1,63,0,0,0.0373,8,1.0,169.88,0,95229.43,0.0822,1,1,0,0,17,0.0914,0.0316,4,1,0
NCRB-SYNTH-101838,Trial Court,Sec 482 CrPC (Quashing),1,3,2,0,1,1,0,0,1,1,1,1,0.7242,1,36,1,1,0.0847,8,1.2182,48.19,0,76617.63,0.1475,1,1,0,1,2,0.0663,0.0603,2,1,1
NCRB-SYNTH-101840,Trial Court,Writ Petition (Detention),4,5,1,0,1,1,0,0,1,1,1,1,0.7113,1,121,1,1,0.0864,9,1.0,111.55,0,61045.59,0.1526,0,0,1,0,4,0.069,0.0429,2,1,1
NCRB-SYNTH-101846,High Court,Writ Petition (Detention),4,4,1,0,1,1,0,0,1,1,1,1,0.7666,1,140,0,0,0.0973,3,1.0,124.26,0,67110.05,0.1022,1,1,0,1,2,0.0289,0.0263,2,1,1
NCRB-SYNTH-101851,Trial Court,Sec 482 CrPC (Quashing),7,1,1,0,1,1,1,0,1,1,1,1,0.9485,1,91,0,0,0.0235,5,1.1071,33.71,0,45223.47,0.0465,1,1,0,1,10,0.2115,0.0882,5,1,1
NCRB-SYNTH-101856,Trial Court,Writ Petition (Detention),2,4,2,0,1,1,1,0,1,1,1,1,0.8766,1,152,1,1,0.1547,3,1.1906,134.09,0,37212.7,0.1226,1,1,0,1,31,0.256,0.0739,4,1,1
NCRB-SYNTH-101872,Trial Court,Sec 482 CrPC (Quashing),1,2,2,0,1,1,0,1,1,1,1,1,0.5059,1,171,0,0,0.0295,7,1.1352,116.63,0,30186.86,0.1182,1,1,0,1,8,0.1377,0.0627,5,1,0
NCRB-SYNTH-101879,High Court,Writ Petition (Detention),1,4,1,0,1,1,1,0,1,1,1,1,0.6928,1,74,0,1,0.1457,3,1.0,135.86,0,41048.37,0.0984,1,1,0,0,7,0.0812,0.039,5,1,0
NCRB-SYNTH-101888,Trial Court,Writ Petition (Detention),2,4,2,0,1,1,1,0,1,1,1,1,0.8397,0,136,0,0,0.0,1,1.0,42.39,0,60991.46,0.1628,1,1,0,1,3,0.0882,0.0636,2,1,1
NCRB-SYNTH-101894,Trial Court,Sec 439 CrPC (Regular Bail),15,4,1,0,1,1,1,1,1,1,1,1,0.717,1,97,1,1,0.0458,1,1.0,155.75,1,60103.44,0.0031,1,1,0,0,8,0.0754,0.0343,5,1,1
NCRB-SYNTH-101906,High Court,Trial Judgment,1,4,2,0,1,1,0,0,1,1,1,1,0.9033,0,91,1,1,0.0703,1,1.1021,130.94,1,106700.2,0.0853,1,1,0,1,7,0.2351,0.1131,5,1,1
NCRB-SYNTH-101909,High Court,Writ Petition (Detention),1,3,1,0,1,1,1,0,1,1,1,1,0.8473,1,150,1,1,0.0024,1,1.0021,46.58,0,101170.9,0.0266,1,1,0,0,2,0.0973,0.0885,2,1,1
NCRB-SYNTH-101911,Trial Court,Sec 482 CrPC (Quashing),1,2,2,0,1,1,1,0,1,1,1,0,0.5946,1,86,0,0,0.1036,5,1.0881,168.8,0,46367.31,0.087,1,1,0,1,4,0.037,0.023,2,1,0
NCRB-SYNTH-101937,High Court,Writ Petition (Detention),21,5,2,0,1,1,1,0,1,1,1,1,0.8208,0,130,0,0,0.0242,7,1.2691,84.75,0,146646.17,0.0681,1,1,0,1,37,0.2569,0.0706,4,1,1
NCRB-SYNTH-101942,Trial Court,Sec 482 CrPC (Quashing),2,2,1,0,1,1,1,0,1,1,1,1,0.3786,1,168,1,1,0.1383,1,1.0,32.23,0,64495.02,0.0638,1,1,0,1,11,0.0849,0.0342,5,1,0
NCRB-SYNTH-101949,High Court,Sec 482 CrPC (Quashing),2,3,2,0,1,1,0,1,1,1,1,1,0.7981,1,116,0,0,0.0796,9,1.0,110.58,0,87801.58,0.0126,1,1,0,1,9,0.173,0.0751,5,1,1
NCRB-SYNTH-101952,Trial Court,Writ Petition (Detention),15,3,2,0,1,1,1,0,1,1,1,1,0.8065,1,146,1,1,0.0978,6,1.1878,40.57,0,56725.42,0.08,1,1,0,1,4,0.0723,0.0449,2,1,1
NCRB-SYNTH-101969,Trial Court,Sec 439 CrPC (Regular Bail),1,2,2,0,1,1,0,0,1,1,1,1,0.7947,1,101,1,1,0.0367,8,1.124,120.4,0,148481.87,0.1927,0,0,1,1,2,0.0293,0.0267,2,1,1
NCRB-SYNTH-101973,High Court,Writ Petition (Detention),1,4,2,0,1,1,0,1,1,1,1,1,0.7755,0,98,0,0,0.0388,4,1.0599,48.41,1,48723.87,0.1494,1,1,0,1,3,0.0745,0.0537,2,1,1
NCRB-SYNTH-101975,Trial Court,Writ Petition (Detention),1,1,1,0,1,1,1,0,1,1,1,0,0.4406,1,131,0,0,0.0931,3,1.0,43.16,1,89556.96,0.0227,1,1,0,0,8,0.0913,0.0416,5,1,0
NCRB-SYNTH-101977,Trial Court,Sec 439 CrPC (Regular Bail),1,4,1,0,1,1,0,1,1,1,1,1,0.7414,0,180,0,1,0.0214,8,1.2026,153.2,0,135634.44,0.0188,1,1,0,1,7,0.1483,0.0713,5,1,1
NCRB-SYNTH-102000,Trial Court,Sec 439 CrPC (Regular Bail),15,4,1,0,1,1,1,0,1,1,1,1,0.5329,1,174,0,0,0.0176,8,1.3029,38.13,0,82558.67,0.1798,1,1,0,0,4,0.167,0.1038,5,1,0
NCRB-SYNTH-102001,High Court,Sec 482 CrPC (Quashing),1,4,1,0,1,1,1,1,1,1,1,1,0.9585,1,149,0,0,0.0943,3,1.1604,47.66,1,39992.31,0.1608,0,0,1,0,2,0.0399,0.0363,2,1,1
NCRB-SYNTH-102002,Trial Court,Sec 482 CrPC (Quashing),2,2,1,0,1,1,1,0,1,1,1,0,0.6848,1,131,0,1,0.0639,3,1.2161,149.22,0,25568.24,0.149,0,0,1,1,6,0.1573,0.0809,5,1,0
NCRB-SYNTH-102004,Trial Court,Sec 482 CrPC (Quashing),2,5,1,0,1,1,1,0,1,1,1,1,0.4758,1,78,0,0,0.0683,4,1.1201,179.31,0,31656.89,0.1619,1,1,0,0,1,0.0174,0.0251,2,1,0
NCRB-SYNTH-102005,Trial Court,Sec 482 CrPC (Quashing),1,2,2,0,1,1,1,0,1,1,1,1,0.444,0,32,1,0,0.0316,8,1.0855,59.3,0,110105.4,0.011,0,0,1,0,4,0.0605,0.0376,2,1,0
NCRB-SYNTH-102017,Trial Court,Writ Petition (Detention),1,2,1,0,1,1,1,0,1,1,1,1,0.7433,1,79,1,1,0.0748,2,1.1113,37.82,0,53632.76,0.1529,1,1,0,1,6,0.2434,0.1251,5,1,1
NCRB-SYNTH-102026,Trial Court,Sec 482 CrPC (Quashing),1,3,2,0,1,1,1,0,1,1,1,1,0.6635,1,86,0,0,0.0454,1,1.1689,177.23,1,60480.15,0.1195,0,0,1,1,2,0.0424,0.0386,2,1,0
NCRB-SYNTH-102029,Trial Court,Sec 482 CrPC (Quashing),1,1,1,1,1,1,0,0,1,1,1,1,0.4606,1,49,0,0,0.0847,2,1.1129,151.77,0,79396.63,0.0186,0,0,1,1,8,0.1114,0.0507,5,1,0
NCRB-SYNTH-102036,Trial Court,Sec 439 CrPC (Regular Bail),1,1,2,0,1,1,1,0,1,1,1,1,0.6145,1,131,1,1,0.1211,5,1.1691,139.12,1,78307.92,0.1821,1,1,0,0,1,0.0452,0.0652,2,1,0
NCRB-SYNTH-102039,Trial Court,Sec 439 CrPC (Regular Bail),2,4,2,0,1,1,0,0,1,1,1,1,0.7753,1,172,1,1,0.112,8,1.1663,59.79,0,50445.24,0.0176,1,1,0,1,2,0.0382,0.0347,2,1,1
NCRB-SYNTH-102040,High Court,Writ Petition (Detention),1,3,1,0,1,1,1,0,1,1,1,1,0.7054,1,122,0,0,0.0989,6,1.2424,126.86,0,80371.01,0.1837,1,1,0,1,4,0.0733,0.0455,2,1,1
NCRB-SYNTH-102067,High Court,Sec 482 CrPC (Quashing),1,1,1,1,1,1,0,0,1,1,1,0,0.6275,1,30,1,1,0.0607,9,1.0037,40.03,0,123904.62,0.0878,0,0,1,1,31,0.179,0.0517,4,1,0
NCRB-SYNTH-102068,High Court,Writ Petition (Detention),1,1,2,0,1,1,1,0,1,1,1,1,0.466,1,65,1,1,0.0967,7,1.0385,77.62,0,51669.63,0.1552,1,1,0,0,9,0.1298,0.0564,5,1,0
NCRB-SYNTH-102070,Trial Court,Sec 482 CrPC (Quashing),1,5,1,0,1,1,1,0,1,1,1,1,0.53,0,96,0,0,0.0785,3,1.2702,157.79,0,39947.95,0.1954,1,1,0,0,1,0.0534,0.0771,2,1,0
NCRB-SYNTH-102073,High Court,Sec 482 CrPC (Quashing),15,2,1,0,1,1,1,0,1,1,1,1,0.9144,1,18,0,0,0.1095,2,1.0535,102.11,0,98378.89,0.0969,1,1,0,1,7,0.2372,0.114,5,1,1
NCRB-SYNTH-102077,Trial Court,Sec 439 CrPC (Regular Bail),1,5,2,0,1,1,1,0,1,1,1,0,0.741,1,61,0,0,0.0963,7,1.0,63.71,0,33526.62,0.0313,1,1,0,1,2,0.0521,0.0475,2,1,1
NCRB-SYNTH-102093,Supreme Court,Sec 439 CrPC (Regular Bail),1,3,2,1,1,1,0,0,1,1,1,1,0.8423,1,81,0,1,0.0767,1,1.0868,97.85,1,124853.87,0.1586,1,1,0,1,1,0.0653,0.0942,2,1,1
NCRB-SYNTH-102095,Trial Court,Sec 439 CrPC (Regular Bail),27,4,1,0,1,1,0,0,1,1,1,1,0.7219,1,78,0,0,0.0767,6,1.0,155.67,1,127010.81,0.1391,1,1,0,0,4,0.2148,0.1335,5,1,1
NCRB-SYNTH-102106,Trial Court,Sec 439 CrPC (Regular Bail),2,2,1,0,1,1,0,1,1,1,1,0,0.4931,1,59,0,0,0.1431,6,1.197,71.34,0,56205.59,0.0236,0,0,1,1,29,0.2923,0.0859,4,1,0
NCRB-SYNTH-102109,Trial Court,Trial Judgment,21,3,2,0,1,1,0,0,1,1,1,0,0.5268,0,97,0,0,0.1336,1,1.1327,178.44,0,97931.04,0.0735,0,0,1,0,4,0.0127,0.0079,2,1,0
NCRB-SYNTH-102112,Trial Court,Sec 439 CrPC (Regular Bail),4,1,1,0,1,1,0,1,1,1,1,1,0.7457,1,120,0,0,0.0525,3,1.0,170.54,1,126377.77,0.0367,1,1,0,0,2,0.0588,0.0535,2,1,1
NCRB-SYNTH-102144,High Court,Trial Judgment,1,2,2,0,1,1,1,0,1,1,1,0,0.8585,1,119,0,0,0.0641,2,1.2454,172.68,0,127851.77,0.0113,1,1,0,1,4,0.0249,0.0155,2,1,1
NCRB-SYNTH-102151,High Court,Writ Petition (Detention),15,4,1,0,1,1,1,0,1,1,1,1,0.4334,1,159,1,1,0.1394,7,1.0,65.05,0,80124.83,0.0863,1,1,0,0,4,0.0849,0.0527,2,1,0
NCRB-SYNTH-102156,Supreme Court,Writ Petition (Detention),1,4,1,0,1,1,1,0,1,1,1,0,0.7651,1,63,0,0,0.1065,9,1.1977,167.17,0,99725.04,0.0188,0,0,1,1,17,0.1039,0.0359,4,1,1
NCRB-SYNTH-102158,High Court,Sec 482 CrPC (Quashing),1,2,2,0,1,1,0,1,1,1,1,1,0.9238,1,16,0,0,0.1531,2,1.195,134.54,1,144144.98,0.1317,1,1,0,1,9,0.2402,0.1043,5,1,1
NCRB-SYNTH-102170,Trial Court,Trial Judgment,1,3,2,0,1,1,1,0,1,1,1,1,0.544,1,151,0,0,0.0032,7,1.2697,96.4,0,118812.11,0.1782,1,1,0,1,4,0.1343,0.0835,5,1,0
NCRB-SYNTH-102175,Trial Court,Sec 482 CrPC (Quashing),1,3,2,0,1,1,0,1,1,1,1,0,0.7762,1,29,1,1,0.0585,9,1.1648,76.35,0,29106.48,0.0289,1,1,0,0,4,0.0629,0.0391,2,1,1
NCRB-SYNTH-102177,Supreme Court,Writ Petition (Detention),1,4,2,0,1,1,1,0,1,1,1,0,0.8069,0,29,0,0,0.0126,6,1.0,140.18,1,20582.51,0.0095,1,1,0,1,3,0.0278,0.0201,2,1,1
NCRB-SYNTH-102181,Trial Court,Sec 482 CrPC (Quashing),1,2,2,0,1,1,0,1,1,1,1,0,0.5044,1,180,0,0,0.1078,3,1.0516,177.96,1,54470.7,0.1467,0,0,1,0,3,0.0694,0.0501,2,1,0
NCRB-SYNTH-102182,High Court,Sec 439 CrPC (Regular Bail),1,2,2,0,1,1,1,0,1,1,1,1,0.7592,1,107,0,0,0.1111,8,1.0,119.85,1,57073.12,0.1365,0,0,1,1,2,0.0324,0.0295,2,1,1
NCRB-SYNTH-102184,Trial Court,Writ Petition (Detention),7,2,1,0,1,1,0,1,1,1,1,1,0.8226,1,33,0,0,0.0,4,1.0,53.82,0,107571.88,0.1712,1,1,0,0,2,0.0611,0.0556,2,1,1
NCRB-SYNTH-102191,Trial Court,Sec 439 CrPC (Regular Bail),1,5,2,0,1,1,1,1,1,1,1,0,0.7855,1,141,0,1,0.1467,5,1.0,37.15,1,93470.72,0.0023,1,1,0,1,11,0.0608,0.0245,5,1,1
NCRB-SYNTH-102207,High Court,Trial Judgment,1,5,1,0,1,1,1,1,1,1,1,0,0.5934,1,140,1,1,0.0921,3,1.1553,121.61,0,125957.69,0.1179,1,1,0,0,30,0.1511,0.044,4,1,0
NCRB-SYNTH-102209,Trial Court,Sec 439 CrPC (Regular Bail),1,1,2,0,1,1,0,1,1,1,1,1,0.9127,1,124,0,0,0.0873,9,1.0,79.28,0,139183.79,0.0231,1,1,0,0,2,0.0294,0.0268,2,1,1
NCRB-SYNTH-102216,Trial Court,Writ Petition (Detention),1,2,2,0,1,1,1,0,1,1,1,1,0.4016,1,172,0,0,0.0445,3,1.1096,167.33,1,99494.73,0.1568,1,1,0,1,4,0.0177,0.011,2,1,0
NCRB-SYNTH-102218,Trial Court,Writ Petition (Detention),1,5,1,0,1,1,1,0,1,1,1,0,0.7879,1,163,0,1,0.0818,5,1.2289,163.93,0,51182.06,0.1875,0,0,1,1,32,0.2685,0.0768,4,1,1
NCRB-SYNTH-102224,High Court,Writ Petition (Detention),1,2,1,0,1,1,1,0,1,1,1,1,0.6533,1,20,0,0,0.0226,6,1.1728,46.25,0,89920.09,0.1392,1,1,0,0,9,0.1103,0.0479,5,1,0
NCRB-SYNTH-102227,Trial Court,Writ Petition (Detention),7,2,1,0,1,1,1,1,1,1,1,0,0.4505,1,136,0,0,0.0961,6,1.1634,151.43,0,104063.04,0.0795,1,1,0,0,1,0.05,0.0721,2,1,0
NCRB-SYNTH-102229,Trial Court,Writ Petition (Detention),1,5,2,0,1,1,0,0,1,1,1,0,0.6186,1,160,1,1,0.0528,4,1.0749,56.39,0,113672.87,0.1491,1,1,0,1,38,0.2223,0.0607,4,1,0
NCRB-SYNTH-102230,Trial Court,Sec 439 CrPC (Regular Bail),1,1,2,0,1,1,0,1,1,1,1,1,0.6514,1,66,0,1,0.0896,9,1.2739,128.2,0,143385.27,0.012,1,1,0,0,1,0.0898,0.1295,2,1,0
NCRB-SYNTH-102240,Trial Court,Writ Petition (Detention),7,3,1,0,1,1,0,0,1,1,1,0,0.7695,1,37,1,1,0.0374,9,1.0,58.78,0,120561.38,0.1117,1,1,0,0,10,0.2237,0.0933,5,1,1
NCRB-SYNTH-102259,Trial Court,Sec 439 CrPC (Regular Bail),1,4,1,0,1,1,0,1,1,1,1,1,0.5331,1,67,1,1,0.0189,3,1.0,111.73,1,144791.39,0.0395,0,0,1,1,4,0.2305,0.1432,5,1,0
NCRB-SYNTH-102269,Trial Court,Trial Judgment,1,4,1,0,1,1,0,0,1,1,1,1,0.6943,1,64,0,0,0.1563,9,1.1176,79.59,0,79851.25,0.1715,0,0,1,0,2,0.083,0.0756,2,1,0
NCRB-SYNTH-102281,High Court,Writ Petition (Detention),1,4,2,0,1,1,0,0,1,1,1,1,0.4794,1,31,1,1,0.0568,5,1.06,40.64,0,147108.73,0.0829,1,1,0,1,27,0.2422,0.0727,4,1,0
NCRB-SYNTH-102286,High Court,Trial Judgment,1,3,2,0,1,1,1,0,1,1,1,0,0.8184,1,72,1,1,0.0418,9,1.0,143.61,0,96187.37,0.0667,0,0,1,1,4,0.2101,0.1306,5,1,1
NCRB-SYNTH-102288,Trial Court,Sec 439 CrPC (Regular Bail),2,5,1,0,1,1,0,0,1,1,1,1,0.8361,1,112,1,1,0.0983,9,1.0,153.24,0,92333.26,0.0078,1,1,0,1,4,0.0586,0.0364,2,1,1
NCRB-SYNTH-102292,High Court,Sec 482 CrPC (Quashing),1,3,2,0,1,1,1,1,1,1,1,1,0.8552,1,118,0,0,0.0867,2,1.0436,82.0,0,72225.66,0.0292,1,1,0,1,3,0.0687,0.0496,2,1,1
NCRB-SYNTH-102293,Trial Court,Writ Petition (Detention),1,4,1,0,1,1,1,1,1,1,1,0,0.7407,1,169,0,0,0.1124,1,1.022,107.24,0,140160.72,0.1541,0,0,1,0,1,0.0765,0.1104,2,1,1
NCRB-SYNTH-102297,Trial Court,Sec 482 CrPC (Quashing),2,5,2,0,1,1,0,0,1,1,1,0,0.4716,1,167,0,0,0.1305,7,1.0,100.15,1,74787.77,0.0804,1,1,0,0,4,0.0138,0.0086,2,1,0
NCRB-SYNTH-102300,Trial Court,Writ Petition (Detention),2,1,2,0,1,1,0,0,1,1,1,0,0.7152,1,86,0,0,0.1222,9,1.0909,30.71,1,17529.69,0.1978,0,0,1,0,5,0.19,0.106,5,1,1
NCRB-SYNTH-102304,Trial Court,Sec 439 CrPC (Regular Bail),1,4,2,0,1,1,0,0,1,1,1,1,0.5622,1,64,1,1,0.1707,8,1.0492,171.66,1,74400.74,0.1189,0,0,1,0,29,0.1733,0.051,4,1,0
NCRB-SYNTH-102310,Trial Court,Writ Petition (Detention),1,2,1,0,1,1,1,0,1,1,1,1,0.9482,1,173,0,0,0.0527,1,1.1303,167.36,0,92375.08,0.0814,1,1,0,0,3,0.0606,0.0437,2,1,1
NCRB-SYNTH-102317,Trial Court,Sec 439 CrPC (Regular Bail),15,3,1,0,1,1,1,0,1,1,1,1,0.6012,0,148,0,0,0.1214,6,1.2044,101.01,0,42701.15,0.1082,1,1,0,0,2,0.0885,0.0806,2,1,0
NCRB-SYNTH-102324,High Court,Writ Petition (Detention),1,5,2,0,1,1,1,1,1,1,1,0,0.9052,0,39,0,0,0.1263,2,1.1471,121.8,0,108260.09,0.1833,1,1,0,1,2,0.0874,0.0796,2,1,1
NCRB-SYNTH-102331,Trial Court,Writ Petition (Detention),7,3,1,0,1,1,1,0,1,1,1,1,0.8757,1,160,1,1,0.063,3,1.2924,111.69,1,48522.6,0.145,0,0,1,0,2,0.059,0.0537,2,1,1
NCRB-SYNTH-102363,High Court,Sec 482 CrPC (Quashing),4,3,2,0,1,1,1,1,1,1,1,0,0.731,1,121,0,1,0.0976,1,1.2753,170.87,0,133404.8,0.1503,1,1,0,0,3,0.0817,0.0589,2,1,1
NCRB-SYNTH-102369,Trial Court,Sec 482 CrPC (Quashing),1,4,1,1,1,1,0,1,1,1,1,1,0.8491,1,104,0,0,0.0288,5,1.1965,121.99,1,24472.36,0.1978,1,1,0,1,1,0.0141,0.0203,2,1,1
NCRB-SYNTH-102376,Trial Court,Sec 482 CrPC (Quashing),27,1,1,0,1,1,1,0,1,1,1,1,0.8467,1,18,0,0,0.1341,6,1.1735,67.5,0,17221.93,0.0483,1,1,0,1,3,0.029,0.0209,2,1,1
NCRB-SYNTH-102377,Trial Court,Writ Petition (Detention),1,5,2,0,1,1,1,0,1,1,1,0,0.8733,1,38,0,0,0.0394,5,1.0489,30.97,0,99403.59,0.0956,1,1,0,1,3,0.0962,0.0694,2,1,1
NCRB-SYNTH-102385,Trial Court,Sec 439 CrPC (Regular Bail),4,1,1,0,1,1,1,0,1,1,1,1,0.5574,1,77,0,1,0.1492,3,1.0756,135.07,0,63043.95,0.0583,1,1,0,0,19,0.0824,0.0275,4,1,0
NCRB-SYNTH-102396,High Court,Sec 439 CrPC (Regular Bail),4,3,2,1,1,1,1,1,1,1,1,1,0.5627,1,65,0,0,0.0774,9,1.0128,137.33,0,90299.17,0.1791,1,1,0,1,1,0.017,0.0246,2,1,0
NCRB-SYNTH-102401,High Court,Writ Petition (Detention),27,2,2,0,1,1,1,1,1,1,1,1,0.9302,1,131,0,0,0.2085,4,1.0515,63.05,1,25665.37,0.0762,0,0,1,0,23,0.2018,0.0635,4,1,1
NCRB-SYNTH-102404,Trial Court,Sec 482 CrPC (Quashing),1,2,1,0,1,1,0,1,1,1,1,1,0.5247,1,150,0,1,0.019,5,1.1265,139.27,0,64342.07,0.0481,1,1,0,1,2,0.0828,0.0753,2,1,0
NCRB-SYNTH-102408,High Court,Sec 482 CrPC (Quashing),2,3,2,0,1,1,0,0,1,1,1,1,0.3665,1,58,0,0,0.0616,5,1.3179,93.66,0,26071.21,0.0705,1,1,0,0,3,0.0878,0.0634,2,1,0
NCRB-SYNTH-102425,High Court,Writ Petition (Detention),1,2,2,0,1,1,0,0,1,1,1,1,0.9154,0,39,1,1,0.0462,5,1.2551,86.91,0,46147.12,0.1876,1,1,0,1,4,0.0149,0.0092,2,1,1
NCRB-SYNTH-102429,High Court,Sec 439 CrPC (Regular Bail),1,5,2,0,1,1,1,1,1,1,1,1,0.9312,1,174,0,0,0.0364,6,1.063,37.17,1,87062.4,0.0988,1,1,0,1,1,0.0553,0.0798,2,1,1
NCRB-SYNTH-102434,Trial Court,Sec 439 CrPC (Regular Bail),1,1,2,0,1,1,0,1,1,1,1,0,0.8141,1,172,0,0,0.0708,6,1.2151,41.03,1,141575.49,0.1305,1,1,0,0,4,0.0691,0.043,2,1,1
NCRB-SYNTH-102438,High Court,Sec 439 CrPC (Regular Bail),1,5,1,0,1,1,1,0,1,1,1,1,0.5029,0,107,1,0,0.1349,4,1.1922,172.2,0,74724.31,0.0734,1,1,0,1,4,0.0965,0.0599,5,1,0
NCRB-SYNTH-102446,Trial Court,Writ Petition (Detention),1,2,2,0,1,1,0,0,1,1,1,1,0.6999,1,146,1,0,0.0,3,1.0,38.32,0,24104.03,0.0212,0,0,1,0,2,0.0569,0.0518,2,1,0
NCRB-SYNTH-102447,High Court,Sec 439 CrPC (Regular Bail),1,4,1,1,1,1,1,1,1,1,1,1,0.6631,1,11,0,0,0.0906,5,1.0,158.8,0,76466.76,0.0839,0,0,1,1,3,0.0896,0.0647,2,1,0
NCRB-SYNTH-102450,Trial Court,Writ Petition (Detention),2,3,1,0,1,1,0,0,1,1,1,1,0.6502,1,112,1,1,0.0743,6,1.1016,156.51,0,40691.35,0.0228,0,0,1,1,2,0.0422,0.0384,2,1,0
NCRB-SYNTH-102451,Trial Court,Trial Judgment,2,3,1,0,1,1,1,1,1,1,1,1,0.4878,0,121,1,1,0.0385,4,1.1883,124.15,0,82495.09,0.0081,1,1,0,1,11,0.208,0.0837,5,1,0
NCRB-SYNTH-102454,Trial Court,Writ Petition (Detention),1,1,1,0,1,1,0,1,1,1,1,1,0.7573,0,167,0,0,0.0588,7,1.0806,72.14,0,17093.56,0.0741,1,1,0,1,1,0.0255,0.0368,2,1,1
NCRB-SYNTH-102466,Trial Court,Sec 482 CrPC (Quashing),1,5,2,0,1,1,1,0,1,1,1,1,0.858,0,60,1,1,0.0909,2,1.0942,84.64,0,90276.41,0.1514,1,1,0,1,27,0.2817,0.0845,4,1,1
NCRB-SYNTH-102471,High Court,Sec 482 CrPC (Quashing),7,1,1,0,1,1,1,0,1,1,1,0,0.6985,1,151,0,0,0.0418,6,1.1105,66.82,0,109479.02,0.1531,1,1,0,1,1,0.0521,0.0752,2,1,0
NCRB-SYNTH-102481,Trial Court,Writ Petition (Detention),2,2,1,0,1,1,0,0,1,1,1,0,0.6197,1,142,1,1,0.0522,8,1.1845,110.91,0,138532.19,0.1144,1,1,0,0,5,0.0683,0.0381,5,1,0
NCRB-SYNTH-102491,Trial Court,Sec 439 CrPC (Regular Bail),1,4,2,1,1,1,1,1,1,1,1,1,0.8088,1,56,0,0,0.0,4,1.1093,51.6,1,132116.58,0.0765,0,0,1,0,2,0.0136,0.0124,2,1,1
NCRB-SYNTH-102492,High Court,Sec 439 CrPC (Regular Bail),2,1,1,0,1,1,0,0,1,1,1,1,0.7807,1,149,0,0,0.0523,2,1.1486,57.39,0,56868.37,0.1634,1,1,0,1,34,0.2226,0.0626,4,1,1
NCRB-SYNTH-102505,Trial Court,Writ Petition (Detention),1,1,2,0,1,1,0,1,1,1,1,0,0.3803,1,67,0,0,0.0401,2,1.0716,144.25,0,29859.6,0.1812,1,1,0,1,4,0.0446,0.0277,2,1,0
NCRB-SYNTH-102523,Trial Court,Sec 439 CrPC (Regular Bail),4,3,2,0,1,1,1,1,1,1,1,1,0.4662,0,80,0,0,0.0,2,1.0516,44.23,0,45309.4,0.0625,1,1,0,1,1,0.0493,0.0711,2,1,0
NCRB-SYNTH-102526,Trial Court,Sec 482 CrPC (Quashing),2,4,1,0,1,1,1,0,1,1,1,1,0.8008,1,69,0,0,0.0876,5,1.2006,42.98,0,129135.62,0.0501,1,1,0,0,1,0.0508,0.0733,2,1,1
NCRB-SYNTH-102527,Trial Court,Writ Petition (Detention),1,4,2,0,1,1,0,1,1,1,1,1,0.9463,1,145,0,0,0.0661,2,1.166,111.92,0,29617.73,0.049,1,1,0,1,4,0.0584,0.0363,2,1,1
NCRB-SYNTH-102533,Trial Court,Trial Judgment,1,4,1,0,1,1,1,1,1,1,1,1,0.6511,0,156,0,0,0.1247,3,1.0,125.9,0,126695.79,0.0962,1,1,0,1,4,0.0244,0.0152,2,1,0
NCRB-SYNTH-102551,Trial Court,Sec 439 CrPC (Regular Bail),2,5,1,0,1,1,0,1,1,1,1,1,0.8937,1,159,1,1,0.0811,5,1.0888,85.1,0,87367.03,0.1069,0,0,1,0,3,0.0583,0.042,2,1,1
NCRB-SYNTH-102558,High Court,Writ Petition (Detention),1,2,2,0,1,1,1,1,1,1,1,1,0.5719,1,118,0,0,0.0029,8,1.1169,117.13,0,33017.27,0.0251,1,1,0,1,2,0.0285,0.0259,2,1,0
NCRB-SYNTH-102566,High Court,Sec 482 CrPC (Quashing),15,1,1,0,1,1,0,1,1,1,1,0,0.4578,1,127,0,0,0.0606,8,1.1512,155.44,1,35437.24,0.033,0,0,1,1,4,0.0656,0.0408,2,1,0
NCRB-SYNTH-102567,Trial Court,Writ Petition (Detention),2,2,2,0,1,1,1,0,1,1,1,1,0.719,0,55,0,0,0.0427,8,1.0,38.05,0,126180.79,0.1264,1,1,0,1,3,0.098,0.0707,2,1,1
NCRB-SYNTH-102568,Trial Court,Sec 439 CrPC (Regular Bail),1,1,2,0,1,1,0,1,1,1,1,1,0.8487,0,127,1,1,0.0,8,1.2583,169.24,1,53250.84,0.1858,1,1,0,1,3,0.096,0.0693,2,1,1
NCRB-SYNTH-102573,Trial Court,Trial Judgment,21,3,2,0,1,1,1,1,1,1,1,1,0.5632,1,115,0,1,0.1133,7,1.0,140.32,0,139391.39,0.1388,1,1,0,1,7,0.1649,0.0793,5,1,0
NCRB-SYNTH-102575,High Court,Writ Petition (Detention),15,2,2,0,1,1,0,0,1,1,1,1,0.5842,1,151,1,1,0.0934,6,1.0463,113.58,1,129973.56,0.1613,0,0,1,0,35,0.0836,0.0233,4,1,0
NCRB-SYNTH-102589,Trial Court,Sec 439 CrPC (Regular Bail),1,1,2,0,1,1,1,0,1,1,1,1,0.6725,0,144,1,1,0.0448,4,1.0,104.49,0,28858.38,0.0466,1,1,0,1,22,0.1501,0.0479,4,1,0
NCRB-SYNTH-102597,High Court,Sec 482 CrPC (Quashing),1,4,1,0,1,1,0,0,1,1,1,1,0.766,1,30,1,0,0.0,4,1.18,168.15,0,146927.39,0.0971,1,1,0,0,4,0.0182,0.0113,2,1,1
NCRB-SYNTH-102599,Trial Court,Writ Petition (Detention),7,5,1,0,1,1,0,0,1,1,1,1,0.5806,1,52,1,1,0.033,9,1.1635,108.36,0,143767.79,0.0242,1,1,0,1,2,0.0935,0.0851,2,1,0
NCRB-SYNTH-102604,High Court,Trial Judgment,4,3,1,0,1,1,0,0,1,1,1,0,0.8064,1,119,1,1,0.1383,5,1.3667,166.01,1,47790.13,0.1469,1,1,0,0,5,0.2179,0.1216,5,1,1
NCRB-SYNTH-102608,Trial Court,Sec 482 CrPC (Quashing),1,2,1,0,1,1,0,1,1,1,1,1,0.568,1,110,0,0,0.0173,8,1.1426,120.72,1,138100.79,0.1581,0,0,1,0,2,0.0536,0.0488,2,1,0
NCRB-SYNTH-102613,High Court,Sec 482 CrPC (Quashing),1,2,2,0,1,1,1,1,1,1,1,0,0.9817,1,148,0,0,0.0304,2,1.1223,148.2,0,88805.17,0.1416,1,1,0,1,4,0.0358,0.0222,2,1,1
NCRB-SYNTH-102615,Trial Court,Sec 439 CrPC (Regular Bail),1,1,2,0,1,1,0,1,1,1,1,1,0.4644,1,80,0,0,0.1239,9,1.2653,169.9,0,97837.61,0.1661,0,0,1,1,4,0.0865,0.0537,2,1,0
NCRB-SYNTH-102618,High Court,Writ Petition (Detention),21,4,1,1,1,1,1,1,1,1,1,1,0.4279,1,123,0,0,0.034,9,1.0,118.6,0,110555.25,0.1689,0,0,1,0,36,0.2783,0.0771,4,1,0
NCRB-SYNTH-102620,Trial Court,Writ Petition (Detention),21,5,1,0,1,1,1,1,1,1,1,0,0.8748,0,26,0,0,0.1085,6,1.0,146.95,0,73902.63,0.0011,0,0,1,1,3,0.0585,0.0422,2,1,1
NCRB-SYNTH-102641,Trial Court,Trial Judgment,2,1,2,0,1,1,0,1,1,1,1,1,0.416,1,140,1,1,0.1248,8,1.0587,152.5,0,124084.89,0.1898,1,1,0,1,8,0.1894,0.0862,5,1,0
NCRB-SYNTH-102651,Trial Court,Sec 439 CrPC (Regular Bail),1,4,2,0,1,1,0,0,1,1,1,1,0.5343,1,71,0,0,0.1081,3,1.2891,90.6,0,133288.17,0.0946,1,1,0,1,2,0.0513,0.0467,2,1,0
NCRB-SYNTH-102659,High Court,Sec 439 CrPC (Regular Bail),1,5,2,0,1,1,1,1,1,1,1,1,0.7587,1,112,1,1,0.1154,2,1.0455,75.84,0,19038.52,0.0778,0,0,1,1,4,0.0565,0.0351,2,1,1
NCRB-SYNTH-102663,High Court,Writ Petition (Detention),1,3,2,0,1,1,0,0,1,1,1,0,0.7928,1,94,0,0,0.1224,9,1.0,60.12,1,70668.16,0.0731,0,0,1,1,4,0.0954,0.0593,2,1,1
NCRB-SYNTH-102666,Trial Court,Sec 482 CrPC (Quashing),45,3,2,0,1,1,1,0,1,1,1,1,0.983,1,84,1,1,0.0462,3,1.0223,123.47,0,62472.58,0.1311,1,1,0,0,10,0.1304,0.0544,5,1,1
NCRB-SYNTH-102670,Trial Court,Trial Judgment,1,3,1,0,1,1,0,1,1,1,1,0,0.6109,1,47,1,1,0.0847,9,1.0646,177.87,0,65840.81,0.1461,1,1,0,1,5,0.2271,0.1268,5,1,0
NCRB-SYNTH-102676,Trial Court,Writ Petition (Detention),7,4,1,0,1,1,1,1,1,1,1,1,0.5444,1,125,1,1,0.0134,9,1.0798,143.71,1,110770.78,0.0522,1,1,0,0,2,0.0566,0.0515,2,1,0
NCRB-SYNTH-102681,High Court,Writ Petition (Detention),1,2,2,0,1,1,0,0,1,1,1,1,0.6273,1,166,0,0,0.1022,2,1.0671,98.75,0,53379.51,0.0059,1,1,0,1,1,0.0176,0.0253,2,1,0
NCRB-SYNTH-102685,High Court,Sec 482 CrPC (Quashing),1,2,1,0,1,1,1,1,1,1,1,1,0.6601,1,144,0,0,0.077,7,1.0,168.34,0,75536.71,0.1811,0,0,1,1,9,0.1799,0.0781,5,1,0
NCRB-SYNTH-102698,High Court,Writ Petition (Detention),1,2,2,1,1,1,1,0,1,1,1,1,0.8665,1,137,1,1,0.0425,1,1.0613,177.04,0,62598.19,0.1267,1,1,0,1,11,0.1325,0.0533,5,1,1
NCRB-SYNTH-102708,Trial Court,Writ Petition (Detention),7,5,2,0,1,1,0,0,1,1,1,1,0.9393,1,25,1,1,0.0855,5,1.2492,106.91,0,146884.81,0.0477,0,0,1,0,1,0.0614,0.0885,2,1,1
NCRB-SYNTH-102710,High Court,Sec 439 CrPC (Regular Bail),1,1,2,0,1,1,0,0,1,1,1,1,0.9682,1,112,1,1,0.0478,4,1.0,104.18,0,124030.29,0.0596,1,1,0,1,24,0.3013,0.0936,4,1,1
NCRB-SYNTH-102713,High Court,Trial Judgment,21,1,1,0,1,1,0,0,1,1,1,0,0.6032,1,153,1,1,0.0004,8,1.0,86.29,1,139480.76,0.0913,1,1,0,1,9,0.0806,0.035,5,1,0
NCRB-SYNTH-102716,High Court,Sec 482 CrPC (Quashing),1,1,1,1,1,1,1,1,1,1,1,1,0.4798,1,117,0,0,0.0964,6,1.2823,178.68,1,146456.0,0.0397,1,1,0,0,8,0.1535,0.0699,5,1,0
NCRB-SYNTH-102726,Trial Court,Sec 439 CrPC (Regular Bail),1,3,1,0,1,1,0,0,1,1,1,0,0.8711,1,53,1,1,0.0,7,1.1299,138.98,1,101150.59,0.0671,1,1,0,1,44,0.258,0.0678,4,1,1
NCRB-SYNTH-102728,High Court,Sec 439 CrPC (Regular Bail),1,2,1,0,1,1,1,0,1,1,1,1,0.4616,1,15,0,1,0.077,8,1.0375,136.02,0,81980.24,0.0998,1,1,0,1,11,0.2053,0.0826,5,1,0
NCRB-SYNTH-102729,Trial Court,Sec 439 CrPC (Regular Bail),2,1,1,0,1,1,0,0,1,1,1,1,0.9383,1,42,1,1,0.0849,6,1.0,90.69,0,23828.42,0.0887,1,1,0,1,22,0.2523,0.0805,4,1,1
NCRB-SYNTH-102742,Trial Court,Writ Petition (Detention),1,3,2,0,1,1,0,1,1,1,1,1,0.7854,1,100,0,0,0.1201,6,1.0,45.72,1,66794.79,0.1492,1,1,0,0,8,0.1035,0.0471,5,1,1
NCRB-SYNTH-102753,Trial Court,Writ Petition (Detention),1,3,2,0,1,1,0,1,1,1,1,1,0.8471,1,33,0,1,0.0,8,1.1472,153.14,0,27582.12,0.0951,1,1,0,0,25,0.3085,0.0947,4,1,1
NCRB-SYNTH-102754,Trial Court,Writ Petition (Detention),4,1,2,0,1,1,0,0,1,1,1,0,0.739,1,171,0,0,0.172,4,1.1634,134.45,1,92269.1,0.1021,1,1,0,1,4,0.0684,0.0425,2,1,1
NCRB-SYNTH-102756,Trial Court,Writ Petition (Detention),1,5,1,0,1,1,0,0,1,1,1,0,0.4438,1,123,0,0,0.1489,6,1.0369,48.68,0,135987.15,0.0475,1,1,0,0,13,0.1812,0.0687,4,1,0
NCRB-SYNTH-102768,Trial Court,Writ Petition (Detention),7,2,2,0,1,1,1,1,1,1,1,1,0.9629,0,165,0,0,0.1581,1,1.244,135.87,0,119907.25,0.0348,1,1,0,0,2,0.0344,0.0313,2,1,1
NCRB-SYNTH-102772,Trial Court,Writ Petition (Detention),2,3,1,0,1,1,1,0,1,1,1,1,0.6426,1,31,0,0,0.0856,4,1.0,112.93,0,82307.44,0.1199,0,0,1,0,9,0.1347,0.0585,5,1,0
NCRB-SYNTH-102780,High Court,Writ Petition (Detention),1,5,2,0,1,1,0,0,1,1,1,1,0.5422,1,71,1,1,0.0676,9,1.2926,64.72,1,29014.15,0.0769,1,1,0,1,2,0.0177,0.0161,2,1,0
NCRB-SYNTH-102786,Trial Court,Writ Petition (Detention),1,4,2,1,1,1,1,0,1,1,1,1,0.6495,1,31,0,0,0.0457,9,1.3489,138.91,0,102536.05,0.0964,1,1,0,1,11,0.1687,0.0679,5,1,0
NCRB-SYNTH-102794,Trial Court,Sec 482 CrPC (Quashing),2,4,2,0,1,1,0,0,1,1,1,1,0.5323,1,67,0,0,0.088,8,1.0376,119.21,0,76271.32,0.0983,1,1,0,1,2,0.044,0.0401,2,1,0
NCRB-SYNTH-102811,Trial Court,Writ Petition (Detention),2,5,2,0,1,1,1,0,1,1,1,0,0.5256,1,158,1,1,0.0864,4,1.0783,95.58,0,121582.33,0.1555,1,1,0,1,10,0.0584,0.0244,5,1,0
NCRB-SYNTH-102822,High Court,Sec 439 CrPC (Regular Bail),1,5,2,0,1,1,0,0,1,1,1,0,0.7106,1,74,1,1,0.0613,7,1.2549,155.22,0,144222.44,0.1383,1,1,0,0,10,0.0732,0.0305,5,1,1
NCRB-SYNTH-102824,High Court,Writ Petition (Detention),7,1,1,0,1,1,0,1,1,1,1,0,0.7559,0,91,1,1,0.1495,7,1.1459,81.11,0,39950.37,0.0129,1,1,0,1,7,0.0946,0.0455,5,1,1
NCRB-SYNTH-102825,Trial Court,Sec 439 CrPC (Regular Bail),2,4,1,0,1,1,1,0,1,1,1,0,0.5705,0,60,0,0,0.1177,5,1.0709,79.28,0,136588.11,0.1204,0,0,1,1,8,0.1335,0.0608,5,1,0
NCRB-SYNTH-102834,High Court,Trial Judgment,4,3,1,0,1,1,1,0,1,1,1,1,0.6907,1,94,0,0,0.0744,2,1.1473,42.75,0,145331.05,0.1228,1,1,0,0,8,0.1222,0.0556,5,1,0
NCRB-SYNTH-102848,Trial Court,Sec 439 CrPC (Regular Bail),4,5,1,1,1,1,1,1,1,1,1,0,0.4022,0,170,1,1,0.0223,8,1.0,173.68,0,127027.92,0.1685,0,0,1,1,28,0.1657,0.0492,4,1,0
NCRB-SYNTH-102852,High Court,Sec 439 CrPC (Regular Bail),1,3,2,0,1,1,0,0,1,1,1,1,0.8951,1,73,0,0,0.0901,4,1.1869,175.26,1,117687.96,0.0009,1,1,0,1,4,0.1022,0.0635,5,1,1
NCRB-SYNTH-102857,Trial Court,Trial Judgment,21,2,1,0,1,1,1,1,1,1,1,1,0.3882,0,66,0,0,0.0627,7,1.0412,132.99,1,82029.14,0.0772,1,1,0,1,16,0.2152,0.076,4,1,0
NCRB-SYNTH-102862,Trial Court,Writ Petition (Detention),1,2,1,0,1,1,1,1,1,1,1,0,0.9617,1,113,0,0,0.0593,5,1.2019,96.63,0,43628.31,0.1406,1,1,0,1,1,0.0466,0.0672,2,1,1
NCRB-SYNTH-102869,Trial Court,Trial Judgment,2,4,2,0,1,1,1,1,1,1,1,1,0.633,0,109,0,0,0.0347,9,1.0823,39.09,0,103894.95,0.1496,1,1,0,1,3,0.0592,0.0427,2,1,0
NCRB-SYNTH-102878,Trial Court,Sec 439 CrPC (Regular Bail),4,4,2,0,1,1,1,0,1,1,1,1,0.4195,1,88,0,0,0.1475,3,1.0978,141.54,0,96838.24,0.0196,1,1,0,1,3,0.072,0.052,2,1,0
NCRB-SYNTH-102881,Trial Court,Sec 439 CrPC (Regular Bail),4,5,1,0,1,1,1,1,1,1,1,1,0.5849,1,149,0,0,0.1596,4,1.1533,128.01,0,64424.58,0.0087,1,1,0,0,3,0.0761,0.0549,2,1,0
NCRB-SYNTH-102883,High Court,Writ Petition (Detention),1,1,2,1,1,1,1,0,1,1,1,0,0.4367,1,26,0,0,0.0329,6,1.1984,45.57,0,91481.94,0.144,1,1,0,0,2,0.0449,0.0409,2,1,0
NCRB-SYNTH-102891,High Court,Sec 482 CrPC (Quashing),1,2,1,0,1,1,0,0,1,1,1,1,0.5227,1,108,0,0,0.1662,8,1.1867,147.73,0,104574.57,0.0969,0,0,1,0,3,0.0498,0.0359,2,1,0
NCRB-SYNTH-102898,Trial Court,Sec 439 CrPC (Regular Bail),2,3,2,0,1,1,1,0,1,1,1,1,0.8769,1,180,0,0,0.1346,1,1.2266,41.03,0,128071.51,0.1341,1,1,0,0,2,0.0507,0.0461,2,1,1
NCRB-SYNTH-102908,Trial Court,Sec 439 CrPC (Regular Bail),45,2,1,0,1,1,1,1,1,1,1,1,0.9547,0,112,0,1,0.1028,9,1.0949,175.14,1,145935.23,0.0289,1,1,0,1,10,0.1414,0.059,5,1,1
NCRB-SYNTH-102909,Trial Court,Sec 439 CrPC (Regular Bail),4,1,1,0,1,1,0,1,1,1,1,0,0.8823,0,98,0,0,0.078,1,1.0,118.65,0,114332.27,0.1218,1,1,0,1,25,0.1921,0.059,4,1,1
NCRB-SYNTH-102910,Trial Court,Writ Petition (Detention),1,1,2,1,1,1,1,0,1,1,1,0,0.6675,1,156,1,0,0.0874,9,1.0901,122.73,0,121404.26,0.0814,1,1,0,0,3,0.0154,0.0111,2,1,0
NCRB-SYNTH-102911,High Court,Writ Petition (Detention),2,5,1,0,1,1,1,0,1,1,1,1,0.8598,1,60,1,1,0.0577,6,1.0,170.84,0,109555.45,0.0112,1,1,0,1,8,0.1048,0.0477,5,1,1
NCRB-SYNTH-102915,Trial Court,Sec 482 CrPC (Quashing),2,3,2,0,1,1,1,0,1,1,1,1,0.4783,0,147,0,0,0.0594,3,1.1236,161.66,0,19265.94,0.1458,1,1,0,0,5,0.0941,0.0525,5,1,0
NCRB-SYNTH-102920,High Court,Writ Petition (Detention),1,4,2,0,1,1,1,0,1,1,1,1,0.7409,1,179,0,1,0.1114,7,1.0147,126.77,0,15391.72,0.0883,1,1,0,1,4,0.0828,0.0514,2,1,1
NCRB-SYNTH-102921,Trial Court,Writ Petition (Detention),4,4,1,0,1,1,1,0,1,1,1,0,0.6328,1,51,0,0,0.1015,5,1.0,49.76,0,143549.71,0.0333,0,0,1,0,41,0.0868,0.0232,4,1,0
NCRB-SYNTH-102941,Trial Court,Writ Petition (Detention),1,2,1,0,1,1,1,1,1,1,1,1,0.4443,1,115,0,1,0.1013,3,1.0,131.96,0,46050.96,0.0137,0,0,1,0,2,0.0875,0.0796,2,1,0
NCRB-SYNTH-102943,Trial Court,Writ Petition (Detention),7,1,2,0,1,1,0,1,1,1,1,0,0.719,0,62,0,0,0.0143,4,1.0,150.89,0,93215.13,0.1228,1,1,0,1,5,0.1612,0.09,5,1,1
NCRB-SYNTH-102959,Trial Court,Sec 482 CrPC (Quashing),1,5,1,0,1,1,0,1,1,1,1,0,0.3865,1,119,1,0,0.1596,7,1.0,128.14,1,58794.64,0.0812,1,1,0,0,2,0.0996,0.0907,2,1,0
NCRB-SYNTH-102962,Trial Court,Writ Petition (Detention),1,1,1,0,1,1,1,0,1,1,1,1,0.7698,1,124,0,0,0.0899,4,1.2153,97.5,0,35229.61,0.0896,1,1,0,1,5,0.2375,0.1326,5,1,1
NCRB-SYNTH-102963,High Court,Trial Judgment,1,2,2,1,1,1,1,0,1,1,1,1,0.8415,1,62,0,1,0.0,8,1.1024,142.83,1,62161.29,0.0691,0,0,1,1,4,0.1051,0.0653,5,1,1
NCRB-SYNTH-102982,Trial Court,Sec 439 CrPC (Regular Bail),2,1,1,0,1,1,1,0,1,1,1,0,0.6476,1,51,0,0,0.1538,5,1.0976,82.99,0,35644.41,0.0446,0,0,1,1,4,0.0309,0.0192,2,1,0
NCRB-SYNTH-102998,Trial Court,Sec 439 CrPC (Regular Bail),27,2,2,0,1,1,0,1,1,1,1,1,0.4737,1,100,0,1,0.1065,9,1.0163,162.06,0,33262.05,0.1331,0,0,1,1,1,0.0713,0.1028,2,1,0
NCRB-SYNTH-102999,High Court,Writ Petition (Detention),4,4,1,0,1,1,1,0,1,1,1,0,0.6664,1,164,1,1,0.0,1,1.0414,91.94,0,112751.67,0.0389,1,1,0,1,34,0.2062,0.058,4,1,0
NCRB-SYNTH-103003,Trial Court,Sec 439 CrPC (Regular Bail),1,4,2,0,1,1,0,1,1,1,1,0,0.6387,1,65,0,1,0.1152,9,1.0,169.02,0,71155.09,0.1191,1,1,0,1,33,0.0944,0.0268,4,1,0
NCRB-SYNTH-103012,High Court,Sec 482 CrPC (Quashing),1,3,2,0,1,1,1,1,1,1,1,1,0.7965,1,86,0,0,0.0409,4,1.0797,39.38,0,25167.72,0.1562,1,1,0,0,7,0.2023,0.0973,5,1,1
NCRB-SYNTH-103013,Trial Court,Trial Judgment,1,5,2,0,1,1,1,0,1,1,1,1,0.9567,1,54,0,0,0.2077,7,1.1485,120.1,0,85161.46,0.0715,0,0,1,0,4,0.0348,0.0216,2,1,1
NCRB-SYNTH-103016,Trial Court,Sec 439 CrPC (Regular Bail),4,1,2,0,1,1,1,0,1,1,1,1,0.9168,1,101,0,0,0.1176,2,1.0433,65.39,0,132113.55,0.1068,1,1,0,1,7,0.0798,0.0384,5,1,1
NCRB-SYNTH-103021,High Court,Sec 482 CrPC (Quashing),1,5,1,0,1,1,0,0,1,1,1,1,0.5247,1,39,0,1,0.091,8,1.065,84.63,1,43307.97,0.1993,1,1,0,1,21,0.1757,0.0569,4,1,0
NCRB-SYNTH-103024,High Court,Sec 439 CrPC (Regular Bail),1,4,2,0,1,1,1,1,1,1,1,1,0.5668,1,112,0,1,0.156,9,1.1331,137.08,1,47353.14,0.1178,0,0,1,1,41,0.1356,0.0363,4,1,0
NCRB-SYNTH-103035,Trial Court,Writ Petition (Detention),2,4,1,0,1,1,0,1,1,1,1,1,0.5056,0,119,0,0,0.0817,5,1.1874,111.28,0,87382.51,0.0402,1,1,0,1,6,0.1818,0.0934,5,1,0
NCRB-SYNTH-103036,Trial Court,Writ Petition (Detention),1,2,2,0,1,1,1,1,1,1,1,1,0.908,1,101,0,0,0.0801,2,1.0086,178.42,0,124927.52,0.0356,1,1,0,1,45,0.0838,0.0219,4,1,1
NCRB-SYNTH-103048,High Court,Sec 439 CrPC (Regular Bail),27,4,1,0,1,1,1,0,1,1,1,1,0.6296,1,161,0,0,0.139,2,1.0,136.32,0,31856.18,0.0411,0,0,1,1,8,0.1264,0.0575,5,1,0
NCRB-SYNTH-103050,Trial Court,Writ Petition (Detention),1,4,1,0,1,1,1,0,1,1,1,1,0.7085,1,161,0,0,0.1037,4,1.3079,145.38,1,94385.3,0.1992,1,1,0,1,4,0.0246,0.0153,2,1,1
NCRB-SYNTH-103051,Trial Court,Writ Petition (Detention),1,3,2,0,1,1,1,0,1,1,1,0,0.8565,1,89,1,1,0.0084,8,1.0,115.14,0,45869.6,0.0858,1,1,0,0,1,0.0192,0.0277,2,1,1
NCRB-SYNTH-103053,High Court,Sec 439 CrPC (Regular Bail),1,2,2,0,1,1,0,0,1,1,1,0,0.8949,1,102,1,1,0.1169,1,1.2183,50.23,1,56560.43,0.026,0,0,1,0,3,0.0815,0.0588,2,1,1
NCRB-SYNTH-103054,High Court,Writ Petition (Detention),1,2,1,0,1,1,0,0,1,1,1,1,0.8454,0,126,1,0,0.1366,2,1.0,130.06,0,49913.08,0.1758,1,1,0,0,11,0.1101,0.0443,5,1,1
NCRB-SYNTH-103061,High Court,Sec 439 CrPC (Regular Bail),4,1,2,0,1,1,1,0,1,1,1,1,0.5384,1,78,1,1,0.0656,2,1.0853,56.76,1,98146.47,0.1277,1,1,0,1,5,0.2262,0.1263,5,1,0
NCRB-SYNTH-103066,High Court,Trial Judgment,2,3,2,0,1,1,1,0,1,1,1,1,0.8544,1,123,0,0,0.0659,3,1.0816,170.36,1,131086.08,0.0332,0,0,1,0,3,0.029,0.0209,2,1,1
NCRB-SYNTH-103069,High Court,Writ Petition (Detention),2,3,2,0,1,1,0,1,1,1,1,1,0.5689,1,49,1,1,0.0619,9,1.0,146.59,0,67781.27,0.1248,0,0,1,1,9,0.1527,0.0663,5,1,0
NCRB-SYNTH-103073,High Court,Writ Petition (Detention),1,3,2,0,1,1,1,0,1,1,1,0,0.9263,1,179,0,1,0.0121,6,1.0366,55.45,0,116254.09,0.1349,1,1,0,1,6,0.1038,0.0533,5,1,1
NCRB-SYNTH-103074,High Court,Writ Petition (Detention),1,1,1,0,1,1,1,0,1,1,1,1,0.8136,1,77,1,0,0.0402,7,1.1655,54.81,0,80914.29,0.0368,1,1,0,0,4,0.0132,0.0082,2,1,1
NCRB-SYNTH-103083,Trial Court,Writ Petition (Detention),2,3,1,0,1,1,1,0,1,1,1,1,0.5054,1,64,0,0,0.0934,7,1.256,33.88,0,44862.94,0.0876,1,1,0,0,1,0.068,0.0981,2,1,0
NCRB-SYNTH-103090,Trial Court,Writ Petition (Detention),4,5,1,0,1,1,1,0,1,1,1,1,0.5215,0,46,0,0,0.0687,8,1.105,37.4,1,139772.2,0.0521,1,1,0,1,44,0.191,0.0502,4,1,0
NCRB-SYNTH-103105,High Court,Writ Petition (Detention),1,5,1,0,1,1,0,0,1,1,1,1,0.5101,1,20,0,0,0.1838,7,1.1082,89.57,0,39418.76,0.0673,1,1,0,0,4,0.0456,0.0283,2,1,0
NCRB-SYNTH-103112,High Court,Sec 482 CrPC (Quashing),1,3,1,1,1,1,0,0,1,1,1,1,0.7423,0,22,1,1,0.1335,5,1.0927,130.8,0,51264.09,0.1782,1,1,0,0,8,0.1895,0.0863,5,1,1
NCRB-SYNTH-103119,Trial Court,Writ Petition (Detention),1,3,2,0,1,1,1,0,1,1,1,1,0.6761,1,74,0,1,0.1517,4,1.1705,52.02,0,69593.0,0.0726,1,1,0,1,2,0.087,0.0792,2,1,0
NCRB-SYNTH-103120,Trial Court,Sec 439 CrPC (Regular Bail),1,3,1,0,1,1,0,1,1,1,1,0,0.7045,1,44,1,1,0.0352,4,1.0487,64.56,0,110774.74,0.0525,1,1,0,0,1,0.0883,0.1274,2,1,1
NCRB-SYNTH-103121,High Court,Sec 439 CrPC (Regular Bail),1,5,2,0,1,1,1,1,1,1,1,0,0.6089,0,26,0,0,0.0878,1,1.1966,177.76,0,58978.86,0.1048,1,1,0,0,1,0.0407,0.0587,2,1,0
NCRB-SYNTH-103122,Trial Court,Sec 439 CrPC (Regular Bail),1,1,1,0,1,1,0,0,1,1,1,1,0.562,1,30,0,0,0.0422,5,1.1916,101.12,1,79515.0,0.1039,1,1,0,0,8,0.2102,0.0957,5,1,0
NCRB-SYNTH-103135,Trial Court,Sec 482 CrPC (Quashing),1,4,2,0,1,1,1,0,1,1,1,1,0.9482,1,173,1,1,0.0806,7,1.1253,120.82,0,15021.65,0.075,1,1,0,0,1,0.0698,0.1007,2,1,1
NCRB-SYNTH-103145,High Court,Writ Petition (Detention),2,2,1,0,1,1,0,0,1,1,1,1,0.6014,1,85,0,0,0.0861,6,1.021,62.4,1,60703.98,0.0807,1,1,0,1,8,0.1013,0.0461,5,1,0
NCRB-SYNTH-103152,Supreme Court,Sec 439 CrPC (Regular Bail),2,4,1,0,1,1,0,0,1,1,1,1,0.5534,1,83,1,1,0.1852,3,1.1593,137.06,0,52485.3,0.1451,0,0,1,0,2,0.0562,0.0512,2,1,0
NCRB-SYNTH-103160,High Court,Writ Petition (Detention),1,2,1,0,1,1,1,0,1,1,1,1,0.8198,1,165,0,0,0.1639,7,1.1064,149.15,1,58427.15,0.1157,1,1,0,1,18,0.2467,0.0838,4,1,1
NCRB-SYNTH-103163,High Court,Writ Petition (Detention),1,1,1,0,1,1,0,0,1,1,1,0,0.7477,1,130,0,0,0.11,4,1.0594,113.58,0,139505.42,0.0693,1,1,0,0,16,0.2418,0.0853,4,1,1
NCRB-SYNTH-103172,Trial Court,Sec 439 CrPC (Regular Bail),1,5,2,0,1,1,1,0,1,1,1,1,0.5887,1,171,1,1,0.0716,8,1.0793,34.84,1,42945.92,0.0111,1,1,0,1,31,0.1715,0.0495,4,1,0
NCRB-SYNTH-103182,High Court,Writ Petition (Detention),1,1,2,0,1,1,1,0,1,1,1,0,0.9203,0,103,0,1,0.0765,8,1.3314,71.16,0,115211.48,0.1647,1,1,0,1,4,0.0529,0.0329,2,1,1
NCRB-SYNTH-103183,Trial Court,Writ Petition (Detention),1,5,2,0,1,1,1,1,1,1,1,0,0.8959,1,151,0,0,0.0953,7,1.1466,140.45,0,23290.55,0.0009,1,1,0,0,10,0.0794,0.0331,5,1,1
NCRB-SYNTH-103184,High Court,Sec 439 CrPC (Regular Bail),1,2,2,0,1,1,1,0,1,1,1,1,0.4466,0,56,0,0,0.0405,3,1.0,102.79,0,99975.77,0.124,1,1,0,0,4,0.0884,0.0549,2,1,0
NCRB-SYNTH-103191,Trial Court,Trial Judgment,1,2,2,0,1,1,1,0,1,1,1,1,0.5939,1,176,0,0,0.0908,4,1.0294,176.38,0,124528.41,0.036,1,1,0,1,6,0.2451,0.1259,5,1,0
NCRB-SYNTH-103194,Trial Court,Writ Petition (Detention),7,3,1,0,1,1,1,0,1,1,1,1,0.7911,0,144,0,0,0.1038,4,1.2021,65.18,0,104718.42,0.149,0,0,1,0,3,0.0593,0.0428,2,1,1
NCRB-SYNTH-103215,Trial Court,Writ Petition (Detention),1,5,2,0,1,1,0,0,1,1,1,1,0.7364,1,79,1,1,0.0688,5,1.1186,135.49,0,106526.63,0.1471,1,1,0,1,1,0.0259,0.0373,2,1,1
NCRB-SYNTH-103227,Trial Court,Sec 482 CrPC (Quashing),7,2,2,0,1,1,0,0,1,1,1,0,0.621,1,74,0,0,0.1016,1,1.211,72.31,0,124972.76,0.1045,1,1,0,1,1,0.0113,0.0163,2,1,0
NCRB-SYNTH-103230,High Court,Sec 439 CrPC (Regular Bail),2,4,1,0,1,1,0,1,1,1,1,0,0.418,0,50,1,1,0.0909,7,1.1882,139.06,0,73169.97,0.1762,1,1,0,1,2,0.0879,0.0801,2,1,0
NCRB-SYNTH-103233,High Court,Writ Petition (Detention),2,2,1,0,1,1,0,1,1,1,1,1,0.676,1,106,0,1,0.1515,8,1.2278,86.8,0,90421.3,0.1427,1,1,0,1,4,0.1276,0.0793,5,1,0
NCRB-SYNTH-103236,High Court,Sec 482 CrPC (Quashing),4,4,1,0,1,1,1,0,1,1,1,1,0.4871,0,165,0,1,0.0305,5,1.3086,127.44,0,98741.42,0.0342,1,1,0,1,1,0.0612,0.0883,2,1,0
NCRB-SYNTH-103237,High Court,Trial Judgment,1,3,2,0,1,1,0,1,1,1,1,1,0.8573,1,82,0,0,0.0872,7,1.0,151.49,1,70688.21,0.0977,1,1,0,0,9,0.0653,0.0283,5,1,1
NCRB-SYNTH-103255,Trial Court,Writ Petition (Detention),7,4,1,0,1,1,1,0,1,1,1,1,0.9109,0,23,0,0,0.0724,8,1.0061,30.94,0,17285.76,0.0568,1,1,0,0,1,0.0671,0.0968,2,1,1
NCRB-SYNTH-103258,High Court,Trial Judgment,1,5,1,0,1,1,1,0,1,1,1,1,0.6827,1,147,1,1,0.0758,7,1.1435,49.26,0,97729.74,0.1667,1,1,0,1,3,0.0471,0.034,2,1,0
NCRB-SYNTH-103261,High Court,Trial Judgment,2,5,1,0,1,1,1,0,1,1,1,0,0.4279,1,83,1,1,0.0985,3,1.1744,172.56,0,36530.22,0.1521,1,1,0,0,4,0.0735,0.0457,2,1,0
NCRB-SYNTH-103271,High Court,Writ Petition (Detention),1,1,2,0,1,1,1,1,1,1,1,1,0.8764,1,27,0,0,0.0629,5,1.2174,43.91,0,21378.54,0.0134,0,0,1,1,5,0.1,0.0558,5,1,1
NCRB-SYNTH-103279,Trial Court,Sec 439 CrPC (Regular Bail),4,5,1,0,1,1,1,1,1,1,1,1,0.842,1,57,0,0,0.0714,8,1.0,111.01,1,115594.19,0.1166,1,1,0,1,13,0.1066,0.0404,4,1,1
NCRB-SYNTH-103290,High Court,Writ Petition (Detention),2,1,2,0,1,1,0,0,1,1,1,0,0.728,1,76,0,0,0.0878,3,1.0883,122.43,0,129802.92,0.0995,0,0,1,0,4,0.0186,0.0115,2,1,1
NCRB-SYNTH-103304,High Court,Sec 439 CrPC (Regular Bail),1,4,2,0,1,1,1,0,1,1,1,1,0.752,1,115,0,0,0.0438,4,1.1538,104.52,0,124431.93,0.1991,1,1,0,0,2,0.0879,0.08,2,1,1
NCRB-SYNTH-103305,Trial Court,Sec 439 CrPC (Regular Bail),2,2,1,0,1,1,1,1,1,1,1,0,0.651,1,13,0,0,0.0848,7,1.2548,172.94,0,141074.58,0.1914,1,1,0,0,10,0.1683,0.0702,5,1,0
NCRB-SYNTH-103315,High Court,Writ Petition (Detention),1,4,1,0,1,1,0,1,1,1,1,1,0.7528,1,117,0,0,0.0674,8,1.2278,82.97,0,128775.56,0.0082,1,1,0,1,4,0.0406,0.0253,2,1,1
NCRB-SYNTH-103347,High Court,Sec 439 CrPC (Regular Bail),4,1,2,0,1,1,0,0,1,1,1,1,0.9051,1,162,1,1,0.1553,3,1.0,134.28,0,143175.82,0.0132,1,1,0,0,33,0.1145,0.0325,4,1,1
NCRB-SYNTH-103348,Trial Court,Sec 439 CrPC (Regular Bail),2,5,2,0,1,1,0,0,1,1,1,1,0.4526,1,118,0,0,0.0874,3,1.2215,37.18,0,57750.06,0.0645,0,0,1,0,13,0.1944,0.0737,4,1,0
NCRB-SYNTH-103349,High Court,Writ Petition (Detention),4,3,1,0,1,1,1,0,1,1,1,0,0.4552,1,23,0,0,0.0813,3,1.0731,70.29,1,124130.8,0.072,0,0,1,1,1,0.09,0.1298,2,1,0
NCRB-SYNTH-103350,High Court,Writ Petition (Detention),2,1,2,0,1,1,1,1,1,1,1,1,0.6238,1,172,0,0,0.0619,1,1.1728,83.1,0,64527.53,0.1194,1,1,0,0,2,0.0741,0.0674,2,1,0
NCRB-SYNTH-103351,High Court,Writ Petition (Detention),1,4,1,1,1,1,0,0,1,1,1,0,0.6444,1,87,1,0,0.1076,9,1.0655,174.08,0,102427.31,0.0941,0,0,1,1,2,0.0481,0.0438,2,1,0
NCRB-SYNTH-103362,Trial Court,Sec 482 CrPC (Quashing),1,3,1,0,1,1,1,1,1,1,1,0,0.7519,0,93,0,0,0.0574,5,1.066,138.68,0,74307.17,0.0724,1,1,0,1,5,0.0975,0.0544,5,1,1
NCRB-SYNTH-103364,High Court,Trial Judgment,1,3,1,0,1,1,0,0,1,1,1,1,0.9443,0,50,0,0,0.079,4,1.11,61.2,0,133669.4,0.1169,1,1,0,1,2,0.0946,0.0861,2,1,1
NCRB-SYNTH-103367,Trial Court,Sec 439 CrPC (Regular Bail),1,4,2,1,1,1,0,0,1,1,1,1,0.8987,1,117,0,0,0.0866,7,1.2086,171.12,0,69687.2,0.0238,1,1,0,1,27,0.2713,0.0814,4,1,1
NCRB-SYNTH-103368,Trial Court,Sec 482 CrPC (Quashing),7,4,2,0,1,1,1,0,1,1,1,1,0.4164,1,137,0,0,0.0447,6,1.0799,83.1,0,109755.51,0.0048,1,1,0,1,4,0.1547,0.0961,5,1,0
NCRB-SYNTH-103371,High Court,Sec 482 CrPC (Quashing),7,2,1,0,1,1,1,0,1,1,1,1,0.7408,0,71,0,1,0.1754,8,1.1562,125.03,0,26595.1,0.0718,1,1,0,0,1,0.0588,0.0848,2,1,1
NCRB-SYNTH-103373,High Court,Writ Petition (Detention),7,3,2,0,1,1,1,0,1,1,1,1,0.5576,1,157,0,0,0.0293,6,1.1751,151.46,1,64679.78,0.0296,1,1,0,1,18,0.1108,0.0376,4,1,0
NCRB-SYNTH-103384,High Court,Writ Petition (Detention),1,5,2,0,1,1,0,0,1,1,1,1,0.917,1,139,0,0,0.0404,8,1.2856,89.15,0,65786.31,0.1175,0,0,1,1,2,0.0481,0.0438,2,1,1
NCRB-SYNTH-103387,Trial Court,Sec 482 CrPC (Quashing),1,1,2,0,1,1,1,0,1,1,1,1,0.6408,1,64,0,0,0.1167,3,1.2378,69.8,1,83326.88,0.0256,1,1,0,1,15,0.102,0.0368,4,1,0
NCRB-SYNTH-103391,Trial Court,Sec 482 CrPC (Quashing),1,4,2,0,1,1,1,1,1,1,1,1,0.6717,1,175,0,0,0.0914,2,1.0171,88.94,0,145609.83,0.1381,1,1,0,1,1,0.0482,0.0695,2,1,0
NCRB-SYNTH-103394,High Court,Sec 482 CrPC (Quashing),1,1,2,0,1,1,1,1,1,1,1,1,0.908,1,117,1,1,0.1086,9,1.0,127.73,0,106091.38,0.0461,1,1,0,0,8,0.1566,0.0713,5,1,1
NCRB-SYNTH-103399,Trial Court,Trial Judgment,15,3,1,0,1,1,0,0,1,1,1,1,0.8891,0,133,0,0,0.0534,3,1.0931,150.71,1,95715.39,0.1586,0,0,1,1,2,0.0488,0.0444,2,1,1
NCRB-SYNTH-103404,High Court,Sec 439 CrPC (Regular Bail),1,3,1,0,1,1,1,1,1,1,1,0,0.6334,1,121,0,1,0.1565,2,1.1716,80.13,0,138003.04,0.1635,1,1,0,1,1,0.0247,0.0356,2,1,0
NCRB-SYNTH-103409,High Court,Sec 439 CrPC (Regular Bail),1,1,1,0,1,1,0,0,1,1,1,1,0.5889,1,118,1,1,0.0901,6,1.0,140.37,0,90412.64,0.0294,1,1,0,1,2,0.0743,0.0676,2,1,0
NCRB-SYNTH-103417,High Court,Writ Petition (Detention),7,3,2,1,1,1,1,0,1,1,1,1,0.8677,0,25,0,0,0.0903,1,1.2349,166.45,0,78437.19,0.1377,0,0,1,0,4,0.0198,0.0123,2,1,1
NCRB-SYNTH-103419,Trial Court,Trial Judgment,7,3,2,0,1,1,1,0,1,1,1,0,0.882,0,110,0,0,0.0886,1,1.0,47.93,0,123100.1,0.0045,1,1,0,0,3,0.0263,0.019,2,1,1
NCRB-SYNTH-103437,High Court,Sec 439 CrPC (Regular Bail),4,1,2,0,1,1,0,1,1,1,1,1,0.4382,1,105,0,0,0.1528,2,1.1312,160.89,1,110059.32,0.0841,1,1,0,1,21,0.1218,0.0394,4,1,0
NCRB-SYNTH-103441,High Court,Sec 439 CrPC (Regular Bail),1,3,2,0,1,1,0,1,1,1,1,1,0.5955,1,49,0,0,0.1618,6,1.0223,89.6,1,75370.07,0.061,1,1,0,0,4,0.0158,0.0098,2,1,0
NCRB-SYNTH-103443,Trial Court,Sec 482 CrPC (Quashing),4,1,2,0,1,1,0,0,1,1,1,1,0.8419,0,61,0,0,0.1177,9,1.0,117.26,1,29232.58,0.1278,0,0,1,1,6,0.1617,0.0831,5,1,1
NCRB-SYNTH-103461,Trial Court,Sec 482 CrPC (Quashing),1,5,1,1,1,1,1,0,1,1,1,1,0.7169,1,68,0,0,0.004,4,1.0,124.91,1,63658.37,0.1097,1,1,0,1,7,0.1545,0.0743,5,1,1
NCRB-SYNTH-103483,Trial Court,Sec 482 CrPC (Quashing),1,2,2,0,1,1,1,0,1,1,1,1,0.5823,1,84,0,1,0.0121,5,1.2215,132.05,0,103344.17,0.0461,1,1,0,0,4,0.0942,0.0585,2,1,0
NCRB-SYNTH-103496,Trial Court,Writ Petition (Detention),1,2,1,0,1,1,1,1,1,1,1,0,0.58,1,159,0,0,0.0681,8,1.0695,70.97,0,126435.56,0.1267,1,1,0,1,6,0.1432,0.0736,5,1,0
NCRB-SYNTH-103501,High Court,Sec 439 CrPC (Regular Bail),15,3,1,0,1,1,1,1,1,1,1,0,0.6031,1,108,0,0,0.1823,1,1.0,149.8,0,66665.11,0.067,1,1,0,0,45,0.2101,0.0549,4,1,0
NCRB-SYNTH-103511,High Court,Trial Judgment,2,4,1,0,1,1,1,0,1,1,1,1,0.6568,1,94,0,1,0.0618,2,1.2653,100.04,1,67909.65,0.0941,1,1,0,0,11,0.1163,0.0468,5,1,0
NCRB-SYNTH-103520,Supreme Court,Writ Petition (Detention),1,5,1,0,1,1,0,1,1,1,1,1,0.5384,0,78,0,0,0.0609,2,1.1625,103.3,1,104742.32,0.0453,1,1,0,1,5,0.0647,0.0361,5,1,0
NCRB-SYNTH-103521,Trial Court,Writ Petition (Detention),2,1,2,0,1,1,0,0,1,1,1,1,0.4571,0,61,1,1,0.1643,9,1.1852,89.51,0,87316.75,0.1691,1,1,0,1,10,0.2102,0.0876,5,1,0
NCRB-SYNTH-103523,High Court,Sec 439 CrPC (Regular Bail),4,2,1,0,1,1,0,0,1,1,1,1,0.744,0,171,0,0,0.0885,2,1.0,173.74,1,142229.06,0.1812,1,1,0,1,3,0.0589,0.0425,2,1,1
NCRB-SYNTH-103531,Trial Court,Writ Petition (Detention),2,4,1,0,1,1,0,0,1,1,1,0,0.9211,1,33,0,0,0.0181,8,1.1726,163.26,1,143122.06,0.0835,1,1,0,1,4,0.0443,0.0275,2,1,1
NCRB-SYNTH-103533,High Court,Sec 439 CrPC (Regular Bail),1,5,1,0,1,1,0,0,1,1,1,1,0.9073,1,70,1,1,0.0398,6,1.0873,171.49,0,120450.58,0.1699,1,1,0,1,21,0.2696,0.0872,4,1,1
NCRB-SYNTH-103534,High Court,Sec 439 CrPC (Regular Bail),15,3,2,0,1,1,0,0,1,1,1,0,0.4649,1,34,1,1,0.0863,3,1.1627,50.63,0,87606.89,0.0755,1,1,0,1,2,0.0805,0.0733,2,1,0
NCRB-SYNTH-103535,High Court,Writ Petition (Detention),2,1,1,0,1,1,1,0,1,1,1,1,0.7256,1,165,1,1,0.1404,6,1.0,74.87,0,140564.86,0.1483,1,1,0,0,4,0.0791,0.0491,5,1,1
NCRB-SYNTH-103537,High Court,Sec 439 CrPC (Regular Bail),1,4,1,0,1,1,1,1,1,1,1,1,0.6318,1,36,0,1,0.0978,3,1.1509,69.14,1,149674.46,0.1447,1,1,0,0,5,0.1113,0.0621,5,1,0
NCRB-SYNTH-103541,High Court,Sec 482 CrPC (Quashing),2,5,1,0,1,1,1,0,1,1,1,1,0.5699,1,119,1,1,0.0377,1,1.0,71.37,1,43614.13,0.1035,1,1,0,1,5,0.1358,0.0758,5,1,0
NCRB-SYNTH-103544,High Court,Sec 439 CrPC (Regular Bail),1,1,2,0,1,1,0,0,1,1,1,1,0.7176,1,42,0,0,0.0658,9,1.0377,80.64,0,107670.23,0.175,1,1,0,1,4,0.0325,0.0202,2,1,1
NCRB-SYNTH-103549,High Court,Sec 439 CrPC (Regular Bail),27,5,1,0,1,1,0,1,1,1,1,1,0.641,1,103,0,0,0.064,8,1.0,131.91,1,140550.48,0.1855,1,1,0,0,16,0.2652,0.0936,4,1,0
NCRB-SYNTH-103557,Trial Court,Sec 439 CrPC (Regular Bail),7,1,2,0,1,1,0,0,1,1,1,0,0.4136,1,119,0,0,0.0019,1,1.0686,69.32,0,74701.88,0.1163,1,1,0,1,3,0.0767,0.0553,2,1,0
NCRB-SYNTH-103561,High Court,Writ Petition (Detention),1,1,1,0,1,1,1,1,1,1,1,0,0.5429,1,60,0,0,0.0429,1,1.2338,33.88,0,101267.88,0.0532,1,1,0,1,11,0.1685,0.0678,5,1,0
NCRB-SYNTH-103571,High Court,Writ Petition (Detention),45,4,2,0,1,1,1,1,1,1,1,1,0.4749,1,79,1,0,0.0469,6,1.0639,52.81,1,124722.19,0.1822,1,1,0,0,11,0.0883,0.0356,5,1,0
NCRB-SYNTH-103586,Trial Court,Writ Petition (Detention),2,2,2,0,1,1,0,0,1,1,1,1,0.4986,1,37,1,0,0.058,5,1.0244,178.29,0,53748.7,0.1033,1,1,0,1,3,0.0213,0.0153,2,1,0
NCRB-SYNTH-103597,Trial Court,Sec 482 CrPC (Quashing),7,3,1,0,1,1,0,0,1,1,1,0,0.8542,1,176,0,1,0.0569,7,1.1826,58.7,0,75821.55,0.0318,1,1,0,0,8,0.1411,0.0642,5,1,1
NCRB-SYNTH-103604,High Court,Sec 439 CrPC (Regular Bail),1,3,2,0,1,1,1,1,1,1,1,0,0.6893,1,26,1,1,0.0764,7,1.2286,85.01,1,64979.98,0.0323,1,1,0,0,30,0.182,0.053,4,1,0
NCRB-SYNTH-103605,Trial Court,Sec 482 CrPC (Quashing),1,5,2,0,1,1,1,0,1,1,1,1,0.9751,0,156,0,0,0.1029,9,1.1453,72.95,0,141384.56,0.1595,0,0,1,1,3,0.0568,0.041,2,1,1
NCRB-SYNTH-103608,Trial Court,Sec 439 CrPC (Regular Bail),1,5,2,0,1,1,0,0,1,1,1,1,0.6158,0,112,0,1,0.1295,4,1.3166,120.81,1,46543.92,0.134,1,1,0,0,3,0.0705,0.0508,2,1,0
NCRB-SYNTH-103622,High Court,Writ Petition (Detention),1,3,2,0,1,1,0,0,1,1,1,0,0.8653,1,26,0,0,0.0533,7,1.1746,67.49,0,61702.21,0.1155,1,1,0,0,7,0.2164,0.104,5,1,1
NCRB-SYNTH-103623,High Court,Writ Petition (Detention),2,5,1,0,1,1,1,0,1,1,1,1,0.4935,0,37,0,0,0.1047,1,1.0277,57.4,0,41235.51,0.1322,1,1,0,0,7,0.0779,0.0375,5,1,0
NCRB-SYNTH-103625,High Court,Sec 439 CrPC (Regular Bail),1,4,1,0,1,1,0,1,1,1,1,1,0.4812,1,30,1,1,0.0756,5,1.2478,154.65,1,122146.56,0.1639,1,1,0,0,2,0.06,0.0546,2,1,0
NCRB-SYNTH-103626,Trial Court,Sec 482 CrPC (Quashing),4,2,1,0,1,1,1,1,1,1,1,1,0.6821,1,110,1,1,0.0541,1,1.1816,141.16,0,98345.28,0.0506,1,1,0,0,8,0.2172,0.0989,5,1,0
NCRB-SYNTH-103639,Trial Court,Sec 439 CrPC (Regular Bail),1,2,2,0,1,1,0,0,1,1,1,1,0.9022,1,144,0,0,0.1039,9,1.211,175.99,0,17344.03,0.0261,1,1,0,1,3,0.0226,0.0163,2,1,1
NCRB-SYNTH-103640,Trial Court,Writ Petition (Detention),1,1,1,0,1,1,1,0,1,1,1,0,0.8802,1,112,1,1,0.097,6,1.0,67.54,0,88188.17,0.029,0,0,1,1,10,0.1262,0.0526,5,1,1
NCRB-SYNTH-103641,Trial Court,Trial Judgment,1,1,1,0,1,1,0,1,1,1,1,0,0.9111,0,122,0,0,0.1149,8,1.0,108.3,1,86895.94,0.041,1,1,0,1,3,0.0801,0.0578,2,1,1
NCRB-SYNTH-103656,Trial Court,Sec 482 CrPC (Quashing),2,3,1,0,1,1,0,0,1,1,1,0,0.6921,1,166,1,1,0.1237,7,1.0897,136.64,0,108105.86,0.0568,1,1,0,1,15,0.2673,0.0964,4,1,0
NCRB-SYNTH-103657,High Court,Sec 439 CrPC (Regular Bail),2,4,2,0,1,1,1,1,1,1,1,0,0.808,1,49,0,1,0.1178,2,1.0871,162.66,0,64222.96,0.1676,0,0,1,1,12,0.1173,0.0457,4,1,1
NCRB-SYNTH-103671,Trial Court,Writ Petition (Detention),1,1,2,0,1,1,0,1,1,1,1,1,0.6659,1,34,1,0,0.0993,4,1.0122,87.42,0,55908.63,0.1123,1,1,0,1,14,0.1319,0.0487,4,1,0
NCRB-SYNTH-103676,Trial Court,Sec 482 CrPC (Quashing),45,4,1,0,1,1,0,0,1,1,1,0,0.7304,1,96,1,1,0.0782,8,1.1856,102.28,0,44407.71,0.1431,1,1,0,1,3,0.0437,0.0316,2,1,1
NCRB-SYNTH-103684,Trial Court,Trial Judgment,7,5,2,0,1,1,1,0,1,1,1,1,0.6419,1,81,1,1,0.0555,9,1.0,96.01,0,114434.84,0.1961,0,0,1,0,5,0.1559,0.087,5,1,0
NCRB-SYNTH-103694,Trial Court,Sec 439 CrPC (Regular Bail),45,3,2,0,1,1,1,1,1,1,1,0,0.6238,0,141,1,1,0.0878,5,1.0,148.33,1,91099.15,0.116,1,1,0,1,45,0.2993,0.0782,4,1,0
NCRB-SYNTH-103695,Trial Court,Writ Petition (Detention),1,5,2,0,1,1,1,0,1,1,1,1,0.5779,0,33,1,1,0.1299,3,1.0806,139.56,0,62063.41,0.1494,1,1,0,1,18,0.2861,0.0972,4,1,0
NCRB-SYNTH-103700,Trial Court,Writ Petition (Detention),1,3,1,0,1,1,0,0,1,1,1,1,0.8269,1,74,1,1,0.0717,9,1.0177,146.28,0,99100.43,0.057,1,1,0,1,11,0.2068,0.0832,5,1,1
NCRB-SYNTH-103703,High Court,Sec 482 CrPC (Quashing),2,3,1,0,1,1,0,1,1,1,1,1,0.9419,1,24,0,0,0.09,4,1.1441,112.61,0,100475.24,0.0174,1,1,0,1,7,0.1053,0.0506,5,1,1
NCRB-SYNTH-103708,Trial Court,Writ Petition (Detention),4,1,1,0,1,1,0,1,1,1,1,0,0.7491,1,43,1,0,0.0979,9,1.1543,99.33,0,91721.3,0.0691,0,0,1,0,22,0.1998,0.0637,4,1,1
NCRB-SYNTH-103709,Trial Court,Sec 439 CrPC (Regular Bail),2,1,2,1,1,1,1,0,1,1,1,1,0.9326,1,73,1,1,0.0152,7,1.1337,105.66,0,67915.41,0.198,1,1,0,1,3,0.0607,0.0438,2,1,1
NCRB-SYNTH-103716,Trial Court,Writ Petition (Detention),1,1,2,1,1,1,0,1,1,1,1,1,0.8363,1,26,1,1,0.1945,2,1.0,145.79,0,89211.52,0.0871,1,1,0,0,2,0.0506,0.0461,2,1,1
NCRB-SYNTH-103717,Trial Court,Writ Petition (Detention),1,4,1,0,1,1,0,0,1,1,1,1,0.6373,1,112,1,1,0.087,6,1.1254,85.13,1,63033.49,0.1906,1,1,0,0,4,0.0627,0.0389,2,1,0
NCRB-SYNTH-103720,Trial Court,Sec 439 CrPC (Regular Bail),27,3,2,0,1,1,1,0,1,1,1,0,0.9061,1,96,0,0,0.1874,1,1.0792,118.14,0,18197.02,0.0337,1,1,0,0,7,0.0696,0.0335,5,1,1
NCRB-SYNTH-103721,Trial Court,Sec 482 CrPC (Quashing),4,4,2,0,1,1,0,1,1,1,1,1,0.9172,1,177,0,0,0.1475,1,1.1125,99.85,0,93440.61,0.0667,1,1,0,1,14,0.2419,0.0893,4,1,1
NCRB-SYNTH-103735,Trial Court,Sec 439 CrPC (Regular Bail),1,3,2,0,1,1,1,0,1,1,1,1,0.9683,1,53,0,0,0.111,5,1.2954,58.2,0,121973.79,0.1796,1,1,0,1,11,0.2085,0.0839,5,1,1
NCRB-SYNTH-103746,High Court,Trial Judgment,1,4,1,0,1,1,0,1,1,1,1,1,0.5272,1,26,0,0,0.1542,3,1.1948,170.26,1,48298.65,0.0628,1,1,0,1,42,0.1602,0.0426,4,1,0
NCRB-SYNTH-103753,Trial Court,Writ Petition (Detention),1,1,1,0,1,1,0,1,1,1,1,1,0.8074,1,43,1,1,0.074,4,1.1654,131.18,1,84564.56,0.067,1,1,0,1,12,0.1061,0.0414,4,1,1
NCRB-SYNTH-103755,Trial Court,Sec 439 CrPC (Regular Bail),4,5,2,1,1,1,0,0,1,1,1,1,0.9623,1,102,0,1,0.1381,4,1.0,97.11,0,79360.48,0.0745,1,1,0,1,4,0.0705,0.0438,2,1,1
NCRB-SYNTH-103758,Trial Court,Writ Petition (Detention),7,1,2,0,1,1,0,0,1,1,1,1,0.8457,1,38,0,0,0.0987,6,1.1977,115.72,1,128009.25,0.0936,1,1,0,0,1,0.0967,0.1394,2,1,1
NCRB-SYNTH-103764,Trial Court,Sec 482 CrPC (Quashing),1,1,1,0,1,1,1,0,1,1,1,1,0.9198,1,44,1,1,0.0072,3,1.0,94.88,0,24002.86,0.0811,1,1,0,1,9,0.2349,0.102,5,1,1
NCRB-SYNTH-103766,Trial Court,Writ Petition (Detention),2,4,1,0,1,1,1,1,1,1,1,1,0.7891,1,30,0,0,0.1505,5,1.1265,63.29,0,99777.6,0.0827,1,1,0,1,4,0.0157,0.0097,2,1,1
NCRB-SYNTH-103773,Trial Court,Writ Petition (Detention),1,3,2,0,1,1,0,1,1,1,1,1,0.6206,1,177,0,0,0.077,8,1.0089,170.28,0,115343.57,0.1853,0,0,1,1,9,0.0793,0.0345,5,1,0
NCRB-SYNTH-103782,Trial Court,Writ Petition (Detention),1,4,2,0,1,1,0,1,1,1,1,1,0.4676,1,27,0,0,0.0818,1,1.0,86.12,0,39440.02,0.0711,1,1,0,0,25,0.0936,0.0287,4,1,0
NCRB-SYNTH-103791,Trial Court,Writ Petition (Detention),4,1,1,0,1,1,0,1,1,1,1,1,0.4903,1,160,1,0,0.0259,7,1.128,105.78,0,136226.91,0.0883,0,0,1,0,4,0.0317,0.0197,2,1,0
NCRB-SYNTH-103801,Trial Court,Sec 439 CrPC (Regular Bail),2,5,2,0,1,1,1,1,1,1,1,1,0.3961,1,42,0,0,0.1367,6,1.0,30.56,1,118713.96,0.1606,0,0,1,1,6,0.1997,0.1026,5,1,0
NCRB-SYNTH-103805,Trial Court,Sec 439 CrPC (Regular Bail),1,1,2,0,1,1,0,0,1,1,1,0,0.7299,1,117,0,0,0.0634,7,1.0542,100.99,1,144175.56,0.1177,1,1,0,0,45,0.1452,0.0379,4,1,1
NCRB-SYNTH-103808,Trial Court,Trial Judgment,1,1,2,0,1,1,1,0,1,1,1,1,0.4942,1,55,1,1,0.0162,5,1.1948,151.51,0,32189.07,0.1369,1,1,0,1,8,0.2174,0.0989,5,1,0
NCRB-SYNTH-103813,High Court,Sec 482 CrPC (Quashing),1,3,1,0,1,1,1,1,1,1,1,0,0.7848,1,94,0,0,0.1165,7,1.0485,153.06,0,90079.98,0.0029,1,1,0,1,2,0.0957,0.0872,2,1,1
NCRB-SYNTH-103815,High Court,Writ Petition (Detention),2,3,2,0,1,1,1,0,1,1,1,1,0.4545,1,45,0,0,0.0447,2,1.0379,162.21,1,75775.38,0.0686,1,1,0,0,8,0.0998,0.0454,5,1,0
NCRB-SYNTH-103824,High Court,Writ Petition (Detention),2,3,1,0,1,1,1,0,1,1,1,0,0.8467,1,127,1,1,0.1048,8,1.2414,154.72,0,94096.0,0.1805,1,1,0,1,20,0.2562,0.0842,4,1,1
NCRB-SYNTH-103825,High Court,Writ Petition (Detention),15,1,1,0,1,1,0,0,1,1,1,1,0.9124,1,32,0,0,0.0034,9,1.0752,73.53,0,121740.48,0.001,1,1,0,1,31,0.3167,0.0914,4,1,1
NCRB-SYNTH-103830,High Court,Writ Petition (Detention),2,4,2,1,1,1,1,0,1,1,1,0,0.6769,0,175,0,0,0.0964,8,1.2655,148.39,0,49978.27,0.1678,0,0,1,1,2,0.0369,0.0336,2,1,0
NCRB-SYNTH-103836,High Court,Sec 439 CrPC (Regular Bail),1,3,2,0,1,1,1,1,1,1,1,1,0.5072,0,123,0,0,0.0705,8,1.1105,131.94,0,68510.16,0.1572,1,1,0,1,6,0.2233,0.1148,5,1,0
NCRB-SYNTH-103864,High Court,Sec 482 CrPC (Quashing),1,4,1,0,1,1,0,1,1,1,1,1,0.5426,1,51,1,1,0.0559,8,1.2923,150.12,0,60188.05,0.0837,1,1,0,1,2,0.0803,0.0731,2,1,0
NCRB-SYNTH-103880,Trial Court,Writ Petition (Detention),1,3,1,0,1,1,1,0,1,1,1,0,0.887,1,120,0,0,0.1473,3,1.0921,110.08,0,29681.67,0.0354,1,1,0,1,3,0.0406,0.0293,2,1,1
NCRB-SYNTH-103884,Trial Court,Writ Petition (Detention),1,4,1,0,1,1,1,0,1,1,1,1,0.588,1,104,1,1,0.0086,5,1.0256,157.11,0,121156.56,0.1378,1,1,0,1,4,0.0799,0.0496,2,1,0
NCRB-SYNTH-103904,High Court,Writ Petition (Detention),4,1,1,1,1,1,0,0,1,1,1,1,0.7387,1,32,1,0,0.1295,4,1.0,117.68,0,134108.46,0.1807,0,0,1,1,28,0.2851,0.0847,4,1,1
NCRB-SYNTH-103908,Supreme Court,Writ Petition (Detention),7,5,1,0,1,1,0,0,1,1,1,1,0.5099,1,39,1,1,0.0846,1,1.1492,68.94,1,22787.75,0.1799,1,1,0,0,1,0.084,0.1212,2,1,0
NCRB-SYNTH-103910,Trial Court,Writ Petition (Detention),7,5,2,0,1,1,0,0,1,1,1,1,0.9139,0,120,0,0,0.0538,1,1.1379,137.36,0,125505.91,0.1566,0,0,1,0,25,0.1901,0.0583,4,1,1
NCRB-SYNTH-103912,High Court,Sec 439 CrPC (Regular Bail),1,2,1,0,1,1,1,1,1,1,1,1,0.7565,1,87,0,0,0.0252,3,1.2828,149.61,1,45913.38,0.089,1,1,0,1,2,0.033,0.03,2,1,1
NCRB-SYNTH-103918,Trial Court,Writ Petition (Detention),1,5,1,0,1,1,1,1,1,1,1,0,0.5694,1,50,0,0,0.059,7,1.1932,30.1,1,44888.81,0.1517,1,1,0,1,5,0.2102,0.1173,5,1,0
NCRB-SYNTH-103924,Trial Court,Sec 439 CrPC (Regular Bail),21,3,2,0,1,1,1,0,1,1,1,1,0.6665,1,25,1,0,0.1442,7,1.0,176.79,1,77906.91,0.1944,1,1,0,1,8,0.1677,0.0763,5,1,0
NCRB-SYNTH-103934,Trial Court,Writ Petition (Detention),21,3,1,0,1,1,1,0,1,1,1,1,0.4497,1,113,0,0,0.0308,1,1.2195,105.74,0,98981.02,0.004,1,1,0,1,2,0.0756,0.0688,2,1,0
NCRB-SYNTH-103935,Trial Court,Writ Petition (Detention),1,2,2,0,1,1,1,0,1,1,1,1,0.4224,1,43,0,0,0.0715,5,1.1547,164.01,0,43781.53,0.1672,1,1,0,0,1,0.0827,0.1194,2,1,0
NCRB-SYNTH-103950,Trial Court,Sec 439 CrPC (Regular Bail),2,2,1,0,1,1,1,0,1,1,1,0,0.7362,1,84,0,1,0.0705,7,1.0004,36.81,0,103131.06,0.1414,1,1,0,0,13,0.2475,0.0938,4,1,1
NCRB-SYNTH-103955,High Court,Sec 482 CrPC (Quashing),21,2,2,0,1,1,0,0,1,1,1,1,0.743,1,165,0,0,0.0,4,1.0,91.74,0,48463.32,0.0189,1,1,0,1,2,0.097,0.0883,2,1,1
NCRB-SYNTH-103967,High Court,Writ Petition (Detention),1,5,2,0,1,1,1,0,1,1,1,1,0.7438,1,162,0,0,0.1252,3,1.1448,162.9,0,45874.73,0.1562,1,1,0,0,2,0.0404,0.0368,2,1,1
NCRB-SYNTH-103973,High Court,Sec 439 CrPC (Regular Bail),2,4,2,0,1,1,1,0,1,1,1,1,0.5936,1,59,1,1,0.0462,4,1.1852,127.11,1,63557.88,0.1405,0,0,1,1,9,0.2097,0.0911,5,1,0
NCRB-SYNTH-103975,Trial Court,Writ Petition (Detention),7,2,1,0,1,1,0,1,1,1,1,0,0.3824,1,115,0,0,0.1399,3,1.1008,31.55,1,105509.76,0.0829,1,1,0,1,1,0.0521,0.0751,2,1,0
NCRB-SYNTH-103983,High Court,Writ Petition (Detention),1,4,1,0,1,1,1,0,1,1,1,1,0.7246,1,159,1,1,0.0655,1,1.1082,153.6,0,86999.41,0.1548,0,0,1,1,38,0.1976,0.0539,4,1,1
NCRB-SYNTH-103984,Trial Court,Sec 439 CrPC (Regular Bail),21,3,1,0,1,1,0,0,1,1,1,1,0.3507,1,99,1,1,0.0259,1,1.2229,156.83,1,15466.88,0.1177,0,0,1,0,2,0.0921,0.0838,2,1,0
NCRB-SYNTH-103989,Trial Court,Sec 439 CrPC (Regular Bail),1,3,2,1,1,1,1,1,1,1,1,1,0.347,1,167,1,1,0.1131,9,1.04,163.67,0,56272.91,0.1247,1,1,0,0,7,0.0909,0.0437,5,1,0
NCRB-SYNTH-103992,High Court,Writ Petition (Detention),2,2,1,0,1,1,1,0,1,1,1,1,0.4441,1,74,1,1,0.0652,8,1.0,72.93,1,111897.91,0.139,1,1,0,1,11,0.1023,0.0412,5,1,0
NCRB-SYNTH-103997,Trial Court,Writ Petition (Detention),1,3,1,0,1,1,1,1,1,1,1,1,0.6463,1,96,1,1,0.0636,4,1.1286,38.39,0,63663.45,0.0754,1,1,0,1,4,0.099,0.0615,5,1,0
NCRB-SYNTH-104006,Trial Court,Sec 439 CrPC (Regular Bail),1,3,1,0,1,1,1,1,1,1,1,1,0.8135,1,60,0,0,0.0339,9,1.0,133.39,0,146165.78,0.1268,1,1,0,1,8,0.1478,0.0673,5,1,1
NCRB-SYNTH-104016,Trial Court,Writ Petition (Detention),4,5,1,0,1,1,0,1,1,1,1,0,0.679,1,172,0,1,0.0142,8,1.1474,105.57,0,90403.78,0.162,1,1,0,0,9,0.1996,0.0867,5,1,0
NCRB-SYNTH-104019,High Court,Writ Petition (Detention),2,4,1,0,1,1,1,1,1,1,1,1,0.8146,1,56,1,0,0.1067,1,1.0806,177.23,0,130998.09,0.1509,1,1,0,0,4,0.0244,0.0152,2,1,1
NCRB-SYNTH-104020,Trial Court,Sec 482 CrPC (Quashing),2,1,2,0,1,1,0,1,1,1,1,0,0.7865,1,135,1,0,0.0927,5,1.113,147.45,1,91176.03,0.0293,1,1,0,1,33,0.2347,0.0666,4,1,1
NCRB-SYNTH-104022,High Court,Trial Judgment,4,2,1,0,1,1,1,0,1,1,1,0,0.8126,1,45,1,1,0.1492,7,1.0,124.21,0,82195.31,0.1474,1,1,0,0,4,0.0634,0.0394,2,1,1
NCRB-SYNTH-104032,High Court,Writ Petition (Detention),2,5,1,0,1,1,0,1,1,1,1,0,0.3974,1,137,0,0,0.0697,1,1.0,103.24,0,132056.11,0.1953,1,1,0,0,5,0.0964,0.0538,5,1,0
NCRB-SYNTH-104042,High Court,Sec 439 CrPC (Regular Bail),4,5,2,0,1,1,0,0,1,1,1,1,0.9042,1,95,0,0,0.1087,4,1.1545,80.71,1,16006.95,0.1989,0,0,1,1,40,0.0893,0.024,4,1,1
NCRB-SYNTH-104047,High Court,Sec 482 CrPC (Quashing),2,4,1,0,1,1,1,0,1,1,1,1,0.5518,0,57,1,1,0.0916,3,1.1718,108.92,0,136409.37,0.0703,0,0,1,0,3,0.0933,0.0673,2,1,0
NCRB-SYNTH-104050,Trial Court,Sec 482 CrPC (Quashing),1,3,1,0,1,1,1,1,1,1,1,1,0.6034,1,155,1,0,0.0779,6,1.1782,85.4,1,148724.1,0.0505,1,1,0,1,2,0.0796,0.0724,2,1,0
NCRB-SYNTH-104061,Trial Court,Sec 439 CrPC (Regular Bail),1,3,1,0,1,1,1,0,1,1,1,0,0.8305,1,38,1,1,0.1662,6,1.274,82.18,0,54481.39,0.0925,0,0,1,1,4,0.0813,0.0505,2,1,1
NCRB-SYNTH-104062,Trial Court,Trial Judgment,7,1,2,0,1,1,1,0,1,1,1,1,0.5288,1,66,0,1,0.077,5,1.2447,102.04,0,145852.28,0.1649,1,1,0,1,3,0.071,0.0512,2,1,0
NCRB-SYNTH-104064,Trial Court,Writ Petition (Detention),2,2,1,0,1,1,0,0,1,1,1,1,0.9298,1,141,0,0,0.0667,3,1.0866,94.4,0,94114.5,0.016,1,1,0,1,3,0.0484,0.0349,2,1,1
NCRB-SYNTH-104071,High Court,Writ Petition (Detention),2,5,2,0,1,1,0,1,1,1,1,1,0.3939,1,110,0,0,0.0469,7,1.1971,52.95,0,65381.71,0.1468,1,1,0,1,4,0.0743,0.0462,2,1,0
NCRB-SYNTH-104078,Trial Court,Trial Judgment,1,2,2,1,1,1,1,1,1,1,1,0,0.6491,1,54,0,1,0.0172,1,1.365,50.2,0,78569.74,0.0606,1,1,0,1,4,0.2285,0.142,5,1,0
NCRB-SYNTH-104080,Trial Court,Sec 439 CrPC (Regular Bail),1,1,2,0,1,1,1,0,1,1,1,0,0.9569,1,64,0,1,0.1205,4,1.202,86.54,0,51031.38,0.125,1,1,0,0,3,0.0385,0.0278,2,1,1
NCRB-SYNTH-104082,High Court,Sec 482 CrPC (Quashing),1,3,2,0,1,1,1,0,1,1,1,1,0.6895,1,144,0,0,0.1313,6,1.0,90.17,0,142715.4,0.1846,1,1,0,1,10,0.1511,0.063,5,1,0
NCRB-SYNTH-104085,High Court,Sec 482 CrPC (Quashing),1,3,2,0,1,1,1,0,1,1,1,0,0.416,1,31,0,0,0.0311,3,1.2516,37.23,1,124401.42,0.1606,0,0,1,1,6,0.2109,0.1084,5,1,0
NCRB-SYNTH-104092,High Court,Sec 439 CrPC (Regular Bail),1,4,2,0,1,1,0,0,1,1,1,0,0.3913,1,49,1,1,0.1063,6,1.2275,129.99,0,20124.99,0.089,0,0,1,0,38,0.0889,0.0243,4,1,0
NCRB-SYNTH-104095,High Court,Sec 439 CrPC (Regular Bail),7,3,1,0,1,1,0,0,1,1,1,0,0.8758,0,82,0,0,0.0485,9,1.0358,40.21,0,21479.42,0.0007,1,1,0,1,4,0.0195,0.0121,2,1,1
NCRB-SYNTH-104099,High Court,Trial Judgment,4,2,1,0,1,1,0,1,1,1,1,1,0.6832,1,32,0,0,0.1129,1,1.0389,131.61,0,30233.85,0.1061,1,1,0,1,10,0.1654,0.069,5,1,0
NCRB-SYNTH-104105,High Court,Sec 482 CrPC (Quashing),1,4,1,0,1,1,0,0,1,1,1,1,0.7174,1,77,0,1,0.0207,2,1.1806,124.34,0,57698.74,0.1308,1,1,0,1,4,0.0685,0.0426,2,1,1
NCRB-SYNTH-104116,Trial Court,Writ Petition (Detention),1,1,1,0,1,1,0,1,1,1,1,1,0.881,1,161,0,0,0.096,6,1.0953,102.84,0,69677.6,0.1788,1,1,0,1,7,0.2448,0.1177,5,1,1
NCRB-SYNTH-104121,Supreme Court,Sec 439 CrPC (Regular Bail),45,1,1,0,1,1,0,0,1,1,1,0,0.8463,1,50,0,0,0.0923,5,1.3318,148.33,1,34721.94,0.0726,1,1,0,0,1,0.0944,0.1362,2,1,1
NCRB-SYNTH-104129,Trial Court,Sec 482 CrPC (Quashing),2,5,2,0,1,1,1,1,1,1,1,1,0.8914,1,54,0,1,0.1075,8,1.1434,168.87,0,23105.11,0.0279,0,0,1,0,4,0.0141,0.0088,2,1,1
NCRB-SYNTH-104131,Trial Court,Sec 482 CrPC (Quashing),2,1,1,0,1,1,0,1,1,1,1,1,0.4474,1,75,1,1,0.0406,4,1.0,142.53,0,79127.53,0.1119,1,1,0,0,1,0.0164,0.0237,2,1,0
NCRB-SYNTH-104132,Trial Court,Sec 482 CrPC (Quashing),2,3,2,0,1,1,0,1,1,1,1,1,0.751,1,115,1,1,0.0958,1,1.2348,98.68,1,67282.82,0.0807,0,0,1,1,2,0.0249,0.0226,2,1,1
NCRB-SYNTH-104138,High Court,Writ Petition (Detention),4,4,1,0,1,1,1,0,1,1,1,0,0.6539,1,70,0,0,0.0838,4,1.0062,69.48,0,17964.91,0.0382,1,1,0,1,3,0.0797,0.0575,2,1,0
NCRB-SYNTH-104141,High Court,Sec 482 CrPC (Quashing),1,5,1,0,1,1,1,0,1,1,1,1,0.4352,0,56,1,1,0.0404,1,1.0,50.95,0,144920.77,0.1686,1,1,0,1,22,0.2166,0.0691,4,1,0
NCRB-SYNTH-104155,Trial Court,Sec 439 CrPC (Regular Bail),2,2,1,0,1,1,1,0,1,1,1,0,0.6098,1,118,0,0,0.0394,6,1.0381,74.64,0,68991.06,0.1755,1,1,0,1,14,0.2899,0.107,4,1,0
NCRB-SYNTH-104167,Trial Court,Sec 439 CrPC (Regular Bail),1,3,2,0,1,1,1,0,1,1,1,1,0.6862,0,107,0,0,0.0,8,1.1758,30.92,0,114715.14,0.1396,1,1,0,0,1,0.0886,0.1278,2,1,0
NCRB-SYNTH-104169,High Court,Sec 482 CrPC (Quashing),1,4,1,0,1,1,1,1,1,1,1,1,0.5532,0,152,0,0,0.0688,4,1.1838,127.41,0,26801.56,0.0408,0,0,1,0,27,0.2418,0.0726,4,1,0
NCRB-SYNTH-104179,High Court,Writ Petition (Detention),1,3,1,0,1,1,1,1,1,1,1,1,0.5743,1,23,1,1,0.1399,4,1.0,66.24,0,124552.67,0.0652,1,1,0,0,3,0.0725,0.0523,2,1,0
NCRB-SYNTH-104180,Trial Court,Sec 482 CrPC (Quashing),1,1,2,0,1,1,1,1,1,1,1,1,0.804,1,54,0,0,0.0639,4,1.1678,116.52,0,103592.31,0.0942,0,0,1,1,1,0.0718,0.1035,2,1,1
NCRB-SYNTH-104184,Trial Court,Sec 439 CrPC (Regular Bail),1,4,1,0,1,1,1,0,1,1,1,0,0.587,1,155,1,1,0.0847,3,1.0,88.15,0,89586.55,0.1769,0,0,1,1,4,0.088,0.0547,2,1,0
NCRB-SYNTH-104198,High Court,Sec 482 CrPC (Quashing),4,1,1,0,1,1,1,0,1,1,1,0,0.8985,1,36,0,0,0.124,5,1.0,77.55,1,16513.21,0.1576,1,1,0,1,45,0.3048,0.0796,4,1,1
NCRB-SYNTH-104214,Trial Court,Sec 439 CrPC (Regular Bail),2,5,1,0,1,1,1,0,1,1,1,1,0.412,1,177,0,0,0.1197,1,1.0,172.01,0,93893.66,0.0481,1,1,0,1,10,0.1191,0.0497,5,1,0
NCRB-SYNTH-104220,High Court,Sec 482 CrPC (Quashing),1,1,1,0,1,1,1,0,1,1,1,0,0.5353,1,135,0,0,0.0691,2,1.0,57.72,0,102899.26,0.078,1,1,0,1,5,0.1163,0.0649,5,1,0
NCRB-SYNTH-104221,Trial Court,Writ Petition (Detention),1,2,1,0,1,1,0,0,1,1,1,0,0.6918,0,144,0,0,0.1017,9,1.208,143.38,1,67373.89,0.1817,0,0,1,1,4,0.069,0.0428,2,1,0
NCRB-SYNTH-104236,Trial Court,Sec 439 CrPC (Regular Bail),1,2,2,0,1,1,1,1,1,1,1,1,0.7752,1,172,0,0,0.1165,7,1.2084,68.27,0,69398.01,0.0999,1,1,0,1,27,0.2705,0.0812,4,1,1
NCRB-SYNTH-104240,Trial Court,Writ Petition (Detention),7,2,2,0,1,1,1,1,1,1,1,1,0.5448,1,96,0,0,0.1022,8,1.1757,144.43,1,58674.81,0.1318,1,1,0,1,2,0.0907,0.0826,2,1,0
NCRB-SYNTH-104247,Trial Court,Sec 482 CrPC (Quashing),21,5,2,0,1,1,0,1,1,1,1,1,0.6697,1,62,0,1,0.0453,9,1.2077,152.83,0,58982.07,0.092,1,1,0,1,2,0.0224,0.0204,2,1,0
NCRB-SYNTH-104253,Trial Court,Writ Petition (Detention),1,4,1,0,1,1,0,1,1,1,1,0,0.422,1,19,0,0,0.1409,7,1.1631,44.34,0,28461.34,0.1425,1,1,0,0,2,0.0678,0.0617,2,1,0
NCRB-SYNTH-104278,Trial Court,Writ Petition (Detention),1,1,1,0,1,1,0,0,1,1,1,0,0.4275,1,145,0,1,0.0963,5,1.2355,50.68,0,97786.32,0.0298,1,1,0,1,10,0.1549,0.0646,5,1,0
NCRB-SYNTH-104283,High Court,Sec 482 CrPC (Quashing),1,1,1,0,1,1,0,1,1,1,1,1,0.6041,1,110,0,0,0.0708,5,1.2239,175.58,0,20565.68,0.1838,1,1,0,0,6,0.1763,0.0906,5,1,0
NCRB-SYNTH-104289,Trial Court,Sec 482 CrPC (Quashing),7,5,1,1,1,1,0,0,1,1,1,1,0.7818,1,63,0,0,0.0885,6,1.1984,114.85,0,140397.13,0.1314,1,1,0,0,1,0.0678,0.0978,2,1,1
NCRB-SYNTH-104296,High Court,Sec 439 CrPC (Regular Bail),4,5,1,0,1,1,1,0,1,1,1,0,0.5679,1,24,1,0,0.0527,8,1.0454,51.68,0,76622.27,0.151,1,1,0,0,3,0.011,0.0079,2,1,0
NCRB-SYNTH-104311,Trial Court,Sec 439 CrPC (Regular Bail),4,4,2,0,1,1,0,1,1,1,1,1,0.4217,1,144,1,1,0.0645,7,1.2426,76.29,0,118015.55,0.0164,1,1,0,1,3,0.0548,0.0395,2,1,0
NCRB-SYNTH-104331,High Court,Sec 439 CrPC (Regular Bail),7,5,2,0,1,1,1,1,1,1,1,0,0.5558,1,41,0,0,0.1236,2,1.0157,173.29,0,60911.14,0.0554,1,1,0,1,3,0.0257,0.0186,2,1,0
NCRB-SYNTH-104340,Trial Court,Sec 482 CrPC (Quashing),4,4,1,0,1,1,1,1,1,1,1,0,0.7716,1,135,0,0,0.0556,1,1.2297,50.42,0,45832.73,0.1803,1,1,0,1,4,0.0267,0.0166,2,1,1
NCRB-SYNTH-104357,Trial Court,Sec 439 CrPC (Regular Bail),1,5,2,0,1,1,0,0,1,1,1,1,0.776,1,65,0,0,0.1438,6,1.2056,75.65,1,58833.53,0.0526,1,1,0,1,2,0.0171,0.0155,2,1,1
NCRB-SYNTH-104365,Trial Court,Sec 482 CrPC (Quashing),4,4,2,0,1,1,1,0,1,1,1,1,0.4724,1,53,1,1,0.0354,1,1.3909,147.4,1,21053.54,0.003,1,1,0,1,7,0.2287,0.11,5,1,0
NCRB-SYNTH-104371,Trial Court,Sec 482 CrPC (Quashing),7,2,2,0,1,1,1,0,1,1,1,1,0.8288,1,159,1,1,0.0,2,1.1558,161.53,0,83112.75,0.0634,1,1,0,1,5,0.0948,0.0529,5,1,1
NCRB-SYNTH-104397,High Court,Sec 482 CrPC (Quashing),4,3,2,1,1,1,1,0,1,1,1,1,0.6575,1,56,0,0,0.094,3,1.1698,83.55,0,59415.5,0.0989,1,1,0,0,2,0.0329,0.0299,2,1,0
NCRB-SYNTH-104403,High Court,Trial Judgment,1,3,2,0,1,1,0,1,1,1,1,1,0.6807,1,117,1,0,0.128,5,1.0,83.3,0,62350.29,0.0386,1,1,0,1,11,0.2253,0.0907,5,1,0
NCRB-SYNTH-104419,High Court,Writ Petition (Detention),1,4,1,0,1,1,1,0,1,1,1,1,0.4409,1,68,0,0,0.1244,5,1.0163,148.65,0,80308.04,0.0654,1,1,0,1,6,0.2254,0.1158,5,1,0
NCRB-SYNTH-104425,Trial Court,Trial Judgment,1,2,2,1,1,1,1,1,1,1,1,0,0.6884,1,39,0,0,0.0298,4,1.0982,126.96,1,104286.84,0.0981,1,1,0,0,2,0.0394,0.0359,2,1,0
NCRB-SYNTH-104427,High Court,Writ Petition (Detention),1,3,2,0,1,1,0,1,1,1,1,1,0.8825,1,136,1,1,0.0015,7,1.0,128.54,0,96230.42,0.013,1,1,0,0,3,0.0185,0.0134,2,1,1
NCRB-SYNTH-104436,High Court,Writ Petition (Detention),4,2,1,0,1,1,0,0,1,1,1,0,0.5046,1,113,0,1,0.1162,8,1.0425,41.91,0,54590.04,0.0598,0,0,1,0,5,0.1956,0.1092,5,1,0
NCRB-SYNTH-104437,Supreme Court,Writ Petition (Detention),7,5,2,0,1,1,1,1,1,1,1,0,0.3963,1,132,0,0,0.1137,6,1.0,127.82,1,51501.2,0.1046,1,1,0,0,5,0.2455,0.137,5,1,0
NCRB-SYNTH-104440,High Court,Sec 439 CrPC (Regular Bail),2,2,2,0,1,1,0,0,1,1,1,1,0.6958,1,62,0,0,0.1475,7,1.1817,70.83,0,149124.84,0.183,1,1,0,0,9,0.1254,0.0545,5,1,0
NCRB-SYNTH-104443,Trial Court,Writ Petition (Detention),2,2,2,0,1,1,0,1,1,1,1,1,0.8624,1,167,0,0,0.1282,3,1.1113,64.54,0,26735.81,0.1702,1,1,0,1,3,0.0207,0.0149,2,1,1
NCRB-SYNTH-104449,Trial Court,Sec 439 CrPC (Regular Bail),1,5,2,0,1,1,1,0,1,1,1,1,0.5782,1,111,1,0,0.024,1,1.2347,37.72,0,70448.99,0.1472,0,0,1,1,1,0.096,0.1385,2,1,0
NCRB-SYNTH-104473,Trial Court,Sec 439 CrPC (Regular Bail),1,4,1,0,1,1,1,1,1,1,1,1,0.6791,1,15,0,1,0.1175,6,1.2497,128.92,0,134742.17,0.0569,0,0,1,0,3,0.0332,0.024,2,1,0
NCRB-SYNTH-104485,High Court,Sec 439 CrPC (Regular Bail),2,1,1,0,1,1,0,0,1,1,1,1,0.8655,1,70,1,1,0.0606,7,1.2064,134.94,0,69479.96,0.1596,1,1,0,0,1,0.0997,0.1439,2,1,1
NCRB-SYNTH-104491,Trial Court,Sec 482 CrPC (Quashing),1,5,2,0,1,1,1,0,1,1,1,1,0.7107,1,171,1,1,0.0746,9,1.0304,78.14,0,107521.29,0.1535,0,0,1,0,30,0.1836,0.0535,4,1,1
NCRB-SYNTH-104499,High Court,Trial Judgment,2,4,2,0,1,1,1,0,1,1,1,1,0.7965,1,49,0,1,0.0875,7,1.1879,163.96,0,84375.1,0.0419,1,1,0,1,11,0.2298,0.0925,5,1,1
NCRB-SYNTH-104503,Trial Court,Sec 439 CrPC (Regular Bail),1,5,1,0,1,1,1,1,1,1,1,1,0.6266,1,173,1,0,0.0528,7,1.0228,121.75,0,18151.94,0.0052,0,0,1,0,2,0.0191,0.0174,2,1,0
NCRB-SYNTH-104506,Trial Court,Sec 482 CrPC (Quashing),1,3,2,0,1,1,1,0,1,1,1,1,0.511,1,63,0,0,0.079,2,1.1113,50.19,1,123144.77,0.1869,1,1,0,1,4,0.0317,0.0197,2,1,0
NCRB-SYNTH-104531,Trial Court,Sec 439 CrPC (Regular Bail),15,3,2,0,1,1,1,0,1,1,1,0,0.5823,1,69,0,0,0.0615,7,1.0234,130.79,0,73194.97,0.1378,1,1,0,0,5,0.2109,0.1177,5,1,0
NCRB-SYNTH-104533,Trial Court,Sec 482 CrPC (Quashing),1,1,1,0,1,1,0,0,1,1,1,0,0.8887,1,136,1,1,0.0785,7,1.1405,111.01,0,67186.75,0.0823,1,1,0,0,8,0.0742,0.0338,5,1,1
NCRB-SYNTH-104534,High Court,Sec 482 CrPC (Quashing),4,3,2,0,1,1,0,1,1,1,1,0,0.4468,0,25,1,1,0.1131,7,1.1159,116.14,1,67837.72,0.1964,0,0,1,1,1,0.0703,0.1015,2,1,0
NCRB-SYNTH-104543,Trial Court,Writ Petition (Detention),2,5,2,0,1,1,0,1,1,1,1,1,0.4772,1,57,0,0,0.0103,3,1.3085,99.86,1,61918.68,0.1769,1,1,0,1,30,0.2417,0.0704,4,1,0
NCRB-SYNTH-104544,High Court,Sec 482 CrPC (Quashing),1,1,1,1,1,1,0,1,1,1,1,0,0.7455,1,95,1,1,0.1222,2,1.0964,31.07,1,77837.9,0.0296,1,1,0,0,3,0.0129,0.0093,2,1,1
NCRB-SYNTH-104562,Trial Court,Writ Petition (Detention),2,4,2,0,1,1,0,0,1,1,1,0,0.5575,1,12,0,0,0.0948,4,1.0,51.03,1,115738.96,0.121,1,1,0,0,43,0.2116,0.0559,4,1,0
NCRB-SYNTH-104565,Trial Court,Writ Petition (Detention),1,2,2,0,1,1,1,1,1,1,1,1,0.7338,0,126,0,0,0.0268,3,1.0,48.09,0,134050.36,0.1269,1,1,0,0,1,0.0627,0.0904,2,1,1
NCRB-SYNTH-104567,High Court,Sec 439 CrPC (Regular Bail),7,4,1,0,1,1,0,0,1,1,1,1,0.7736,1,135,0,0,0.0285,3,1.0656,100.54,0,53326.52,0.1007,1,1,0,1,8,0.1406,0.064,5,1,1
NCRB-SYNTH-104568,Trial Court,Trial Judgment,1,1,2,0,1,1,1,0,1,1,1,0,0.5203,0,57,1,1,0.0522,4,1.0415,144.8,1,24415.96,0.0216,0,0,1,0,4,0.0774,0.0481,5,1,0
NCRB-SYNTH-104573,High Court,Trial Judgment,4,2,2,0,1,1,1,0,1,1,1,1,0.4182,1,102,1,0,0.0912,2,1.2305,75.87,0,22053.82,0.0369,1,1,0,0,1,0.0209,0.0301,2,1,0
NCRB-SYNTH-104576,High Court,Sec 482 CrPC (Quashing),1,1,1,0,1,1,1,0,1,1,1,1,0.9266,1,173,1,1,0.1182,5,1.1223,170.31,0,105664.61,0.0172,1,1,0,1,45,0.1904,0.0497,4,1,1
NCRB-SYNTH-104578,High Court,Sec 439 CrPC (Regular Bail),1,4,1,0,1,1,1,0,1,1,1,1,0.6385,1,152,0,0,0.045,4,1.1868,111.57,0,47567.53,0.0089,1,1,0,1,10,0.1801,0.0751,5,1,0
NCRB-SYNTH-104582,Trial Court,Writ Petition (Detention),1,4,1,0,1,1,0,1,1,1,1,0,0.4446,0,65,0,0,0.0724,3,1.069,135.74,0,70902.6,0.0158,1,1,0,1,9,0.1126,0.0489,5,1,0
NCRB-SYNTH-104592,Trial Court,Sec 439 CrPC (Regular Bail),27,2,1,0,1,1,0,0,1,1,1,1,0.7004,0,119,1,1,0.135,2,1.0052,53.94,1,101090.66,0.0208,1,1,0,1,13,0.1085,0.0411,4,1,1
NCRB-SYNTH-104594,High Court,Writ Petition (Detention),4,5,1,0,1,1,1,1,1,1,1,1,0.7275,1,33,0,0,0.0677,2,1.0617,85.75,1,68475.2,0.0546,1,1,0,0,40,0.2105,0.0567,4,1,1
NCRB-SYNTH-104598,High Court,Writ Petition (Detention),1,1,1,0,1,1,1,0,1,1,1,1,0.9472,1,104,1,1,0.0298,8,1.1158,72.18,0,125998.01,0.1343,1,1,0,0,1,0.0822,0.1186,2,1,1
NCRB-SYNTH-104600,High Court,Sec 439 CrPC (Regular Bail),4,2,2,0,1,1,1,0,1,1,1,1,0.9176,1,93,0,0,0.1048,7,1.1149,55.73,1,33365.42,0.0917,1,1,0,0,4,0.0257,0.016,2,1,1
NCRB-SYNTH-104611,Trial Court,Writ Petition (Detention),1,5,2,1,1,1,1,0,1,1,1,1,0.8797,1,85,0,0,0.1248,3,1.0,106.48,0,72987.34,0.0929,0,0,1,1,4,0.0921,0.0572,2,1,1
NCRB-SYNTH-104615,Trial Court,Writ Petition (Detention),4,5,2,0,1,1,0,0,1,1,1,1,0.8737,1,21,0,0,0.105,8,1.1634,131.44,0,18171.33,0.1622,0,0,1,1,10,0.2132,0.0889,5,1,1
NCRB-SYNTH-104616,Trial Court,Sec 439 CrPC (Regular Bail),1,3,2,0,1,1,0,0,1,1,1,1,0.8395,1,17,1,1,0.0,4,1.0108,81.17,0,87418.77,0.0817,1,1,0,1,4,0.051,0.0317,2,1,1
NCRB-SYNTH-104619,High Court,Writ Petition (Detention),45,2,1,0,1,1,0,1,1,1,1,1,0.5811,1,126,1,1,0.0207,3,1.0,146.09,0,82175.96,0.0477,1,1,0,0,1,0.017,0.0246,2,1,0
NCRB-SYNTH-104627,Trial Court,Writ Petition (Detention),1,5,1,0,1,1,0,1,1,1,1,1,0.4638,1,150,0,1,0.0293,6,1.19,110.23,0,128361.73,0.161,1,1,0,1,12,0.236,0.092,4,1,0
NCRB-SYNTH-104632,Trial Court,Writ Petition (Detention),15,4,2,1,1,1,1,1,1,1,1,0,0.5672,1,76,1,0,0.1064,7,1.2016,36.91,1,60996.68,0.0222,1,1,0,0,3,0.0866,0.0625,2,1,0
NCRB-SYNTH-104637,High Court,Writ Petition (Detention),1,3,1,1,1,1,0,0,1,1,1,1,0.567,1,127,0,0,0.0591,5,1.0,178.09,1,85291.26,0.033,1,1,0,0,3,0.0645,0.0465,2,1,0
NCRB-SYNTH-104642,Trial Court,Writ Petition (Detention),1,3,2,0,1,1,1,0,1,1,1,1,0.7247,1,20,1,1,0.0775,2,1.0834,178.4,0,103576.61,0.0501,1,1,0,1,1,0.0603,0.087,2,1,1
NCRB-SYNTH-104648,Trial Court,Sec 439 CrPC (Regular Bail),21,1,1,0,1,1,0,0,1,1,1,1,0.6377,1,158,1,0,0.0507,5,1.0078,122.63,0,18553.49,0.1615,1,1,0,0,5,0.1579,0.0881,5,1,0
NCRB-SYNTH-104681,Trial Court,Writ Petition (Detention),2,1,2,1,1,1,0,0,1,1,1,1,0.5003,1,177,0,0,0.0584,3,1.2896,107.04,0,130007.99,0.1393,1,1,0,1,4,0.0112,0.0069,2,1,0
NCRB-SYNTH-104682,Trial Court,Sec 439 CrPC (Regular Bail),4,2,1,0,1,1,1,0,1,1,1,1,0.7268,1,146,0,0,0.0514,6,1.1362,176.67,0,19207.73,0.1463,1,1,0,1,4,0.0923,0.0574,2,1,1
NCRB-SYNTH-104684,Trial Court,Writ Petition (Detention),1,4,2,0,1,1,1,0,1,1,1,1,0.5691,1,159,1,1,0.0684,6,1.0,179.12,0,148070.49,0.0909,1,1,0,1,1,0.0379,0.0546,2,1,0
NCRB-SYNTH-104693,Trial Court,Sec 482 CrPC (Quashing),2,3,2,0,1,1,1,0,1,1,1,0,0.4536,1,50,0,1,0.121,7,1.1554,43.54,0,15969.59,0.0595,1,1,0,1,4,0.0215,0.0134,2,1,0
NCRB-SYNTH-104701,Trial Court,Sec 439 CrPC (Regular Bail),21,4,1,0,1,1,1,1,1,1,1,1,0.878,1,10,1,1,0.1165,5,1.149,69.25,1,134279.89,0.1335,1,1,0,1,4,0.1424,0.0885,5,1,1
NCRB-SYNTH-104713,Trial Court,Sec 439 CrPC (Regular Bail),2,4,1,0,1,1,1,1,1,1,1,1,0.395,0,139,0,0,0.0521,2,1.2646,65.71,0,87271.48,0.0478,1,1,0,0,3,0.0435,0.0314,2,1,0
NCRB-SYNTH-104716,Trial Court,Sec 439 CrPC (Regular Bail),1,3,1,0,1,1,0,0,1,1,1,1,0.7495,1,47,1,0,0.0937,6,1.0679,141.34,0,135607.48,0.0599,1,1,0,1,27,0.1436,0.0431,4,1,1
NCRB-SYNTH-104721,High Court,Trial Judgment,1,4,1,0,1,1,1,0,1,1,1,0,0.6748,1,107,1,1,0.191,7,1.0,123.48,1,82368.65,0.1552,1,1,0,1,2,0.047,0.0428,2,1,0
NCRB-SYNTH-104723,Trial Court,Writ Petition (Detention),1,5,1,0,1,1,0,0,1,1,1,1,0.5658,1,164,0,1,0.0,7,1.0486,67.2,0,95459.52,0.0479,1,1,0,0,2,0.0223,0.0203,2,1,0
NCRB-SYNTH-104725,Trial Court,Sec 482 CrPC (Quashing),2,2,1,0,1,1,0,0,1,1,1,1,0.8417,1,29,0,0,0.0772,2,1.1905,39.8,0,124511.66,0.1055,0,0,1,1,3,0.0207,0.0149,2,1,1
NCRB-SYNTH-104738,Trial Court,Sec 439 CrPC (Regular Bail),1,1,1,0,1,1,0,1,1,1,1,1,0.8947,1,24,0,0,0.0739,1,1.0079,76.92,1,42846.03,0.0233,0,0,1,0,4,0.0849,0.0527,2,1,1
NCRB-SYNTH-104745,Trial Court,Writ Petition (Detention),1,2,2,0,1,1,1,0,1,1,1,0,0.6618,1,18,0,0,0.0844,1,1.0,56.91,0,96677.29,0.0809,1,1,0,1,1,0.0422,0.0609,2,1,0
NCRB-SYNTH-104751,Trial Court,Writ Petition (Detention),7,4,1,0,1,1,0,0,1,1,1,1,0.6079,0,61,0,0,0.0288,4,1.1635,113.03,1,84600.84,0.0356,1,1,0,0,7,0.2095,0.1007,5,1,0
NCRB-SYNTH-104764,Trial Court,Writ Petition (Detention),21,2,1,0,1,1,1,1,1,1,1,1,0.8604,1,59,0,0,0.0622,7,1.1489,30.46,0,135596.24,0.0787,0,0,1,1,6,0.1568,0.0806,5,1,1
NCRB-SYNTH-104770,High Court,Sec 439 CrPC (Regular Bail),1,5,2,0,1,1,1,0,1,1,1,1,0.7677,1,114,1,0,0.0905,7,1.0729,36.31,0,16183.48,0.0902,1,1,0,0,4,0.0303,0.0188,2,1,1
NCRB-SYNTH-104773,Trial Court,Writ Petition (Detention),1,5,2,0,1,1,0,0,1,1,1,1,0.5892,1,68,0,0,0.158,5,1.0654,146.68,0,122875.61,0.0832,1,1,0,0,6,0.1568,0.0806,5,1,0
NCRB-SYNTH-104775,High Court,Writ Petition (Detention),2,3,2,1,1,1,1,0,1,1,1,1,0.6277,1,62,1,1,0.1557,1,1.0632,51.97,0,18799.46,0.0343,1,1,0,0,2,0.0643,0.0585,2,1,0
NCRB-SYNTH-104778,Trial Court,Sec 482 CrPC (Quashing),2,2,1,0,1,1,0,1,1,1,1,1,0.784,1,21,1,0,0.0334,1,1.1648,68.52,1,80417.63,0.0373,1,1,0,1,3,0.064,0.0462,2,1,1
NCRB-SYNTH-104779,Trial Court,Sec 439 CrPC (Regular Bail),7,1,1,0,1,1,1,0,1,1,1,1,0.6892,1,53,1,1,0.0157,3,1.1131,70.58,0,146128.19,0.0739,1,1,0,1,1,0.0831,0.1199,2,1,0
NCRB-SYNTH-104780,Trial Court,Writ Petition (Detention),1,2,2,0,1,1,0,0,1,1,1,1,0.5311,1,173,1,0,0.0672,9,1.0,171.44,0,88031.9,0.1714,1,1,0,0,4,0.0778,0.0483,2,1,0
NCRB-SYNTH-104784,High Court,Writ Petition (Detention),1,2,1,0,1,1,1,0,1,1,1,0,0.4403,1,39,0,0,0.1219,8,1.116,132.58,1,75772.11,0.1949,1,1,0,1,6,0.212,0.1089,5,1,0
NCRB-SYNTH-104790,Trial Court,Sec 439 CrPC (Regular Bail),2,5,2,0,1,1,0,1,1,1,1,1,0.8238,1,18,0,0,0.0073,5,1.0,107.53,0,83934.04,0.0538,1,1,0,1,3,0.0977,0.0705,2,1,1
NCRB-SYNTH-104794,Trial Court,Trial Judgment,4,4,1,0,1,1,1,0,1,1,1,1,0.5507,0,134,0,0,0.0601,8,1.0,61.6,1,113215.01,0.1268,0,0,1,1,5,0.2462,0.1374,5,1,0
NCRB-SYNTH-104795,Trial Court,Sec 439 CrPC (Regular Bail),2,1,1,0,1,1,1,1,1,1,1,0,0.383,1,49,0,0,0.0757,7,1.1615,97.56,0,86950.42,0.0597,1,1,0,0,1,0.0296,0.0427,2,1,0
NCRB-SYNTH-104796,Trial Court,Sec 439 CrPC (Regular Bail),2,2,1,0,1,1,1,0,1,1,1,1,0.8336,1,159,0,0,0.0,3,1.0064,148.62,0,15118.35,0.1214,1,1,0,1,10,0.1977,0.0825,5,1,1
NCRB-SYNTH-104809,High Court,Writ Petition (Detention),1,3,1,0,1,1,1,1,1,1,1,1,0.6642,1,59,0,1,0.2013,2,1.1543,177.63,0,95066.27,0.134,1,1,0,1,4,0.0282,0.0175,2,1,0
NCRB-SYNTH-104821,Trial Court,Writ Petition (Detention),2,4,2,0,1,1,1,1,1,1,1,1,0.5364,1,135,1,1,0.0,4,1.1342,93.61,0,103113.03,0.1938,0,0,1,0,3,0.0514,0.0371,2,1,0
NCRB-SYNTH-104822,High Court,Sec 482 CrPC (Quashing),1,4,1,0,1,1,1,0,1,1,1,1,0.788,1,28,0,0,0.0578,2,1.2839,82.66,1,102430.85,0.0871,1,1,0,1,6,0.1203,0.0618,5,1,1
NCRB-SYNTH-104829,High Court,Sec 439 CrPC (Regular Bail),4,4,1,0,1,1,0,0,1,1,1,0,0.4881,1,54,0,0,0.1154,1,1.0291,95.43,0,83883.5,0.1623,1,1,0,1,4,0.0387,0.024,2,1,0
NCRB-SYNTH-104840,Trial Court,Sec 482 CrPC (Quashing),2,4,1,0,1,1,0,0,1,1,1,0,0.8316,1,102,1,1,0.0843,5,1.0228,135.85,0,93534.89,0.1339,1,1,0,0,35,0.2771,0.0773,4,1,1
NCRB-SYNTH-104854,Trial Court,Sec 439 CrPC (Regular Bail),1,4,2,0,1,1,0,1,1,1,1,1,0.741,1,124,1,1,0.0399,7,1.0643,83.65,0,125651.4,0.0105,1,1,0,1,7,0.1651,0.0794,5,1,1
NCRB-SYNTH-104864,High Court,Trial Judgment,15,5,2,0,1,1,1,1,1,1,1,1,0.5567,1,154,0,0,0.0618,9,1.0846,91.52,0,87977.82,0.0301,0,0,1,1,2,0.0114,0.0104,2,1,0
NCRB-SYNTH-104865,Trial Court,Writ Petition (Detention),1,2,2,0,1,1,0,0,1,1,1,1,0.903,1,158,0,0,0.1008,7,1.2003,175.81,0,139185.93,0.1526,0,0,1,0,1,0.0159,0.0229,2,1,1
NCRB-SYNTH-104874,Trial Court,Writ Petition (Detention),1,2,2,1,1,1,0,1,1,1,1,0,0.5015,1,40,0,1,0.126,1,1.1627,36.35,0,95737.85,0.0276,1,1,0,1,2,0.0621,0.0565,2,1,0
NCRB-SYNTH-104875,High Court,Writ Petition (Detention),7,1,2,0,1,1,1,0,1,1,1,0,0.6068,0,117,0,1,0.0918,8,1.1554,61.52,0,103511.64,0.0586,1,1,0,0,23,0.1743,0.0548,4,1,0
NCRB-SYNTH-104881,High Court,Writ Petition (Detention),1,3,1,0,1,1,0,0,1,1,1,0,0.4453,1,16,0,1,0.0,1,1.2148,43.25,0,18311.26,0.1998,1,1,0,1,3,0.0633,0.0457,2,1,0
NCRB-SYNTH-104887,High Court,Writ Petition (Detention),2,3,1,0,1,1,0,0,1,1,1,1,0.8127,1,37,0,0,0.0949,8,1.119,60.0,0,109524.98,0.1706,0,0,1,0,9,0.0774,0.0336,5,1,1
NCRB-SYNTH-104891,High Court,Sec 439 CrPC (Regular Bail),1,4,2,0,1,1,0,0,1,1,1,0,0.6188,1,130,0,0,0.1608,1,1.1125,69.78,0,34099.66,0.1063,0,0,1,1,5,0.2087,0.1165,5,1,0
NCRB-SYNTH-104894,Trial Court,Writ Petition (Detention),2,2,2,0,1,1,1,1,1,1,1,0,0.6827,1,91,0,1,0.0422,2,1.0,82.57,1,143351.56,0.1809,1,1,0,1,42,0.1187,0.0316,4,1,0
NCRB-SYNTH-104898,Trial Court,Writ Petition (Detention),1,4,2,0,1,1,0,0,1,1,1,1,0.8897,0,141,0,0,0.1529,9,1.1643,105.83,0,64291.93,0.1447,0,0,1,0,39,0.2283,0.0619,4,1,1
NCRB-SYNTH-104904,Trial Court,Writ Petition (Detention),1,1,2,0,1,1,1,0,1,1,1,1,0.8544,1,63,0,0,0.0672,2,1.2568,68.9,0,49627.18,0.1944,1,1,0,0,6,0.1455,0.0748,5,1,1
NCRB-SYNTH-104908,High Court,Trial Judgment,45,4,1,0,1,1,1,0,1,1,1,1,0.7856,1,52,0,0,0.0624,1,1.1105,67.8,1,148705.75,0.0566,1,1,0,1,2,0.0116,0.0106,2,1,1
NCRB-SYNTH-104917,High Court,Sec 439 CrPC (Regular Bail),1,4,1,0,1,1,0,1,1,1,1,1,0.6113,1,161,1,1,0.0446,3,1.1214,141.31,1,141716.69,0.1502,1,1,0,1,3,0.0354,0.0255,2,1,0
NCRB-SYNTH-104920,Trial Court,Trial Judgment,1,2,2,0,1,1,1,0,1,1,1,1,0.6259,1,62,0,0,0.1293,6,1.2033,119.52,0,74638.76,0.182,1,1,0,0,41,0.2625,0.0702,4,1,0
NCRB-SYNTH-104926,Trial Court,Trial Judgment,1,2,1,0,1,1,1,0,1,1,1,1,0.6899,1,61,1,1,0.0073,4,1.0212,43.35,1,134429.08,0.0565,1,1,0,1,1,0.0918,0.1325,2,1,0
NCRB-SYNTH-104928,Trial Court,Sec 482 CrPC (Quashing),4,2,1,0,1,1,0,1,1,1,1,1,0.5552,0,83,0,0,0.0752,9,1.0,157.96,1,50419.41,0.1377,1,1,0,1,2,0.0734,0.0668,2,1,0
NCRB-SYNTH-104932,High Court,Writ Petition (Detention),1,1,2,0,1,1,0,0,1,1,1,1,0.6012,0,73,0,0,0.1059,7,1.2264,90.89,1,15818.77,0.1697,1,1,0,0,9,0.1313,0.057,5,1,0
NCRB-SYNTH-104941,Trial Court,Writ Petition (Detention),1,3,2,0,1,1,1,0,1,1,1,0,0.5652,1,75,1,1,0.0551,4,1.109,36.57,0,110420.74,0.1951,0,0,1,1,10,0.159,0.0663,5,1,0
NCRB-SYNTH-104962,Trial Court,Writ Petition (Detention),2,4,2,0,1,1,1,1,1,1,1,1,0.4287,1,119,1,0,0.0884,5,1.1073,71.89,0,37753.43,0.0134,1,1,0,1,1,0.0824,0.1188,2,1,0
NCRB-SYNTH-104963,High Court,Sec 439 CrPC (Regular Bail),1,1,2,0,1,1,1,1,1,1,1,0,0.6781,1,81,1,1,0.1313,1,1.1313,60.12,0,22191.27,0.0941,1,1,0,1,30,0.1694,0.0493,4,1,0
NCRB-SYNTH-104966,High Court,Writ Petition (Detention),1,5,1,0,1,1,0,1,1,1,1,1,0.6307,1,63,0,1,0.0329,5,1.1477,91.42,1,81012.13,0.0666,0,0,1,1,4,0.0286,0.0178,2,1,0
NCRB-SYNTH-104975,Trial Court,Writ Petition (Detention),1,5,1,0,1,1,1,0,1,1,1,1,0.8054,1,31,0,0,0.1481,8,1.2369,47.55,0,102336.1,0.0775,1,1,0,0,5,0.0735,0.041,5,1,1
NCRB-SYNTH-104978,High Court,Sec 439 CrPC (Regular Bail),1,5,1,0,1,1,1,0,1,1,1,1,0.5686,1,97,1,1,0.06,2,1.0482,59.57,1,92520.04,0.036,1,1,0,0,2,0.0986,0.0898,2,1,0
NCRB-SYNTH-104982,Trial Court,Sec 439 CrPC (Regular Bail),2,1,2,0,1,1,1,0,1,1,1,0,0.4442,1,151,0,0,0.061,6,1.1953,37.33,1,110747.22,0.0192,1,1,0,0,4,0.062,0.0385,2,1,0
NCRB-SYNTH-104993,Trial Court,Sec 439 CrPC (Regular Bail),2,3,2,0,1,1,1,1,1,1,1,0,0.402,1,80,0,1,0.09,3,1.0,71.67,0,133574.51,0.1038,1,1,0,1,8,0.2013,0.0916,5,1,0
NCRB-SYNTH-104998,Trial Court,Writ Petition (Detention),1,1,2,0,1,1,0,0,1,1,1,1,0.5548,1,84,0,0,0.0402,2,1.1931,147.01,0,116029.69,0.1143,1,1,0,0,1,0.0236,0.0341,2,1,0
NCRB-SYNTH-105004,High Court,Sec 439 CrPC (Regular Bail),7,3,2,0,1,1,1,1,1,1,1,0,0.5149,0,177,0,0,0.1161,8,1.3281,61.38,0,67615.02,0.1667,1,1,0,1,2,0.0639,0.0581,2,1,0
NCRB-SYNTH-105016,High Court,Sec 482 CrPC (Quashing),21,3,1,0,1,1,0,0,1,1,1,1,0.794,1,111,0,0,0.0689,1,1.2011,57.43,0,102781.61,0.0508,1,1,0,1,2,0.0243,0.0221,2,1,1
NCRB-SYNTH-105018,Trial Court,Writ Petition (Detention),1,2,2,0,1,1,1,0,1,1,1,0,0.913,1,82,1,1,0.1585,7,1.0255,75.97,0,125802.2,0.1448,0,0,1,1,22,0.0924,0.0295,4,1,1
NCRB-SYNTH-105027,High Court,Sec 439 CrPC (Regular Bail),27,5,2,0,1,1,1,0,1,1,1,1,0.7215,1,90,0,0,0.1191,2,1.2156,164.82,0,136114.28,0.0414,0,0,1,1,4,0.079,0.0491,5,1,1
NCRB-SYNTH-105031,Trial Court,Trial Judgment,1,4,2,0,1,1,1,1,1,1,1,1,0.5954,1,15,0,0,0.0558,6,1.2775,78.13,0,46971.31,0.1842,1,1,0,1,31,0.2628,0.0758,4,1,0
NCRB-SYNTH-105049,High Court,Writ Petition (Detention),1,2,1,0,1,1,1,0,1,1,1,1,0.5758,1,101,1,1,0.0603,7,1.1276,82.17,0,28410.45,0.155,1,1,0,1,4,0.0264,0.0164,2,1,0
NCRB-SYNTH-105058,High Court,Writ Petition (Detention),1,5,1,0,1,1,0,0,1,1,1,1,0.8023,1,123,0,0,0.1116,9,1.202,58.36,0,124734.79,0.121,1,1,0,0,5,0.1411,0.0787,5,1,1
NCRB-SYNTH-105060,Trial Court,Sec 482 CrPC (Quashing),2,5,1,0,1,1,1,1,1,1,1,1,0.702,1,132,1,0,0.0952,5,1.0568,170.01,1,80550.11,0.0443,1,1,0,1,4,0.0549,0.0341,2,1,1
NCRB-SYNTH-105064,Trial Court,Writ Petition (Detention),1,1,1,0,1,1,1,0,1,1,1,1,0.715,1,153,1,1,0.1122,6,1.0,87.08,1,112144.22,0.0216,1,1,0,1,8,0.0797,0.0363,5,1,1
NCRB-SYNTH-105068,High Court,Sec 439 CrPC (Regular Bail),27,1,2,0,1,1,1,1,1,1,1,1,0.6086,0,21,0,0,0.1161,2,1.1206,66.33,0,103777.89,0.0075,1,1,0,1,31,0.1952,0.0563,4,1,0
NCRB-SYNTH-105078,Trial Court,Writ Petition (Detention),45,3,2,1,1,1,0,1,1,1,1,1,0.6303,0,32,0,0,0.0551,7,1.1975,110.36,0,71156.36,0.0308,1,1,0,1,3,0.0495,0.0357,2,1,0
NCRB-SYNTH-105084,High Court,Sec 439 CrPC (Regular Bail),7,5,2,0,1,1,0,1,1,1,1,1,0.6287,0,173,1,1,0.132,9,1.0,77.13,0,78883.44,0.0334,1,1,0,0,3,0.026,0.0188,2,1,0
NCRB-SYNTH-105098,Trial Court,Sec 439 CrPC (Regular Bail),1,4,1,0,1,1,0,0,1,1,1,1,0.9161,1,86,0,0,0.1351,5,1.1048,148.79,0,146542.87,0.1722,1,1,0,1,7,0.16,0.0769,5,1,1
NCRB-SYNTH-105104,High Court,Sec 482 CrPC (Quashing),1,2,2,0,1,1,0,1,1,1,1,0,0.536,1,14,0,1,0.1138,8,1.2227,159.67,0,85555.71,0.0187,1,1,0,1,3,0.0608,0.0438,2,1,0
NCRB-SYNTH-105105,Trial Court,Writ Petition (Detention),1,5,2,0,1,1,1,1,1,1,1,1,0.6323,1,145,1,0,0.1116,4,1.1489,90.67,1,26392.14,0.0543,1,1,0,1,2,0.0608,0.0553,2,1,0
NCRB-SYNTH-105115,Trial Court,Writ Petition (Detention),21,3,1,0,1,1,1,1,1,1,1,1,0.8236,1,61,0,1,0.0266,2,1.2628,86.08,0,98493.93,0.1678,1,1,0,1,27,0.0908,0.0272,4,1,1
NCRB-SYNTH-105120,Trial Court,Writ Petition (Detention),2,5,1,0,1,1,0,1,1,1,1,1,0.5783,0,43,0,0,0.045,2,1.1754,55.28,0,77387.01,0.1716,1,1,0,0,1,0.0913,0.1317,2,1,0
NCRB-SYNTH-105121,High Court,Writ Petition (Detention),15,4,1,0,1,1,1,0,1,1,1,1,0.6586,1,110,0,0,0.1177,6,1.0393,126.85,0,115945.68,0.0565,1,1,0,0,37,0.2935,0.0807,4,1,0
NCRB-SYNTH-105128,Trial Court,Writ Petition (Detention),1,1,1,0,1,1,1,0,1,1,1,1,0.5652,1,35,0,1,0.0276,8,1.2206,136.53,0,92629.56,0.149,1,1,0,1,9,0.2357,0.1024,5,1,0
NCRB-SYNTH-105129,Trial Court,Sec 439 CrPC (Regular Bail),27,1,2,0,1,1,0,0,1,1,1,1,0.772,1,98,1,1,0.1542,1,1.0613,145.07,0,94280.38,0.1314,1,1,0,0,3,0.0379,0.0274,2,1,1
NCRB-SYNTH-105151,High Court,Writ Petition (Detention),2,5,1,0,1,1,1,0,1,1,1,1,0.94,1,143,1,1,0.0359,8,1.2866,49.11,0,16310.24,0.1553,1,1,0,1,10,0.1656,0.0691,5,1,1
NCRB-SYNTH-105152,High Court,Sec 439 CrPC (Regular Bail),4,1,2,0,1,1,1,1,1,1,1,1,0.7242,1,162,0,0,0.0732,2,1.2047,58.62,0,65424.28,0.0104,1,1,0,1,4,0.08,0.0497,2,1,1
NCRB-SYNTH-105156,Trial Court,Sec 482 CrPC (Quashing),2,2,1,0,1,1,1,0,1,1,1,0,0.6119,1,154,1,1,0.1521,4,1.0543,161.4,0,113576.73,0.1885,1,1,0,1,21,0.1894,0.0613,4,1,0
NCRB-SYNTH-105160,Supreme Court,Sec 439 CrPC (Regular Bail),1,4,1,0,1,1,0,0,1,1,1,0,0.6989,1,179,0,0,0.0515,7,1.1675,85.43,0,96842.29,0.1165,1,1,0,0,1,0.0401,0.0579,2,1,0
NCRB-SYNTH-105163,High Court,Trial Judgment,7,5,2,0,1,1,1,1,1,1,1,1,0.4662,1,31,0,0,0.1175,1,1.305,96.41,0,84472.37,0.0765,0,0,1,1,2,0.0935,0.0851,2,1,0
NCRB-SYNTH-105167,Trial Court,Writ Petition (Detention),1,5,2,0,1,1,0,0,1,1,1,0,0.7478,1,156,0,0,0.0387,5,1.2458,75.62,1,128538.08,0.1175,1,1,0,1,3,0.0298,0.0215,2,1,1
NCRB-SYNTH-105169,Trial Court,Sec 439 CrPC (Regular Bail),1,1,2,0,1,1,0,0,1,1,1,0,0.6608,0,27,1,1,0.0822,9,1.0997,41.13,0,34452.55,0.0032,1,1,0,0,2,0.0447,0.0407,2,1,0
NCRB-SYNTH-105190,High Court,Sec 439 CrPC (Regular Bail),1,2,2,0,1,1,0,0,1,1,1,1,0.9241,1,93,0,0,0.0803,1,1.3316,172.28,1,50082.95,0.1602,1,1,0,1,2,0.054,0.0491,2,1,1
NCRB-SYNTH-105191,High Court,Sec 439 CrPC (Regular Bail),1,3,2,0,1,1,0,1,1,1,1,0,0.6863,1,97,0,1,0.1127,5,1.2484,126.63,0,127573.92,0.1339,0,0,1,1,40,0.1644,0.0443,4,1,0
NCRB-SYNTH-105195,Trial Court,Sec 439 CrPC (Regular Bail),1,5,2,0,1,1,0,1,1,1,1,1,0.4656,1,127,1,1,0.1438,5,1.0372,177.69,0,127760.43,0.0448,1,1,0,0,36,0.2786,0.0771,4,1,0
NCRB-SYNTH-105200,Trial Court,Sec 482 CrPC (Quashing),1,2,1,0,1,1,1,0,1,1,1,1,0.7646,1,133,0,0,0.0381,4,1.0,48.77,0,37487.38,0.1002,1,1,0,0,2,0.0364,0.0331,2,1,1
NCRB-SYNTH-105201,Trial Court,Writ Petition (Detention),1,4,2,0,1,1,0,0,1,1,1,1,0.694,0,88,0,0,0.1248,6,1.0944,116.79,0,89122.64,0.1395,0,0,1,1,1,0.0941,0.1358,2,1,0
NCRB-SYNTH-105212,Trial Court,Writ Petition (Detention),21,2,2,0,1,1,1,0,1,1,1,0,0.816,1,138,1,1,0.0496,4,1.0808,159.6,0,149521.27,0.1567,1,1,0,1,5,0.1107,0.0618,5,1,1
NCRB-SYNTH-105213,Trial Court,Sec 482 CrPC (Quashing),4,1,1,0,1,1,0,0,1,1,1,1,0.6925,1,136,0,0,0.1347,8,1.0787,115.5,1,88445.41,0.1903,1,1,0,0,1,0.0814,0.1174,2,1,0
NCRB-SYNTH-105219,Trial Court,Trial Judgment,2,4,1,0,1,1,1,0,1,1,1,1,0.7693,1,125,0,0,0.1162,8,1.0,137.19,0,131812.88,0.1444,1,1,0,1,16,0.2076,0.0733,4,1,1
NCRB-SYNTH-105221,High Court,Sec 439 CrPC (Regular Bail),7,5,2,0,1,1,0,0,1,1,1,1,0.4642,1,33,0,0,0.1067,6,1.185,137.24,0,125726.72,0.0951,1,1,0,1,4,0.021,0.013,2,1,0
NCRB-SYNTH-105261,High Court,Writ Petition (Detention),4,1,2,0,1,1,0,0,1,1,1,1,0.9602,1,33,1,1,0.1463,4,1.2718,70.3,0,80764.56,0.0303,1,1,0,1,5,0.2056,0.1147,5,1,1
NCRB-SYNTH-105267,Trial Court,Sec 439 CrPC (Regular Bail),4,2,1,0,1,1,1,1,1,1,1,0,0.8506,1,159,0,0,0.1149,6,1.085,166.11,0,140553.98,0.0281,0,0,1,1,1,0.0249,0.0359,2,1,1
NCRB-SYNTH-105270,Trial Court,Sec 439 CrPC (Regular Bail),7,2,1,0,1,1,1,1,1,1,1,1,0.8072,1,83,0,0,0.1325,4,1.3095,150.56,1,99343.98,0.1705,1,1,0,1,21,0.3048,0.0986,4,1,1
NCRB-SYNTH-105273,Trial Court,Writ Petition (Detention),1,3,1,0,1,1,0,0,1,1,1,0,0.397,1,46,0,0,0.1281,6,1.0,94.94,0,31960.19,0.1304,1,1,0,0,4,0.0308,0.0192,2,1,0
NCRB-SYNTH-105276,Trial Court,Writ Petition (Detention),2,1,2,0,1,1,1,1,1,1,1,1,0.5918,1,103,0,1,0.0503,6,1.2171,83.68,1,94467.93,0.0043,1,1,0,1,42,0.1377,0.0366,4,1,0
NCRB-SYNTH-105278,High Court,Writ Petition (Detention),4,4,2,0,1,1,1,1,1,1,1,1,0.5703,1,166,1,1,0.0925,2,1.1492,90.5,1,21002.65,0.1069,1,1,0,1,16,0.2137,0.0754,4,1,0
NCRB-SYNTH-105280,High Court,Sec 439 CrPC (Regular Bail),1,2,1,0,1,1,1,0,1,1,1,1,0.5825,0,54,0,1,0.1173,7,1.0804,76.71,0,76118.8,0.0267,1,1,0,1,4,0.2231,0.1386,5,1,0
NCRB-SYNTH-105291,Trial Court,Sec 439 CrPC (Regular Bail),1,3,1,0,1,1,0,1,1,1,1,1,0.7883,0,95,0,0,0.0,9,1.4565,115.82,0,88231.34,0.1103,1,1,0,1,11,0.2351,0.0946,5,1,1
NCRB-SYNTH-105311,Trial Court,Writ Petition (Detention),1,3,1,0,1,1,1,0,1,1,1,1,0.6794,1,167,0,1,0.0215,9,1.1349,164.34,1,70337.49,0.0051,1,1,0,0,4,0.0829,0.0515,2,1,0
NCRB-SYNTH-105317,Trial Court,Writ Petition (Detention),15,3,1,0,1,1,1,0,1,1,1,1,0.493,1,72,1,1,0.0245,2,1.0915,169.31,0,133497.4,0.0176,0,0,1,0,3,0.0661,0.0477,2,1,0
NCRB-SYNTH-105321,High Court,Sec 439 CrPC (Regular Bail),4,1,2,0,1,1,1,0,1,1,1,1,0.654,0,145,0,0,0.0696,4,1.2269,141.34,0,25411.27,0.1971,1,1,0,1,9,0.16,0.0695,5,1,0
NCRB-SYNTH-105322,Trial Court,Trial Judgment,2,5,2,0,1,1,1,0,1,1,1,0,0.9043,1,128,0,0,0.0197,8,1.2166,149.1,1,114866.18,0.0987,1,1,0,1,19,0.1233,0.0411,4,1,1
NCRB-SYNTH-105331,High Court,Sec 439 CrPC (Regular Bail),2,5,2,0,1,1,1,0,1,1,1,1,0.8916,1,174,0,0,0.0276,7,1.0291,50.78,0,131669.37,0.1657,1,1,0,1,3,0.0402,0.029,2,1,1
NCRB-SYNTH-105332,High Court,Sec 439 CrPC (Regular Bail),1,1,2,0,1,1,1,0,1,1,1,0,0.5583,1,79,0,0,0.128,4,1.0766,58.43,1,113941.54,0.0929,1,1,0,0,3,0.0141,0.0102,2,1,0
NCRB-SYNTH-105334,Trial Court,Writ Petition (Detention),1,1,2,0,1,1,1,1,1,1,1,1,0.7646,1,56,1,1,0.0696,3,1.2778,102.21,0,70540.35,0.0247,0,0,1,1,2,0.058,0.0528,2,1,1
NCRB-SYNTH-105337,High Court,Sec 482 CrPC (Quashing),2,4,2,0,1,1,1,0,1,1,1,1,0.5995,1,46,0,0,0.0586,9,1.2068,132.03,1,47141.29,0.1251,1,1,0,1,3,0.0228,0.0165,2,1,0
NCRB-SYNTH-105348,High Court,Writ Petition (Detention),2,5,2,1,1,1,1,1,1,1,1,1,0.4566,1,79,0,0,0.0071,9,1.1995,161.0,0,92187.29,0.1884,1,1,0,1,2,0.0187,0.017,2,1,0
NCRB-SYNTH-105353,High Court,Sec 439 CrPC (Regular Bail),1,3,2,0,1,1,1,0,1,1,1,1,0.7688,1,107,0,0,0.1062,7,1.0,74.44,0,21611.66,0.1719,0,0,1,0,2,0.0555,0.0505,2,1,1
NCRB-SYNTH-105362,High Court,Writ Petition (Detention),1,4,1,0,1,1,1,0,1,1,1,0,0.7934,1,71,0,0,0.0832,6,1.2541,93.88,1,105610.23,0.0326,1,1,0,0,4,0.0595,0.0369,2,1,1
NCRB-SYNTH-105372,Trial Court,Sec 439 CrPC (Regular Bail),2,5,2,0,1,1,0,0,1,1,1,1,0.5124,1,173,0,0,0.0704,8,1.2349,165.02,0,34736.79,0.0966,1,1,0,1,3,0.0988,0.0713,2,1,0
NCRB-SYNTH-105378,Trial Court,Writ Petition (Detention),1,5,2,0,1,1,0,0,1,1,1,0,0.8675,1,152,0,0,0.0001,5,1.083,95.54,1,102804.13,0.1604,1,1,0,1,28,0.2008,0.0596,4,1,1
NCRB-SYNTH-105380,High Court,Sec 439 CrPC (Regular Bail),1,1,2,0,1,1,0,0,1,1,1,1,0.6355,1,139,0,0,0.0614,7,1.3162,73.44,0,118063.72,0.1317,1,1,0,1,1,0.0165,0.0239,2,1,0
NCRB-SYNTH-105381,High Court,Writ Petition (Detention),7,2,1,0,1,1,1,0,1,1,1,1,0.5619,0,126,0,0,0.058,9,1.1417,76.48,1,50361.21,0.0268,0,0,1,1,4,0.0591,0.0367,2,1,0
NCRB-SYNTH-105383,High Court,Sec 482 CrPC (Quashing),1,2,1,0,1,1,1,1,1,1,1,1,0.7723,1,53,0,0,0.1104,4,1.0,126.08,1,85415.35,0.0173,1,1,0,1,2,0.0146,0.0133,2,1,1
NCRB-SYNTH-105401,Trial Court,Sec 439 CrPC (Regular Bail),2,5,2,1,1,1,1,0,1,1,1,0,0.5545,1,64,0,1,0.053,4,1.2197,153.26,0,44267.49,0.1195,0,0,1,0,7,0.0849,0.0408,5,1,0
NCRB-SYNTH-105404,High Court,Writ Petition (Detention),2,3,1,0,1,1,0,0,1,1,1,1,0.5957,1,169,0,0,0.1243,3,1.357,88.09,0,58949.77,0.0774,1,1,0,1,4,0.0527,0.0327,2,1,0
NCRB-SYNTH-105405,Trial Court,Trial Judgment,1,1,1,0,1,1,0,0,1,1,1,1,0.7637,1,40,0,0,0.087,2,1.0,165.33,1,119355.56,0.0737,1,1,0,0,3,0.0832,0.06,2,1,1
NCRB-SYNTH-105409,Trial Court,Sec 482 CrPC (Quashing),1,1,1,0,1,1,1,0,1,1,1,1,0.6767,1,32,1,1,0.0626,9,1.0007,109.07,0,123471.54,0.0528,0,0,1,1,2,0.0476,0.0433,2,1,0
NCRB-SYNTH-105412,Trial Court,Sec 482 CrPC (Quashing),1,2,1,0,1,1,1,0,1,1,1,1,0.7727,0,51,0,0,0.0502,9,1.0484,165.14,1,147688.71,0.1727,0,0,1,0,9,0.0889,0.0386,5,1,1
NCRB-SYNTH-105418,Trial Court,Sec 439 CrPC (Regular Bail),1,5,2,0,1,1,1,0,1,1,1,1,0.9114,1,45,1,1,0.1204,1,1.2381,113.44,1,100051.1,0.0553,1,1,0,0,16,0.0919,0.0324,4,1,1
NCRB-SYNTH-105420,Trial Court,Sec 439 CrPC (Regular Bail),1,5,2,0,1,1,1,0,1,1,1,1,0.4629,1,130,0,1,0.0714,5,1.0989,99.73,0,73532.94,0.1941,0,0,1,0,43,0.1044,0.0276,4,1,0
NCRB-SYNTH-105422,High Court,Sec 482 CrPC (Quashing),1,1,1,0,1,1,0,1,1,1,1,1,0.4873,1,123,1,1,0.0788,3,1.115,104.38,0,106737.21,0.0314,0,0,1,1,5,0.2021,0.1128,5,1,0
NCRB-SYNTH-105428,Trial Court,Trial Judgment,1,2,2,1,1,1,1,0,1,1,1,1,0.7451,1,115,0,0,0.0813,3,1.1476,155.17,1,48338.0,0.0178,1,1,0,0,11,0.1104,0.0444,5,1,1
NCRB-SYNTH-105437,Trial Court,Writ Petition (Detention),1,3,2,0,1,1,1,1,1,1,1,1,0.9375,0,166,0,0,0.0909,8,1.1624,140.2,0,53140.45,0.0499,1,1,0,0,7,0.1508,0.0725,5,1,1
NCRB-SYNTH-105442,Trial Court,Writ Petition (Detention),1,2,1,0,1,1,1,0,1,1,1,1,0.8767,1,75,0,0,0.1093,6,1.0,73.54,0,31356.19,0.1241,1,1,0,1,2,0.0864,0.0787,2,1,1
NCRB-SYNTH-105447,Trial Court,Sec 482 CrPC (Quashing),1,2,2,0,1,1,0,1,1,1,1,1,0.8866,1,163,1,1,0.0844,7,1.0669,96.4,0,109325.72,0.038,0,0,1,1,42,0.1287,0.0342,4,1,1
NCRB-SYNTH-105451,High Court,Writ Petition (Detention),1,4,1,0,1,1,0,0,1,1,1,0,0.66,1,24,0,0,0.0403,8,1.0,174.72,1,16753.64,0.1962,1,1,0,1,4,0.0678,0.0421,2,1,0
NCRB-SYNTH-105452,Trial Court,Sec 482 CrPC (Quashing),1,3,1,0,1,1,0,0,1,1,1,1,0.5557,0,61,1,1,0.031,1,1.1021,118.23,0,136828.55,0.0554,1,1,0,1,45,0.1461,0.0382,4,1,0
NCRB-SYNTH-105453,Trial Court,Writ Petition (Detention),21,5,2,0,1,1,0,0,1,1,1,0,0.6555,1,155,0,0,0.0914,1,1.1049,124.12,0,33046.57,0.0305,1,1,0,0,7,0.1837,0.0883,5,1,0
NCRB-SYNTH-105456,High Court,Sec 482 CrPC (Quashing),2,3,2,0,1,1,1,0,1,1,1,1,0.7159,1,49,1,1,0.0718,6,1.1558,46.25,0,109553.47,0.1167,1,1,0,1,4,0.1367,0.0849,5,1,1
NCRB-SYNTH-105462,High Court,Sec 439 CrPC (Regular Bail),4,2,1,0,1,1,1,0,1,1,1,1,0.5297,1,92,0,0,0.0721,4,1.1506,85.31,0,149659.46,0.1905,1,1,0,1,2,0.0495,0.045,2,1,0
NCRB-SYNTH-105464,High Court,Sec 482 CrPC (Quashing),1,5,1,0,1,1,0,0,1,1,1,0,0.5622,1,158,0,0,0.0401,4,1.1803,33.45,0,58335.05,0.0371,1,1,0,0,4,0.0744,0.0462,2,1,0
NCRB-SYNTH-105465,High Court,Trial Judgment,1,5,1,0,1,1,1,1,1,1,1,1,0.8799,1,99,1,1,0.0385,7,1.1641,129.0,0,37524.33,0.1242,1,1,0,1,3,0.0332,0.024,2,1,1
NCRB-SYNTH-105472,High Court,Sec 439 CrPC (Regular Bail),1,3,1,0,1,1,1,1,1,1,1,0,0.8395,1,131,0,0,0.0929,4,1.1279,132.2,0,20595.39,0.1831,0,0,1,0,1,0.011,0.0159,2,1,1
NCRB-SYNTH-105477,Trial Court,Writ Petition (Detention),4,1,2,0,1,1,1,0,1,1,1,1,0.8182,1,176,1,0,0.0498,4,1.0525,90.37,0,40236.75,0.0507,1,1,0,1,6,0.0883,0.0454,5,1,1
NCRB-SYNTH-105480,Supreme Court,Writ Petition (Detention),4,5,1,0,1,1,0,0,1,1,1,1,0.477,1,142,0,1,0.0331,5,1.0268,114.6,0,82501.22,0.1354,1,1,0,1,4,0.0585,0.0363,2,1,0
NCRB-SYNTH-105482,High Court,Writ Petition (Detention),2,2,1,0,1,1,0,0,1,1,1,1,0.4038,1,52,1,0,0.0916,7,1.0267,151.75,1,44088.32,0.084,1,1,0,1,9,0.0629,0.0273,5,1,0
NCRB-SYNTH-105487,Trial Court,Sec 439 CrPC (Regular Bail),7,1,1,0,1,1,0,0,1,1,1,0,0.9289,1,41,0,0,0.048,8,1.2975,83.02,1,143219.59,0.0337,1,1,0,0,4,0.0231,0.0143,2,1,1
NCRB-SYNTH-105494,High Court,Writ Petition (Detention),2,1,2,0,1,1,1,0,1,1,1,1,0.5805,1,67,0,0,0.1557,4,1.0,151.69,1,41041.14,0.007,1,1,0,1,2,0.0528,0.0481,2,1,0
NCRB-SYNTH-105496,High Court,Writ Petition (Detention),1,1,2,1,1,1,1,0,1,1,1,1,0.7012,0,122,1,1,0.064,5,1.0994,78.77,1,80823.57,0.1948,1,1,0,0,33,0.14,0.0397,4,1,1
NCRB-SYNTH-105503,Trial Court,Trial Judgment,1,4,2,0,1,1,1,0,1,1,1,1,0.8137,1,23,0,0,0.0,4,1.0,57.18,1,89732.3,0.0172,1,1,0,1,43,0.0831,0.022,4,1,1
NCRB-SYNTH-105505,Trial Court,Sec 439 CrPC (Regular Bail),2,2,2,0,1,1,1,0,1,1,1,1,0.8825,1,155,0,0,0.0829,9,1.147,80.28,0,28978.04,0.0139,1,1,0,1,3,0.0656,0.0473,2,1,1
NCRB-SYNTH-105508,High Court,Writ Petition (Detention),1,3,1,0,1,1,0,0,1,1,1,1,0.729,1,108,1,1,0.123,6,1.2085,177.92,0,73980.83,0.1219,1,1,0,1,1,0.0415,0.0599,2,1,1
NCRB-SYNTH-105509,Trial Court,Writ Petition (Detention),4,2,1,0,1,1,0,0,1,1,1,0,0.7751,1,133,0,0,0.1295,1,1.0,93.5,1,18461.69,0.0377,1,1,0,1,2,0.0393,0.0358,2,1,1
NCRB-SYNTH-105530,Trial Court,Sec 439 CrPC (Regular Bail),4,5,1,0,1,1,1,1,1,1,1,1,0.4879,1,91,0,0,0.1573,1,1.0545,151.26,0,49936.19,0.1762,1,1,0,0,2,0.0588,0.0536,2,1,0
NCRB-SYNTH-105549,High Court,Sec 439 CrPC (Regular Bail),1,2,1,0,1,1,0,0,1,1,1,1,0.8382,0,74,0,0,0.0708,4,1.0323,100.79,0,28984.24,0.1687,1,1,0,1,10,0.1375,0.0573,5,1,1
NCRB-SYNTH-105551,Trial Court,Writ Petition (Detention),1,1,2,0,1,1,1,0,1,1,1,1,0.7765,1,142,1,1,0.0745,9,1.4253,119.71,0,63908.65,0.1665,0,0,1,1,3,0.0641,0.0462,2,1,1
NCRB-SYNTH-105559,Trial Court,Sec 482 CrPC (Quashing),1,1,1,0,1,1,1,0,1,1,1,1,0.4698,1,92,1,1,0.0625,8,1.1322,165.51,0,43418.41,0.0012,1,1,0,1,20,0.1895,0.0623,4,1,0
NCRB-SYNTH-105561,High Court,Sec 439 CrPC (Regular Bail),2,3,1,0,1,1,0,1,1,1,1,1,0.679,1,118,1,1,0.0548,5,1.0585,78.72,0,137946.9,0.0602,1,1,0,0,4,0.1217,0.0756,5,1,0
NCRB-SYNTH-105563,High Court,Sec 439 CrPC (Regular Bail),1,1,2,0,1,1,0,0,1,1,1,1,0.6557,1,166,1,1,0.0,2,1.0615,110.16,1,17222.07,0.1205,1,1,0,1,6,0.1376,0.0707,5,1,0
NCRB-SYNTH-105564,Trial Court,Sec 439 CrPC (Regular Bail),1,2,2,0,1,1,1,0,1,1,1,1,0.8707,1,24,0,0,0.0692,7,1.2461,90.71,0,47735.03,0.1915,1,1,0,1,14,0.2771,0.1023,4,1,1
NCRB-SYNTH-105591,High Court,Sec 482 CrPC (Quashing),2,5,2,0,1,1,1,1,1,1,1,0,0.5049,1,30,0,1,0.0838,5,1.1007,106.09,1,74971.27,0.0896,1,1,0,0,44,0.2457,0.0645,4,1,0
NCRB-SYNTH-105601,Trial Court,Trial Judgment,2,5,1,0,1,1,1,1,1,1,1,0,0.545,1,18,0,0,0.0751,6,1.004,136.97,1,66237.57,0.1355,0,0,1,0,1,0.0209,0.0302,2,1,0
NCRB-SYNTH-105602,Trial Court,Writ Petition (Detention),1,2,2,0,1,1,1,0,1,1,1,1,0.4491,1,67,0,0,0.0772,1,1.1796,39.9,0,109156.91,0.1272,1,1,0,1,13,0.1084,0.0411,4,1,0
NCRB-SYNTH-105614,Trial Court,Writ Petition (Detention),2,1,2,0,1,1,0,0,1,1,1,1,0.5848,1,127,1,1,0.067,7,1.1566,147.38,0,44079.79,0.0314,0,0,1,0,2,0.087,0.0792,2,1,0
NCRB-SYNTH-105618,High Court,Sec 439 CrPC (Regular Bail),2,3,1,0,1,1,1,1,1,1,1,0,0.7189,1,49,0,0,0.1356,2,1.0082,60.33,1,91114.2,0.087,1,1,0,0,42,0.2469,0.0656,4,1,1
NCRB-SYNTH-105628,Trial Court,Sec 482 CrPC (Quashing),1,1,1,0,1,1,1,0,1,1,1,1,0.8337,0,58,0,0,0.127,7,1.0,81.95,0,21713.85,0.1859,1,1,0,0,7,0.249,0.1197,5,1,1
NCRB-SYNTH-105643,Trial Court,Sec 439 CrPC (Regular Bail),1,4,2,0,1,1,1,0,1,1,1,1,0.8825,1,161,0,0,0.0276,8,1.0,165.63,0,131162.77,0.1625,1,1,0,1,3,0.0285,0.0206,2,1,1
NCRB-SYNTH-105644,High Court,Writ Petition (Detention),1,5,1,0,1,1,1,1,1,1,1,1,0.7154,1,162,0,0,0.1319,5,1.0423,86.61,0,130314.39,0.0187,1,1,0,1,2,0.0799,0.0728,2,1,1
NCRB-SYNTH-105646,Trial Court,Sec 439 CrPC (Regular Bail),1,4,2,0,1,1,1,0,1,1,1,0,0.521,1,29,0,0,0.1028,5,1.1033,42.69,1,44037.83,0.0425,1,1,0,0,29,0.291,0.0856,4,1,0
NCRB-SYNTH-105653,High Court,Writ Petition (Detention),7,5,1,0,1,1,0,0,1,1,1,0,0.9328,1,119,1,0,0.1018,8,1.0,148.37,0,50556.92,0.0444,1,1,0,1,26,0.3119,0.0946,4,1,1
NCRB-SYNTH-105672,Trial Court,Sec 439 CrPC (Regular Bail),7,2,1,0,1,1,1,0,1,1,1,1,0.6083,1,94,1,1,0.0759,8,1.1145,64.48,0,80704.0,0.1371,0,0,1,0,11,0.1209,0.0487,5,1,0
NCRB-SYNTH-105674,Supreme Court,Writ Petition (Detention),45,4,2,0,1,1,1,0,1,1,1,0,0.5883,1,89,0,1,0.1002,9,1.1943,105.92,1,106130.36,0.1278,1,1,0,1,6,0.1262,0.0648,5,1,0
NCRB-SYNTH-105681,Trial Court,Sec 439 CrPC (Regular Bail),1,2,2,0,1,1,1,1,1,1,1,1,0.7187,1,39,0,0,0.0907,2,1.3086,89.26,0,120097.24,0.0815,1,1,0,1,2,0.0314,0.0286,2,1,1
NCRB-SYNTH-105684,Trial Court,Sec 439 CrPC (Regular Bail),4,1,1,0,1,1,1,0,1,1,1,1,0.6551,1,51,1,1,0.0621,6,1.2005,172.14,0,94498.37,0.0243,0,0,1,1,10,0.071,0.0296,5,1,0
NCRB-SYNTH-105691,Trial Court,Writ Petition (Detention),1,2,1,0,1,1,1,0,1,1,1,1,0.8148,1,113,0,0,0.0202,2,1.2475,62.52,0,137640.37,0.0436,1,1,0,0,3,0.075,0.0541,2,1,1
NCRB-SYNTH-105696,High Court,Writ Petition (Detention),2,5,1,0,1,1,0,0,1,1,1,1,0.5131,1,133,0,1,0.0803,1,1.2039,144.68,1,111402.08,0.0979,1,1,0,0,7,0.1473,0.0709,5,1,0
NCRB-SYNTH-105700,High Court,Sec 482 CrPC (Quashing),7,2,2,0,1,1,1,0,1,1,1,0,0.3775,1,101,0,1,0.0517,2,1.0861,142.1,0,142342.18,0.1901,1,1,0,0,4,0.0489,0.0304,2,1,0
NCRB-SYNTH-105701,Trial Court,Sec 439 CrPC (Regular Bail),7,1,2,0,1,1,0,0,1,1,1,1,0.8503,1,139,0,0,0.117,9,1.1594,127.12,0,118975.0,0.0995,1,1,0,1,12,0.2476,0.0965,4,1,1
NCRB-SYNTH-105704,High Court,Writ Petition (Detention),45,1,2,0,1,1,1,0,1,1,1,0,0.5752,1,21,1,1,0.067,3,1.2762,49.37,0,149914.32,0.1393,1,1,0,1,1,0.054,0.0779,2,1,0
NCRB-SYNTH-105706,Trial Court,Writ Petition (Detention),2,2,1,0,1,1,0,0,1,1,1,1,0.4638,1,120,0,0,0.1311,7,1.0726,158.54,0,111642.15,0.0444,1,1,0,1,32,0.2331,0.0667,4,1,0
NCRB-SYNTH-105716,High Court,Writ Petition (Detention),27,3,1,0,1,1,0,1,1,1,1,1,0.5997,1,124,1,0,0.0865,4,1.0432,103.01,0,20991.8,0.0818,1,1,0,0,3,0.0414,0.0298,2,1,0
NCRB-SYNTH-105718,High Court,Trial Judgment,1,1,1,1,1,1,1,1,1,1,1,1,0.7232,1,117,0,0,0.0927,3,1.0209,63.97,0,136613.78,0.0829,1,1,0,0,7,0.1335,0.0642,5,1,1
NCRB-SYNTH-105738,Supreme Court,Writ Petition (Detention),7,1,1,0,1,1,0,0,1,1,1,1,0.7742,1,27,1,0,0.0635,9,1.0595,153.69,1,53511.26,0.0846,1,1,0,1,4,0.1007,0.0626,5,1,1
NCRB-SYNTH-105751,High Court,Writ Petition (Detention),27,3,2,0,1,1,0,0,1,1,1,1,0.7766,1,34,0,0,0.0299,3,1.233,129.38,0,74431.85,0.1826,1,1,0,1,6,0.1574,0.0809,5,1,1
NCRB-SYNTH-105760,High Court,Sec 439 CrPC (Regular Bail),1,3,2,0,1,1,0,0,1,1,1,1,0.9204,1,60,1,1,0.0575,1,1.0,132.18,0,81329.44,0.085,1,1,0,0,32,0.27,0.0772,4,1,1
NCRB-SYNTH-105767,Trial Court,Sec 439 CrPC (Regular Bail),2,2,1,0,1,1,0,1,1,1,1,0,0.6018,1,154,0,0,0.0699,9,1.1525,179.39,0,89151.72,0.0703,1,1,0,0,3,0.0752,0.0543,2,1,0
NCRB-SYNTH-105769,High Court,Writ Petition (Detention),1,1,2,0,1,1,1,0,1,1,1,1,0.575,1,61,0,0,0.0873,6,1.2493,125.13,0,88884.53,0.1111,0,0,1,1,7,0.2285,0.1099,5,1,0
NCRB-SYNTH-105773,High Court,Trial Judgment,2,1,2,0,1,1,1,0,1,1,1,1,0.4275,1,160,0,0,0.1836,5,1.2425,108.36,1,100749.65,0.1588,1,1,0,0,33,0.2144,0.0608,4,1,0
NCRB-SYNTH-105780,High Court,Sec 439 CrPC (Regular Bail),1,5,2,0,1,1,1,0,1,1,1,1,0.8511,1,78,0,0,0.0974,9,1.0546,158.43,0,82419.9,0.1389,1,1,0,1,18,0.2377,0.0807,4,1,1
NCRB-SYNTH-105787,Trial Court,Sec 482 CrPC (Quashing),2,1,2,0,1,1,1,0,1,1,1,1,0.7177,1,107,0,1,0.045,8,1.0,40.84,0,77386.3,0.1836,1,1,0,1,23,0.175,0.0551,4,1,1
NCRB-SYNTH-105790,Trial Court,Writ Petition (Detention),1,5,2,0,1,1,1,1,1,1,1,1,0.5635,1,170,0,1,0.0446,4,1.09,49.22,0,106521.63,0.1428,1,1,0,1,6,0.2309,0.1187,5,1,0
NCRB-SYNTH-105791,Trial Court,Sec 439 CrPC (Regular Bail),4,3,1,0,1,1,1,1,1,1,1,0,0.5031,1,48,1,0,0.0,9,1.0839,43.44,1,125854.15,0.146,1,1,0,0,2,0.0824,0.075,2,1,0
NCRB-SYNTH-105801,High Court,Writ Petition (Detention),1,1,2,0,1,1,1,0,1,1,1,1,0.8369,1,85,0,0,0.0566,2,1.0,140.23,0,92935.21,0.0729,1,1,0,1,4,0.0296,0.0184,2,1,1
NCRB-SYNTH-105803,Trial Court,Writ Petition (Detention),7,3,2,0,1,1,0,0,1,1,1,0,0.6301,1,25,1,1,0.1311,1,1.0875,139.82,0,48547.62,0.0003,1,1,0,1,2,0.07,0.0637,2,1,0
NCRB-SYNTH-105807,Trial Court,Writ Petition (Detention),1,2,1,0,1,1,0,1,1,1,1,1,0.5006,1,56,1,1,0.1086,7,1.275,158.87,0,22746.83,0.008,1,1,0,1,9,0.0971,0.0422,5,1,0
NCRB-SYNTH-105814,Trial Court,Sec 439 CrPC (Regular Bail),1,1,2,0,1,1,1,0,1,1,1,0,0.4722,1,156,0,0,0.082,3,1.1095,156.16,0,111431.34,0.1623,0,0,1,0,6,0.0912,0.0469,5,1,0
NCRB-SYNTH-105846,Trial Court,Sec 482 CrPC (Quashing),2,5,2,0,1,1,1,1,1,1,1,0,0.4826,1,37,1,1,0.0906,9,1.1141,116.93,0,143613.35,0.0036,1,1,0,0,10,0.1219,0.0508,5,1,0
NCRB-SYNTH-105847,Trial Court,Sec 439 CrPC (Regular Bail),2,2,1,0,1,1,1,0,1,1,1,0,0.4087,0,144,0,1,0.1232,1,1.0882,119.82,0,112001.22,0.0048,1,1,0,1,4,0.0681,0.0423,2,1,0
NCRB-SYNTH-105849,Trial Court,Writ Petition (Detention),4,1,2,0,1,1,1,1,1,1,1,1,0.9349,0,106,0,0,0.0815,9,1.1292,55.94,1,43234.43,0.0966,0,0,1,1,38,0.1288,0.0352,4,1,1
NCRB-SYNTH-105868,High Court,Sec 439 CrPC (Regular Bail),2,3,2,0,1,1,0,1,1,1,1,0,0.4063,1,161,1,1,0.0991,4,1.139,157.63,1,96469.99,0.1475,0,0,1,1,8,0.0523,0.0238,5,1,0
NCRB-SYNTH-105871,High Court,Sec 439 CrPC (Regular Bail),4,1,2,0,1,1,0,0,1,1,1,1,0.4729,0,92,1,1,0.1282,6,1.1669,130.78,1,81736.27,0.1639,0,0,1,1,1,0.0167,0.0241,2,1,0
NCRB-SYNTH-105872,Trial Court,Writ Petition (Detention),1,4,2,0,1,1,1,1,1,1,1,1,0.8672,1,48,0,0,0.1726,9,1.0678,163.16,0,36973.22,0.0112,1,1,0,1,2,0.0627,0.057,2,1,1
NCRB-SYNTH-105876,High Court,Sec 439 CrPC (Regular Bail),1,2,2,0,1,1,1,1,1,1,1,0,0.4852,1,99,0,0,0.117,8,1.112,42.84,0,140018.46,0.0099,1,1,0,0,13,0.2762,0.1046,4,1,0
NCRB-SYNTH-105881,High Court,Writ Petition (Detention),1,3,1,0,1,1,0,1,1,1,1,0,0.7527,1,38,1,1,0.0636,8,1.0,70.16,0,34896.68,0.0566,1,1,0,1,4,0.0885,0.055,2,1,1
NCRB-SYNTH-105896,Trial Court,Sec 439 CrPC (Regular Bail),1,1,2,0,1,1,1,1,1,1,1,1,0.6394,1,64,0,0,0.1139,7,1.2101,100.32,0,19909.43,0.0911,1,1,0,1,26,0.0993,0.0301,4,1,0
NCRB-SYNTH-105898,Trial Court,Writ Petition (Detention),2,5,1,0,1,1,0,0,1,1,1,0,0.7784,0,136,0,0,0.0651,6,1.1201,174.8,0,50932.4,0.141,0,0,1,1,6,0.1098,0.0564,5,1,1
NCRB-SYNTH-105909,High Court,Sec 482 CrPC (Quashing),2,2,1,0,1,1,1,0,1,1,1,0,0.5219,1,119,0,0,0.0452,3,1.1301,53.71,0,36620.07,0.1919,1,1,0,0,3,0.0632,0.0456,2,1,0
NCRB-SYNTH-105919,Trial Court,Trial Judgment,15,4,2,0,1,1,1,0,1,1,1,0,0.4712,1,35,0,1,0.0762,2,1.1734,131.55,0,125507.74,0.1515,1,1,0,1,2,0.0842,0.0766,2,1,0
NCRB-SYNTH-105925,High Court,Trial Judgment,1,3,1,0,1,1,0,0,1,1,1,1,0.4712,1,49,1,1,0.1122,7,1.129,102.3,1,43301.97,0.095,0,0,1,1,2,0.0635,0.0578,2,1,0
NCRB-SYNTH-105932,Trial Court,Writ Petition (Detention),7,5,1,0,1,1,1,0,1,1,1,1,0.9062,1,47,0,0,0.0664,4,1.0966,136.95,1,146223.68,0.1413,1,1,0,0,4,0.0329,0.0204,2,1,1
NCRB-SYNTH-105933,Trial Court,Sec 482 CrPC (Quashing),2,4,1,0,1,1,1,0,1,1,1,1,0.413,1,108,0,0,0.1234,8,1.0,77.72,0,52795.87,0.1167,1,1,0,1,4,0.0216,0.0134,2,1,0
NCRB-SYNTH-105938,High Court,Writ Petition (Detention),15,4,1,0,1,1,1,0,1,1,1,1,0.8234,1,94,0,0,0.1116,1,1.039,68.07,0,130370.81,0.1414,0,0,1,1,1,0.0727,0.1048,2,1,1
NCRB-SYNTH-105939,Trial Court,Sec 439 CrPC (Regular Bail),1,4,2,0,1,1,1,1,1,1,1,1,0.4277,1,176,0,0,0.0987,1,1.1127,71.8,0,115864.91,0.0897,1,1,0,1,1,0.0594,0.0857,2,1,0
NCRB-SYNTH-105940,High Court,Sec 482 CrPC (Quashing),7,2,2,0,1,1,0,0,1,1,1,0,0.5141,0,164,1,1,0.0849,8,1.0,125.43,0,91044.48,0.1907,0,0,1,1,2,0.0168,0.0153,2,1,0
NCRB-SYNTH-105942,Trial Court,Writ Petition (Detention),1,5,2,0,1,1,1,0,1,1,1,1,0.4238,1,27,0,0,0.1465,4,1.0665,69.47,1,137098.27,0.0673,1,1,0,1,1,0.0361,0.0521,2,1,0
NCRB-SYNTH-105946,Trial Court,Writ Petition (Detention),27,5,1,0,1,1,1,0,1,1,1,1,0.7703,1,74,1,1,0.1324,9,1.1097,138.6,0,71192.53,0.1879,0,0,1,1,9,0.2352,0.1021,5,1,1
NCRB-SYNTH-105947,Trial Court,Trial Judgment,1,3,1,0,1,1,1,1,1,1,1,0,0.5909,1,30,0,0,0.1022,4,1.2946,78.83,1,127402.2,0.1924,1,1,0,0,9,0.1408,0.0612,5,1,0
NCRB-SYNTH-105957,Trial Court,Sec 482 CrPC (Quashing),1,3,2,0,1,1,1,1,1,1,1,1,0.9162,1,109,0,0,0.0521,6,1.0207,76.06,0,145023.13,0.0684,1,1,0,1,4,0.0701,0.0436,2,1,1
NCRB-SYNTH-105972,Trial Court,Writ Petition (Detention),1,4,1,0,1,1,0,0,1,1,1,1,0.896,1,176,0,0,0.175,6,1.1166,48.8,0,33171.41,0.1794,0,0,1,0,1,0.0898,0.1296,2,1,1
NCRB-SYNTH-105975,Trial Court,Writ Petition (Detention),1,3,2,0,1,1,1,0,1,1,1,1,0.5694,1,169,1,1,0.0385,9,1.1513,73.95,0,120923.55,0.0357,1,1,0,1,2,0.0588,0.0535,2,1,0
NCRB-SYNTH-106010,Trial Court,Writ Petition (Detention),1,4,2,0,1,1,0,1,1,1,1,0,0.6911,1,36,1,1,0.0783,2,1.1643,112.72,0,57070.25,0.0235,1,1,0,1,19,0.2279,0.0761,4,1,0
NCRB-SYNTH-106026,High Court,Sec 439 CrPC (Regular Bail),4,5,2,1,1,1,1,1,1,1,1,1,0.7971,0,50,1,1,0.1188,4,1.2324,145.53,0,77282.2,0.126,0,0,1,0,4,0.0249,0.0155,2,1,1
NCRB-SYNTH-106034,Trial Court,Trial Judgment,1,1,1,0,1,1,0,0,1,1,1,1,0.8568,1,174,1,1,0.0265,5,1.0899,71.57,1,86401.55,0.0967,1,1,0,1,1,0.0119,0.0171,2,1,1
NCRB-SYNTH-106036,High Court,Sec 439 CrPC (Regular Bail),7,5,1,0,1,1,1,0,1,1,1,0,0.5635,1,90,0,0,0.0895,8,1.0918,172.92,1,38403.7,0.138,1,1,0,1,4,0.0861,0.0535,2,1,0
NCRB-SYNTH-106062,Trial Court,Sec 482 CrPC (Quashing),1,2,2,0,1,1,0,0,1,1,1,0,0.5566,1,127,1,1,0.0608,8,1.0,173.01,0,128841.11,0.1158,1,1,0,0,2,0.0826,0.0752,2,1,0
NCRB-SYNTH-106065,Trial Court,Sec 439 CrPC (Regular Bail),1,1,1,0,1,1,0,0,1,1,1,1,0.7183,1,48,0,0,0.1006,5,1.0,40.07,1,83095.22,0.128,0,0,1,1,11,0.1447,0.0582,5,1,1
NCRB-SYNTH-106068,High Court,Sec 482 CrPC (Quashing),1,2,1,0,1,1,1,0,1,1,1,0,0.4957,1,132,0,0,0.0241,7,1.0,97.43,0,121586.24,0.169,1,1,0,0,11,0.1789,0.072,5,1,0
NCRB-SYNTH-106070,Trial Court,Writ Petition (Detention),27,3,2,0,1,1,1,0,1,1,1,1,0.7941,1,80,0,0,0.074,7,1.0637,68.05,0,44996.08,0.0754,1,1,0,1,4,0.0182,0.0113,2,1,1
NCRB-SYNTH-106072,Trial Court,Trial Judgment,2,2,2,0,1,1,1,0,1,1,1,1,0.8568,1,109,1,1,0.1769,2,1.0,57.84,1,33667.74,0.0109,1,1,0,0,5,0.0548,0.0306,5,1,1
NCRB-SYNTH-106075,Trial Court,Writ Petition (Detention),2,4,1,0,1,1,1,1,1,1,1,1,0.9015,1,144,0,0,0.0795,6,1.0905,131.44,0,42065.5,0.19,0,0,1,1,26,0.1742,0.0528,4,1,1
NCRB-SYNTH-106077,High Court,Writ Petition (Detention),4,4,2,0,1,1,1,0,1,1,1,1,0.6354,1,51,0,0,0.0284,5,1.2982,160.3,0,109292.16,0.0317,1,1,0,1,3,0.0604,0.0436,2,1,0
NCRB-SYNTH-106084,High Court,Trial Judgment,1,4,2,0,1,1,0,0,1,1,1,1,0.7555,1,123,1,1,0.0604,9,1.1434,118.92,0,147998.23,0.1515,1,1,0,1,4,0.078,0.0484,2,1,1
NCRB-SYNTH-106085,Trial Court,Writ Petition (Detention),1,3,2,0,1,1,1,0,1,1,1,1,0.6124,1,13,0,0,0.0907,6,1.0802,46.77,0,19953.84,0.023,1,1,0,0,4,0.1815,0.1128,5,1,0
NCRB-SYNTH-106088,Trial Court,Sec 439 CrPC (Regular Bail),1,3,2,0,1,1,0,0,1,1,1,1,0.7171,1,132,0,0,0.1695,4,1.287,169.39,1,83043.68,0.0899,1,1,0,0,25,0.2065,0.0634,4,1,1
NCRB-SYNTH-106093,High Court,Trial Judgment,2,2,1,0,1,1,1,0,1,1,1,1,0.4973,1,85,0,1,0.0656,6,1.0184,176.42,0,68791.06,0.1313,1,1,0,1,2,0.0446,0.0406,2,1,0
NCRB-SYNTH-106095,Trial Court,Sec 482 CrPC (Quashing),7,3,2,0,1,1,1,0,1,1,1,1,0.5996,1,183,1,1,0.1242,7,1.2617,113.31,1,43241.91,0.0265,1,1,0,1,38,0.1317,0.0359,4,1,0
NCRB-SYNTH-106103,Trial Court,Writ Petition (Detention),1,2,1,1,1,1,0,1,1,1,1,1,0.3917,0,67,0,1,0.078,8,1.1445,154.69,0,128787.59,0.0042,1,1,0,1,3,0.0354,0.0255,2,1,0
NCRB-SYNTH-106115,Trial Court,Writ Petition (Detention),1,3,1,0,1,1,0,1,1,1,1,1,0.4685,0,106,0,0,0.0248,8,1.2367,102.29,0,30556.76,0.0185,1,1,0,1,1,0.0809,0.1167,2,1,0
NCRB-SYNTH-106119,Trial Court,Writ Petition (Detention),1,3,1,0,1,1,1,0,1,1,1,1,0.7215,1,52,0,0,0.0144,7,1.0737,177.29,0,124744.63,0.009,1,1,0,0,1,0.0847,0.1222,2,1,1
NCRB-SYNTH-106128,Trial Court,Sec 482 CrPC (Quashing),2,3,2,0,1,1,0,0,1,1,1,1,0.8222,1,129,0,0,0.1348,4,1.2895,123.52,0,132476.75,0.0289,1,1,0,0,40,0.2958,0.0797,4,1,1
NCRB-SYNTH-106130,High Court,Sec 439 CrPC (Regular Bail),7,5,2,0,1,1,0,1,1,1,1,1,0.3872,1,120,0,0,0.0514,6,1.0647,161.93,1,116898.95,0.0281,1,1,0,0,11,0.0921,0.0371,5,1,0
NCRB-SYNTH-106162,Trial Court,Sec 482 CrPC (Quashing),1,5,1,0,1,1,0,1,1,1,1,0,0.9408,1,173,1,0,0.0244,1,1.088,115.19,0,109324.72,0.0442,1,1,0,0,4,0.2274,0.1413,5,1,1
NCRB-SYNTH-106163,Trial Court,Sec 482 CrPC (Quashing),2,5,1,0,1,1,0,0,1,1,1,1,0.6889,0,107,0,1,0.0934,9,1.1517,94.95,1,44325.57,0.1746,1,1,0,0,1,0.0607,0.0876,2,1,0
NCRB-SYNTH-106165,High Court,Sec 482 CrPC (Quashing),2,4,1,0,1,1,0,0,1,1,1,1,0.6094,1,113,1,1,0.0716,4,1.1639,173.68,0,25968.48,0.1135,1,1,0,1,4,0.0219,0.0136,2,1,0
NCRB-SYNTH-106180,Trial Court,Sec 482 CrPC (Quashing),1,1,1,0,1,1,1,0,1,1,1,1,0.46,1,70,0,0,0.0573,8,1.0,151.37,0,109316.73,0.1469,1,1,0,1,1,0.0842,0.1215,2,1,0
NCRB-SYNTH-106182,Trial Court,Sec 439 CrPC (Regular Bail),27,3,1,0,1,1,1,0,1,1,1,1,0.8763,1,56,0,1,0.1352,7,1.0885,157.75,1,58485.23,0.1979,0,0,1,1,2,0.0169,0.0154,2,1,1
NCRB-SYNTH-106188,Trial Court,Writ Petition (Detention),1,1,2,0,1,1,1,1,1,1,1,0,0.8997,1,146,0,1,0.0948,6,1.2949,160.27,0,146181.96,0.1379,1,1,0,1,6,0.1546,0.0795,5,1,1
NCRB-SYNTH-106197,High Court,Sec 439 CrPC (Regular Bail),1,4,2,0,1,1,0,0,1,1,1,0,0.801,1,29,0,0,0.0322,2,1.1985,75.85,0,120276.02,0.043,0,0,1,1,2,0.0449,0.0409,2,1,1
NCRB-SYNTH-106199,Trial Court,Sec 482 CrPC (Quashing),21,1,2,0,1,1,0,0,1,1,1,1,0.4816,1,107,0,0,0.0559,4,1.1327,57.47,1,17018.89,0.0153,1,1,0,0,9,0.2267,0.0985,5,1,0
NCRB-SYNTH-106207,Trial Court,Writ Petition (Detention),1,2,2,0,1,1,1,0,1,1,1,1,0.7545,1,151,0,0,0.1069,3,1.2366,109.81,0,20571.29,0.1931,0,0,1,0,20,0.2003,0.0658,4,1,1
NCRB-SYNTH-106208,Supreme Court,Writ Petition (Detention),1,3,1,0,1,1,0,0,1,1,1,1,0.5675,1,151,0,0,0.0121,3,1.3579,47.26,1,32498.4,0.1399,1,1,0,1,2,0.0667,0.0608,2,1,0
NCRB-SYNTH-106253,High Court,Writ Petition (Detention),1,5,1,0,1,1,1,0,1,1,1,1,0.501,1,110,0,0,0.0729,3,1.2657,108.29,0,138625.15,0.152,1,1,0,1,3,0.0936,0.0675,2,1,0
NCRB-SYNTH-106260,High Court,Sec 439 CrPC (Regular Bail),4,3,2,0,1,1,1,0,1,1,1,1,0.9011,1,71,0,0,0.1369,3,1.2081,40.13,0,139679.44,0.0759,1,1,0,0,31,0.1524,0.044,4,1,1
NCRB-SYNTH-106269,Trial Court,Writ Petition (Detention),1,4,2,0,1,1,1,1,1,1,1,0,0.8315,0,141,0,0,0.1075,1,1.0391,142.62,0,103795.9,0.0847,0,0,1,0,7,0.0768,0.0369,5,1,1
NCRB-SYNTH-106277,Trial Court,Trial Judgment,2,1,2,0,1,1,0,0,1,1,1,1,0.8544,0,74,0,0,0.0734,4,1.1564,77.77,0,111463.97,0.0785,1,1,0,0,2,0.0324,0.0295,2,1,1
NCRB-SYNTH-106285,Trial Court,Sec 482 CrPC (Quashing),4,2,2,0,1,1,1,0,1,1,1,1,0.814,1,91,1,1,0.0,8,1.0,54.17,0,45200.56,0.0868,0,0,1,1,4,0.0215,0.0134,2,1,1
NCRB-SYNTH-106294,Trial Court,Trial Judgment,1,4,1,0,1,1,1,0,1,1,1,0,0.6532,1,141,0,0,0.0641,7,1.2994,87.1,0,104879.61,0.1392,1,1,0,0,4,0.0771,0.0479,2,1,0
NCRB-SYNTH-106300,High Court,Writ Petition (Detention),1,1,1,0,1,1,0,1,1,1,1,0,0.4854,1,136,1,1,0.0713,9,1.0,151.21,0,53910.01,0.0473,1,1,0,1,3,0.0911,0.0657,2,1,0
NCRB-SYNTH-106314,Trial Court,Writ Petition (Detention),7,2,1,0,1,1,0,0,1,1,1,0,0.7135,1,174,0,0,0.0891,2,1.0274,39.36,1,136888.87,0.0815,1,1,0,0,4,0.0927,0.0576,5,1,1
NCRB-SYNTH-106315,High Court,Writ Petition (Detention),4,4,1,0,1,1,1,0,1,1,1,0,0.9053,1,46,0,0,0.0337,1,1.0757,81.86,0,120349.6,0.1603,1,1,0,0,3,0.0664,0.0479,2,1,1
NCRB-SYNTH-106335,Trial Court,Writ Petition (Detention),2,5,2,0,1,1,0,1,1,1,1,1,0.862,1,122,0,1,0.1495,1,1.0548,31.28,0,29732.05,0.0751,1,1,0,1,4,0.0398,0.0247,2,1,1
NCRB-SYNTH-106340,Trial Court,Sec 439 CrPC (Regular Bail),1,5,2,0,1,1,0,0,1,1,1,1,0.5618,1,22,0,0,0.0261,8,1.0385,77.78,0,28063.31,0.1536,1,1,0,0,2,0.0501,0.0456,2,1,0
NCRB-SYNTH-106341,High Court,Writ Petition (Detention),15,5,2,0,1,1,1,1,1,1,1,1,0.9509,0,74,0,0,0.0304,2,1.2152,57.29,0,112348.62,0.0338,1,1,0,1,12,0.2,0.078,4,1,1
NCRB-SYNTH-106347,Trial Court,Sec 482 CrPC (Quashing),4,1,2,0,1,1,0,0,1,1,1,1,0.8955,1,115,1,0,0.12,2,1.0,66.6,0,120175.55,0.1652,1,1,0,0,8,0.0554,0.0252,5,1,1
NCRB-SYNTH-106363,High Court,Writ Petition (Detention),1,4,2,0,1,1,1,0,1,1,1,0,0.6682,1,121,1,1,0.0,6,1.0152,138.6,1,100096.19,0.0021,1,1,0,0,2,0.0813,0.074,2,1,0
NCRB-SYNTH-106372,Supreme Court,Sec 482 CrPC (Quashing),1,2,1,0,1,1,1,0,1,1,1,0,0.4576,1,78,0,0,0.061,8,1.1735,179.02,0,124796.86,0.0544,0,0,1,1,4,0.0368,0.0229,2,1,0
NCRB-SYNTH-106375,Trial Court,Sec 439 CrPC (Regular Bail),1,4,1,0,1,1,1,0,1,1,1,0,0.4172,0,106,1,1,0.0592,8,1.0274,91.59,0,87000.5,0.0814,1,1,0,1,4,0.1017,0.0632,5,1,0
NCRB-SYNTH-106384,Trial Court,Sec 439 CrPC (Regular Bail),2,4,2,0,1,1,0,0,1,1,1,0,0.9306,1,91,0,0,0.0435,9,1.2698,106.28,1,122600.63,0.1477,0,0,1,1,1,0.0889,0.1282,2,1,1
NCRB-SYNTH-106389,Trial Court,Sec 439 CrPC (Regular Bail),1,4,1,0,1,1,1,1,1,1,1,0,0.417,1,34,1,1,0.0165,7,1.1149,79.44,0,20311.22,0.0707,0,0,1,0,4,0.2465,0.1532,5,1,0
NCRB-SYNTH-106396,High Court,Writ Petition (Detention),1,1,1,0,1,1,1,1,1,1,1,1,0.5106,1,130,0,0,0.1409,2,1.11,34.2,1,66021.81,0.121,0,0,1,0,2,0.0731,0.0665,2,1,0
NCRB-SYNTH-106398,Trial Court,Trial Judgment,1,1,1,0,1,1,1,1,1,1,1,0,0.9786,0,146,0,0,0.0268,2,1.0,46.17,1,126866.53,0.0394,1,1,0,0,5,0.1279,0.0714,5,1,1
NCRB-SYNTH-106403,High Court,Sec 439 CrPC (Regular Bail),1,5,2,0,1,1,1,0,1,1,1,1,0.4969,1,117,0,0,0.067,1,1.0,34.0,0,54973.13,0.0789,1,1,0,0,11,0.2102,0.0846,5,1,0
NCRB-SYNTH-106407,Trial Court,Sec 482 CrPC (Quashing),4,3,1,0,1,1,0,1,1,1,1,1,0.578,0,159,1,1,0.1467,5,1.0,102.08,0,96958.69,0.0146,1,1,0,0,4,0.1975,0.1227,5,1,0
NCRB-SYNTH-106408,High Court,Sec 482 CrPC (Quashing),1,3,2,0,1,1,1,0,1,1,1,1,0.8288,1,72,1,1,0.0861,2,1.2491,175.99,0,43249.61,0.0336,1,1,0,1,5,0.0614,0.0342,5,1,1
NCRB-SYNTH-106424,High Court,Trial Judgment,15,2,1,0,1,1,1,1,1,1,1,1,0.737,1,102,0,0,0.056,2,1.0756,107.38,1,28861.68,0.1432,1,1,0,0,2,0.0375,0.0342,2,1,1
NCRB-SYNTH-106429,Trial Court,Sec 482 CrPC (Quashing),1,3,2,0,1,1,0,1,1,1,1,0,0.7333,0,30,0,0,0.068,7,1.099,153.99,0,95935.09,0.1931,1,1,0,0,4,0.1644,0.1021,5,1,1
NCRB-SYNTH-106441,Trial Court,Sec 439 CrPC (Regular Bail),1,2,1,0,1,1,1,1,1,1,1,1,0.5773,1,138,1,1,0.1544,4,1.185,52.61,0,20768.82,0.1571,1,1,0,1,4,0.0314,0.0195,2,1,0
NCRB-SYNTH-106454,Trial Court,Sec 482 CrPC (Quashing),2,3,2,0,1,1,1,1,1,1,1,0,0.6615,1,181,0,0,0.0917,7,1.3248,171.08,0,126834.82,0.1475,0,0,1,0,1,0.0116,0.0168,2,1,0
NCRB-SYNTH-106460,Trial Court,Writ Petition (Detention),45,3,1,0,1,1,1,0,1,1,1,1,0.6023,1,135,0,0,0.061,5,1.1137,156.11,1,54995.88,0.1171,1,1,0,0,3,0.0846,0.061,2,1,0
NCRB-SYNTH-106461,Trial Court,Sec 439 CrPC (Regular Bail),1,1,2,0,1,1,0,1,1,1,1,0,0.5448,1,170,1,1,0.0853,2,1.2553,112.23,0,112809.42,0.1207,1,1,0,1,24,0.2669,0.0829,4,1,0
NCRB-SYNTH-106464,Trial Court,Sec 439 CrPC (Regular Bail),1,2,2,0,1,1,1,1,1,1,1,1,0.5934,1,98,0,1,0.0721,3,1.1506,116.4,0,56102.32,0.0846,1,1,0,1,41,0.1975,0.0528,4,1,0
NCRB-SYNTH-106492,High Court,Sec 482 CrPC (Quashing),1,2,1,0,1,1,0,1,1,1,1,1,0.7774,1,150,0,0,0.1114,1,1.0,61.31,1,121808.88,0.0665,1,1,0,0,23,0.1108,0.0349,4,1,1
NCRB-SYNTH-106494,High Court,Sec 439 CrPC (Regular Bail),1,3,1,0,1,1,1,0,1,1,1,1,0.7534,1,93,0,0,0.0897,9,1.1968,174.35,1,123792.65,0.1695,1,1,0,1,19,0.3111,0.1038,4,1,1
NCRB-SYNTH-106499,High Court,Writ Petition (Detention),2,1,1,0,1,1,0,1,1,1,1,1,0.9116,1,35,1,1,0.1066,9,1.0354,125.7,1,38364.6,0.15,0,0,1,0,2,0.0301,0.0274,2,1,1
NCRB-SYNTH-106501,Trial Court,Sec 439 CrPC (Regular Bail),2,5,2,0,1,1,0,1,1,1,1,1,0.4106,1,36,0,0,0.0317,5,1.0792,66.86,0,124337.94,0.0689,1,1,0,1,2,0.0728,0.0663,2,1,0
NCRB-SYNTH-106516,High Court,Trial Judgment,1,3,2,0,1,1,0,0,1,1,1,1,0.6487,0,29,0,0,0.1283,6,1.1215,65.65,0,37490.68,0.1124,1,1,0,1,7,0.2211,0.1063,5,1,0
NCRB-SYNTH-106521,Trial Court,Sec 439 CrPC (Regular Bail),1,4,1,0,1,1,1,0,1,1,1,0,0.4912,1,138,0,0,0.0917,4,1.0439,74.67,1,68919.39,0.0425,0,0,1,0,2,0.0423,0.0385,2,1,0
NCRB-SYNTH-106522,Trial Court,Writ Petition (Detention),15,4,1,0,1,1,0,0,1,1,1,0,0.8166,1,67,0,0,0.1028,8,1.0028,93.28,0,142966.82,0.1596,1,1,0,0,2,0.0118,0.0108,2,1,1
NCRB-SYNTH-106536,Trial Court,Sec 482 CrPC (Quashing),1,2,2,0,1,1,1,0,1,1,1,0,0.8757,1,59,1,1,0.1172,2,1.1899,44.52,1,96243.58,0.1547,1,1,0,0,7,0.0854,0.0411,5,1,1
NCRB-SYNTH-106544,Trial Court,Sec 439 CrPC (Regular Bail),1,1,2,0,1,1,1,0,1,1,1,1,0.6604,0,89,0,1,0.1111,1,1.0807,131.06,1,104004.34,0.1448,1,1,0,0,4,0.157,0.0976,5,1,0
NCRB-SYNTH-106551,Trial Court,Sec 482 CrPC (Quashing),1,2,1,0,1,1,1,1,1,1,1,0,0.5989,1,163,1,1,0.0581,4,1.2398,85.69,0,112912.4,0.0565,0,0,1,0,23,0.098,0.0308,4,1,0
NCRB-SYNTH-106561,Trial Court,Sec 482 CrPC (Quashing),2,2,2,0,1,1,0,0,1,1,1,1,0.929,1,132,0,0,0.064,7,1.2998,170.42,0,53403.22,0.0239,1,1,0,0,1,0.0676,0.0976,2,1,1
NCRB-SYNTH-106562,High Court,Trial Judgment,1,5,2,0,1,1,1,1,1,1,1,1,0.6523,0,36,0,1,0.1028,8,1.1825,152.03,1,27033.72,0.0761,1,1,0,0,10,0.2188,0.0912,5,1,0
NCRB-SYNTH-106578,Trial Court,Sec 482 CrPC (Quashing),1,5,2,0,1,1,0,0,1,1,1,1,0.5776,1,155,0,0,0.0922,2,1.0876,165.82,1,62851.37,0.034,0,0,1,1,5,0.0692,0.0386,5,1,0
NCRB-SYNTH-106592,High Court,Sec 482 CrPC (Quashing),1,3,1,0,1,1,0,0,1,1,1,0,0.5232,1,97,1,1,0.0704,7,1.0,147.71,1,132172.54,0.1964,0,0,1,1,4,0.0595,0.037,5,1,0
NCRB-SYNTH-106596,Trial Court,Writ Petition (Detention),15,2,1,1,1,1,1,0,1,1,1,1,0.5622,1,147,1,0,0.0045,8,1.0648,117.86,1,21380.38,0.1914,1,1,0,1,3,0.065,0.0469,2,1,0
NCRB-SYNTH-106598,Trial Court,Writ Petition (Detention),4,5,1,0,1,1,0,1,1,1,1,1,0.4495,1,90,1,1,0.0952,3,1.1121,108.64,1,112119.28,0.0505,1,1,0,0,5,0.11,0.0614,5,1,0
NCRB-SYNTH-106610,Trial Court,Writ Petition (Detention),1,1,2,1,1,1,0,1,1,1,1,1,0.6916,1,155,0,1,0.0974,4,1.0887,159.95,0,48987.25,0.0917,1,1,0,1,40,0.1813,0.0488,4,1,0
NCRB-SYNTH-106613,High Court,Trial Judgment,2,5,1,0,1,1,1,0,1,1,1,1,0.6946,1,50,0,0,0.0793,1,1.0,161.04,0,57177.36,0.0668,1,1,0,0,2,0.096,0.0874,2,1,0
NCRB-SYNTH-106636,Trial Court,Sec 482 CrPC (Quashing),2,4,1,0,1,1,0,1,1,1,1,0,0.9308,1,109,0,0,0.083,4,1.1884,75.97,0,20480.31,0.0325,1,1,0,1,10,0.1823,0.076,5,1,1
NCRB-SYNTH-106645,Trial Court,Sec 482 CrPC (Quashing),1,1,2,0,1,1,0,0,1,1,1,1,0.9492,1,67,0,0,0.0401,6,1.0,173.99,0,50562.58,0.071,1,1,0,0,11,0.136,0.0547,5,1,1
NCRB-SYNTH-106653,Trial Court,Sec 439 CrPC (Regular Bail),2,5,1,0,1,1,0,1,1,1,1,1,0.4675,1,153,0,0,0.1328,6,1.0815,104.55,1,27950.53,0.1033,1,1,0,0,9,0.1794,0.0779,5,1,0
NCRB-SYNTH-106655,Trial Court,Sec 439 CrPC (Regular Bail),1,1,2,0,1,1,1,0,1,1,1,1,0.6092,0,143,0,0,0.0437,3,1.0,89.9,0,137099.19,0.0326,1,1,0,1,2,0.0302,0.0275,2,1,0
NCRB-SYNTH-106657,High Court,Sec 439 CrPC (Regular Bail),2,5,2,1,1,1,0,1,1,1,1,0,0.7661,1,24,0,0,0.1089,7,1.1052,110.23,0,126013.79,0.1236,0,0,1,0,35,0.159,0.0444,4,1,1
NCRB-SYNTH-106658,Trial Court,Writ Petition (Detention),7,5,1,0,1,1,0,1,1,1,1,1,0.8674,1,51,0,0,0.0605,3,1.0893,128.78,0,146872.7,0.0627,1,1,0,1,2,0.0818,0.0745,2,1,1
NCRB-SYNTH-106660,Trial Court,Sec 439 CrPC (Regular Bail),1,3,1,0,1,1,1,0,1,1,1,1,0.8198,1,93,1,0,0.08,8,1.3863,120.19,0,63870.24,0.0203,1,1,0,1,3,0.0929,0.067,2,1,1
NCRB-SYNTH-106663,High Court,Writ Petition (Detention),2,2,2,1,1,1,0,1,1,1,1,1,0.6914,1,159,0,0,0.0614,3,1.1632,89.17,0,81225.57,0.0521,1,1,0,0,38,0.2612,0.0713,4,1,0
NCRB-SYNTH-106667,Trial Court,Writ Petition (Detention),1,2,2,0,1,1,1,0,1,1,1,0,0.4448,1,130,0,0,0.153,3,1.0409,71.14,1,98615.17,0.1094,1,1,0,0,3,0.0313,0.0226,2,1,0
NCRB-SYNTH-106671,High Court,Writ Petition (Detention),1,2,2,1,1,1,1,0,1,1,1,0,0.567,1,50,0,0,0.0469,7,1.1398,150.79,0,59190.98,0.0922,0,0,1,0,2,0.053,0.0483,2,1,0
NCRB-SYNTH-106673,High Court,Writ Petition (Detention),4,3,1,0,1,1,0,0,1,1,1,1,0.882,0,155,0,1,0.0484,9,1.0,144.28,0,83259.26,0.1713,1,1,0,1,3,0.0521,0.0375,2,1,1
NCRB-SYNTH-106678,High Court,Writ Petition (Detention),2,4,1,0,1,1,1,0,1,1,1,1,0.99,1,105,0,0,0.1586,5,1.0193,60.93,0,62942.78,0.0702,1,1,0,1,1,0.0119,0.0172,2,1,1
NCRB-SYNTH-106682,Trial Court,Sec 439 CrPC (Regular Bail),1,1,1,0,1,1,1,0,1,1,1,1,0.7504,1,26,0,0,0.0857,5,1.0942,175.69,0,74437.03,0.197,1,1,0,1,1,0.0459,0.0663,2,1,1
NCRB-SYNTH-106684,High Court,Writ Petition (Detention),1,4,2,0,1,1,1,0,1,1,1,0,0.6976,1,141,0,0,0.0,5,1.1603,158.98,0,136161.28,0.1853,1,1,0,0,3,0.0886,0.0639,2,1,0
NCRB-SYNTH-106692,Trial Court,Sec 439 CrPC (Regular Bail),1,2,1,0,1,1,1,0,1,1,1,1,0.4892,1,96,0,1,0.036,5,1.0326,104.34,0,30312.08,0.1509,1,1,0,0,14,0.2821,0.1042,4,1,0
NCRB-SYNTH-106700,High Court,Writ Petition (Detention),1,1,2,1,1,1,1,0,1,1,1,1,0.9332,1,70,0,1,0.1033,4,1.2435,99.67,0,90335.23,0.1018,1,1,0,1,2,0.069,0.0628,2,1,1
NCRB-SYNTH-106704,Trial Court,Writ Petition (Detention),2,3,2,0,1,1,1,0,1,1,1,0,0.4277,1,92,0,0,0.1077,8,1.0183,68.85,1,88213.62,0.1368,1,1,0,1,1,0.0216,0.0312,2,1,0
NCRB-SYNTH-106712,Trial Court,Sec 482 CrPC (Quashing),1,2,1,0,1,1,0,1,1,1,1,1,0.5169,1,61,0,0,0.0,1,1.103,76.18,0,95255.77,0.1613,1,1,0,0,2,0.0685,0.0623,2,1,0
NCRB-SYNTH-106719,High Court,Trial Judgment,2,2,1,0,1,1,0,0,1,1,1,0,0.8714,1,103,0,0,0.1303,1,1.2024,151.24,0,147654.52,0.0991,1,1,0,0,4,0.0858,0.0533,2,1,1
NCRB-SYNTH-106720,Trial Court,Sec 439 CrPC (Regular Bail),1,3,2,0,1,1,1,0,1,1,1,1,0.7835,1,158,0,0,0.0849,2,1.0,175.0,0,118117.81,0.1076,1,1,0,1,4,0.0662,0.0411,5,1,1
NCRB-SYNTH-106727,High Court,Trial Judgment,2,3,2,0,1,1,1,0,1,1,1,0,0.8758,1,17,1,0,0.0761,5,1.1154,161.25,0,113046.43,0.0571,1,1,0,1,4,0.0599,0.0372,2,1,1
NCRB-SYNTH-106732,High Court,Sec 439 CrPC (Regular Bail),1,4,1,0,1,1,0,0,1,1,1,1,0.5742,1,81,0,0,0.0843,4,1.1731,161.78,1,125113.86,0.1339,0,0,1,1,11,0.1919,0.0772,5,1,0
NCRB-SYNTH-106734,Trial Court,Sec 439 CrPC (Regular Bail),4,1,1,0,1,1,1,0,1,1,1,1,0.6926,1,14,0,1,0.0966,3,1.1292,97.06,0,20607.08,0.0404,1,1,0,0,42,0.2333,0.062,4,1,0
NCRB-SYNTH-106739,Trial Court,Sec 439 CrPC (Regular Bail),2,3,2,0,1,1,1,1,1,1,1,0,0.4567,1,93,1,1,0.06,2,1.0996,109.25,1,136139.72,0.0719,1,1,0,1,17,0.0927,0.0321,4,1,0
NCRB-SYNTH-106751,Trial Court,Sec 439 CrPC (Regular Bail),1,3,2,0,1,1,0,0,1,1,1,0,0.8088,0,64,0,0,0.093,8,1.0016,114.52,0,26125.18,0.1744,0,0,1,1,2,0.0801,0.073,2,1,1
NCRB-SYNTH-106753,Supreme Court,Writ Petition (Detention),1,1,1,0,1,1,1,0,1,1,1,0,0.8849,1,143,0,0,0.106,8,1.0,49.5,1,83840.9,0.0926,1,1,0,1,20,0.1699,0.0558,4,1,1
NCRB-SYNTH-106760,Trial Court,Sec 482 CrPC (Quashing),4,3,2,0,1,1,1,0,1,1,1,1,0.5055,1,140,0,1,0.0615,1,1.0461,57.97,0,70143.63,0.0444,1,1,0,1,1,0.0161,0.0232,2,1,0
NCRB-SYNTH-106761,Trial Court,Writ Petition (Detention),4,4,2,0,1,1,0,0,1,1,1,0,0.7258,1,162,0,0,0.1274,3,1.1637,138.26,0,95872.51,0.1146,1,1,0,1,2,0.0287,0.0262,2,1,1
NCRB-SYNTH-106764,High Court,Sec 482 CrPC (Quashing),1,3,2,0,1,1,0,0,1,1,1,1,0.7007,1,70,0,0,0.0357,7,1.0,160.52,0,127960.89,0.0341,1,1,0,1,7,0.1714,0.0824,5,1,1
NCRB-SYNTH-106768,High Court,Sec 482 CrPC (Quashing),2,3,2,0,1,1,0,0,1,1,1,1,0.9206,1,161,0,1,0.0298,1,1.1767,120.17,1,74220.58,0.1311,1,1,0,0,4,0.0299,0.0186,2,1,1
NCRB-SYNTH-106770,High Court,Writ Petition (Detention),1,2,2,0,1,1,1,0,1,1,1,1,0.7739,1,21,1,1,0.1193,9,1.1595,38.64,0,43263.15,0.1999,1,1,0,0,7,0.089,0.0428,5,1,1
NCRB-SYNTH-106776,High Court,Writ Petition (Detention),1,3,2,0,1,1,0,0,1,1,1,1,0.6296,1,126,1,1,0.0479,2,1.0985,79.27,0,74185.2,0.1448,1,1,0,1,40,0.1548,0.0417,4,1,0
NCRB-SYNTH-106784,Trial Court,Writ Petition (Detention),1,5,1,0,1,1,1,0,1,1,1,1,0.8002,0,40,0,0,0.0512,7,1.2058,47.85,0,34532.8,0.1616,1,1,0,1,3,0.0136,0.0098,2,1,1
NCRB-SYNTH-106792,Trial Court,Trial Judgment,2,4,2,0,1,1,1,1,1,1,1,1,0.7471,1,30,1,1,0.1283,1,1.1546,148.07,0,63275.83,0.1497,1,1,0,0,3,0.0193,0.0139,2,1,1
NCRB-SYNTH-106794,Trial Court,Writ Petition (Detention),2,1,2,0,1,1,1,0,1,1,1,1,0.8853,1,130,0,0,0.0591,2,1.2098,64.54,0,73034.15,0.0506,0,0,1,1,3,0.0451,0.0325,2,1,1
NCRB-SYNTH-106796,High Court,Writ Petition (Detention),1,4,2,0,1,1,1,0,1,1,1,0,0.7703,1,78,1,1,0.0587,2,1.0311,74.72,0,75938.83,0.0266,1,1,0,1,42,0.2462,0.0655,4,1,1
NCRB-SYNTH-106798,High Court,Sec 439 CrPC (Regular Bail),1,2,1,0,1,1,1,0,1,1,1,1,0.5275,1,22,1,1,0.1466,6,1.0,76.65,0,98535.06,0.0981,1,1,0,0,4,0.2273,0.1412,5,1,0
NCRB-SYNTH-106803,High Court,Sec 482 CrPC (Quashing),1,3,1,0,1,1,1,1,1,1,1,0,0.3977,1,60,0,0,0.1224,9,1.2642,71.76,0,122093.98,0.0104,0,0,1,1,4,0.0709,0.0441,2,1,0
NCRB-SYNTH-106809,High Court,Writ Petition (Detention),1,4,2,0,1,1,0,0,1,1,1,0,0.496,1,26,0,0,0.1796,1,1.0682,142.89,0,128698.65,0.1476,1,1,0,0,4,0.0339,0.0211,2,1,0
NCRB-SYNTH-106810,Trial Court,Writ Petition (Detention),7,3,1,0,1,1,1,1,1,1,1,0,0.678,1,94,0,0,0.0868,9,1.0036,127.74,0,61372.01,0.1728,1,1,0,1,7,0.1474,0.0709,5,1,0
NCRB-SYNTH-106817,Trial Court,Writ Petition (Detention),1,3,2,0,1,1,1,0,1,1,1,1,0.6198,1,85,0,1,0.0415,9,1.1659,54.68,0,101128.16,0.0641,1,1,0,0,7,0.0998,0.048,5,1,0
NCRB-SYNTH-106825,Trial Court,Writ Petition (Detention),2,4,2,0,1,1,0,0,1,1,1,1,0.6523,1,41,0,1,0.1034,4,1.0,42.55,0,80106.27,0.0665,1,1,0,0,1,0.0438,0.0632,2,1,0
NCRB-SYNTH-106828,Trial Court,Writ Petition (Detention),1,1,2,0,1,1,0,1,1,1,1,1,0.5075,1,117,1,0,0.0386,1,1.0315,95.43,0,18866.28,0.1458,0,0,1,0,26,0.3117,0.0946,4,1,0
NCRB-SYNTH-106851,High Court,Sec 482 CrPC (Quashing),2,3,1,0,1,1,0,0,1,1,1,1,0.9761,1,146,0,1,0.12,7,1.3063,134.07,1,82937.63,0.0316,1,1,0,1,6,0.1527,0.0785,5,1,1
NCRB-SYNTH-106856,Trial Court,Sec 439 CrPC (Regular Bail),1,3,2,0,1,1,0,0,1,1,1,1,0.8566,1,25,1,1,0.1333,1,1.0,76.45,0,95871.86,0.0928,1,1,0,1,2,0.0479,0.0436,2,1,1
NCRB-SYNTH-106858,High Court,Sec 482 CrPC (Quashing),1,5,1,0,1,1,0,0,1,1,1,1,0.6136,0,67,1,0,0.1298,3,1.1066,64.39,0,17570.31,0.0373,1,1,0,0,10,0.1087,0.0453,5,1,0
NCRB-SYNTH-106866,High Court,Sec 439 CrPC (Regular Bail),7,3,2,0,1,1,1,0,1,1,1,1,0.6864,0,29,1,1,0.1142,4,1.003,176.74,1,132582.24,0.1442,1,1,0,0,3,0.048,0.0346,2,1,0
NCRB-SYNTH-106874,Trial Court,Writ Petition (Detention),1,5,1,0,1,1,1,1,1,1,1,0,0.8702,0,75,0,0,0.0169,2,1.0,111.29,0,99055.16,0.1529,1,1,0,1,9,0.1555,0.0675,5,1,1
NCRB-SYNTH-106880,Trial Court,Writ Petition (Detention),1,2,2,0,1,1,0,0,1,1,1,1,0.6083,0,139,0,0,0.0859,1,1.1407,174.43,0,97061.98,0.1861,1,1,0,0,2,0.0319,0.0291,2,1,0
NCRB-SYNTH-106882,Trial Court,Sec 439 CrPC (Regular Bail),1,5,2,0,1,1,1,1,1,1,1,1,0.9432,1,61,0,0,0.0644,8,1.1854,163.42,0,123795.57,0.1476,1,1,0,1,6,0.0587,0.0302,5,1,1
NCRB-SYNTH-106883,Trial Court,Writ Petition (Detention),2,1,1,0,1,1,1,0,1,1,1,0,0.5683,1,121,0,0,0.0264,8,1.1446,122.47,1,76671.26,0.0992,1,1,0,0,18,0.2731,0.0928,4,1,0
NCRB-SYNTH-106887,High Court,Sec 439 CrPC (Regular Bail),1,4,2,0,1,1,1,0,1,1,1,1,0.6732,1,182,0,1,0.1072,1,1.0895,101.85,0,135757.15,0.049,0,0,1,1,19,0.2757,0.092,4,1,0
NCRB-SYNTH-106899,Trial Court,Sec 482 CrPC (Quashing),2,5,2,0,1,1,0,1,1,1,1,0,0.6154,1,170,0,0,0.0197,6,1.0439,96.31,0,135692.44,0.0912,1,1,0,1,1,0.0508,0.0733,2,1,0
NCRB-SYNTH-106901,High Court,Sec 439 CrPC (Regular Bail),1,1,2,0,1,1,1,0,1,1,1,1,0.8357,1,159,0,0,0.0629,5,1.3702,152.04,0,17804.46,0.094,1,1,0,1,2,0.0322,0.0293,2,1,1
NCRB-SYNTH-106905,High Court,Writ Petition (Detention),2,3,1,0,1,1,1,0,1,1,1,1,0.6492,1,109,0,0,0.1113,9,1.0,144.71,0,34159.96,0.1338,1,1,0,0,3,0.0633,0.0457,2,1,0
NCRB-SYNTH-106907,Trial Court,Writ Petition (Detention),2,3,2,0,1,1,1,0,1,1,1,1,0.5022,1,19,0,0,0.1049,6,1.0474,170.38,0,29131.74,0.1587,1,1,0,1,3,0.0175,0.0126,2,1,0
NCRB-SYNTH-106913,High Court,Sec 439 CrPC (Regular Bail),21,1,1,0,1,1,1,1,1,1,1,0,0.6738,1,65,1,1,0.1002,3,1.247,129.74,1,16083.28,0.1065,0,0,1,1,4,0.2121,0.1318,5,1,0
NCRB-SYNTH-106914,High Court,Sec 439 CrPC (Regular Bail),7,2,2,0,1,1,1,0,1,1,1,1,0.51,1,39,0,0,0.0934,3,1.2394,39.07,0,42686.32,0.1017,1,1,0,0,2,0.0681,0.062,2,1,0
NCRB-SYNTH-106915,High Court,Writ Petition (Detention),4,5,2,0,1,1,1,1,1,1,1,1,0.5569,1,22,1,1,0.1058,2,1.1687,130.79,0,83256.38,0.1188,0,0,1,0,9,0.1873,0.0813,5,1,0
NCRB-SYNTH-106923,Trial Court,Trial Judgment,4,2,2,1,1,1,0,0,1,1,1,1,0.6444,0,138,0,0,0.0845,6,1.0499,86.69,1,137739.83,0.1107,1,1,0,0,29,0.3069,0.0902,4,1,0
NCRB-SYNTH-106931,Trial Court,Writ Petition (Detention),1,5,1,0,1,1,0,1,1,1,1,1,0.7647,1,45,1,1,0.0232,3,1.2652,144.11,0,85613.18,0.0948,0,0,1,0,1,0.0694,0.1001,2,1,1
NCRB-SYNTH-106937,Trial Court,Writ Petition (Detention),4,5,1,0,1,1,1,0,1,1,1,1,0.5719,0,61,1,1,0.0766,4,1.4234,72.97,1,49754.36,0.1795,1,1,0,1,38,0.087,0.0237,4,1,0
NCRB-SYNTH-106940,Trial Court,Sec 482 CrPC (Quashing),7,2,2,0,1,1,1,1,1,1,1,1,0.5107,1,131,1,1,0.0019,5,1.0,173.54,0,143161.21,0.1145,1,1,0,0,2,0.0247,0.0225,2,1,0
NCRB-SYNTH-106948,High Court,Sec 439 CrPC (Regular Bail),2,5,1,0,1,1,1,1,1,1,1,1,0.517,1,168,1,1,0.0408,2,1.1717,176.53,0,100746.31,0.1939,1,1,0,1,8,0.1022,0.0465,5,1,0
NCRB-SYNTH-106965,High Court,Trial Judgment,1,1,1,0,1,1,1,0,1,1,1,1,0.7408,1,100,0,0,0.0374,4,1.1165,40.2,0,16247.96,0.0664,0,0,1,1,3,0.0825,0.0595,2,1,1
NCRB-SYNTH-106986,High Court,Sec 482 CrPC (Quashing),1,4,2,1,1,1,1,0,1,1,1,1,0.7653,1,163,0,0,0.107,9,1.0,78.74,0,46984.74,0.1214,1,1,0,1,3,0.0201,0.0145,2,1,1
NCRB-SYNTH-106992,Trial Court,Writ Petition (Detention),1,2,2,0,1,1,0,1,1,1,1,1,0.4215,0,33,1,1,0.0974,8,1.3728,177.9,1,91746.32,0.1716,1,1,0,0,4,0.1467,0.0912,5,1,0
NCRB-SYNTH-106993,Trial Court,Sec 439 CrPC (Regular Bail),1,3,2,0,1,1,1,0,1,1,1,1,0.9884,1,144,0,0,0.1114,9,1.0,31.72,0,50127.53,0.1049,1,1,0,0,14,0.2916,0.1077,4,1,1
NCRB-SYNTH-106999,High Court,Writ Petition (Detention),2,4,2,0,1,1,0,0,1,1,1,1,0.5766,1,121,1,0,0.1023,3,1.1558,164.94,0,110037.75,0.0296,1,1,0,0,43,0.197,0.0521,4,1,0
NCRB-SYNTH-107009,Trial Court,Sec 482 CrPC (Quashing),2,5,1,0,1,1,0,1,1,1,1,1,0.3803,1,76,1,1,0.0366,1,1.2603,132.74,0,51336.27,0.0043,0,0,1,1,3,0.0118,0.0085,2,1,0
NCRB-SYNTH-107010,Trial Court,Sec 482 CrPC (Quashing),1,3,2,1,1,1,1,1,1,1,1,1,0.6232,1,36,1,1,0.1165,4,1.0922,84.15,0,124591.58,0.0823,1,1,0,1,4,0.0145,0.009,2,1,0
NCRB-SYNTH-107011,Trial Court,Writ Petition (Detention),7,4,2,0,1,1,1,1,1,1,1,1,0.4629,1,117,0,0,0.2013,4,1.1725,39.25,0,27558.6,0.1401,1,1,0,1,8,0.1967,0.0895,5,1,0
NCRB-SYNTH-107013,Trial Court,Sec 482 CrPC (Quashing),1,5,2,0,1,1,1,0,1,1,1,1,0.4327,0,163,0,0,0.0961,6,1.144,83.54,0,33470.12,0.1687,1,1,0,0,3,0.0762,0.0549,2,1,0
NCRB-SYNTH-107017,High Court,Sec 482 CrPC (Quashing),1,1,1,0,1,1,1,0,1,1,1,1,0.945,1,73,0,0,0.0153,2,1.0295,130.15,0,71845.19,0.1861,1,1,0,0,9,0.1421,0.0617,5,1,1
NCRB-SYNTH-107032,Trial Court,Sec 439 CrPC (Regular Bail),1,1,2,0,1,1,1,0,1,1,1,0,0.7201,1,59,0,0,0.0184,4,1.1791,145.14,1,112243.69,0.0704,1,1,0,1,5,0.0709,0.0396,5,1,1
NCRB-SYNTH-107037,High Court,Sec 439 CrPC (Regular Bail),2,5,1,0,1,1,1,0,1,1,1,0,0.7442,1,167,0,0,0.0527,5,1.0956,101.76,1,104539.73,0.1883,0,0,1,1,33,0.303,0.0859,4,1,1
NCRB-SYNTH-107049,High Court,Writ Petition (Detention),1,3,1,0,1,1,1,0,1,1,1,1,0.6179,1,116,0,0,0.0,8,1.1458,148.74,0,149946.38,0.0437,1,1,0,0,5,0.075,0.0419,5,1,0
NCRB-SYNTH-107058,Trial Court,Writ Petition (Detention),1,5,2,0,1,1,1,0,1,1,1,1,0.7156,1,82,0,0,0.1048,7,1.1389,65.94,1,52792.99,0.1446,1,1,0,1,1,0.0176,0.0255,2,1,1
NCRB-SYNTH-107081,High Court,Writ Petition (Detention),7,1,1,0,1,1,1,1,1,1,1,1,0.6344,1,146,1,1,0.1026,6,1.1086,122.88,1,91505.11,0.0768,0,0,1,1,42,0.2808,0.0746,4,1,0
NCRB-SYNTH-107089,Trial Court,Writ Petition (Detention),1,1,1,0,1,1,1,0,1,1,1,1,0.5304,0,45,1,0,0.0751,3,1.1243,141.53,0,101048.71,0.0306,1,1,0,0,12,0.2379,0.0928,4,1,0
NCRB-SYNTH-107099,High Court,Sec 439 CrPC (Regular Bail),4,5,2,0,1,1,0,0,1,1,1,1,0.7393,0,44,1,1,0.0847,1,1.2182,82.02,0,91755.33,0.0672,1,1,0,1,10,0.0572,0.0239,5,1,1
NCRB-SYNTH-107102,Trial Court,Trial Judgment,2,2,2,0,1,1,0,1,1,1,1,0,0.7828,0,146,0,0,0.1186,9,1.0,146.29,0,82341.86,0.1414,1,1,0,0,8,0.1698,0.0773,5,1,1
NCRB-SYNTH-107105,High Court,Sec 439 CrPC (Regular Bail),2,5,1,0,1,1,1,0,1,1,1,1,0.5817,1,138,1,1,0.1185,4,1.0563,45.42,0,43846.75,0.1654,1,1,0,1,1,0.0115,0.0165,2,1,0
NCRB-SYNTH-107108,Trial Court,Sec 439 CrPC (Regular Bail),2,2,1,1,1,1,0,0,1,1,1,1,0.8296,1,137,0,1,0.0992,7,1.1408,41.36,1,27065.48,0.1121,0,0,1,1,1,0.0471,0.068,2,1,1
NCRB-SYNTH-107128,High Court,Sec 482 CrPC (Quashing),1,3,2,0,1,1,1,0,1,1,1,1,0.485,1,78,0,0,0.0941,9,1.0113,69.83,0,23784.89,0.1181,1,1,0,1,1,0.0561,0.0809,2,1,0
NCRB-SYNTH-107129,High Court,Writ Petition (Detention),1,5,2,0,1,1,1,0,1,1,1,1,0.7541,0,125,1,0,0.0667,2,1.3839,94.61,0,37418.41,0.1101,0,0,1,0,8,0.0771,0.0351,5,1,1
NCRB-SYNTH-107131,Trial Court,Trial Judgment,45,4,2,0,1,1,1,1,1,1,1,0,0.8526,1,82,0,1,0.0264,8,1.1746,150.73,0,142102.53,0.1838,1,1,0,0,4,0.0147,0.0092,2,1,1
NCRB-SYNTH-107144,High Court,Trial Judgment,27,1,1,0,1,1,1,1,1,1,1,1,0.5327,0,25,0,0,0.069,7,1.0507,177.73,0,73199.8,0.0324,1,1,0,1,2,0.0369,0.0336,2,1,0
NCRB-SYNTH-107148,Trial Court,Sec 482 CrPC (Quashing),1,3,2,0,1,1,0,0,1,1,1,1,0.6721,1,24,1,1,0.1043,9,1.063,162.3,0,100098.45,0.1797,1,1,0,1,2,0.0703,0.064,2,1,0
NCRB-SYNTH-107155,Trial Court,Writ Petition (Detention),1,2,2,0,1,1,1,0,1,1,1,1,0.7226,1,58,0,0,0.0405,7,1.0,158.49,0,103285.31,0.0731,1,1,0,1,3,0.0878,0.0633,2,1,1
NCRB-SYNTH-107159,High Court,Sec 439 CrPC (Regular Bail),1,1,2,0,1,1,0,1,1,1,1,1,0.8899,1,152,0,0,0.0722,3,1.2014,65.11,1,53030.23,0.1506,1,1,0,0,1,0.0463,0.0667,2,1,1
NCRB-SYNTH-107169,High Court,Writ Petition (Detention),7,3,2,0,1,1,1,0,1,1,1,1,0.7845,0,168,1,1,0.0026,4,1.0,85.45,0,39802.48,0.0669,1,1,0,1,2,0.0997,0.0907,2,1,1
NCRB-SYNTH-107170,Trial Court,Sec 439 CrPC (Regular Bail),15,2,2,0,1,1,1,0,1,1,1,1,0.6392,1,170,1,1,0.1033,6,1.0234,148.01,0,117630.0,0.1854,0,0,1,1,3,0.085,0.0613,2,1,0
NCRB-SYNTH-107179,Trial Court,Sec 439 CrPC (Regular Bail),2,3,2,0,1,1,1,1,1,1,1,1,0.7113,1,20,0,0,0.056,7,1.3465,33.59,0,59135.31,0.1722,1,1,0,1,5,0.1475,0.0823,5,1,1
NCRB-SYNTH-107181,High Court,Writ Petition (Detention),1,4,2,0,1,1,1,1,1,1,1,0,0.5976,1,99,0,0,0.1138,2,1.1049,74.46,0,104494.77,0.0207,0,0,1,0,3,0.0977,0.0705,2,1,0
NCRB-SYNTH-107185,High Court,Trial Judgment,1,2,1,1,1,1,1,1,1,1,1,1,0.8879,1,105,0,0,0.0877,2,1.1764,99.4,0,71279.19,0.0816,1,1,0,1,11,0.221,0.089,5,1,1
NCRB-SYNTH-107207,Trial Court,Trial Judgment,1,3,1,0,1,1,1,1,1,1,1,1,0.5522,0,86,0,1,0.0718,2,1.0,123.12,1,125686.31,0.078,0,0,1,1,7,0.101,0.0486,5,1,0
NCRB-SYNTH-107213,Trial Court,Trial Judgment,1,4,1,0,1,1,0,1,1,1,1,1,0.8828,0,56,1,1,0.0518,9,1.0,34.58,0,114174.34,0.1654,1,1,0,0,5,0.2099,0.1171,5,1,1
NCRB-SYNTH-107222,High Court,Sec 482 CrPC (Quashing),1,2,2,0,1,1,0,1,1,1,1,0,0.5365,1,120,0,0,0.09,2,1.0375,158.01,1,107285.28,0.1778,1,1,0,1,2,0.0848,0.0772,2,1,0
NCRB-SYNTH-107224,High Court,Writ Petition (Detention),1,1,1,0,1,1,0,0,1,1,1,0,0.8455,1,71,0,0,0.0899,8,1.092,149.42,0,84485.06,0.0067,1,1,0,1,37,0.1262,0.0347,4,1,1
NCRB-SYNTH-107235,High Court,Sec 482 CrPC (Quashing),1,3,2,0,1,1,0,1,1,1,1,1,0.4873,1,50,1,1,0.1021,8,1.2631,147.48,1,19053.35,0.1219,1,1,0,1,2,0.0433,0.0394,2,1,0
NCRB-SYNTH-107245,Trial Court,Sec 482 CrPC (Quashing),1,3,1,0,1,1,1,0,1,1,1,1,0.7735,1,74,0,0,0.0754,7,1.1493,97.71,0,91239.93,0.0531,0,0,1,1,2,0.0287,0.0261,2,1,1
NCRB-SYNTH-107253,High Court,Writ Petition (Detention),1,1,2,0,1,1,0,1,1,1,1,1,0.6283,1,132,0,0,0.1085,5,1.075,72.84,0,108861.68,0.0299,1,1,0,0,1,0.0586,0.0845,2,1,0
NCRB-SYNTH-107255,High Court,Sec 482 CrPC (Quashing),1,5,2,1,1,1,0,1,1,1,1,1,0.5595,1,31,0,0,0.0519,7,1.0,59.23,1,129227.12,0.1013,1,1,0,1,1,0.0554,0.0799,2,1,0
NCRB-SYNTH-107261,Trial Court,Sec 439 CrPC (Regular Bail),1,2,2,0,1,1,0,0,1,1,1,1,0.7144,1,174,0,0,0.087,1,1.1634,112.7,0,138148.93,0.0693,0,0,1,0,4,0.0328,0.0204,2,1,1
NCRB-SYNTH-107271,Trial Court,Writ Petition (Detention),1,4,2,0,1,1,1,1,1,1,1,1,0.8425,1,111,1,1,0.1772,3,1.4075,98.58,0,74133.17,0.15,1,1,0,0,1,0.0345,0.0498,2,1,1
NCRB-SYNTH-107277,High Court,Writ Petition (Detention),1,3,2,0,1,1,1,1,1,1,1,1,0.8829,1,116,1,1,0.0744,7,1.2129,137.4,0,99549.99,0.1623,1,1,0,0,11,0.177,0.0712,5,1,1
NCRB-SYNTH-107285,Trial Court,Writ Petition (Detention),4,2,1,0,1,1,0,0,1,1,1,1,0.3806,1,168,0,1,0.0804,1,1.3011,104.27,0,22276.1,0.1164,1,1,0,0,4,0.0207,0.0129,2,1,0
NCRB-SYNTH-107288,High Court,Sec 439 CrPC (Regular Bail),1,2,2,0,1,1,0,0,1,1,1,0,0.9151,1,162,1,1,0.2098,7,1.2815,115.49,0,31181.94,0.153,1,1,0,0,1,0.0589,0.085,2,1,1
NCRB-SYNTH-107303,High Court,Sec 439 CrPC (Regular Bail),21,5,2,0,1,1,1,0,1,1,1,1,0.5925,1,72,0,0,0.0137,6,1.0,132.13,0,135795.94,0.0694,1,1,0,1,8,0.1293,0.0589,5,1,0
NCRB-SYNTH-107308,High Court,Writ Petition (Detention),1,1,2,0,1,1,1,0,1,1,1,1,0.7694,1,78,0,0,0.1036,4,1.1252,81.36,0,27278.74,0.0108,0,0,1,1,45,0.1722,0.045,4,1,1
NCRB-SYNTH-107313,High Court,Trial Judgment,1,1,1,0,1,1,1,0,1,1,1,1,0.5591,1,48,1,1,0.0947,6,1.0,100.59,0,39334.94,0.1466,1,1,0,1,38,0.2674,0.073,4,1,0
NCRB-SYNTH-107321,Trial Court,Writ Petition (Detention),2,5,1,0,1,1,1,1,1,1,1,1,0.8773,1,40,0,0,0.0892,4,1.1644,143.6,0,18715.0,0.0864,1,1,0,0,21,0.247,0.0799,4,1,1
NCRB-SYNTH-107327,Trial Court,Sec 482 CrPC (Quashing),4,1,1,0,1,1,1,1,1,1,1,1,0.8031,0,118,0,1,0.034,2,1.1265,158.89,1,73218.05,0.1408,1,1,0,0,4,0.022,0.0136,2,1,1
NCRB-SYNTH-107331,High Court,Sec 439 CrPC (Regular Bail),1,5,1,0,1,1,1,0,1,1,1,1,0.6517,1,28,0,0,0.071,9,1.0461,149.77,0,48673.92,0.1893,1,1,0,0,5,0.2257,0.126,5,1,0
NCRB-SYNTH-107336,Trial Court,Sec 439 CrPC (Regular Bail),1,3,1,0,1,1,1,0,1,1,1,0,0.5481,1,78,1,1,0.1678,9,1.1252,56.66,0,131795.6,0.0485,1,1,0,0,4,0.0561,0.0348,2,1,0
NCRB-SYNTH-107338,Trial Court,Writ Petition (Detention),1,2,2,0,1,1,1,0,1,1,1,1,0.4656,0,101,0,0,0.0801,1,1.1511,134.33,0,54742.98,0.1605,1,1,0,1,1,0.0218,0.0314,2,1,0
NCRB-SYNTH-107346,Trial Court,Trial Judgment,45,2,1,0,1,1,1,1,1,1,1,0,0.8768,1,119,0,1,0.1328,1,1.0218,172.4,0,87361.77,0.1851,1,1,0,0,3,0.0606,0.0437,2,1,1
NCRB-SYNTH-107351,Trial Court,Trial Judgment,15,1,1,0,1,1,1,1,1,1,1,1,0.9604,1,64,0,0,0.0973,3,1.2738,140.2,1,90470.41,0.1443,0,0,1,1,9,0.2391,0.1038,5,1,1
NCRB-SYNTH-107386,High Court,Sec 482 CrPC (Quashing),2,4,1,0,1,1,1,0,1,1,1,1,0.6626,1,67,0,0,0.0,4,1.1065,62.18,0,51382.1,0.0062,1,1,0,0,4,0.076,0.0472,2,1,0
NCRB-SYNTH-107389,Trial Court,Sec 482 CrPC (Quashing),1,1,1,0,1,1,1,0,1,1,1,0,0.5264,0,154,0,1,0.1018,8,1.0,48.21,1,145824.66,0.1555,1,1,0,0,2,0.0768,0.0699,2,1,0
NCRB-SYNTH-107395,Trial Court,Writ Petition (Detention),1,2,1,1,1,1,1,0,1,1,1,1,0.6868,1,27,1,1,0.098,3,1.0,37.88,1,24610.98,0.1216,1,1,0,1,44,0.2159,0.0567,4,1,0
NCRB-SYNTH-107400,High Court,Sec 482 CrPC (Quashing),27,1,2,0,1,1,1,0,1,1,1,1,0.5788,1,143,0,0,0.1226,8,1.0538,167.63,0,22634.48,0.0228,0,0,1,1,8,0.0699,0.0318,5,1,0
NCRB-SYNTH-107406,High Court,Sec 482 CrPC (Quashing),1,4,1,0,1,1,1,1,1,1,1,1,0.4115,1,152,0,0,0.0822,9,1.082,48.81,0,106527.55,0.0625,1,1,0,0,1,0.0646,0.0931,2,1,0
NCRB-SYNTH-107413,High Court,Sec 439 CrPC (Regular Bail),4,1,1,0,1,1,1,1,1,1,1,0,0.4146,1,150,1,1,0.0,5,1.1977,118.31,1,104302.01,0.0957,1,1,0,1,7,0.0875,0.0421,5,1,0
NCRB-SYNTH-107417,High Court,Sec 482 CrPC (Quashing),1,4,1,0,1,1,1,0,1,1,1,1,0.4725,1,32,1,1,0.1704,4,1.1401,39.66,0,38203.41,0.0383,0,0,1,1,1,0.0566,0.0817,2,1,0
NCRB-SYNTH-107428,High Court,Sec 439 CrPC (Regular Bail),21,4,1,0,1,1,1,0,1,1,1,1,0.7365,1,44,0,0,0.1339,8,1.0224,135.63,0,38885.34,0.0752,0,0,1,0,3,0.0517,0.0373,2,1,1
NCRB-SYNTH-107431,High Court,Writ Petition (Detention),4,1,2,0,1,1,1,0,1,1,1,1,0.5661,0,163,0,0,0.0845,2,1.0,144.18,1,122704.67,0.0297,1,1,0,0,6,0.1538,0.079,5,1,0
NCRB-SYNTH-107434,Trial Court,Writ Petition (Detention),45,3,1,0,1,1,1,0,1,1,1,1,0.8855,1,58,1,1,0.0,6,1.0,50.93,0,27957.85,0.1859,1,1,0,1,4,0.1756,0.1091,5,1,1
NCRB-SYNTH-107437,High Court,Writ Petition (Detention),1,2,1,0,1,1,0,0,1,1,1,1,0.7504,0,125,1,1,0.1074,5,1.0,81.76,1,77542.56,0.0568,1,1,0,0,36,0.2781,0.077,4,1,1
NCRB-SYNTH-107438,Trial Court,Writ Petition (Detention),1,1,2,0,1,1,1,0,1,1,1,1,0.5569,1,15,0,1,0.0683,9,1.0703,67.82,0,109001.27,0.0834,1,1,0,0,11,0.0722,0.0291,5,1,0
NCRB-SYNTH-107439,High Court,Sec 482 CrPC (Quashing),2,5,2,0,1,1,1,0,1,1,1,0,0.864,1,63,0,0,0.0871,9,1.0,96.0,0,93756.08,0.1218,1,1,0,1,29,0.2935,0.0863,4,1,1
NCRB-SYNTH-107445,Trial Court,Sec 439 CrPC (Regular Bail),2,4,1,0,1,1,1,0,1,1,1,0,0.6084,0,18,1,1,0.0804,2,1.0,125.64,0,29881.41,0.1525,1,1,0,1,1,0.0393,0.0568,2,1,0
NCRB-SYNTH-107448,Trial Court,Sec 439 CrPC (Regular Bail),2,2,2,0,1,1,1,0,1,1,1,1,0.9133,1,168,1,1,0.0209,8,1.0422,55.31,0,50130.39,0.1313,1,1,0,1,4,0.1129,0.0701,5,1,1
NCRB-SYNTH-107453,Trial Court,Sec 482 CrPC (Quashing),1,3,1,0,1,1,1,1,1,1,1,1,0.4569,1,46,0,0,0.0767,6,1.1134,90.47,0,46596.5,0.0858,1,1,0,1,4,0.2419,0.1503,5,1,0
NCRB-SYNTH-107459,Trial Court,Sec 439 CrPC (Regular Bail),7,3,1,0,1,1,0,0,1,1,1,1,0.9395,1,181,0,1,0.0619,5,1.0328,143.07,0,142350.8,0.0566,1,1,0,1,2,0.0755,0.0687,2,1,1
NCRB-SYNTH-107460,High Court,Writ Petition (Detention),7,5,2,0,1,1,1,1,1,1,1,1,0.6528,1,148,0,0,0.0173,1,1.0865,45.32,0,27493.83,0.083,1,1,0,0,4,0.0559,0.0347,2,1,0
NCRB-SYNTH-107470,Supreme Court,Writ Petition (Detention),1,5,1,0,1,1,0,0,1,1,1,1,0.8417,1,162,1,1,0.0111,6,1.093,142.14,1,112357.17,0.0763,1,1,0,1,2,0.0816,0.0743,2,1,1
NCRB-SYNTH-107481,High Court,Writ Petition (Detention),4,2,2,0,1,1,0,0,1,1,1,0,0.621,1,99,0,0,0.15,6,1.2063,66.02,1,57591.95,0.0792,1,1,0,0,11,0.089,0.0358,5,1,0
NCRB-SYNTH-107493,High Court,Sec 439 CrPC (Regular Bail),21,2,2,0,1,1,1,1,1,1,1,1,0.4332,1,86,0,1,0.053,7,1.0664,83.46,0,148530.59,0.123,1,1,0,1,9,0.061,0.0265,5,1,0
NCRB-SYNTH-107499,Trial Court,Writ Petition (Detention),1,5,1,0,1,1,1,1,1,1,1,1,0.7501,1,14,1,0,0.1089,1,1.1136,157.43,1,132227.53,0.0251,1,1,0,1,1,0.0839,0.1211,2,1,1
NCRB-SYNTH-107508,Supreme Court,Writ Petition (Detention),4,3,2,0,1,1,1,0,1,1,1,0,0.471,1,65,0,0,0.0581,7,1.0,67.68,0,97828.58,0.1861,1,1,0,1,4,0.0147,0.0092,2,1,0
NCRB-SYNTH-107517,Trial Court,Sec 482 CrPC (Quashing),1,4,1,0,1,1,1,0,1,1,1,1,0.9696,1,38,1,1,0.1055,1,1.2754,90.56,1,110963.39,0.1663,0,0,1,0,5,0.2281,0.1273,5,1,1
NCRB-SYNTH-107518,High Court,Trial Judgment,1,2,2,0,1,1,1,0,1,1,1,1,0.9403,1,75,0,0,0.0803,3,1.0204,77.19,0,60074.53,0.1653,1,1,0,1,1,0.0502,0.0724,2,1,1
NCRB-SYNTH-107530,Trial Court,Sec 439 CrPC (Regular Bail),27,1,2,0,1,1,1,0,1,1,1,1,0.8083,1,115,1,1,0.1346,8,1.0,40.58,0,27060.2,0.1354,1,1,0,0,1,0.021,0.0303,2,1,1
NCRB-SYNTH-107533,Trial Court,Sec 439 CrPC (Regular Bail),1,3,2,0,1,1,1,0,1,1,1,1,0.8828,1,150,0,0,0.0895,2,1.2263,154.09,0,134465.45,0.1608,1,1,0,1,5,0.1795,0.1002,5,1,1
NCRB-SYNTH-107548,High Court,Sec 439 CrPC (Regular Bail),15,1,2,0,1,1,0,1,1,1,1,0,0.8912,1,147,0,0,0.1974,2,1.0,36.72,0,140682.5,0.07,1,1,0,0,3,0.0836,0.0603,2,1,1
NCRB-SYNTH-107597,High Court,Sec 482 CrPC (Quashing),1,4,1,0,1,1,1,1,1,1,1,0,0.6266,1,121,1,1,0.1345,7,1.0917,130.4,0,79319.33,0.1915,1,1,0,1,3,0.0837,0.0604,2,1,0
NCRB-SYNTH-107600,High Court,Sec 439 CrPC (Regular Bail),4,2,2,0,1,1,0,0,1,1,1,1,0.7014,1,38,0,0,0.1148,8,1.0676,147.15,1,131912.24,0.1815,1,1,0,1,4,0.0586,0.0364,5,1,1
NCRB-SYNTH-107605,High Court,Sec 439 CrPC (Regular Bail),1,2,2,0,1,1,1,0,1,1,1,1,0.3855,1,111,0,1,0.1173,8,1.0772,55.26,0,138517.12,0.0337,1,1,0,1,5,0.118,0.0659,5,1,0
NCRB-SYNTH-107609,Trial Court,Writ Petition (Detention),1,3,1,0,1,1,1,1,1,1,1,1,0.6086,1,158,0,0,0.046,1,1.0114,68.96,0,28047.93,0.1497,1,1,0,1,20,0.1254,0.0412,4,1,0
NCRB-SYNTH-107610,High Court,Writ Petition (Detention),1,3,2,0,1,1,1,0,1,1,1,1,0.4845,1,46,1,1,0.1112,6,1.2169,44.37,0,17484.91,0.0537,1,1,0,0,8,0.1868,0.085,5,1,0
NCRB-SYNTH-107611,High Court,Writ Petition (Detention),1,3,1,0,1,1,1,0,1,1,1,1,0.6573,1,90,0,0,0.1026,6,1.0874,44.33,0,87468.62,0.1802,1,1,0,0,6,0.197,0.1012,5,1,0
NCRB-SYNTH-107615,Trial Court,Sec 482 CrPC (Quashing),15,4,1,0,1,1,1,0,1,1,1,1,0.498,0,117,1,1,0.1664,7,1.0612,60.02,1,92918.87,0.0957,1,1,0,1,11,0.2318,0.0933,5,1,0
NCRB-SYNTH-107617,Trial Court,Sec 439 CrPC (Regular Bail),2,1,1,0,1,1,1,0,1,1,1,1,0.7722,1,47,0,0,0.0,8,1.1647,135.04,0,35429.29,0.0925,1,1,0,0,44,0.2959,0.0777,4,1,1
NCRB-SYNTH-107633,Trial Court,Writ Petition (Detention),2,4,2,0,1,1,0,1,1,1,1,0,0.6137,1,158,1,1,0.1109,2,1.1427,34.51,0,34055.87,0.1538,0,0,1,0,45,0.1037,0.0271,4,1,0
NCRB-SYNTH-107637,High Court,Writ Petition (Detention),1,1,2,0,1,1,1,0,1,1,1,1,0.5051,1,58,1,0,0.075,2,1.0555,112.97,0,103570.15,0.0556,1,1,0,1,4,0.0629,0.0391,2,1,0
NCRB-SYNTH-107642,Trial Court,Sec 439 CrPC (Regular Bail),4,3,2,1,1,1,1,0,1,1,1,1,0.9647,1,103,1,1,0.1457,6,1.0,102.95,0,100688.33,0.0725,1,1,0,1,3,0.0735,0.053,2,1,1
NCRB-SYNTH-107644,Trial Court,Sec 482 CrPC (Quashing),45,2,2,0,1,1,1,0,1,1,1,1,0.744,1,19,0,0,0.0604,6,1.1587,45.64,1,108120.85,0.0535,1,1,0,1,3,0.0407,0.0294,2,1,1
NCRB-SYNTH-107648,Trial Court,Sec 482 CrPC (Quashing),2,5,2,0,1,1,1,0,1,1,1,1,0.5966,1,27,0,1,0.1269,8,1.1046,178.85,0,58168.12,0.0278,1,1,0,0,3,0.0634,0.0457,2,1,0
NCRB-SYNTH-107649,Trial Court,Sec 439 CrPC (Regular Bail),2,5,2,0,1,1,0,1,1,1,1,1,0.9065,1,75,0,0,0.0285,6,1.0315,112.85,0,100490.81,0.1333,1,1,0,0,2,0.079,0.072,2,1,1
NCRB-SYNTH-107666,High Court,Sec 482 CrPC (Quashing),4,2,2,0,1,1,1,1,1,1,1,1,0.6043,1,133,0,0,0.115,1,1.077,92.45,1,140940.26,0.0156,1,1,0,1,11,0.1788,0.0719,5,1,0
NCRB-SYNTH-107670,High Court,Sec 439 CrPC (Regular Bail),2,1,2,0,1,1,1,1,1,1,1,0,0.7874,1,126,0,0,0.0447,3,1.0588,97.58,1,35797.67,0.0257,1,1,0,1,6,0.0859,0.0442,5,1,1
NCRB-SYNTH-107688,Trial Court,Writ Petition (Detention),4,3,2,0,1,1,1,1,1,1,1,1,0.3963,1,136,1,1,0.0929,8,1.0,124.6,0,48578.3,0.0287,0,0,1,1,1,0.0856,0.1236,2,1,0
NCRB-SYNTH-107689,Trial Court,Writ Petition (Detention),1,5,2,0,1,1,0,0,1,1,1,1,0.7555,1,100,0,0,0.1299,5,1.1541,121.61,0,144777.08,0.0519,1,1,0,0,33,0.2421,0.0687,4,1,1
NCRB-SYNTH-107693,Trial Court,Sec 482 CrPC (Quashing),1,3,2,0,1,1,0,1,1,1,1,1,0.7456,1,70,1,1,0.0575,4,1.2048,101.01,0,31517.93,0.1457,1,1,0,1,1,0.0972,0.1402,2,1,1
NCRB-SYNTH-107699,High Court,Sec 482 CrPC (Quashing),4,5,1,0,1,1,1,0,1,1,1,0,0.6027,1,53,1,1,0.0057,6,1.2891,93.46,1,39096.42,0.0121,0,0,1,1,28,0.2559,0.076,4,1,0
NCRB-SYNTH-107700,Trial Court,Trial Judgment,2,3,1,0,1,1,1,1,1,1,1,1,0.4522,0,145,1,1,0.0859,4,1.1399,174.05,0,108963.54,0.0622,1,1,0,0,1,0.0221,0.0319,2,1,0
NCRB-SYNTH-107713,Trial Court,Trial Judgment,2,1,2,0,1,1,1,0,1,1,1,1,0.6731,1,155,1,1,0.0549,5,1.0958,81.72,0,92541.6,0.0924,1,1,0,1,41,0.1737,0.0465,4,1,0
NCRB-SYNTH-107717,High Court,Sec 439 CrPC (Regular Bail),1,2,1,0,1,1,0,1,1,1,1,1,0.7651,1,168,0,0,0.0566,4,1.1789,81.17,1,60544.82,0.1745,1,1,0,1,9,0.1953,0.0848,5,1,1
NCRB-SYNTH-107738,Trial Court,Writ Petition (Detention),1,1,2,0,1,1,0,1,1,1,1,1,0.3992,1,23,1,1,0.0509,2,1.2356,160.46,0,96681.6,0.0544,1,1,0,1,28,0.2723,0.0809,4,1,0
NCRB-SYNTH-107744,High Court,Trial Judgment,45,2,1,0,1,1,1,0,1,1,1,0,0.864,1,25,0,1,0.0796,8,1.0,48.26,0,107641.3,0.0627,1,1,0,0,3,0.0549,0.0396,2,1,1
NCRB-SYNTH-107749,Trial Court,Sec 439 CrPC (Regular Bail),1,1,1,0,1,1,1,0,1,1,1,1,0.7923,1,98,0,0,0.0485,3,1.0,81.79,0,120667.18,0.1517,1,1,0,1,33,0.1283,0.0364,4,1,1
NCRB-SYNTH-107755,High Court,Writ Petition (Detention),4,5,1,0,1,1,1,0,1,1,1,1,0.9073,1,118,1,1,0.1387,1,1.0,72.88,1,70013.19,0.01,1,1,0,1,1,0.0944,0.1362,2,1,1
NCRB-SYNTH-107757,Trial Court,Sec 439 CrPC (Regular Bail),1,4,2,0,1,1,0,0,1,1,1,1,0.6984,1,108,0,0,0.0232,1,1.0637,73.94,1,97103.54,0.1586,1,1,0,0,11,0.1223,0.0492,5,1,0
NCRB-SYNTH-107767,Trial Court,Writ Petition (Detention),27,3,1,1,1,1,1,0,1,1,1,1,0.9067,1,89,0,0,0.1013,8,1.0,54.17,0,29013.49,0.0352,1,1,0,0,36,0.1538,0.0426,4,1,1
NCRB-SYNTH-107773,Trial Court,Writ Petition (Detention),4,3,1,0,1,1,0,1,1,1,1,1,0.5467,0,135,0,0,0.0288,8,1.0045,114.65,0,110284.36,0.0062,0,0,1,1,13,0.1267,0.048,4,1,0
NCRB-SYNTH-107774,High Court,Sec 439 CrPC (Regular Bail),1,4,2,0,1,1,1,0,1,1,1,1,0.6653,1,67,0,0,0.0303,8,1.2031,57.55,0,116610.95,0.1685,1,1,0,1,34,0.1461,0.0411,4,1,0
NCRB-SYNTH-107775,High Court,Sec 439 CrPC (Regular Bail),2,3,1,0,1,1,0,0,1,1,1,0,0.6105,1,108,0,0,0.0666,5,1.098,60.66,0,142845.87,0.1132,0,0,1,1,6,0.1528,0.0785,5,1,0
NCRB-SYNTH-107777,Trial Court,Writ Petition (Detention),2,4,1,0,1,1,0,1,1,1,1,0,0.619,1,122,0,0,0.0799,9,1.0846,89.47,0,30843.55,0.1301,1,1,0,0,15,0.1161,0.0419,4,1,0
NCRB-SYNTH-107787,High Court,Sec 482 CrPC (Quashing),4,2,2,0,1,1,1,1,1,1,1,1,0.8774,1,91,0,0,0.051,8,1.2388,121.15,0,90347.34,0.0625,1,1,0,0,9,0.1272,0.0553,5,1,1
NCRB-SYNTH-107792,High Court,Trial Judgment,1,1,1,0,1,1,1,1,1,1,1,1,0.4633,1,161,1,0,0.161,3,1.1753,55.51,0,36087.11,0.0501,1,1,0,0,2,0.0922,0.084,2,1,0
NCRB-SYNTH-107799,High Court,Sec 439 CrPC (Regular Bail),1,4,2,0,1,1,1,0,1,1,1,1,0.8202,1,56,1,1,0.0563,9,1.1838,138.39,0,83528.1,0.0399,1,1,0,1,3,0.0506,0.0365,2,1,1
NCRB-SYNTH-107800,High Court,Writ Petition (Detention),7,3,1,0,1,1,1,0,1,1,1,0,0.462,1,89,0,0,0.1162,5,1.101,78.42,0,16708.12,0.1454,0,0,1,1,38,0.2319,0.0633,4,1,0
NCRB-SYNTH-107804,Trial Court,Writ Petition (Detention),1,3,1,0,1,1,1,0,1,1,1,1,0.5476,1,173,1,1,0.0822,9,1.3068,50.21,1,63765.11,0.135,1,1,0,1,2,0.0765,0.0696,2,1,0
NCRB-SYNTH-107809,High Court,Writ Petition (Detention),2,3,1,0,1,1,0,1,1,1,1,0,0.8415,1,90,1,0,0.1057,2,1.1863,91.04,1,104491.49,0.0988,0,0,1,0,15,0.3197,0.1153,4,1,1
NCRB-SYNTH-107811,Trial Court,Trial Judgment,1,4,2,0,1,1,1,0,1,1,1,1,0.4523,0,149,0,0,0.1704,4,1.1911,66.59,0,68912.46,0.0091,1,1,0,0,7,0.2095,0.1008,5,1,0
NCRB-SYNTH-107815,Trial Court,Sec 482 CrPC (Quashing),21,2,2,0,1,1,1,0,1,1,1,0,0.5308,1,65,1,1,0.1197,4,1.0,63.07,0,65785.36,0.0149,1,1,0,1,4,0.0266,0.0165,2,1,0
NCRB-SYNTH-107817,Trial Court,Sec 482 CrPC (Quashing),4,5,2,0,1,1,1,0,1,1,1,1,0.7252,1,133,0,0,0.0471,5,1.0,139.0,0,117074.59,0.0262,0,0,1,1,7,0.0757,0.0364,5,1,1
NCRB-SYNTH-107828,High Court,Sec 482 CrPC (Quashing),2,5,2,0,1,1,1,0,1,1,1,0,0.66,1,31,1,1,0.084,3,1.09,174.3,0,100069.9,0.1378,1,1,0,1,1,0.08,0.1154,2,1,0
NCRB-SYNTH-107831,High Court,Sec 439 CrPC (Regular Bail),1,4,2,0,1,1,1,1,1,1,1,1,0.4889,1,125,0,0,0.053,6,1.1401,121.52,0,56010.17,0.108,1,1,0,0,10,0.1279,0.0533,5,1,0
NCRB-SYNTH-107833,High Court,Sec 439 CrPC (Regular Bail),2,2,1,0,1,1,1,0,1,1,1,0,0.6364,1,95,1,1,0.0442,1,1.0872,167.4,1,79935.44,0.0894,1,1,0,1,24,0.2386,0.0741,4,1,0
NCRB-SYNTH-107851,Supreme Court,Sec 439 CrPC (Regular Bail),1,4,1,0,1,1,1,0,1,1,1,1,0.5155,1,23,0,0,0.0263,5,1.1769,172.17,0,63231.37,0.1236,1,1,0,0,35,0.0872,0.0243,4,1,0
NCRB-SYNTH-107854,High Court,Writ Petition (Detention),7,5,1,0,1,1,0,0,1,1,1,1,0.7488,1,107,1,1,0.0895,3,1.1312,157.46,0,56404.6,0.1299,1,1,0,0,1,0.0749,0.108,2,1,1
NCRB-SYNTH-107858,Trial Court,Writ Petition (Detention),1,2,2,0,1,1,1,0,1,1,1,1,0.4157,1,53,0,0,0.0433,6,1.0165,178.79,0,96685.61,0.1754,0,0,1,0,2,0.0939,0.0855,2,1,0
NCRB-SYNTH-107865,Trial Court,Trial Judgment,15,1,2,0,1,1,1,1,1,1,1,0,0.8317,1,59,0,0,0.0306,3,1.2088,63.02,0,61205.55,0.0575,0,0,1,0,1,0.0504,0.0728,2,1,1
NCRB-SYNTH-107868,Trial Court,Trial Judgment,2,3,2,0,1,1,1,1,1,1,1,1,0.7249,0,155,0,0,0.102,2,1.0389,125.81,1,117930.21,0.0787,1,1,0,1,16,0.1102,0.0389,4,1,1
NCRB-SYNTH-107887,Trial Court,Trial Judgment,7,5,1,0,1,1,1,1,1,1,1,1,0.5109,1,17,0,0,0.109,1,1.0,162.84,0,141343.96,0.0439,1,1,0,1,2,0.0469,0.0427,2,1,0
NCRB-SYNTH-107889,Trial Court,Trial Judgment,1,4,1,0,1,1,0,0,1,1,1,1,0.6266,0,144,0,1,0.1126,6,1.0,110.61,0,116379.53,0.1293,1,1,0,0,35,0.314,0.0876,4,1,0
NCRB-SYNTH-107899,Trial Court,Sec 439 CrPC (Regular Bail),2,2,2,0,1,1,0,0,1,1,1,0,0.9665,1,152,0,0,0.0503,2,1.0,122.8,0,106298.3,0.1642,0,0,1,1,10,0.176,0.0734,5,1,1
NCRB-SYNTH-107902,High Court,Sec 439 CrPC (Regular Bail),2,5,1,1,1,1,1,0,1,1,1,0,0.5634,1,29,1,1,0.0455,3,1.1619,111.9,1,45256.18,0.09,1,1,0,1,5,0.244,0.1362,5,1,0
NCRB-SYNTH-107903,High Court,Sec 439 CrPC (Regular Bail),1,3,2,0,1,1,1,0,1,1,1,1,0.6859,1,104,1,1,0.0329,3,1.0,124.96,1,72885.13,0.0184,1,1,0,0,3,0.0968,0.0698,2,1,0
NCRB-SYNTH-107916,High Court,Sec 439 CrPC (Regular Bail),1,4,2,0,1,1,1,0,1,1,1,0,0.5506,1,164,1,1,0.102,8,1.151,142.62,0,79030.96,0.1643,1,1,0,1,11,0.1027,0.0413,5,1,0
NCRB-SYNTH-107926,High Court,Writ Petition (Detention),1,5,1,0,1,1,1,0,1,1,1,1,0.5502,1,134,0,0,0.1151,6,1.2144,46.01,0,63720.42,0.0872,1,1,0,1,21,0.2265,0.0733,4,1,0
NCRB-SYNTH-107934,Trial Court,Writ Petition (Detention),1,4,2,0,1,1,0,0,1,1,1,1,0.7307,1,147,0,0,0.0506,6,1.1232,138.07,0,60191.97,0.1519,1,1,0,1,11,0.2032,0.0818,5,1,1
NCRB-SYNTH-107935,High Court,Trial Judgment,2,5,2,0,1,1,0,0,1,1,1,1,0.9369,0,130,0,0,0.0859,8,1.1794,66.08,0,94376.92,0.0183,1,1,0,1,4,0.0687,0.0427,2,1,1
NCRB-SYNTH-107950,Trial Court,Writ Petition (Detention),1,2,1,0,1,1,1,0,1,1,1,1,0.7023,1,131,1,1,0.0778,3,1.0,76.31,0,139149.31,0.1929,1,1,0,0,3,0.0483,0.0348,2,1,1
NCRB-SYNTH-107962,Trial Court,Sec 439 CrPC (Regular Bail),1,3,1,0,1,1,1,1,1,1,1,1,0.6772,1,61,0,0,0.1593,3,1.1363,111.66,0,109617.68,0.1251,1,1,0,1,20,0.1347,0.0443,4,1,0
NCRB-SYNTH-107967,High Court,Writ Petition (Detention),1,3,2,0,1,1,0,1,1,1,1,1,0.413,1,88,1,1,0.1056,5,1.1029,100.78,1,83210.11,0.196,1,1,0,1,4,0.0582,0.0362,2,1,0
NCRB-SYNTH-107981,Trial Court,Writ Petition (Detention),2,2,1,0,1,1,0,1,1,1,1,1,0.3824,1,176,0,0,0.0764,5,1.0328,62.84,0,149318.79,0.1061,1,1,0,1,4,0.0509,0.0316,2,1,0
NCRB-SYNTH-107982,Trial Court,Writ Petition (Detention),1,4,1,0,1,1,1,0,1,1,1,1,0.803,1,87,0,1,0.0717,3,1.1047,101.53,0,68985.95,0.1381,1,1,0,0,1,0.0142,0.0205,2,1,1
NCRB-SYNTH-107984,Trial Court,Writ Petition (Detention),4,1,1,0,1,1,1,0,1,1,1,0,0.3595,1,24,1,0,0.0,1,1.2938,70.17,1,128668.28,0.1161,0,0,1,1,40,0.2733,0.0736,4,1,0
NCRB-SYNTH-107992,High Court,Writ Petition (Detention),1,1,1,0,1,1,1,1,1,1,1,1,0.4012,1,141,0,0,0.0657,9,1.1708,164.95,0,143559.26,0.0022,0,0,1,1,13,0.1267,0.048,4,1,0
NCRB-SYNTH-107993,Supreme Court,Writ Petition (Detention),21,3,1,1,1,1,1,1,1,1,1,1,0.741,1,129,0,0,0.0224,7,1.1291,89.13,0,57122.42,0.1721,1,1,0,1,2,0.0994,0.0905,2,1,1
NCRB-SYNTH-107994,Trial Court,Sec 439 CrPC (Regular Bail),21,4,2,0,1,1,0,0,1,1,1,1,0.7057,1,47,0,1,0.0779,3,1.1428,165.78,0,140516.05,0.1649,0,0,1,1,3,0.0558,0.0403,2,1,1
NCRB-SYNTH-107996,High Court,Writ Petition (Detention),7,5,1,0,1,1,1,1,1,1,1,1,0.6246,1,12,0,0,0.1709,2,1.1396,59.23,1,55035.14,0.0716,1,1,0,0,3,0.0122,0.0088,2,1,0
NCRB-SYNTH-107997,Trial Court,Writ Petition (Detention),2,5,1,0,1,1,1,0,1,1,1,1,0.8064,1,75,1,0,0.1321,1,1.0881,179.71,1,92092.47,0.1053,1,1,0,1,6,0.1059,0.0544,5,1,1
NCRB-SYNTH-108008,Trial Court,Writ Petition (Detention),1,5,2,0,1,1,1,0,1,1,1,1,0.6155,1,36,0,0,0.0755,9,1.2568,41.37,0,116949.58,0.0048,0,0,1,1,1,0.0176,0.0255,2,1,0
NCRB-SYNTH-108014,Trial Court,Sec 439 CrPC (Regular Bail),1,1,2,0,1,1,0,0,1,1,1,1,0.4001,1,157,1,1,0.0992,9,1.0325,164.41,0,74364.35,0.1165,0,0,1,0,20,0.1009,0.0331,4,1,0
NCRB-SYNTH-108025,High Court,Sec 439 CrPC (Regular Bail),1,5,1,0,1,1,0,0,1,1,1,1,0.3929,1,124,1,1,0.087,3,1.1394,161.09,0,128834.69,0.0512,1,1,0,1,4,0.0472,0.0294,2,1,0
NCRB-SYNTH-108028,Trial Court,Sec 439 CrPC (Regular Bail),1,5,2,0,1,1,1,1,1,1,1,0,0.6948,1,156,0,0,0.125,3,1.1436,119.84,0,22540.2,0.0942,1,1,0,1,10,0.1094,0.0456,5,1,0
NCRB-SYNTH-108033,Trial Court,Writ Petition (Detention),1,1,2,0,1,1,1,0,1,1,1,0,0.7905,0,154,0,0,0.1164,5,1.0957,35.31,1,67764.41,0.0589,0,0,1,0,5,0.1744,0.0974,5,1,1
NCRB-SYNTH-108037,Trial Court,Writ Petition (Detention),1,1,1,0,1,1,1,0,1,1,1,1,0.8388,1,139,1,0,0.1292,2,1.2713,55.75,0,76491.62,0.1149,1,1,0,0,1,0.0539,0.0777,2,1,1
NCRB-SYNTH-108039,Trial Court,Sec 439 CrPC (Regular Bail),1,4,2,0,1,1,1,1,1,1,1,1,0.6223,0,88,1,1,0.0914,8,1.1843,173.06,1,70792.21,0.016,1,1,0,1,9,0.1533,0.0666,5,1,0
NCRB-SYNTH-108042,High Court,Sec 439 CrPC (Regular Bail),1,1,2,0,1,1,1,0,1,1,1,0,0.9324,1,148,0,0,0.0865,8,1.0976,167.85,0,78459.64,0.1198,1,1,0,1,1,0.0641,0.0924,2,1,1
NCRB-SYNTH-108057,Trial Court,Writ Petition (Detention),4,2,2,0,1,1,0,0,1,1,1,1,0.5588,1,54,0,0,0.0693,3,1.1336,173.94,0,96566.26,0.1377,1,1,0,1,45,0.3092,0.0808,4,1,0
NCRB-SYNTH-108058,Trial Court,Sec 482 CrPC (Quashing),7,2,1,0,1,1,1,0,1,1,1,1,0.6513,1,126,0,0,0.1672,1,1.2494,50.01,1,132615.16,0.1451,1,1,0,0,37,0.1984,0.0545,4,1,0
NCRB-SYNTH-108062,Trial Court,Writ Petition (Detention),2,3,2,0,1,1,0,0,1,1,1,0,0.7641,1,117,1,1,0.098,1,1.0,107.75,0,22367.67,0.129,1,1,0,1,1,0.0722,0.1041,2,1,1
NCRB-SYNTH-108068,Trial Court,Writ Petition (Detention),1,2,1,1,1,1,1,1,1,1,1,1,0.8422,1,171,0,0,0.0758,7,1.0668,54.92,0,106902.84,0.1827,1,1,0,1,4,0.1876,0.1166,5,1,1
NCRB-SYNTH-108076,High Court,Sec 439 CrPC (Regular Bail),2,1,2,0,1,1,0,0,1,1,1,0,0.7916,1,108,1,1,0.0311,3,1.1524,57.72,0,80049.31,0.1728,1,1,0,1,8,0.0716,0.0326,5,1,1
NCRB-SYNTH-108081,Trial Court,Sec 482 CrPC (Quashing),1,1,2,0,1,1,1,0,1,1,1,1,0.783,1,94,0,1,0.0482,3,1.4085,54.15,1,20997.73,0.194,1,1,0,1,2,0.0319,0.0291,2,1,1
NCRB-SYNTH-108083,Trial Court,Writ Petition (Detention),2,4,2,1,1,1,1,0,1,1,1,1,0.8565,1,32,0,0,0.0635,9,1.127,161.8,0,104715.45,0.141,1,1,0,1,8,0.1155,0.0526,5,1,1
NCRB-SYNTH-108112,Trial Court,Writ Petition (Detention),2,2,1,0,1,1,0,0,1,1,1,1,0.653,1,148,0,0,0.0804,3,1.0908,42.81,0,141899.35,0.1175,1,1,0,0,2,0.0508,0.0463,2,1,0
NCRB-SYNTH-108116,Trial Court,Trial Judgment,4,5,1,0,1,1,1,1,1,1,1,1,0.9506,1,125,1,1,0.1474,1,1.0766,78.06,0,48304.03,0.1658,1,1,0,0,15,0.1407,0.0507,4,1,1
NCRB-SYNTH-108118,High Court,Sec 439 CrPC (Regular Bail),2,2,2,0,1,1,1,1,1,1,1,1,0.8569,1,52,1,0,0.1452,4,1.2098,113.52,1,60426.47,0.1492,1,1,0,1,3,0.0885,0.0638,2,1,1
NCRB-SYNTH-108121,High Court,Sec 439 CrPC (Regular Bail),1,1,1,0,1,1,0,0,1,1,1,1,0.5487,1,148,0,0,0.0283,9,1.0,37.23,0,105870.43,0.0422,1,1,0,1,23,0.2041,0.0642,4,1,0
NCRB-SYNTH-108125,High Court,Sec 482 CrPC (Quashing),1,5,2,0,1,1,1,0,1,1,1,1,0.842,1,147,0,0,0.0189,8,1.0,57.49,0,35310.95,0.1586,1,1,0,1,8,0.1926,0.0876,5,1,1
NCRB-SYNTH-108130,Trial Court,Sec 439 CrPC (Regular Bail),1,1,1,0,1,1,1,0,1,1,1,0,0.6933,1,22,1,1,0.1406,7,1.1542,44.31,1,140030.84,0.0081,0,0,1,0,6,0.1852,0.0952,5,1,0
NCRB-SYNTH-108140,High Court,Writ Petition (Detention),4,2,1,0,1,1,1,0,1,1,1,1,0.7704,1,173,1,1,0.0614,7,1.0,115.31,0,37744.34,0.1194,1,1,0,0,5,0.2433,0.1358,5,1,1
NCRB-SYNTH-108147,High Court,Writ Petition (Detention),2,4,2,0,1,1,1,0,1,1,1,1,0.9287,1,144,0,0,0.1033,1,1.0154,33.2,1,130250.84,0.1789,0,0,1,1,4,0.0251,0.0156,2,1,1
NCRB-SYNTH-108149,Trial Court,Sec 482 CrPC (Quashing),1,5,2,0,1,1,1,0,1,1,1,1,0.9406,1,158,1,1,0.0199,9,1.0,94.31,1,33932.66,0.1241,1,1,0,1,9,0.1285,0.0558,5,1,1
NCRB-SYNTH-108150,High Court,Sec 482 CrPC (Quashing),4,1,1,0,1,1,1,1,1,1,1,1,0.6583,1,111,0,0,0.0678,8,1.1154,96.69,0,83521.12,0.1831,1,1,0,0,2,0.041,0.0373,2,1,0
NCRB-SYNTH-108174,High Court,Writ Petition (Detention),1,4,1,0,1,1,1,0,1,1,1,1,0.8863,1,33,1,1,0.0158,2,1.2233,89.29,0,78856.46,0.1077,1,1,0,0,4,0.0191,0.0119,2,1,1
NCRB-SYNTH-108176,Trial Court,Sec 439 CrPC (Regular Bail),1,3,1,0,1,1,1,1,1,1,1,1,0.6896,1,32,1,1,0.0451,8,1.1078,117.04,0,106752.9,0.0048,1,1,0,0,1,0.0911,0.1314,2,1,0
NCRB-SYNTH-108177,Trial Court,Writ Petition (Detention),2,1,2,0,1,1,1,0,1,1,1,1,0.6362,1,43,0,0,0.128,6,1.2057,107.92,0,126190.41,0.1474,1,1,0,0,8,0.137,0.0624,5,1,0
NCRB-SYNTH-108185,High Court,Writ Petition (Detention),4,1,1,0,1,1,1,0,1,1,1,1,0.9465,0,157,1,1,0.0461,7,1.343,164.57,0,143635.46,0.1284,1,1,0,1,4,0.1974,0.1227,5,1,1
NCRB-SYNTH-108187,Trial Court,Writ Petition (Detention),1,3,1,0,1,1,1,1,1,1,1,0,0.8231,1,51,0,0,0.0033,5,1.1506,44.9,0,51814.88,0.0087,1,1,0,1,2,0.0658,0.0599,2,1,1
NCRB-SYNTH-108193,High Court,Sec 482 CrPC (Quashing),1,1,2,0,1,1,0,0,1,1,1,1,0.429,1,17,1,1,0.129,3,1.1934,68.05,0,21512.44,0.047,1,1,0,1,5,0.0799,0.0446,5,1,0
NCRB-SYNTH-108194,High Court,Writ Petition (Detention),15,4,2,0,1,1,0,0,1,1,1,1,0.6698,1,57,0,0,0.0678,3,1.1014,58.07,1,70366.04,0.1181,1,1,0,0,33,0.2985,0.0847,4,1,0
NCRB-SYNTH-108196,High Court,Writ Petition (Detention),1,2,1,0,1,1,0,1,1,1,1,1,0.5473,1,35,0,0,0.0504,5,1.1424,97.88,0,126069.54,0.0091,1,1,0,1,4,0.0234,0.0146,2,1,0
NCRB-SYNTH-108198,Trial Court,Sec 482 CrPC (Quashing),1,5,2,0,1,1,0,0,1,1,1,1,0.4848,1,60,0,0,0.1232,1,1.1334,52.36,0,117308.41,0.0198,0,0,1,1,23,0.2475,0.0779,4,1,0
NCRB-SYNTH-108206,Trial Court,Sec 482 CrPC (Quashing),1,5,1,0,1,1,1,0,1,1,1,1,0.852,1,51,1,1,0.0631,9,1.0724,47.63,1,47581.27,0.1323,1,1,0,1,2,0.0564,0.0514,2,1,1
NCRB-SYNTH-108209,Trial Court,Sec 482 CrPC (Quashing),15,4,1,0,1,1,1,0,1,1,1,1,0.6839,1,151,0,0,0.1003,9,1.3214,47.16,0,38761.69,0.1182,1,1,0,1,3,0.0249,0.018,2,1,0
NCRB-SYNTH-108218,High Court,Writ Petition (Detention),15,1,2,0,1,1,1,0,1,1,1,0,0.4846,1,66,0,0,0.0532,7,1.0161,157.5,0,118511.69,0.0019,1,1,0,1,40,0.2719,0.0732,4,1,0
NCRB-SYNTH-108219,High Court,Sec 482 CrPC (Quashing),2,3,2,0,1,1,1,0,1,1,1,1,0.4345,1,131,1,0,0.0259,9,1.0956,135.9,0,126599.71,0.1966,1,1,0,1,3,0.0518,0.0374,2,1,0
NCRB-SYNTH-108225,High Court,Sec 482 CrPC (Quashing),2,1,1,0,1,1,0,0,1,1,1,0,0.3847,0,104,0,0,0.0599,9,1.2794,80.29,0,56864.9,0.0941,0,0,1,1,4,0.0504,0.0313,2,1,0
NCRB-SYNTH-108231,Trial Court,Writ Petition (Detention),2,3,2,0,1,1,0,0,1,1,1,1,0.5115,1,105,1,1,0.1426,3,1.3483,103.1,1,53341.52,0.1124,1,1,0,1,3,0.0725,0.0523,2,1,0
NCRB-SYNTH-108245,High Court,Sec 439 CrPC (Regular Bail),1,2,2,0,1,1,1,1,1,1,1,1,0.9244,0,178,1,1,0.1637,2,1.12,170.13,0,100341.65,0.1094,0,0,1,1,4,0.153,0.095,5,1,1
NCRB-SYNTH-108247,Supreme Court,Sec 482 CrPC (Quashing),2,2,2,0,1,1,0,0,1,1,1,1,0.6837,1,16,1,1,0.0601,2,1.0743,59.79,1,46236.61,0.0523,1,1,0,1,10,0.1607,0.067,5,1,0
NCRB-SYNTH-108257,Trial Court,Writ Petition (Detention),1,1,1,0,1,1,1,0,1,1,1,1,0.4442,1,56,0,0,0.0792,3,1.1382,63.87,0,19840.68,0.1439,1,1,0,1,8,0.1997,0.0909,5,1,0
NCRB-SYNTH-108271,Trial Court,Trial Judgment,2,3,2,1,1,1,0,0,1,1,1,1,0.7736,1,45,0,0,0.0622,2,1.0637,133.3,1,96176.44,0.1993,0,0,1,0,44,0.2856,0.075,4,1,1
NCRB-SYNTH-108281,High Court,Sec 439 CrPC (Regular Bail),1,2,2,0,1,1,1,0,1,1,1,1,0.9139,1,22,0,0,0.0,6,1.0,168.65,1,130938.47,0.1243,0,0,1,1,8,0.1253,0.057,5,1,1
NCRB-SYNTH-108284,High Court,Trial Judgment,2,3,2,0,1,1,0,0,1,1,1,1,0.6214,1,23,0,0,0.0762,2,1.3116,160.77,0,130959.71,0.0057,1,1,0,1,4,0.0611,0.0379,2,1,0
NCRB-SYNTH-108302,High Court,Sec 439 CrPC (Regular Bail),1,1,2,0,1,1,1,0,1,1,1,1,0.478,1,20,0,0,0.0186,6,1.1982,136.6,0,85775.06,0.0732,1,1,0,1,2,0.0799,0.0727,2,1,0
NCRB-SYNTH-108304,Trial Court,Writ Petition (Detention),1,2,1,0,1,1,1,0,1,1,1,0,0.8308,1,156,0,1,0.1624,9,1.2595,97.7,0,28396.34,0.1695,1,1,0,1,3,0.0398,0.0287,2,1,1
NCRB-SYNTH-108306,Trial Court,Writ Petition (Detention),2,4,1,0,1,1,0,0,1,1,1,1,0.7682,0,52,1,1,0.0846,2,1.079,130.94,0,76457.69,0.013,1,1,0,1,4,0.0699,0.0434,2,1,1
NCRB-SYNTH-108308,High Court,Sec 439 CrPC (Regular Bail),1,4,1,0,1,1,1,1,1,1,1,0,0.6193,1,20,0,1,0.0438,7,1.2484,149.54,0,84535.2,0.0188,1,1,0,1,6,0.1212,0.0623,5,1,0
NCRB-SYNTH-108312,High Court,Trial Judgment,1,5,2,0,1,1,1,0,1,1,1,0,0.8824,1,14,1,1,0.0667,2,1.0,45.83,0,106376.24,0.1532,1,1,0,0,3,0.0953,0.0687,2,1,1
NCRB-SYNTH-108316,High Court,Sec 439 CrPC (Regular Bail),7,1,1,0,1,1,0,0,1,1,1,1,0.6795,0,59,1,0,0.1235,5,1.0,160.54,1,40236.9,0.1929,1,1,0,0,28,0.1419,0.0421,4,1,0
NCRB-SYNTH-108323,High Court,Sec 439 CrPC (Regular Bail),1,4,1,0,1,1,1,0,1,1,1,1,0.6074,1,111,0,0,0.1801,1,1.0973,134.9,1,96000.5,0.0483,0,0,1,0,3,0.0472,0.034,2,1,0
NCRB-SYNTH-108356,Trial Court,Writ Petition (Detention),4,4,2,0,1,1,0,1,1,1,1,1,0.6926,1,20,1,1,0.1049,9,1.0699,171.31,0,61003.6,0.079,0,0,1,0,10,0.1029,0.0429,5,1,0
NCRB-SYNTH-108357,High Court,Sec 482 CrPC (Quashing),1,1,1,0,1,1,0,0,1,1,1,1,0.9087,1,52,0,0,0.1262,1,1.0,139.32,0,42715.4,0.0308,0,0,1,0,3,0.0283,0.0204,2,1,1
NCRB-SYNTH-108363,Trial Court,Trial Judgment,4,1,1,0,1,1,1,0,1,1,1,0,0.5718,1,76,0,0,0.0636,1,1.1314,35.79,0,122719.58,0.0838,1,1,0,0,1,0.0264,0.038,2,1,0
NCRB-SYNTH-108378,Trial Court,Sec 439 CrPC (Regular Bail),1,3,2,0,1,1,0,1,1,1,1,1,0.4674,1,64,1,1,0.0,2,1.2379,127.87,0,61201.0,0.0676,1,1,0,1,5,0.0704,0.0393,5,1,0
NCRB-SYNTH-108385,Trial Court,Trial Judgment,1,1,1,0,1,1,0,1,1,1,1,1,0.6712,1,143,0,0,0.0907,6,1.11,88.13,0,126008.43,0.0927,0,0,1,0,32,0.1381,0.0395,4,1,0
NCRB-SYNTH-108388,High Court,Sec 439 CrPC (Regular Bail),1,2,2,0,1,1,0,1,1,1,1,1,0.6443,1,33,0,0,0.0633,6,1.116,78.07,1,33173.71,0.1429,1,1,0,0,7,0.084,0.0404,5,1,0
NCRB-SYNTH-108406,Supreme Court,Sec 482 CrPC (Quashing),7,3,2,1,1,1,0,1,1,1,1,0,0.8183,1,172,0,0,0.0686,3,1.0346,54.21,0,124185.02,0.1978,1,1,0,0,3,0.0678,0.0489,2,1,1
NCRB-SYNTH-108408,Trial Court,Sec 482 CrPC (Quashing),1,5,2,0,1,1,1,1,1,1,1,1,0.7634,1,124,0,1,0.0,2,1.0452,173.55,1,93830.89,0.1823,0,0,1,1,3,0.085,0.0613,2,1,1
NCRB-SYNTH-108422,Trial Court,Trial Judgment,2,1,1,0,1,1,1,0,1,1,1,1,0.8845,1,82,0,0,0.1129,4,1.0793,123.58,0,88925.43,0.0529,0,0,1,0,11,0.0628,0.0253,5,1,1
NCRB-SYNTH-108423,High Court,Sec 482 CrPC (Quashing),4,1,1,0,1,1,1,0,1,1,1,0,0.768,1,65,0,0,0.0698,9,1.2499,95.2,0,83990.69,0.1711,1,1,0,0,1,0.075,0.1082,2,1,1
NCRB-SYNTH-108426,High Court,Writ Petition (Detention),2,2,2,0,1,1,1,0,1,1,1,0,0.6411,1,25,0,0,0.1424,7,1.1815,82.0,0,100214.41,0.181,1,1,0,1,5,0.1022,0.057,5,1,0
NCRB-SYNTH-108429,High Court,Sec 482 CrPC (Quashing),4,1,2,0,1,1,0,0,1,1,1,0,0.4819,1,44,1,1,0.0951,3,1.2517,45.3,1,36484.48,0.02,1,1,0,0,4,0.188,0.1168,5,1,0
NCRB-SYNTH-108436,Trial Court,Sec 482 CrPC (Quashing),1,1,1,0,1,1,1,0,1,1,1,0,0.5113,0,176,0,0,0.0996,7,1.1501,47.71,1,65097.52,0.1394,0,0,1,1,4,0.0924,0.0574,2,1,0
NCRB-SYNTH-108441,Trial Court,Writ Petition (Detention),1,1,2,0,1,1,1,0,1,1,1,1,0.8316,1,99,0,0,0.0234,7,1.1442,55.58,0,96331.46,0.0111,0,0,1,1,5,0.1999,0.1116,5,1,1
NCRB-SYNTH-108442,Trial Court,Sec 439 CrPC (Regular Bail),4,5,1,0,1,1,1,0,1,1,1,0,0.617,0,163,1,1,0.0,9,1.1576,34.75,0,121441.44,0.0562,1,1,0,1,6,0.0904,0.0465,5,1,0
NCRB-SYNTH-108460,Trial Court,Writ Petition (Detention),1,2,1,0,1,1,1,0,1,1,1,1,0.7028,1,159,0,0,0.081,4,1.0254,128.69,0,73358.87,0.1247,1,1,0,0,5,0.173,0.0966,5,1,1
NCRB-SYNTH-108463,Trial Court,Sec 482 CrPC (Quashing),15,4,2,1,1,1,0,0,1,1,1,0,0.8659,1,110,0,0,0.07,7,1.1236,172.6,0,85656.42,0.1577,1,1,0,0,1,0.0792,0.1143,2,1,1
NCRB-SYNTH-108466,Trial Court,Sec 439 CrPC (Regular Bail),2,3,1,0,1,1,1,0,1,1,1,1,0.6421,1,172,0,0,0.0879,4,1.3228,69.72,0,134074.57,0.0379,1,1,0,1,10,0.2182,0.091,5,1,0
NCRB-SYNTH-108469,Trial Court,Sec 482 CrPC (Quashing),1,5,2,0,1,1,1,0,1,1,1,0,0.8494,1,31,0,0,0.0224,4,1.1952,41.27,0,29744.74,0.15,1,1,0,1,3,0.099,0.0714,2,1,1
NCRB-SYNTH-108471,Trial Court,Sec 439 CrPC (Regular Bail),15,2,2,0,1,1,1,0,1,1,1,0,0.4604,1,85,1,0,0.0354,5,1.1487,42.0,0,134320.16,0.1669,0,0,1,1,3,0.0528,0.0381,2,1,0
NCRB-SYNTH-108472,High Court,Writ Petition (Detention),4,5,1,0,1,1,1,0,1,1,1,1,0.6904,1,62,0,1,0.0787,4,1.0,95.25,0,17899.44,0.1381,0,0,1,0,4,0.0285,0.0177,2,1,0
NCRB-SYNTH-108482,Trial Court,Trial Judgment,1,1,1,0,1,1,1,0,1,1,1,1,0.571,1,35,0,1,0.0739,9,1.127,167.37,0,76983.97,0.1823,1,1,0,1,11,0.0839,0.0338,5,1,0
NCRB-SYNTH-108489,Trial Court,Writ Petition (Detention),7,1,1,0,1,1,1,0,1,1,1,0,0.9284,1,52,1,0,0.0691,1,1.0,68.12,0,62890.62,0.0128,1,1,0,0,34,0.1053,0.0296,4,1,1
NCRB-SYNTH-108500,High Court,Writ Petition (Detention),2,5,2,0,1,1,1,0,1,1,1,1,0.493,1,38,0,0,0.0847,1,1.181,164.47,0,35916.13,0.1958,1,1,0,0,2,0.0777,0.0707,2,1,0
NCRB-SYNTH-108502,High Court,Sec 439 CrPC (Regular Bail),1,2,2,0,1,1,1,0,1,1,1,1,0.5892,1,61,0,0,0.1223,6,1.0433,160.98,0,23057.83,0.1622,1,1,0,1,7,0.1283,0.0617,5,1,0
NCRB-SYNTH-108503,High Court,Sec 439 CrPC (Regular Bail),1,2,1,0,1,1,0,0,1,1,1,1,0.7566,1,58,0,1,0.117,7,1.0273,150.82,0,109779.17,0.0517,1,1,0,0,1,0.0895,0.1291,2,1,1
NCRB-SYNTH-108510,High Court,Writ Petition (Detention),1,2,2,0,1,1,0,1,1,1,1,1,0.5516,0,152,0,0,0.1246,2,1.0,111.98,0,80941.23,0.1872,0,0,1,1,4,0.239,0.1485,5,1,0
NCRB-SYNTH-108515,High Court,Trial Judgment,2,4,1,0,1,1,0,0,1,1,1,1,0.4697,0,71,0,1,0.1748,2,1.2341,98.72,0,99516.96,0.1967,1,1,0,1,5,0.212,0.1183,5,1,0
NCRB-SYNTH-108516,High Court,Sec 482 CrPC (Quashing),1,2,1,1,1,1,1,0,1,1,1,0,0.8379,0,86,0,0,0.123,1,1.2773,95.36,1,127545.37,0.0016,0,0,1,1,2,0.0229,0.0208,2,1,1
NCRB-SYNTH-108536,High Court,Trial Judgment,1,2,1,0,1,1,0,0,1,1,1,1,0.8629,1,168,0,1,0.0541,9,1.1502,137.49,0,65452.01,0.0039,1,1,0,1,4,0.0181,0.0113,2,1,1
NCRB-SYNTH-108570,High Court,Sec 482 CrPC (Quashing),1,5,1,0,1,1,0,1,1,1,1,0,0.6166,0,157,0,1,0.0423,4,1.234,119.79,1,118689.96,0.033,1,1,0,1,10,0.1604,0.0669,5,1,0
NCRB-SYNTH-108573,Trial Court,Sec 482 CrPC (Quashing),1,5,2,0,1,1,1,0,1,1,1,1,0.8324,1,93,0,0,0.0547,2,1.3424,111.27,1,64697.88,0.0749,1,1,0,1,8,0.1852,0.0843,5,1,1
NCRB-SYNTH-108574,Trial Court,Sec 482 CrPC (Quashing),1,1,1,1,1,1,1,1,1,1,1,1,0.5021,1,110,1,0,0.06,9,1.103,131.55,0,147385.2,0.0103,0,0,1,1,2,0.0163,0.0149,2,1,0
NCRB-SYNTH-108579,High Court,Writ Petition (Detention),4,5,1,0,1,1,1,0,1,1,1,0,0.6438,1,87,1,0,0.1348,1,1.1713,115.53,1,147324.04,0.1457,1,1,0,1,3,0.0309,0.0223,2,1,0
NCRB-SYNTH-108581,Trial Court,Sec 482 CrPC (Quashing),7,1,2,1,1,1,1,1,1,1,1,1,0.8389,1,167,0,0,0.1466,5,1.0,140.92,0,15858.96,0.0427,0,0,1,1,7,0.0744,0.0358,5,1,1
NCRB-SYNTH-108584,High Court,Sec 482 CrPC (Quashing),2,5,1,0,1,1,0,0,1,1,1,0,0.5114,1,119,1,0,0.0725,2,1.0391,45.49,1,83579.78,0.1973,1,1,0,1,4,0.0317,0.0197,2,1,0
NCRB-SYNTH-108598,Trial Court,Writ Petition (Detention),15,4,1,0,1,1,0,0,1,1,1,0,0.644,1,86,0,0,0.0504,1,1.0,93.36,1,55546.61,0.1073,1,1,0,1,4,0.0185,0.0115,2,1,0
NCRB-SYNTH-108608,Trial Court,Writ Petition (Detention),2,4,1,0,1,1,1,0,1,1,1,1,0.7046,1,158,1,0,0.0078,4,1.1315,106.42,0,107102.58,0.1256,1,1,0,1,10,0.0886,0.0369,5,1,1
NCRB-SYNTH-108615,High Court,Writ Petition (Detention),1,2,2,0,1,1,0,1,1,1,1,1,0.8547,1,47,1,1,0.1021,2,1.0274,158.84,1,74865.55,0.1323,1,1,0,0,5,0.2376,0.1326,5,1,1
NCRB-SYNTH-108627,Trial Court,Sec 439 CrPC (Regular Bail),1,5,1,0,1,1,0,0,1,1,1,1,0.6476,1,126,0,0,0.0067,1,1.0729,119.38,1,22428.26,0.1999,0,0,1,1,3,0.0145,0.0105,2,1,0
NCRB-SYNTH-108629,High Court,Sec 482 CrPC (Quashing),4,4,1,0,1,1,0,0,1,1,1,1,0.7074,1,43,1,0,0.0828,1,1.2077,133.38,0,27306.71,0.1339,1,1,0,0,4,0.0478,0.0297,2,1,1
NCRB-SYNTH-108632,High Court,Sec 439 CrPC (Regular Bail),2,3,1,0,1,1,1,0,1,1,1,1,0.4213,1,176,0,0,0.0612,4,1.0,38.7,0,136193.53,0.1483,1,1,0,1,3,0.0576,0.0416,2,1,0
NCRB-SYNTH-108635,High Court,Trial Judgment,1,5,2,0,1,1,1,0,1,1,1,1,0.7938,1,147,0,0,0.1214,8,1.067,130.95,0,147381.01,0.0766,1,1,0,1,1,0.0708,0.1022,2,1,1
NCRB-SYNTH-108643,Trial Court,Sec 439 CrPC (Regular Bail),2,5,1,0,1,1,0,0,1,1,1,0,0.4733,1,170,0,1,0.0142,2,1.1243,89.51,0,61231.15,0.1369,0,0,1,1,5,0.2272,0.1268,5,1,0
NCRB-SYNTH-108644,High Court,Trial Judgment,7,1,2,0,1,1,1,1,1,1,1,0,0.959,1,30,0,0,0.0707,5,1.2246,72.6,0,50464.7,0.118,1,1,0,1,2,0.015,0.0137,2,1,1
NCRB-SYNTH-108650,High Court,Writ Petition (Detention),1,3,1,1,1,1,1,0,1,1,1,1,0.5799,1,176,0,0,0.1402,1,1.1275,121.28,0,95328.08,0.1623,1,1,0,1,8,0.0552,0.0251,5,1,0
NCRB-SYNTH-108653,High Court,Writ Petition (Detention),7,5,2,0,1,1,1,0,1,1,1,1,0.6393,1,161,0,0,0.1336,5,1.1234,127.23,0,39015.3,0.0485,0,0,1,1,15,0.3146,0.1135,4,1,0
NCRB-SYNTH-108658,High Court,Sec 482 CrPC (Quashing),4,2,1,0,1,1,1,1,1,1,1,1,0.541,1,37,0,0,0.0243,5,1.1741,168.06,1,20493.96,0.073,1,1,0,1,6,0.0823,0.0423,5,1,0
NCRB-SYNTH-108669,Supreme Court,Sec 482 CrPC (Quashing),1,2,1,0,1,1,1,0,1,1,1,1,0.3934,1,112,0,0,0.0545,4,1.0799,70.03,0,147690.57,0.1202,1,1,0,1,1,0.0261,0.0377,2,1,0
NCRB-SYNTH-108674,High Court,Sec 439 CrPC (Regular Bail),2,2,1,0,1,1,1,0,1,1,1,1,0.5289,1,43,0,0,0.0572,2,1.1108,103.23,1,42322.47,0.1394,1,1,0,1,3,0.0291,0.021,2,1,0
NCRB-SYNTH-108676,High Court,Sec 482 CrPC (Quashing),27,5,2,0,1,1,0,0,1,1,1,1,0.8477,1,111,1,1,0.0883,2,1.1231,58.54,1,132079.04,0.1764,1,1,0,0,1,0.0228,0.033,2,1,1
NCRB-SYNTH-108685,Trial Court,Writ Petition (Detention),4,3,2,0,1,1,0,1,1,1,1,0,0.9605,1,119,0,1,0.0904,3,1.1345,162.24,0,19502.97,0.0654,0,0,1,1,5,0.175,0.0977,5,1,1
NCRB-SYNTH-108687,Trial Court,Sec 439 CrPC (Regular Bail),21,1,2,0,1,1,1,0,1,1,1,1,0.6916,1,74,1,1,0.1599,8,1.0,130.19,0,114870.18,0.0127,1,1,0,1,3,0.0161,0.0116,2,1,0
NCRB-SYNTH-108689,Trial Court,Sec 482 CrPC (Quashing),2,5,1,0,1,1,1,0,1,1,1,0,0.6927,1,118,1,0,0.1412,7,1.0448,147.56,0,149780.89,0.0983,1,1,0,1,2,0.0761,0.0693,2,1,0
NCRB-SYNTH-108693,Trial Court,Writ Petition (Detention),4,5,1,0,1,1,1,1,1,1,1,0,0.5209,1,18,0,0,0.0,5,1.3097,169.07,0,74927.25,0.0059,1,1,0,0,4,0.062,0.0385,2,1,0
NCRB-SYNTH-108703,High Court,Sec 482 CrPC (Quashing),15,1,2,1,1,1,1,1,1,1,1,1,0.5727,1,125,1,1,0.0425,7,1.2127,130.01,0,70880.53,0.1599,1,1,0,1,4,0.0383,0.0238,2,1,0
NCRB-SYNTH-108704,Trial Court,Trial Judgment,15,3,1,1,1,1,1,0,1,1,1,0,0.4479,1,61,1,1,0.0778,6,1.0,78.32,0,123942.89,0.1801,1,1,0,0,2,0.0235,0.0214,2,1,0
NCRB-SYNTH-108705,High Court,Sec 439 CrPC (Regular Bail),1,5,1,0,1,1,0,0,1,1,1,1,0.598,1,23,0,0,0.1119,3,1.0978,100.31,0,24759.36,0.1267,1,1,0,0,5,0.0546,0.0304,5,1,0
NCRB-SYNTH-108712,Trial Court,Sec 482 CrPC (Quashing),1,4,2,0,1,1,0,1,1,1,1,0,0.6936,0,95,1,1,0.1022,2,1.1885,87.25,1,103886.95,0.12,1,1,0,1,40,0.1966,0.053,4,1,0
NCRB-SYNTH-108721,Trial Court,Writ Petition (Detention),1,3,1,0,1,1,0,1,1,1,1,1,0.7587,0,112,0,0,0.1173,6,1.1837,89.02,0,97112.12,0.1939,1,1,0,0,4,0.1291,0.0802,5,1,1
NCRB-SYNTH-108723,Trial Court,Writ Petition (Detention),1,3,1,0,1,1,0,0,1,1,1,1,0.4206,1,70,0,1,0.1527,2,1.1809,63.11,0,49375.11,0.0606,1,1,0,1,2,0.0322,0.0293,2,1,0
NCRB-SYNTH-108728,Trial Court,Sec 482 CrPC (Quashing),7,3,2,0,1,1,1,0,1,1,1,0,0.7425,1,33,1,0,0.0459,5,1.1608,120.06,1,129445.54,0.1977,1,1,0,0,2,0.0552,0.0502,2,1,1
NCRB-SYNTH-108730,Trial Court,Sec 439 CrPC (Regular Bail),1,4,2,0,1,1,1,1,1,1,1,1,0.6785,0,60,0,0,0.0371,2,1.0,75.1,0,33603.63,0.0568,1,1,0,1,2,0.0315,0.0287,2,1,0
NCRB-SYNTH-108733,Trial Court,Writ Petition (Detention),7,4,1,0,1,1,1,1,1,1,1,1,0.7622,1,69,0,1,0.1527,8,1.0,33.99,1,77951.79,0.0925,1,1,0,1,9,0.1709,0.0742,5,1,1
NCRB-SYNTH-108753,High Court,Writ Petition (Detention),2,3,2,0,1,1,0,0,1,1,1,1,0.9408,1,58,0,0,0.0751,3,1.0243,63.72,0,66875.12,0.0962,1,1,0,0,2,0.0697,0.0634,2,1,1
NCRB-SYNTH-108757,Trial Court,Trial Judgment,1,1,1,0,1,1,0,1,1,1,1,1,0.4309,1,168,0,0,0.0921,9,1.2895,117.64,0,104884.43,0.1067,0,0,1,0,43,0.2914,0.077,4,1,0
NCRB-SYNTH-108758,Trial Court,Sec 439 CrPC (Regular Bail),1,1,2,0,1,1,0,0,1,1,1,0,0.4419,1,70,0,0,0.0552,1,1.0621,70.44,1,146267.47,0.1071,1,1,0,1,4,0.0603,0.0375,2,1,0
NCRB-SYNTH-108759,High Court,Sec 439 CrPC (Regular Bail),1,2,1,1,1,1,0,1,1,1,1,0,0.5064,1,22,0,0,0.0594,2,1.0,112.26,1,59204.99,0.0438,1,1,0,1,27,0.2616,0.0785,4,1,0
NCRB-SYNTH-108771,Trial Court,Writ Petition (Detention),15,5,2,0,1,1,0,0,1,1,1,1,0.8161,1,164,1,0,0.0925,5,1.1541,166.09,0,79064.39,0.1216,1,1,0,0,3,0.042,0.0303,2,1,1
NCRB-SYNTH-108772,Trial Court,Writ Petition (Detention),27,1,2,0,1,1,0,0,1,1,1,0,0.859,1,45,0,0,0.0976,8,1.0,179.0,0,132900.49,0.1884,1,1,0,0,5,0.0569,0.0317,5,1,1
NCRB-SYNTH-108778,Trial Court,Writ Petition (Detention),2,5,2,0,1,1,1,0,1,1,1,1,0.4742,1,69,0,0,0.1285,8,1.137,30.92,0,90356.83,0.08,1,1,0,0,4,0.0714,0.0443,2,1,0
NCRB-SYNTH-108780,Trial Court,Sec 439 CrPC (Regular Bail),2,5,2,0,1,1,1,0,1,1,1,1,0.9423,1,124,0,0,0.07,5,1.0817,107.85,1,30768.23,0.1003,1,1,0,1,22,0.1112,0.0355,4,1,1
NCRB-SYNTH-108783,High Court,Writ Petition (Detention),4,3,2,0,1,1,1,1,1,1,1,1,0.5634,1,93,1,1,0.099,3,1.0842,79.16,0,143741.79,0.0432,1,1,0,0,11,0.1132,0.0455,5,1,0
NCRB-SYNTH-108802,Trial Court,Sec 439 CrPC (Regular Bail),1,2,1,0,1,1,1,0,1,1,1,1,0.9078,1,54,1,0,0.0552,9,1.1395,113.34,1,131578.62,0.0798,1,1,0,0,29,0.1774,0.0522,4,1,1
NCRB-SYNTH-108811,High Court,Trial Judgment,21,3,1,0,1,1,1,0,1,1,1,0,0.4704,0,96,0,0,0.0366,3,1.0229,111.81,1,146705.69,0.1779,1,1,0,1,2,0.0172,0.0156,2,1,0
NCRB-SYNTH-108814,High Court,Writ Petition (Detention),1,2,1,0,1,1,1,1,1,1,1,1,0.8825,1,132,1,1,0.0079,6,1.0,157.61,0,51849.53,0.0062,1,1,0,0,44,0.1378,0.0362,4,1,1
NCRB-SYNTH-108820,Trial Court,Sec 482 CrPC (Quashing),2,2,2,0,1,1,0,1,1,1,1,1,0.4959,1,39,1,1,0.1414,5,1.1578,38.88,0,139671.25,0.1332,1,1,0,0,11,0.0564,0.0227,5,1,0
NCRB-SYNTH-108826,Supreme Court,Sec 439 CrPC (Regular Bail),2,2,2,0,1,1,0,1,1,1,1,1,0.7589,1,56,0,0,0.1146,9,1.0182,118.43,0,86223.41,0.0451,1,1,0,0,4,0.0203,0.0126,2,1,1
NCRB-SYNTH-108828,Trial Court,Trial Judgment,1,4,2,1,1,1,1,0,1,1,1,1,0.904,1,98,0,1,0.102,4,1.2737,49.26,1,134731.97,0.1813,1,1,0,1,3,0.0622,0.0449,2,1,1
NCRB-SYNTH-108830,Trial Court,Sec 439 CrPC (Regular Bail),1,1,2,0,1,1,0,0,1,1,1,1,0.5657,1,118,0,0,0.1959,9,1.0699,107.49,1,84608.95,0.1843,1,1,0,1,22,0.0892,0.0284,4,1,0
NCRB-SYNTH-108831,Trial Court,Writ Petition (Detention),1,3,1,0,1,1,1,1,1,1,1,1,0.9799,1,30,0,1,0.0444,9,1.0701,91.15,0,116782.34,0.1767,1,1,0,1,3,0.0228,0.0165,2,1,1
NCRB-SYNTH-108843,Trial Court,Writ Petition (Detention),1,4,1,0,1,1,1,1,1,1,1,1,0.4186,0,54,0,0,0.0681,3,1.0346,170.66,0,17633.72,0.0239,1,1,0,1,4,0.2038,0.1266,5,1,0
NCRB-SYNTH-108857,High Court,Sec 439 CrPC (Regular Bail),1,3,1,0,1,1,0,0,1,1,1,1,0.894,1,76,0,0,0.0,9,1.1821,36.46,1,121080.16,0.0711,0,0,1,1,2,0.0152,0.0138,2,1,1
NCRB-SYNTH-108878,Trial Court,Sec 439 CrPC (Regular Bail),1,1,1,0,1,1,1,0,1,1,1,0,0.7426,1,77,0,0,0.0989,6,1.0513,103.72,0,22236.1,0.1887,1,1,0,1,3,0.045,0.0325,2,1,1
NCRB-SYNTH-108880,High Court,Writ Petition (Detention),1,1,2,0,1,1,0,0,1,1,1,1,0.9414,1,25,0,0,0.0705,8,1.0,95.29,0,103911.45,0.1491,1,1,0,1,32,0.2336,0.0668,4,1,1
NCRB-SYNTH-108884,High Court,Sec 482 CrPC (Quashing),7,1,2,0,1,1,0,0,1,1,1,1,0.4948,1,167,1,1,0.0848,9,1.1419,173.53,0,50596.49,0.1995,1,1,0,0,10,0.2169,0.0904,5,1,0
NCRB-SYNTH-108889,Trial Court,Sec 439 CrPC (Regular Bail),7,1,2,0,1,1,1,0,1,1,1,1,0.5114,0,176,0,0,0.098,2,1.3053,33.33,0,49655.79,0.1765,1,1,0,1,34,0.0997,0.028,4,1,0
NCRB-SYNTH-108891,High Court,Writ Petition (Detention),1,2,1,0,1,1,0,0,1,1,1,1,0.6328,1,142,1,1,0.0915,8,1.1085,71.3,0,131376.48,0.1474,1,1,0,1,3,0.0975,0.0703,2,1,0
NCRB-SYNTH-108897,High Court,Sec 439 CrPC (Regular Bail),1,2,1,0,1,1,0,0,1,1,1,1,0.699,0,94,0,1,0.0469,5,1.1466,178.69,0,81683.05,0.1419,1,1,0,1,4,0.0809,0.0502,2,1,0
NCRB-SYNTH-108914,Trial Court,Writ Petition (Detention),1,4,2,0,1,1,1,0,1,1,1,1,0.6893,1,147,0,0,0.059,4,1.0555,77.14,0,31891.17,0.1817,1,1,0,1,6,0.1103,0.0567,5,1,0
NCRB-SYNTH-108932,Trial Court,Sec 439 CrPC (Regular Bail),1,2,1,0,1,1,1,0,1,1,1,1,0.6391,1,65,1,1,0.1224,2,1.1475,42.24,0,53443.34,0.1659,1,1,0,0,4,0.0416,0.0258,2,1,0
NCRB-SYNTH-108940,Trial Court,Sec 439 CrPC (Regular Bail),2,1,1,0,1,1,1,0,1,1,1,1,0.8255,1,138,1,1,0.0594,7,1.0,140.11,1,108583.12,0.0766,1,1,0,1,1,0.0219,0.0317,2,1,1
NCRB-SYNTH-108945,Trial Court,Writ Petition (Detention),4,2,1,0,1,1,1,0,1,1,1,1,0.5359,1,80,1,1,0.0968,1,1.0,125.19,0,21995.56,0.173,1,1,0,0,11,0.1831,0.0737,5,1,0
NCRB-SYNTH-108949,Trial Court,Sec 439 CrPC (Regular Bail),4,5,2,0,1,1,1,0,1,1,1,1,0.4118,1,23,0,0,0.0132,6,1.0736,123.32,0,134725.31,0.1093,1,1,0,1,8,0.1014,0.0461,5,1,0
NCRB-SYNTH-108951,Trial Court,Sec 439 CrPC (Regular Bail),1,2,2,0,1,1,1,0,1,1,1,0,0.4736,1,156,1,0,0.0001,5,1.2114,31.59,1,106822.66,0.1704,1,1,0,0,7,0.1805,0.0868,5,1,0
NCRB-SYNTH-108955,High Court,Trial Judgment,1,3,2,0,1,1,0,0,1,1,1,1,0.8858,1,71,0,1,0.1218,3,1.3049,173.24,1,149690.8,0.1111,1,1,0,1,38,0.0815,0.0223,4,1,1
NCRB-SYNTH-108956,High Court,Writ Petition (Detention),1,1,2,0,1,1,0,0,1,1,1,0,0.9457,1,165,1,1,0.1158,4,1.198,129.21,1,31646.36,0.0294,1,1,0,1,2,0.0784,0.0713,2,1,1
NCRB-SYNTH-108961,Trial Court,Sec 439 CrPC (Regular Bail),4,2,1,0,1,1,1,0,1,1,1,0,0.7313,1,178,1,1,0.0803,2,1.2343,86.15,0,66880.46,0.1256,1,1,0,1,4,0.0229,0.0142,2,1,1
NCRB-SYNTH-108973,Trial Court,Sec 439 CrPC (Regular Bail),1,4,1,0,1,1,0,0,1,1,1,0,0.4491,1,52,0,0,0.0809,3,1.3206,103.14,0,99489.75,0.069,1,1,0,0,4,0.0461,0.0286,2,1,0
NCRB-SYNTH-108977,Trial Court,Sec 482 CrPC (Quashing),1,5,2,0,1,1,1,1,1,1,1,1,0.9452,1,160,0,0,0.0,7,1.0,146.67,0,54066.74,0.1926,0,0,1,0,2,0.095,0.0865,2,1,1
NCRB-SYNTH-108980,Trial Court,Sec 439 CrPC (Regular Bail),2,5,1,0,1,1,1,0,1,1,1,0,0.5123,1,98,0,0,0.0487,9,1.1976,76.49,0,121263.54,0.1669,1,1,0,1,7,0.1361,0.0655,5,1,0
NCRB-SYNTH-108991,Trial Court,Writ Petition (Detention),2,1,1,0,1,1,1,1,1,1,1,0,0.4511,1,32,0,0,0.0285,5,1.0984,175.81,0,49054.98,0.1109,1,1,0,0,8,0.2216,0.1009,5,1,0
NCRB-SYNTH-108992,High Court,Writ Petition (Detention),4,3,1,0,1,1,1,0,1,1,1,1,0.63,1,34,0,1,0.0805,7,1.026,174.81,1,133959.81,0.1486,1,1,0,0,2,0.0849,0.0773,2,1,0
NCRB-SYNTH-108993,Trial Court,Sec 482 CrPC (Quashing),4,4,2,0,1,1,0,0,1,1,1,0,0.5301,0,161,1,1,0.1254,4,1.312,158.8,0,138685.19,0.185,1,1,0,0,4,0.0347,0.0215,2,1,0
NCRB-SYNTH-108995,Trial Court,Writ Petition (Detention),1,1,1,0,1,1,1,0,1,1,1,1,0.4027,1,61,0,1,0.0581,7,1.1278,71.18,0,49071.87,0.0187,1,1,0,1,11,0.1947,0.0783,5,1,0
NCRB-SYNTH-109006,Trial Court,Trial Judgment,1,1,1,0,1,1,0,0,1,1,1,0,0.798,1,75,0,0,0.0773,5,1.1559,37.74,0,102398.5,0.1293,1,1,0,1,3,0.0563,0.0406,2,1,1
NCRB-SYNTH-109007,High Court,Sec 439 CrPC (Regular Bail),1,1,2,0,1,1,0,0,1,1,1,1,0.7597,1,135,0,1,0.133,5,1.1067,50.42,0,80587.25,0.1636,1,1,0,1,19,0.0962,0.0321,4,1,1
NCRB-SYNTH-109011,High Court,Sec 482 CrPC (Quashing),1,4,2,0,1,1,0,0,1,1,1,1,0.8684,1,40,0,0,0.0694,4,1.113,166.9,1,76461.57,0.009,1,1,0,1,4,0.0221,0.0137,2,1,1
NCRB-SYNTH-109015,Trial Court,Sec 439 CrPC (Regular Bail),1,5,2,0,1,1,1,0,1,1,1,1,0.4946,0,137,0,0,0.1428,1,1.172,58.04,0,52448.14,0.1545,1,1,0,1,23,0.08,0.0252,4,1,0
NCRB-SYNTH-109021,Trial Court,Sec 482 CrPC (Quashing),4,4,1,0,1,1,1,0,1,1,1,0,0.8751,1,98,1,1,0.0971,9,1.2678,101.07,1,78653.62,0.1928,1,1,0,0,3,0.0348,0.0251,2,1,1
NCRB-SYNTH-109024,Trial Court,Sec 482 CrPC (Quashing),15,4,1,0,1,1,1,0,1,1,1,1,0.8077,0,127,0,1,0.1184,1,1.3417,139.9,0,127395.41,0.0895,1,1,0,1,3,0.0385,0.0277,2,1,1
NCRB-SYNTH-109031,Trial Court,Writ Petition (Detention),1,2,2,0,1,1,1,0,1,1,1,0,0.4563,1,155,1,1,0.0965,8,1.148,97.65,1,46814.38,0.0967,1,1,0,0,1,0.0207,0.0299,2,1,0
NCRB-SYNTH-109040,Supreme Court,Writ Petition (Detention),1,5,1,0,1,1,0,0,1,1,1,1,0.7557,1,49,0,0,0.0923,7,1.0,90.56,1,64847.16,0.1775,1,1,0,1,3,0.0762,0.055,2,1,1
NCRB-SYNTH-109042,High Court,Writ Petition (Detention),1,5,1,0,1,1,1,0,1,1,1,1,0.5542,1,111,1,1,0.055,4,1.1539,119.78,0,103589.73,0.087,1,1,0,1,37,0.2662,0.0732,4,1,0
NCRB-SYNTH-109044,High Court,Sec 439 CrPC (Regular Bail),21,2,1,0,1,1,1,0,1,1,1,1,0.7316,1,123,0,0,0.0658,6,1.0,111.61,0,18432.44,0.03,1,1,0,1,3,0.062,0.0447,2,1,1
NCRB-SYNTH-109054,Trial Court,Sec 482 CrPC (Quashing),1,3,1,0,1,1,1,0,1,1,1,1,0.4912,1,114,1,1,0.082,3,1.1589,118.2,0,147530.61,0.0872,1,1,0,1,1,0.0381,0.0549,2,1,0
NCRB-SYNTH-109058,Trial Court,Writ Petition (Detention),1,1,2,0,1,1,1,0,1,1,1,1,0.6295,1,134,1,1,0.0,4,1.0854,41.97,0,96444.72,0.1597,1,1,0,1,2,0.0249,0.0226,2,1,0
NCRB-SYNTH-109059,High Court,Sec 482 CrPC (Quashing),15,4,2,0,1,1,1,0,1,1,1,1,0.9491,0,145,0,0,0.1012,7,1.236,156.59,0,67557.96,0.0284,1,1,0,1,4,0.0245,0.0152,2,1,1
NCRB-SYNTH-109060,Trial Court,Writ Petition (Detention),7,5,2,0,1,1,1,0,1,1,1,1,0.745,1,126,0,0,0.0101,6,1.0539,107.63,0,137422.68,0.1503,1,1,0,1,2,0.0829,0.0754,2,1,1
NCRB-SYNTH-109067,Supreme Court,Trial Judgment,2,2,1,0,1,1,1,0,1,1,1,1,0.807,1,119,1,1,0.1026,2,1.0361,137.86,0,28651.39,0.1279,1,1,0,1,31,0.3103,0.0895,4,1,1
NCRB-SYNTH-109080,Trial Court,Writ Petition (Detention),2,3,1,0,1,1,1,1,1,1,1,0,0.5335,1,84,1,1,0.0573,1,1.0772,142.4,0,37542.89,0.1956,1,1,0,1,33,0.2614,0.0741,4,1,0
NCRB-SYNTH-109081,Trial Court,Sec 439 CrPC (Regular Bail),1,3,2,0,1,1,1,0,1,1,1,1,0.8635,1,86,1,1,0.0742,6,1.1862,112.91,1,22750.11,0.1207,1,1,0,1,6,0.1999,0.1027,5,1,1
NCRB-SYNTH-109083,High Court,Sec 482 CrPC (Quashing),15,4,2,0,1,1,1,1,1,1,1,1,0.5971,0,33,1,1,0.07,9,1.0549,92.44,1,107955.22,0.0467,1,1,0,1,2,0.0486,0.0442,2,1,0
NCRB-SYNTH-109085,Trial Court,Sec 439 CrPC (Regular Bail),1,1,2,0,1,1,1,0,1,1,1,1,0.8195,1,149,1,1,0.0,7,1.0,139.39,1,135506.7,0.166,1,1,0,1,33,0.1314,0.0372,4,1,1
NCRB-SYNTH-109089,Trial Court,Writ Petition (Detention),4,3,1,1,1,1,0,0,1,1,1,1,0.5334,1,39,0,0,0.031,1,1.2042,115.55,0,107710.68,0.0362,1,1,0,0,3,0.058,0.0419,2,1,0
NCRB-SYNTH-109097,Trial Court,Trial Judgment,1,3,1,0,1,1,1,1,1,1,1,1,0.5479,1,173,1,1,0.0457,8,1.1431,59.92,0,99694.89,0.1094,0,0,1,1,11,0.1966,0.0791,5,1,0
NCRB-SYNTH-109103,High Court,Writ Petition (Detention),4,1,2,0,1,1,1,0,1,1,1,1,0.6424,1,71,0,0,0.1199,4,1.0459,93.76,0,58010.62,0.0715,1,1,0,0,43,0.2887,0.0763,4,1,0
NCRB-SYNTH-109106,Trial Court,Sec 482 CrPC (Quashing),7,5,1,0,1,1,1,0,1,1,1,0,0.7355,1,54,0,0,0.0479,1,1.0688,122.02,0,70627.77,0.0887,1,1,0,1,2,0.0612,0.0557,2,1,1
NCRB-SYNTH-109109,Trial Court,Trial Judgment,1,1,2,1,1,1,1,0,1,1,1,0,0.5815,1,16,0,0,0.0068,5,1.0575,108.66,1,136254.0,0.126,1,1,0,0,10,0.1448,0.0604,5,1,0
NCRB-SYNTH-109115,High Court,Sec 439 CrPC (Regular Bail),2,3,2,0,1,1,1,1,1,1,1,1,0.4966,1,135,0,0,0.0,1,1.0521,108.05,0,51747.83,0.0204,1,1,0,0,10,0.0901,0.0376,5,1,0
NCRB-SYNTH-109131,Trial Court,Sec 482 CrPC (Quashing),1,4,1,0,1,1,1,0,1,1,1,1,0.8814,1,87,0,0,0.1826,5,1.1657,92.93,0,143506.85,0.0595,1,1,0,0,14,0.1697,0.0627,4,1,1
NCRB-SYNTH-109134,High Court,Trial Judgment,1,3,2,0,1,1,0,1,1,1,1,0,0.9334,1,73,0,0,0.1264,5,1.0,62.28,1,30802.61,0.1705,1,1,0,1,3,0.0898,0.0648,2,1,1
NCRB-SYNTH-109138,Trial Court,Sec 439 CrPC (Regular Bail),1,4,1,0,1,1,0,0,1,1,1,1,0.584,1,73,0,0,0.0588,2,1.0,32.53,1,66302.08,0.0098,1,1,0,1,11,0.113,0.0455,5,1,0
NCRB-SYNTH-109169,High Court,Writ Petition (Detention),21,2,1,0,1,1,0,0,1,1,1,1,0.8121,0,48,0,0,0.0,7,1.0,103.29,0,106520.59,0.1435,1,1,0,1,2,0.0985,0.0896,2,1,1
NCRB-SYNTH-109170,Trial Court,Sec 482 CrPC (Quashing),21,4,2,0,1,1,1,0,1,1,1,1,0.5631,1,169,0,0,0.1047,5,1.0448,165.49,1,82000.58,0.1216,0,0,1,1,4,0.0174,0.0108,2,1,0
NCRB-SYNTH-109171,High Court,Writ Petition (Detention),1,1,1,0,1,1,0,0,1,1,1,0,0.5105,1,142,1,1,0.0718,9,1.0,121.31,0,59575.43,0.1519,0,0,1,0,37,0.1724,0.0474,4,1,0
NCRB-SYNTH-109175,High Court,Writ Petition (Detention),1,1,2,0,1,1,0,0,1,1,1,0,0.519,1,44,0,1,0.0268,5,1.168,34.79,0,52087.4,0.036,1,1,0,1,4,0.0884,0.0549,2,1,0
NCRB-SYNTH-109177,High Court,Sec 439 CrPC (Regular Bail),4,4,1,0,1,1,0,0,1,1,1,0,0.99,1,121,1,0,0.1467,1,1.1041,44.7,0,27296.63,0.1161,1,1,0,0,11,0.0612,0.0246,5,1,1
NCRB-SYNTH-109216,Trial Court,Sec 482 CrPC (Quashing),1,2,2,0,1,1,1,0,1,1,1,1,0.4787,1,158,0,0,0.0771,4,1.2225,165.95,0,96299.19,0.1064,1,1,0,0,1,0.026,0.0376,2,1,0
NCRB-SYNTH-109224,Trial Court,Writ Petition (Detention),2,5,1,0,1,1,1,0,1,1,1,0,0.9314,0,48,1,0,0.0347,2,1.1465,83.37,0,47020.08,0.0493,1,1,0,0,4,0.083,0.0516,2,1,1
NCRB-SYNTH-109241,High Court,Sec 439 CrPC (Regular Bail),1,2,2,0,1,1,1,1,1,1,1,0,0.4229,1,27,0,0,0.0823,3,1.2411,124.46,0,71389.67,0.0111,1,1,0,0,6,0.1019,0.0524,5,1,0
NCRB-SYNTH-109250,Trial Court,Writ Petition (Detention),1,4,1,0,1,1,1,0,1,1,1,0,0.4151,1,171,0,0,0.1097,7,1.0,135.07,1,49418.16,0.1727,0,0,1,1,17,0.2802,0.097,4,1,0
NCRB-SYNTH-109253,Trial Court,Trial Judgment,1,5,2,0,1,1,1,0,1,1,1,1,0.6932,1,45,1,1,0.0806,1,1.0992,115.58,0,32540.19,0.1816,1,1,0,1,1,0.0581,0.0838,2,1,0
NCRB-SYNTH-109254,High Court,Trial Judgment,21,4,1,0,1,1,1,1,1,1,1,0,0.5282,1,72,0,1,0.1474,3,1.1708,30.98,0,57395.48,0.1942,0,0,1,1,4,0.1724,0.1071,5,1,0
NCRB-SYNTH-109256,Trial Court,Trial Judgment,4,3,1,0,1,1,0,1,1,1,1,1,0.7507,1,93,0,0,0.108,7,1.2618,46.53,0,115387.37,0.1645,0,0,1,0,27,0.2306,0.0692,4,1,1
NCRB-SYNTH-109257,Supreme Court,Sec 439 CrPC (Regular Bail),7,3,2,0,1,1,0,0,1,1,1,0,0.7165,1,20,0,0,0.0155,3,1.2659,164.01,0,80206.52,0.1733,0,0,1,1,9,0.1135,0.0493,5,1,1
NCRB-SYNTH-109267,Trial Court,Writ Petition (Detention),7,5,1,0,1,1,0,1,1,1,1,1,0.5735,0,113,0,0,0.0765,3,1.216,39.17,0,40892.38,0.1084,1,1,0,1,2,0.0549,0.05,2,1,0
NCRB-SYNTH-109268,High Court,Sec 482 CrPC (Quashing),4,3,1,1,1,1,0,0,1,1,1,1,0.5817,1,54,1,1,0.0229,9,1.0351,113.51,0,39916.08,0.0794,0,0,1,1,43,0.1487,0.0393,4,1,0
NCRB-SYNTH-109270,Trial Court,Writ Petition (Detention),4,5,2,0,1,1,1,1,1,1,1,1,0.7548,1,115,1,1,0.0432,5,1.1152,110.43,1,48562.48,0.0725,1,1,0,1,10,0.0584,0.0244,5,1,1
NCRB-SYNTH-109271,Trial Court,Writ Petition (Detention),2,2,2,0,1,1,0,1,1,1,1,0,0.9264,1,168,0,0,0.0961,7,1.1468,82.14,0,81050.18,0.0557,1,1,0,0,2,0.0965,0.0878,2,1,1
NCRB-SYNTH-109276,High Court,Sec 439 CrPC (Regular Bail),1,1,1,0,1,1,1,0,1,1,1,0,0.7299,0,117,0,0,0.085,1,1.1677,129.79,0,42338.42,0.1084,0,0,1,1,1,0.0511,0.0737,2,1,1
NCRB-SYNTH-109277,Trial Court,Writ Petition (Detention),1,4,2,0,1,1,0,1,1,1,1,1,0.6172,1,104,1,1,0.0805,5,1.0275,170.27,1,95756.49,0.1881,1,1,0,1,4,0.097,0.0603,2,1,0
NCRB-SYNTH-109290,High Court,Trial Judgment,1,2,1,0,1,1,0,0,1,1,1,0,0.9649,1,62,0,0,0.0592,9,1.2021,50.72,0,21751.61,0.1864,0,0,1,1,36,0.266,0.0737,4,1,1
NCRB-SYNTH-109301,High Court,Trial Judgment,1,2,2,0,1,1,1,0,1,1,1,1,0.7678,1,163,0,1,0.0916,3,1.2597,97.81,0,80671.21,0.1086,1,1,0,0,3,0.0391,0.0282,2,1,1
NCRB-SYNTH-109307,Trial Court,Writ Petition (Detention),1,5,1,0,1,1,0,0,1,1,1,1,0.9072,1,50,1,1,0.121,3,1.0,108.46,1,43712.07,0.0376,1,1,0,1,20,0.1424,0.0468,4,1,1
NCRB-SYNTH-109311,High Court,Sec 482 CrPC (Quashing),2,4,1,0,1,1,1,1,1,1,1,1,0.5992,1,147,0,0,0.086,1,1.1234,124.01,1,83733.99,0.1314,1,1,0,1,21,0.275,0.089,4,1,0
NCRB-SYNTH-109312,Trial Court,Sec 482 CrPC (Quashing),1,3,1,0,1,1,0,1,1,1,1,1,0.6924,1,97,0,0,0.0586,9,1.0203,113.84,1,105758.7,0.1706,0,0,1,1,2,0.0687,0.0625,2,1,0
NCRB-SYNTH-109321,High Court,Sec 439 CrPC (Regular Bail),21,5,1,0,1,1,0,0,1,1,1,1,0.8654,1,158,0,0,0.0383,3,1.1772,67.57,0,30665.39,0.0357,0,0,1,1,37,0.1972,0.0542,4,1,1
NCRB-SYNTH-109328,Trial Court,Sec 439 CrPC (Regular Bail),7,3,1,0,1,1,0,1,1,1,1,0,0.4962,1,106,1,0,0.1049,4,1.0032,39.07,0,50117.85,0.1726,1,1,0,1,11,0.1039,0.0418,5,1,0
NCRB-SYNTH-109329,High Court,Writ Petition (Detention),1,3,2,0,1,1,1,0,1,1,1,1,0.834,1,116,0,1,0.0889,7,1.1114,95.25,0,114787.09,0.0622,0,0,1,1,15,0.2305,0.0831,4,1,1
NCRB-SYNTH-109336,High Court,Sec 482 CrPC (Quashing),2,1,1,0,1,1,0,1,1,1,1,1,0.91,1,78,1,1,0.0861,4,1.0,73.03,1,27103.54,0.1622,0,0,1,1,11,0.2449,0.0985,5,1,1
NCRB-SYNTH-109339,Trial Court,Sec 482 CrPC (Quashing),1,4,2,0,1,1,1,0,1,1,1,0,0.7022,1,71,0,0,0.0,3,1.108,46.79,1,34332.96,0.1985,0,0,1,0,10,0.0524,0.0219,5,1,1
NCRB-SYNTH-109352,High Court,Trial Judgment,1,5,2,0,1,1,1,0,1,1,1,1,0.87,0,62,0,0,0.1215,9,1.0177,159.51,1,148967.98,0.1167,1,1,0,1,24,0.1151,0.0357,4,1,1
NCRB-SYNTH-109354,Trial Court,Writ Petition (Detention),2,1,2,0,1,1,1,0,1,1,1,1,0.5214,1,162,0,0,0.0405,2,1.2513,49.4,0,19419.49,0.0625,1,1,0,1,11,0.2359,0.095,5,1,0
NCRB-SYNTH-109365,Trial Court,Writ Petition (Detention),7,3,2,1,1,1,0,0,1,1,1,1,0.4644,1,92,0,0,0.0196,6,1.0068,41.78,0,104540.97,0.1388,1,1,0,1,1,0.0645,0.0931,2,1,0
NCRB-SYNTH-109376,Trial Court,Sec 439 CrPC (Regular Bail),4,3,1,0,1,1,1,1,1,1,1,1,0.7585,1,152,0,0,0.0657,4,1.0,178.5,1,64848.93,0.0409,1,1,0,1,11,0.2251,0.0906,5,1,1
NCRB-SYNTH-109380,Trial Court,Sec 439 CrPC (Regular Bail),1,1,1,0,1,1,1,1,1,1,1,1,0.6807,1,90,1,0,0.101,3,1.0406,65.32,0,124786.99,0.1339,1,1,0,1,2,0.0546,0.0497,2,1,0
NCRB-SYNTH-109382,Trial Court,Sec 439 CrPC (Regular Bail),1,5,2,1,1,1,0,0,1,1,1,0,0.6297,1,89,1,1,0.0683,6,1.0,168.26,0,139306.3,0.1365,1,1,0,1,1,0.0834,0.1204,2,1,0
NCRB-SYNTH-109388,Trial Court,Sec 482 CrPC (Quashing),1,5,1,0,1,1,1,0,1,1,1,1,0.8726,0,20,0,0,0.0725,3,1.0,55.25,0,133182.1,0.0192,1,1,0,0,18,0.1361,0.0462,4,1,1
NCRB-SYNTH-109393,Trial Court,Sec 439 CrPC (Regular Bail),1,4,2,0,1,1,0,0,1,1,1,1,0.9407,1,46,1,1,0.153,9,1.0959,42.18,0,96472.33,0.0317,1,1,0,1,1,0.0424,0.0612,2,1,1
NCRB-SYNTH-109402,Trial Court,Sec 482 CrPC (Quashing),27,4,1,0,1,1,1,0,1,1,1,1,0.8275,1,65,1,1,0.1061,5,1.1178,167.08,0,138824.3,0.0273,1,1,0,0,24,0.172,0.0534,4,1,1
NCRB-SYNTH-109404,Trial Court,Writ Petition (Detention),1,3,1,0,1,1,0,1,1,1,1,1,0.8423,1,100,0,0,0.0,7,1.2502,56.12,0,130610.04,0.0731,1,1,0,1,21,0.3084,0.0998,4,1,1
NCRB-SYNTH-109407,High Court,Sec 482 CrPC (Quashing),1,5,1,0,1,1,0,0,1,1,1,1,0.6643,1,56,0,0,0.0942,6,1.1,64.34,0,149991.47,0.0274,1,1,0,0,10,0.1463,0.061,5,1,0
NCRB-SYNTH-109418,High Court,Writ Petition (Detention),4,1,1,0,1,1,1,0,1,1,1,1,0.5342,1,129,1,0,0.0636,7,1.034,99.66,1,44416.72,0.1341,1,1,0,0,9,0.2393,0.1039,5,1,0
NCRB-SYNTH-109427,Trial Court,Writ Petition (Detention),4,3,2,0,1,1,1,0,1,1,1,1,0.855,0,30,0,0,0.0812,4,1.0,116.97,0,34903.59,0.0625,1,1,0,1,39,0.2162,0.0586,4,1,1
NCRB-SYNTH-109434,High Court,Trial Judgment,1,3,1,0,1,1,1,0,1,1,1,0,0.5244,1,129,0,0,0.0,8,1.1478,177.8,0,124125.63,0.1242,1,1,0,0,11,0.1459,0.0587,5,1,0
NCRB-SYNTH-109435,High Court,Writ Petition (Detention),4,1,2,0,1,1,0,0,1,1,1,1,0.7738,0,145,0,1,0.0777,5,1.1506,73.04,0,132029.82,0.1575,0,0,1,1,10,0.0624,0.026,5,1,1
NCRB-SYNTH-109436,High Court,Trial Judgment,2,1,1,0,1,1,0,1,1,1,1,1,0.5637,0,107,0,0,0.0823,6,1.0674,98.57,0,110260.65,0.0386,1,1,0,1,3,0.0756,0.0546,2,1,0
NCRB-SYNTH-109438,Trial Court,Writ Petition (Detention),1,4,1,0,1,1,0,0,1,1,1,1,0.8131,1,86,1,1,0.0495,9,1.1767,123.31,1,82489.27,0.1313,1,1,0,0,3,0.0587,0.0423,2,1,1
NCRB-SYNTH-109443,Trial Court,Writ Petition (Detention),2,1,1,1,1,1,1,0,1,1,1,1,0.7602,1,129,1,1,0.0,4,1.1303,127.33,1,22334.05,0.0729,1,1,0,0,4,0.0336,0.0209,2,1,1
NCRB-SYNTH-109449,High Court,Sec 439 CrPC (Regular Bail),2,1,1,1,1,1,1,0,1,1,1,1,0.8082,1,35,1,1,0.097,7,1.2023,87.46,0,145159.96,0.1673,0,0,1,1,11,0.1906,0.0767,5,1,1
NCRB-SYNTH-109450,High Court,Sec 439 CrPC (Regular Bail),1,1,1,0,1,1,0,0,1,1,1,1,0.4899,1,118,0,0,0.0324,3,1.147,86.11,1,34162.04,0.0885,1,1,0,0,4,0.0772,0.048,2,1,0
NCRB-SYNTH-109456,Trial Court,Sec 482 CrPC (Quashing),1,4,1,1,1,1,1,1,1,1,1,0,0.7791,1,57,1,0,0.0394,1,1.0601,44.13,1,70216.74,0.1953,1,1,0,1,1,0.0839,0.121,2,1,1
NCRB-SYNTH-109460,Trial Court,Sec 439 CrPC (Regular Bail),4,4,1,0,1,1,0,0,1,1,1,1,0.5456,0,19,1,1,0.0453,7,1.1467,32.72,1,123275.04,0.1979,0,0,1,1,2,0.0287,0.0261,2,1,0
NCRB-SYNTH-109474,High Court,Writ Petition (Detention),2,3,2,1,1,1,0,0,1,1,1,0,0.7348,1,64,0,0,0.0534,6,1.0,85.61,0,79680.16,0.1817,0,0,1,0,6,0.2435,0.1251,5,1,1
NCRB-SYNTH-109479,High Court,Trial Judgment,2,5,1,0,1,1,0,0,1,1,1,0,0.6603,1,44,0,0,0.1512,5,1.1596,163.91,0,120368.86,0.128,1,1,0,1,3,0.0753,0.0543,2,1,0
NCRB-SYNTH-109482,High Court,Writ Petition (Detention),2,3,1,1,1,1,0,0,1,1,1,1,0.9221,0,120,0,0,0.0502,4,1.0952,90.6,0,112398.91,0.0776,1,1,0,1,1,0.0472,0.0681,2,1,1
NCRB-SYNTH-109493,Trial Court,Sec 439 CrPC (Regular Bail),7,4,2,0,1,1,0,0,1,1,1,0,0.5929,1,150,0,0,0.0924,7,1.0,35.0,1,119507.19,0.1741,1,1,0,1,2,0.0921,0.0839,2,1,0
NCRB-SYNTH-109500,Trial Court,Sec 482 CrPC (Quashing),1,1,1,0,1,1,1,1,1,1,1,1,0.4992,0,89,1,1,0.0665,9,1.1936,142.91,0,65201.35,0.0583,1,1,0,0,3,0.055,0.0397,2,1,0
NCRB-SYNTH-109509,Trial Court,Sec 439 CrPC (Regular Bail),1,2,2,0,1,1,1,0,1,1,1,0,0.8365,1,124,0,0,0.0033,5,1.2399,130.36,0,42235.42,0.1066,0,0,1,1,4,0.0401,0.0249,2,1,1
NCRB-SYNTH-109521,Trial Court,Sec 439 CrPC (Regular Bail),1,2,1,0,1,1,1,0,1,1,1,0,0.5127,1,62,1,1,0.0318,1,1.2111,88.73,0,66620.84,0.0418,1,1,0,0,9,0.1997,0.0867,5,1,0
NCRB-SYNTH-109542,Trial Court,Writ Petition (Detention),2,3,1,0,1,1,0,0,1,1,1,1,0.6388,1,164,0,0,0.0924,3,1.0,122.8,1,108528.41,0.0662,1,1,0,1,4,0.0859,0.0534,5,1,0
NCRB-SYNTH-109543,High Court,Trial Judgment,2,5,1,0,1,1,1,1,1,1,1,1,0.8426,1,141,1,1,0.0424,5,1.0176,93.61,0,69167.15,0.1315,1,1,0,1,2,0.0767,0.0698,2,1,1
NCRB-SYNTH-109545,Trial Court,Writ Petition (Detention),15,1,2,0,1,1,1,0,1,1,1,1,0.6653,1,32,0,0,0.0296,8,1.0,156.43,1,53054.4,0.0426,1,1,0,1,19,0.1453,0.0485,4,1,0
NCRB-SYNTH-109566,High Court,Writ Petition (Detention),1,3,1,0,1,1,0,0,1,1,1,1,0.6126,1,97,1,1,0.0882,6,1.1297,138.62,0,40097.35,0.0944,1,1,0,1,6,0.2049,0.1053,5,1,0
NCRB-SYNTH-109576,Trial Court,Sec 439 CrPC (Regular Bail),7,1,1,0,1,1,1,0,1,1,1,0,0.683,1,44,1,0,0.0424,8,1.1292,35.42,0,16983.28,0.0164,1,1,0,1,3,0.0808,0.0583,2,1,0
NCRB-SYNTH-109580,Trial Court,Writ Petition (Detention),4,4,1,0,1,1,0,0,1,1,1,1,0.7856,1,128,0,0,0.0805,2,1.1428,76.25,0,39324.92,0.0522,1,1,0,0,41,0.2697,0.0722,4,1,1
NCRB-SYNTH-109581,Trial Court,Writ Petition (Detention),4,5,1,0,1,1,0,0,1,1,1,1,0.7953,0,137,0,0,0.0619,5,1.1569,174.04,0,97626.72,0.1848,1,1,0,1,7,0.063,0.0303,5,1,1
NCRB-SYNTH-109595,Trial Court,Sec 482 CrPC (Quashing),1,4,2,0,1,1,1,1,1,1,1,1,0.8626,1,103,0,0,0.1366,5,1.0,30.77,1,80314.82,0.0814,1,1,0,1,4,0.0303,0.0188,2,1,1
NCRB-SYNTH-109598,High Court,Sec 439 CrPC (Regular Bail),4,4,1,0,1,1,0,1,1,1,1,1,0.9652,0,29,0,1,0.0855,1,1.0283,168.47,1,134350.5,0.0553,1,1,0,0,4,0.0629,0.0391,2,1,1
NCRB-SYNTH-109599,Trial Court,Writ Petition (Detention),4,1,2,0,1,1,1,1,1,1,1,0,0.603,1,91,0,0,0.0694,6,1.1684,47.78,0,54241.03,0.1184,1,1,0,0,17,0.1865,0.0645,4,1,0
NCRB-SYNTH-109609,Trial Court,Sec 482 CrPC (Quashing),2,1,2,0,1,1,0,1,1,1,1,1,0.9197,1,160,0,0,0.1137,7,1.0757,152.65,0,137039.3,0.076,1,1,0,0,45,0.0998,0.0261,4,1,1
NCRB-SYNTH-109612,Trial Court,Sec 439 CrPC (Regular Bail),1,3,1,0,1,1,0,0,1,1,1,0,0.681,1,129,0,0,0.1137,9,1.1535,177.42,1,108387.24,0.0286,1,1,0,1,29,0.1183,0.0348,4,1,0
NCRB-SYNTH-109626,Trial Court,Sec 439 CrPC (Regular Bail),4,1,2,0,1,1,0,0,1,1,1,0,0.8185,0,173,0,0,0.1022,1,1.2971,130.19,1,142516.81,0.0324,1,1,0,1,6,0.1317,0.0677,5,1,1
NCRB-SYNTH-109635,High Court,Trial Judgment,1,1,2,0,1,1,1,1,1,1,1,0,0.7286,1,54,0,1,0.1226,5,1.2725,123.0,0,144267.99,0.052,1,1,0,1,20,0.2715,0.0892,4,1,1
NCRB-SYNTH-109643,Trial Court,Sec 439 CrPC (Regular Bail),1,1,2,0,1,1,1,0,1,1,1,1,0.4695,1,38,1,1,0.0124,4,1.0,179.92,1,118129.13,0.1759,1,1,0,1,34,0.2326,0.0654,4,1,0
NCRB-SYNTH-109650,High Court,Sec 439 CrPC (Regular Bail),1,2,2,0,1,1,0,0,1,1,1,1,0.587,0,149,0,0,0.0853,1,1.0,152.06,1,81015.88,0.1745,1,1,0,1,9,0.1258,0.0546,5,1,0
NCRB-SYNTH-109651,High Court,Sec 482 CrPC (Quashing),7,1,1,1,1,1,1,0,1,1,1,1,0.6679,1,55,0,0,0.1249,7,1.0248,176.61,0,137736.6,0.0175,0,0,1,0,6,0.1821,0.0936,5,1,0
NCRB-SYNTH-109653,Trial Court,Writ Petition (Detention),2,3,2,0,1,1,0,0,1,1,1,1,0.7925,1,116,0,0,0.0714,8,1.2184,142.21,0,116497.45,0.1582,1,1,0,1,4,0.0424,0.0264,2,1,1
NCRB-SYNTH-109654,Trial Court,Sec 439 CrPC (Regular Bail),1,2,2,0,1,1,1,0,1,1,1,1,0.6314,1,94,0,0,0.0047,9,1.2316,124.9,0,73019.68,0.0533,1,1,0,1,1,0.0164,0.0236,2,1,0
NCRB-SYNTH-109662,High Court,Trial Judgment,4,3,1,1,1,1,0,1,1,1,1,1,0.4547,0,116,0,0,0.0921,5,1.0307,105.58,0,97553.11,0.1423,1,1,0,1,4,0.0191,0.0119,2,1,0
NCRB-SYNTH-109663,High Court,Sec 439 CrPC (Regular Bail),1,2,1,1,1,1,1,1,1,1,1,1,0.5136,1,27,0,0,0.1132,5,1.1224,169.16,0,90750.49,0.1584,1,1,0,0,4,0.0661,0.0411,2,1,0
NCRB-SYNTH-109665,Trial Court,Writ Petition (Detention),1,3,2,0,1,1,1,0,1,1,1,1,0.638,1,89,0,0,0.1033,5,1.1633,48.56,0,93482.34,0.1783,1,1,0,0,3,0.0306,0.0221,2,1,0
NCRB-SYNTH-109668,Trial Court,Sec 482 CrPC (Quashing),7,4,1,0,1,1,0,1,1,1,1,0,0.8651,0,28,0,0,0.1523,3,1.2615,54.7,1,18621.32,0.053,0,0,1,0,28,0.1751,0.052,4,1,1
NCRB-SYNTH-109680,Trial Court,Sec 439 CrPC (Regular Bail),4,1,1,0,1,1,0,1,1,1,1,1,0.6025,1,77,0,0,0.1449,8,1.0,42.42,0,85629.2,0.1569,1,1,0,1,4,0.0172,0.0107,2,1,0
NCRB-SYNTH-109683,Trial Court,Sec 439 CrPC (Regular Bail),4,5,1,0,1,1,1,0,1,1,1,1,0.4577,1,54,0,0,0.093,1,1.0,150.46,0,137629.48,0.15,1,1,0,0,3,0.0884,0.0638,2,1,0
NCRB-SYNTH-109687,Trial Court,Sec 439 CrPC (Regular Bail),1,1,1,0,1,1,1,0,1,1,1,1,0.5039,1,49,0,0,0.1205,2,1.2072,118.58,0,135719.3,0.1265,1,1,0,1,1,0.0589,0.085,2,1,0
NCRB-SYNTH-109688,Trial Court,Sec 482 CrPC (Quashing),27,1,1,0,1,1,1,0,1,1,1,1,0.6134,0,27,0,0,0.1042,9,1.1172,90.29,0,95419.26,0.067,1,1,0,1,9,0.0988,0.0429,5,1,0
NCRB-SYNTH-109697,Trial Court,Writ Petition (Detention),2,4,2,0,1,1,1,0,1,1,1,1,0.4689,0,164,0,0,0.0226,1,1.0799,163.49,0,100771.42,0.1202,1,1,0,1,11,0.2263,0.0911,5,1,0
NCRB-SYNTH-109702,Trial Court,Trial Judgment,1,1,1,1,1,1,1,0,1,1,1,0,0.9031,0,56,1,0,0.0153,3,1.1283,152.59,0,92318.37,0.0321,0,0,1,1,1,0.0242,0.0349,2,1,1
NCRB-SYNTH-109705,Trial Court,Sec 439 CrPC (Regular Bail),1,5,1,0,1,1,1,0,1,1,1,1,0.9511,1,48,0,1,0.11,9,1.013,118.73,0,137490.94,0.0763,1,1,0,1,4,0.0103,0.0064,2,1,1
NCRB-SYNTH-109713,High Court,Writ Petition (Detention),1,2,1,0,1,1,1,1,1,1,1,0,0.6567,1,172,0,0,0.1271,6,1.0226,173.79,0,95825.24,0.1629,1,1,0,1,3,0.0585,0.0422,2,1,0
NCRB-SYNTH-109714,Trial Court,Writ Petition (Detention),2,5,2,0,1,1,1,0,1,1,1,0,0.6332,1,176,0,0,0.0886,7,1.1429,42.07,0,62733.54,0.1705,1,1,0,1,17,0.0996,0.0345,4,1,0
NCRB-SYNTH-109717,High Court,Trial Judgment,1,4,1,0,1,1,1,0,1,1,1,0,0.81,1,113,0,0,0.066,6,1.0807,85.19,0,89179.14,0.1364,0,0,1,1,3,0.0715,0.0516,2,1,1
NCRB-SYNTH-109718,Trial Court,Sec 439 CrPC (Regular Bail),7,5,2,0,1,1,0,0,1,1,1,0,0.859,1,79,1,1,0.0535,5,1.1219,37.13,1,31867.72,0.0542,1,1,0,1,34,0.2344,0.0659,4,1,1
NCRB-SYNTH-109728,High Court,Sec 482 CrPC (Quashing),1,4,2,0,1,1,1,1,1,1,1,0,0.7512,1,148,0,0,0.1295,5,1.0846,131.09,1,67733.89,0.1763,1,1,0,1,4,0.0413,0.0257,2,1,1
NCRB-SYNTH-109739,Trial Court,Writ Petition (Detention),1,4,2,0,1,1,0,0,1,1,1,0,0.484,1,127,0,0,0.1038,1,1.0527,116.39,0,137408.39,0.0426,0,0,1,1,45,0.1775,0.0464,4,1,0
NCRB-SYNTH-109745,High Court,Writ Petition (Detention),1,2,1,1,1,1,0,0,1,1,1,1,0.666,1,101,0,0,0.0971,5,1.0421,121.32,0,21351.64,0.0116,1,1,0,1,3,0.0794,0.0572,2,1,0
NCRB-SYNTH-109748,Trial Court,Writ Petition (Detention),7,2,1,1,1,1,1,0,1,1,1,0,0.6798,0,64,1,1,0.1373,6,1.2999,74.25,1,141692.16,0.03,1,1,0,1,3,0.0663,0.0478,2,1,0
NCRB-SYNTH-109751,Trial Court,Sec 439 CrPC (Regular Bail),4,2,2,0,1,1,1,1,1,1,1,1,0.6444,1,33,0,0,0.1157,4,1.174,144.33,0,75128.82,0.1723,1,1,0,1,2,0.0955,0.087,2,1,0
NCRB-SYNTH-109755,High Court,Sec 482 CrPC (Quashing),4,2,2,0,1,1,1,0,1,1,1,0,0.5209,1,115,0,0,0.1683,5,1.5779,100.37,0,145269.24,0.1325,1,1,0,1,12,0.2719,0.106,4,1,0
NCRB-SYNTH-109756,Trial Court,Sec 439 CrPC (Regular Bail),1,5,1,0,1,1,0,1,1,1,1,1,0.5769,1,168,0,0,0.0303,4,1.0,31.23,0,111066.22,0.1414,1,1,0,1,24,0.2871,0.0892,4,1,0
NCRB-SYNTH-109757,High Court,Sec 439 CrPC (Regular Bail),2,5,1,0,1,1,1,0,1,1,1,1,0.7309,1,37,0,0,0.0914,5,1.1319,163.15,0,18502.8,0.1178,1,1,0,1,2,0.0989,0.09,2,1,1
NCRB-SYNTH-109766,Trial Court,Writ Petition (Detention),1,3,2,0,1,1,1,1,1,1,1,1,0.8756,1,31,1,1,0.0599,7,1.0229,140.54,0,115788.08,0.1225,1,1,0,1,33,0.2811,0.0797,4,1,1
NCRB-SYNTH-109772,Trial Court,Writ Petition (Detention),2,4,1,0,1,1,0,0,1,1,1,1,0.7458,1,38,0,0,0.0599,8,1.1416,165.71,0,54237.27,0.0534,1,1,0,1,6,0.1045,0.0537,5,1,1
NCRB-SYNTH-109788,Trial Court,Writ Petition (Detention),1,4,1,0,1,1,0,1,1,1,1,1,0.5211,1,50,0,1,0.0778,9,1.0417,34.84,0,93579.96,0.0564,0,0,1,1,11,0.0587,0.0236,5,1,0
NCRB-SYNTH-109791,High Court,Writ Petition (Detention),1,2,1,0,1,1,1,0,1,1,1,1,0.4077,1,45,0,1,0.1221,9,1.0081,73.01,0,43200.69,0.097,1,1,0,0,1,0.0845,0.1219,2,1,0
NCRB-SYNTH-109794,Trial Court,Writ Petition (Detention),1,5,2,0,1,1,1,0,1,1,1,1,0.5015,0,47,1,1,0.0713,8,1.1187,34.29,1,149925.65,0.1784,1,1,0,1,2,0.0983,0.0895,2,1,0
NCRB-SYNTH-109802,High Court,Sec 439 CrPC (Regular Bail),1,3,2,0,1,1,0,0,1,1,1,1,0.6324,1,145,0,1,0.0022,3,1.353,70.21,0,23129.61,0.0163,0,0,1,1,3,0.0852,0.0615,2,1,0
NCRB-SYNTH-109813,Trial Court,Sec 439 CrPC (Regular Bail),4,1,1,0,1,1,1,1,1,1,1,1,0.6135,0,136,0,0,0.088,6,1.1966,138.02,0,122634.9,0.1912,1,1,0,1,1,0.0717,0.1034,2,1,0
NCRB-SYNTH-109838,High Court,Sec 439 CrPC (Regular Bail),15,5,2,0,1,1,1,0,1,1,1,1,0.5926,0,40,1,1,0.0132,1,1.19,56.45,1,133790.04,0.0956,0,0,1,1,8,0.1488,0.0677,5,1,0
NCRB-SYNTH-109843,Trial Court,Sec 439 CrPC (Regular Bail),1,1,2,0,1,1,0,0,1,1,1,0,0.8152,1,78,1,1,0.1114,2,1.1565,50.74,0,54358.3,0.0302,1,1,0,1,8,0.1756,0.0799,5,1,1
NCRB-SYNTH-109859,Trial Court,Sec 439 CrPC (Regular Bail),7,5,2,0,1,1,1,0,1,1,1,1,0.4449,1,160,1,1,0.103,6,1.0739,86.19,0,68860.48,0.1787,0,0,1,1,3,0.0159,0.0115,2,1,0
NCRB-SYNTH-109871,Trial Court,Sec 439 CrPC (Regular Bail),1,3,2,0,1,1,1,0,1,1,1,0,0.876,1,47,0,1,0.0703,9,1.1742,79.13,0,63093.52,0.0525,1,1,0,0,4,0.1907,0.1185,5,1,1
NCRB-SYNTH-109873,Trial Court,Writ Petition (Detention),1,4,1,1,1,1,0,1,1,1,1,1,0.5474,1,140,0,0,0.0476,2,1.2957,145.55,0,57702.2,0.1563,1,1,0,1,1,0.0914,0.1319,2,1,0
NCRB-SYNTH-109874,Trial Court,Trial Judgment,1,5,2,0,1,1,1,0,1,1,1,1,0.8053,1,75,0,0,0.2094,9,1.1586,42.32,1,36610.35,0.0906,1,1,0,1,8,0.1385,0.063,5,1,1
NCRB-SYNTH-109890,Trial Court,Writ Petition (Detention),2,5,1,1,1,1,0,0,1,1,1,0,0.78,1,129,0,0,0.0136,6,1.0825,103.68,0,109274.08,0.1326,0,0,1,1,3,0.0935,0.0674,2,1,1
NCRB-SYNTH-109911,Trial Court,Writ Petition (Detention),1,3,2,0,1,1,1,0,1,1,1,1,0.9219,1,38,0,0,0.0172,4,1.1343,109.01,0,49758.16,0.1554,0,0,1,0,2,0.0728,0.0663,2,1,1
NCRB-SYNTH-109918,Trial Court,Writ Petition (Detention),4,3,1,0,1,1,1,0,1,1,1,1,0.7386,1,145,1,1,0.1244,1,1.0,128.89,0,104361.57,0.1236,1,1,0,1,11,0.2121,0.0853,5,1,1
NCRB-SYNTH-109921,Trial Court,Trial Judgment,1,4,2,1,1,1,1,1,1,1,1,1,0.8505,1,59,1,1,0.0794,9,1.0,171.81,1,25799.71,0.0522,0,0,1,0,20,0.2141,0.0703,4,1,1
NCRB-SYNTH-109933,Trial Court,Trial Judgment,1,2,2,0,1,1,1,0,1,1,1,0,0.5896,0,67,0,1,0.1345,8,1.0,95.68,0,103861.05,0.0204,0,0,1,1,25,0.2012,0.0617,4,1,0
NCRB-SYNTH-109935,Trial Court,Sec 439 CrPC (Regular Bail),15,4,2,0,1,1,1,0,1,1,1,1,0.8602,1,103,0,0,0.1163,8,1.2431,66.43,0,28578.84,0.1907,1,1,0,1,2,0.0917,0.0834,2,1,1
NCRB-SYNTH-109945,High Court,Sec 439 CrPC (Regular Bail),2,1,2,0,1,1,1,0,1,1,1,1,0.4717,1,66,1,1,0.0279,1,1.1339,151.91,0,111839.97,0.1626,1,1,0,1,11,0.1466,0.059,5,1,0
NCRB-SYNTH-109946,High Court,Sec 482 CrPC (Quashing),1,2,2,1,1,1,0,1,1,1,1,1,0.8594,1,148,0,0,0.0468,4,1.2222,44.11,0,58945.57,0.0492,0,0,1,1,2,0.0588,0.0535,2,1,1
NCRB-SYNTH-109947,Trial Court,Trial Judgment,1,5,1,0,1,1,1,1,1,1,1,1,0.4746,1,143,0,1,0.0751,8,1.1785,82.68,0,78838.47,0.1009,1,1,0,1,1,0.0708,0.1022,2,1,0
NCRB-SYNTH-109948,Supreme Court,Sec 439 CrPC (Regular Bail),21,4,2,0,1,1,0,0,1,1,1,1,0.8462,1,159,0,0,0.1159,6,1.2339,31.03,0,69935.97,0.128,1,1,0,0,10,0.0823,0.0343,5,1,1
NCRB-SYNTH-109954,High Court,Trial Judgment,1,3,2,0,1,1,1,1,1,1,1,0,0.3844,1,140,0,0,0.0,2,1.0,109.89,0,112483.69,0.0935,0,0,1,1,2,0.0423,0.0385,2,1,0
NCRB-SYNTH-109956,Trial Court,Writ Petition (Detention),7,2,2,0,1,1,1,1,1,1,1,1,0.9143,0,55,0,0,0.0708,1,1.0,91.34,0,63872.83,0.157,1,1,0,1,1,0.0865,0.1248,2,1,1
NCRB-SYNTH-109960,Trial Court,Writ Petition (Detention),7,1,1,0,1,1,1,0,1,1,1,0,0.4237,0,52,0,0,0.0433,5,1.0712,54.28,1,146671.76,0.0739,1,1,0,1,3,0.045,0.0325,2,1,0
NCRB-SYNTH-109983,High Court,Sec 439 CrPC (Regular Bail),1,3,2,0,1,1,1,0,1,1,1,1,0.9251,1,55,1,1,0.0594,7,1.0669,51.06,0,137808.68,0.0594,1,1,0,0,1,0.0931,0.1343,2,1,1
NCRB-SYNTH-109987,High Court,Writ Petition (Detention),4,4,2,0,1,1,0,0,1,1,1,0,0.99,1,137,0,0,0.0954,3,1.2095,39.95,1,79517.03,0.1017,0,0,1,1,3,0.0236,0.017,2,1,1
NCRB-SYNTH-109988,High Court,Trial Judgment,1,1,1,0,1,1,1,1,1,1,1,1,0.6969,1,156,0,0,0.1327,9,1.3027,51.99,0,76509.98,0.1283,1,1,0,0,31,0.1515,0.0437,4,1,0
NCRB-SYNTH-109992,High Court,Sec 482 CrPC (Quashing),1,5,2,0,1,1,1,1,1,1,1,0,0.8551,1,85,0,0,0.1053,3,1.1275,155.71,1,18219.39,0.0755,1,1,0,1,4,0.0522,0.0324,2,1,1
NCRB-SYNTH-110000,Trial Court,Trial Judgment,1,4,2,0,1,1,1,0,1,1,1,1,0.8716,0,154,1,1,0.1365,8,1.1872,57.69,0,97182.53,0.0566,0,0,1,1,8,0.15,0.0683,5,1,1
NCRB-SYNTH-110002,Trial Court,Writ Petition (Detention),2,3,1,0,1,1,1,1,1,1,1,1,0.8998,1,46,0,0,0.1714,3,1.0,106.44,0,34682.06,0.1714,1,1,0,0,2,0.0539,0.049,2,1,1
NCRB-SYNTH-110014,Trial Court,Sec 439 CrPC (Regular Bail),4,1,1,0,1,1,1,0,1,1,1,1,0.792,1,71,1,0,0.03,8,1.1373,45.51,0,140110.77,0.176,1,1,0,0,29,0.2038,0.0599,4,1,1
NCRB-SYNTH-110018,Trial Court,Sec 482 CrPC (Quashing),1,1,2,0,1,1,1,0,1,1,1,1,0.7299,1,174,1,1,0.0068,2,1.0248,151.0,0,134947.92,0.0056,1,1,0,1,10,0.2335,0.0974,5,1,1
NCRB-SYNTH-110020,Trial Court,Sec 439 CrPC (Regular Bail),2,2,1,0,1,1,1,1,1,1,1,1,0.9804,1,144,0,0,0.149,6,1.1457,176.25,1,141619.87,0.1916,0,0,1,1,2,0.0268,0.0244,2,1,1
NCRB-SYNTH-110036,Trial Court,Sec 482 CrPC (Quashing),1,3,2,0,1,1,1,1,1,1,1,1,0.9077,1,25,0,0,0.1181,3,1.3021,139.27,1,91073.72,0.1188,1,1,0,1,22,0.1463,0.0466,4,1,1
NCRB-SYNTH-110038,Trial Court,Trial Judgment,1,4,1,0,1,1,0,1,1,1,1,0,0.99,1,163,0,0,0.1045,8,1.2095,163.9,0,29737.82,0.0947,0,0,1,1,3,0.0215,0.0155,2,1,1
NCRB-SYNTH-110043,Trial Court,Sec 439 CrPC (Regular Bail),2,2,2,0,1,1,1,0,1,1,1,1,0.614,1,66,1,1,0.0809,2,1.0605,130.63,0,149980.85,0.1934,0,0,1,1,36,0.2526,0.07,4,1,0
NCRB-SYNTH-110047,Trial Court,Writ Petition (Detention),1,1,2,0,1,1,1,0,1,1,1,1,0.8662,0,45,0,0,0.1195,6,1.0,107.13,1,132810.67,0.0139,0,0,1,0,4,0.0944,0.0586,2,1,1
NCRB-SYNTH-110060,Trial Court,Trial Judgment,1,3,1,0,1,1,1,0,1,1,1,1,0.5586,1,31,0,0,0.0884,2,1.0175,45.9,0,89379.07,0.0945,1,1,0,0,10,0.1711,0.0714,5,1,0
NCRB-SYNTH-110061,Trial Court,Writ Petition (Detention),2,1,1,1,1,1,1,0,1,1,1,0,0.486,1,120,0,0,0.0937,7,1.0,177.54,0,149304.77,0.0055,1,1,0,1,38,0.1307,0.0357,4,1,0
NCRB-SYNTH-110064,Trial Court,Writ Petition (Detention),4,5,2,0,1,1,1,1,1,1,1,1,0.5828,1,86,0,1,0.1309,3,1.3935,53.17,0,134674.54,0.1033,0,0,1,1,8,0.0857,0.039,5,1,0
NCRB-SYNTH-110074,High Court,Writ Petition (Detention),1,3,1,0,1,1,0,1,1,1,1,1,0.558,1,9,0,0,0.0813,5,1.0961,55.24,0,96557.36,0.1013,1,1,0,1,4,0.0684,0.0425,5,1,0
NCRB-SYNTH-110076,High Court,Sec 439 CrPC (Regular Bail),1,2,1,0,1,1,0,0,1,1,1,1,0.7173,1,128,1,1,0.0493,4,1.1472,76.42,0,135911.23,0.0097,1,1,0,0,7,0.1822,0.0876,5,1,1
NCRB-SYNTH-110077,Trial Court,Writ Petition (Detention),1,2,1,0,1,1,0,0,1,1,1,0,0.6493,1,104,1,1,0.0763,3,1.0825,159.94,1,45906.31,0.1157,1,1,0,0,1,0.0577,0.0832,2,1,0
NCRB-SYNTH-110090,Trial Court,Writ Petition (Detention),2,5,2,0,1,1,1,0,1,1,1,1,0.8484,1,32,0,0,0.0527,5,1.0094,42.36,0,57969.51,0.1797,1,1,0,1,32,0.2912,0.0833,4,1,1
NCRB-SYNTH-110091,High Court,Trial Judgment,15,2,1,0,1,1,1,1,1,1,1,1,0.9489,1,136,0,0,0.1547,4,1.2824,80.11,0,84329.46,0.1588,1,1,0,1,2,0.035,0.0319,2,1,1
NCRB-SYNTH-110099,Trial Court,Sec 439 CrPC (Regular Bail),4,3,2,0,1,1,0,0,1,1,1,0,0.9604,1,160,0,1,0.1212,6,1.0433,59.73,1,137089.79,0.1212,1,1,0,0,4,0.0557,0.0346,2,1,1
NCRB-SYNTH-110104,High Court,Writ Petition (Detention),1,1,1,0,1,1,1,1,1,1,1,1,0.5123,1,86,0,0,0.0761,5,1.0176,77.01,1,85700.36,0.1472,1,1,0,0,1,0.0805,0.1161,2,1,0
NCRB-SYNTH-110106,Trial Court,Sec 439 CrPC (Regular Bail),1,1,1,0,1,1,0,0,1,1,1,1,0.6427,1,27,1,1,0.1335,1,1.1917,170.37,1,49913.06,0.187,1,1,0,1,1,0.0686,0.0989,2,1,0
NCRB-SYNTH-110107,High Court,Trial Judgment,1,3,1,0,1,1,0,1,1,1,1,1,0.8955,1,123,0,0,0.0774,7,1.1406,74.16,0,135732.24,0.1011,1,1,0,1,34,0.1324,0.0372,4,1,1
NCRB-SYNTH-110109,High Court,Writ Petition (Detention),2,5,1,1,1,1,1,0,1,1,1,0,0.3862,1,169,1,1,0.1487,3,1.1811,154.53,0,56482.47,0.1498,1,1,0,1,3,0.049,0.0354,2,1,0
NCRB-SYNTH-110111,High Court,Sec 439 CrPC (Regular Bail),1,3,2,1,1,1,1,0,1,1,1,1,0.9394,0,31,0,0,0.0598,4,1.2065,91.86,0,122351.22,0.1288,1,1,0,1,27,0.1422,0.0427,4,1,1
NCRB-SYNTH-110122,Trial Court,Sec 482 CrPC (Quashing),1,5,2,0,1,1,1,0,1,1,1,1,0.5467,1,161,0,0,0.1123,2,1.1283,48.28,0,44982.69,0.0693,1,1,0,1,4,0.0671,0.0417,2,1,0
NCRB-SYNTH-110132,High Court,Sec 439 CrPC (Regular Bail),7,1,2,0,1,1,1,0,1,1,1,1,0.849,1,67,1,1,0.1268,1,1.0229,79.17,0,123688.85,0.1419,1,1,0,1,1,0.0178,0.0257,2,1,1
NCRB-SYNTH-110152,High Court,Sec 482 CrPC (Quashing),7,1,1,0,1,1,1,0,1,1,1,1,0.5629,1,52,0,0,0.1233,6,1.0933,173.38,0,20382.73,0.0147,0,0,1,1,4,0.0136,0.0085,2,1,0
NCRB-SYNTH-110153,High Court,Sec 439 CrPC (Regular Bail),4,2,1,0,1,1,0,1,1,1,1,0,0.9412,1,36,0,1,0.0863,8,1.0185,167.61,1,126582.72,0.1009,1,1,0,1,1,0.021,0.0302,2,1,1
NCRB-SYNTH-110157,Trial Court,Writ Petition (Detention),4,2,1,0,1,1,1,0,1,1,1,0,0.5854,1,85,1,1,0.1189,8,1.2887,128.34,0,69902.64,0.0245,1,1,0,0,25,0.1634,0.0501,4,1,0
NCRB-SYNTH-110158,High Court,Sec 439 CrPC (Regular Bail),1,2,1,0,1,1,1,0,1,1,1,1,0.5472,1,25,1,1,0.0887,4,1.0168,118.49,0,128148.51,0.0277,1,1,0,1,4,0.0261,0.0162,2,1,0
NCRB-SYNTH-110168,Trial Court,Writ Petition (Detention),1,4,1,0,1,1,1,0,1,1,1,1,0.5818,1,90,0,0,0.1266,1,1.1037,136.05,0,134588.43,0.0196,1,1,0,1,10,0.205,0.0855,5,1,0
NCRB-SYNTH-110174,Trial Court,Sec 482 CrPC (Quashing),2,2,1,0,1,1,1,1,1,1,1,0,0.8799,1,106,0,0,0.0767,7,1.0031,44.89,1,16383.59,0.0985,1,1,0,0,4,0.0111,0.0069,2,1,1
NCRB-SYNTH-110192,Trial Court,Writ Petition (Detention),4,3,1,0,1,1,1,0,1,1,1,1,0.947,1,102,0,0,0.0731,7,1.0,174.2,1,94020.41,0.1944,0,0,1,0,2,0.0254,0.0231,2,1,1
NCRB-SYNTH-110195,Trial Court,Sec 439 CrPC (Regular Bail),2,5,2,0,1,1,0,0,1,1,1,1,0.5264,0,76,1,1,0.0616,8,1.1507,91.27,0,138612.92,0.0537,1,1,0,0,11,0.1051,0.0423,5,1,0
NCRB-SYNTH-110199,High Court,Writ Petition (Detention),4,1,2,0,1,1,0,1,1,1,1,1,0.6243,1,101,0,0,0.0166,8,1.0,40.37,0,98339.01,0.0696,0,0,1,1,3,0.035,0.0253,2,1,0
NCRB-SYNTH-110200,High Court,Sec 482 CrPC (Quashing),1,1,2,0,1,1,1,0,1,1,1,0,0.894,1,25,0,1,0.0,8,1.0189,132.64,1,16962.71,0.1084,0,0,1,0,10,0.2474,0.1032,5,1,1
NCRB-SYNTH-110203,Trial Court,Sec 482 CrPC (Quashing),2,4,1,0,1,1,1,1,1,1,1,1,0.9014,1,21,0,0,0.0315,6,1.2968,135.5,0,91879.45,0.1793,1,1,0,1,6,0.2162,0.1111,5,1,1
NCRB-SYNTH-110204,High Court,Sec 439 CrPC (Regular Bail),1,1,1,0,1,1,0,0,1,1,1,1,0.6466,0,149,0,0,0.0935,7,1.0,175.21,1,102211.15,0.1535,0,0,1,1,6,0.1067,0.0548,5,1,0
NCRB-SYNTH-110206,High Court,Sec 482 CrPC (Quashing),2,4,2,0,1,1,1,1,1,1,1,0,0.4879,1,57,0,0,0.1748,2,1.0121,149.17,0,20625.86,0.1446,1,1,0,1,4,0.0574,0.0357,2,1,0
NCRB-SYNTH-110212,Trial Court,Sec 439 CrPC (Regular Bail),1,2,2,0,1,1,0,0,1,1,1,1,0.4739,1,54,0,0,0.1795,2,1.1798,127.25,0,119664.94,0.0187,1,1,0,0,4,0.1,0.0621,2,1,0
NCRB-SYNTH-110218,Trial Court,Writ Petition (Detention),2,3,1,0,1,1,0,1,1,1,1,1,0.7454,1,29,0,0,0.0464,2,1.1882,79.82,1,145065.67,0.0712,1,1,0,1,3,0.0978,0.0705,2,1,1
NCRB-SYNTH-110224,Trial Court,Writ Petition (Detention),4,2,1,0,1,1,0,0,1,1,1,1,0.8306,1,153,0,0,0.0726,4,1.1696,173.15,0,116355.2,0.1699,1,1,0,0,30,0.2614,0.0761,4,1,1
NCRB-SYNTH-110230,Trial Court,Sec 482 CrPC (Quashing),1,4,2,0,1,1,1,0,1,1,1,0,0.7883,1,159,0,0,0.048,2,1.0008,77.68,1,86517.87,0.0858,1,1,0,1,4,0.0909,0.0565,2,1,1
NCRB-SYNTH-110232,Trial Court,Trial Judgment,1,1,1,0,1,1,0,0,1,1,1,0,0.8258,1,117,0,0,0.0879,5,1.0197,94.84,1,70067.7,0.1416,1,1,0,0,33,0.2566,0.0728,4,1,1
NCRB-SYNTH-110238,Trial Court,Writ Petition (Detention),2,5,1,0,1,1,1,1,1,1,1,0,0.8612,1,78,0,0,0.0692,3,1.1944,131.26,1,48144.45,0.1576,1,1,0,0,8,0.0812,0.0369,5,1,1
NCRB-SYNTH-110240,Trial Court,Writ Petition (Detention),7,3,1,0,1,1,1,0,1,1,1,1,0.8685,1,17,0,0,0.0491,8,1.1612,49.29,1,146578.36,0.1669,1,1,0,0,3,0.0544,0.0392,2,1,1
NCRB-SYNTH-110242,Supreme Court,Writ Petition (Detention),1,5,1,0,1,1,0,1,1,1,1,1,0.5449,1,86,0,0,0.0409,4,1.0609,45.05,1,77773.86,0.1026,1,1,0,0,1,0.0695,0.1003,2,1,0
NCRB-SYNTH-110244,High Court,Sec 439 CrPC (Regular Bail),2,1,1,0,1,1,0,0,1,1,1,1,0.876,0,26,1,1,0.0966,6,1.0,89.37,0,41648.01,0.1825,0,0,1,1,7,0.2417,0.1162,5,1,1
NCRB-SYNTH-110245,Trial Court,Writ Petition (Detention),2,4,2,0,1,1,1,0,1,1,1,1,0.6926,0,168,0,1,0.1214,6,1.1122,116.83,0,127240.72,0.0211,1,1,0,1,1,0.0452,0.0652,2,1,0
NCRB-SYNTH-110252,Trial Court,Sec 439 CrPC (Regular Bail),2,1,2,0,1,1,0,1,1,1,1,1,0.4689,1,25,1,1,0.0739,6,1.0166,165.29,0,16134.44,0.1234,1,1,0,0,2,0.0605,0.0551,2,1,0
NCRB-SYNTH-110269,Trial Court,Writ Petition (Detention),2,4,1,1,1,1,0,1,1,1,1,1,0.8121,1,34,0,0,0.0646,1,1.2087,47.59,0,81451.38,0.1057,0,0,1,1,9,0.1093,0.0475,5,1,1
NCRB-SYNTH-110293,Trial Court,Writ Petition (Detention),1,5,1,0,1,1,1,0,1,1,1,1,0.5468,1,170,0,0,0.151,5,1.0,108.65,0,61620.42,0.1536,1,1,0,1,3,0.0296,0.0214,2,1,0
NCRB-SYNTH-110305,Trial Court,Writ Petition (Detention),4,3,1,0,1,1,1,1,1,1,1,1,0.4741,1,19,0,0,0.1366,4,1.3132,46.1,1,30650.35,0.0441,1,1,0,1,23,0.2948,0.0928,4,1,0
NCRB-SYNTH-110308,Trial Court,Sec 439 CrPC (Regular Bail),2,1,2,0,1,1,1,0,1,1,1,1,0.791,0,124,1,0,0.1224,7,1.0,129.47,0,22563.83,0.0331,1,1,0,0,25,0.2772,0.0851,4,1,1
NCRB-SYNTH-110310,Trial Court,Sec 439 CrPC (Regular Bail),4,5,2,0,1,1,1,1,1,1,1,1,0.6191,1,48,1,1,0.163,1,1.0019,130.01,0,94280.65,0.0019,1,1,0,1,1,0.0725,0.1045,2,1,0
NCRB-SYNTH-110312,Trial Court,Writ Petition (Detention),1,1,1,0,1,1,0,0,1,1,1,1,0.4247,1,126,0,1,0.0628,8,1.0794,55.81,0,109649.41,0.1577,1,1,0,1,7,0.1948,0.0937,5,1,0
NCRB-SYNTH-110318,Trial Court,Trial Judgment,1,4,2,0,1,1,1,0,1,1,1,0,0.7648,1,49,0,1,0.1251,8,1.0,156.23,0,103769.6,0.0072,1,1,0,0,23,0.133,0.0419,4,1,1
NCRB-SYNTH-110322,High Court,Writ Petition (Detention),21,3,1,0,1,1,0,0,1,1,1,1,0.7659,1,92,0,1,0.1181,1,1.0298,147.01,0,17812.89,0.1899,1,1,0,1,1,0.0629,0.0908,2,1,1
NCRB-SYNTH-110326,Trial Court,Sec 439 CrPC (Regular Bail),7,3,2,0,1,1,0,0,1,1,1,1,0.5476,1,79,1,1,0.1005,3,1.0,124.51,0,106216.49,0.1729,1,1,0,1,38,0.1876,0.0512,4,1,0
NCRB-SYNTH-110328,Trial Court,Sec 482 CrPC (Quashing),1,2,2,0,1,1,0,0,1,1,1,1,0.5196,1,172,1,1,0.029,9,1.2766,137.08,0,145390.5,0.1611,0,0,1,1,4,0.0449,0.0279,2,1,0
NCRB-SYNTH-110337,Trial Court,Writ Petition (Detention),4,2,2,0,1,1,1,1,1,1,1,0,0.7871,0,85,1,1,0.0,8,1.1283,44.01,0,121859.51,0.1567,0,0,1,0,7,0.0729,0.035,5,1,1
NCRB-SYNTH-110383,High Court,Sec 439 CrPC (Regular Bail),2,2,1,1,1,1,1,0,1,1,1,1,0.5014,1,153,1,0,0.0868,2,1.0,77.02,0,80003.29,0.035,0,0,1,0,11,0.1126,0.0453,5,1,0
NCRB-SYNTH-110402,High Court,Sec 439 CrPC (Regular Bail),2,4,2,0,1,1,0,0,1,1,1,1,0.8641,1,62,0,0,0.0859,3,1.0764,142.85,0,59190.49,0.1016,1,1,0,1,13,0.1009,0.0382,4,1,1
NCRB-SYNTH-110407,Trial Court,Writ Petition (Detention),1,1,2,0,1,1,1,1,1,1,1,0,0.9316,1,25,1,1,0.0732,9,1.0505,134.68,1,30839.1,0.1973,1,1,0,1,3,0.0675,0.0487,2,1,1
NCRB-SYNTH-110413,High Court,Sec 482 CrPC (Quashing),1,5,2,0,1,1,1,0,1,1,1,0,0.8381,1,63,0,0,0.0256,8,1.1928,63.99,0,128514.56,0.0479,1,1,0,0,11,0.0883,0.0355,5,1,1
NCRB-SYNTH-110414,Trial Court,Writ Petition (Detention),1,2,1,0,1,1,1,1,1,1,1,1,0.8406,1,153,0,0,0.0878,5,1.0721,72.9,0,107391.0,0.096,1,1,0,1,4,0.0395,0.0245,2,1,1
NCRB-SYNTH-110424,Supreme Court,Sec 439 CrPC (Regular Bail),1,5,1,0,1,1,0,0,1,1,1,1,0.5667,1,110,0,0,0.1191,6,1.0,147.17,1,32585.76,0.1581,1,1,0,1,1,0.0761,0.1098,2,1,0
NCRB-SYNTH-110427,Trial Court,Writ Petition (Detention),7,1,2,0,1,1,1,0,1,1,1,1,0.5974,1,154,1,1,0.0,4,1.0639,142.65,0,106374.89,0.1177,1,1,0,1,4,0.1827,0.1135,5,1,0
NCRB-SYNTH-110437,Trial Court,Sec 439 CrPC (Regular Bail),1,2,1,1,1,1,0,0,1,1,1,0,0.4991,0,129,0,0,0.0715,4,1.1719,77.97,0,137484.14,0.1078,1,1,0,1,1,0.0495,0.0714,2,1,0
NCRB-SYNTH-110440,High Court,Writ Petition (Detention),1,2,1,0,1,1,1,1,1,1,1,0,0.9311,1,95,1,1,0.0135,3,1.0305,78.68,0,87010.65,0.0665,1,1,0,1,1,0.0807,0.1164,2,1,1
NCRB-SYNTH-110445,Trial Court,Writ Petition (Detention),2,3,2,0,1,1,1,0,1,1,1,1,0.4011,1,15,0,0,0.0533,5,1.0935,130.33,0,75032.08,0.0524,1,1,0,1,5,0.1793,0.1001,5,1,0
NCRB-SYNTH-110457,High Court,Writ Petition (Detention),2,1,1,0,1,1,0,0,1,1,1,0,0.7963,0,89,0,1,0.0623,4,1.1157,33.82,1,111237.01,0.136,1,1,0,1,1,0.0875,0.1262,2,1,1
NCRB-SYNTH-110477,Trial Court,Writ Petition (Detention),1,5,1,0,1,1,0,1,1,1,1,1,0.6622,0,129,0,0,0.0331,3,1.2754,137.58,0,15264.57,0.1133,1,1,0,0,3,0.0696,0.0502,2,1,0
NCRB-SYNTH-110481,High Court,Sec 482 CrPC (Quashing),1,1,1,0,1,1,1,0,1,1,1,0,0.6388,1,58,0,1,0.0311,2,1.0194,32.11,0,51087.96,0.049,1,1,0,0,4,0.0279,0.0173,2,1,0
NCRB-SYNTH-110484,Trial Court,Writ Petition (Detention),1,4,1,0,1,1,1,0,1,1,1,1,0.644,1,129,0,0,0.0201,7,1.2647,33.81,1,23084.07,0.1546,0,0,1,1,2,0.0565,0.0515,2,1,0
NCRB-SYNTH-110490,Trial Court,Sec 439 CrPC (Regular Bail),2,3,2,1,1,1,1,0,1,1,1,1,0.6311,0,138,1,0,0.0576,7,1.2121,154.91,0,106570.59,0.1649,1,1,0,1,21,0.2183,0.0706,4,1,0
NCRB-SYNTH-110491,High Court,Writ Petition (Detention),2,4,2,0,1,1,1,0,1,1,1,1,0.8795,1,170,0,0,0.1041,1,1.1765,72.06,1,124532.87,0.0763,1,1,0,1,3,0.0123,0.0089,2,1,1
NCRB-SYNTH-110493,High Court,Sec 439 CrPC (Regular Bail),1,1,2,0,1,1,1,0,1,1,1,1,0.4008,1,124,0,1,0.1196,4,1.0,88.46,1,132521.47,0.0333,0,0,1,1,7,0.0891,0.0429,5,1,0
NCRB-SYNTH-110499,High Court,Sec 482 CrPC (Quashing),1,4,1,0,1,1,0,0,1,1,1,0,0.8587,1,25,0,1,0.0864,5,1.072,42.56,1,140089.22,0.0558,1,1,0,0,2,0.0962,0.0876,2,1,1
NCRB-SYNTH-110504,High Court,Trial Judgment,2,4,1,0,1,1,1,0,1,1,1,1,0.4737,1,29,1,1,0.134,5,1.1378,125.52,0,45138.3,0.0127,0,0,1,0,1,0.0519,0.0749,2,1,0
NCRB-SYNTH-110510,High Court,Trial Judgment,1,5,2,0,1,1,1,1,1,1,1,0,0.6043,1,103,1,1,0.047,5,1.0547,103.26,1,65823.54,0.1269,1,1,0,0,14,0.2488,0.0919,4,1,0
NCRB-SYNTH-110513,Trial Court,Sec 439 CrPC (Regular Bail),1,2,2,0,1,1,0,1,1,1,1,1,0.4068,1,149,0,0,0.0986,9,1.2106,136.93,0,89498.1,0.0918,0,0,1,1,3,0.0167,0.0121,2,1,0
NCRB-SYNTH-110537,Trial Court,Sec 439 CrPC (Regular Bail),1,2,2,0,1,1,1,0,1,1,1,1,0.5432,1,132,1,1,0.0802,6,1.1594,142.29,0,81214.4,0.0643,1,1,0,0,4,0.0228,0.0142,2,1,0
NCRB-SYNTH-110549,Trial Court,Writ Petition (Detention),2,5,1,0,1,1,1,1,1,1,1,1,0.6561,1,80,0,0,0.0759,6,1.0021,80.67,0,71102.91,0.1125,1,1,0,0,28,0.2941,0.0873,4,1,0
NCRB-SYNTH-110559,Trial Court,Sec 439 CrPC (Regular Bail),1,1,2,0,1,1,0,0,1,1,1,1,0.8668,1,42,1,1,0.0926,7,1.0,115.81,0,107483.57,0.0409,1,1,0,0,43,0.1962,0.0519,4,1,1
NCRB-SYNTH-110564,High Court,Trial Judgment,1,4,2,0,1,1,1,0,1,1,1,1,0.6534,1,58,0,1,0.0519,8,1.0,125.19,0,43043.61,0.1454,1,1,0,1,4,0.084,0.0522,5,1,0
NCRB-SYNTH-110573,Trial Court,Writ Petition (Detention),15,3,1,0,1,1,0,0,1,1,1,0,0.8448,0,51,0,0,0.0874,8,1.1731,124.25,1,132963.02,0.1259,1,1,0,1,3,0.062,0.0447,2,1,1
NCRB-SYNTH-110586,High Court,Sec 482 CrPC (Quashing),1,2,2,0,1,1,1,0,1,1,1,0,0.9855,1,87,1,1,0.0164,7,1.063,166.09,0,138171.4,0.1869,0,0,1,1,8,0.2424,0.1103,5,1,1
NCRB-SYNTH-110594,Trial Court,Writ Petition (Detention),1,3,2,0,1,1,0,1,1,1,1,0,0.9073,1,164,1,1,0.1481,1,1.2756,60.43,0,133501.16,0.1617,1,1,0,0,42,0.1179,0.0313,4,1,1
NCRB-SYNTH-110602,High Court,Sec 482 CrPC (Quashing),2,5,1,0,1,1,1,1,1,1,1,0,0.9727,1,113,0,0,0.2081,6,1.1887,90.79,1,25874.76,0.0203,0,0,1,1,3,0.0285,0.0206,2,1,1
NCRB-SYNTH-110606,Trial Court,Sec 482 CrPC (Quashing),4,2,2,0,1,1,1,0,1,1,1,1,0.7495,1,129,0,0,0.0969,9,1.0649,134.67,1,89950.97,0.0094,1,1,0,1,2,0.0236,0.0214,2,1,1
NCRB-SYNTH-110614,Trial Court,Sec 482 CrPC (Quashing),7,2,1,0,1,1,1,0,1,1,1,1,0.8404,1,56,1,1,0.0751,3,1.2462,155.38,0,149587.47,0.177,1,1,0,0,5,0.2338,0.1305,5,1,1
NCRB-SYNTH-110622,High Court,Sec 482 CrPC (Quashing),1,2,1,0,1,1,1,1,1,1,1,1,0.7393,1,130,0,0,0.0877,1,1.119,74.67,0,19104.83,0.1176,1,1,0,0,7,0.0983,0.0473,5,1,1
NCRB-SYNTH-110629,Trial Court,Trial Judgment,21,3,1,0,1,1,1,0,1,1,1,0,0.4359,1,127,0,0,0.0467,3,1.1245,82.15,1,46239.93,0.0543,1,1,0,1,3,0.0644,0.0464,2,1,0
NCRB-SYNTH-110633,Trial Court,Sec 482 CrPC (Quashing),7,1,2,0,1,1,1,0,1,1,1,1,0.6226,1,136,0,1,0.0452,4,1.1069,168.43,0,134952.08,0.0998,1,1,0,0,3,0.0434,0.0313,2,1,0
NCRB-SYNTH-110640,Trial Court,Sec 439 CrPC (Regular Bail),1,4,1,0,1,1,1,1,1,1,1,1,0.6911,1,107,1,1,0.1063,9,1.1201,161.58,1,146952.34,0.0695,1,1,0,0,2,0.0297,0.0271,2,1,0
NCRB-SYNTH-110645,Trial Court,Writ Petition (Detention),1,4,1,0,1,1,0,0,1,1,1,1,0.6585,1,150,1,1,0.0,1,1.0797,100.15,0,139065.27,0.023,1,1,0,1,4,0.1963,0.1219,5,1,0
NCRB-SYNTH-110668,Trial Court,Sec 482 CrPC (Quashing),1,4,1,0,1,1,1,0,1,1,1,1,0.4931,0,123,0,0,0.2119,9,1.0984,136.94,0,46476.23,0.0157,1,1,0,1,38,0.2796,0.0763,4,1,0
NCRB-SYNTH-110672,High Court,Sec 482 CrPC (Quashing),1,3,1,0,1,1,1,0,1,1,1,0,0.4604,0,124,1,1,0.1105,5,1.1009,139.47,0,51791.98,0.1713,1,1,0,1,2,0.068,0.0619,2,1,0
NCRB-SYNTH-110673,Trial Court,Writ Petition (Detention),1,1,2,0,1,1,1,0,1,1,1,1,0.6046,1,51,0,0,0.0618,7,1.2377,155.4,0,44133.81,0.129,0,0,1,1,2,0.0967,0.088,2,1,0
NCRB-SYNTH-110680,Trial Court,Writ Petition (Detention),1,2,1,0,1,1,1,0,1,1,1,1,0.6518,1,42,0,0,0.0438,3,1.1594,80.25,0,32418.02,0.1701,0,0,1,0,4,0.0444,0.0276,2,1,0
NCRB-SYNTH-110683,Trial Court,Sec 482 CrPC (Quashing),7,4,1,0,1,1,1,0,1,1,1,0,0.4088,1,128,0,0,0.0,4,1.2677,35.92,0,42994.72,0.1713,0,0,1,0,1,0.0259,0.0373,2,1,0
NCRB-SYNTH-110686,High Court,Sec 482 CrPC (Quashing),1,4,2,0,1,1,0,0,1,1,1,1,0.4675,1,12,0,0,0.0967,5,1.068,65.41,0,26527.51,0.1104,1,1,0,1,2,0.0598,0.0545,2,1,0
NCRB-SYNTH-110690,High Court,Sec 439 CrPC (Regular Bail),2,5,2,0,1,1,1,0,1,1,1,1,0.4333,1,80,1,0,0.0797,5,1.0676,141.52,0,20979.15,0.1384,1,1,0,0,9,0.2073,0.09,5,1,0
NCRB-SYNTH-110712,Trial Court,Writ Petition (Detention),1,4,2,0,1,1,1,0,1,1,1,0,0.6,0,52,0,1,0.0,5,1.0,32.48,0,41948.67,0.1947,1,1,0,1,4,0.0319,0.0198,2,1,0
NCRB-SYNTH-110717,Trial Court,Writ Petition (Detention),1,2,1,0,1,1,0,0,1,1,1,1,0.8122,0,145,1,1,0.0352,4,1.2969,153.04,0,103600.15,0.1268,0,0,1,0,4,0.0721,0.0448,2,1,1
NCRB-SYNTH-110720,Trial Court,Sec 439 CrPC (Regular Bail),2,3,2,0,1,1,1,0,1,1,1,0,0.5248,0,36,1,0,0.0693,8,1.1687,165.98,1,137660.2,0.0168,0,0,1,1,2,0.0914,0.0832,2,1,0
NCRB-SYNTH-110722,High Court,Writ Petition (Detention),1,3,1,0,1,1,0,1,1,1,1,0,0.8661,0,116,0,0,0.1212,1,1.1257,124.28,0,62230.34,0.0462,1,1,0,1,2,0.0503,0.0458,2,1,1
NCRB-SYNTH-110736,High Court,Writ Petition (Detention),7,2,1,0,1,1,0,0,1,1,1,1,0.5191,0,58,0,0,0.1323,4,1.0,137.71,0,88339.55,0.1157,1,1,0,1,1,0.0305,0.044,2,1,0
NCRB-SYNTH-110739,High Court,Writ Petition (Detention),1,3,1,0,1,1,0,0,1,1,1,1,0.8721,1,69,0,0,0.0499,6,1.291,145.14,0,98200.12,0.0871,1,1,0,0,16,0.0851,0.03,4,1,1
NCRB-SYNTH-110743,Trial Court,Writ Petition (Detention),1,4,2,0,1,1,0,1,1,1,1,1,0.569,0,101,1,1,0.1485,8,1.0817,160.05,1,143708.37,0.0075,1,1,0,1,38,0.2733,0.0746,4,1,0
NCRB-SYNTH-110759,Trial Court,Writ Petition (Detention),2,4,2,0,1,1,1,0,1,1,1,1,0.5409,1,158,0,0,0.1228,3,1.3379,160.77,0,43836.0,0.168,1,1,0,1,4,0.0342,0.0213,2,1,0
NCRB-SYNTH-110764,Trial Court,Writ Petition (Detention),1,3,2,0,1,1,1,0,1,1,1,0,0.4719,1,82,0,0,0.0909,1,1.0,74.56,1,121238.73,0.1535,0,0,1,0,4,0.0983,0.061,2,1,0
NCRB-SYNTH-110774,Trial Court,Writ Petition (Detention),1,5,2,0,1,1,0,0,1,1,1,1,0.8497,1,177,1,0,0.0,1,1.1432,151.33,0,136070.17,0.031,1,1,0,1,41,0.1589,0.0425,4,1,1
NCRB-SYNTH-110775,Trial Court,Sec 439 CrPC (Regular Bail),1,3,2,0,1,1,1,0,1,1,1,1,0.5793,1,155,1,0,0.1565,8,1.123,68.57,0,121101.1,0.048,0,0,1,1,2,0.027,0.0246,2,1,0
NCRB-SYNTH-110777,Trial Court,Writ Petition (Detention),2,5,2,0,1,1,0,0,1,1,1,0,0.84,1,112,1,1,0.1212,1,1.2813,99.19,0,95158.58,0.1436,1,1,0,1,9,0.2156,0.0936,5,1,1
NCRB-SYNTH-110780,High Court,Sec 482 CrPC (Quashing),4,3,1,0,1,1,1,0,1,1,1,1,0.897,1,90,0,0,0.1015,1,1.2904,135.95,0,77526.57,0.1569,1,1,0,1,44,0.3151,0.0828,4,1,1
NCRB-SYNTH-110787,Trial Court,Trial Judgment,1,2,2,0,1,1,0,0,1,1,1,1,0.5807,1,159,0,1,0.0768,6,1.0,70.5,0,97065.01,0.1284,1,1,0,1,4,0.1896,0.1178,5,1,0
NCRB-SYNTH-110790,High Court,Sec 439 CrPC (Regular Bail),1,4,2,0,1,1,0,1,1,1,1,1,0.4964,1,88,0,1,0.0636,1,1.0383,140.79,0,63855.0,0.1943,0,0,1,1,11,0.1694,0.0682,5,1,0
NCRB-SYNTH-110792,Trial Court,Writ Petition (Detention),1,3,2,0,1,1,0,0,1,1,1,1,0.5869,0,152,0,0,0.0308,1,1.1619,98.99,0,131377.42,0.1768,1,1,0,0,9,0.1361,0.0591,5,1,0
NCRB-SYNTH-110796,High Court,Trial Judgment,2,1,2,1,1,1,1,0,1,1,1,1,0.5171,1,120,0,0,0.0892,8,1.0,119.04,0,22154.8,0.0876,1,1,0,1,3,0.0671,0.0484,2,1,0
NCRB-SYNTH-110798,Supreme Court,Writ Petition (Detention),2,1,2,0,1,1,0,1,1,1,1,1,0.8744,0,90,1,0,0.0796,2,1.2276,132.01,0,130623.51,0.0788,1,1,0,0,1,0.0218,0.0314,2,1,1
NCRB-SYNTH-110807,High Court,Writ Petition (Detention),2,4,1,0,1,1,1,0,1,1,1,0,0.7826,0,128,0,0,0.0,7,1.058,100.02,1,42285.36,0.0569,0,0,1,1,8,0.141,0.0642,5,1,1
NCRB-SYNTH-110819,High Court,Trial Judgment,1,5,2,0,1,1,0,0,1,1,1,1,0.8866,1,100,0,0,0.0347,6,1.0502,85.71,0,30406.92,0.0892,0,0,1,1,6,0.0737,0.0379,5,1,1
NCRB-SYNTH-110831,High Court,Sec 439 CrPC (Regular Bail),2,4,2,0,1,1,1,0,1,1,1,1,0.7661,1,58,0,1,0.0018,1,1.1279,88.64,1,70148.24,0.0004,0,0,1,1,35,0.2223,0.062,4,1,1
NCRB-SYNTH-110834,Trial Court,Sec 482 CrPC (Quashing),1,1,2,0,1,1,1,0,1,1,1,1,0.8266,1,177,0,0,0.0075,4,1.1027,118.36,0,141359.93,0.0998,0,0,1,0,2,0.0453,0.0412,2,1,1
NCRB-SYNTH-110844,Trial Court,Sec 439 CrPC (Regular Bail),1,2,2,0,1,1,0,0,1,1,1,0,0.8294,0,112,1,1,0.0668,4,1.1809,72.08,0,140124.93,0.1953,1,1,0,0,4,0.0501,0.0311,2,1,1
NCRB-SYNTH-110855,High Court,Sec 439 CrPC (Regular Bail),4,4,1,0,1,1,0,0,1,1,1,1,0.6519,1,167,1,1,0.1515,9,1.2841,161.66,1,73673.61,0.0801,1,1,0,1,3,0.0934,0.0674,2,1,0
NCRB-SYNTH-110862,High Court,Writ Petition (Detention),1,1,2,0,1,1,0,0,1,1,1,1,0.5799,1,147,0,0,0.0918,2,1.3065,87.43,0,47132.62,0.011,1,1,0,1,1,0.0243,0.035,2,1,0
NCRB-SYNTH-110874,Supreme Court,Writ Petition (Detention),1,2,2,0,1,1,0,0,1,1,1,1,0.5218,0,46,0,1,0.0639,4,1.0208,122.37,1,88841.16,0.0341,1,1,0,1,3,0.0217,0.0156,2,1,0
NCRB-SYNTH-110876,Trial Court,Sec 482 CrPC (Quashing),2,3,2,0,1,1,0,1,1,1,1,0,0.8355,0,90,0,0,0.1012,3,1.0987,79.47,1,46323.63,0.1048,1,1,0,1,34,0.1342,0.0377,4,1,1
NCRB-SYNTH-110888,Trial Court,Trial Judgment,1,2,1,0,1,1,1,0,1,1,1,1,0.3896,1,41,0,0,0.1949,4,1.0,77.58,0,57462.37,0.0149,0,0,1,0,4,0.1489,0.0925,5,1,0
NCRB-SYNTH-110898,High Court,Writ Petition (Detention),1,4,1,0,1,1,1,0,1,1,1,1,0.8715,1,46,0,0,0.0718,2,1.0743,89.56,0,44522.4,0.0553,0,0,1,1,40,0.204,0.0549,4,1,1
NCRB-SYNTH-110900,High Court,Sec 439 CrPC (Regular Bail),1,1,1,0,1,1,1,0,1,1,1,0,0.7203,1,117,0,0,0.1088,7,1.0928,84.7,0,124385.82,0.0822,1,1,0,0,4,0.0176,0.0109,2,1,1
NCRB-SYNTH-110910,Trial Court,Writ Petition (Detention),2,5,1,0,1,1,1,0,1,1,1,1,0.6827,1,42,1,1,0.0364,9,1.0,76.74,0,109803.28,0.0121,1,1,0,1,33,0.0932,0.0264,4,1,0
NCRB-SYNTH-110913,Trial Court,Sec 482 CrPC (Quashing),4,1,2,0,1,1,1,1,1,1,1,1,0.5365,0,49,0,1,0.0611,8,1.2454,173.52,1,86808.3,0.1425,1,1,0,1,14,0.1748,0.0646,4,1,0
NCRB-SYNTH-110920,Trial Court,Sec 439 CrPC (Regular Bail),1,2,2,0,1,1,0,0,1,1,1,0,0.3654,0,94,1,1,0.1047,3,1.0,74.79,0,124084.22,0.1719,1,1,0,0,4,0.0943,0.0586,2,1,0
NCRB-SYNTH-110923,Trial Court,Sec 439 CrPC (Regular Bail),1,1,2,0,1,1,1,0,1,1,1,0,0.5899,1,47,0,0,0.1166,1,1.0457,95.11,0,69460.26,0.059,0,0,1,1,2,0.0866,0.0789,2,1,0
NCRB-SYNTH-110926,Trial Court,Writ Petition (Detention),2,1,2,0,1,1,1,0,1,1,1,1,0.4596,1,128,0,0,0.0577,7,1.0,46.78,0,127611.34,0.0488,1,1,0,1,1,0.0795,0.1147,2,1,0
NCRB-SYNTH-110933,Trial Court,Sec 482 CrPC (Quashing),15,5,1,1,1,1,1,0,1,1,1,1,0.6873,1,91,0,0,0.0294,3,1.1539,35.73,0,122712.56,0.0801,1,1,0,0,12,0.2576,0.1004,4,1,0
NCRB-SYNTH-110943,High Court,Sec 482 CrPC (Quashing),27,4,1,0,1,1,0,1,1,1,1,1,0.7735,1,47,1,0,0.061,8,1.3109,66.64,0,18355.3,0.0481,1,1,0,1,4,0.0632,0.0393,2,1,1
NCRB-SYNTH-110944,Trial Court,Writ Petition (Detention),4,2,1,0,1,1,1,1,1,1,1,1,0.8683,1,37,1,1,0.0612,8,1.2774,103.16,1,126367.52,0.0344,1,1,0,1,18,0.2854,0.0969,4,1,1
NCRB-SYNTH-110945,Trial Court,Writ Petition (Detention),1,1,2,0,1,1,1,0,1,1,1,0,0.7126,1,146,0,0,0.0,5,1.2271,105.23,0,22845.57,0.1306,1,1,0,0,4,0.159,0.0988,5,1,1
NCRB-SYNTH-110949,High Court,Sec 439 CrPC (Regular Bail),7,1,1,0,1,1,0,1,1,1,1,0,0.6586,1,109,0,0,0.0953,5,1.2731,81.4,0,116706.58,0.0113,1,1,0,1,4,0.0895,0.0556,2,1,0
NCRB-SYNTH-110953,High Court,Sec 482 CrPC (Quashing),1,1,2,0,1,1,1,1,1,1,1,1,0.6384,1,22,0,0,0.088,4,1.2636,119.88,1,142878.17,0.0983,1,1,0,1,40,0.2235,0.0602,4,1,0
NCRB-SYNTH-110961,Supreme Court,Writ Petition (Detention),15,2,2,0,1,1,0,0,1,1,1,1,0.4409,1,139,1,1,0.1341,6,1.0,134.66,0,48881.89,0.0835,1,1,0,1,40,0.2301,0.062,4,1,0
NCRB-SYNTH-110973,Trial Court,Sec 482 CrPC (Quashing),1,5,2,0,1,1,1,1,1,1,1,0,0.4243,1,103,1,0,0.138,4,1.0,101.9,1,141690.92,0.0054,1,1,0,1,3,0.0251,0.0181,2,1,0
NCRB-SYNTH-110985,High Court,Trial Judgment,1,3,2,0,1,1,0,0,1,1,1,0,0.5809,1,96,0,0,0.0756,7,1.2659,116.64,0,18040.28,0.0618,1,1,0,1,4,0.0788,0.0489,2,1,0
NCRB-SYNTH-110986,Trial Court,Writ Petition (Detention),1,2,1,0,1,1,1,0,1,1,1,1,0.9146,0,114,0,0,0.038,6,1.0,85.04,0,88831.43,0.0815,1,1,0,0,1,0.0986,0.1423,2,1,1
NCRB-SYNTH-110999,High Court,Sec 439 CrPC (Regular Bail),7,1,2,1,1,1,1,0,1,1,1,1,0.6272,1,173,0,1,0.0977,9,1.1757,30.78,0,105263.7,0.1835,1,1,0,0,2,0.0655,0.0596,2,1,0
NCRB-SYNTH-111004,High Court,Writ Petition (Detention),4,1,1,0,1,1,0,1,1,1,1,1,0.7643,1,153,1,1,0.1104,1,1.008,51.94,0,18940.93,0.0518,1,1,0,1,2,0.0245,0.0223,2,1,1
NCRB-SYNTH-111014,Trial Court,Writ Petition (Detention),2,1,1,0,1,1,1,0,1,1,1,1,0.9018,1,161,1,1,0.0696,3,1.2622,111.33,1,98042.62,0.0993,1,1,0,1,3,0.0175,0.0126,2,1,1
NCRB-SYNTH-111031,Trial Court,Writ Petition (Detention),1,5,2,0,1,1,0,0,1,1,1,1,0.8503,1,91,1,1,0.066,6,1.0,45.51,0,65528.52,0.1801,1,1,0,1,2,0.0934,0.085,2,1,1
NCRB-SYNTH-111038,Trial Court,Sec 482 CrPC (Quashing),2,1,1,0,1,1,1,0,1,1,1,1,0.9376,1,24,0,0,0.1984,7,1.2011,152.8,1,65240.55,0.106,1,1,0,0,2,0.0417,0.0379,2,1,1
NCRB-SYNTH-111056,High Court,Sec 439 CrPC (Regular Bail),1,2,2,0,1,1,0,0,1,1,1,0,0.4963,1,73,1,1,0.0805,9,1.0079,142.37,0,19130.9,0.1448,1,1,0,1,1,0.0938,0.1353,2,1,0
NCRB-SYNTH-111068,Trial Court,Writ Petition (Detention),2,3,1,0,1,1,1,1,1,1,1,0,0.96,0,142,0,0,0.049,7,1.2248,87.29,1,88339.86,0.102,0,0,1,1,2,0.0308,0.028,2,1,1
NCRB-SYNTH-111071,High Court,Sec 439 CrPC (Regular Bail),4,3,1,0,1,1,0,1,1,1,1,1,0.4131,1,112,0,0,0.041,6,1.0,124.19,1,19265.43,0.1647,1,1,0,0,1,0.0907,0.1308,2,1,0
NCRB-SYNTH-111075,Trial Court,Sec 482 CrPC (Quashing),1,5,2,0,1,1,0,0,1,1,1,1,0.7401,1,69,0,0,0.0357,1,1.2217,171.59,0,47374.37,0.0566,0,0,1,1,10,0.1806,0.0753,5,1,1
NCRB-SYNTH-111078,Trial Court,Writ Petition (Detention),15,3,1,0,1,1,1,1,1,1,1,0,0.4975,0,100,1,0,0.087,1,1.0531,176.86,0,23499.59,0.0164,1,1,0,0,17,0.2324,0.0804,4,1,0
NCRB-SYNTH-111082,Supreme Court,Sec 482 CrPC (Quashing),1,2,1,0,1,1,0,0,1,1,1,1,0.7448,1,148,1,1,0.0667,8,1.2613,105.22,0,52945.26,0.0069,1,1,0,1,7,0.1442,0.0693,5,1,1
NCRB-SYNTH-111094,High Court,Sec 439 CrPC (Regular Bail),1,3,2,0,1,1,1,1,1,1,1,0,0.4344,0,124,0,0,0.056,6,1.0841,164.99,0,46761.57,0.1114,1,1,0,0,8,0.0501,0.0228,5,1,0
NCRB-SYNTH-111096,High Court,Sec 439 CrPC (Regular Bail),4,2,1,0,1,1,1,1,1,1,1,1,0.5901,1,52,0,1,0.0391,2,1.0285,170.55,0,101085.06,0.1835,1,1,0,1,3,0.0685,0.0494,2,1,0
NCRB-SYNTH-111101,Trial Court,Sec 439 CrPC (Regular Bail),1,3,1,0,1,1,0,0,1,1,1,1,0.8946,1,149,0,0,0.0884,5,1.2688,136.32,1,105071.21,0.0813,1,1,0,1,27,0.1447,0.0434,4,1,1
NCRB-SYNTH-111109,Trial Court,Writ Petition (Detention),1,2,1,0,1,1,1,1,1,1,1,0,0.4205,1,12,0,0,0.045,4,1.2061,44.91,1,99872.22,0.0116,1,1,0,1,8,0.1709,0.0778,5,1,0
NCRB-SYNTH-111112,Trial Court,Sec 439 CrPC (Regular Bail),2,1,2,0,1,1,1,0,1,1,1,1,0.8619,1,99,1,0,0.111,5,1.0503,45.68,0,69464.71,0.1873,1,1,0,1,29,0.1937,0.0569,4,1,1
NCRB-SYNTH-111122,Trial Court,Writ Petition (Detention),1,2,1,0,1,1,1,0,1,1,1,1,0.6853,1,29,1,1,0.0912,6,1.3738,145.1,1,84216.7,0.0625,1,1,0,0,4,0.0458,0.0284,2,1,0
NCRB-SYNTH-111132,Trial Court,Sec 439 CrPC (Regular Bail),2,3,1,0,1,1,1,0,1,1,1,1,0.7887,1,80,0,0,0.0,2,1.0,32.26,0,93495.35,0.057,1,1,0,1,1,0.0548,0.079,2,1,1
NCRB-SYNTH-111133,High Court,Trial Judgment,15,2,1,0,1,1,0,1,1,1,1,1,0.7321,1,46,0,0,0.1908,2,1.1135,117.31,0,102213.35,0.1156,1,1,0,0,3,0.0541,0.039,2,1,1
NCRB-SYNTH-111137,Trial Court,Writ Petition (Detention),7,2,2,0,1,1,0,0,1,1,1,1,0.6389,0,34,0,0,0.0616,9,1.0353,171.83,0,92267.69,0.1721,0,0,1,1,36,0.2044,0.0566,4,1,0
NCRB-SYNTH-111143,Trial Court,Sec 482 CrPC (Quashing),2,4,1,0,1,1,0,0,1,1,1,1,0.8742,1,61,0,0,0.0672,3,1.1485,45.36,1,18958.6,0.1389,1,1,0,1,3,0.0199,0.0144,2,1,1
NCRB-SYNTH-111148,Trial Court,Sec 439 CrPC (Regular Bail),2,5,2,1,1,1,0,0,1,1,1,1,0.577,1,127,1,0,0.096,7,1.0272,136.43,0,34590.8,0.0152,1,1,0,0,25,0.0855,0.0262,4,1,0
NCRB-SYNTH-111156,Trial Court,Sec 439 CrPC (Regular Bail),1,3,1,0,1,1,1,1,1,1,1,1,0.7434,1,94,0,0,0.1838,4,1.114,61.4,1,96887.59,0.1905,1,1,0,1,1,0.0791,0.1141,2,1,1
NCRB-SYNTH-111161,High Court,Writ Petition (Detention),1,5,2,0,1,1,0,0,1,1,1,1,0.8089,1,27,1,1,0.0932,4,1.0117,168.49,0,123970.6,0.0019,1,1,0,1,38,0.2911,0.0795,4,1,1
NCRB-SYNTH-111162,Trial Court,Trial Judgment,2,4,2,0,1,1,1,1,1,1,1,1,0.5546,1,128,0,0,0.1058,5,1.1746,64.47,0,112939.72,0.0482,1,1,0,0,41,0.2135,0.0571,4,1,0
NCRB-SYNTH-111165,Trial Court,Sec 439 CrPC (Regular Bail),1,5,2,0,1,1,0,0,1,1,1,1,0.5619,0,153,1,0,0.0784,3,1.1261,60.82,0,15581.42,0.0322,1,1,0,1,2,0.0919,0.0837,2,1,0
NCRB-SYNTH-111168,Trial Court,Writ Petition (Detention),1,2,2,0,1,1,0,0,1,1,1,0,0.8778,0,79,1,1,0.0828,3,1.0,93.74,1,100154.59,0.161,1,1,0,1,3,0.0398,0.0287,2,1,1
NCRB-SYNTH-111189,High Court,Writ Petition (Detention),4,1,2,0,1,1,0,0,1,1,1,1,0.7166,1,73,0,0,0.0611,4,1.0,168.84,1,122423.52,0.1044,1,1,0,1,9,0.1926,0.0836,5,1,1
NCRB-SYNTH-111193,High Court,Sec 439 CrPC (Regular Bail),15,5,1,0,1,1,0,0,1,1,1,0,0.9271,1,142,0,1,0.0924,3,1.1355,63.86,0,85097.06,0.0009,1,1,0,1,5,0.0715,0.0399,5,1,1
NCRB-SYNTH-111196,High Court,Writ Petition (Detention),2,4,2,0,1,1,1,0,1,1,1,0,0.6375,1,58,1,1,0.074,6,1.1058,33.62,0,87213.69,0.1354,1,1,0,1,9,0.2183,0.0948,5,1,0
NCRB-SYNTH-111198,Trial Court,Writ Petition (Detention),2,4,2,0,1,1,0,1,1,1,1,0,0.6147,1,62,0,0,0.0496,4,1.0,177.68,0,42069.37,0.0311,0,0,1,0,3,0.0236,0.017,2,1,0
NCRB-SYNTH-111201,Trial Court,Sec 482 CrPC (Quashing),4,5,1,0,1,1,1,0,1,1,1,1,0.7551,1,144,0,0,0.117,9,1.1133,153.16,0,20200.49,0.0707,1,1,0,1,4,0.1127,0.07,5,1,1
NCRB-SYNTH-111208,High Court,Sec 439 CrPC (Regular Bail),4,5,1,0,1,1,0,0,1,1,1,0,0.9503,1,83,0,0,0.1339,8,1.1673,102.25,1,147417.44,0.1515,1,1,0,0,1,0.0423,0.061,2,1,1
NCRB-SYNTH-111216,Supreme Court,Sec 439 CrPC (Regular Bail),15,1,2,0,1,1,1,1,1,1,1,1,0.593,1,34,0,0,0.0321,8,1.0697,106.5,0,49339.76,0.0416,0,0,1,0,7,0.1685,0.081,5,1,0
NCRB-SYNTH-111229,Supreme Court,Writ Petition (Detention),4,4,1,0,1,1,1,0,1,1,1,0,0.7456,1,171,0,1,0.0778,6,1.0,87.39,0,142497.94,0.1601,0,0,1,0,8,0.2227,0.1013,5,1,1
NCRB-SYNTH-111240,High Court,Sec 439 CrPC (Regular Bail),4,5,1,1,1,1,1,1,1,1,1,0,0.8008,0,42,0,1,0.0697,8,1.164,160.13,0,31775.71,0.0724,0,0,1,1,2,0.0289,0.0263,2,1,1
NCRB-SYNTH-111241,Trial Court,Trial Judgment,2,2,1,0,1,1,1,0,1,1,1,1,0.6377,1,134,0,1,0.0838,3,1.0307,154.29,0,45308.94,0.0096,1,1,0,1,41,0.1742,0.0466,4,1,0
NCRB-SYNTH-111255,High Court,Writ Petition (Detention),1,3,1,0,1,1,1,1,1,1,1,0,0.9039,1,170,0,0,0.1581,2,1.0092,116.97,0,120584.43,0.1031,0,0,1,1,3,0.0901,0.065,2,1,1
NCRB-SYNTH-111260,High Court,Sec 439 CrPC (Regular Bail),1,2,1,0,1,1,1,1,1,1,1,1,0.9424,1,133,0,0,0.0609,6,1.0,36.35,0,126461.22,0.0825,0,0,1,0,6,0.0703,0.0361,5,1,1
NCRB-SYNTH-111261,High Court,Trial Judgment,1,5,2,0,1,1,1,0,1,1,1,1,0.5028,1,32,0,0,0.0314,3,1.1922,166.0,1,73514.67,0.008,1,1,0,0,3,0.0251,0.0181,2,1,0
NCRB-SYNTH-111262,Trial Court,Sec 439 CrPC (Regular Bail),1,2,2,0,1,1,1,1,1,1,1,1,0.8352,1,102,1,1,0.0,4,1.1361,137.9,1,64379.62,0.1188,1,1,0,0,1,0.0265,0.0382,2,1,1
NCRB-SYNTH-111268,Trial Court,Sec 439 CrPC (Regular Bail),2,3,1,0,1,1,1,0,1,1,1,0,0.4473,1,127,1,0,0.0553,6,1.0749,65.05,0,66733.2,0.0148,1,1,0,0,4,0.018,0.0112,2,1,0
NCRB-SYNTH-111270,Trial Court,Writ Petition (Detention),27,4,2,0,1,1,1,0,1,1,1,1,0.7665,1,100,0,0,0.1201,7,1.0,150.11,0,117373.32,0.067,1,1,0,0,41,0.1813,0.0485,4,1,1
NCRB-SYNTH-111276,Trial Court,Sec 482 CrPC (Quashing),7,5,1,0,1,1,1,0,1,1,1,1,0.8977,1,50,0,0,0.0267,6,1.2273,62.7,0,61434.18,0.1144,0,0,1,1,3,0.0728,0.0525,2,1,1
NCRB-SYNTH-111277,Trial Court,Sec 482 CrPC (Quashing),27,1,2,0,1,1,0,1,1,1,1,1,0.5134,1,106,0,0,0.0696,4,1.1503,141.75,0,104450.55,0.0198,1,1,0,0,4,0.0515,0.032,2,1,0
NCRB-SYNTH-111281,High Court,Sec 439 CrPC (Regular Bail),1,3,1,0,1,1,0,0,1,1,1,0,0.76,1,139,0,0,0.0554,9,1.0465,41.9,0,41000.26,0.0625,1,1,0,0,1,0.0703,0.1014,2,1,1
NCRB-SYNTH-111282,Trial Court,Trial Judgment,7,1,1,0,1,1,1,1,1,1,1,1,0.5193,1,139,0,1,0.1219,5,1.0,151.05,0,82762.32,0.1534,1,1,0,0,1,0.0774,0.1116,2,1,0
NCRB-SYNTH-111288,Trial Court,Writ Petition (Detention),2,2,2,0,1,1,1,0,1,1,1,1,0.7476,0,77,0,0,0.0747,2,1.0316,66.23,1,31245.64,0.0467,1,1,0,1,2,0.043,0.0391,2,1,1
NCRB-SYNTH-111292,Trial Court,Writ Petition (Detention),21,4,2,0,1,1,1,0,1,1,1,1,0.6992,0,136,1,1,0.0637,7,1.1836,95.54,1,65942.47,0.1044,1,1,0,1,8,0.0913,0.0415,5,1,0
NCRB-SYNTH-111300,Trial Court,Writ Petition (Detention),4,2,1,0,1,1,1,0,1,1,1,0,0.8938,0,119,1,1,0.0017,5,1.0988,105.92,0,113076.84,0.0059,1,1,0,1,20,0.0807,0.0265,4,1,1
NCRB-SYNTH-111323,Supreme Court,Sec 439 CrPC (Regular Bail),4,3,2,0,1,1,0,0,1,1,1,0,0.8494,1,40,1,1,0.1723,4,1.0513,53.79,0,109971.44,0.0509,1,1,0,0,9,0.1497,0.065,5,1,1
NCRB-SYNTH-111326,Trial Court,Writ Petition (Detention),1,5,1,0,1,1,0,1,1,1,1,0,0.7011,1,155,0,0,0.0358,4,1.0973,158.3,1,35101.55,0.0792,1,1,0,1,3,0.0386,0.0278,2,1,1
NCRB-SYNTH-111337,Trial Court,Sec 439 CrPC (Regular Bail),1,2,2,0,1,1,1,0,1,1,1,1,0.6453,0,38,0,0,0.0622,7,1.0,176.86,1,84608.02,0.1822,1,1,0,1,43,0.1086,0.0287,4,1,0
NCRB-SYNTH-111353,High Court,Writ Petition (Detention),2,1,2,0,1,1,1,1,1,1,1,1,0.8386,1,52,0,0,0.0556,5,1.0,64.16,0,98019.34,0.1862,1,1,0,0,4,0.0961,0.0597,5,1,1
NCRB-SYNTH-111365,High Court,Sec 482 CrPC (Quashing),1,5,1,0,1,1,1,1,1,1,1,1,0.8141,1,55,0,1,0.0549,9,1.3388,84.97,1,59423.16,0.1981,1,1,0,1,35,0.2514,0.0702,4,1,1
NCRB-SYNTH-111369,Trial Court,Writ Petition (Detention),2,4,1,0,1,1,1,0,1,1,1,0,0.809,1,158,0,0,0.0434,6,1.302,36.87,0,19291.71,0.0389,1,1,0,0,32,0.1324,0.0379,4,1,1
NCRB-SYNTH-111372,High Court,Sec 439 CrPC (Regular Bail),15,2,2,0,1,1,0,0,1,1,1,1,0.5475,1,135,0,0,0.0572,4,1.0501,96.94,0,67834.79,0.152,1,1,0,1,4,0.0192,0.0119,2,1,0
NCRB-SYNTH-111379,High Court,Sec 482 CrPC (Quashing),1,4,2,0,1,1,1,0,1,1,1,0,0.5416,1,84,1,1,0.031,7,1.0,108.35,0,72946.4,0.0741,1,1,0,1,42,0.2522,0.0671,4,1,0
NCRB-SYNTH-111385,High Court,Trial Judgment,2,5,1,0,1,1,0,0,1,1,1,1,0.8455,1,55,0,0,0.1146,5,1.0324,97.74,1,83772.05,0.0944,1,1,0,1,4,0.0407,0.0253,2,1,1
NCRB-SYNTH-111396,Trial Court,Sec 482 CrPC (Quashing),2,3,1,1,1,1,0,1,1,1,1,0,0.6995,0,169,0,0,0.1389,3,1.1246,170.73,0,61578.78,0.0786,1,1,0,1,5,0.0902,0.0503,5,1,0
NCRB-SYNTH-111399,Supreme Court,Writ Petition (Detention),1,1,2,0,1,1,1,1,1,1,1,1,0.5608,1,39,0,0,0.1244,5,1.0643,40.46,0,70966.63,0.1236,0,0,1,1,9,0.2169,0.0942,5,1,0
NCRB-SYNTH-111416,Trial Court,Writ Petition (Detention),4,2,2,0,1,1,1,1,1,1,1,1,0.7866,1,137,0,0,0.1049,4,1.0414,161.02,1,95864.91,0.0086,1,1,0,1,38,0.0809,0.0221,4,1,1
NCRB-SYNTH-111422,Trial Court,Trial Judgment,1,5,2,0,1,1,1,1,1,1,1,0,0.8677,1,102,1,1,0.1013,3,1.1099,93.43,0,17741.12,0.0544,1,1,0,0,22,0.232,0.074,4,1,1
NCRB-SYNTH-111441,Trial Court,Sec 439 CrPC (Regular Bail),4,4,2,0,1,1,0,0,1,1,1,0,0.6708,1,43,1,1,0.0439,3,1.1717,178.79,0,77314.79,0.0619,1,1,0,1,2,0.0501,0.0456,2,1,0
NCRB-SYNTH-111443,Trial Court,Writ Petition (Detention),1,1,1,0,1,1,1,0,1,1,1,1,0.3943,1,42,1,1,0.0638,6,1.0,152.36,1,64612.6,0.0806,1,1,0,1,4,0.099,0.0615,2,1,0
NCRB-SYNTH-111458,High Court,Sec 439 CrPC (Regular Bail),1,2,1,0,1,1,1,0,1,1,1,0,0.513,1,47,1,1,0.0325,4,1.0641,35.99,0,136434.37,0.0622,1,1,0,1,2,0.0964,0.0878,2,1,0
NCRB-SYNTH-111461,Trial Court,Sec 482 CrPC (Quashing),2,1,1,0,1,1,1,1,1,1,1,1,0.7213,0,159,1,1,0.0648,6,1.294,104.02,0,98514.24,0.1496,1,1,0,1,2,0.0624,0.0568,2,1,1
NCRB-SYNTH-111464,Trial Court,Writ Petition (Detention),2,2,1,0,1,1,1,0,1,1,1,1,0.4519,1,85,1,1,0.0719,5,1.0,78.16,0,132552.56,0.1928,1,1,0,1,2,0.0513,0.0467,2,1,0
NCRB-SYNTH-111469,Trial Court,Writ Petition (Detention),1,1,1,0,1,1,0,0,1,1,1,1,0.6915,1,103,0,0,0.0925,9,1.0,93.2,0,74170.68,0.0159,1,1,0,1,20,0.3032,0.0996,4,1,0
NCRB-SYNTH-111472,Trial Court,Sec 439 CrPC (Regular Bail),2,1,1,1,1,1,0,1,1,1,1,0,0.7918,1,83,0,0,0.0357,6,1.0759,41.0,0,21807.52,0.1553,1,1,0,1,2,0.046,0.0419,2,1,1
NCRB-SYNTH-111479,High Court,Writ Petition (Detention),1,1,1,0,1,1,1,1,1,1,1,1,0.7281,1,167,1,1,0.0919,7,1.0008,157.67,0,29776.97,0.1805,0,0,1,1,3,0.0481,0.0347,2,1,1
NCRB-SYNTH-111487,Trial Court,Writ Petition (Detention),7,1,2,0,1,1,1,1,1,1,1,0,0.6252,1,85,0,1,0.0881,5,1.1959,136.17,1,149911.92,0.0801,1,1,0,1,27,0.1189,0.0357,4,1,0
NCRB-SYNTH-111492,High Court,Writ Petition (Detention),1,3,2,0,1,1,1,0,1,1,1,0,0.4571,1,21,1,1,0.0697,6,1.0087,123.34,1,30558.95,0.1108,1,1,0,0,4,0.0578,0.0359,2,1,0
NCRB-SYNTH-111499,High Court,Writ Petition (Detention),1,3,1,0,1,1,0,0,1,1,1,0,0.9397,1,104,0,0,0.0802,3,1.0382,165.24,0,148295.51,0.1896,1,1,0,1,29,0.2567,0.0755,4,1,1
NCRB-SYNTH-111501,High Court,Sec 482 CrPC (Quashing),7,4,2,0,1,1,0,0,1,1,1,0,0.5178,1,113,0,0,0.0568,3,1.1199,132.62,1,23232.95,0.1531,1,1,0,0,1,0.0566,0.0817,2,1,0
NCRB-SYNTH-111504,High Court,Writ Petition (Detention),7,1,2,0,1,1,1,1,1,1,1,1,0.551,1,16,0,0,0.1239,6,1.0,73.54,0,53455.0,0.0226,1,1,0,0,5,0.1913,0.1068,5,1,0
NCRB-SYNTH-111509,Trial Court,Writ Petition (Detention),1,4,1,0,1,1,1,0,1,1,1,1,0.6235,1,141,0,1,0.1093,9,1.1411,59.27,0,136656.22,0.1131,1,1,0,1,31,0.1602,0.0462,4,1,0
NCRB-SYNTH-111510,High Court,Trial Judgment,7,1,2,0,1,1,1,1,1,1,1,0,0.5045,1,62,0,0,0.0711,9,1.0,177.09,0,28728.49,0.0433,1,1,0,0,1,0.0541,0.0781,2,1,0
NCRB-SYNTH-111523,High Court,Writ Petition (Detention),2,5,2,0,1,1,0,0,1,1,1,1,0.8102,1,63,0,0,0.0483,2,1.0831,118.72,0,32970.48,0.12,0,0,1,1,4,0.0137,0.0085,2,1,1
NCRB-SYNTH-111562,High Court,Writ Petition (Detention),2,5,1,0,1,1,0,0,1,1,1,0,0.9287,1,56,1,0,0.065,8,1.0238,113.29,1,132415.13,0.1302,0,0,1,1,1,0.0349,0.0504,2,1,1
NCRB-SYNTH-111566,Supreme Court,Sec 482 CrPC (Quashing),1,3,2,0,1,1,1,0,1,1,1,1,0.5184,1,46,0,1,0.0717,1,1.1852,112.79,1,131772.7,0.0194,1,1,0,1,8,0.0555,0.0253,5,1,0
NCRB-SYNTH-111571,High Court,Sec 482 CrPC (Quashing),1,5,2,0,1,1,1,1,1,1,1,0,0.6594,1,11,0,0,0.1008,8,1.0643,129.86,0,103599.26,0.1082,1,1,0,1,5,0.082,0.0458,5,1,0
NCRB-SYNTH-111574,High Court,Sec 439 CrPC (Regular Bail),1,1,2,0,1,1,0,1,1,1,1,0,0.7159,1,75,0,0,0.0706,3,1.0,174.58,0,109253.82,0.1862,1,1,0,1,4,0.0682,0.0424,2,1,1
NCRB-SYNTH-111582,High Court,Writ Petition (Detention),1,3,2,0,1,1,0,1,1,1,1,1,0.5419,1,144,0,0,0.1532,1,1.0322,47.31,0,112060.7,0.1956,1,1,0,1,1,0.0574,0.0828,2,1,0
NCRB-SYNTH-111593,Trial Court,Sec 439 CrPC (Regular Bail),1,3,1,0,1,1,0,0,1,1,1,1,0.7716,0,177,0,0,0.0858,1,1.0,63.66,0,136596.59,0.0874,1,1,0,1,2,0.0157,0.0143,2,1,1
NCRB-SYNTH-111594,Trial Court,Sec 439 CrPC (Regular Bail),4,4,1,0,1,1,0,1,1,1,1,0,0.7023,1,167,0,0,0.0841,6,1.0923,69.45,0,114259.75,0.02,1,1,0,1,36,0.2416,0.0669,4,1,1
NCRB-SYNTH-111599,Trial Court,Sec 439 CrPC (Regular Bail),1,5,2,0,1,1,1,0,1,1,1,1,0.6902,1,101,0,0,0.0686,1,1.0999,103.21,0,74612.99,0.0387,1,1,0,0,4,0.0548,0.0341,5,1,0
NCRB-SYNTH-111612,Trial Court,Writ Petition (Detention),1,3,1,0,1,1,1,1,1,1,1,1,0.7668,1,164,0,0,0.0006,5,1.0,112.88,1,44017.64,0.0199,1,1,0,1,4,0.025,0.0155,2,1,1
NCRB-SYNTH-111613,High Court,Writ Petition (Detention),7,5,1,0,1,1,1,0,1,1,1,1,0.6796,1,157,0,0,0.0859,6,1.0201,95.02,0,95111.46,0.0965,1,1,0,0,7,0.1555,0.0748,5,1,0
NCRB-SYNTH-111617,High Court,Sec 482 CrPC (Quashing),7,3,1,0,1,1,1,1,1,1,1,1,0.601,1,101,0,0,0.0651,3,1.0458,70.31,1,148929.2,0.1271,1,1,0,0,4,0.0997,0.0619,2,1,0
NCRB-SYNTH-111622,High Court,Sec 439 CrPC (Regular Bail),2,1,1,0,1,1,0,0,1,1,1,0,0.871,1,81,1,1,0.0625,1,1.0448,127.42,0,142396.11,0.0136,0,0,1,1,9,0.1798,0.0781,5,1,1
NCRB-SYNTH-111629,Supreme Court,Sec 482 CrPC (Quashing),1,3,1,1,1,1,1,0,1,1,1,0,0.6351,1,17,0,0,0.0249,1,1.1457,75.96,0,120414.86,0.0115,0,0,1,1,1,0.0648,0.0935,2,1,0
NCRB-SYNTH-111635,Trial Court,Writ Petition (Detention),2,4,1,1,1,1,1,0,1,1,1,1,0.6217,1,90,0,0,0.1187,7,1.0496,157.29,0,49817.01,0.1428,1,1,0,0,11,0.1253,0.0504,5,1,0
NCRB-SYNTH-111645,High Court,Writ Petition (Detention),7,5,1,0,1,1,1,1,1,1,1,0,0.4189,1,54,1,1,0.0941,7,1.2067,33.82,0,61219.01,0.1833,1,1,0,0,2,0.044,0.0401,2,1,0
NCRB-SYNTH-111660,Trial Court,Sec 439 CrPC (Regular Bail),1,1,2,0,1,1,1,1,1,1,1,0,0.829,1,146,0,0,0.1406,7,1.1513,107.82,1,75096.44,0.0578,1,1,0,1,3,0.0537,0.0387,2,1,1
NCRB-SYNTH-111671,Trial Court,Sec 439 CrPC (Regular Bail),2,3,2,0,1,1,0,1,1,1,1,1,0.9111,1,136,0,0,0.0883,7,1.077,30.76,0,93494.21,0.0148,1,1,0,1,3,0.0717,0.0517,2,1,1
NCRB-SYNTH-111673,Trial Court,Writ Petition (Detention),4,2,2,0,1,1,1,0,1,1,1,1,0.3808,1,176,1,1,0.1038,3,1.0657,119.89,0,54091.49,0.083,0,0,1,1,2,0.0216,0.0197,2,1,0
NCRB-SYNTH-111676,High Court,Writ Petition (Detention),21,2,1,0,1,1,0,1,1,1,1,0,0.9372,1,126,0,0,0.0,5,1.111,177.48,0,16404.51,0.0789,1,1,0,1,5,0.1764,0.0984,5,1,1
NCRB-SYNTH-111677,Trial Court,Sec 482 CrPC (Quashing),2,1,1,0,1,1,1,1,1,1,1,1,0.8463,1,174,0,0,0.11,8,1.0129,80.51,0,60757.63,0.1343,0,0,1,1,3,0.0857,0.0619,2,1,1
NCRB-SYNTH-111680,High Court,Sec 482 CrPC (Quashing),1,5,1,0,1,1,1,0,1,1,1,1,0.64,1,142,1,1,0.0765,3,1.0709,162.22,1,107786.82,0.1368,1,1,0,1,5,0.1421,0.0793,5,1,0
NCRB-SYNTH-111682,Trial Court,Sec 439 CrPC (Regular Bail),1,2,1,0,1,1,1,0,1,1,1,0,0.7689,0,140,1,1,0.1374,1,1.2711,56.93,1,87771.71,0.1621,0,0,1,0,35,0.3146,0.0878,4,1,1
NCRB-SYNTH-111684,Trial Court,Sec 439 CrPC (Regular Bail),2,4,2,0,1,1,1,1,1,1,1,1,0.7577,1,159,0,0,0.1283,6,1.1724,121.52,0,42304.82,0.0485,1,1,0,1,4,0.0115,0.0072,2,1,1
NCRB-SYNTH-111689,Trial Court,Sec 439 CrPC (Regular Bail),1,4,2,0,1,1,1,0,1,1,1,0,0.5491,1,86,1,0,0.0975,2,1.0151,116.77,0,30047.86,0.0002,1,1,0,0,10,0.1735,0.0724,5,1,0
NCRB-SYNTH-111691,Trial Court,Writ Petition (Detention),1,4,1,0,1,1,1,1,1,1,1,1,0.6204,1,150,0,0,0.009,3,1.1459,129.81,0,107774.64,0.0251,1,1,0,0,23,0.14,0.044,4,1,0
NCRB-SYNTH-111695,High Court,Sec 439 CrPC (Regular Bail),21,5,1,0,1,1,1,0,1,1,1,0,0.7908,1,147,0,0,0.1416,6,1.1432,153.96,0,24222.88,0.0427,1,1,0,1,44,0.1375,0.0361,4,1,1
NCRB-SYNTH-111696,Trial Court,Trial Judgment,1,2,2,0,1,1,1,0,1,1,1,1,0.7985,1,139,0,0,0.0923,6,1.1609,139.21,0,51404.81,0.0302,1,1,0,1,3,0.059,0.0425,2,1,1
NCRB-SYNTH-111704,Supreme Court,Trial Judgment,4,1,2,1,1,1,0,0,1,1,1,1,0.5806,1,17,0,1,0.0969,7,1.0,37.21,1,100619.79,0.0735,1,1,0,0,23,0.289,0.0909,4,1,0
NCRB-SYNTH-111715,Supreme Court,Sec 439 CrPC (Regular Bail),4,1,1,0,1,1,1,1,1,1,1,1,0.6109,1,157,0,0,0.0556,9,1.1397,178.81,0,61748.98,0.0632,1,1,0,0,3,0.0723,0.0522,2,1,0
NCRB-SYNTH-111719,Supreme Court,Writ Petition (Detention),2,2,1,0,1,1,0,1,1,1,1,0,0.482,1,30,0,1,0.0144,3,1.0104,130.56,1,71633.29,0.1739,1,1,0,1,4,0.2423,0.1505,5,1,0
NCRB-SYNTH-111720,Trial Court,Sec 439 CrPC (Regular Bail),1,1,2,0,1,1,1,0,1,1,1,0,0.4604,1,95,0,1,0.0274,1,1.0038,150.15,1,32429.76,0.1662,1,1,0,1,24,0.0807,0.0251,4,1,0
NCRB-SYNTH-111732,High Court,Sec 439 CrPC (Regular Bail),1,3,1,0,1,1,0,0,1,1,1,0,0.7747,1,62,1,1,0.0,6,1.0092,71.81,0,102177.43,0.0469,1,1,0,0,10,0.2287,0.0954,5,1,1
NCRB-SYNTH-111733,Trial Court,Sec 439 CrPC (Regular Bail),7,4,2,0,1,1,1,0,1,1,1,1,0.8846,0,28,1,1,0.0396,1,1.178,64.67,0,30894.71,0.1305,1,1,0,1,1,0.0705,0.1017,2,1,1
NCRB-SYNTH-111740,Trial Court,Writ Petition (Detention),1,3,1,0,1,1,0,0,1,1,1,1,0.4594,1,77,1,1,0.0726,5,1.1557,105.69,0,57889.84,0.1238,0,0,1,0,7,0.131,0.063,5,1,0
NCRB-SYNTH-111741,Trial Court,Trial Judgment,1,2,1,0,1,1,0,0,1,1,1,1,0.7035,1,99,1,1,0.0292,7,1.2257,178.7,0,128851.18,0.1311,0,0,1,1,41,0.1829,0.0489,4,1,1
NCRB-SYNTH-111743,High Court,Sec 482 CrPC (Quashing),1,4,2,0,1,1,1,1,1,1,1,1,0.757,1,20,0,0,0.0087,9,1.0297,80.84,0,37277.52,0.0766,1,1,0,1,11,0.0698,0.0281,5,1,1
NCRB-SYNTH-111749,Trial Court,Writ Petition (Detention),1,1,1,0,1,1,1,0,1,1,1,1,0.401,1,119,1,1,0.0392,6,1.0591,44.12,0,28792.61,0.0487,1,1,0,0,7,0.1761,0.0847,5,1,0
NCRB-SYNTH-111754,Trial Court,Writ Petition (Detention),2,1,1,0,1,1,0,0,1,1,1,0,0.7193,1,163,1,1,0.0112,8,1.2285,171.91,0,22119.69,0.0634,1,1,0,0,38,0.3055,0.0834,4,1,1
NCRB-SYNTH-111764,Trial Court,Sec 439 CrPC (Regular Bail),1,2,2,0,1,1,1,0,1,1,1,0,0.447,0,79,1,1,0.1083,4,1.0,164.36,0,37560.0,0.1432,1,1,0,0,34,0.2771,0.0779,4,1,0
NCRB-SYNTH-111767,Trial Court,Sec 482 CrPC (Quashing),2,1,2,0,1,1,1,1,1,1,1,1,0.9056,1,164,0,0,0.0613,8,1.0939,139.16,1,126060.92,0.0064,1,1,0,1,16,0.3031,0.107,4,1,1
NCRB-SYNTH-111773,Trial Court,Writ Petition (Detention),1,3,1,0,1,1,1,0,1,1,1,0,0.4548,1,175,1,1,0.0483,5,1.1801,173.42,0,44060.82,0.1282,1,1,0,1,6,0.1268,0.0651,5,1,0
NCRB-SYNTH-111774,High Court,Sec 439 CrPC (Regular Bail),1,3,1,0,1,1,0,0,1,1,1,1,0.8676,1,90,0,0,0.0402,4,1.2533,165.92,1,100919.24,0.134,1,1,0,1,42,0.2574,0.0684,4,1,1
NCRB-SYNTH-111776,Trial Court,Sec 439 CrPC (Regular Bail),4,4,2,0,1,1,1,1,1,1,1,0,0.5042,0,98,0,0,0.035,6,1.3688,117.72,0,84511.77,0.1524,1,1,0,1,6,0.1584,0.0814,5,1,0
NCRB-SYNTH-111781,High Court,Sec 439 CrPC (Regular Bail),1,3,2,0,1,1,1,1,1,1,1,1,0.9233,0,23,0,0,0.0465,5,1.0346,152.99,0,90247.96,0.098,1,1,0,0,25,0.1448,0.0444,4,1,1
NCRB-SYNTH-111797,High Court,Writ Petition (Detention),1,2,1,0,1,1,1,1,1,1,1,1,0.7263,0,125,1,1,0.0866,7,1.3409,140.15,1,44207.25,0.1565,1,1,0,0,11,0.1528,0.0615,5,1,1
NCRB-SYNTH-111815,High Court,Sec 439 CrPC (Regular Bail),15,5,2,0,1,1,1,0,1,1,1,1,0.9108,1,75,0,0,0.1533,1,1.1382,65.87,0,21181.68,0.1883,0,0,1,1,11,0.223,0.0898,5,1,1
NCRB-SYNTH-111818,Trial Court,Writ Petition (Detention),2,1,2,0,1,1,1,0,1,1,1,1,0.6806,1,127,0,0,0.1135,2,1.0587,43.03,0,78734.61,0.086,1,1,0,1,42,0.0964,0.0256,4,1,0
NCRB-SYNTH-111820,High Court,Writ Petition (Detention),27,2,2,0,1,1,0,1,1,1,1,1,0.8222,1,28,0,0,0.0122,1,1.0923,35.4,0,122451.75,0.1992,1,1,0,1,45,0.1501,0.0392,4,1,1
NCRB-SYNTH-111826,Trial Court,Writ Petition (Detention),2,3,2,0,1,1,1,1,1,1,1,1,0.6979,1,44,0,1,0.0149,1,1.0,49.56,1,62598.12,0.1242,1,1,0,1,2,0.0934,0.085,2,1,0
NCRB-SYNTH-111827,Trial Court,Sec 439 CrPC (Regular Bail),15,4,2,0,1,1,1,0,1,1,1,1,0.9401,1,150,0,1,0.0616,5,1.2175,145.31,0,28115.74,0.047,0,0,1,1,38,0.146,0.0399,4,1,1
NCRB-SYNTH-111849,High Court,Writ Petition (Detention),1,3,1,0,1,1,1,0,1,1,1,0,0.91,1,70,1,1,0.0248,7,1.2743,53.17,1,87890.84,0.0256,0,0,1,0,4,0.0978,0.0608,2,1,1
NCRB-SYNTH-111851,High Court,Writ Petition (Detention),1,1,2,0,1,1,0,1,1,1,1,1,0.6673,1,128,0,0,0.0999,2,1.1128,62.13,0,101544.82,0.0716,1,1,0,0,1,0.0678,0.0979,2,1,0
NCRB-SYNTH-111873,High Court,Writ Petition (Detention),1,1,1,0,1,1,1,0,1,1,1,1,0.8969,1,146,0,0,0.1135,9,1.2219,51.34,0,49508.2,0.1936,1,1,0,1,1,0.056,0.0807,2,1,1
NCRB-SYNTH-111882,High Court,Sec 482 CrPC (Quashing),2,3,1,0,1,1,0,0,1,1,1,0,0.6654,1,161,0,1,0.1527,9,1.0344,45.2,1,77336.27,0.1349,1,1,0,1,4,0.0612,0.038,2,1,0
NCRB-SYNTH-111887,Trial Court,Trial Judgment,2,3,1,1,1,1,1,0,1,1,1,1,0.5411,1,82,0,0,0.0352,7,1.0155,98.73,0,91349.86,0.0418,1,1,0,1,38,0.1086,0.0297,4,1,0
NCRB-SYNTH-111888,High Court,Trial Judgment,1,2,2,0,1,1,0,0,1,1,1,1,0.6002,1,158,0,0,0.0758,4,1.0921,107.02,0,79663.22,0.1865,1,1,0,0,45,0.0985,0.0257,4,1,0
NCRB-SYNTH-111895,Trial Court,Writ Petition (Detention),4,3,2,0,1,1,1,1,1,1,1,1,0.8949,1,30,0,0,0.0653,3,1.169,46.71,0,127240.31,0.0171,1,1,0,1,4,0.0539,0.0335,2,1,1
NCRB-SYNTH-111896,Trial Court,Writ Petition (Detention),2,1,2,0,1,1,1,0,1,1,1,1,0.4535,1,13,0,1,0.0714,2,1.0174,161.24,0,34056.57,0.0708,1,1,0,0,3,0.0337,0.0243,2,1,0
NCRB-SYNTH-111913,High Court,Writ Petition (Detention),2,5,1,0,1,1,0,0,1,1,1,0,0.3847,1,41,0,1,0.0767,5,1.2034,61.07,0,98182.67,0.1323,1,1,0,1,4,0.1884,0.117,5,1,0
NCRB-SYNTH-111919,Supreme Court,Sec 439 CrPC (Regular Bail),7,4,1,1,1,1,0,0,1,1,1,1,0.5913,0,123,0,1,0.1057,7,1.2007,43.68,0,46407.12,0.116,1,1,0,0,3,0.017,0.0123,2,1,0
NCRB-SYNTH-111922,Trial Court,Writ Petition (Detention),2,5,2,0,1,1,1,1,1,1,1,1,0.8404,1,149,0,0,0.1116,3,1.0,141.18,1,75975.69,0.0752,1,1,0,1,28,0.2997,0.089,4,1,1
NCRB-SYNTH-111925,Trial Court,Writ Petition (Detention),4,4,1,0,1,1,1,1,1,1,1,0,0.7034,0,147,0,0,0.113,1,1.2556,136.58,0,32740.08,0.0324,1,1,0,1,3,0.0113,0.0081,2,1,1
NCRB-SYNTH-111930,Trial Court,Sec 482 CrPC (Quashing),1,2,2,0,1,1,1,1,1,1,1,1,0.6793,1,161,0,0,0.0466,3,1.2625,44.22,1,104439.37,0.1529,1,1,0,0,3,0.0831,0.06,2,1,0
NCRB-SYNTH-111943,Trial Court,Writ Petition (Detention),2,4,1,0,1,1,1,0,1,1,1,1,0.5509,1,30,0,1,0.0841,5,1.1688,50.16,1,51245.17,0.1405,1,1,0,1,20,0.2522,0.0828,4,1,0
NCRB-SYNTH-111947,High Court,Writ Petition (Detention),1,5,1,0,1,1,1,0,1,1,1,1,0.7683,1,81,0,1,0.0316,5,1.081,140.5,0,145234.61,0.1858,1,1,0,1,9,0.1272,0.0553,5,1,1
NCRB-SYNTH-111948,High Court,Writ Petition (Detention),2,5,2,0,1,1,1,0,1,1,1,0,0.7756,0,92,1,1,0.1368,2,1.0535,53.44,0,93518.67,0.0475,1,1,0,1,4,0.1747,0.1086,5,1,1
NCRB-SYNTH-111963,High Court,Writ Petition (Detention),45,2,2,0,1,1,0,0,1,1,1,1,0.7945,1,40,0,0,0.0391,2,1.1519,80.05,0,104917.8,0.1683,1,1,0,0,4,0.0802,0.0498,5,1,1
NCRB-SYNTH-111969,High Court,Sec 482 CrPC (Quashing),27,1,2,0,1,1,1,0,1,1,1,1,0.7767,1,71,1,0,0.0509,4,1.3287,121.4,0,107439.3,0.0177,0,0,1,1,3,0.0283,0.0204,2,1,1
NCRB-SYNTH-111972,Trial Court,Trial Judgment,2,3,2,0,1,1,1,0,1,1,1,0,0.6508,1,54,1,1,0.057,7,1.1129,32.96,1,43516.55,0.1835,1,1,0,1,4,0.0944,0.0586,2,1,0
NCRB-SYNTH-111980,Trial Court,Writ Petition (Detention),1,3,2,0,1,1,0,1,1,1,1,1,0.8472,1,137,0,0,0.1316,5,1.1221,154.34,0,93446.43,0.1742,1,1,0,1,2,0.0502,0.0457,2,1,1
NCRB-SYNTH-111987,Trial Court,Writ Petition (Detention),21,2,2,1,1,1,1,0,1,1,1,0,0.4126,1,170,1,1,0.0076,4,1.0109,48.86,1,133194.41,0.0058,1,1,0,1,7,0.1592,0.0766,5,1,0
NCRB-SYNTH-111998,High Court,Trial Judgment,2,5,2,0,1,1,1,0,1,1,1,0,0.8065,0,34,0,1,0.0437,7,1.007,140.43,0,142451.13,0.09,1,1,0,1,6,0.1509,0.0775,5,1,1
NCRB-SYNTH-112000,High Court,Sec 439 CrPC (Regular Bail),15,3,2,0,1,1,1,0,1,1,1,0,0.8253,1,102,0,1,0.0807,5,1.0281,58.51,0,28677.76,0.1862,1,1,0,1,7,0.1357,0.0653,5,1,1
NCRB-SYNTH-112003,High Court,Writ Petition (Detention),1,1,1,0,1,1,1,0,1,1,1,1,0.5785,1,140,0,0,0.0322,2,1.1142,124.5,0,139326.71,0.005,1,1,0,1,3,0.0678,0.0489,2,1,0
NCRB-SYNTH-112012,Trial Court,Sec 439 CrPC (Regular Bail),1,3,1,0,1,1,1,1,1,1,1,1,0.5728,0,28,0,0,0.0552,7,1.0,40.72,0,41818.29,0.0275,1,1,0,0,1,0.0688,0.0993,2,1,0
NCRB-SYNTH-112015,Trial Court,Writ Petition (Detention),4,4,2,0,1,1,0,1,1,1,1,1,0.585,1,31,0,1,0.0549,9,1.1272,164.65,1,24676.57,0.1487,1,1,0,1,4,0.0426,0.0265,2,1,0
NCRB-SYNTH-112030,High Court,Sec 439 CrPC (Regular Bail),2,5,2,0,1,1,1,1,1,1,1,1,0.8754,0,19,0,1,0.0935,9,1.1341,121.84,0,83504.88,0.1148,0,0,1,1,2,0.0802,0.073,2,1,1
NCRB-SYNTH-112032,Trial Court,Trial Judgment,15,1,1,0,1,1,1,1,1,1,1,1,0.5516,1,67,1,1,0.0014,3,1.1896,48.2,0,54709.53,0.0953,1,1,0,0,9,0.0584,0.0254,5,1,0
NCRB-SYNTH-112037,High Court,Sec 482 CrPC (Quashing),1,1,1,0,1,1,1,0,1,1,1,0,0.8318,1,148,1,0,0.097,6,1.0,80.61,0,146002.2,0.1265,1,1,0,1,3,0.0741,0.0535,2,1,1
NCRB-SYNTH-112040,Trial Court,Sec 482 CrPC (Quashing),4,2,2,0,1,1,1,1,1,1,1,1,0.5035,1,133,0,0,0.0896,1,1.0002,108.05,0,59048.82,0.0033,1,1,0,1,4,0.0117,0.0073,2,1,0
NCRB-SYNTH-112051,Trial Court,Writ Petition (Detention),4,1,1,0,1,1,0,0,1,1,1,0,0.586,1,15,0,0,0.0687,2,1.1211,155.64,1,123111.28,0.067,1,1,0,1,7,0.1325,0.0637,5,1,0
NCRB-SYNTH-112052,High Court,Sec 439 CrPC (Regular Bail),1,1,1,0,1,1,1,1,1,1,1,1,0.5984,1,78,0,0,0.1451,1,1.2345,177.96,0,27130.14,0.0203,1,1,0,1,7,0.2404,0.1156,5,1,0
NCRB-SYNTH-112067,Trial Court,Sec 482 CrPC (Quashing),1,3,1,0,1,1,1,1,1,1,1,0,0.8781,1,159,1,1,0.1013,7,1.1816,86.06,1,39800.83,0.0788,1,1,0,1,2,0.0887,0.0807,2,1,1
NCRB-SYNTH-112070,High Court,Sec 439 CrPC (Regular Bail),1,1,2,0,1,1,0,1,1,1,1,1,0.4748,1,98,1,1,0.0163,7,1.0,96.5,0,30833.02,0.0084,1,1,0,1,3,0.0832,0.06,2,1,0
NCRB-SYNTH-112084,High Court,Writ Petition (Detention),4,2,2,0,1,1,1,1,1,1,1,0,0.8884,1,101,0,1,0.0652,5,1.1816,151.79,0,65573.29,0.0244,0,0,1,1,1,0.052,0.0751,2,1,1
NCRB-SYNTH-112086,Trial Court,Sec 482 CrPC (Quashing),7,2,1,0,1,1,1,0,1,1,1,1,0.4643,1,88,1,1,0.1319,7,1.1086,51.48,0,73304.37,0.0626,0,0,1,0,4,0.0767,0.0477,2,1,0
NCRB-SYNTH-112091,High Court,Sec 482 CrPC (Quashing),1,3,2,0,1,1,1,1,1,1,1,0,0.5168,0,89,0,0,0.1215,1,1.0191,118.71,0,124096.04,0.1367,1,1,0,1,3,0.043,0.031,2,1,0
NCRB-SYNTH-112092,Trial Court,Writ Petition (Detention),1,5,2,0,1,1,1,0,1,1,1,1,0.5805,1,104,0,0,0.0,7,1.0659,65.35,0,16852.56,0.0817,0,0,1,1,8,0.1074,0.0489,5,1,0
NCRB-SYNTH-112102,Trial Court,Writ Petition (Detention),1,2,2,1,1,1,1,0,1,1,1,1,0.6648,1,71,0,1,0.0369,9,1.2341,128.05,0,124871.36,0.0298,1,1,0,0,4,0.1416,0.088,5,1,0
NCRB-SYNTH-112105,High Court,Writ Petition (Detention),1,5,1,0,1,1,0,0,1,1,1,1,0.5936,1,73,0,0,0.148,6,1.0,158.58,0,117687.85,0.0178,1,1,0,0,11,0.2475,0.0996,5,1,0
NCRB-SYNTH-112108,Trial Court,Sec 439 CrPC (Regular Bail),1,2,1,0,1,1,1,0,1,1,1,1,0.4694,0,151,0,1,0.0365,3,1.2297,113.11,0,86588.6,0.1864,0,0,1,0,4,0.0711,0.0442,2,1,0
NCRB-SYNTH-112113,Trial Court,Sec 439 CrPC (Regular Bail),15,5,2,0,1,1,1,0,1,1,1,1,0.7491,1,83,0,0,0.047,5,1.0522,169.39,0,82611.95,0.1987,1,1,0,1,35,0.2269,0.0633,4,1,1
NCRB-SYNTH-112121,High Court,Sec 439 CrPC (Regular Bail),2,1,1,0,1,1,0,1,1,1,1,1,0.6966,1,44,0,0,0.1098,8,1.3079,79.4,0,93287.53,0.1064,1,1,0,1,12,0.2328,0.0908,4,1,0
NCRB-SYNTH-112125,Trial Court,Writ Petition (Detention),1,3,2,0,1,1,0,1,1,1,1,0,0.5572,1,58,0,0,0.0526,2,1.3127,33.93,0,109961.59,0.006,1,1,0,0,44,0.2716,0.0714,4,1,0
NCRB-SYNTH-112127,High Court,Trial Judgment,2,4,2,0,1,1,1,0,1,1,1,1,0.8465,1,153,0,0,0.0524,9,1.0,63.22,0,36453.97,0.0477,1,1,0,1,2,0.0184,0.0168,2,1,1
NCRB-SYNTH-112132,High Court,Sec 439 CrPC (Regular Bail),1,2,1,0,1,1,0,1,1,1,1,1,0.7576,1,161,0,1,0.0027,5,1.1853,164.5,0,139382.59,0.1567,1,1,0,1,1,0.0712,0.1027,2,1,1
NCRB-SYNTH-112133,Trial Court,Writ Petition (Detention),1,2,1,0,1,1,1,1,1,1,1,1,0.7067,1,165,0,1,0.1058,2,1.3103,168.82,0,79010.99,0.1687,0,0,1,1,4,0.0947,0.0588,2,1,1
NCRB-SYNTH-112136,Trial Court,Writ Petition (Detention),2,5,1,0,1,1,1,1,1,1,1,1,0.8696,1,171,0,0,0.1298,1,1.0,41.44,0,125642.35,0.0265,1,1,0,1,10,0.0502,0.0209,5,1,1
NCRB-SYNTH-112150,Trial Court,Writ Petition (Detention),2,5,1,0,1,1,1,1,1,1,1,1,0.7001,1,58,0,0,0.0775,6,1.0,95.67,1,20206.1,0.0634,1,1,0,1,2,0.0124,0.0113,2,1,1
NCRB-SYNTH-112156,Trial Court,Trial Judgment,1,2,1,1,1,1,0,1,1,1,1,1,0.4571,1,33,0,0,0.0403,1,1.0088,168.78,0,109298.89,0.1527,0,0,1,0,3,0.0594,0.0428,2,1,0
NCRB-SYNTH-112164,High Court,Writ Petition (Detention),1,1,2,0,1,1,0,1,1,1,1,1,0.4716,1,101,0,0,0.0743,8,1.0302,54.38,0,138063.07,0.0185,0,0,1,1,2,0.0921,0.0838,2,1,0
NCRB-SYNTH-112165,High Court,Writ Petition (Detention),4,5,2,0,1,1,1,1,1,1,1,1,0.5746,1,134,1,1,0.0897,9,1.0,121.03,0,144093.02,0.0243,1,1,0,1,18,0.3023,0.1027,4,1,0
NCRB-SYNTH-112181,Trial Court,Writ Petition (Detention),1,3,2,0,1,1,0,0,1,1,1,1,0.9001,1,47,0,0,0.1621,6,1.0653,168.04,1,144275.52,0.1739,1,1,0,1,3,0.0685,0.0494,2,1,1
NCRB-SYNTH-112192,High Court,Sec 439 CrPC (Regular Bail),1,1,2,0,1,1,0,0,1,1,1,1,0.5885,1,73,0,0,0.0496,6,1.0549,111.87,0,75808.26,0.0084,1,1,0,0,3,0.0579,0.0418,2,1,0
NCRB-SYNTH-112195,Supreme Court,Writ Petition (Detention),2,1,2,0,1,1,1,0,1,1,1,1,0.665,1,59,0,0,0.1137,9,1.2538,158.17,0,133017.79,0.0029,1,1,0,1,10,0.2135,0.0891,5,1,0
NCRB-SYNTH-112199,Trial Court,Writ Petition (Detention),4,4,2,0,1,1,1,0,1,1,1,1,0.8991,1,88,1,1,0.0467,5,1.0,130.72,0,106912.91,0.1069,1,1,0,0,4,0.1824,0.1133,5,1,1
NCRB-SYNTH-112201,High Court,Sec 482 CrPC (Quashing),2,3,2,0,1,1,0,0,1,1,1,1,0.5364,1,177,1,1,0.1565,6,1.0766,56.94,0,33456.4,0.1145,1,1,0,0,17,0.1252,0.0433,4,1,0
NCRB-SYNTH-112210,High Court,Sec 482 CrPC (Quashing),1,5,2,0,1,1,1,0,1,1,1,1,0.7145,0,38,0,0,0.0695,1,1.0,126.76,1,77764.8,0.1205,1,1,0,1,3,0.0127,0.0092,2,1,1
NCRB-SYNTH-112220,Trial Court,Sec 482 CrPC (Quashing),7,4,1,0,1,1,0,0,1,1,1,1,0.4897,1,56,0,0,0.097,7,1.0932,128.95,0,96657.27,0.0634,1,1,0,0,3,0.0577,0.0416,2,1,0
NCRB-SYNTH-112227,Trial Court,Sec 482 CrPC (Quashing),1,2,2,0,1,1,1,0,1,1,1,0,0.8322,1,176,0,0,0.1231,7,1.3147,87.38,0,75680.97,0.1195,1,1,0,0,10,0.0746,0.0311,5,1,1
NCRB-SYNTH-112230,High Court,Sec 439 CrPC (Regular Bail),15,5,2,0,1,1,1,0,1,1,1,1,0.6698,1,125,1,1,0.0995,7,1.0656,77.68,0,32412.03,0.124,0,0,1,1,11,0.1511,0.0608,5,1,0
NCRB-SYNTH-112234,Trial Court,Sec 439 CrPC (Regular Bail),1,5,1,0,1,1,1,0,1,1,1,0,0.7952,0,148,0,0,0.0863,7,1.2529,129.95,1,112849.88,0.0398,1,1,0,0,2,0.0193,0.0175,2,1,1
NCRB-SYNTH-112239,Trial Court,Sec 439 CrPC (Regular Bail),4,4,1,0,1,1,0,0,1,1,1,1,0.663,0,65,1,1,0.1168,5,1.0873,155.37,1,106307.31,0.0498,1,1,0,1,11,0.0887,0.0357,5,1,0
NCRB-SYNTH-112249,High Court,Writ Petition (Detention),1,4,2,0,1,1,1,1,1,1,1,0,0.4457,0,121,0,0,0.0468,7,1.0,159.69,0,115983.41,0.186,1,1,0,0,8,0.0727,0.0331,5,1,0
NCRB-SYNTH-112257,High Court,Sec 439 CrPC (Regular Bail),2,3,1,0,1,1,1,1,1,1,1,1,0.7861,1,165,1,1,0.0779,3,1.1506,143.43,1,72717.13,0.0174,1,1,0,0,9,0.1387,0.0602,5,1,1
NCRB-SYNTH-112275,Trial Court,Writ Petition (Detention),2,2,2,0,1,1,1,1,1,1,1,1,0.7884,0,176,1,1,0.1126,5,1.0391,161.33,0,55993.74,0.0094,0,0,1,0,4,0.0963,0.0598,5,1,1
NCRB-SYNTH-112283,Trial Court,Writ Petition (Detention),21,4,2,0,1,1,1,0,1,1,1,1,0.5274,1,43,0,0,0.0773,8,1.1737,53.33,0,104161.12,0.163,1,1,0,1,15,0.2951,0.1064,4,1,0
NCRB-SYNTH-112285,Trial Court,Trial Judgment,1,2,2,0,1,1,1,0,1,1,1,0,0.9203,1,164,0,0,0.1129,6,1.0243,62.62,0,99804.95,0.1165,1,1,0,1,1,0.091,0.1312,2,1,1
NCRB-SYNTH-112288,Trial Court,Sec 439 CrPC (Regular Bail),15,5,1,0,1,1,1,1,1,1,1,1,0.5307,1,72,0,0,0.0372,8,1.2948,113.26,1,110628.83,0.1176,1,1,0,0,1,0.04,0.0578,2,1,0
NCRB-SYNTH-112295,Trial Court,Sec 482 CrPC (Quashing),2,4,1,0,1,1,1,0,1,1,1,1,0.6826,1,61,1,1,0.0505,3,1.0331,113.21,0,110396.9,0.0817,1,1,0,1,30,0.2917,0.0849,4,1,0
NCRB-SYNTH-112303,Trial Court,Sec 439 CrPC (Regular Bail),1,2,2,0,1,1,1,0,1,1,1,0,0.6154,1,16,1,1,0.0741,7,1.1787,127.71,0,88070.37,0.1593,1,1,0,0,3,0.0731,0.0528,2,1,0
NCRB-SYNTH-112306,Trial Court,Trial Judgment,7,5,1,0,1,1,1,1,1,1,1,0,0.7393,1,162,0,0,0.153,1,1.0,50.08,0,50284.21,0.0402,1,1,0,0,4,0.0852,0.053,2,1,1
NCRB-SYNTH-112314,Trial Court,Sec 439 CrPC (Regular Bail),1,2,1,0,1,1,1,0,1,1,1,1,0.4115,1,67,0,0,0.0733,7,1.0452,87.93,0,108483.69,0.1005,1,1,0,1,7,0.1231,0.0592,5,1,0
NCRB-SYNTH-112316,Trial Court,Sec 439 CrPC (Regular Bail),2,2,1,0,1,1,1,0,1,1,1,1,0.693,1,20,0,0,0.0568,9,1.0,44.87,1,83839.3,0.0646,1,1,0,0,3,0.0231,0.0167,2,1,0
NCRB-SYNTH-112325,Trial Court,Sec 439 CrPC (Regular Bail),2,2,2,0,1,1,0,1,1,1,1,1,0.7484,1,142,0,0,0.0852,6,1.0741,151.98,0,48772.43,0.1358,0,0,1,1,4,0.0855,0.0531,2,1,1
NCRB-SYNTH-112335,Trial Court,Writ Petition (Detention),15,2,2,1,1,1,1,0,1,1,1,1,0.7327,1,43,0,0,0.0832,9,1.0145,32.26,1,148695.63,0.0379,0,0,1,0,3,0.048,0.0346,2,1,1
NCRB-SYNTH-112342,Trial Court,Writ Petition (Detention),2,4,1,0,1,1,1,0,1,1,1,1,0.6331,1,127,0,0,0.1206,2,1.0985,69.78,0,89706.99,0.1199,1,1,0,1,24,0.2525,0.0785,4,1,0
NCRB-SYNTH-112343,High Court,Sec 439 CrPC (Regular Bail),4,1,2,0,1,1,0,0,1,1,1,1,0.8042,1,108,0,0,0.0,8,1.0869,98.2,0,19151.44,0.046,0,0,1,1,4,0.0459,0.0285,2,1,1
NCRB-SYNTH-112353,Trial Court,Writ Petition (Detention),1,4,2,0,1,1,1,0,1,1,1,1,0.7478,1,152,0,0,0.0565,8,1.1117,152.47,1,18058.55,0.032,1,1,0,1,8,0.1665,0.0758,5,1,1
NCRB-SYNTH-112354,High Court,Writ Petition (Detention),2,3,2,0,1,1,0,1,1,1,1,1,0.6712,1,33,0,0,0.089,6,1.0773,53.67,0,94606.88,0.1386,1,1,0,1,3,0.0824,0.0594,2,1,0
NCRB-SYNTH-112356,High Court,Writ Petition (Detention),15,5,2,0,1,1,0,1,1,1,1,1,0.868,1,133,0,1,0.0675,7,1.0,148.63,0,69028.55,0.1788,1,1,0,1,4,0.042,0.0261,2,1,1
NCRB-SYNTH-112362,Trial Court,Writ Petition (Detention),1,4,2,1,1,1,1,0,1,1,1,1,0.5838,1,162,0,0,0.0915,5,1.2563,153.85,0,135709.43,0.1848,1,1,0,0,31,0.3002,0.0866,4,1,0
NCRB-SYNTH-112369,High Court,Trial Judgment,4,4,2,0,1,1,0,0,1,1,1,1,0.9441,1,107,1,1,0.0578,2,1.2201,170.84,0,24292.5,0.0245,0,0,1,1,16,0.224,0.0791,4,1,1
NCRB-SYNTH-112374,Trial Court,Sec 439 CrPC (Regular Bail),2,2,1,0,1,1,0,1,1,1,1,1,0.4296,1,96,0,0,0.1022,7,1.3671,108.7,0,38850.84,0.093,1,1,0,1,4,0.0869,0.054,2,1,0
NCRB-SYNTH-112381,Trial Court,Sec 482 CrPC (Quashing),45,4,1,0,1,1,0,0,1,1,1,1,0.698,1,129,1,1,0.0327,9,1.1498,142.64,0,120237.8,0.018,1,1,0,0,4,0.0708,0.044,2,1,0
NCRB-SYNTH-112386,Trial Court,Trial Judgment,1,4,1,0,1,1,1,1,1,1,1,1,0.7464,1,106,0,0,0.0923,2,1.1393,54.66,1,139638.64,0.009,1,1,0,0,1,0.0617,0.089,2,1,1
NCRB-SYNTH-112390,Trial Court,Trial Judgment,1,4,2,0,1,1,0,0,1,1,1,0,0.7843,1,135,1,1,0.1019,8,1.0755,94.24,0,45298.14,0.0811,0,0,1,1,1,0.0736,0.1062,2,1,1
NCRB-SYNTH-112400,Trial Court,Sec 482 CrPC (Quashing),15,4,2,0,1,1,0,1,1,1,1,1,0.9819,1,42,0,1,0.0915,5,1.2719,35.25,0,61031.45,0.1499,1,1,0,1,7,0.1182,0.0569,5,1,1
NCRB-SYNTH-112404,Trial Court,Trial Judgment,2,5,2,0,1,1,1,1,1,1,1,1,0.8114,0,124,0,1,0.0882,6,1.0933,121.06,0,48135.05,0.0696,1,1,0,0,14,0.1174,0.0434,4,1,1
NCRB-SYNTH-112408,High Court,Sec 482 CrPC (Quashing),2,3,1,0,1,1,0,1,1,1,1,1,0.6965,1,93,0,1,0.0883,9,1.398,90.02,1,42660.92,0.1419,1,1,0,1,4,0.0325,0.0202,2,1,0
NCRB-SYNTH-112413,High Court,Writ Petition (Detention),2,1,2,0,1,1,1,1,1,1,1,1,0.4958,1,64,0,0,0.0039,2,1.1922,153.39,0,102503.3,0.0532,1,1,0,1,4,0.0767,0.0476,2,1,0
NCRB-SYNTH-112429,Trial Court,Writ Petition (Detention),2,2,2,0,1,1,1,0,1,1,1,0,0.6142,1,84,1,1,0.1501,9,1.1781,47.46,1,129909.09,0.0927,1,1,0,0,11,0.1958,0.0788,5,1,0
NCRB-SYNTH-112435,Trial Court,Sec 439 CrPC (Regular Bail),2,4,2,0,1,1,0,0,1,1,1,0,0.7344,1,29,0,0,0.1292,9,1.1413,175.21,0,60920.57,0.0698,0,0,1,0,8,0.1262,0.0574,5,1,1
NCRB-SYNTH-112438,Trial Court,Sec 482 CrPC (Quashing),2,2,2,0,1,1,0,0,1,1,1,1,0.6881,1,76,0,0,0.058,3,1.059,137.51,1,22700.67,0.1051,0,0,1,1,33,0.2767,0.0785,4,1,0
NCRB-SYNTH-112440,Trial Court,Sec 439 CrPC (Regular Bail),4,2,2,0,1,1,1,1,1,1,1,1,0.4288,1,19,0,0,0.0,2,1.2089,33.16,0,106254.34,0.0211,1,1,0,1,15,0.1925,0.0694,4,1,0
NCRB-SYNTH-112444,High Court,Sec 439 CrPC (Regular Bail),7,5,2,0,1,1,0,0,1,1,1,1,0.6354,1,132,0,0,0.0225,4,1.1119,40.25,0,78283.89,0.1989,1,1,0,1,1,0.0528,0.0762,2,1,0
NCRB-SYNTH-112450,Trial Court,Writ Petition (Detention),27,2,1,0,1,1,1,0,1,1,1,1,0.6263,1,45,1,1,0.0148,8,1.0,30.16,0,95719.44,0.1627,0,0,1,0,2,0.0565,0.0514,2,1,0
NCRB-SYNTH-112455,Trial Court,Writ Petition (Detention),1,2,2,0,1,1,1,0,1,1,1,1,0.5032,1,32,0,0,0.0718,6,1.0546,111.27,0,135344.07,0.0163,0,0,1,1,18,0.3184,0.1081,4,1,0
NCRB-SYNTH-112457,High Court,Sec 482 CrPC (Quashing),1,1,2,0,1,1,1,0,1,1,1,0,0.4826,1,83,0,0,0.0769,6,1.0,132.08,0,113594.19,0.1436,1,1,0,1,11,0.2104,0.0847,5,1,0
NCRB-SYNTH-112460,High Court,Writ Petition (Detention),1,2,1,0,1,1,1,1,1,1,1,1,0.636,1,149,0,0,0.0424,6,1.2022,50.22,1,46199.04,0.0079,0,0,1,1,7,0.1598,0.0768,5,1,0
NCRB-SYNTH-112465,Trial Court,Sec 439 CrPC (Regular Bail),2,4,1,0,1,1,1,0,1,1,1,0,0.4139,0,167,1,1,0.0127,2,1.1158,73.63,1,34839.63,0.0854,1,1,0,0,34,0.2353,0.0662,4,1,0
NCRB-SYNTH-112466,Trial Court,Sec 482 CrPC (Quashing),1,2,1,0,1,1,0,0,1,1,1,1,0.4957,1,136,1,1,0.0996,3,1.1756,131.73,0,37120.23,0.1994,0,0,1,1,32,0.1715,0.0491,4,1,0
NCRB-SYNTH-112467,Trial Court,Sec 482 CrPC (Quashing),7,1,1,1,1,1,1,1,1,1,1,1,0.5302,0,100,1,1,0.0747,1,1.1112,131.74,1,76329.47,0.0349,1,1,0,1,1,0.0366,0.0528,2,1,0
NCRB-SYNTH-112473,Trial Court,Writ Petition (Detention),1,4,1,0,1,1,1,0,1,1,1,1,0.5493,1,123,0,0,0.1104,1,1.2903,104.16,1,71252.16,0.0292,0,0,1,1,11,0.1661,0.0668,5,1,0
NCRB-SYNTH-112474,Trial Court,Sec 439 CrPC (Regular Bail),1,1,1,0,1,1,1,0,1,1,1,0,0.3469,0,21,0,0,0.0386,3,1.0,37.94,0,53584.28,0.0394,1,1,0,0,1,0.0625,0.0902,2,1,0
NCRB-SYNTH-112476,Trial Court,Sec 439 CrPC (Regular Bail),2,2,2,0,1,1,0,1,1,1,1,1,0.8063,1,72,0,0,0.0684,7,1.1308,70.81,0,127799.0,0.0359,0,0,1,1,7,0.1675,0.0806,5,1,1
NCRB-SYNTH-112477,High Court,Trial Judgment,2,5,1,0,1,1,0,0,1,1,1,0,0.3716,1,164,1,1,0.076,4,1.1651,143.16,0,121583.05,0.0845,1,1,0,0,43,0.2104,0.0556,4,1,0
NCRB-SYNTH-112479,Trial Court,Sec 439 CrPC (Regular Bail),2,5,2,0,1,1,1,1,1,1,1,0,0.5167,1,126,1,1,0.0298,3,1.1304,110.33,0,139072.89,0.1379,1,1,0,1,8,0.1302,0.0593,5,1,0
NCRB-SYNTH-112483,Trial Court,Sec 482 CrPC (Quashing),2,1,2,0,1,1,1,1,1,1,1,1,0.7054,1,65,1,1,0.1037,6,1.143,47.83,0,107139.04,0.1228,1,1,0,0,11,0.0924,0.0372,5,1,1
NCRB-SYNTH-112486,Trial Court,Writ Petition (Detention),1,3,1,0,1,1,1,0,1,1,1,1,0.6839,1,53,0,0,0.0765,2,1.1897,59.8,0,15443.16,0.0775,1,1,0,1,31,0.2622,0.0757,4,1,0
NCRB-SYNTH-112489,Trial Court,Sec 439 CrPC (Regular Bail),1,3,2,0,1,1,1,0,1,1,1,0,0.5783,0,153,0,1,0.0334,3,1.0,88.89,0,22113.81,0.0622,1,1,0,1,27,0.111,0.0333,4,1,0
NCRB-SYNTH-112492,High Court,Trial Judgment,1,2,2,0,1,1,1,0,1,1,1,1,0.6691,1,23,0,1,0.0453,4,1.232,49.83,0,53123.43,0.1282,0,0,1,1,2,0.0848,0.0772,2,1,0
NCRB-SYNTH-112493,Trial Court,Writ Petition (Detention),2,4,2,0,1,1,1,0,1,1,1,1,0.5066,1,156,0,0,0.1737,5,1.0,62.94,0,108533.57,0.1436,1,1,0,1,8,0.1456,0.0663,5,1,0
